x_m,y_m,along_m,lateral_m,expected_area_m2,mc_se_m2,no_signal_probability,within_5pct,guaranteed_reception,certificate_margin_m
-250.0,-1000.0,-250.0,-1000.0,31989.424,223.76683,0.81034607,False,False,-1028.4829283676863
-229.99999999999997,-1000.0,-229.99999999999997,-1000.0,31507.898,229.64423,0.7977092,False,False,-1011.2563558556525
-210.00000000000003,-1000.0,-210.00000000000003,-1000.0,31005.852,235.25659,0.784526,False,False,-994.0815598315874
-190.00000000000003,-1000.0,-190.00000000000003,-1000.0,30486.54,240.62422,0.77088404,False,False,-976.9598897172882
-170.0,-1000.0,-170.0,-1000.0,29950.102,245.7244,0.7567873,False,False,-959.8927378409282
-150.0,-1000.0,-150.0,-1000.0,29398.732,250.5602,0.7422937,False,False,-942.8815409417597
-130.0,-1000.0,-130.0,-1000.0,28820.855,254.8803,0.7270874,False,False,-925.9277817256917
-110.0,-1000.0,-110.0,-1000.0,28223.477,258.7862,0.7113596,False,False,-909.0329904727836
-90.0,-1000.0,-90.0,-1000.0,27608.762,262.28125,0.69516885,False,False,-892.1987466976283
-70.0,-1000.0,-70.0,-1000.0,26981.438,265.42755,0.6786444,False,False,-875.4266808635023
-50.0,-1000.0,-50.0,-1000.0,26339.338,268.13907,0.66172576,False,False,-858.7184761510573
-30.0,-1000.0,-30.0,-1000.0,25686.055,270.4586,0.6445104,False,False,-842.0758702822002
-10.0,-1000.0,-10.0,-1000.0,25018.066,272.26706,0.62690043,False,False,-825.5006573996466
10.0,-1000.0,10.0,-1000.0,24331.8,273.42987,0.6087973,False,False,-808.994690002477
30.0,-1000.0,30.0,-1000.0,23626.453,273.88556,0.5901779,False,False,-792.5598809378098
50.0,-1000.0,50.0,-1000.0,22908.742,273.76492,0.5712269,False,False,-776.1982054484776
70.0,-1000.0,70.0,-1000.0,22167.53,272.7077,0.5516349,False,False,-759.9117032763345
90.0,-1000.0,90.0,-1000.0,21405.928,270.75323,0.53148746,False,False,-743.7024808205168
110.0,-1000.0,110.0,-1000.0,20629.426,268.00287,0.51093745,False,False,-727.572713349641
130.0,-1000.0,130.0,-1000.0,19837.047,264.3633,0.48995548,False,False,-711.5246472665411
150.0,-1000.0,150.0,-1000.0,19029.953,259.81076,0.46857423,False,False,-695.5606024237159
170.0,-1000.0,170.0,-1000.0,18211.152,254.37889,0.44687596,False,False,-679.682974487177
190.00000000000003,-1000.0,190.00000000000003,-1000.0,17370.586,247.59166,0.42457995,False,False,-663.8942373458437
210.00000000000003,-1000.0,210.00000000000003,-1000.0,16512.473,239.51338,0.40180027,False,False,-648.1969455630367
229.99999999999997,-1000.0,229.99999999999997,-1000.0,15644.2295,230.38507,0.37874627,False,False,-632.593736865954
250.0,-1000.0,250.0,-1000.0,14763.481,219.94926,0.35534674,False,False,-617.0873346682785
270.0,-1000.0,270.0,-1000.0,13867.605,207.99603,0.33152926,False,False,-601.6805506202458
290.0,-1000.0,290.0,-1000.0,12956.334,194.37126,0.30728665,False,False,-586.376287179618
310.0,-1000.0,310.0,-1000.0,12037.391,179.4611,0.28283614,False,False,-571.1775401960169
330.0,-1000.0,330.0,-1000.0,11117.694,163.72923,0.25836957,False,False,-556.0874015000003
350.0,-1000.0,350.0,-1000.0,10195.164,147.07869,0.23382968,False,False,-541.1090614870965
370.0,-1000.0,370.0,-1000.0,9257.018,129.35046,0.20886658,False,False,-526.2458116857374
390.0,-1000.0,390.0,-1000.0,8331.592,113.46312,0.18427522,False,False,-511.5010472966509
410.0,-1000.0,410.0,-1000.0,7476.208,102.121,0.16162553,False,False,-496.87826968978646
430.0,-1000.0,430.0,-1000.0,6720.8516,92.867935,0.14175197,False,False,-482.3810888432521
450.0,-1000.0,450.0,-1000.0,6054.4873,84.717384,0.124332905,False,False,-468.0132257070173
470.00000000000006,-1000.0,470.00000000000006,-1000.0,5469.152,77.36457,0.10912607,False,False,-453.7785144723176
490.0,-1000.0,490.0,-1000.0,4958.189,70.665,0.09593293,False,False,-439.6809047257504
510.00000000000006,-1000.0,510.00000000000006,-1000.0,4520.875,64.48925,0.08472019,False,False,-425.72446346500345
530.0,-1000.0,530.0,-1000.0,4146.8403,58.941406,0.07519609,False,False,-411.913376951004
550.0,-1000.0,550.0,-1000.0,3829.6753,54.109604,0.067179635,False,False,-398.2519523690304
570.0,-1000.0,570.0,-1000.0,3563.0881,50.14285,0.060496457,False,False,-384.7446192689905
590.0,-1000.0,590.0,-1000.0,3344.0088,47.124336,0.055058725,False,False,-371.39593075269045
610.0,-1000.0,610.0,-1000.0,3166.4646,45.216232,0.050703406,False,False,-358.2105643734532
630.0,-1000.0,630.0,-1000.0,3025.5903,44.521393,0.047298294,False,False,-345.1933227110039
650.0,-1000.0,650.0,-1000.0,2918.0808,45.05196,0.044753708,False,False,-332.34913358206813
670.0,-1000.0,670.0,-1000.0,2844.7705,46.6699,0.04309024,False,False,-319.68304984473605
690.0,-1000.0,690.0,-1000.0,2803.6995,49.20141,0.042254314,False,False,-307.2002487523174
710.0,-1000.0,710.0,-1000.0,2789.1638,52.537605,0.042094197,False,False,-294.90603081024267
730.0,-1000.0,730.0,-1000.0,2803.1843,56.468704,0.04266266,False,False,-282.8058180875832
750.0,-1000.0,750.0,-1000.0,2842.8035,60.875996,0.043881223,False,False,-270.9051519330505
770.0,-1000.0,770.0,-1000.0,2907.3535,65.64486,0.045731984,False,False,-262.1014222319853
789.9999999999999,-1000.0,789.9999999999999,-1000.0,2994.853,70.70516,0.04816258,False,False,-274.40182046323207
810.0,-1000.0,810.0,-1000.0,3104.26,75.99956,0.051145498,False,False,-286.89548915209116
830.0,-1000.0,830.0,-1000.0,3234.6875,81.48732,0.05465752,False,False,-299.57685421063115
850.0,-1000.0,850.0,-1000.0,3386.439,87.12442,0.05870661,False,False,-312.4404748406688
869.9999999999999,-1000.0,869.9999999999999,-1000.0,3558.4692,92.895355,0.063265584,False,False,-325.48104475318695
890.0000000000001,-1000.0,890.0000000000001,-1000.0,3748.8347,98.80334,0.06828362,False,False,-338.6933928274989
910.0,-1000.0,910.0,-1000.0,3956.8604,104.84252,0.07374324,False,False,-352.0724832641185
930.0,-1000.0,930.0,-1000.0,4182.499,111.00345,0.079643555,False,False,-365.61341528267076
950.0,-1000.0,950.0,-1000.0,4425.07,117.28767,0.0859672,False,False,-379.31142241337216
969.9999999999999,-1000.0,969.9999999999999,-1000.0,4684.4395,123.6913,0.092711106,False,False,-393.1618714277247
990.0,-1000.0,990.0,-1000.0,4960.953,130.20432,0.09988487,False,False,-407.1602609511114
1010.0,-1000.0,1010.0,-1000.0,5254.8945,136.81816,0.107496485,False,False,-421.3022197970424
1030.0,-1000.0,1030.0,-1000.0,5566.246,143.52905,0.11554612,False,False,-435.58350505987636
1050.0,-1000.0,1050.0,-1000.0,5894.9395,150.33401,0.12403269,False,False,-449.9999999999999
1070.0,-1000.0,1070.0,-1000.0,6241.0947,157.22699,0.13296005,False,False,-464.5477117526763
1090.0,-1000.0,1090.0,-1000.0,6605.4277,164.19243,0.14234778,False,False,-479.2227688891218
1110.0,-1000.0,1110.0,-1000.0,6987.2905,171.23596,0.15217969,False,False,-494.02141885583416
1130.0,-1000.0,1130.0,-1000.0,7386.121,178.35722,0.16244185,False,False,-508.94002531578445
1150.0,-1000.0,1150.0,-1000.0,7801.452,185.444,0.17312382,False,False,-523.9750654128171
1170.0,-1000.0,1170.0,-1000.0,8233.856,192.56175,0.184241,False,False,-539.1231269784754
1190.0,-1000.0,1190.0,-1000.0,8681.043,199.63371,0.19573508,False,False,-554.3809056984715
1210.0,-1000.0,1210.0,-1000.0,9139.998,206.47382,0.20752962,False,False,-569.7452022541747
1230.0,-1000.0,1230.0,-1000.0,9612.182,213.22202,0.21966295,False,False,-585.2129194527779
1250.0,-1000.0,1250.0,-1000.0,10096.245,219.86623,0.23210087,False,False,-600.7810593582122
1270.0,-1000.0,1270.0,-1000.0,10592.788,226.43752,0.2448599,False,False,-616.4467204334326
1290.0,-1000.0,1290.0,-1000.0,11099.654,232.83665,0.2578854,False,False,-632.2070947033653
1310.0,-1000.0,1310.0,-1000.0,11613.769,238.90735,0.2710989,False,False,-648.0594649465776
1330.0,-1000.0,1330.0,-1000.0,12136.604,244.79073,0.2845392,False,False,-664.0012019226431
1350.0,-1000.0,1350.0,-1000.0,12663.466,250.29105,0.29808575,False,False,-680.0297616411444
1370.0,-1000.0,1370.0,-1000.0,13198.054,255.5958,0.31183526,False,False,-696.1426826773743
1390.0,-1000.0,1390.0,-1000.0,13742.756,260.79477,0.32585108,False,False,-712.337583538947
1410.0,-1000.0,1410.0,-1000.0,14292.238,265.5711,0.33999616,False,False,-728.6121600868137
1430.0,-1000.0,1430.0,-1000.0,14844.738,269.9542,0.35422516,False,False,-744.9641830135083
1450.0,-1000.0,1450.0,-1000.0,15405.742,274.1153,0.3686823,False,False,-761.3914953808537
1470.0,-1000.0,1470.0,-1000.0,15972.469,278.15805,0.38329485,False,False,-777.8920102188434
1490.0,-1000.0,1490.0,-1000.0,16539.24,281.87192,0.3979156,False,False,-794.4637081869336
1510.0,-1000.0,1510.0,-1000.0,17108.191,285.36115,0.4126011,False,False,-811.1046352985794
1530.0,-1000.0,1530.0,-1000.0,17682.121,288.65747,0.42742598,False,False,-827.8129007094793
1550.0000000000002,-1000.0,1550.0000000000002,-1000.0,18264.613,291.731,0.4424862,False,False,-844.5866745696719
1570.0,-1000.0,1570.0,-1000.0,18850.72,294.54214,0.45765233,False,False,-861.4241859393575
1590.0,-1000.0,1590.0,-1000.0,19441.61,297.09256,0.47295654,False,False,-878.3237207680685
1609.9999999999998,-1000.0,1609.9999999999998,-1000.0,20033.785,299.38605,0.48830712,False,False,-895.2836199366045
1630.0,-1000.0,1630.0,-1000.0,20627.994,301.387,0.5037253,False,False,-912.3022773609824
1650.0000000000002,-1000.0,1650.0000000000002,-1000.0,21221.316,303.15732,0.51913416,False,False,-929.3781381574738
1670.0,-1000.0,1670.0,-1000.0,21814.797,304.72324,0.53456223,False,False,-946.5096968677036
1690.0,-1000.0,1690.0,-1000.0,22405.379,305.89505,0.5499301,False,False,-963.6954957426572
1709.9999999999998,-1000.0,1709.9999999999998,-1000.0,22996.246,306.71783,0.565323,False,False,-980.9341230843592
1730.0,-1000.0,1730.0,-1000.0,23584.562,307.16022,0.58066607,False,False,-998.2242116439286
1750.0,-1000.0,1750.0,-1000.0,24168.738,307.16498,0.5959179,False,False,-1015.5644370746377
-250.0,-980.0,-250.0,-980.0,31397.533,234.59361,0.7947938,False,False,-1018.4389627365267
-229.99999999999997,-980.0,-229.99999999999997,-980.0,30884.576,240.44063,0.78132135,False,False,-1001.1259292167306
-210.00000000000003,-980.0,-210.00000000000003,-980.0,30354.986,246.06744,0.7674079,False,False,-983.8634335241275
-190.00000000000003,-980.0,-190.00000000000003,-980.0,29806.123,251.40242,0.75298184,False,False,-966.6528064619735
-170.0,-980.0,-170.0,-980.0,29243.617,256.49023,0.7381945,False,False,-949.4954217579926
-150.0,-980.0,-150.0,-980.0,28654.227,261.06155,0.722684,False,False,-932.3926976021177
-130.0,-980.0,-130.0,-980.0,28043.672,265.17755,0.7066066,False,False,-915.3460982382809
-110.0,-980.0,-110.0,-980.0,27416.33,268.84183,0.6900804,False,False,-898.3571356115325
-90.0,-980.0,-90.0,-980.0,26775.984,272.12442,0.6732094,False,False,-881.4273710717188
-70.0,-980.0,-70.0,-980.0,26120.227,274.95233,0.6559268,False,False,-864.5584171348603
-50.0,-980.0,-50.0,-980.0,25453.867,277.4003,0.638364,False,False,-847.7519393032907
-30.0,-980.0,-30.0,-980.0,24772.373,279.27896,0.620394,False,False,-831.0096579454976
-10.0,-980.0,-10.0,-980.0,24074.367,280.52234,0.60197854,False,False,-814.3333502364732
10.0,-980.0,10.0,-980.0,23356.059,281.00186,0.58301234,False,False,-797.7248521592288
30.0,-980.0,30.0,-980.0,22626.438,280.87073,0.56374246,False,False,-781.1860605679401
50.0,-980.0,50.0,-980.0,21874.629,279.79843,0.54386646,False,False,-764.7189353129735
70.0,-980.0,70.0,-980.0,21100.955,277.788,0.5233938,False,False,-748.3255014278008
90.0,-980.0,90.0,-980.0,20312.688,274.9736,0.502527,False,False,-732.0078513775243
110.0,-980.0,110.0,-980.0,19507.99,271.2263,0.48121244,False,False,-715.7681473684036
130.0,-980.0,130.0,-980.0,18688.37,266.54846,0.45949295,False,False,-699.6086237174195
150.0,-980.0,150.0,-980.0,17855.617,261.0169,0.4374199,False,False,-683.5315892804736
170.0,-980.0,170.0,-980.0,17001.178,254.17168,0.4147527,False,False,-667.5394299373714
190.00000000000003,-980.0,190.00000000000003,-980.0,16128.248,246.02475,0.391577,False,False,-651.6346111311877
210.00000000000003,-980.0,210.00000000000003,-980.0,15242.195,236.75499,0.36804593,False,False,-635.8196804590312
229.99999999999997,-980.0,229.99999999999997,-980.0,14343.894,226.32434,0.34418184,False,False,-620.0972703105526
250.0,-980.0,250.0,-980.0,13426.778,214.30026,0.3198001,False,False,-604.4701005498108
270.0,-980.0,270.0,-980.0,12494.473,200.66669,0.2950021,False,False,-588.9409812352806
290.0,-980.0,290.0,-980.0,11552.072,185.59969,0.26992983,False,False,-573.512815371884
310.0,-980.0,310.0,-980.0,10606.881,169.55351,0.24478717,False,False,-558.1886016879245
330.0,-980.0,330.0,-980.0,9660.699,152.65498,0.21962461,False,False,-542.9714374286992
350.0,-980.0,350.0,-980.0,8696.421,134.4231,0.19397202,False,False,-527.8645211573579
370.0,-980.0,370.0,-980.0,7740.1865,117.50955,0.16856587,False,False,-512.8711555522564
390.0,-980.0,390.0,-980.0,6850.2812,105.15684,0.14500448,False,False,-497.9947501886098
410.0,-980.0,410.0,-980.0,6065.575,95.08528,0.12436959,False,False,-483.23882429069806
430.0,-980.0,430.0,-980.0,5376.204,86.123276,0.10636838,False,False,-468.6070094391721
450.0,-980.0,450.0,-980.0,4773.6553,77.943504,0.09074207,False,False,-454.10305221620575
470.00000000000006,-980.0,470.00000000000006,-980.0,4250.1777,70.402405,0.07726033,False,False,-439.7308167692673
490.0,-980.0,490.0,-980.0,3803.3171,63.358223,0.065838784,False,False,-425.49428727221425
510.00000000000006,-980.0,510.00000000000006,-980.0,3424.1958,56.851505,0.056224234,False,False,-411.3975702601783
530.0,-980.0,530.0,-980.0,3103.2324,51.015892,0.048151787,False,False,-397.4448968123757
550.0,-980.0,550.0,-980.0,2836.4548,45.93743,0.041507892,False,False,-383.64062455450045
570.0,-980.0,570.0,-980.0,2615.31,41.795452,0.036058255,False,False,-369.9892394497792
590.0,-980.0,590.0,-980.0,2435.87,38.75935,0.03169416,False,False,-356.4953573450965
610.0,-980.0,610.0,-980.0,2294.8896,36.98565,0.028325994,False,False,-343.16372523583937
630.0,-980.0,630.0,-980.0,2190.7573,36.564304,0.025910199,False,False,-329.99922221031164
650.0,-980.0,650.0,-980.0,2117.4688,37.44959,0.024285894,False,False,-317.00686003173524
670.0,-980.0,670.0,-980.0,2073.0928,39.484055,0.023400716,False,False,-304.1917833130475
690.0,-980.0,690.0,-980.0,2058.9854,42.39267,0.023288751,False,False,-291.5592692369497
710.0,-980.0,710.0,-980.0,2072.3635,45.96754,0.02387606,False,False,-279.1147267710197
730.0,-980.0,730.0,-980.0,2110.0713,50.042267,0.025079004,False,False,-266.86369532523764
750.0,-980.0,750.0,-980.0,2171.14,54.482822,0.026871746,False,False,-254.81184279705192
770.0,-980.0,770.0,-980.0,2254.4202,59.193848,0.029223965,False,False,-246.31456703353993
789.9999999999999,-980.0,789.9999999999999,-980.0,2356.8914,64.12765,0.032055885,False,False,-258.7692401707313
810.0,-980.0,810.0,-980.0,2475.9128,69.26692,0.03529808,False,False,-271.4165328483031
830.0,-980.0,830.0,-980.0,2611.7688,74.58305,0.038957983,False,False,-284.25075433110027
850.0,-980.0,850.0,-980.0,2763.6548,80.067406,0.04301456,False,False,-297.2663566130126
869.9999999999999,-980.0,869.9999999999999,-980.0,2929.9185,85.72892,0.047424804,False,False,-310.45793522722425
890.0000000000001,-980.0,890.0000000000001,-980.0,3109.4858,91.57414,0.05216103,False,False,-323.8202294873727
910.0,-980.0,910.0,-980.0,3302.3884,97.598206,0.057224337,False,False,-337.3481222179961
930.0,-980.0,930.0,-980.0,3509.3042,103.78968,0.06263278,False,False,-351.0366390294529
950.0,-980.0,950.0,-980.0,3732.7444,110.11712,0.06845232,False,False,-364.8809471891679
969.9999999999999,-980.0,969.9999999999999,-980.0,3971.6074,116.592766,0.07465479,False,False,-378.8763541376724
990.0,-980.0,990.0,-980.0,4227.0938,123.199234,0.081272095,False,False,-393.0183056945089
1010.0,-980.0,1010.0,-980.0,4500.662,129.91565,0.08834297,False,False,-407.302383995707
1030.0,-980.0,1030.0,-980.0,4791.6514,136.74825,0.09585084,False,False,-421.7243052012581
1050.0,-980.0,1050.0,-980.0,5099.681,143.69861,0.103786476,False,False,-436.2799170078233
1070.0,-980.0,1070.0,-980.0,5424.9785,150.75983,0.11215659,False,False,-450.96519599885653
1090.0,-980.0,1090.0,-980.0,5769.449,157.9006,0.121011905,False,False,-465.7762448614046
1110.0,-980.0,1110.0,-980.0,6133.629,165.10817,0.13036731,False,False,-480.7092894960847
1130.0,-980.0,1130.0,-980.0,6515.9014,172.4003,0.14018139,False,False,-495.7606760441324
1150.0,-980.0,1150.0,-980.0,6916.994,179.74782,0.15047419,False,False,-510.9268678529746
1170.0,-980.0,1170.0,-980.0,7336.6943,187.03198,0.16124204,False,False,-526.2044423995104
1190.0,-980.0,1190.0,-980.0,7776.2397,194.32835,0.17251775,False,False,-541.5900881881669
1210.0,-980.0,1210.0,-980.0,8233.479,201.48863,0.1842473,False,False,-557.0806016388491
1230.0,-980.0,1230.0,-980.0,8704.598,208.38925,0.19633307,False,False,-572.6728839781018
1250.0,-980.0,1250.0,-980.0,9191.875,215.156,0.20883489,False,False,-588.3639381451596
1270.0,-980.0,1270.0,-980.0,9692.301,221.80742,0.22167505,False,False,-604.1508657230469
1290.0,-980.0,1290.0,-980.0,10205.574,228.37354,0.23484656,False,False,-620.0308639035244
1310.0,-980.0,1310.0,-980.0,10729.164,234.7247,0.2482852,False,False,-636.0012224934309
1330.0,-980.0,1330.0,-980.0,11259.58,240.77345,0.26190126,False,False,-652.0593209688327
1350.0,-980.0,1350.0,-980.0,11798.252,246.61691,0.2757326,False,False,-668.202625582396
1370.0,-980.0,1370.0,-980.0,12341.449,252.05795,0.28968412,False,False,-684.4286865284621
1390.0,-980.0,1390.0,-980.0,12892.042,257.33685,0.30383047,False,False,-700.7351351694948
1410.0,-980.0,1410.0,-980.0,13451.195,262.5468,0.3182028,False,False,-717.1196813268434
1430.0,-980.0,1430.0,-980.0,14011.656,267.32355,0.33261395,False,False,-733.5801106380982
1450.0,-980.0,1450.0,-980.0,14576.095,271.73007,0.34713483,False,False,-750.114281982751
1470.0,-980.0,1470.0,-980.0,15148.578,275.93356,0.3618724,False,False,-766.7201249773549
1490.0,-980.0,1490.0,-980.0,15728.741,279.94427,0.37681836,False,False,-783.3956375409242
1510.0,-980.0,1510.0,-980.0,16310.396,283.58026,0.3918117,False,False,-800.1388835309347
1530.0,-980.0,1530.0,-980.0,16893.629,287.01376,0.4068548,False,False,-816.9479904499194
1550.0000000000002,-980.0,1550.0000000000002,-980.0,17479.785,290.3041,0.4219839,False,False,-833.8211472223785
1570.0,-980.0,1570.0,-980.0,18071.273,293.46887,0.4372636,False,False,-850.7566020414463
1590.0,-980.0,1590.0,-980.0,18667.785,296.3152,0.45268768,False,False,-867.7526602845466
1609.9999999999998,-980.0,1609.9999999999998,-980.0,19268.03,298.89307,0.46822315,False,False,-884.8076824970765
1630.0,-980.0,1630.0,-980.0,19871.703,301.17633,0.48386306,False,False,-901.9200824430034
1650.0000000000002,-980.0,1650.0000000000002,-980.0,20475.17,303.1758,0.4995122,False,False,-919.0883252211192
1670.0,-980.0,1670.0,-980.0,21080.521,304.8918,0.51522684,False,False,-936.3109254456011
1690.0,-980.0,1690.0,-980.0,21684.664,306.4259,0.53092575,False,False,-953.5864454894235
1709.9999999999998,-980.0,1709.9999999999998,-980.0,22283.406,307.6004,0.54649884,False,False,-970.9134937891109
1730.0,-980.0,1730.0,-980.0,22882.5,308.4323,0.56209975,False,False,-988.2907232092597
1750.0,-980.0,1750.0,-980.0,23478.15,308.87906,0.57762825,False,False,-1005.7168294652164
-250.0,-960.0,-250.0,-960.0,30788.473,245.20442,0.7787705,False,False,-1008.5439258096073
-229.99999999999997,-960.0,-229.99999999999997,-960.0,30250.285,251.06047,0.764629,False,False,-991.1448566584216
-210.00000000000003,-960.0,-210.00000000000003,-960.0,29691.25,256.57324,0.7499315,False,False,-973.7950700333363
-190.00000000000003,-960.0,-190.00000000000003,-960.0,29120.123,261.8014,0.73491406,False,False,-956.4958770154662
-170.0,-960.0,-170.0,-960.0,28523.951,266.51218,0.7192224,False,False,-939.248631575935
-150.0,-960.0,-150.0,-960.0,27904.316,270.7227,0.70290077,False,False,-922.0547321446786
-130.0,-960.0,-130.0,-960.0,27267.023,274.50974,0.68610764,False,False,-904.915623236465
-110.0,-960.0,-110.0,-960.0,26616.191,277.8634,0.6689545,False,False,-887.832797135643
-90.0,-960.0,-90.0,-960.0,25950.967,280.72897,0.65141636,False,False,-870.8077956411241
-70.0,-960.0,-70.0,-960.0,25275.855,283.18198,0.6336169,False,False,-853.8422118730114
-50.0,-960.0,-50.0,-960.0,24586.547,285.0132,0.6154338,False,False,-836.9376921422336
-30.0,-960.0,-30.0,-960.0,23881.346,286.2053,0.59682167,False,False,-820.0959378844432
-10.0,-960.0,-10.0,-960.0,23155.68,286.64642,0.57765496,False,False,-803.3187076593166
10.0,-960.0,10.0,-960.0,22417.541,286.46017,0.5581529,False,False,-786.6078192162613
30.0,-960.0,30.0,-960.0,21659.398,285.34576,0.5381039,False,False,-769.9651516273707
50.0,-960.0,50.0,-960.0,20878.557,283.23718,0.5174335,False,False,-753.392647488268
70.0,-960.0,70.0,-960.0,20082.41,280.34662,0.49635074,False,False,-736.8923151872525
90.0,-960.0,90.0,-960.0,19268.537,276.5171,0.47478545,False,False,-720.4662312429008
110.0,-960.0,110.0,-960.0,18439.889,271.73453,0.4528188,False,False,-704.1165427099661
130.0,-960.0,130.0,-960.0,17597.963,266.06937,0.43049413,False,False,-687.8454696530674
150.0,-960.0,150.0,-960.0,16734.8,259.1506,0.4075894,False,False,-671.6553076872639
170.0,-960.0,170.0,-960.0,15852.012,250.94215,0.384147,False,False,-655.5484305841424
190.00000000000003,-960.0,190.00000000000003,-960.0,14953.646,241.49289,0.36028004,False,False,-639.5272929415459
210.00000000000003,-960.0,210.00000000000003,-960.0,14045.049,230.9701,0.336138,False,False,-623.5944329144672
229.99999999999997,-960.0,229.99999999999997,-960.0,13117.042,218.71904,0.31145877,False,False,-607.7524750039936
250.0,-960.0,250.0,-960.0,12176.092,204.91853,0.2864263,False,False,-592.0041329004405
270.0,-960.0,270.0,-960.0,11221.354,189.47777,0.26101798,False,False,-576.3522123759967
290.0,-960.0,290.0,-960.0,10260.451,172.94713,0.23545119,False,False,-560.7996142212863
310.0,-960.0,310.0,-960.0,9299.913,155.73584,0.20990682,False,False,-545.3493372192361
330.0,-960.0,330.0,-960.0,8320.728,136.83965,0.18385677,False,False,-530.004481148519
350.0,-960.0,350.0,-960.0,7343.0693,118.616516,0.15787488,False,False,-514.7682498075956
370.0,-960.0,370.0,-960.0,6427.329,104.974205,0.1336194,False,False,-499.6439540490209
390.0,-960.0,390.0,-960.0,5620.889,94.012245,0.11241317,False,False,-484.6350148121925
410.0,-960.0,410.0,-960.0,4914.8203,84.327644,0.093990654,False,False,-469.74496614107005
430.0,-960.0,430.0,-960.0,4299.3945,75.52632,0.07805541,False,False,-454.9774581716486
450.0,-960.0,450.0,-960.0,3770.1445,67.366,0.06446077,False,False,-440.33626007201826
470.00000000000006,-960.0,470.00000000000006,-960.0,3320.0178,59.73988,0.052995555,False,False,-425.82526291578404
490.0,-960.0,490.0,-960.0,2939.3286,52.674393,0.043384913,False,False,-411.44848246738405
510.00000000000006,-960.0,510.00000000000006,-960.0,2621.825,46.191628,0.035449,False,False,-397.21006185544553
530.0,-960.0,530.0,-960.0,2361.199,40.359352,0.029010862,False,False,-383.1142741077884
550.0,-960.0,550.0,-960.0,2146.2788,35.40549,0.023769319,False,False,-369.16552451897917
570.0,-960.0,570.0,-960.0,1972.1234,31.504639,0.019587135,False,False,-355.36835281850495
590.0,-960.0,590.0,-960.0,1840.3104,28.868618,0.016502857,False,False,-341.7274351046729
610.0,-960.0,610.0,-960.0,1745.8767,27.655985,0.014382919,False,False,-328.2475855062492
630.0,-960.0,630.0,-960.0,1684.3999,27.904938,0.013109215,False,False,-314.93375753069677
650.0,-960.0,650.0,-960.0,1654.0828,29.409075,0.0126324035,False,False,-301.79104505462533
670.0,-960.0,670.0,-960.0,1651.415,31.888664,0.012859087,False,False,-288.82468290882383
690.0,-960.0,690.0,-960.0,1673.3816,35.067936,0.013709338,False,False,-276.0400470070078
710.0,-960.0,710.0,-960.0,1717.0515,38.72845,0.015105707,False,False,-263.4426539642641
730.0,-960.0,730.0,-960.0,1777.8582,42.740055,0.016927768,False,False,-251.03816014815456
750.0,-960.0,750.0,-960.0,1853.3058,47.0262,0.01910946,False,False,-238.8323601026477
770.0,-960.0,770.0,-960.0,1942.0063,51.54635,0.02161398,False,False,-230.6502346320827
789.9999999999999,-960.0,789.9999999999999,-960.0,2040.9419,56.30348,0.024362408,False,False,-243.26183887385528
810.0,-960.0,810.0,-960.0,2150.879,61.277023,0.027374422,False,False,-256.0652849274995
830.0,-960.0,830.0,-960.0,2270.651,66.47692,0.030619936,False,False,-269.05476635171266
850.0,-960.0,850.0,-960.0,2402.2715,71.87887,0.034151495,False,False,-282.2246293064254
869.9999999999999,-960.0,869.9999999999999,-960.0,2546.7344,77.47361,0.037995175,False,False,-295.5693729013511
890.0000000000001,-960.0,890.0000000000001,-960.0,2703.8767,83.26464,0.04214721,False,False,-309.08364896976695
910.0,-960.0,910.0,-960.0,2874.5576,89.243385,0.04663033,False,False,-322.7622613304329
930.0,-960.0,930.0,-960.0,3060.3594,95.392876,0.05148615,False,False,-336.600164596728
950.0,-960.0,950.0,-960.0,3260.9675,101.71839,0.056707017,False,False,-350.5924625881783
969.9999999999999,-960.0,969.9999999999999,-960.0,3475.0806,108.23244,0.062259592,False,False,-364.73440639561807
990.0,-960.0,990.0,-960.0,3702.7961,114.93015,0.068146944,False,False,-379.0213921473446
1010.0,-960.0,1010.0,-960.0,3945.656,121.79002,0.074409805,False,False,-393.4489585198305
1030.0,-960.0,1030.0,-960.0,4205.515,128.78734,0.081097215,False,False,-408.01278403287233
1050.0,-960.0,1050.0,-960.0,4483.364,135.90808,0.088235766,False,False,-422.7086841655251
1070.0,-960.0,1070.0,-960.0,4780.3027,143.13524,0.09585499,False,False,-437.5326083258078
1090.0,-960.0,1090.0,-960.0,5098.506,150.43846,0.10401258,False,False,-452.48063670398034
1110.0,-960.0,1110.0,-960.0,5435.4385,157.84651,0.11264317,False,False,-467.5489770362011
1130.0,-960.0,1130.0,-960.0,5791.9023,165.34328,0.12176868,False,False,-482.7339613025663
1150.0,-960.0,1150.0,-960.0,6167.36,172.92976,0.13137603,False,False,-498.0320423809367
1170.0,-960.0,1170.0,-960.0,6562.83,180.55759,0.1414931,False,False,-513.4397906755328
1190.0,-960.0,1190.0,-960.0,6978.4863,188.11694,0.1521262,False,False,-528.953890737062
1210.0,-960.0,1210.0,-960.0,7414.429,195.71342,0.16327848,False,False,-544.5711378890906
1230.0,-960.0,1230.0,-960.0,7868.4355,203.11179,0.17489466,False,False,-560.2884348735013
1250.0,-960.0,1250.0,-960.0,8339.92,210.2202,0.18696149,False,False,-576.10278852618
1270.0,-960.0,1270.0,-960.0,8830.998,217.15724,0.19953476,False,False,-592.0113064925138
1290.0,-960.0,1290.0,-960.0,9339.518,223.9281,0.21255943,False,False,-608.0111939908877
1310.0,-960.0,1310.0,-960.0,9865.464,230.52563,0.22603643,False,False,-624.0997506310995
1330.0,-960.0,1330.0,-960.0,10402.518,236.84215,0.23980235,False,False,-640.2743672934722
1350.0,-960.0,1350.0,-960.0,10947.822,242.86726,0.25378352,False,False,-656.5325230734229
1370.0,-960.0,1370.0,-960.0,11501.66,248.62744,0.2679885,False,False,-672.8717822953438
1390.0,-960.0,1390.0,-960.0,12059.582,254.02484,0.28230244,False,False,-689.2897915988244
1410.0,-960.0,1410.0,-960.0,12625.207,259.26022,0.2968201,False,False,-705.7842770995397
1430.0,-960.0,1430.0,-960.0,13199.58,264.41388,0.3115695,False,False,-722.3530416264839
1450.0,-960.0,1450.0,-960.0,13773.525,269.09317,0.32631338,False,False,-738.9939620366714
1470.0,-960.0,1470.0,-960.0,14350.048,273.50253,0.34113032,False,False,-755.7049866079437
1490.0,-960.0,1490.0,-960.0,14933.14,277.74335,0.35612586,False,False,-772.4841325100771
1510.0,-960.0,1510.0,-960.0,15523.977,281.7504,0.37133265,False,False,-789.32948335403
1530.0,-960.0,1530.0,-960.0,16116.744,285.3815,0.38659924,False,False,-806.2391868188445
1550.0000000000002,-960.0,1550.0000000000002,-960.0,16714.264,288.73892,0.4020008,False,False,-823.2114523554311
1570.0,-960.0,1570.0,-960.0,17314.008,291.9688,0.41747093,False,False,-840.2445489662508
1590.0,-960.0,1590.0,-960.0,17917.121,295.1102,0.43304083,False,False,-857.3368030596928
1609.9999999999998,-960.0,1609.9999999999998,-960.0,18522.05,298.02594,0.44867104,False,False,-874.4865963777924
1630.0,-960.0,1630.0,-960.0,19131.322,300.6034,0.46443,False,False,-891.6923639957953
1650.0000000000002,-960.0,1650.0000000000002,-960.0,19743.908,302.9215,0.4802915,False,False,-908.9525923919641
1670.0,-960.0,1670.0,-960.0,20357.37,304.87485,0.4961922,False,False,-926.2658175859322
1690.0,-960.0,1690.0,-960.0,20971.992,306.60132,0.5121405,False,False,-943.6306233438493
1709.9999999999998,-960.0,1709.9999999999998,-960.0,21586.984,308.0474,0.52811646,False,False,-961.045639448506
1730.0,-960.0,1730.0,-960.0,22194.598,309.17264,0.5439149,False,False,-978.5095400325976
1750.0,-960.0,1750.0,-960.0,22800.57,310.03488,0.55968934,False,False,-996.0210419732555
-250.0,-940.0000000000001,-250.0,-940.0000000000001,30175.463,255.4208,0.76262474,False,False,-998.8000293977467
-229.99999999999997,-940.0000000000001,-229.99999999999997,-940.0000000000001,29609.598,261.0015,0.7477416,False,False,-981.3153953399366
-210.00000000000003,-940.0000000000001,-210.00000000000003,-940.0000000000001,29030.984,266.35,0.7325225,False,False,-963.8787727611057
-190.00000000000003,-940.0000000000001,-190.00000000000003,-940.0000000000001,28429.209,271.23767,0.71668094,False,False,-946.4914519186265
-170.0,-940.0000000000001,-170.0,-940.0000000000001,27803.014,275.53836,0.700181,False,False,-929.1547658710276
-150.0,-940.0000000000001,-150.0,-940.0000000000001,27159.363,279.3515,0.68321353,False,False,-911.8700920756922
-130.0,-940.0000000000001,-130.0,-940.0000000000001,26500.844,282.70483,0.6658494,False,False,-894.6388540468954
-110.0,-940.0000000000001,-110.0,-940.0000000000001,25830.547,285.52716,0.6481694,False,False,-877.4625230759597
-90.0,-940.0000000000001,-90.0,-940.0000000000001,25149.559,287.91428,0.6302064,False,False,-860.3426200152929
-70.0,-940.0000000000001,-70.0,-940.0000000000001,24453.156,289.75516,0.6118293,False,False,-843.2807171280184
-50.0,-940.0000000000001,-50.0,-940.0000000000001,23742.412,290.96524,0.5930647,False,False,-826.2784400048636
-30.0,-940.0000000000001,-30.0,-940.0000000000001,23012.164,291.34006,0.573769,False,False,-809.3374695498941
-10.0,-940.0000000000001,-10.0,-940.0000000000001,22268.32,291.08154,0.5541076,False,False,-792.4595440365819
10.0,-940.0000000000001,10.0,-940.0000000000001,21504.555,289.99255,0.5339042,False,False,-775.6464612355825
30.0,-940.0000000000001,30.0,-940.0000000000001,20717.812,287.9079,0.51307184,False,False,-758.9000806154578
50.0,-940.0000000000001,50.0,-940.0000000000001,19915.635,284.94263,0.49181992,False,False,-742.2223256173942
70.0,-940.0000000000001,70.0,-940.0000000000001,19094.934,281.06427,0.47006553,False,False,-725.6151860047759
90.0,-940.0000000000001,90.0,-940.0000000000001,18258.34,276.27994,0.44788122,False,False,-709.0807202882239
110.0,-940.0000000000001,110.0,-940.0000000000001,17406.527,270.54868,0.42528522,False,False,-692.6210582264215
130.0,-940.0000000000001,130.0,-940.0000000000001,16536.596,263.64,0.4021951,False,False,-676.2384034027342
150.0,-940.0000000000001,150.0,-940.0000000000001,15646.222,255.42165,0.3785457,False,False,-659.9350358772368
170.0,-940.0000000000001,170.0,-940.0000000000001,14739.809,245.82396,0.35445452,False,False,-643.7133149133338
190.00000000000003,-940.0000000000001,190.00000000000003,-940.0000000000001,13824.486,235.16745,0.33012575,False,False,-627.5756817776545
210.00000000000003,-940.0000000000001,210.00000000000003,-940.0000000000001,12889.521,222.70535,0.30525103,False,False,-611.5246626113462
229.99999999999997,-940.0000000000001,229.99999999999997,-940.0000000000001,11941.861,208.85283,0.28003502,False,False,-595.5628713702351
250.0,-940.0000000000001,250.0,-940.0000000000001,10976.984,193.12724,0.25434697,False,False,-579.6930128306088
270.0,-940.0000000000001,270.0,-940.0000000000001,10006.451,176.1412,0.22851355,False,False,-563.9178856565528
290.0,-940.0000000000001,290.0,-940.0000000000001,9040.15,158.52756,0.2028079,False,False,-548.2403855238629
310.0,-940.0000000000001,310.0,-940.0000000000001,8054.6416,138.76848,0.17658055,False,False,-532.6635082945297
330.0,-940.0000000000001,330.0,-940.0000000000001,7065.3516,119.19907,0.1502766,False,False,-517.1903532346599
350.0,-940.0000000000001,350.0,-940.0000000000001,6124.966,104.047966,0.12534897,False,False,-501.82412626742973
370.0,-940.0000000000001,370.0,-940.0000000000001,5297.038,92.144806,0.10356604,False,False,-486.56814325127556
390.0,-940.0000000000001,390.0,-940.0000000000001,4575.884,81.76987,0.08475721,False,False,-471.42583327198713
410.0,-940.0000000000001,410.0,-940.0000000000001,3951.5002,72.40195,0.06861067,False,False,-456.40074193567295
430.0,-940.0000000000001,430.0,-940.0000000000001,3421.7646,63.720192,0.055036917,False,False,-441.4965346477232
450.0,-940.0000000000001,450.0,-940.0000000000001,2974.4746,55.678326,0.043685865,False,False,-426.71699986087344
470.00000000000006,-940.0000000000001,470.00000000000006,-940.0000000000001,2602.0364,48.212418,0.034334257,False,False,-412.06605227327367
490.0,-940.0000000000001,490.0,-940.0000000000001,2294.3694,41.38678,0.0267025,False,False,-397.54773595510665
510.00000000000006,-940.0000000000001,510.00000000000006,-940.0000000000001,2039.397,35.274723,0.020458875,False,False,-383.16622737972506
530.0,-940.0000000000001,530.0,-940.0000000000001,1832.7509,29.954248,0.015478817,False,False,-368.9258383325509
550.0,-940.0000000000001,550.0,-940.0000000000001,1672.1359,25.625248,0.01169732,False,False,-354.83101866804566
570.0,-940.0000000000001,570.0,-940.0000000000001,1554.1377,22.455791,0.009020155,False,False,-340.8863588819563
590.0,-940.0000000000001,590.0,-940.0000000000001,1471.3228,20.714464,0.007248798,False,False,-327.09659246278187
610.0,-940.0000000000001,610.0,-940.0000000000001,1420.8223,20.4811,0.006306855,False,False,-313.466597982965
630.0,-940.0000000000001,630.0,-940.0000000000001,1399.3354,21.490774,0.0061041443,False,False,-300.00140088676835
650.0,-940.0000000000001,650.0,-940.0000000000001,1406.2748,23.400272,0.006623499,False,False,-286.70617492812886
670.0,-940.0000000000001,670.0,-940.0000000000001,1432.2433,25.960938,0.007618113,False,False,-273.5862432080496
690.0,-940.0000000000001,690.0,-940.0000000000001,1472.1808,28.989866,0.008954859,False,False,-260.64707875733785
710.0,-940.0000000000001,710.0,-940.0000000000001,1524.141,32.352306,0.010581095,False,False,-247.89430460677497
730.0,-940.0000000000001,730.0,-940.0000000000001,1585.0344,36.034496,0.012415938,False,False,-235.3336932831722
750.0,-940.0000000000001,750.0,-940.0000000000001,1653.9956,40.021378,0.014436806,False,False,-222.97116566632886
770.0,-940.0000000000001,770.0,-940.0000000000001,1730.879,44.299225,0.01664017,False,False,-215.1131634543345
789.9999999999999,-940.0000000000001,789.9999999999999,-940.0000000000001,1816.0708,48.8478,0.019036213,False,False,-227.8843593759145
810.0,-940.0000000000001,810.0,-940.0000000000001,1910.2959,53.64916,0.02164388,False,False,-240.8464852672148
830.0,-940.0000000000001,830.0,-940.0000000000001,2015.1985,58.681633,0.024505924,False,False,-253.9936203984453
850.0,-940.0000000000001,850.0,-940.0000000000001,2129.2812,63.957897,0.027583933,False,False,-267.3200069437869
869.9999999999999,-940.0000000000001,869.9999999999999,-940.0000000000001,2255.2812,69.445305,0.030949064,False,False,-280.8200498118383
890.0000000000001,-940.0000000000001,890.0000000000001,-940.0000000000001,2391.55,75.161316,0.03455897,False,False,-294.4883158993752
910.0,-940.0000000000001,910.0,-940.0000000000001,2540.7686,81.07456,0.038483553,False,False,-308.3195328359201
930.0,-940.0000000000001,930.0,-940.0000000000001,2703.914,87.17832,0.04274862,False,False,-322.30858728210654
950.0,-940.0000000000001,950.0,-940.0000000000001,2880.7542,93.47595,0.047348615,False,False,-336.4505228402585
969.9999999999999,-940.0000000000001,969.9999999999999,-940.0000000000001,3072.3713,99.957184,0.052312214,False,False,-350.7405376311174
990.0,-940.0000000000001,990.0,-940.0000000000001,3280.3005,106.60554,0.05767992,False,False,-365.1739815862301
1010.0,-940.0000000000001,1010.0,-940.0000000000001,3504.7783,113.42002,0.06345855,False,False,-379.74635350125135
1030.0,-940.0000000000001,1030.0,-940.0000000000001,3743.1787,120.42709,0.06958035,False,False,-394.4532978913279
1050.0,-940.0000000000001,1050.0,-940.0000000000001,3996.7444,127.60679,0.07607833,False,False,-409.29060168582697
1070.0,-940.0000000000001,1070.0,-940.0000000000001,4266.086,134.94849,0.08296909,False,False,-424.25419079601113
1090.0,-940.0000000000001,1090.0,-940.0000000000001,4552.47,142.43236,0.090286456,False,False,-439.34012658579087
1110.0,-940.0000000000001,1110.0,-940.0000000000001,4859.162,150.0156,0.098116554,False,False,-454.5446022724776
1130.0,-940.0000000000001,1130.0,-940.0000000000001,5186.203,157.69472,0.1064614,False,False,-469.86393928145617
1150.0,-940.0000000000001,1150.0,-940.0000000000001,5536.299,165.43115,0.11539284,False,False,-485.29458357593177
1170.0,-940.0000000000001,1170.0,-940.0000000000001,5906.8716,173.25409,0.12484452,False,False,-500.8331019803634
1190.0,-940.0000000000001,1190.0,-940.0000000000001,6298.0234,181.1044,0.13482057,False,False,-516.47617851386
1210.0,-940.0000000000001,1210.0,-940.0000000000001,6708.0254,188.93169,0.14527726,False,False,-532.220610747682
1230.0,-940.0000000000001,1230.0,-940.0000000000001,7139.664,196.79132,0.15628825,False,False,-548.0633061990713
1250.0,-940.0000000000001,1250.0,-940.0000000000001,7589.788,204.3899,0.16777453,False,False,-564.0012787718557
1270.0,-940.0000000000001,1270.0,-940.0000000000001,8057.491,211.73814,0.17971383,False,False,-580.0316452527145
1290.0,-940.0000000000001,1290.0,-940.0000000000001,8544.324,218.93675,0.19214737,False,False,-596.151621870554
1310.0,-940.0000000000001,1310.0,-940.0000000000001,9051.685,225.94408,0.20511338,False,False,-612.3585209251695
1330.0,-940.0000000000001,1330.0,-940.0000000000001,9579.537,232.71573,0.21861278,False,False,-628.6497474902332
1350.0,-940.0000000000001,1350.0,-940.0000000000001,10122.36,239.09529,0.23250347,False,False,-645.0227961946304
1370.0,-940.0000000000001,1370.0,-940.0000000000001,10680.196,245.11821,0.24678773,False,False,-661.4752480852671
1390.0,-940.0000000000001,1390.0,-940.0000000000001,11245.828,250.80034,0.26127765,False,False,-678.0047675736799
1410.0,-940.0000000000001,1410.0,-940.0000000000001,11817.359,256.1499,0.27592474,False,False,-694.609099468075
1430.0,-940.0000000000001,1430.0,-940.0000000000001,12397.998,261.33945,0.29081327,False,False,-711.2860660918152
1450.0,-940.0000000000001,1450.0,-940.0000000000001,12985.435,266.41672,0.3058835,False,False,-728.0335644888382
1470.0,-940.0000000000001,1470.0,-940.0000000000001,13572.445,270.98535,0.32094926,False,False,-744.8495637160241
1490.0,-940.0000000000001,1490.0,-940.0000000000001,14163.019,275.32382,0.3361148,False,False,-761.7321022221284
1510.0,-940.0000000000001,1510.0,-940.0000000000001,14758.5625,279.55328,0.35141748,False,False,-778.6792853125603
1530.0,-940.0000000000001,1530.0,-940.0000000000001,15358.176,283.5618,0.36683553,False,False,-795.6892826989865
1550.0000000000002,-940.0000000000001,1550.0000000000002,-940.0000000000001,15961.375,287.1762,0.38235813,False,False,-812.760326132498
1570.0,-940.0000000000001,1570.0,-940.0000000000001,16568.781,290.5281,0.39800233,False,False,-829.8907071188704
1590.0,-940.0000000000001,1590.0,-940.0000000000001,17182.494,293.69708,0.41382432,False,False,-847.0787747142784
1609.9999999999998,-940.0000000000001,1609.9999999999998,-940.0000000000001,17797.605,296.75232,0.4296953,False,False,-864.3229333996832
1630.0,-940.0000000000001,1630.0,-940.0000000000001,18413.348,299.65024,0.44559628,False,False,-881.6216410320118
1650.0000000000002,-940.0000000000001,1650.0000000000002,-940.0000000000001,19029.354,302.26883,0.46151888,False,False,-898.9734068701439
1670.0,-940.0000000000001,1670.0,-940.0000000000001,19651.363,304.57785,0.47761667,False,False,-916.3767896736799
1690.0,-940.0000000000001,1690.0,-940.0000000000001,20272.613,306.53287,0.49371156,False,False,-933.8303958723993
1709.9999999999998,-940.0000000000001,1709.9999999999998,-940.0000000000001,20896.736,308.2357,0.5099007,False,False,-951.332877804297
1730.0,-940.0000000000001,1730.0,-940.0000000000001,21519.617,309.62778,0.5260761,False,False,-968.8829320200833
1750.0,-940.0000000000001,1750.0,-940.0000000000001,22136.797,310.66553,0.54212,False,False,-986.4792976520046
-250.0,-919.9999999999999,-250.0,-919.9999999999999,29558.41,264.8362,0.74634206,False,False,-989.2094945314825
-229.99999999999997,-919.9999999999999,-229.99999999999997,-919.9999999999999,28973.156,270.2841,0.7309422,False,False,-971.6398128017224
-210.00000000000003,-919.9999999999999,-210.00000000000003,-919.9999999999999,28369.186,275.2477,0.7150386,False,False,-954.1168567195332
-190.00000000000003,-919.9999999999999,-190.00000000000003,-919.9999999999999,27739.45,279.60406,0.69843936,False,False,-936.6418946222466
-170.0,-919.9999999999999,-170.0,-919.9999999999999,27092.203,283.42435,0.6813693,False,False,-919.2162375033884
-150.0,-919.9999999999999,-150.0,-919.9999999999999,26429.21,286.69577,0.66387635,False,False,-901.8412406368935
-130.0,-919.9999999999999,-130.0,-919.9999999999999,25753.887,289.55527,0.6460563,False,False,-884.518305264742
-110.0,-919.9999999999999,-110.0,-919.9999999999999,25065.88,291.98764,0.6279002,False,False,-867.2488803500488
-90.0,-919.9999999999999,-90.0,-919.9999999999999,24366.266,293.7506,0.6094287,False,False,-850.0344643976575
-70.0,-919.9999999999999,-70.0,-919.9999999999999,23653.121,294.9425,0.59059346,False,False,-832.8766073442436
-50.0,-919.9999999999999,-50.0,-919.9999999999999,22917.678,295.34958,0.5711529,False,False,-815.7769125199166
-30.0,-919.9999999999999,-30.0,-919.9999999999999,22167.361,295.10074,0.55131173,False,False,-798.737038683247
-10.0,-919.9999999999999,-10.0,-919.9999999999999,21400.996,294.0613,0.5310342,False,False,-781.758702131575
10.0,-919.9999999999999,10.0,-919.9999999999999,20611.705,291.98648,0.5101273,False,False,-764.8436788883628
30.0,-919.9999999999999,30.0,-919.9999999999999,19802.121,289.0587,0.48867044,False,False,-747.9938069692429
50.0,-919.9999999999999,50.0,-919.9999999999999,18975.0,285.2126,0.46673805,False,False,-731.2109887282496
70.0,-919.9999999999999,70.0,-919.9999999999999,18132.326,280.43958,0.44438386,False,False,-714.4971932855592
90.0,-919.9999999999999,90.0,-919.9999999999999,17273.129,274.70447,0.421583,False,False,-697.8544590378402
110.0,-919.9999999999999,110.0,-919.9999999999999,16398.719,267.86163,0.39836794,False,False,-681.2848962520577
130.0,-919.9999999999999,130.0,-919.9999999999999,15504.449,259.59964,0.37460637,False,False,-664.790689743281
150.0,-919.9999999999999,150.0,-919.9999999999999,14591.506,249.90381,0.35033,False,False,-648.3741016366785
170.0,-919.9999999999999,170.0,-919.9999999999999,13670.205,239.15726,0.32583278,False,False,-632.0374742134885
190.00000000000003,-919.9999999999999,190.00000000000003,-919.9999999999999,12728.998,226.72748,0.30078572,False,False,-615.7832328402717
210.00000000000003,-919.9999999999999,210.00000000000003,-919.9999999999999,11776.262,212.82875,0.2754262,False,False,-599.613888980205
229.99999999999997,-919.9999999999999,229.99999999999997,-919.9999999999999,10805.639,196.85612,0.24957299,False,False,-583.5320432845659
250.0,-919.9999999999999,250.0,-919.9999999999999,9830.617,179.47676,0.22360733,False,False,-567.5403887618363
270.0,-919.9999999999999,270.0,-919.9999999999999,8856.453,161.27676,0.19767869,False,False,-551.641714021064
290.0,-919.9999999999999,290.0,-919.9999999999999,7869.6523,141.23781,0.17141202,False,False,-535.8389065852064
310.0,-919.9999999999999,310.0,-919.9999999999999,6869.652,120.36403,0.14480674,False,False,-520.1349562691657
330.0,-919.9999999999999,330.0,-919.9999999999999,5906.3457,103.39828,0.11924679,False,False,-504.53295861608655
350.0,-919.9999999999999,350.0,-919.9999999999999,5054.772,90.41548,0.09681644,False,False,-489.0361183842021
370.0,-919.9999999999999,370.0,-919.9999999999999,4320.537,79.2517,0.07766372,False,False,-473.6477530751058
390.0,-919.9999999999999,390.0,-919.9999999999999,3690.7263,69.262955,0.061391234,False,False,-458.3712964927431
410.0,-919.9999999999999,410.0,-919.9999999999999,3163.6492,60.100838,0.047917277,False,False,-443.2103023206774
430.0,-919.9999999999999,430.0,-919.9999999999999,2724.352,51.68475,0.03681228,False,False,-428.1684477032663
450.0,-919.9999999999999,450.0,-919.9999999999999,2360.2354,44.03817,0.027721401,False,False,-413.249536814279
470.00000000000006,-919.9999999999999,470.00000000000006,-919.9999999999999,2063.8684,37.108868,0.020429559,False,False,-398.4575043941773
490.0,-919.9999999999999,490.0,-919.9999999999999,1824.3926,30.941418,0.0146356765,False,False,-383.796419234783
510.00000000000006,-919.9999999999999,510.00000000000006,-919.9999999999999,1633.323,25.66442,0.010108296,False,False,-369.27048758732246
530.0,-919.9999999999999,530.0,-919.9999999999999,1489.334,21.43699,0.0068087927,False,False,-354.8840564669141
550.0,-919.9999999999999,550.0,-919.9999999999999,1382.4302,18.405064,0.0044683483,False,False,-340.64161682339886
570.0,-919.9999999999999,570.0,-919.9999999999999,1312.1931,16.647396,0.003072477,False,False,-326.54780654504617
590.0,-919.9999999999999,590.0,-919.9999999999999,1273.9171,16.107004,0.002494607,False,False,-312.6074132580883
610.0,-919.9999999999999,610.0,-919.9999999999999,1262.6453,16.529959,0.0026026603,False,False,-298.82537688124444
630.0,-919.9999999999999,630.0,-919.9999999999999,1269.5914,17.634983,0.0031634995,False,False,-285.2067918904423
650.0,-919.9999999999999,650.0,-919.9999999999999,1287.5491,19.310352,0.003988539,False,False,-271.7569092448208
670.0,-919.9999999999999,670.0,-919.9999999999999,1312.2974,21.44469,0.004966245,False,False,-258.48113792084945
690.0,-919.9999999999999,690.0,-919.9999999999999,1346.2244,23.94655,0.006157241,False,False,-245.38504599708932
710.0,-919.9999999999999,710.0,-919.9999999999999,1388.3057,26.848648,0.0075353207,False,False,-232.47436122776577
730.0,-919.9999999999999,730.0,-919.9999999999999,1436.8107,30.152805,0.009056123,False,False,-219.75497103902202
750.0,-919.9999999999999,750.0,-919.9999999999999,1492.8099,33.80322,0.010747386,False,False,-207.23292187755627
770.0,-919.9999999999999,770.0,-919.9999999999999,1558.5659,37.756912,0.012667618,False,False,-199.70829787911364
789.9999999999999,-919.9999999999999,789.9999999999999,-919.9999999999999,1632.9249,42.01955,0.014787307,False,False,-212.64174429218784
810.0,-919.9999999999999,810.0,-919.9999999999999,1715.6724,46.578938,0.017101146,False,False,-225.7650672131263
830.0,-919.9999999999999,830.0,-919.9999999999999,1806.668,51.41982,0.019605719,False,False,-239.0722335683259
850.0,-919.9999999999999,850.0,-919.9999999999999,1906.959,56.518677,0.022328343,False,False,-252.55738391500444
869.9999999999999,-919.9999999999999,869.9999999999999,-919.9999999999999,2018.1754,61.851128,0.025311487,False,False,-266.21483169326353
890.0000000000001,-919.9999999999999,890.0000000000001,-919.9999999999999,2139.3665,67.42809,0.028530866,False,False,-280.03906190397186
910.0,-919.9999999999999,910.0,-919.9999999999999,2272.0488,73.22653,0.03202612,False,False,-294.0247292845682
930.0,-919.9999999999999,930.0,-919.9999999999999,2416.6548,79.24404,0.035808824,False,False,-308.1666560496029
950.0,-919.9999999999999,950.0,-919.9999999999999,2572.9543,85.47878,0.03987348,False,False,-322.45982925758466
969.9999999999999,-919.9999999999999,969.9999999999999,-919.9999999999999,2744.6536,91.89386,0.0443167,False,False,-336.8993978605869
990.0,-919.9999999999999,990.0,-919.9999999999999,2930.0183,98.51098,0.049094036,False,False,-351.4806694880989
1010.0,-919.9999999999999,1010.0,-919.9999999999999,3131.3757,105.30509,0.054266546,False,False,-366.1991070118587
1030.0,-919.9999999999999,1030.0,-919.9999999999999,3348.5334,112.27956,0.059829887,False,False,-381.0503249338888
1050.0,-919.9999999999999,1050.0,-919.9999999999999,3583.7722,119.410866,0.06584413,False,False,-396.0300856356929
1070.0,-919.9999999999999,1070.0,-919.9999999999999,3835.476,126.71624,0.072267964,False,False,-411.1342955225772
1090.0,-919.9999999999999,1090.0,-919.9999999999999,4101.221,134.216,0.07903896,False,False,-426.35900109334335
1110.0,-919.9999999999999,1110.0,-919.9999999999999,4384.9272,141.86003,0.08626005,False,False,-441.70038496214596
1130.0,-919.9999999999999,1130.0,-919.9999999999999,4684.358,149.66937,0.093873754,False,False,-457.1547618561317
1150.0,-919.9999999999999,1150.0,-919.9999999999999,5002.967,157.5966,0.10197118,False,False,-472.71857460955516
1170.0,-919.9999999999999,1170.0,-919.9999999999999,5344.449,165.59404,0.11064992,False,False,-488.3883901724039
1190.0,-919.9999999999999,1190.0,-919.9999999999999,5707.9365,173.66814,0.11988843,False,False,-504.1608956491325
1210.0,-919.9999999999999,1210.0,-919.9999999999999,6094.8076,181.71806,0.1297245,False,False,-520.0328943809077
1230.0,-919.9999999999999,1230.0,-919.9999999999999,6501.8105,189.75739,0.14007455,False,False,-536.0013020827813
1250.0,-919.9999999999999,1250.0,-919.9999999999999,6930.7275,197.81184,0.15098615,False,False,-552.063143045411
1270.0,-919.9999999999999,1270.0,-919.9999999999999,7376.6416,205.5765,0.16233435,False,False,-568.2155464093578
1290.0,-919.9999999999999,1290.0,-919.9999999999999,7841.7407,213.13971,0.17417724,False,False,-584.4557425185471
1310.0,-919.9999999999999,1310.0,-919.9999999999999,8327.213,220.52931,0.18654716,False,False,-600.7810593582122
1330.0,-919.9999999999999,1330.0,-919.9999999999999,8831.913,227.75908,0.19941555,False,False,-617.1889190815031
1350.0,-919.9999999999999,1350.0,-919.9999999999999,9355.908,234.75616,0.21278618,False,False,-633.6768346279507
1370.0,-919.9999999999999,1370.0,-919.9999999999999,9897.891,241.27916,0.22662795,False,False,-650.2424064360969
1390.0,-919.9999999999999,1390.0,-919.9999999999999,10457.961,247.44016,0.24094442,False,False,-666.8833192518306
1410.0,-919.9999999999999,1410.0,-919.9999999999999,11031.8955,253.07925,0.25562745,False,False,-683.5973390332975
1430.0,-919.9999999999999,1430.0,-919.9999999999999,11615.783,258.38098,0.27057487,False,False,-700.3823099526767
1450.0,-919.9999999999999,1450.0,-919.9999999999999,12208.718,263.5675,0.2857628,False,False,-717.2361514946043
1470.0,-919.9999999999999,1470.0,-919.9999999999999,12809.258,268.51807,0.3011554,False,False,-734.1568556506068
1490.0,-919.9999999999999,1490.0,-919.9999999999999,13407.83,272.9843,0.3165038,False,False,-751.1424842085239
1510.0,-919.9999999999999,1510.0,-919.9999999999999,14011.675,277.2606,0.3319977,False,False,-768.1911661356075
1530.0,-919.9999999999999,1530.0,-919.9999999999999,14620.875,281.4307,0.34764013,False,False,-785.3010950537166
1550.0000000000002,-919.9999999999999,1550.0000000000002,-919.9999999999999,15230.867,285.35388,0.36331272,False,False,-802.4705268048076
1570.0,-919.9999999999999,1570.0,-919.9999999999999,15842.2705,288.96707,0.37903315,False,False,-819.6977771047586
1590.0,-919.9999999999999,1590.0,-919.9999999999999,16460.006,292.31808,0.39493236,False,False,-836.98121928342
1609.9999999999998,-919.9999999999999,1609.9999999999998,-919.9999999999999,17084.027,295.48065,0.41101012,False,False,-854.3192821086665
1630.0,-919.9999999999999,1630.0,-919.9999999999999,17710.871,298.42218,0.42717618,False,False,-871.7104476921638
1650.0000000000002,-919.9999999999999,1650.0000000000002,-919.9999999999999,18337.693,301.24945,0.44335616,False,False,-889.1532494744837
1670.0,-919.9999999999999,1670.0,-919.9999999999999,18962.879,303.85583,0.45950848,False,False,-906.6462702871763
1690.0,-919.9999999999999,1690.0,-919.9999999999999,19591.453,306.1884,0.47576776,False,False,-924.1881404893858
1709.9999999999998,-919.9999999999999,1709.9999999999998,-919.9999999999999,20221.041,308.12354,0.49207255,False,False,-941.7775361765827
1730.0,-919.9999999999999,1730.0,-919.9999999999999,20853.414,309.7929,0.5084708,False,False,-959.4131774590064
1750.0,-919.9999999999999,1750.0,-919.9999999999999,21482.871,311.1237,0.524812,False,False,-977.093826807418
-250.0,-900.0,-250.0,-900.0,28947.158,273.5404,0.73018634,False,False,-979.7745499798602
-229.99999999999997,-900.0,-229.99999999999997,-900.0,28342.238,278.60925,0.7142539,False,False,-962.120385460223
-210.00000000000003,-900.0,-210.00000000000003,-900.0,27711.613,282.96835,0.6976235,False,False,-944.51164700271
-190.00000000000003,-900.0,-190.00000000000003,-900.0,27062.316,286.79333,0.6804909,False,False,-926.9495799371109
-170.0,-900.0,-170.0,-900.0,26394.752,290.12186,0.6628685,False,False,-909.4354720467578
-150.0,-900.0,-150.0,-900.0,25715.262,293.0432,0.6449306,False,False,-891.9706552166818
-130.0,-900.0,-130.0,-900.0,25024.5,295.34045,0.6266886,False,False,-874.5565071481997
-110.0,-900.0,-110.0,-900.0,24321.676,297.14178,0.6081246,False,False,-857.1944531422323
-90.0,-900.0,-90.0,-900.0,23604.16,298.4019,0.5891663,False,False,-839.8859679536911
-70.0,-900.0,-70.0,-900.0,22866.668,298.8947,0.56966555,False,False,-822.6325777192471
-50.0,-900.0,-50.0,-900.0,22112.379,298.6064,0.5497079,False,False,-805.4358619607964
-30.0,-900.0,-30.0,-900.0,21344.268,297.64755,0.5293782,False,False,-788.2974556669091
-10.0,-900.0,-10.0,-900.0,20550.6,295.71155,0.5083498,False,False,-771.2190514544939
10.0,-900.0,10.0,-900.0,19736.062,292.83704,0.48675218,False,False,-754.2024018128507
30.0,-900.0,30.0,-900.0,18905.516,289.0696,0.4647214,False,False,-737.2493214321856
50.0,-900.0,50.0,-900.0,18056.625,284.36996,0.4421931,False,False,-720.3616896185542
70.0,-900.0,70.0,-900.0,17193.148,278.60098,0.41926694,False,False,-703.5414527970322
90.0,-900.0,90.0,-900.0,16316.762,271.85037,0.3959924,False,False,-686.7906271047511
110.0,-900.0,110.0,-900.0,15418.977,263.61966,0.37212837,False,False,-670.1113010751876
130.0,-900.0,130.0,-900.0,14501.131,253.94131,0.3477113,False,False,-653.5056384148415
150.0,-900.0,150.0,-900.0,13572.961,243.15656,0.32301962,False,False,-636.9758808731086
170.0,-900.0,170.0,-900.0,12630.116,230.83266,0.29792303,False,False,-620.5243512057776
190.00000000000003,-900.0,190.00000000000003,-900.0,11673.361,216.80798,0.27244258,False,False,-604.1534562321407
210.00000000000003,-900.0,210.00000000000003,-900.0,10702.148,200.78006,0.24656358,False,False,-587.8656899851885
229.99999999999997,-900.0,229.99999999999997,-900.0,9721.786,183.18256,0.2204426,False,False,-571.6636369537711
250.0,-900.0,250.0,-900.0,8740.41,164.53656,0.19430736,False,False,-555.5499754149243
270.0,-900.0,270.0,-900.0,7751.543,144.41475,0.16797984,False,False,-539.5274808537806
290.0,-900.0,290.0,-900.0,6742.829,122.535164,0.14112514,False,False,-523.5990294675973
310.0,-900.0,310.0,-900.0,5756.33,103.49911,0.11492105,False,False,-507.76760174942785
330.0,-900.0,330.0,-900.0,4880.241,89.196594,0.09181078,False,False,-492.036286145829
350.0,-900.0,350.0,-900.0,4128.76,77.187096,0.072193235,False,False,-476.4082827817158
370.0,-900.0,370.0,-900.0,3495.0098,66.48029,0.055826925,False,False,-460.88690724404495
390.0,-900.0,390.0,-900.0,2969.8687,56.811195,0.042428665,False,False,-445.4755944144084
410.0,-900.0,410.0,-900.0,2536.5085,48.100464,0.03151373,False,False,-430.17790233883284
430.0,-900.0,430.0,-900.0,2186.0366,40.28987,0.022820428,False,False,-414.99751612111334
450.0,-900.0,450.0,-900.0,1904.492,33.38297,0.015958827,False,False,-399.93825182382153
470.00000000000006,-900.0,470.00000000000006,-900.0,1680.5605,27.42749,0.01061574,False,False,-385.00406035872464
490.0,-900.0,490.0,-900.0,1506.4646,22.601889,0.0065789833,False,False,-370.1990313457276
510.00000000000006,-900.0,510.00000000000006,-900.0,1377.9456,18.935287,0.0037293688,False,False,-355.5273969165605
530.0,-900.0,530.0,-900.0,1289.6754,16.47175,0.0019211721,False,False,-340.9935354363209
550.0,-900.0,550.0,-900.0,1236.9807,15.115122,0.0010287606,False,False,-326.60197511258815
570.0,-900.0,570.0,-900.0,1210.2163,14.549273,0.0007956049,False,False,-312.3573974581911
590.0,-900.0,590.0,-900.0,1198.9983,14.504522,0.0009471908,False,False,-298.26464056980814
610.0,-900.0,610.0,-900.0,1196.81,14.790543,0.0013104432,False,False,-284.3287021804307
630.0,-900.0,630.0,-900.0,1201.2385,15.400367,0.0018204321,False,False,-270.5547424393354
650.0,-900.0,650.0,-900.0,1211.1509,16.431673,0.0024478715,False,False,-256.94808636860665
670.0,-900.0,670.0,-900.0,1228.5205,17.897713,0.0032434682,False,False,-243.51422594046713
690.0,-900.0,690.0,-900.0,1251.6443,19.869318,0.0041636173,False,False,-230.258821714738
710.0,-900.0,710.0,-900.0,1279.8258,22.318256,0.0051905187,False,False,-217.18770397073612
730.0,-900.0,730.0,-900.0,1317.4983,25.13387,0.006438244,False,False,-204.30687326286085
750.0,-900.0,750.0,-900.0,1364.3046,28.340237,0.007897804,False,False,-191.62250032415255
770.0,-900.0,770.0,-900.0,1418.1484,31.947027,0.0095154885,False,False,-184.44079632542204
789.9999999999999,-900.0,789.9999999999999,-900.0,1479.282,35.908287,0.011297967,False,False,-197.53914341035212
810.0,-900.0,810.0,-900.0,1550.9946,40.16577,0.013330258,False,False,-210.82616423663404
830.0,-900.0,830.0,-900.0,1631.6914,44.73454,0.015571438,False,False,-224.29571591180542
850.0,-900.0,850.0,-900.0,1721.3555,49.59999,0.018021345,False,False,-237.94184031399473
869.9999999999999,-900.0,869.9999999999999,-900.0,1819.5118,54.75042,0.020667998,False,False,-251.758762701504
890.0000000000001,-900.0,890.0000000000001,-900.0,1927.589,60.157806,0.023548603,False,False,-265.74088975587745
910.0,-900.0,910.0,-900.0,2046.3428,65.806725,0.026683053,False,False,-279.8828071350909
930.0,-900.0,930.0,-900.0,2176.4321,71.69203,0.03008877,False,False,-294.17927660737945
950.0,-900.0,950.0,-900.0,2317.8135,77.80679,0.03376504,False,False,-308.62523283024007
969.9999999999999,-900.0,969.9999999999999,-900.0,2472.1853,84.13584,0.03775631,False,False,-323.2157798333574
990.0,-900.0,990.0,-900.0,2638.2495,90.68825,0.042029414,False,False,-337.9461872586656
1010.0,-900.0,1010.0,-900.0,2820.1953,97.42147,0.046693604,False,False,-352.8118864054973
1030.0,-900.0,1030.0,-900.0,3016.6497,104.35458,0.05171383,False,False,-367.80846612382095
1050.0,-900.0,1050.0,-900.0,3229.3599,111.46791,0.057136197,False,False,-382.931668593933
1070.0,-900.0,1070.0,-900.0,3458.794,118.75867,0.0629736,False,False,-398.17738502666396
1090.0,-900.0,1090.0,-900.0,3707.1216,126.20389,0.06928334,False,False,-413.5416513141734
1110.0,-900.0,1110.0,-900.0,3973.431,133.81345,0.07604253,False,False,-429.02064365774646
1130.0,-900.0,1130.0,-900.0,4253.8057,141.62407,0.08314992,False,False,-444.61067419564637
1150.0,-900.0,1150.0,-900.0,4553.298,149.57098,0.0907381,False,False,-460.30818665102333
1170.0,-900.0,1170.0,-900.0,4868.872,157.68468,0.098728806,False,False,-476.1097520171054
1190.0,-900.0,1190.0,-900.0,5202.8584,165.92941,0.1071839,False,False,-492.01206429438776
1210.0,-900.0,1210.0,-900.0,5561.2266,174.22882,0.11626052,False,False,-508.01193629228277
1230.0,-900.0,1230.0,-900.0,5941.1226,182.49077,0.12588611,False,False,-524.1062955056645
1250.0,-900.0,1250.0,-900.0,6345.7686,190.73721,0.13614608,False,False,-540.2921800749365
1270.0,-900.0,1270.0,-900.0,6771.759,198.9376,0.14695314,False,False,-556.5667348366406
1290.0,-900.0,1290.0,-900.0,7216.034,206.8286,0.15823066,False,False,-572.9272074701995
1310.0,-900.0,1310.0,-900.0,7679.663,214.57333,0.17000702,False,False,-589.3709447451215
1330.0,-900.0,1330.0,-900.0,8163.3174,222.13242,0.1823016,False,False,-605.8953888718904
1350.0,-900.0,1350.0,-900.0,8668.018,229.5287,0.19514248,False,False,-622.4980739587953
1370.0,-900.0,1370.0,-900.0,9190.966,236.66875,0.20845866,False,False,-639.176622576103
1390.0,-900.0,1390.0,-900.0,9729.845,243.34242,0.22219229,False,False,-655.9287424282484
1410.0,-900.0,1410.0,-900.0,10287.827,249.66872,0.23642758,False,False,-672.7522231340779
1430.0,-900.0,1430.0,-900.0,10862.071,255.38678,0.2510935,False,False,-689.6449331146472
1450.0,-900.0,1450.0,-900.0,11453.652,260.71725,0.26621854,False,False,-706.6048165876014
1470.0,-900.0,1470.0,-900.0,12059.124,265.87964,0.28171265,False,False,-723.6298906667871
1490.0,-900.0,1490.0,-900.0,12668.368,270.697,0.29731226,False,False,-740.7182425654071
1510.0,-900.0,1510.0,-900.0,13279.842,275.05667,0.31297895,False,False,-757.8680269007681
1530.0,-900.0,1530.0,-900.0,13895.711,279.28363,0.32876885,False,False,-775.0774630984417
1550.0000000000002,-900.0,1550.0000000000002,-900.0,14517.319,283.38788,0.3447188,False,False,-792.3448328934921
1570.0,-900.0,1570.0,-900.0,15138.426,287.17758,0.36066628,False,False,-809.6684779262747
1590.0,-900.0,1590.0,-900.0,15759.781,290.73605,0.37663162,False,False,-827.0467974302136
1609.9999999999998,-900.0,1609.9999999999998,-900.0,16385.846,294.09467,0.39273393,False,False,-844.4782460088812
1630.0,-900.0,1630.0,-900.0,17018.91,297.2574,0.40903485,False,False,-861.9613314996637
1650.0000000000002,-900.0,1650.0000000000002,-900.0,17656.383,300.13196,0.42546773,False,False,-879.4946129212505
1670.0,-900.0,1670.0,-900.0,18293.98,302.86435,0.44191974,False,False,-897.076698502198
1690.0,-900.0,1690.0,-900.0,18929.262,305.40842,0.4583274,False,False,-914.7062437878038
1709.9999999999998,-900.0,1709.9999999999998,-900.0,19563.965,307.72168,0.47473794,False,False,-932.38194982255
1730.0,-900.0,1730.0,-900.0,20201.363,309.64853,0.49124,False,False,-950.1025614054251
1750.0,-900.0,1750.0,-900.0,20840.39,311.295,0.5078061,False,False,-967.8668654154427
-250.0,-880.0,-250.0,-880.0,28346.836,281.3178,0.7142861,False,False,-970.4974306914793
-229.99999999999997,-880.0,-229.99999999999997,-880.0,27717.043,285.75198,0.6976718,False,False,-952.7593970206204
-210.00000000000003,-880.0,-210.00000000000003,-880.0,27064.812,289.65222,0.680453,False,False,-935.0654771720141
-190.00000000000003,-880.0,-190.00000000000003,-880.0,26394.365,293.06763,0.6627459,False,False,-917.4168923928805
-170.0,-880.0,-170.0,-880.0,25714.7,295.90335,0.6447916,False,False,-899.8149061222222
-150.0,-880.0,-150.0,-880.0,25019.84,298.21585,0.6264298,False,False,-882.2608256601433
-130.0,-880.0,-130.0,-880.0,24314.096,300.1176,0.60778123,False,False,-864.7560039065221
-110.0,-880.0,-110.0,-880.0,23593.115,301.41437,0.58872145,False,False,-847.3018411716146
-90.0,-880.0,-90.0,-880.0,22856.14,301.9856,0.5692276,False,False,-829.8997870612078
-70.0,-880.0,-70.0,-880.0,22098.861,301.7512,0.549181,False,False,-812.5513424389586
-50.0,-880.0,-50.0,-880.0,21327.168,300.92798,0.5287495,False,False,-795.2580614685698
-30.0,-880.0,-30.0,-880.0,20531.982,299.14844,0.5076753,False,False,-778.0215537384531
-10.0,-880.0,-10.0,-880.0,19714.879,296.35672,0.486,False,False,-760.8434864715038
10.0,-880.0,10.0,-880.0,18880.186,292.73145,0.46385095,False,False,-743.7255868225759
30.0,-880.0,30.0,-880.0,18029.316,288.06018,0.44125873,False,False,-726.6696442661964
50.0,-880.0,50.0,-880.0,17162.348,282.35797,0.41822904,False,False,-709.6775130769456
70.0,-880.0,70.0,-880.0,16283.867,275.67548,0.39488864,False,False,-692.7511149048422
90.0,-880.0,90.0,-880.0,15383.045,267.54922,0.3709341,False,False,-675.8924414479001
110.0,-880.0,110.0,-880.0,14463.578,258.05157,0.34646744,False,False,-659.103557223846
130.0,-880.0,130.0,-880.0,13530.254,247.205,0.32162273,False,False,-642.3866024427488
150.0,-880.0,150.0,-880.0,12588.053,235.04106,0.29653642,False,False,-625.7437959820275
170.0,-880.0,170.0,-880.0,11629.602,220.946,0.27099574,False,False,-609.1774384649658
190.00000000000003,-880.0,190.00000000000003,-880.0,10657.445,205.07745,0.24508297,False,False,-592.6899154434567
210.00000000000003,-880.0,210.00000000000003,-880.0,9672.92,187.38966,0.21883686,False,False,-576.2837006852232
229.99999999999997,-880.0,229.99999999999997,-880.0,8683.08,168.32724,0.19245842,False,False,-559.9613595652036
250.0,-880.0,250.0,-880.0,7691.6533,148.16241,0.16605443,False,False,-543.7255525601483
270.0,-880.0,270.0,-880.0,6679.7783,125.799835,0.13910204,False,False,-527.5790388447175
290.0,-880.0,290.0,-880.0,5675.645,104.539345,0.112400204,False,False,-511.52467998652526
310.0,-880.0,310.0,-880.0,4766.8496,88.6828,0.08837837,False,False,-495.565443736577
330.0,-880.0,330.0,-880.0,3997.059,75.64611,0.068254866,False,False,-479.7044079104451
350.0,-880.0,350.0,-880.0,3351.1821,64.24356,0.051572338,False,False,-463.94476435424906
370.0,-880.0,370.0,-880.0,2822.4543,54.1088,0.03810137,False,False,-448.2898229880766
390.0,-880.0,390.0,-880.0,2395.349,45.08159,0.02738302,False,False,-432.7430159178758
410.0,-880.0,410.0,-880.0,2056.5713,37.146606,0.019034868,False,False,-417.30790160503494
430.0,-880.0,430.0,-880.0,1790.8937,30.301086,0.012630336,False,False,-401.9881690808533
450.0,-880.0,450.0,-880.0,1581.6045,24.691738,0.007713241,False,False,-386.7876421908657
470.00000000000006,-880.0,470.00000000000006,-880.0,1427.9813,20.460798,0.0042571295,False,False,-371.71028385148327
490.0,-880.0,490.0,-880.0,1317.7632,17.627323,0.0019308152,False,False,-356.76020029868704
510.00000000000006,-880.0,510.00000000000006,-880.0,1249.8319,16.001839,0.0007000676,False,False,-341.94164530546925
530.0,-880.0,530.0,-880.0,1210.4944,15.162205,0.00020102842,False,False,-327.2590243414306
550.0,-880.0,550.0,-880.0,1188.3867,14.650871,0.00013131468,False,False,-312.71689864432807
570.0,-880.0,570.0,-880.0,1175.0156,14.232098,0.00026529474,False,False,-298.319989169465
590.0,-880.0,590.0,-880.0,1164.8564,13.945338,0.00045799557,False,False,-284.0731803786013
610.0,-880.0,610.0,-880.0,1158.0192,13.855038,0.0007120451,False,False,-269.98152382553684
630.0,-880.0,630.0,-880.0,1154.3933,14.047306,0.0010246455,False,False,-256.05024149070124
650.0,-880.0,650.0,-880.0,1155.5923,14.552147,0.0014371016,False,False,-242.2847288119843
670.0,-880.0,670.0,-880.0,1163.1816,15.438782,0.001989635,False,False,-228.69055735367394
690.0,-880.0,690.0,-880.0,1176.6948,16.788595,0.002670381,False,False,-215.27347704979482
710.0,-880.0,710.0,-880.0,1198.188,18.602558,0.0035321722,False,False,-202.03941795238774
730.0,-880.0,730.0,-880.0,1225.6785,20.935074,0.004524241,False,False,-188.99449140941417
750.0,-880.0,750.0,-880.0,1258.5201,23.73906,0.005630117,False,False,-176.14499059110406
770.0,-880.0,770.0,-880.0,1301.6886,26.900118,0.0069779013,False,False,-169.31603940081152
789.9999999999999,-880.0,789.9999999999999,-880.0,1354.3535,30.451464,0.008546468,False,False,-182.5819210524064
810.0,-880.0,810.0,-880.0,1414.3364,34.397587,0.010279997,False,False,-196.0351165413164
830.0,-880.0,830.0,-880.0,1482.0474,38.690754,0.01218919,False,False,-209.66937631734734
850.0,-880.0,850.0,-880.0,1561.044,43.2762,0.014366053,False,False,-223.478647136925
869.9999999999999,-880.0,869.9999999999999,-880.0,1649.5159,48.171017,0.01676418,False,False,-237.457069962429
890.0000000000001,-880.0,890.0000000000001,-880.0,1747.2473,53.362858,0.019378304,False,False,-251.59897730862667
910.0,-880.0,910.0,-880.0,1853.7977,58.8386,0.022197355,False,False,-265.89889011721635
930.0,-880.0,930.0,-880.0,1970.7898,64.56983,0.025263611,False,False,-280.3515142334937
950.0,-880.0,950.0,-880.0,2099.0571,70.54073,0.028599033,False,False,-294.95173655237056
969.9999999999999,-880.0,969.9999999999999,-880.0,2238.9854,76.74979,0.032214016,False,False,-309.6946208945045
990.0,-880.0,990.0,-880.0,2391.0264,83.18474,0.036120746,False,False,-324.5754036671526
1010.0,-880.0,1010.0,-880.0,2556.3894,89.83631,0.040351048,False,False,-339.5894893585872
1030.0,-880.0,1030.0,-880.0,2734.1208,96.70884,0.04488074,False,False,-354.7324459095235
1050.0,-880.0,1050.0,-880.0,2928.6038,103.75962,0.049824223,False,False,-370.00000000000006
1070.0,-880.0,1070.0,-880.0,3138.0183,111.0115,0.055134922,False,False,-385.3880322855399
1090.0,-880.0,1090.0,-880.0,3364.648,118.43926,0.060872957,False,False,-400.89257261219
1110.0,-880.0,1110.0,-880.0,3608.6885,126.04296,0.06704426,False,False,-416.5097952361643
1130.0,-880.0,1130.0,-880.0,3872.6812,133.79576,0.073715925,False,False,-432.2360140703068
1150.0,-880.0,1150.0,-880.0,4155.1147,141.71338,0.08084954,False,False,-448.067677976413
1170.0,-880.0,1170.0,-880.0,4451.911,149.83253,0.08833969,False,False,-464.0013661195813
1190.0,-880.0,1190.0,-880.0,4769.1675,158.07674,0.09634641,False,False,-480.0337833982035
1210.0,-880.0,1210.0,-880.0,5102.6797,166.48865,0.10476092,False,False,-496.16175596089874
1230.0,-880.0,1230.0,-880.0,5454.966,175.01259,0.1136502,False,False,-512.3822268196623
1250.0,-880.0,1250.0,-880.0,5831.633,183.45027,0.123162985,False,False,-528.6922515666782
1270.0,-880.0,1270.0,-880.0,6231.872,191.93109,0.13327892,False,False,-545.0889942006579
1290.0,-880.0,1290.0,-880.0,6655.3,200.23721,0.14399096,False,False,-561.5697230671451
1310.0,-880.0,1310.0,-880.0,7098.0977,208.24442,0.15520188,False,False,-578.1318069160131
1330.0,-880.0,1330.0,-880.0,7561.6836,216.11368,0.1669493,False,False,-594.7727110782903
1350.0,-880.0,1350.0,-880.0,8045.2017,223.82106,0.17921261,False,False,-611.4899937635357
1370.0,-880.0,1370.0,-880.0,8549.337,231.3682,0.19201128,False,False,-628.2813024781684
1390.0,-880.0,1390.0,-880.0,9072.352,238.5763,0.20530267,False,False,-645.1443705644804
1410.0,-880.0,1410.0,-880.0,9611.062,245.36467,0.21900551,False,False,-662.0770138594662
1430.0,-880.0,1430.0,-880.0,10167.946,251.79124,0.23318623,False,False,-679.0771274721124
1450.0,-880.0,1450.0,-880.0,10739.894,257.62997,0.24776651,False,False,-696.1426826773743
1470.0,-880.0,1470.0,-880.0,11333.116,263.0826,0.26291004,False,False,-713.2717239247253
1490.0,-880.0,1490.0,-880.0,11946.716,268.2742,0.2785945,False,False,-730.4623659588785
1510.0,-880.0,1510.0,-880.0,12565.155,272.914,0.2944148,False,False,-747.7127910500626
1530.0,-880.0,1530.0,-880.0,13186.372,277.2203,0.31031692,False,False,-765.0212463310463
1550.0000000000002,-880.0,1550.0000000000002,-880.0,13814.768,281.3504,0.326417,False,False,-782.3860412379806
1570.0,-880.0,1570.0,-880.0,14447.09,285.3656,0.34263057,False,False,-799.8055450520202
1590.0,-880.0,1590.0,-880.0,15078.629,289.0436,0.3588354,False,False,-817.278184538625
1609.9999999999998,-880.0,1609.9999999999998,-880.0,15711.055,292.51633,0.3750763,False,False,-834.8024416813926
1630.0,-880.0,1630.0,-880.0,16345.889,295.8483,0.39139423,False,False,-852.3768515072735
1650.0000000000002,-880.0,1650.0000000000002,-880.0,16988.098,299.00186,0.40792218,False,False,-870.0000000000002
1670.0,-880.0,1670.0,-880.0,17633.533,301.87057,0.42455208,False,False,-887.6705220985998
1690.0,-880.0,1690.0,-880.0,18281.285,304.4785,0.44126105,False,False,-905.3870997778905
1709.9999999999998,-880.0,1709.9999999999998,-880.0,18926.484,306.9517,0.45792067,False,False,-923.1484602078956
1730.0,-880.0,1730.0,-880.0,19567.65,309.18307,0.47449288,False,False,-940.9533739891848
1750.0,-880.0,1750.0,-880.0,20211.453,311.11407,0.49115616,False,False,-958.800653461194
-250.0,-860.0,-250.0,-860.0,27751.664,288.06796,0.6984786,False,False,-961.380376157436
-229.99999999999997,-860.0,-229.99999999999997,-860.0,27097.428,292.10843,0.681199,False,False,-943.5591368070335
-210.00000000000003,-860.0,-210.00000000000003,-860.0,26429.443,295.45978,0.6635455,False,False,-925.7806875541976
-190.00000000000003,-860.0,-190.00000000000003,-860.0,25746.238,298.3215,0.6454852,False,False,-908.0462245048818
-170.0,-860.0,-170.0,-860.0,25049.123,300.73932,0.62705445,False,False,-890.356985634711
-150.0,-860.0,-150.0,-860.0,24341.2,302.70706,0.60833824,False,False,-872.714252476487
-130.0,-860.0,-130.0,-860.0,23618.969,304.04572,0.58923525,False,False,-855.1193518798689
-110.0,-860.0,-110.0,-860.0,22881.84,304.70193,0.56972814,False,False,-837.5736578460741
-90.0,-860.0,-90.0,-860.0,22122.16,304.64264,0.5496109,False,False,-820.0785934405187
-70.0,-860.0,-70.0,-860.0,21347.633,303.9153,0.52909434,False,False,-802.635632786347
-50.0,-860.0,-50.0,-860.0,20553.023,302.3096,0.50802946,False,False,-785.2463031418523
-30.0,-860.0,-30.0,-860.0,19734.16,299.70697,0.48630017,False,False,-767.9121870648062
-10.0,-860.0,-10.0,-860.0,18897.666,296.1778,0.4640915,False,False,-750.6349246667287
10.0,-860.0,10.0,-860.0,18046.404,291.61047,0.4414786,False,False,-733.4162159601193
30.0,-860.0,30.0,-860.0,17177.451,286.0279,0.41838515,False,False,-716.2578233016494
50.0,-860.0,50.0,-860.0,16295.705,279.39948,0.394944,False,False,-699.1615739342544
70.0,-860.0,70.0,-860.0,15394.207,271.49753,0.3709635,False,False,-682.1293626309927
90.0,-860.0,90.0,-860.0,14475.277,262.22015,0.34650427,False,False,-665.1631544434214
110.0,-860.0,110.0,-860.0,13538.511,251.36047,0.32155013,False,False,-648.2649875570925
130.0,-860.0,130.0,-860.0,12597.854,239.3361,0.2964952,False,False,-631.4369762565758
150.0,-860.0,150.0,-860.0,11637.145,225.3305,0.27088016,False,False,-614.6813140021827
170.0,-860.0,170.0,-860.0,10666.061,209.76071,0.24498782,False,False,-598.0002766202613
190.00000000000003,-860.0,190.00000000000003,-860.0,9676.345,191.9881,0.2185849,False,False,-581.3962256085754
210.00000000000003,-860.0,210.00000000000003,-860.0,8680.207,172.74336,0.19202235,False,False,-564.8716115578509
229.99999999999997,-860.0,229.99999999999997,-860.0,7685.9385,152.65387,0.16553198,False,False,-548.4289776900592
250.0,-860.0,250.0,-860.0,6673.5615,129.86475,0.13855231,False,False,-532.0709635134067
270.0,-860.0,270.0,-860.0,5657.269,106.84502,0.111500025,False,False,-515.8003085932902
290.0,-860.0,290.0,-860.0,4713.6304,88.95741,0.08649549,False,False,-499.6198564376677
310.0,-860.0,310.0,-860.0,3918.0469,74.784386,0.06565607,False,False,-483.532558494335
330.0,-860.0,330.0,-860.0,3252.6855,62.655624,0.04845411,False,False,-467.5414782565309
350.0,-860.0,350.0,-860.0,2717.7336,51.99662,0.03483583,False,False,-451.649795472028
370.0,-860.0,370.0,-860.0,2292.037,42.67511,0.02418473,False,False,-435.8608104494659
390.0,-860.0,390.0,-860.0,1963.1492,34.63676,0.016134478,False,False,-420.17794845407093
410.0,-860.0,410.0,-860.0,1708.1279,27.946548,0.010050769,False,False,-404.6047641830888
430.0,-860.0,430.0,-860.0,1515.12,22.762707,0.0056040734,False,False,-389.14494630922024
450.0,-860.0,450.0,-860.0,1378.2642,19.205631,0.0026310566,False,False,-373.8023220780578
470.00000000000006,-860.0,470.00000000000006,-860.0,1290.7864,17.163284,0.0009450575,False,False,-358.58086194296135
490.0,-860.0,490.0,-860.0,1240.4563,16.134468,0.00021829462,False,False,-343.484684217984
510.00000000000006,-860.0,510.00000000000006,-860.0,1210.8489,15.574904,1.4638237e-05,False,False,-328.51805972629256
530.0,-860.0,530.0,-860.0,1189.6072,15.124208,6.7528454e-06,False,False,-313.68541641807434
550.0,-860.0,550.0,-860.0,1170.6927,14.673615,3.4596393e-05,False,False,-298.9913439281056
570.0,-860.0,570.0,-860.0,1152.8767,14.259646,6.636922e-05,False,False,-284.4405980389916
590.0,-860.0,590.0,-860.0,1138.4697,13.831031,0.00016104028,False,False,-270.03810501156966
610.0,-860.0,610.0,-860.0,1127.8405,13.470794,0.00032805162,False,False,-255.788965739067
630.0,-860.0,630.0,-860.0,1120.2695,13.293691,0.0005490931,False,False,-241.69845967634674
650.0,-860.0,650.0,-860.0,1116.0931,13.383142,0.0008327202,False,False,-227.77204848995837
670.0,-860.0,670.0,-860.0,1115.4591,13.817131,0.0011827918,False,False,-214.01537936874792
690.0,-860.0,690.0,-860.0,1120.7653,14.609373,0.0016607774,False,False,-200.43428792852353
710.0,-860.0,710.0,-860.0,1132.1907,15.86498,0.0022713528,False,False,-187.03480063773958
730.0,-860.0,730.0,-860.0,1150.634,17.60027,0.003037652,False,False,-173.82313668443882
750.0,-860.0,750.0,-860.0,1177.3422,19.827452,0.003991808,False,False,-160.80570919784475
770.0,-860.0,770.0,-860.0,1209.8799,22.572823,0.0050714794,False,False,-154.33963806151957
789.9999999999999,-860.0,789.9999999999999,-860.0,1248.7296,25.756453,0.0062892335,False,False,-167.7756633874505
810.0,-860.0,810.0,-860.0,1298.9961,29.289642,0.0077765435,False,False,-181.39747756629328
830.0,-860.0,830.0,-860.0,1358.6667,33.216602,0.00948188,False,False,-195.19872824564217
850.0,-860.0,850.0,-860.0,1425.7323,37.52771,0.011353737,False,False,-209.17327128910685
869.9999999999999,-860.0,869.9999999999999,-860.0,1501.5627,42.16772,0.013427649,False,False,-223.31516789419402
890.0000000000001,-860.0,890.0000000000001,-860.0,1589.0215,47.10287,0.015777798,False,False,-237.61868117768825
910.0,-860.0,910.0,-860.0,1686.4431,52.34325,0.018361535,False,False,-252.07827231367625
930.0,-860.0,930.0,-860.0,1793.3413,57.878555,0.02116664,False,False,-266.6885963013957
950.0,-860.0,950.0,-860.0,1909.5986,63.69137,0.02419044,False,False,-281.44449743248737
969.9999999999999,-860.0,969.9999999999999,-860.0,2036.5009,69.76025,0.027466534,False,False,-296.3410045200299
990.0,-860.0,990.0,-860.0,2176.3215,76.0571,0.031054247,False,False,-311.3733259449806
1010.0,-860.0,1010.0,-860.0,2327.1392,82.60154,0.03490428,False,False,-326.5368445693472
1030.0,-860.0,1030.0,-860.0,2491.7495,89.36011,0.0390896,False,False,-341.8271125595876
1050.0,-860.0,1050.0,-860.0,2669.3823,96.34268,0.043590818,False,False,-357.2398461583716
1070.0,-860.0,1070.0,-860.0,2860.5996,103.53746,0.04842312,False,False,-372.7709204379296
1090.0,-860.0,1090.0,-860.0,3069.7144,110.90641,0.053699248,False,False,-388.41636406374874
1110.0,-860.0,1110.0,-860.0,3294.0327,118.47768,0.05934996,False,False,-404.1723540933285
1130.0,-860.0,1130.0,-860.0,3536.842,126.21716,0.06546166,False,False,-420.0352108310554
1150.0,-860.0,1150.0,-860.0,3798.0728,134.12689,0.07203348,False,False,-436.00139275698484
1170.0,-860.0,1170.0,-860.0,4079.8674,142.18475,0.079122275,False,False,-452.06749154438427
1190.0,-860.0,1190.0,-860.0,4379.9136,150.4132,0.08666881,False,False,-468.2302271782856
1210.0,-860.0,1210.0,-860.0,4695.341,158.83221,0.09459914,False,False,-484.48644318498253
1230.0,-860.0,1230.0,-860.0,5031.8633,167.37236,0.10306353,False,False,-500.8331019803634
1250.0,-860.0,1250.0,-860.0,5384.4746,176.02837,0.11193263,False,False,-517.2672803431835
1270.0,-860.0,1270.0,-860.0,5756.615,184.67804,0.12129809,False,False,-533.7861650177967
1290.0,-860.0,1290.0,-860.0,6155.909,193.33922,0.13136035,False,False,-550.3870484495154
1310.0,-860.0,1310.0,-860.0,6575.8643,201.73557,0.14195335,False,False,-567.0673246545599
1330.0,-860.0,1330.0,-860.0,7017.48,209.85587,0.15310508,False,False,-583.8244852255569
1350.0,-860.0,1350.0,-860.0,7481.2134,217.83347,0.16482843,False,False,-600.6561154726522
1370.0,-860.0,1370.0,-860.0,7966.0723,225.66455,0.17709908,False,False,-617.5598906995684
1390.0,-860.0,1390.0,-860.0,8471.322,233.31224,0.18989977,False,False,-634.5335726133006
1410.0,-860.0,1410.0,-860.0,8993.508,240.57085,0.203143,False,False,-651.5750058656132
1430.0,-860.0,1430.0,-860.0,9534.664,247.44466,0.21688391,False,False,-668.6821147240719
1450.0,-860.0,1450.0,-860.0,10090.836,253.8788,0.2310209,False,False,-685.8528998699741
1470.0,-860.0,1470.0,-860.0,10662.697,259.82953,0.24557398,False,False,-703.0854353202601
1490.0,-860.0,1490.0,-860.0,11256.312,265.4208,0.26070344,False,False,-720.3778654702577
1510.0,-860.0,1510.0,-860.0,11871.649,270.65475,0.2764107,False,False,-737.7284022539309
1530.0,-860.0,1530.0,-860.0,12496.793,275.17026,0.29238626,False,False,-755.1353224181889
1550.0000000000002,-860.0,1550.0000000000002,-860.0,13128.656,279.40237,0.3085482,False,False,-772.5969649077032
1570.0,-860.0,1570.0,-860.0,13767.488,283.48932,0.32490385,False,False,-790.1117283566409
1590.0,-860.0,1590.0,-860.0,14409.686,287.37424,0.34135982,False,False,-807.6780686836914
1609.9999999999998,-860.0,1609.9999999999998,-860.0,15051.589,290.94656,0.35782117,False,False,-825.2944967867514
1630.0,-860.0,1630.0,-860.0,15694.387,294.32663,0.37432003,False,False,-842.9595763336753
1650.0000000000002,-860.0,1650.0000000000002,-860.0,16339.681,297.61984,0.39089954,False,False,-860.6719216455115
1670.0,-860.0,1670.0,-860.0,16988.73,300.73514,0.40759468,False,False,-878.430195668713
1690.0,-860.0,1690.0,-860.0,17642.438,303.57617,0.4244312,False,False,-896.2331080328706
1709.9999999999998,-860.0,1709.9999999999998,-860.0,18298.43,306.08514,0.44134754,False,False,-914.0794131905812
1730.0,-860.0,1730.0,-860.0,18952.89,308.46744,0.45824325,False,False,-931.9679086361658
1750.0,-860.0,1750.0,-860.0,19601.812,310.6029,0.47501284,False,False,-949.8974332000132
-250.0,-840.0000000000001,-250.0,-840.0000000000001,27161.602,294.0276,0.68276536,False,False,-952.4256286960709
-229.99999999999997,-840.0000000000001,-229.99999999999997,-840.0000000000001,26494.25,297.47125,0.6651193,False,False,-934.5218980099098
-210.00000000000003,-840.0000000000001,-210.00000000000003,-840.0000000000001,25808.354,300.39618,0.6469747,False,False,-916.6596234518222
-190.00000000000003,-840.0000000000001,-190.00000000000003,-840.0000000000001,25110.658,302.91705,0.62851876,False,False,-898.8399749481517
-170.0,-840.0000000000001,-170.0,-840.0000000000001,24400.564,304.92352,0.6097321,False,False,-881.0641639114054
-150.0,-840.0000000000001,-150.0,-840.0000000000001,23678.598,306.30582,0.59062487,False,False,-863.3334449427806
-130.0,-840.0000000000001,-130.0,-840.0000000000001,22940.586,307.17688,0.57108784,False,False,-845.6491176095599
-110.0,-840.0000000000001,-110.0,-840.0000000000001,22180.355,307.25192,0.5509466,False,False,-828.012528300494
-90.0,-840.0000000000001,-90.0,-840.0000000000001,21402.994,306.62662,0.5303425,False,False,-810.4250721623857
-70.0,-840.0000000000001,-70.0,-840.0000000000001,20610.043,305.24222,0.5093161,False,False,-792.8881951211563
-50.0,-840.0000000000001,-50.0,-840.0000000000001,19791.156,302.87354,0.48757946,False,False,-775.403395990729
-30.0,-840.0000000000001,-30.0,-840.0000000000001,18956.027,299.40125,0.465393,False,False,-757.9722286731464
-10.0,-840.0000000000001,-10.0,-840.0000000000001,18102.227,295.05026,0.442703,False,False,-740.5963044533465
10.0,-840.0000000000001,10.0,-840.0000000000001,17233.912,289.59317,0.41961375,False,False,-723.2772943920726
30.0,-840.0000000000001,30.0,-840.0000000000001,16349.18,283.09964,0.39607987,False,False,-706.0169318203964
50.0,-840.0000000000001,50.0,-840.0000000000001,15449.612,275.48648,0.3721431,False,False,-688.8170149393025
70.0,-840.0000000000001,70.0,-840.0000000000001,14530.775,266.38516,0.34767464,False,False,-671.6794095277695
90.0,-840.0000000000001,90.0,-840.0000000000001,13594.1875,255.63947,0.3227098,False,False,-654.6060517626934
110.0,-840.0000000000001,110.0,-840.0000000000001,12652.227,243.69284,0.29760426,False,False,-637.5989511538976
130.0,-840.0000000000001,130.0,-840.0000000000001,11692.904,230.00276,0.27201754,False,False,-620.6601935973383
150.0,-840.0000000000001,150.0,-840.0000000000001,10720.432,214.6416,0.24607319,False,False,-603.7919445494103
170.0,-840.0000000000001,170.0,-840.0000000000001,9728.977,197.06946,0.21961015,False,False,-586.9964523250187
190.00000000000003,-840.0000000000001,190.00000000000003,-840.0000000000001,8729.012,177.8843,0.19292946,False,False,-570.2760515217734
210.00000000000003,-840.0000000000001,210.00000000000003,-840.0000000000001,7728.4155,157.50948,0.16625008,False,False,-553.6331665722857
229.99999999999997,-840.0000000000001,229.99999999999997,-840.0000000000001,6721.0723,135.09714,0.13939674,False,False,-537.070315426085
250.0,-840.0000000000001,250.0,-840.0000000000001,5697.24,110.677,0.11211525,False,False,-520.5901133621321
270.0,-840.0000000000001,270.0,-840.0000000000001,4721.7803,90.22044,0.086208545,False,False,-504.1952769322464
290.0,-840.0000000000001,290.0,-840.0000000000001,3886.022,74.74781,0.06424746,False,False,-487.88862803500655
310.0,-840.0000000000001,310.0,-840.0000000000001,3198.8,61.734188,0.046452433,False,False,-471.673098118774
330.0,-840.0000000000001,330.0,-840.0000000000001,2650.1855,50.516296,0.032483693,False,False,-455.55173251146493
350.0,-840.0000000000001,350.0,-840.0000000000001,2222.477,40.867344,0.021807123,False,False,-439.5276948734761
370.0,-840.0000000000001,370.0,-840.0000000000001,1897.5186,32.760586,0.013897536,False,False,-423.60427176879466
390.0,-840.0000000000001,390.0,-840.0000000000001,1651.767,26.258692,0.008098916,False,False,-407.7848773477348
410.0,-840.0000000000001,410.0,-840.0000000000001,1472.4443,21.56626,0.004056074,False,False,-392.07305813293914
430.0,-840.0000000000001,430.0,-840.0000000000001,1352.1346,18.69467,0.0015620514,False,False,-376.47249789823604
450.0,-840.0000000000001,450.0,-840.0000000000001,1283.6921,17.250656,0.00041999953,False,False,-360.987022627632
470.00000000000006,-840.0000000000001,470.00000000000006,-840.0000000000001,1245.082,16.544405,4.2863074e-05,False,False,-345.62060553911056
490.0,-840.0000000000001,490.0,-840.0000000000001,1220.0767,16.064747,0.0,False,False,-330.377372155006
510.00000000000006,-840.0000000000001,510.00000000000006,-840.0000000000001,1197.6616,15.609293,0.0,False,False,-315.26160539744944
530.0,-840.0000000000001,530.0,-840.0000000000001,1176.2139,15.161286,0.0,False,False,-300.2777506837885
550.0,-840.0000000000001,550.0,-840.0000000000001,1155.7329,14.720697,0.0,False,False,-285.4304209928708
570.0,-840.0000000000001,570.0,-840.0000000000001,1136.8777,14.269694,1.6782142e-05,False,False,-270.72440186868437
590.0,-840.0000000000001,590.0,-840.0000000000001,1119.6111,13.835262,4.9413764e-05,False,False,-256.1646563230245
610.0,-840.0000000000001,610.0,-840.0000000000001,1103.9402,13.432374,9.807717e-05,False,False,-241.75632959359578
630.0,-840.0000000000001,630.0,-840.0000000000001,1092.6082,13.033382,0.00023282587,False,False,-227.5047537082596
650.0,-840.0000000000001,650.0,-840.0000000000001,1084.5889,12.791626,0.00042744074,False,False,-213.41545179999733
670.0,-840.0000000000001,670.0,-840.0000000000001,1080.1008,12.798257,0.0006875306,False,False,-199.49414211058496
690.0,-840.0000000000001,690.0,-840.0000000000001,1079.0986,13.155893,0.0010120126,False,False,-185.74674161400267
710.0,-840.0000000000001,710.0,-840.0000000000001,1082.4484,13.912161,0.0014230902,False,False,-172.17936918324972
730.0,-840.0000000000001,730.0,-840.0000000000001,1092.831,15.086842,0.0019895178,False,False,-158.7983482165728
750.0,-840.0000000000001,750.0,-840.0000000000001,1109.1306,16.783966,0.0026827904,False,False,-145.61020863122297
770.0,-840.0000000000001,770.0,-840.0000000000001,1134.1204,18.958715,0.0035742207,False,False,-139.51744172697948
789.9999999999999,-840.0000000000001,789.9999999999999,-840.0000000000001,1166.53,21.656042,0.0046313936,False,False,-153.12618563624696
810.0,-840.0000000000001,810.0,-840.0000000000001,1204.6041,24.84515,0.005809383,False,False,-166.91902032660366
830.0,-840.0000000000001,830.0,-840.0000000000001,1251.5125,28.415678,0.007189887,False,False,-180.88949525347226
850.0,-840.0000000000001,850.0,-840.0000000000001,1310.4594,32.344826,0.008855563,False,False,-195.03138034111893
869.9999999999999,-840.0000000000001,869.9999999999999,-840.0000000000001,1377.7318,36.674618,0.0107111465,False,False,-209.3386622447826
890.0000000000001,-840.0000000000001,890.0000000000001,-840.0000000000001,1452.6836,41.368404,0.012740223,False,False,-223.80554010839504
910.0,-840.0000000000001,910.0,-840.0000000000001,1538.953,46.361404,0.015036926,False,False,-238.42642090678945
930.0,-840.0000000000001,930.0,-840.0000000000001,1636.0698,51.662876,0.017589489,False,False,-253.1959144523254
950.0,-840.0000000000001,950.0,-840.0000000000001,1743.2732,57.267258,0.020378612,False,False,-268.10882813739624
969.9999999999999,-840.0000000000001,969.9999999999999,-840.0000000000001,1859.8721,63.163857,0.023386829,False,False,-283.16016147634514
990.0,-840.0000000000001,990.0,-840.0000000000001,1987.6311,69.31906,0.026660178,False,False,-298.3451005029442
1010.0,-840.0000000000001,1010.0,-840.0000000000001,2126.0918,75.73007,0.030187212,False,False,-313.6590120727678
1030.0,-840.0000000000001,1030.0,-840.0000000000001,2278.3052,82.36765,0.034047484,False,False,-329.0974381135494
1050.0,-840.0000000000001,1050.0,-840.0000000000001,2441.8809,89.24871,0.038179565,False,False,-344.65608986089825
1070.0,-840.0000000000001,1070.0,-840.0000000000001,2620.6064,96.33748,0.042682283,False,False,-360.33084211157995
1090.0,-840.0000000000001,1090.0,-840.0000000000001,2811.8923,103.656105,0.04748907,False,False,-376.11772752188614
1110.0,-840.0000000000001,1110.0,-840.0000000000001,3019.5303,111.164024,0.05269911,False,False,-392.0129309744217
1130.0,-840.0000000000001,1130.0,-840.0000000000001,3244.4866,118.859146,0.05833836,False,False,-408.01278403287233
1150.0,-840.0000000000001,1150.0,-840.0000000000001,3485.9302,126.74623,0.06438608,False,False,-424.1137595009749
1170.0,-840.0000000000001,1170.0,-840.0000000000001,3747.024,134.7954,0.07092561,False,False,-440.31246609893657
1190.0,-840.0000000000001,1190.0,-840.0000000000001,4028.0,143.00378,0.07796406,False,False,-456.60564326793695
1210.0,-840.0000000000001,1210.0,-840.0000000000001,4329.713,151.36272,0.085524894,False,False,-472.99015611103124
1230.0,-840.0000000000001,1230.0,-840.0000000000001,4648.172,159.90906,0.093504995,False,False,-489.46299047676916
1250.0,-840.0000000000001,1250.0,-840.0000000000001,4985.6494,168.60437,0.10196487,False,False,-506.0212481900778
1270.0,-840.0000000000001,1270.0,-840.0000000000001,5341.199,177.35126,0.110881515,False,False,-522.6621424334422
1290.0,-840.0000000000001,1290.0,-840.0000000000001,5713.407,186.17264,0.12021925,False,False,-539.3829932801
1310.0,-840.0000000000001,1310.0,-840.0000000000001,6110.3003,194.97607,0.13018955,False,False,-556.1812233798478
1330.0,-840.0000000000001,1330.0,-840.0000000000001,6529.1377,203.42366,0.14072488,False,False,-573.0543537970965
1350.0,-840.0000000000001,1350.0,-840.0000000000001,6970.748,211.68344,0.1518477,False,False,-590.0000000000001
1370.0,-840.0000000000001,1370.0,-840.0000000000001,7434.8486,219.76561,0.16355237,False,False,-607.0158679988199
1390.0,-840.0000000000001,1390.0,-840.0000000000001,7921.371,227.6933,0.17583878,False,False,-624.0997506310998
1410.0,-840.0000000000001,1410.0,-840.0000000000001,8427.891,235.40154,0.18864563,False,False,-641.2495239907918
1430.0,-840.0000000000001,1430.0,-840.0000000000001,8951.776,242.6573,0.20190726,False,False,-658.4631439980813
1450.0,-840.0000000000001,1450.0,-840.0000000000001,9493.375,249.61082,0.21563376,False,False,-675.7386431063765
1470.0,-840.0000000000001,1470.0,-840.0000000000001,10051.432,255.99896,0.22979575,False,False,-693.0741271426955
1490.0,-840.0000000000001,1490.0,-840.0000000000001,10625.701,262.01398,0.24438764,False,False,-710.4677722775135
1510.0,-840.0000000000001,1510.0,-840.0000000000001,11219.137,267.77255,0.25948822,False,False,-727.917822120022
1530.0,-840.0000000000001,1530.0,-840.0000000000001,11834.723,272.9899,0.27517974,False,False,-745.4225849346628
1550.0000000000002,-840.0000000000001,1550.0000000000002,-840.0000000000001,12463.525,277.4644,0.2912305,False,False,-762.9804309747741
1570.0,-840.0000000000001,1570.0,-840.0000000000001,13105.198,281.63907,0.3076309,False,False,-780.5897899291683
1590.0,-840.0000000000001,1590.0,-840.0000000000001,13753.821,285.68588,0.3242259,False,False,-798.2491484774854
1609.9999999999998,-840.0000000000001,1609.9999999999998,-840.0000000000001,14405.352,289.39908,0.340911,False,False,-815.9570479501987
1630.0,-840.0000000000001,1630.0,-840.0000000000001,15056.318,292.86194,0.3575955,False,False,-833.7120820892251
1650.0000000000002,-840.0000000000001,1650.0000000000002,-840.0000000000001,15709.434,296.1764,0.37435198,False,False,-851.5128949051369
1670.0,-840.0000000000001,1670.0,-840.0000000000001,16364.961,299.40222,0.39118844,False,False,-869.3581786270922
1690.0,-840.0000000000001,1690.0,-840.0000000000001,17021.043,302.44077,0.40805718,False,False,-887.2466717416675
1709.9999999999998,-840.0000000000001,1709.9999999999998,-840.0000000000001,17682.168,305.22162,0.42507905,False,False,-905.1771571168913
1730.0,-840.0000000000001,1730.0,-840.0000000000001,18345.535,307.6931,0.44218105,False,False,-923.1484602078956
1750.0,-840.0000000000001,1750.0,-840.0000000000001,19008.215,309.95087,0.45928675,False,False,-941.1594473406868
-250.0,-820.0,-250.0,-820.0,26585.715,299.0995,0.6673852,False,False,-943.6354316597057
-229.99999999999997,-820.0,-229.99999999999997,-820.0,25899.627,302.1471,0.6492244,False,False,-925.6499758506546
-210.00000000000003,-820.0,-210.00000000000003,-820.0,25202.023,304.76447,0.63075936,False,False,-907.7046332659161
-190.00000000000003,-820.0,-190.00000000000003,-820.0,24490.09,306.78574,0.61190814,False,False,-889.8005466384169
-170.0,-820.0,-170.0,-820.0,23768.19,308.31775,0.5927931,False,False,-871.938899741516
-150.0,-820.0,-150.0,-820.0,23029.043,309.3236,0.5732151,False,False,-854.1209191031994
-130.0,-820.0,-130.0,-820.0,22271.05,309.62442,0.5531264,False,False,-836.3478757976959
-110.0,-820.0,-110.0,-820.0,21493.104,309.11642,0.53249407,False,False,-818.6210873178961
-90.0,-820.0,-90.0,-820.0,20700.553,307.98392,0.5114713,False,False,-800.9419195320937
-70.0,-820.0,-70.0,-820.0,19884.781,305.79227,0.48980808,False,False,-783.3117887286451
-50.0,-820.0,-50.0,-820.0,19049.385,302.53577,0.4676035,False,False,-765.7321637522424
-30.0,-820.0,-30.0,-820.0,18197.21,298.35794,0.44494468,False,False,-748.2045682355919
-10.0,-820.0,-10.0,-820.0,17328.434,293.10696,0.42183077,False,False,-730.7305829303441
10.0,-820.0,10.0,-820.0,16442.531,286.77954,0.39825088,False,False,-713.311848141203
30.0,-820.0,30.0,-820.0,15545.37,279.45068,0.3743683,False,False,-695.9500662671769
50.0,-820.0,50.0,-820.0,14627.156,270.54108,0.349902,False,False,-678.6470044539615
70.0,-820.0,70.0,-820.0,13694.526,260.06766,0.3250319,False,False,-661.4044973614568
90.0,-820.0,90.0,-820.0,12749.67,248.2315,0.29982972,False,False,-644.2244500503851
110.0,-820.0,110.0,-820.0,11793.491,234.97246,0.27431995,False,False,-627.108840991932
130.0,-820.0,130.0,-820.0,10818.834,219.77548,0.2482985,False,False,-610.0597252042312
150.0,-820.0,150.0,-820.0,9828.77,202.69202,0.221862,False,False,-593.0792375193837
170.0,-820.0,170.0,-820.0,8826.016,183.68256,0.1950883,False,False,-576.1695959845051
190.00000000000003,-820.0,190.00000000000003,-820.0,7820.2188,163.1051,0.16824646,False,False,-559.3331054000535
210.00000000000003,-820.0,210.00000000000003,-820.0,6814.433,141.0442,0.14142331,False,False,-542.5721609983731
229.99999999999997,-820.0,229.99999999999997,-820.0,5793.288,116.18121,0.114188716,False,False,-525.8892522649888
250.0,-820.0,250.0,-820.0,4787.842,92.85142,0.08743208,False,False,-509.2869669047117
270.0,-820.0,270.0,-820.0,3905.108,75.5902,0.06414571,False,False,-492.76799495401843
290.0,-820.0,290.0,-820.0,3187.0513,61.559765,0.04550295,False,False,-476.3351330404817
310.0,-820.0,310.0,-820.0,2617.065,49.692333,0.030969888,False,False,-459.9912887891741
330.0,-820.0,330.0,-820.0,2181.7502,39.66267,0.020116441,False,False,-443.73948537500706
350.0,-820.0,350.0,-820.0,1856.2656,31.482883,0.012229281,False,False,-427.58286621880785
370.0,-820.0,370.0,-820.0,1616.2249,25.172817,0.006622609,False,False,-411.52469982360674
390.0,-820.0,390.0,-820.0,1447.9338,20.973238,0.0029151258,False,False,-395.56838474606445
410.0,-820.0,410.0,-820.0,1344.8091,18.69617,0.0009191122,False,False,-379.7174546961984
430.0,-820.0,430.0,-820.0,1289.1653,17.645977,0.00015818712,False,False,-363.975583756532
450.0,-820.0,450.0,-820.0,1257.3079,17.080698,1.3557146e-06,False,False,-348.3465917094868
470.00000000000006,-820.0,470.00000000000006,-820.0,1232.3176,16.598925,0.0,False,False,-332.83444945919877
490.0,-820.0,490.0,-820.0,1208.3678,16.124968,0.0,False,False,-317.4432845309973
510.00000000000006,-820.0,510.00000000000006,-820.0,1185.4083,15.658615,0.0,False,False,-302.1773866284266
530.0,-820.0,530.0,-820.0,1163.4402,15.199903,0.0,False,False,-287.04121322398026
550.0,-820.0,550.0,-820.0,1142.4629,14.748788,0.0,False,False,-272.0393951555399
570.0,-820.0,570.0,-820.0,1122.4761,14.305255,0.0,False,False,-257.1767421958967
590.0,-820.0,590.0,-820.0,1103.6854,13.862656,5.2455e-06,False,False,-242.45824855763453
610.0,-820.0,610.0,-820.0,1086.8538,13.414312,3.5164616e-05,False,False,-227.88909829003745
630.0,-820.0,630.0,-820.0,1071.2007,13.013088,6.988604e-05,False,False,-213.47467051856418
650.0,-820.0,650.0,-820.0,1058.8972,12.615697,0.00016477931,False,False,-199.22054447076349
670.0,-820.0,670.0,-820.0,1050.9038,12.314158,0.00034436167,False,False,-185.1325042253169
690.0,-820.0,690.0,-820.0,1046.19,12.264224,0.0005823731,False,False,-171.21654311317997
710.0,-820.0,710.0,-820.0,1045.1699,12.562921,0.0008894444,False,False,-157.47886769158947
730.0,-820.0,730.0,-820.0,1047.8997,13.29164,0.0012670397,False,False,-143.92590120305448
750.0,-820.0,750.0,-820.0,1056.7289,14.451004,0.001775385,False,False,-130.5642864224205
770.0,-820.0,770.0,-820.0,1072.573,16.114317,0.0024380984,False,False,-124.85554628138806
789.9999999999999,-820.0,789.9999999999999,-820.0,1095.5793,18.292183,0.0032591333,False,False,-138.63953909918297
810.0,-820.0,810.0,-820.0,1127.7949,20.966837,0.0042912164,False,False,-152.6057435220423
830.0,-820.0,830.0,-820.0,1166.5902,24.156153,0.0054670246,False,False,-166.747616239262
850.0,-820.0,850.0,-820.0,1211.5867,27.785347,0.006776965,False,False,-181.05884696741504
869.9999999999999,-820.0,869.9999999999999,-820.0,1268.969,31.754368,0.008380398,False,False,-195.53335377980986
890.0000000000001,-820.0,890.0000000000001,-820.0,1336.7052,36.114273,0.010225344,False,False,-210.16527796826168
910.0,-820.0,910.0,-820.0,1412.604,40.856705,0.012255671,False,False,-224.94897852931
930.0,-820.0,930.0,-820.0,1497.3391,45.933968,0.014489019,False,False,-239.8790263570072
950.0,-820.0,950.0,-820.0,1594.8446,51.303993,0.0170273,False,False,-254.9501982150526
969.9999999999999,-820.0,969.9999999999999,-820.0,1703.0138,56.982914,0.019816503,False,False,-270.1574705523721
990.0,-820.0,990.0,-820.0,1821.2747,62.96043,0.022842262,False,False,-285.4960132182441
1010.0,-820.0,1010.0,-820.0,1949.202,69.220314,0.026093997,False,False,-300.96118312576874
1030.0,-820.0,1030.0,-820.0,2088.7646,75.73523,0.029623082,False,False,-316.54851790581574
1050.0,-820.0,1050.0,-820.0,2241.415,82.48438,0.033467703,False,False,-332.2537295875737
1070.0,-820.0,1070.0,-820.0,2406.293,89.47767,0.03760609,False,False,-348.0726983364066
1090.0,-820.0,1090.0,-820.0,2585.5254,96.68813,0.042094067,False,False,-364.00146627487175
1110.0,-820.0,1110.0,-820.0,2778.6316,104.12278,0.0469198,False,False,-380.03623140843655
1130.0,-820.0,1130.0,-820.0,2985.9248,111.7715,0.052092172,False,False,-396.1733416735903
1150.0,-820.0,1150.0,-820.0,3212.1216,119.59294,0.05773463,False,False,-412.40928912266793
1170.0,-820.0,1170.0,-820.0,3454.3806,127.61652,0.06377418,False,False,-428.7407042567241
1190.0,-820.0,1190.0,-820.0,3716.0552,135.80688,0.07029916,False,False,-445.1643505151931
1210.0,-820.0,1210.0,-820.0,3997.3223,144.16403,0.077315286,False,False,-461.6771189288009
1230.0,-820.0,1230.0,-820.0,4300.5146,152.66353,0.0848846,False,False,-478.27602294023563
1250.0,-820.0,1250.0,-820.0,4623.1934,161.32857,0.09294471,False,False,-494.9581933953873
1270.0,-820.0,1270.0,-820.0,4961.582,170.17467,0.10139815,False,False,-511.7208737065187
1290.0,-820.0,1290.0,-820.0,5321.2466,178.99805,0.11039246,False,False,-528.5614151874959
1310.0,-820.0,1310.0,-820.0,5697.5713,187.9605,0.11980769,False,False,-545.4772725601629
1330.0,-820.0,1330.0,-820.0,6092.2812,196.8427,0.12969157,False,False,-562.465999630072
1350.0,-820.0,1350.0,-820.0,6511.143,205.36159,0.14019838,False,False,-579.5252451290545
1370.0,-820.0,1370.0,-820.0,6953.3867,213.72536,0.15130875,False,False,-596.6527487215247
1390.0,-820.0,1390.0,-820.0,7418.6006,221.90387,0.163014,False,False,-613.8463371709215
1410.0,-820.0,1410.0,-820.0,7907.618,229.91393,0.17533778,False,False,-631.1039206623224
1430.0,-820.0,1430.0,-820.0,8416.263,237.6234,0.18817343,False,False,-648.4234892769515
1450.0,-820.0,1450.0,-820.0,8941.916,244.89174,0.20145506,False,False,-665.8031096140983
1470.0,-820.0,1470.0,-820.0,9485.908,251.84665,0.21521884,False,False,-683.2409215557944
1490.0,-820.0,1490.0,-820.0,10045.492,258.21002,0.22939639,False,False,-700.7351351694948
1510.0,-820.0,1510.0,-820.0,10622.673,264.27573,0.24404055,False,False,-718.2840277439582
1530.0,-820.0,1530.0,-820.0,11220.787,270.10776,0.25924093,False,False,-735.8859409534947
1550.0000000000002,-820.0,1550.0000000000002,-820.0,11833.471,275.2631,0.2748344,False,False,-753.5392781457737
1570.0,-820.0,1570.0,-820.0,12465.27,279.76373,0.29094312,False,False,-771.2425017484195
1590.0,-820.0,1590.0,-820.0,13114.913,283.8974,0.30753428,False,False,-788.9941307897018
1609.9999999999998,-820.0,1609.9999999999998,-820.0,13773.06,287.85452,0.3243627,False,False,-806.792738528689
1630.0,-820.0,1630.0,-820.0,14432.035,291.43262,0.3412279,False,False,-824.6369501903661
1650.0000000000002,-820.0,1650.0000000000002,-820.0,15092.165,294.78928,0.35813925,False,False,-842.5254408012933
1670.0,-820.0,1670.0,-820.0,15754.831,298.01318,0.37513435,False,False,-860.4569331215382
1690.0,-820.0,1690.0,-820.0,16420.215,301.17218,0.39221904,False,False,-878.430195668713
1709.9999999999998,-820.0,1709.9999999999998,-820.0,17084.545,304.1519,0.40929502,False,False,-896.4440408301004
1730.0,-820.0,1730.0,-820.0,17751.926,306.86237,0.42647287,False,False,-914.4973230589799
1750.0,-820.0,1750.0,-820.0,18422.273,309.27856,0.44375187,False,False,-932.5889371514058
-250.0,-800.0,-250.0,-800.0,26018.799,303.607,0.6522032,False,False,-935.0120275638529
-229.99999999999997,-800.0,-229.99999999999997,-800.0,25319.668,306.2721,0.6336814,False,False,-916.9456656638417
-210.00000000000003,-800.0,-210.00000000000003,-800.0,24609.598,308.3805,0.6148665,False,False,-898.9180665310463
-190.00000000000003,-800.0,-190.00000000000003,-800.0,23887.043,310.08795,0.5957229,False,False,-880.9303447200331
-170.0,-800.0,-170.0,-800.0,23147.795,311.2359,0.5761304,False,False,-862.9836553172548
-150.0,-800.0,-150.0,-800.0,22391.352,311.74026,0.5560727,False,False,-845.0791956633882
-130.0,-800.0,-130.0,-800.0,21615.195,311.43063,0.53547776,False,False,-827.2182071554763
-110.0,-800.0,-110.0,-800.0,20821.785,310.48462,0.5144199,False,False,-809.4019771325246
-90.0,-800.0,-90.0,-800.0,20012.0,308.5236,0.4929082,False,False,-791.6318408483662
-70.0,-800.0,-70.0,-800.0,19177.355,305.5642,0.47071445,False,False,-773.909183535708
-50.0,-800.0,-50.0,-800.0,18326.684,301.5568,0.4480803,False,False,-756.235442565415
-30.0,-800.0,-30.0,-800.0,17459.383,296.57083,0.42499414,False,False,-738.6121097051966
-10.0,-800.0,-10.0,-800.0,16574.0,290.48294,0.40141386,False,False,-721.0407334819745
10.0,-800.0,10.0,-800.0,15676.661,283.32162,0.37750903,False,False,-703.5229216523002
30.0,-800.0,30.0,-800.0,14762.563,274.73322,0.35314068,False,False,-686.0603437853001
50.0,-800.0,50.0,-800.0,13835.319,264.67267,0.32840684,False,False,-668.6547339626677
70.0,-800.0,70.0,-800.0,12887.554,252.95012,0.30310327,False,False,-651.3078936002935
90.0,-800.0,90.0,-800.0,11933.7,240.10994,0.27764568,False,False,-634.0216943961468
110.0,-800.0,110.0,-800.0,10958.689,225.22679,0.25159743,False,False,-616.7980814090148
130.0,-800.0,130.0,-800.0,9971.596,208.74693,0.22522947,False,False,-599.639076272672
150.0,-800.0,150.0,-800.0,8965.488,189.8687,0.19834156,False,False,-582.5467805499794
170.0,-800.0,170.0,-800.0,7956.505,169.28076,0.17139152,False,False,-565.5233792312785
190.00000000000003,-800.0,190.00000000000003,-800.0,6951.792,147.57996,0.14458124,False,False,-548.5711443812769
210.00000000000003,-800.0,210.00000000000003,-800.0,5936.1216,122.71656,0.11747338,False,False,-531.6924389383641
229.99999999999997,-800.0,229.99999999999997,-800.0,4913.0312,97.21474,0.09020612,False,False,-514.8897206699802
250.0,-800.0,250.0,-800.0,3979.4336,77.525345,0.06547688,False,False,-498.1655462872543
270.0,-800.0,270.0,-800.0,3217.009,62.21948,0.045596857,False,False,-481.52257572161324
290.0,-800.0,290.0,-800.0,2617.8933,49.54908,0.030280236,False,False,-464.9635765654448
310.0,-800.0,310.0,-800.0,2166.815,39.067535,0.019028444,False,False,-448.49142867813913
330.0,-800.0,330.0,-800.0,1837.6187,30.747734,0.011077786,False,False,-432.1091289579343
350.0,-800.0,350.0,-800.0,1598.8354,24.611576,0.0055462476,False,False,-415.8197962789155
370.0,-800.0,370.0,-800.0,1439.49,20.852747,0.002120568,False,False,-399.6266765912566
390.0,-800.0,390.0,-800.0,1350.5974,19.023064,0.00054668554,False,False,-383.5331481813157
410.0,-800.0,410.0,-800.0,1303.1537,18.202929,4.7415844e-05,False,False,-367.5427270864772
430.0,-800.0,430.0,-800.0,1273.7717,17.676659,0.0,False,False,-351.6590726576489
450.0,-800.0,450.0,-800.0,1247.1975,17.175632,0.0,False,False,-335.8859932600358
470.00000000000006,-800.0,470.00000000000006,-800.0,1221.6382,16.68241,0.0,False,False,-320.22745210019343
490.0,-800.0,490.0,-800.0,1197.0936,16.196936,0.0,False,False,-304.6875731643899
510.00000000000006,-800.0,510.00000000000006,-800.0,1173.5627,15.719177,0.0,False,False,-289.2706472499099
530.0,-800.0,530.0,-800.0,1151.0481,15.249242,0.0,False,False,-273.9811380671294
550.0,-800.0,550.0,-800.0,1129.5492,14.787098,0.0,False,False,-258.8236883858815
570.0,-800.0,570.0,-800.0,1109.0656,14.332717,0.0,False,False,-243.80312619483763
590.0,-800.0,590.0,-800.0,1089.5974,13.886084,0.0,False,False,-228.92447083727163
610.0,-800.0,610.0,-800.0,1071.1449,13.447211,0.0,False,False,-214.19293908064068
630.0,-800.0,630.0,-800.0,1054.6167,12.994575,2.3172906e-05,False,False,-199.61395107088552
650.0,-800.0,650.0,-800.0,1039.6079,12.577158,5.9182697e-05,False,False,-185.19313611517242
670.0,-800.0,670.0,-800.0,1026.6959,12.195258,0.00012272163,False,False,-170.93633822899784
690.0,-800.0,690.0,-800.0,1018.5259,11.863438,0.00028132068,False,False,-156.84962137511644
710.0,-800.0,710.0,-800.0,1013.78296,11.776669,0.0005014633,False,False,-142.9392743126676
730.0,-800.0,730.0,-800.0,1013.0048,12.034774,0.00079691765,False,False,-129.21181496519213
750.0,-800.0,750.0,-800.0,1015.8879,12.746818,0.0011599436,False,False,-115.67399420601365
770.0,-800.0,770.0,-800.0,1023.7537,13.92755,0.0016244439,False,False,-110.36030188403268
789.9999999999999,-800.0,789.9999999999999,-800.0,1039.5377,15.583324,0.0022658196,False,False,-124.32201792902731
810.0,-800.0,810.0,-800.0,1061.637,17.78951,0.0030431421,False,False,-138.46387733647487
830.0,-800.0,830.0,-800.0,1093.4082,20.48082,0.0040427456,False,False,-152.77925033373162
850.0,-800.0,850.0,-800.0,1132.7473,23.694504,0.005210786,False,False,-167.26175299287516
869.9999999999999,-800.0,869.9999999999999,-800.0,1178.1018,27.377947,0.0065075294,False,False,-181.90524154857695
890.0000000000001,-800.0,890.0000000000001,-800.0,1233.9614,31.41818,0.008048763,False,False,-196.70380629460698
910.0,-800.0,910.0,-800.0,1302.215,35.827118,0.009883404,False,False,-211.65176515366824
930.0,-800.0,930.0,-800.0,1379.1716,40.631634,0.011916764,False,False,-226.74365700418443
950.0,-800.0,950.0,-800.0,1464.418,45.791485,0.014138456,False,False,-241.97423483742202
969.9999999999999,-800.0,969.9999999999999,-800.0,1562.2288,51.24669,0.016659195,False,False,-257.3384588089238
990.0,-800.0,990.0,-800.0,1671.4116,57.013477,0.019448595,False,False,-272.83148923964023
1010.0,-800.0,1010.0,-800.0,1791.2239,63.084225,0.022487914,False,False,-288.4486796143649
1030.0,-800.0,1030.0,-800.0,1920.7579,69.44783,0.025754116,False,False,-304.18556961806627
1050.0,-800.0,1050.0,-800.0,2062.4155,76.06729,0.029309846,False,False,-320.0378782444086
1070.0,-800.0,1070.0,-800.0,2215.6643,82.93975,0.03314183,False,False,-336.0014970051495
1090.0,-800.0,1090.0,-800.0,2382.9155,90.04448,0.037313193,False,False,-352.0724832641185
1110.0,-800.0,1110.0,-800.0,2563.052,97.38404,0.04179559,False,False,-368.2470537150812
1130.0,-800.0,1130.0,-800.0,2758.878,104.93505,0.04666253,False,False,-384.52157801891997
1150.0,-800.0,1150.0,-800.0,2967.9727,112.7143,0.051851902,False,False,-400.89257261219
1170.0,-800.0,1170.0,-800.0,3195.3137,120.67325,0.057493962,False,False,-417.35669469615175
1190.0,-800.0,1190.0,-800.0,3439.9053,128.82779,0.063563794,False,False,-433.91073641283543
1210.0,-800.0,1210.0,-800.0,3702.7295,137.16364,0.070088014,False,False,-450.5516192124981
1230.0,-800.0,1230.0,-800.0,3986.17,145.65958,0.07712987,False,False,-467.2763884149435
1250.0,-800.0,1250.0,-800.0,4291.1436,154.30527,0.0847146,False,False,-484.08220796558305
1270.0,-800.0,1270.0,-800.0,4617.657,163.1002,0.09284375,False,False,-500.96635538575634
1290.0,-800.0,1290.0,-800.0,4960.0854,172.03755,0.10137183,False,False,-517.9262169156971
1310.0,-800.0,1310.0,-800.0,5322.8945,180.98091,0.110417515,False,False,-534.9592828475938
1330.0,-800.0,1330.0,-800.0,5704.052,190.06738,0.11992833,False,False,-552.063143045411
1350.0,-800.0,1350.0,-800.0,6099.9863,198.95465,0.12981455,False,False,-569.2354826475216
1370.0,-800.0,1370.0,-800.0,6519.199,207.54616,0.14030084,False,False,-586.4740779476986
1390.0,-800.0,1390.0,-800.0,6963.484,215.97601,0.15143536,False,False,-603.7767924496225
1410.0,-800.0,1410.0,-800.0,7431.545,224.24802,0.16318622,False,False,-621.141573089778
1430.0,-800.0,1430.0,-800.0,7922.782,232.32022,0.17554002,False,False,-638.5664466233893
1450.0,-800.0,1450.0,-800.0,8433.705,239.98016,0.1884086,False,False,-656.0495161679195
1470.0,-800.0,1470.0,-800.0,8962.514,247.29454,0.20174631,False,False,-673.5889578985638
1490.0,-800.0,1490.0,-800.0,9509.025,254.14183,0.21555133,False,False,-691.1830178901397
1510.0,-800.0,1510.0,-800.0,10070.3,260.54172,0.22974843,False,False,-708.8300090997935
1530.0,-800.0,1530.0,-800.0,10652.945,266.62506,0.24451256,False,False,-726.5283084849782
1550.0000000000002,-800.0,1550.0000000000002,-800.0,11254.501,272.4319,0.25978097,False,False,-744.2763542512411
1570.0,-800.0,1570.0,-800.0,11866.115,277.5229,0.27532518,False,False,-762.07264322445
1590.0,-800.0,1590.0,-800.0,12501.275,282.04422,0.2915021,False,False,-779.9157283422159
1609.9999999999998,-800.0,1609.9999999999998,-800.0,13157.139,286.17868,0.3082385,False,False,-797.8042162593789
1630.0,-800.0,1630.0,-800.0,13823.016,289.98798,0.32525426,False,False,-815.7367650626012
1650.0000000000002,-800.0,1650.0000000000002,-800.0,14489.654,293.466,0.34230626,False,False,-833.7120820892251
1670.0,-800.0,1670.0,-800.0,15159.175,296.71313,0.35945174,False,False,-851.7289218457436
1690.0,-800.0,1690.0,-800.0,15831.262,299.88083,0.3766833,False,False,-869.7860840213782
1709.9999999999998,-800.0,1709.9999999999998,-800.0,16504.625,302.9298,0.39396805,False,False,-887.8824115924169
1730.0,-800.0,1730.0,-800.0,17177.148,305.8361,0.41125137,False,False,-906.0167890131504
1750.0,-800.0,1750.0,-800.0,17850.238,308.45758,0.4285723,False,False,-924.1881404893858
-250.0,-780.0,-250.0,-780.0,25464.129,307.50696,0.63730335,False,False,-926.557656139711
-229.99999999999997,-780.0,-229.99999999999997,-780.0,24756.406,309.75403,0.61853826,False,False,-908.411260897701
-210.00000000000003,-780.0,-210.00000000000003,-780.0,24032.04,311.58246,0.5993304,False,False,-890.3022718633572
-190.00000000000003,-780.0,-190.00000000000003,-780.0,23293.766,312.8959,0.5797514,False,False,-872.2317744612675
-170.0,-780.0,-170.0,-780.0,22540.844,313.62564,0.5597777,False,False,-854.2008940762064
-150.0,-780.0,-150.0,-780.0,21766.373,313.55078,0.5392168,False,False,-836.2107977799332
-130.0,-780.0,-130.0,-780.0,20972.824,312.75238,0.51813877,False,False,-818.2626961399819
-110.0,-780.0,-110.0,-780.0,20168.486,311.0792,0.49676472,False,False,-800.3578451143684
-90.0,-780.0,-90.0,-780.0,19337.438,308.4166,0.47465736,False,False,-782.4975480363131
-70.0,-780.0,-70.0,-780.0,18488.848,304.65213,0.45206386,False,False,-764.683157693212
-50.0,-780.0,-50.0,-780.0,17623.156,299.93576,0.42900687,False,False,-746.9160785042602
-30.0,-780.0,-30.0,-780.0,16740.3,294.13593,0.4054796,False,False,-729.197768801278
-10.0,-780.0,-10.0,-780.0,15843.147,287.16727,0.3815607,False,False,-711.5297432174341
10.0,-780.0,10.0,-780.0,14935.643,279.00116,0.35735834,False,False,-693.9135751886965
30.0,-780.0,30.0,-780.0,14010.408,269.2651,0.33266312,False,False,-676.3508995729887
50.0,-780.0,50.0,-780.0,13064.386,257.88464,0.3073893,False,False,-658.8434153921173
70.0,-780.0,70.0,-780.0,12109.515,245.2957,0.28188413,False,False,-641.3928887016666
90.0,-780.0,90.0,-780.0,11138.226,230.9841,0.25592557,False,False,-624.0011555941142
110.0,-780.0,110.0,-780.0,10150.788,214.87683,0.22952731,False,False,-606.6701253404924
130.0,-780.0,130.0,-780.0,9147.273,196.5213,0.20269203,False,False,-589.4017836759372
150.0,-780.0,150.0,-780.0,8137.542,176.24521,0.1756999,False,False,-572.1981962344529
170.0,-780.0,170.0,-780.0,7129.6865,154.45149,0.14877775,False,False,-555.0615121381804
190.00000000000003,-780.0,190.00000000000003,-780.0,6121.173,130.42313,0.12184873,False,False,-537.9939677463303
210.00000000000003,-780.0,210.00000000000003,-780.0,5090.7935,103.64003,0.09434937,False,False,-520.9978905687927
229.99999999999997,-780.0,229.99999999999997,-780.0,4108.677,80.793846,0.068240106,False,False,-504.075703349181
250.0,-780.0,250.0,-780.0,3291.4465,63.843822,0.04681532,False,False,-487.22992832176084
270.0,-780.0,270.0,-780.0,2653.602,50.14591,0.030440152,False,False,-470.4631916462806
290.0,-780.0,290.0,-780.0,2177.2861,39.08799,0.018529372,False,False,-453.7782280242001
310.0,-780.0,310.0,-780.0,1838.2749,30.529253,0.010350665,False,False,-437.1778854991471
330.0,-780.0,330.0,-780.0,1597.3906,24.494884,0.0048057293,False,False,-420.66513044362995
350.0,-780.0,350.0,-780.0,1445.4597,21.078684,0.0016230001,False,False,-404.24305273304907
370.0,-780.0,370.0,-780.0,1364.871,19.54937,0.00031651158,False,False,-387.9148711068878
390.0,-780.0,390.0,-780.0,1322.889,18.851868,8.873903e-06,False,False,-371.68393871557225
410.0,-780.0,410.0,-780.0,1293.2162,18.319857,0.0,False,False,-355.55374884985
430.0,-780.0,430.0,-780.0,1264.9213,17.798183,0.0,False,False,-339.52794084763246
450.0,-780.0,450.0,-780.0,1237.6682,17.284601,0.0,False,False,-323.6103061710103
470.00000000000006,-780.0,470.00000000000006,-780.0,1211.457,16.779064,0.0,False,False,-307.80479464357825
490.0,-780.0,490.0,-780.0,1186.2865,16.281488,0.0,False,False,-292.1155208352495
510.00000000000006,-780.0,510.00000000000006,-780.0,1162.156,15.791826,0.0,False,False,-276.5467705783306
530.0,-780.0,530.0,-780.0,1139.0668,15.310106,0.0,False,False,-261.10300759477263
550.0,-780.0,550.0,-780.0,1117.0197,14.836398,0.0,False,False,-245.78888021012534
570.0,-780.0,570.0,-780.0,1096.014,14.370648,0.0,False,False,-230.60922812475877
590.0,-780.0,590.0,-780.0,1076.0502,13.912842,0.0,False,False,-215.5690892073684
610.0,-780.0,610.0,-780.0,1057.1274,13.46296,0.0,False,False,-200.6737062695458
630.0,-780.0,630.0,-780.0,1039.2465,13.021033,0.0,False,False,-185.92853377328933
650.0,-780.0,650.0,-780.0,1022.9502,12.572773,1.38476025e-05,False,False,-171.33924441567328
670.0,-780.0,670.0,-780.0,1008.60144,12.14138,5.0745177e-05,False,False,-156.91173552648212
690.0,-780.0,690.0,-780.0,995.67456,11.770201,9.725653e-05,False,False,-142.6521352054234
710.0,-780.0,710.0,-780.0,987.3644,11.428135,0.00023496858,False,False,-128.5668081155542
730.0,-780.0,730.0,-780.0,983.16016,11.307173,0.00045087855,False,False,-114.66236083880871
750.0,-780.0,750.0,-780.0,982.6341,11.554275,0.000734051,False,False,-100.94564668804745
770.0,-780.0,770.0,-780.0,986.0042,12.271253,0.0010901056,False,False,-96.03832049796507
789.9999999999999,-780.0,789.9999999999999,-780.0,993.9171,13.488172,0.0015356989,False,False,-110.18016555872595
810.0,-780.0,810.0,-780.0,1009.3212,15.187017,0.0021465453,False,False,-124.49988883947883
830.0,-780.0,830.0,-780.0,1031.4922,17.440222,0.002904243,False,False,-138.9907813498756
850.0,-780.0,850.0,-780.0,1062.8801,20.184841,0.0038718656,False,False,-153.64639296449946
869.9999999999999,-780.0,869.9999999999999,-780.0,1103.0978,23.443518,0.005039649,False,False,-168.4605256490268
890.0000000000001,-780.0,890.0000000000001,-780.0,1149.6935,27.189522,0.006344828,False,False,-183.4272263219231
910.0,-780.0,910.0,-780.0,1204.8229,31.32081,0.007843116,False,False,-198.54077944807545
930.0,-780.0,930.0,-780.0,1273.7562,35.798534,0.009670505,False,False,-213.7956994486346
950.0,-780.0,950.0,-780.0,1352.223,40.677166,0.011717394,False,False,-229.18672300021214
969.9999999999999,-780.0,969.9999999999999,-780.0,1438.9868,45.9255,0.013952222,False,False,-244.70880128646965
990.0,-780.0,990.0,-780.0,1537.2454,51.482327,0.016457886,False,False,-260.35709225600044
1010.0,-780.0,1010.0,-780.0,1648.0337,57.345936,0.019261584,False,False,-276.12695293219167
1030.0,-780.0,1030.0,-780.0,1769.9723,63.517593,0.02232812,False,False,-292.01393181343053
1050.0,-780.0,1050.0,-780.0,1902.0586,69.98743,0.025632052,False,False,-308.01376139549853
1070.0,-780.0,1070.0,-780.0,2045.693,76.72325,0.029210128,False,False,-324.1223508422476
1090.0,-780.0,1090.0,-780.0,2200.8145,83.719,0.03306128,False,False,-340.3357788255897
1110.0,-780.0,1110.0,-780.0,2370.8843,90.94088,0.03727594,False,False,-356.6502865514016
1130.0,-780.0,1130.0,-780.0,2553.0933,98.409706,0.041781865,False,False,-373.0622709840949
1150.0,-780.0,1150.0,-780.0,2751.5679,106.08715,0.04668696,False,False,-389.56827827926486
1170.0,-780.0,1170.0,-780.0,2963.7656,113.99396,0.05192598,False,False,-406.16499743095585
1190.0,-780.0,1190.0,-780.0,3192.6968,122.09656,0.057578046,False,False,-422.84925413762653
1210.0,-780.0,1210.0,-780.0,3440.9917,130.3776,0.06371273,False,False,-439.6180048887969
1230.0,-780.0,1230.0,-780.0,3706.2766,138.85574,0.0702692,False,False,-456.4683312726027
1250.0,-780.0,1250.0,-780.0,3992.8662,147.48958,0.07736117,False,False,-473.39743450299267
1270.0,-780.0,1270.0,-780.0,4300.5796,156.28087,0.0849853,False,False,-490.40263016407766
1290.0,-780.0,1290.0,-780.0,4630.968,165.21347,0.09318353,False,False,-507.4813431681335
1310.0,-780.0,1310.0,-780.0,4978.7725,174.21016,0.1018205,False,False,-524.6311029229332
1330.0,-780.0,1330.0,-780.0,5344.8457,183.29874,0.110919654,False,False,-541.8495387034365
1350.0,-780.0,1350.0,-780.0,5731.3667,192.41666,0.12053978,False,False,-559.1343752223542
1370.0,-780.0,1370.0,-780.0,6130.4087,201.28786,0.13047701,False,False,-576.4834283937145
1390.0,-780.0,1390.0,-780.0,6551.3833,209.99852,0.14097872,False,False,-593.8946012832844
1410.0,-780.0,1410.0,-780.0,6998.5684,218.48766,0.15215942,False,False,-611.3658802394942
1430.0,-780.0,1430.0,-780.0,7470.411,226.82005,0.16398022,False,False,-628.8953311984168
1450.0,-780.0,1450.0,-780.0,7964.2266,234.90208,0.17637336,False,False,-646.4810961562845
1470.0,-780.0,1470.0,-780.0,8478.012,242.5023,0.18928993,False,False,-664.1213898030397
1490.0,-780.0,1490.0,-780.0,9010.713,249.80728,0.20270345,False,False,-681.814496310458
1510.0,-780.0,1510.0,-780.0,9559.5625,256.5478,0.21654497,False,False,-699.5587662684688
1530.0,-780.0,1530.0,-780.0,10125.216,262.95294,0.23083252,False,False,-717.3526137634054
1550.0000000000002,-780.0,1550.0000000000002,-780.0,10714.088,269.0778,0.24573693,False,False,-735.1945135920641
1570.0,-780.0,1570.0,-780.0,11317.221,274.75458,0.2610253,False,False,-753.0829986055995
1590.0,-780.0,1590.0,-780.0,11931.578,279.78693,0.27662098,False,False,-771.0166571774532
1609.9999999999998,-780.0,1609.9999999999998,-780.0,12569.887,284.34998,0.2928611,False,False,-788.9941307897014
1630.0,-780.0,1630.0,-780.0,13232.195,288.47562,0.30974984,False,False,-807.0141117323905
1650.0000000000002,-780.0,1650.0000000000002,-780.0,13903.824,292.1245,0.3269017,False,False,-825.0753409106158
1670.0,-780.0,1670.0,-780.0,14577.756,295.47964,0.344132,False,False,-843.1766057543156
1690.0,-780.0,1690.0,-780.0,15256.547,298.64636,0.3615098,False,False,-861.3167382259262
1709.9999999999998,-780.0,1709.9999999999998,-780.0,15937.449,301.74075,0.37896335,False,False,-879.4946129212501
1730.0,-780.0,1730.0,-780.0,16617.824,304.67325,0.39642414,False,False,-897.7091452590939
1750.0,-780.0,1750.0,-780.0,17297.688,307.47186,0.41389388,False,False,-915.9592897553958
-250.0,-760.0000000000001,-250.0,-760.0000000000001,24927.133,310.86743,0.62283224,False,False,-918.2745523110865
-229.99999999999997,-760.0000000000001,-229.99999999999997,-760.0000000000001,24202.695,312.8188,0.60360503,False,False,-900.0490510339242
-210.00000000000003,-760.0000000000001,-210.00000000000003,-760.0000000000001,23466.61,314.3278,0.5840713,False,False,-881.8595948225078
-190.00000000000003,-760.0000000000001,-190.00000000000003,-760.0000000000001,22715.152,315.23145,0.5641227,False,False,-863.7072390577199
-170.0,-760.0000000000001,-170.0,-760.0000000000001,21944.844,315.45178,0.54366285,False,False,-845.5930784457246
-150.0,-760.0000000000001,-150.0,-760.0000000000001,21154.188,314.84705,0.5226472,False,False,-827.5182487453804
-130.0,-760.0000000000001,-130.0,-760.0000000000001,20352.742,313.45578,0.5013391,False,False,-809.4839285796378
-110.0,-760.0000000000001,-110.0,-760.0000000000001,19527.217,311.11505,0.4793693,False,False,-791.4913413350945
-90.0,-760.0000000000001,-90.0,-760.0000000000001,18681.852,307.65555,0.45684856,False,False,-773.5417571540941
-70.0,-760.0000000000001,-70.0,-760.0000000000001,17818.553,303.21396,0.43383896,False,False,-755.6364950239127
-50.0,-760.0000000000001,-50.0,-760.0000000000001,16939.066,297.73248,0.4103871,False,False,-737.7769249677775
-30.0,-760.0000000000001,-30.0,-760.0000000000001,16044.064,291.04626,0.38650757,False,False,-719.9644703426526
-10.0,-760.0000000000001,-10.0,-760.0000000000001,15141.174,283.23285,0.3624128,False,False,-702.2006102488915
10.0,-760.0000000000001,10.0,-760.0000000000001,14218.343,273.84882,0.33776402,False,False,-684.4868820570598
30.0,-760.0000000000001,30.0,-760.0000000000001,13278.344,263.02686,0.31264263,False,False,-666.82488405739
50.0,-760.0000000000001,50.0,-760.0000000000001,12321.879,250.65218,0.28706783,False,False,-649.2162782374988
70.0,-760.0000000000001,70.0,-760.0000000000001,11354.928,236.97142,0.2612156,False,False,-631.6627931941589
90.0,-760.0000000000001,90.0,-760.0000000000001,10367.762,221.25677,0.23480198,False,False,-614.1662271850385
110.0,-760.0000000000001,110.0,-760.0000000000001,9369.666,203.69305,0.2080977,False,False,-596.7284513264606
130.0,-760.0000000000001,130.0,-760.0000000000001,8358.664,183.76036,0.18104431,False,False,-579.351412943305
150.0,-760.0000000000001,150.0,-760.0000000000001,7348.0127,161.9791,0.15401661,False,False,-562.0371390772468
170.0,-760.0000000000001,170.0,-760.0000000000001,6342.841,138.73792,0.1271609,False,False,-544.7877401595492
190.00000000000003,-760.0000000000001,190.00000000000003,-760.0000000000001,5317.562,112.143684,0.09977026,False,False,-527.6054138545933
210.00000000000003,-760.0000000000001,210.00000000000003,-760.0000000000001,4299.669,85.88098,0.07263392,False,False,-510.4924490802594
229.99999999999997,-760.0000000000001,229.99999999999997,-760.0000000000001,3413.2969,66.56713,0.049243778,False,False,-493.45123021111624
250.0,-760.0000000000001,250.0,-760.0000000000001,2725.1387,51.5731,0.03147618,False,False,-476.48424147015976
270.0,-760.0000000000001,270.0,-760.0000000000001,2214.8594,39.738297,0.01866116,False,False,-459.5940715145185
290.0,-760.0000000000001,290.0,-760.0000000000001,1858.0138,30.798645,0.010036691,False,False,-442.7834182201242
310.0,-760.0000000000001,310.0,-760.0000000000001,1610.4617,24.752718,0.0043570427,False,False,-426.05509366979317
330.0,-760.0000000000001,330.0,-760.0000000000001,1461.6089,21.551107,0.0013039256,False,False,-409.41202934847234
350.0,-760.0000000000001,350.0,-760.0000000000001,1386.4213,20.212494,0.00019031076,False,False,-392.8572815485425
370.0,-760.0000000000001,370.0,-760.0000000000001,1347.0034,19.5658,3.2392563e-08,False,False,-376.3940369870148
390.0,-760.0000000000001,390.0,-760.0000000000001,1315.8237,19.01383,0.0,False,False,-360.02561863518906
410.0,-760.0000000000001,410.0,-760.0000000000001,1285.7156,18.470306,0.0,False,False,-343.7554917598087
430.0,-760.0000000000001,430.0,-760.0000000000001,1256.6785,17.935188,0.0,False,False,-327.5872701729486
450.0,-760.0000000000001,450.0,-760.0000000000001,1228.7109,17.408401,0.0,False,False,-311.5247226857291
470.00000000000006,-760.0000000000001,470.00000000000006,-760.0000000000001,1201.8129,16.889893,0.0,False,False,-295.5717797584565
490.0,-760.0000000000001,490.0,-760.0000000000001,1175.9836,16.379602,0.0,False,False,-279.73254033689057
510.00000000000006,-760.0000000000001,510.00000000000006,-760.0000000000001,1151.2227,15.877456,0.0,False,False,-264.0112788609633
530.0,-760.0000000000001,530.0,-760.0000000000001,1127.529,15.383401,0.0,False,False,-248.41245242842086
550.0,-760.0000000000001,550.0,-760.0000000000001,1104.9045,14.897535,0.0,False,False,-232.9407080914156
570.0,-760.0000000000001,570.0,-760.0000000000001,1083.3499,14.419857,0.0,False,False,-217.600890259028
590.0,-760.0000000000001,590.0,-760.0000000000001,1062.8638,13.950319,0.0,False,False,-202.39804817298085
610.0,-760.0000000000001,610.0,-760.0000000000001,1043.4465,13.488908,0.0,False,False,-187.33744341733387
630.0,-760.0000000000001,630.0,-760.0000000000001,1025.0984,13.0356245,0.0,False,False,-172.42455741571143
650.0,-760.0000000000001,650.0,-760.0000000000001,1007.8192,12.59049,0.0,False,False,-157.66509886151601
670.0,-760.0000000000001,670.0,-760.0000000000001,991.9662,12.143131,9.074982e-06,False,False,-143.06501101759733
690.0,-760.0000000000001,690.0,-760.0000000000001,978.2223,11.703863,4.4593646e-05,False,False,-128.63047881194328
710.0,-760.0000000000001,710.0,-760.0000000000001,965.73303,11.335967,8.476479e-05,False,False,-114.36793564508719
730.0,-760.0000000000001,730.0,-760.0000000000001,957.4815,10.996473,0.00020575442,False,False,-100.284069813114
750.0,-760.0000000000001,750.0,-760.0000000000001,953.8628,10.860893,0.00041765845,False,False,-86.38583043738474
770.0,-760.0000000000001,770.0,-760.0000000000001,953.88086,11.116882,0.00069501885,False,False,-81.89648303338154
789.9999999999999,-760.0000000000001,789.9999999999999,-760.0000000000001,957.8843,11.867604,0.0010468382,False,False,-96.22078068243172
810.0,-760.0000000000001,810.0,-760.0000000000001,966.1963,13.148201,0.0014814974,False,False,-110.72048689127922
830.0,-760.0000000000001,830.0,-760.0000000000001,981.75226,14.918316,0.0020743678,False,False,-125.38882169675047
850.0,-760.0000000000001,850.0,-760.0000000000001,1004.6384,17.240068,0.0028278357,False,False,-140.21927715681088
869.9999999999999,-760.0000000000001,869.9999999999999,-760.0000000000001,1036.1041,20.066303,0.0037741475,False,False,-155.2056094046635
890.0000000000001,-760.0000000000001,890.0000000000001,-760.0000000000001,1077.3296,23.395851,0.0049438453,False,False,-170.34183040682626
910.0,-760.0000000000001,910.0,-760.0000000000001,1125.6857,27.218166,0.006269627,False,False,-185.62219952225934
930.0,-760.0000000000001,930.0,-760.0000000000001,1181.2368,31.450266,0.0077533997,False,False,-201.0412149464314
950.0,-760.0000000000001,950.0,-760.0000000000001,1250.8694,36.019753,0.0095728,False,False,-216.5936051122413
969.9999999999999,-760.0000000000001,969.9999999999999,-760.0000000000001,1331.2611,40.986183,0.0116426665,False,False,-232.27432010896027
990.0,-760.0000000000001,990.0,-760.0000000000001,1420.304,46.330788,0.013909003,False,False,-248.078523170718
1010.0,-760.0000000000001,1010.0,-760.0000000000001,1519.6378,52.000412,0.016414504,False,False,-264.00158227749074
1030.0,-760.0000000000001,1030.0,-760.0000000000001,1632.5469,57.970875,0.01924451,False,False,-280.03906190397186
1050.0,-760.0000000000001,1050.0,-760.0000000000001,1757.0931,64.25207,0.022349417,False,False,-296.18671494503457
1070.0,-760.0000000000001,1070.0,-760.0000000000001,1892.2229,70.835144,0.025702477,False,False,-312.44047484066897
1090.0,-760.0000000000001,1090.0,-760.0000000000001,2038.1052,77.69648,0.029308595,False,False,-328.7964479181904
1110.0,-760.0000000000001,1110.0,-760.0000000000001,2196.287,84.81554,0.033208404,False,False,-345.25090596512905
1130.0,-760.0000000000001,1130.0,-760.0000000000001,2369.1826,92.16476,0.037465222,False,False,-361.8002790424153
1150.0,-760.0000000000001,1150.0,-760.0000000000001,2554.6729,99.76186,0.042024747,False,False,-378.44114854425345
1170.0,-760.0000000000001,1170.0,-760.0000000000001,2756.4045,107.5699,0.046982504,False,False,-395.1702405083045
1190.0,-760.0000000000001,1190.0,-760.0000000000001,2972.3433,115.60729,0.052286465,False,False,-411.9844191774922
1210.0,-760.0000000000001,1210.0,-760.0000000000001,3204.198,123.85076,0.057982,False,False,-428.88068081278226
1230.0,-760.0000000000001,1230.0,-760.0000000000001,3456.4583,132.26474,0.064187095,False,False,-445.856147754679
1250.0,-760.0000000000001,1250.0,-760.0000000000001,3725.5488,140.88123,0.07080968,False,False,-462.90806272984923
1270.0,-760.0000000000001,1270.0,-760.0000000000001,4016.0337,149.65462,0.07797008,False,False,-480.0337833982035
1290.0,-760.0000000000001,1290.0,-760.0000000000001,4327.7666,158.58742,0.08566592,False,False,-497.23077713490784
1310.0,-760.0000000000001,1310.0,-760.0000000000001,4662.699,167.63083,0.09394989,False,False,-514.4966160411187
1330.0,-760.0000000000001,1330.0,-760.0000000000001,5015.9614,176.70445,0.10269682,False,False,-531.8289721767246
1350.0,-760.0000000000001,1350.0,-760.0000000000001,5386.9126,185.94083,0.11189066,False,False,-549.2256130079958
1370.0,-760.0000000000001,1370.0,-760.0000000000001,5778.0205,195.02159,0.12159944,False,False,-566.6843970627908
1390.0,-760.0000000000001,1390.0,-760.0000000000001,6181.923,203.89357,0.13163273,False,False,-584.2032697857936
1410.0,-760.0000000000001,1410.0,-760.0000000000001,6605.7803,212.66504,0.14217892,False,False,-601.7802595861892
1430.0,-760.0000000000001,1430.0,-760.0000000000001,7057.2373,221.22142,0.15344112,False,False,-619.4134740701649
1450.0,-760.0000000000001,1450.0,-760.0000000000001,7533.419,229.59712,0.16534606,False,False,-637.1010964506745
1470.0,-760.0000000000001,1470.0,-760.0000000000001,8029.9966,237.62012,0.17778347,False,False,-654.8413821270001
1490.0,-760.0000000000001,1490.0,-760.0000000000001,8547.918,245.19473,0.19078104,False,False,-672.6326554267677
1510.0,-760.0000000000001,1510.0,-760.0000000000001,9084.65,252.41539,0.20427433,False,False,-690.4733065032408
1530.0,-760.0000000000001,1530.0,-760.0000000000001,9637.296,259.08282,0.21819055,False,False,-708.3617883809038
1550.0000000000002,-760.0000000000001,1550.0000000000002,-760.0000000000001,10208.484,265.4714,0.2325994,False,False,-726.296614142541
1570.0,-760.0000000000001,1570.0,-760.0000000000001,10802.996,271.617,0.24762905,False,False,-744.2763542512408
1590.0,-760.0000000000001,1590.0,-760.0000000000001,11407.616,277.08966,0.26293585,False,False,-762.2996340009834
1609.9999999999998,-760.0000000000001,1609.9999999999998,-760.0000000000001,12027.371,282.07544,0.2786536,False,False,-780.3651310896873
1630.0,-760.0000000000001,1630.0,-760.0000000000001,12669.171,286.64883,0.29496694,False,False,-798.4715733088472
1650.0000000000002,-760.0000000000001,1650.0000000000002,-760.0000000000001,13336.324,290.7039,0.31196696,False,False,-816.6177363441105
1670.0,-760.0000000000001,1670.0,-760.0000000000001,14014.221,294.2159,0.32926953,False,False,-834.8024416813926
1690.0,-760.0000000000001,1690.0,-760.0000000000001,14695.971,297.4716,0.34669337,False,False,-853.0245546133491
1709.9999999999998,-760.0000000000001,1709.9999999999998,-760.0000000000001,15382.931,300.5474,0.36427587,False,False,-871.28298234126
1730.0,-760.0000000000001,1730.0,-760.0000000000001,16072.187,303.56992,0.38194075,False,False,-889.576672167605
1750.0,-760.0000000000001,1750.0,-760.0000000000001,16760.223,306.4183,0.39959645,False,False,-907.9046097748179
-250.0,-740.0,-250.0,-740.0,24399.207,313.86087,0.608557,False,False,-910.1649440972532
-229.99999999999997,-740.0,-229.99999999999997,-740.0,23664.574,315.5349,0.5890452,False,False,-891.8613194282183
-210.00000000000003,-740.0,-210.00000000000003,-740.0,22915.188,316.62125,0.56913626,False,False,-873.5923756888251
-190.00000000000003,-740.0,-190.00000000000003,-740.0,22149.125,317.1252,0.5487777,False,False,-855.3591373450888
-170.0,-740.0,-170.0,-740.0,21363.166,316.77283,0.5278741,False,False,-837.1626674904235
-150.0,-740.0,-150.0,-740.0,20562.348,315.6054,0.50656486,False,False,-819.0040695697041
-130.0,-740.0,-130.0,-740.0,19743.92,313.62772,0.48477605,False,False,-800.8844891890659
-110.0,-740.0,-110.0,-740.0,18903.766,310.53464,0.46238318,False,False,-782.8051160158751
-90.0,-740.0,-90.0,-740.0,18043.547,306.39163,0.43943757,False,False,-764.7671857735215
-70.0,-740.0,-70.0,-740.0,17168.086,301.2614,0.41607788,False,False,-746.7719823358777
-50.0,-740.0,-50.0,-740.0,16276.689,294.91425,0.39227638,False,False,-728.820839926517
-30.0,-740.0,-30.0,-740.0,15375.692,287.3698,0.36821038,False,False,-710.9151454279796
-10.0,-740.0,-10.0,-740.0,14459.223,278.5075,0.34371874,False,False,-693.0563408066079
10.0,-740.0,10.0,-740.0,13524.766,268.23083,0.31873363,False,False,-675.2459256587007
30.0,-740.0,30.0,-740.0,12568.77,256.17856,0.293145,False,False,-657.4854598839455
50.0,-740.0,50.0,-740.0,11604.484,243.01385,0.26734722,False,False,-639.7765664923104
70.0,-740.0,70.0,-740.0,10620.468,227.88747,0.2409996,False,False,-622.1209345507895
90.0,-740.0,90.0,-740.0,9625.983,210.98169,0.21437052,False,False,-604.520322276581
110.0,-740.0,110.0,-740.0,8615.631,191.54904,0.18730834,False,False,-586.9765602834717
130.0,-740.0,130.0,-740.0,7605.586,170.16623,0.1602697,False,False,-569.4915549883588
150.0,-740.0,150.0,-740.0,6597.75,147.23407,0.13331574,False,False,-552.0672921849725
170.0,-740.0,170.0,-740.0,5580.404,121.492065,0.10611638,False,False,-534.7058407919773
190.00000000000003,-740.0,190.00000000000003,-740.0,4550.786,93.32047,0.07861763,False,False,-517.4093567826798
210.00000000000003,-740.0,210.00000000000003,-740.0,3593.7031,70.70669,0.053208683,False,False,-500.1800873036019
229.99999999999997,-740.0,229.99999999999997,-740.0,2838.6003,53.96218,0.033558223,False,False,-483.0203749891163
250.0,-740.0,250.0,-740.0,2281.5708,41.068317,0.019475922,False,False,-465.93266247924095
270.0,-740.0,270.0,-740.0,1896.8165,31.55121,0.010129865,False,False,-448.91949714747506
290.0,-740.0,290.0,-740.0,1637.4314,25.338976,0.0041773096,False,False,-431.98353604526784
310.0,-740.0,310.0,-740.0,1486.9028,22.211504,0.0011289191,False,False,-415.12755106927557
330.0,-740.0,330.0,-740.0,1414.0947,20.973341,0.00013051656,False,False,-398.3544343570202
350.0,-740.0,350.0,-740.0,1374.967,20.337835,0.0,False,False,-381.66720391581936
370.0,-740.0,370.0,-740.0,1341.851,19.762709,0.0,False,False,-365.0690094889617
390.0,-740.0,390.0,-740.0,1309.8328,19.196173,0.0,False,False,-348.56313866195796
410.0,-740.0,410.0,-740.0,1278.9126,18.638218,0.0,False,False,-332.1530232103248
430.0,-740.0,430.0,-740.0,1249.0927,18.08892,0.0,False,False,-315.8422456886785
450.0,-740.0,450.0,-740.0,1220.372,17.548222,0.0,False,False,-299.63454625892484
470.00000000000006,-740.0,470.00000000000006,-740.0,1192.7499,17.016056,0.0,False,False,-283.53382975294323
490.0,-740.0,490.0,-740.0,1166.2261,16.49236,0.0,False,False,-267.5441729623761
510.00000000000006,-740.0,510.00000000000006,-740.0,1140.8,15.977068,0.0,False,False,-251.66983214483946
530.0,-740.0,530.0,-740.0,1116.4703,15.470101,0.0,False,False,-235.91525073206654
550.0,-740.0,550.0,-740.0,1093.2378,14.971453,0.0,False,False,-220.285067221067
570.0,-740.0,570.0,-740.0,1071.1035,14.481225,0.0,False,False,-204.78412322429796
590.0,-740.0,590.0,-740.0,1050.0674,13.999365,0.0,False,False,-189.417471649024
610.0,-740.0,610.0,-740.0,1030.1294,13.525848,0.0,False,False,-174.19038496939393
630.0,-740.0,630.0,-740.0,1011.2889,13.060654,0.0,False,False,-159.10836354725257
650.0,-740.0,650.0,-740.0,993.5463,12.6038065,0.0,False,False,-144.17714394922527
670.0,-740.0,670.0,-740.0,976.9026,12.155367,0.0,False,False,-129.40270719811141
690.0,-740.0,690.0,-740.0,961.588,11.70828,5.8492587e-06,False,False,-114.79128688604267
710.0,-740.0,710.0,-740.0,948.5139,11.263078,4.074155e-05,False,False,-100.34937706514657
730.0,-740.0,730.0,-740.0,936.7555,10.8938,8.110574e-05,False,False,-86.08373981856138
750.0,-740.0,750.0,-740.0,928.8011,10.565,0.00019046565,False,False,-72.00141240060354
770.0,-740.0,770.0,-740.0,925.8351,10.436287,0.0003990204,False,False,-67.94194598770208
789.9999999999999,-740.0,789.9999999999999,-740.0,926.5787,10.726227,0.00067415385,False,False,-82.45092267501897
810.0,-740.0,810.0,-740.0,931.4755,11.537408,0.0010273018,False,False,-97.1326264403955
830.0,-740.0,830.0,-740.0,940.6467,12.904831,0.001461682,False,False,-111.9802156513398
850.0,-740.0,850.0,-740.0,956.7293,14.7757635,0.0020450158,False,False,-126.9871339105873
869.9999999999999,-740.0,869.9999999999999,-740.0,980.8115,17.189234,0.0028053736,False,False,-142.14710085872912
890.0000000000001,-740.0,890.0000000000001,-740.0,1012.8995,20.120354,0.003743131,False,False,-157.4541027617468
910.0,-740.0,910.0,-740.0,1055.5049,23.543982,0.004923047,False,False,-172.90238297993082
930.0,-740.0,930.0,-740.0,1105.6733,27.463663,0.0062694843,False,False,-188.48643240047136
950.0,-740.0,950.0,-740.0,1162.4966,31.806313,0.007759313,False,False,-204.20097990327184
969.9999999999999,-740.0,969.9999999999999,-740.0,1233.5334,36.481846,0.009587556,False,False,-220.04098291819685
990.0,-740.0,990.0,-740.0,1316.0576,41.55295,0.011684382,False,False,-236.00161812191828
1010.0,-740.0,1010.0,-740.0,1407.7137,47.006004,0.013989493,False,False,-252.07827231367608
1030.0,-740.0,1030.0,-740.0,1509.1416,52.794422,0.016519744,False,False,-268.266533501535
1050.0,-740.0,1050.0,-740.0,1624.7334,58.881424,0.019389179,False,False,-284.5621822239669
1070.0,-740.0,1070.0,-740.0,1752.1729,65.28308,0.022538435,False,False,-300.9611831257689
1090.0,-740.0,1090.0,-740.0,1890.74,71.98774,0.025949415,False,False,-317.45967680229217
1110.0,-740.0,1110.0,-740.0,2039.6544,78.97886,0.029602468,False,False,-334.05397192167607
1130.0,-740.0,1130.0,-740.0,2201.5452,86.22563,0.03356632,False,False,-350.7405376311174
1150.0,-740.0,1150.0,-740.0,2377.595,93.70974,0.037872396,False,False,-367.51599625013546
1170.0,-740.0,1170.0,-740.0,2567.141,101.43761,0.042504232,False,False,-384.37711625120426
1190.0,-740.0,1190.0,-740.0,2772.7666,109.38023,0.047529817,False,False,-401.32080552598666
1210.0,-740.0,1210.0,-740.0,2993.1562,117.550575,0.05291584,False,False,-418.34410493363697
1230.0,-740.0,1230.0,-740.0,3229.1313,125.93283,0.05868462,False,False,-435.4441821262156
1250.0,-740.0,1250.0,-740.0,3485.7957,134.48473,0.06497021,False,False,-452.61832564510917
1270.0,-740.0,1270.0,-740.0,3759.836,143.2373,0.071687475,False,False,-469.86393928145617
1290.0,-740.0,1290.0,-740.0,4054.988,152.15141,0.078935236,False,False,-487.1785366928882
1310.0,-740.0,1310.0,-740.0,4371.9434,161.22229,0.08673309,False,False,-504.5597362683877
1330.0,-740.0,1330.0,-740.0,4711.8394,170.34485,0.09511279,False,False,-522.0052562327111
1350.0,-740.0,1350.0,-740.0,5071.4697,179.52516,0.10399236,False,False,-539.5129099815955
1370.0,-740.0,1370.0,-740.0,5447.951,188.84863,0.11329738,False,False,-557.0806016388491
1390.0,-740.0,1390.0,-740.0,5843.5283,197.86705,0.12309111,False,False,-574.7063218263905
1410.0,-740.0,1410.0,-740.0,6253.383,206.77797,0.13324806,False,False,-592.3881436383531
1430.0,-740.0,1430.0,-740.0,6681.9805,215.58563,0.1438868,False,False,-610.124218810462
1450.0,-740.0,1450.0,-740.0,7138.365,224.19066,0.15524724,False,False,-627.9127740760559
1470.0,-740.0,1470.0,-740.0,7619.6562,232.55644,0.1672565,False,False,-645.7521077003063
1490.0,-740.0,1490.0,-740.0,8119.6147,240.48781,0.17975424,False,False,-663.640586184408
1510.0,-740.0,1510.0,-740.0,8642.97,248.05354,0.1928668,False,False,-681.5766411317684
1530.0,-740.0,1530.0,-740.0,9183.142,255.09628,0.2064248,False,False,-699.5587662684688
1550.0000000000002,-740.0,1550.0000000000002,-740.0,9741.117,261.72986,0.22045583,False,False,-717.5855146105538
1570.0,-740.0,1570.0,-740.0,10319.463,268.12506,0.23502892,False,False,-735.6554957709781
1590.0,-740.0,1590.0,-740.0,10917.238,274.15222,0.25012237,False,False,-753.7673733993346
1609.9999999999998,-740.0,1609.9999999999998,-740.0,11525.596,279.45795,0.2655071,False,False,-771.9198627477483
1630.0,-740.0,1630.0,-740.0,12151.684,284.39734,0.28137237,False,False,-790.1117283566409
1650.0000000000002,-740.0,1650.0000000000002,-740.0,12798.896,288.98172,0.2978106,False,False,-808.3417818543045
1670.0,-740.0,1670.0,-740.0,13470.063,292.90216,0.31490114,False,False,-826.6088798645427
1690.0,-740.0,1690.0,-740.0,14154.043,296.2819,0.332351,False,False,-844.9119220168751
1709.9999999999998,-740.0,1709.9999999999998,-740.0,14843.832,299.44772,0.34997576,False,False,-863.249849054066
1730.0,-740.0,1730.0,-740.0,15539.386,302.46988,0.36777583,False,False,-881.6216410320114
1750.0,-740.0,1750.0,-740.0,16234.52,305.3442,0.3855883,False,False,-900.026315607234
-250.0,-720.0,-250.0,-720.0,23884.496,316.4783,0.5945872,False,False,-902.2310504436167
-229.99999999999997,-720.0,-229.99999999999997,-720.0,23138.836,317.78467,0.5747623,False,False,-883.8503410734203
-210.00000000000003,-720.0,-210.00000000000003,-720.0,22376.57,318.54617,0.5544907,False,False,-865.5029471574305
-190.00000000000003,-720.0,-190.00000000000003,-720.0,21596.553,318.49057,0.5337324,False,False,-847.1898614229332
-170.0,-720.0,-170.0,-720.0,20798.307,317.58514,0.5124743,False,False,-828.9121144643042
-150.0,-720.0,-150.0,-720.0,19986.332,315.96228,0.4908467,False,False,-810.6707764596268
-130.0,-720.0,-130.0,-720.0,19151.812,313.23584,0.4685913,False,False,-792.4669589745652
-110.0,-720.0,-110.0,-720.0,18296.633,309.46555,0.4457646,False,False,-774.3018168581527
-90.0,-720.0,-90.0,-720.0,17425.082,304.67477,0.4224906,False,False,-756.1765502354134
-70.0,-720.0,-70.0,-720.0,16538.754,298.73434,0.3988079,False,False,-738.0924066019548
-50.0,-720.0,-50.0,-720.0,15640.094,291.5013,0.37478092,False,False,-720.0506830259366
-30.0,-720.0,-30.0,-720.0,14730.982,283.20132,0.35047305,False,False,-702.0527284630776
-10.0,-720.0,-10.0,-720.0,13798.989,273.32483,0.32553083,False,False,-684.0999461906125
10.0,-720.0,10.0,-720.0,12849.477,261.88663,0.30010197,False,False,-666.1937963663893
30.0,-720.0,30.0,-720.0,11884.509,249.05276,0.27425548,False,False,-648.3357987195621
50.0,-720.0,50.0,-720.0,10907.605,234.7421,0.24808842,False,False,-630.5275353796001
70.0,-720.0,70.0,-720.0,9913.805,218.314,0.22144914,False,False,-612.7706538505994
90.0,-720.0,90.0,-720.0,8910.718,199.86191,0.19456375,False,False,-595.0668701381477
110.0,-720.0,110.0,-720.0,7901.076,178.99474,0.16750452,False,False,-577.4179720362397
130.0,-720.0,130.0,-720.0,6888.8545,156.2569,0.14039773,False,False,-559.8258225819765
150.0,-720.0,150.0,-720.0,5878.6074,131.75291,0.11337057,False,False,-542.2923636860022
170.0,-720.0,170.0,-720.0,4849.548,103.36717,0.08584523,False,False,-524.8196199468229
190.00000000000003,-720.0,190.00000000000003,-720.0,3838.6929,76.74292,0.058892988,False,False,-507.4097026573065
210.00000000000003,-720.0,210.00000000000003,-720.0,3002.15,57.547863,0.0369208,False,False,-490.0648140117951
229.99999999999997,-720.0,229.99999999999997,-720.0,2381.0842,43.18862,0.021073077,False,False,-472.7872515223041
250.0,-720.0,250.0,-720.0,1957.2771,32.82043,0.0106948055,False,False,-455.57941265230835
270.0,-720.0,270.0,-720.0,1678.5809,26.232843,0.0042668087,False,False,-438.4437996765307
290.0,-720.0,290.0,-720.0,1520.6458,23.027254,0.0010718093,False,False,-421.3830247749801
310.0,-720.0,310.0,-720.0,1446.8047,21.81431,0.00010060283,False,False,-404.39981536921607
330.0,-720.0,330.0,-720.0,1406.7358,21.170155,0.0,False,False,-387.4970197084046
350.0,-720.0,350.0,-720.0,1371.5768,20.570679,0.0,False,False,-370.67761271216557
370.0,-720.0,370.0,-720.0,1337.5452,19.980001,0.0,False,False,-353.9447020764688
390.0,-720.0,390.0,-720.0,1304.6414,19.398129,0.0,False,False,-337.30153464787224
410.0,-720.0,410.0,-720.0,1272.8656,18.825045,0.0,False,False,-320.751503070192
430.0,-720.0,430.0,-720.0,1242.2189,18.260773,0.0,False,False,-304.29815270619287
450.0,-720.0,450.0,-720.0,1212.7026,17.705385,0.0,False,False,-287.94518883507016
470.00000000000006,-720.0,470.00000000000006,-720.0,1184.3164,17.158804,0.0,False,False,-271.69648412426636
490.0,-720.0,490.0,-720.0,1157.0591,16.620964,0.0,False,False,-255.5560863715476
510.00000000000006,-720.0,510.00000000000006,-720.0,1130.9305,16.091803,0.0,False,False,-239.52822651009186
530.0,-720.0,530.0,-720.0,1105.9297,15.571235,0.0,False,False,-223.61732686566276
550.0,-720.0,550.0,-720.0,1082.0558,15.059193,0.0,False,False,-207.82800965058217
570.0,-720.0,570.0,-720.0,1059.3103,14.555741,0.0,False,False,-192.16510567416933
590.0,-720.0,590.0,-720.0,1037.6938,14.06092,0.0,False,False,-176.63366324345813
610.0,-720.0,610.0,-720.0,1017.2059,13.574666,0.0,False,False,-161.2389572212673
630.0,-720.0,630.0,-720.0,997.84607,13.096967,0.0,False,False,-145.98649820098342
650.0,-720.0,650.0,-720.0,979.61444,12.627807,0.0,False,False,-130.88204174863844
670.0,-720.0,670.0,-720.0,962.51184,12.167243,0.0,False,False,-115.93159765291439
690.0,-720.0,690.0,-720.0,946.53906,11.71537,0.0,False,False,-101.14143911252476
710.0,-720.0,710.0,-720.0,931.86163,11.267121,4.1780295e-06,False,False,-86.51811177790275
730.0,-720.0,730.0,-720.0,919.52576,10.8180685,3.9198232e-05,False,False,-72.06844255021122
750.0,-720.0,750.0,-720.0,908.5763,10.450267,8.072375e-05,False,False,-57.799548025358085
770.0,-720.0,770.0,-720.0,901.2178,10.136639,0.00018498319,False,False,-54.182147448912254
789.9999999999999,-720.0,789.9999999999999,-720.0,899.10156,10.033757,0.00039412224,False,False,-68.87791632159745
810.0,-720.0,810.0,-720.0,900.7907,10.383975,0.00067150587,False,False,-83.74351209130666
830.0,-720.0,830.0,-720.0,906.7721,11.286845,0.0010296855,False,False,-98.7720418721984
850.0,-720.0,850.0,-720.0,917.1035,12.767534,0.0014702752,False,False,-113.95691119540174
869.9999999999999,-720.0,869.9999999999999,-720.0,934.2127,14.7624855,0.002055604,False,False,-129.2918134831227
890.0000000000001,-720.0,890.0000000000001,-720.0,959.7367,17.294619,0.0028278572,False,False,-144.7707194019247
910.0,-720.0,910.0,-720.0,993.1504,20.347689,0.003773795,False,False,-160.38786618957724
930.0,-720.0,930.0,-720.0,1037.544,23.887045,0.0049730614,False,False,-176.13774703475949
950.0,-720.0,950.0,-720.0,1089.7097,27.923729,0.0063435184,False,False,-192.01510057549186
969.9999999999999,-720.0,969.9999999999999,-720.0,1148.4683,32.38707,0.007855058,False,False,-208.01490057035298
990.0,-720.0,990.0,-720.0,1221.5527,37.182228,0.009707265,False,False,-224.13234578618994
1010.0,-720.0,1010.0,-720.0,1306.7618,42.371414,0.011843862,False,False,-240.3628501370073
1030.0,-720.0,1030.0,-720.0,1401.2701,47.94653,0.014192417,False,False,-256.70203310092563
1050.0,-720.0,1050.0,-720.0,1505.5103,53.861515,0.016764492,False,False,-273.1457104353767
1070.0,-720.0,1070.0,-720.0,1624.2849,60.075207,0.019684779,False,False,-289.6898852049667
1090.0,-720.0,1090.0,-720.0,1755.2258,66.60547,0.022892602,False,False,-306.33073913155704
1110.0,-720.0,1110.0,-720.0,1897.5364,73.44091,0.026367916,False,False,-323.06462427199676
1130.0,-720.0,1130.0,-720.0,2050.2158,80.566216,0.03008536,False,False,-339.88805502549354
1150.0,-720.0,1150.0,-720.0,2216.239,87.94698,0.03412273,False,False,-356.7977004697496
1170.0,-720.0,1170.0,-720.0,2396.2502,95.56907,0.038497496,False,False,-373.79037702263736
1190.0,-720.0,1190.0,-720.0,2590.3193,103.43284,0.043212287,False,False,-390.8630414242806
1210.0,-720.0,1210.0,-720.0,2800.5254,111.513176,0.04832206,False,False,-408.01278403287233
1230.0,-720.0,1230.0,-720.0,3025.986,119.8197,0.053804822,False,False,-425.23682242636437
1250.0,-720.0,1250.0,-720.0,3267.0112,128.34068,0.05966959,False,False,-442.5324953012324
1270.0,-720.0,1270.0,-720.0,3528.961,137.03125,0.066057295,False,False,-459.89725665883776
1290.0,-720.0,1290.0,-720.0,3808.6853,145.9212,0.07288706,False,False,-477.3286702694158
1310.0,-720.0,1310.0,-720.0,4109.4497,154.97543,0.08024557,False,False,-494.8244044034069
1330.0,-720.0,1330.0,-720.0,4432.6064,164.16838,0.08816979,False,False,-512.3822268196623
1350.0,-720.0,1350.0,-720.0,4778.1953,173.35268,0.09666331,False,False,-530.0000000000001
1370.0,-720.0,1370.0,-720.0,5144.9795,182.66866,0.10569486,False,False,-547.6756766196206
1390.0,-720.0,1390.0,-720.0,5526.6953,191.96194,0.11510314,False,False,-565.4072952429985
1410.0,-720.0,1410.0,-720.0,5927.8613,200.95494,0.12501003,False,False,-583.1929762350512
1430.0,-720.0,1430.0,-720.0,6344.2383,209.90666,0.13530481,False,False,-601.0309178776031
1450.0,-720.0,1450.0,-720.0,6778.807,218.74077,0.14606777,False,False,-618.919392681427
1470.0,-720.0,1470.0,-720.0,7241.211,227.37503,0.15755463,False,False,-636.8567438844489
1490.0,-720.0,1490.0,-720.0,7727.5923,235.66391,0.16966769,False,False,-654.8413821270001
1510.0,-720.0,1510.0,-720.0,8232.526,243.5078,0.18226726,False,False,-672.8717822953438
1530.0,-720.0,1530.0,-720.0,8761.116,250.99118,0.19548988,False,False,-690.9464805250342
1550.0000000000002,-720.0,1550.0000000000002,-720.0,9305.84,257.8877,0.20914169,False,False,-709.0640713560157
1570.0,-720.0,1570.0,-720.0,9870.3125,264.48965,0.22331846,False,False,-727.2232050317065
1590.0,-720.0,1590.0,-720.0,10456.479,270.8956,0.23807369,False,False,-745.4225849346628
1609.9999999999998,-720.0,1609.9999999999998,-720.0,11055.998,276.65933,0.25319192,False,False,-763.6609651517492
1630.0,-720.0,1630.0,-720.0,11670.59,281.87976,0.26872072,False,False,-781.9371481620781
1650.0000000000002,-720.0,1650.0000000000002,-720.0,12303.543,286.7667,0.2847485,False,False,-800.2499826412998
1670.0,-720.0,1670.0,-720.0,12956.595,291.29114,0.30132437,False,False,-818.598361376145
1690.0,-720.0,1690.0,-720.0,13632.102,295.04517,0.31851518,False,False,-836.98121928342
1709.9999999999998,-720.0,1709.9999999999998,-720.0,14322.7705,298.31122,0.3361299,False,False,-855.3975315279471
1730.0,-720.0,1730.0,-720.0,15020.127,301.3805,0.3539448,False,False,-873.846311734236
1750.0,-720.0,1750.0,-720.0,15723.381,304.33072,0.3719406,False,False,-892.3266102869242
-250.0,-700.0,-250.0,-700.0,23386.145,318.75397,0.58100605,False,False,-894.4750789824573
-229.99999999999997,-700.0,-229.99999999999997,-700.0,22626.812,319.73764,0.56079453,False,False,-876.018380287412
-210.00000000000003,-700.0,-210.00000000000003,-700.0,21852.852,319.99515,0.5401833,False,False,-857.5936319515155
-190.00000000000003,-700.0,-190.00000000000003,-700.0,21059.93,319.40457,0.5190521,False,False,-839.2017941915557
-170.0,-700.0,-170.0,-700.0,20250.79,318.04684,0.49748018,False,False,-820.8438642695467
-150.0,-700.0,-150.0,-700.0,19424.848,315.7697,0.47544485,False,False,-802.5208781977177
-130.0,-700.0,-130.0,-700.0,18576.27,312.4156,0.45278063,False,False,-784.233912532011
-110.0,-700.0,-110.0,-700.0,17708.469,307.966,0.42958403,False,False,-765.9840862589631
-90.0,-700.0,-90.0,-700.0,16828.14,302.4709,0.4060454,False,False,-747.7725627811305
-70.0,-700.0,-70.0,-700.0,15933.906,295.64368,0.38211495,False,False,-729.6005520064849
-50.0,-700.0,-50.0,-700.0,15027.705,287.71823,0.35786036,False,False,-711.469312547483
-30.0,-700.0,-30.0,-700.0,14102.37,278.41833,0.33307883,False,False,-693.3801540358177
-10.0,-700.0,-10.0,-700.0,13161.574,267.704,0.30787295,False,False,-675.3344395591549
10.0,-700.0,10.0,-700.0,12196.316,255.21294,0.2819839,False,False,-657.3335882264629
30.0,-700.0,30.0,-700.0,11224.105,241.57202,0.25592387,False,False,-639.3790778688801
50.0,-700.0,50.0,-700.0,10234.571,225.85124,0.22937629,False,False,-621.4724478833541
70.0,-700.0,70.0,-700.0,9237.006,208.2776,0.20261462,False,False,-603.6153022266448
90.0,-700.0,90.0,-700.0,8228.021,187.97853,0.17553882,False,False,-585.809312567583
110.0,-700.0,110.0,-700.0,7214.6714,165.72968,0.1483682,False,False,-568.0562216058091
130.0,-700.0,130.0,-700.0,6205.08,141.91382,0.12133047,False,False,-550.3578465655285
150.0,-700.0,150.0,-700.0,5185.3,114.76431,0.09402666,False,False,-532.7160828731194
170.0,-700.0,170.0,-700.0,4151.5796,85.43926,0.06639263,False,False,-515.1329080277202
190.00000000000003,-700.0,190.00000000000003,-700.0,3222.526,62.61841,0.041764833,False,False,-497.6103856741753
210.00000000000003,-700.0,210.00000000000003,-700.0,2521.057,46.287197,0.023664622,False,False,-480.15066988795735
229.99999999999997,-700.0,229.99999999999997,-700.0,2042.1285,34.66999,0.011800501,False,False,-462.7560096818558
250.0,-700.0,250.0,-700.0,1735.3927,27.452223,0.0046583703,False,False,-445.4287537443697
270.0,-700.0,270.0,-700.0,1562.696,23.987656,0.0011205385,False,False,-428.1713554197963
290.0,-700.0,290.0,-700.0,1484.5562,22.7325,9.20312e-05,False,False,-410.986377939998
310.0,-700.0,310.0,-700.0,1442.6289,22.06757,0.0,False,False,-393.87649991771195
330.0,-700.0,330.0,-700.0,1405.3132,21.442488,0.0,False,False,-376.8445211110323
350.0,-700.0,350.0,-700.0,1369.1553,20.826397,0.0,False,False,-359.89336846830923
370.0,-700.0,370.0,-700.0,1334.156,20.219307,0.0,False,False,-343.0261024621603
390.0,-700.0,390.0,-700.0,1300.3168,19.621284,0.0,False,False,-326.2459237205284
410.0,-700.0,410.0,-700.0,1267.6376,19.032286,0.0,False,False,-309.5561799617206
430.0,-700.0,430.0,-700.0,1236.1187,18.452295,0.0,False,False,-292.9603732390836
450.0,-700.0,450.0,-700.0,1205.7611,17.881365,0.0,False,False,-276.46216749936127
470.00000000000006,-700.0,470.00000000000006,-700.0,1176.5664,17.319548,0.0,False,False,-260.0653964567805
490.0,-700.0,490.0,-700.0,1148.5337,16.766766,0.0,False,False,-243.77407178249229
510.00000000000006,-700.0,510.00000000000006,-700.0,1121.6624,16.222948,0.0,False,False,-227.59239160603173
530.0,-700.0,530.0,-700.0,1095.9517,15.688013,0.0,False,False,-211.52474932195804
550.0,-700.0,550.0,-700.0,1071.4008,15.161888,0.0,False,False,-195.57574269062943
570.0,-700.0,570.0,-700.0,1048.0093,14.644519,0.0,False,False,-179.75018321713614
590.0,-700.0,590.0,-700.0,1025.7788,14.136016,0.0,False,False,-164.05310578662298
610.0,-700.0,610.0,-700.0,1004.70966,13.636352,0.0,False,False,-148.48977852747976
630.0,-700.0,630.0,-700.0,984.8008,13.145475,0.0,False,False,-133.06571286607894
650.0,-700.0,650.0,-700.0,966.05273,12.663379,0.0,False,False,-117.78667372774332
670.0,-700.0,670.0,-700.0,948.4652,12.190071,0.0,False,False,-102.65868982833892
690.0,-700.0,690.0,-700.0,932.0399,11.725676,0.0,False,False,-87.68806398919592
710.0,-700.0,710.0,-700.0,916.7772,11.270228,0.0,False,False,-72.8813833948197
730.0,-700.0,730.0,-700.0,902.8382,10.818891,4.065223e-06,False,False,-58.24552969799901
750.0,-700.0,750.0,-700.0,891.31165,10.368495,3.996736e-05,False,False,-43.787688860342456
770.0,-700.0,770.0,-700.0,881.214,10.007553,8.262208e-05,False,False,-40.624812312295475
789.9999999999999,-700.0,789.9999999999999,-700.0,874.77454,9.712607,0.00018884646,False,False,-55.50935571410265
810.0,-700.0,810.0,-700.0,873.72797,9.657074,0.00040297685,False,False,-70.5606008068857
830.0,-700.0,830.0,-700.0,876.586,10.097425,0.00068708055,False,False,-85.77161502776454
850.0,-700.0,850.0,-700.0,883.84784,11.125304,0.001054024,False,False,-101.13577727726214
869.9999999999999,-700.0,869.9999999999999,-700.0,895.5577,12.747447,0.0015050702,False,False,-116.64676599182438
890.0000000000001,-700.0,890.0000000000001,-700.0,914.1935,14.88673,0.0021038393,False,False,-132.29854720387252
910.0,-700.0,910.0,-700.0,941.45996,17.561632,0.0028942996,False,False,-148.0853626799708
930.0,-700.0,930.0,-700.0,976.7589,20.753407,0.003861343,False,False,-164.00171821179026
950.0,-700.0,950.0,-700.0,1023.34753,24.428654,0.005088954,False,False,-180.0423721205947
969.9999999999999,-700.0,969.9999999999999,-700.0,1077.8865,28.598618,0.0064915977,False,False,-196.20232402382493
990.0,-700.0,990.0,-700.0,1139.1189,33.19306,0.008037178,False,False,-212.4768039018315
1010.0,-700.0,1010.0,-700.0,1214.9934,38.1194,0.009930925,False,False,-228.86126149374581
1030.0,-700.0,1030.0,-700.0,1303.2891,43.441257,0.012116084,False,False,-245.35135604374724
1050.0,-700.0,1050.0,-700.0,1401.0725,49.150078,0.014517419,False,False,-261.9429464123963
1070.0,-700.0,1070.0,-700.0,1508.7665,55.199654,0.017146263,False,False,-278.6320815621671
1090.0,-700.0,1090.0,-700.0,1631.261,61.5496,0.020129675,False,False,-295.414991421668
1110.0,-700.0,1110.0,-700.0,1766.1908,68.21736,0.023407053,False,False,-312.2880781291889
1130.0,-700.0,1130.0,-700.0,1912.6907,75.19151,0.026956622,False,False,-329.2479076530457
1150.0,-700.0,1150.0,-700.0,2069.7036,82.45642,0.030751565,False,False,-346.2912017836262
1170.0,-700.0,1170.0,-700.0,2240.3215,89.977005,0.034872808,False,False,-363.41483048997236
1190.0,-700.0,1190.0,-700.0,2425.1238,97.73963,0.03933619,False,False,-380.6158046321214
1210.0,-700.0,1210.0,-700.0,2624.213,105.74388,0.044145245,False,False,-397.89126901916086
1230.0,-700.0,1230.0,-700.0,2839.7905,113.96412,0.049358223,False,False,-415.2384958020327
1250.0,-700.0,1250.0,-700.0,3070.8218,122.41088,0.054949146,False,False,-432.65487818944035
1270.0,-700.0,1270.0,-700.0,3317.6875,131.0716,0.06092898,False,False,-450.1379244747723
1290.0,-700.0,1290.0,-700.0,3585.7874,139.90137,0.06743987,False,False,-467.6852523616909
1310.0,-700.0,1310.0,-700.0,3871.9307,148.92993,0.074399896,False,False,-485.2945835759316
1330.0,-700.0,1330.0,-700.0,4179.411,158.12183,0.081896596,False,False,-502.9637387508724
1350.0,-700.0,1350.0,-700.0,4509.1504,167.39134,0.08995615,False,False,-520.6906325745551
1370.0,-700.0,1370.0,-700.0,4861.8525,176.67747,0.09859924,False,False,-538.4732691860462
1390.0,-700.0,1390.0,-700.0,5236.0723,186.0962,0.10778929,False,False,-556.3097378092834
1410.0,-700.0,1410.0,-700.0,5623.3145,195.30405,0.11730781,False,False,-574.1982086128799
1430.0,-700.0,1430.0,-700.0,6031.001,204.30101,0.12735127,False,False,-592.1369287847074
1450.0,-700.0,1450.0,-700.0,6454.0615,213.25696,0.13778752,False,False,-610.124218810462
1470.0,-700.0,1470.0,-700.0,6895.8633,222.12872,0.14870703,False,False,-628.1584689458209
1490.0,-700.0,1490.0,-700.0,7364.865,230.74368,0.1603353,False,False,-646.2381358722074
1510.0,-700.0,1510.0,-700.0,7856.543,238.89291,0.17255744,False,False,-664.3617395265971
1530.0,-700.0,1530.0,-700.0,8368.464,246.7116,0.18531124,False,False,-682.5278600962303
1550.0000000000002,-700.0,1550.0000000000002,-700.0,8901.158,253.98267,0.19861484,False,False,-700.735135169495
1570.0,-700.0,1570.0,-700.0,9452.61,260.8065,0.2124174,False,False,-718.9822570346677
1590.0,-700.0,1590.0,-700.0,10024.73,267.3868,0.22677055,False,False,-737.2679701185997
1609.9999999999998,-700.0,1609.9999999999998,-700.0,10616.719,273.6592,0.24165633,False,False,-755.5910685578234
1630.0,-700.0,1630.0,-700.0,11220.046,279.19598,0.25685412,False,False,-773.9503938949365
1650.0000000000002,-700.0,1650.0000000000002,-700.0,11841.737,284.3398,0.2725506,False,False,-792.3448328934921
1670.0,-700.0,1670.0,-700.0,12482.366,289.17847,0.28876352,False,False,-810.7733154649702
1690.0,-700.0,1690.0,-700.0,13140.373,293.5376,0.30545497,False,False,-829.2348127017484
1709.9999999999998,-700.0,1709.9999999999998,-700.0,13822.059,297.14307,0.32279631,False,False,-847.7283350103174
1730.0,-700.0,1730.0,-700.0,14520.034,300.30884,0.3405938,False,False,-866.2529303392936
1750.0,-700.0,1750.0,-700.0,15225.477,303.31842,0.35861456,False,False,-884.8076824970765
-250.0,-680.0,-250.0,-680.0,22898.223,320.6858,0.56764567,False,False,-886.899223726416
-229.99999999999997,-680.0,-229.99999999999997,-680.0,22130.246,321.26645,0.547179,False,False,-868.3676883284957
-210.00000000000003,-680.0,-210.00000000000003,-680.0,21343.91,321.002,0.5262072,False,False,-849.8667403574194
-190.00000000000003,-680.0,-190.00000000000003,-680.0,20538.451,319.94336,0.5047126,False,False,-831.3973068046162
-170.0,-680.0,-170.0,-680.0,19720.336,318.08997,0.4828742,False,False,-812.9603508245341
-150.0,-680.0,-150.0,-680.0,18878.834,315.15335,0.46038356,False,False,-794.5568734237524
-130.0,-680.0,-130.0,-680.0,18017.592,311.14996,0.43734464,False,False,-776.1879152395593
-110.0,-680.0,-110.0,-680.0,17142.11,306.0572,0.4139135,False,False,-757.8545584130866
-90.0,-680.0,-90.0,-680.0,16254.279,299.72162,0.3901354,False,False,-739.5579285623929
-70.0,-680.0,-70.0,-680.0,15350.696,292.15515,0.36592224,False,False,-721.2991968611675
-50.0,-680.0,-50.0,-680.0,14434.618,283.5358,0.34137416,False,False,-703.079582229062
-30.0,-680.0,-30.0,-680.0,13497.662,273.31897,0.31624484,False,False,-684.900353639981
-10.0,-680.0,-10.0,-680.0,12539.8,261.52856,0.290536,False,False,-666.7628325549949
10.0,-680.0,10.0,-680.0,11568.406,248.33653,0.26446396,False,False,-648.6683954869051
30.0,-680.0,30.0,-680.0,10586.682,233.53928,0.23811185,False,False,-630.6184767038495
50.0,-680.0,50.0,-680.0,9590.607,216.57115,0.21135648,False,False,-612.6145710797108
70.0,-680.0,70.0,-680.0,8589.667,197.43431,0.18447405,False,False,-594.6582370994785
90.0,-680.0,90.0,-680.0,7577.078,175.888,0.1572871,False,False,-576.7511000281029
110.0,-680.0,110.0,-680.0,6563.604,152.39055,0.13010314,False,False,-558.8948552517738
130.0,-680.0,130.0,-680.0,5552.3564,126.87527,0.10300675,False,False,-541.0912718009487
150.0,-680.0,150.0,-680.0,4517.056,97.15519,0.07527818,False,False,-523.3421960648507
170.0,-680.0,170.0,-680.0,3515.8462,69.80887,0.048569597,False,False,-505.6495557075353
190.00000000000003,-680.0,190.00000000000003,-680.0,2712.731,50.644283,0.02756852,False,False,-488.0153637959908
210.00000000000003,-680.0,210.00000000000003,-680.0,2160.2166,37.28043,0.013684716,False,False,-470.4417231510849
229.99999999999997,-680.0,229.99999999999997,-680.0,1810.2688,29.05123,0.005408832,False,False,-452.93083093248043
250.0,-680.0,250.0,-680.0,1614.0793,25.105204,0.0012936711,False,False,-435.4849834689197
270.0,-680.0,270.0,-680.0,1527.6556,23.729582,0.00010387789,False,False,-418.10658134548584
290.0,-680.0,290.0,-680.0,1482.9929,23.034826,0.0,False,False,-400.79813475960833
310.0,-680.0,310.0,-680.0,1443.4066,22.383358,0.0,False,False,-383.5622691576314
330.0,-680.0,330.0,-680.0,1405.0028,21.740627,0.0,False,False,-366.40173116372733
350.0,-680.0,350.0,-680.0,1367.7876,21.10696,0.0,False,False,-349.31939481275066
370.0,-680.0,370.0,-680.0,1331.7642,20.482533,0.0,False,False,-332.3182680983038
390.0,-680.0,390.0,-680.0,1296.9343,19.867413,0.0,False,False,-315.40149984675037
410.0,-680.0,410.0,-680.0,1263.2996,19.261637,0.0,False,False,-298.57238692715816
430.0,-680.0,430.0,-680.0,1230.8586,18.665117,0.0,False,False,-281.8343818061339
450.0,-680.0,450.0,-680.0,1199.6113,18.077824,0.0,False,False,-265.1911004551567
470.00000000000006,-680.0,470.00000000000006,-680.0,1169.5605,17.499865,0.0,False,False,-248.64633061629854
490.0,-680.0,490.0,-680.0,1140.7063,16.931255,0.0,False,False,-232.20404043005928
510.00000000000006,-680.0,510.00000000000006,-680.0,1113.0482,16.371922,0.0,False,False,-215.86838742636104
530.0,-680.0,530.0,-680.0,1086.5856,15.821785,0.0,False,False,-199.64372787648742
550.0,-680.0,550.0,-680.0,1061.3176,15.280773,0.0,False,False,-183.53462649979656
570.0,-680.0,570.0,-680.0,1037.2433,14.748791,0.0,False,False,-167.54586651430066
590.0,-680.0,590.0,-680.0,1014.3628,14.225827,0.0,False,False,-151.68246001458485
610.0,-680.0,610.0,-680.0,992.6782,13.712003,0.0,False,False,-135.94965865387815
630.0,-680.0,630.0,-680.0,972.18854,13.207234,0.0,False,False,-120.3529645993171
650.0,-680.0,650.0,-680.0,952.8935,12.711508,0.0,False,False,-104.89814172035578
670.0,-680.0,670.0,-680.0,934.793,12.22479,0.0,False,False,-89.59122695977683
690.0,-680.0,690.0,-680.0,917.8883,11.747191,0.0,False,False,-74.43854182467241
710.0,-680.0,710.0,-680.0,902.1804,11.278784,0.0,False,False,-59.44670392094059
730.0,-680.0,730.0,-680.0,887.67,10.819641,0.0,False,False,-44.622638439145376
750.0,-680.0,750.0,-680.0,874.5742,10.363281,5.5111886e-06,False,False,-29.973589481875063
770.0,-680.0,770.0,-680.0,863.93207,9.914854,4.304701e-05,False,False,-27.27795654340792
789.9999999999999,-680.0,789.9999999999999,-680.0,854.73364,9.567415,8.679653e-05,False,False,-42.3531071570708
810.0,-680.0,810.0,-680.0,849.52527,9.297598,0.00020169409,False,False,-57.59160359753235
830.0,-680.0,830.0,-680.0,849.78516,9.3154955,0.00042556258,False,False,-72.98648640139
850.0,-680.0,850.0,-680.0,854.03955,9.880038,0.00072084425,False,False,-88.53112036358435
869.9999999999999,-680.0,869.9999999999999,-680.0,862.7617,11.067759,0.0010997585,False,False,-104.21918114113559
890.0000000000001,-680.0,890.0000000000001,-680.0,876.0919,12.857103,0.0015659923,False,False,-120.04464196745313
910.0,-680.0,910.0,-680.0,896.7294,15.159413,0.0021888972,False,False,-136.00176056201602
930.0,-680.0,930.0,-680.0,926.0646,17.998064,0.0030044133,False,False,-152.08506630369968
950.0,-680.0,950.0,-680.0,963.8015,21.343618,0.004005204,False,False,-168.289347721702
969.9999999999999,-680.0,969.9999999999999,-680.0,1013.0036,25.173119,0.0052703195,False,False,-184.6096403457132
990.0,-680.0,990.0,-680.0,1070.3013,29.4912,0.0067134337,False,False,-201.0412149464314
1010.0,-680.0,1010.0,-680.0,1134.5095,34.22654,0.008304336,False,False,-217.57956618859208
1030.0,-680.0,1030.0,-680.0,1213.95,39.294968,0.010257961,False,False,-234.22040171113684
1050.0,-680.0,1050.0,-680.0,1305.7366,44.76327,0.012500402,False,False,-250.95963164284396
1070.0,-680.0,1070.0,-680.0,1407.2246,50.616814,0.014963886,False,False,-267.7933585565118
1090.0,-680.0,1090.0,-680.0,1518.9971,56.80882,0.017663917,False,False,-284.71786786048864
1110.0,-680.0,1110.0,-680.0,1645.7645,63.303963,0.020723023,False,False,-301.72961862285376
1130.0,-680.0,1130.0,-680.0,1785.144,70.117966,0.024080148,False,False,-318.82523482074754
1150.0,-680.0,1150.0,-680.0,1936.3073,77.23819,0.027714483,False,False,-336.0014970051495
1170.0,-680.0,1170.0,-680.0,2098.1938,84.647995,0.031599194,False,False,-353.2553343696822
1190.0,-680.0,1190.0,-680.0,2273.913,92.313614,0.03581569,False,False,-370.5838172107535
1210.0,-680.0,1210.0,-680.0,2464.2627,100.219574,0.040385615,False,False,-387.9841497654071
1230.0,-680.0,1230.0,-680.0,2668.9321,108.368195,0.045301802,False,False,-405.4536634126362
1250.0,-680.0,1250.0,-680.0,2890.6377,116.730545,0.05063595,False,False,-422.98981022353075
1270.0,-680.0,1270.0,-680.0,3127.7573,125.32117,0.056346856,False,False,-440.5901568454507
1290.0,-680.0,1290.0,-680.0,3381.245,134.12236,0.06246052,False,False,-458.2523787054146
1310.0,-680.0,1310.0,-680.0,3656.3877,143.0915,0.06911634,False,False,-475.97425451801155
1330.0,-680.0,1330.0,-680.0,3949.6602,152.2598,0.07622364,False,False,-493.7536610833797
1350.0,-680.0,1350.0,-680.0,4264.805,161.57745,0.08388197,False,False,-511.5885683611133
1370.0,-680.0,1370.0,-680.0,4601.732,170.89697,0.09209153,False,False,-529.4770348063421
1390.0,-680.0,1390.0,-680.0,4962.912,180.31517,0.1009185,False,False,-547.4172029546523
1410.0,-680.0,1410.0,-680.0,5343.624,189.70088,0.11024212,False,False,-565.4072952429985
1430.0,-680.0,1430.0,-680.0,5737.412,198.85371,0.11989643,False,False,-583.445610054226
1450.0,-680.0,1450.0,-680.0,6152.8467,207.89081,0.13010745,False,False,-601.5305179733542
1470.0,-680.0,1470.0,-680.0,6583.187,216.85622,0.14070007,False,False,-619.6604582442582
1490.0,-680.0,1490.0,-680.0,7032.7764,225.73218,0.15179016,False,False,-637.8339354159199
1510.0,-680.0,1510.0,-680.0,7508.672,234.25092,0.16356754,False,False,-656.0495161679195
1530.0,-680.0,1530.0,-680.0,8006.744,242.26653,0.17592722,False,False,-674.305826305338
1550.0000000000002,-680.0,1550.0000000000002,-680.0,8525.341,249.98465,0.18882737,False,False,-692.6015479137437
1570.0,-680.0,1570.0,-680.0,9063.557,257.06415,0.20224911,False,False,-710.9354166653982
1590.0,-680.0,1590.0,-680.0,9622.832,263.82956,0.21623138,False,False,-729.3062192682938
1609.9999999999998,-680.0,1609.9999999999998,-680.0,10204.02,270.40433,0.2307988,False,False,-747.7127910500626
1630.0,-680.0,1630.0,-680.0,10799.271,276.3782,0.24574876,False,False,-766.1540136692497
1650.0000000000002,-680.0,1650.0000000000002,-680.0,11409.515,281.7808,0.2611085,False,False,-784.6288129468268
1670.0,-680.0,1670.0,-680.0,12039.09,286.84723,0.27699453,False,False,-803.1361568112377
1690.0,-680.0,1690.0,-680.0,12687.252,291.61075,0.29339004,False,False,-821.6750533506244
1709.9999999999998,-680.0,1709.9999999999998,-680.0,13350.501,295.7489,0.31020612,False,False,-840.2445489662508
1730.0,-680.0,1730.0,-680.0,14039.574,299.196,0.3277319,False,False,-858.8437266214715
1750.0,-680.0,1750.0,-680.0,14745.258,302.26352,0.34572494,False,False,-877.471704180918
-250.0,-660.0,-250.0,-660.0,22427.29,322.2904,0.55468136,False,False,-879.5056626978048
-229.99999999999997,-660.0,-229.99999999999997,-660.0,21648.941,322.3642,0.5339055,False,False,-860.90050094134
-210.00000000000003,-660.0,-210.00000000000003,-660.0,20849.473,321.67627,0.51255316,False,False,-842.324567684627
-190.00000000000003,-660.0,-190.00000000000003,-660.0,20035.715,320.14804,0.4908091,False,False,-823.7787560405905
-170.0,-660.0,-170.0,-660.0,19204.305,317.70938,0.46857715,False,False,-805.2639943442016
-150.0,-660.0,-150.0,-660.0,18350.59,314.1805,0.44572294,False,False,-786.7812478213996
-130.0,-660.0,-130.0,-660.0,17479.61,309.48737,0.4223854,False,False,-768.3315203481541
-110.0,-660.0,-110.0,-660.0,16599.008,303.68555,0.39878252,False,False,-749.9158563049339
-90.0,-660.0,-90.0,-660.0,15700.957,296.5899,0.3746917,False,False,-731.5353425321837
-70.0,-660.0,-70.0,-660.0,14789.424,288.44186,0.35023785,False,False,-713.1911103927266
-50.0,-660.0,-50.0,-660.0,13859.501,278.8539,0.32527405,False,False,-694.8843379473658
-30.0,-660.0,-30.0,-660.0,12912.365,267.9046,0.29984087,False,False,-676.6162522503162
-10.0,-660.0,-10.0,-660.0,11941.284,255.12589,0.27373576,False,False,-658.3881317714839
10.0,-660.0,10.0,-660.0,10965.51,241.13326,0.24752186,False,False,-640.2013089529983
30.0,-660.0,30.0,-660.0,9974.605,225.00208,0.22087851,False,False,-622.0571729078313
50.0,-660.0,50.0,-660.0,8979.336,206.89886,0.19411883,False,False,-603.9571722687496
70.0,-660.0,70.0,-660.0,7968.466,186.0834,0.16693771,False,False,-585.9028181963039
90.0,-660.0,90.0,-660.0,6954.0215,163.22658,0.13968718,False,False,-567.8956875550094
110.0,-660.0,110.0,-660.0,5944.0156,138.63628,0.11259109,False,False,-549.9374262673355
130.0,-660.0,130.0,-660.0,4919.993,110.63503,0.08513176,False,False,-532.0297528556124
150.0,-660.0,150.0,-660.0,3887.433,80.03927,0.057491705,False,False,-514.1744621824282
170.0,-660.0,170.0,-660.0,2969.8628,56.714046,0.03318864,False,False,-496.3734294005831
190.00000000000003,-660.0,190.00000000000003,-660.0,2319.5815,40.884842,0.016568126,False,False,-478.62861412414105
210.00000000000003,-660.0,210.00000000000003,-660.0,1907.4753,31.139273,0.0066256984,False,False,-460.9420648325842
229.99999999999997,-660.0,229.99999999999997,-660.0,1677.2378,26.41924,0.0016462663,False,False,-443.3159235205268
250.0,-660.0,250.0,-660.0,1576.717,24.813457,0.00014194867,False,False,-425.75243060586365
270.0,-660.0,270.0,-660.0,1528.2029,24.07643,0.0,False,False,-408.2539301096036
290.0,-660.0,290.0,-660.0,1486.2205,23.397646,0.0,False,False,-390.82287512096985
310.0,-660.0,310.0,-660.0,1445.4539,22.727749,0.0,False,False,-373.46183356159463
330.0,-660.0,330.0,-660.0,1405.9017,22.066662,0.0,False,False,-356.1734942628078
350.0,-660.0,350.0,-660.0,1367.5686,21.414581,0.0,False,False,-338.96067337006224
370.0,-660.0,370.0,-660.0,1330.4602,20.77182,0.0,False,False,-321.82632108845036
390.0,-660.0,390.0,-660.0,1294.5803,20.1386,0.0,False,False,-304.77352878300053
410.0,-660.0,410.0,-660.0,1259.9309,19.51499,0.0,False,False,-287.8055364469668
430.0,-660.0,430.0,-660.0,1226.5127,18.901005,0.0,False,False,-270.9257405505941
450.0,-660.0,450.0,-660.0,1194.3247,18.296532,0.0,False,False,-254.1377022818082
470.00000000000006,-660.0,470.00000000000006,-660.0,1163.3666,17.701534,0.0,False,False,-237.44515618887513
490.0,-660.0,490.0,-660.0,1133.6406,17.116127,0.0,False,False,-220.85201923325909
510.00000000000006,-660.0,510.00000000000006,-660.0,1105.1481,16.540344,0.0,False,False,-204.36240025855295
530.0,-660.0,530.0,-660.0,1077.8875,15.974086,0.0,False,False,-187.98060987844372
550.0,-660.0,550.0,-660.0,1051.8584,15.41728,0.0,False,False,-171.71117078304582
570.0,-660.0,570.0,-660.0,1027.06,14.86984,0.0,False,False,-155.55882845850476
590.0,-660.0,590.0,-660.0,1003.49146,14.33167,0.0,False,False,-139.5285623094354
610.0,-660.0,610.0,-660.0,981.1536,13.802847,0.0,False,False,-123.62559716732396
630.0,-660.0,630.0,-660.0,960.04785,13.283403,0.0,False,False,-107.85541516040887
650.0,-660.0,650.0,-660.0,940.17303,12.77328,0.0,False,False,-92.22376791152942
670.0,-660.0,670.0,-660.0,921.529,12.272442,0.0,False,False,-76.73668901987124
690.0,-660.0,690.0,-660.0,904.116,11.780915,0.0,False,False,-61.40050677022535
710.0,-660.0,710.0,-660.0,887.93634,11.29886,0.0,False,False,-46.221856999130004
730.0,-660.0,730.0,-660.0,872.9894,10.826271,0.0,False,False,-31.207696030884136
750.0,-660.0,750.0,-660.0,859.2771,10.363306,0.0,False,False,-16.365313577721917
770.0,-660.0,770.0,-660.0,847.13306,9.900546,8.5123465e-06,False,False,-14.149890302217582
789.9999999999999,-660.0,789.9999999999999,-660.0,837.4546,9.458685,4.842985e-05,False,False,-29.417310909429006
810.0,-660.0,810.0,-660.0,829.2069,9.132797,9.3237584e-05,False,False,-44.844486036079935
830.0,-660.0,830.0,-660.0,825.55927,8.899623,0.00022384789,False,False,-60.42444332446434
850.0,-660.0,850.0,-660.0,827.35223,9.024508,0.00046182846,False,False,-76.15054708902136
869.9999999999999,-660.0,869.9999999999999,-660.0,833.23364,9.751377,0.0007727217,False,False,-92.0164833920778
890.0000000000001,-660.0,890.0000000000001,-660.0,843.62573,11.131978,0.0011674282,False,False,-108.01624536827087
910.0,-660.0,910.0,-660.0,858.822,13.110746,0.0016535723,False,False,-124.1441188744441
930.0,-660.0,930.0,-660.0,881.9532,15.592858,0.0023116176,False,False,-140.3946685248928
950.0,-660.0,950.0,-660.0,913.65247,18.613546,0.0031581102,False,False,-156.76272415737878
969.9999999999999,-660.0,969.9999999999999,-660.0,954.53345,22.12499,0.004209101,False,False,-173.2433677630571
990.0,-660.0,990.0,-660.0,1006.6509,26.126492,0.0055177487,False,False,-189.83192090311653
1010.0,-660.0,1010.0,-660.0,1067.0562,30.606205,0.0070085605,False,False,-206.52393262628667
1030.0,-660.0,1030.0,-660.0,1134.886,35.49041,0.008659623,False,False,-223.31516789419402
1050.0,-660.0,1050.0,-660.0,1218.5667,40.712795,0.010688702,False,False,-240.2015965156632
1070.0,-660.0,1070.0,-660.0,1314.3188,46.33966,0.012998847,False,False,-257.179382586272
1090.0,-660.0,1090.0,-660.0,1419.835,52.348873,0.015530967,False,False,-274.2448744256342
1110.0,-660.0,1110.0,-660.0,1536.3357,58.69063,0.01831713,False,False,-291.394595001853
1130.0,-660.0,1130.0,-660.0,1667.905,65.33967,0.021463728,False,False,-308.62523283024007
1150.0,-660.0,1150.0,-660.0,1812.4043,72.30658,0.02491607,False,False,-325.9336333316235
1170.0,-660.0,1170.0,-660.0,1968.4948,79.58114,0.028640129,False,False,-343.31679063428675
1190.0,-660.0,1190.0,-660.0,2135.9084,87.139984,0.032629654,False,False,-360.7718398026909
1210.0,-660.0,1210.0,-660.0,2317.1677,94.955795,0.036950946,False,False,-378.2960494755835
1230.0,-660.0,1230.0,-660.0,2513.8262,103.00784,0.041645367,False,False,-395.88681489582103
1250.0,-660.0,1250.0,-660.0,2724.6548,111.304146,0.046681874,False,False,-413.5416513141734
1270.0,-660.0,1270.0,-660.0,2953.1934,119.81112,0.05215376,False,False,-431.258187749506
1290.0,-660.0,1290.0,-660.0,3196.9106,128.54874,0.057996135,False,False,-449.0341610879987
1310.0,-660.0,1310.0,-660.0,3458.0073,137.48936,0.06426768,False,False,-466.86741050443953
1330.0,-660.0,1330.0,-660.0,3740.9355,146.59909,0.07108616,False,False,-484.75587218909504
1350.0,-660.0,1350.0,-660.0,4042.0728,155.90765,0.07835838,False,False,-502.6975743641832
1370.0,-660.0,1370.0,-660.0,4365.3906,165.29678,0.08619042,False,False,-520.6906325745551
1390.0,-660.0,1390.0,-660.0,4710.967,174.70897,0.094586655,False,False,-538.7332452377832
1410.0,-660.0,1410.0,-660.0,5081.1494,184.2315,0.1036102,False,False,-556.8236894394945
1430.0,-660.0,1430.0,-660.0,5468.044,193.51724,0.11305854,False,False,-574.9603169603988
1450.0,-660.0,1450.0,-660.0,5869.7026,202.64668,0.12288218,False,False,-593.1415505221124
1470.0,-660.0,1470.0,-660.0,6292.9585,211.67522,0.13326213,False,False,-611.3658802394942
1490.0,-660.0,1490.0,-660.0,6731.368,220.67348,0.14403076,False,False,-629.6318602678338
1510.0,-660.0,1510.0,-660.0,7189.2197,229.51074,0.15530363,False,False,-647.9381056338251
1530.0,-660.0,1530.0,-660.0,7672.0293,237.85315,0.16723058,False,False,-666.283289239858
1550.0000000000002,-660.0,1550.0000000000002,-660.0,8178.7383,245.81609,0.17978612,False,False,-684.6661390317074
1570.0,-660.0,1570.0,-660.0,8702.637,253.28879,0.19279712,False,False,-703.0854353202601
1590.0,-660.0,1590.0,-660.0,9248.883,260.2624,0.20640275,False,False,-721.5400082484289
1609.9999999999998,-660.0,1609.9999999999998,-660.0,9816.969,266.98407,0.22059107,False,False,-740.0287353949071
1630.0,-660.0,1630.0,-660.0,10405.646,273.40628,0.2353323,False,False,-758.5505395068974
1650.0000000000002,-660.0,1650.0000000000002,-660.0,11005.123,279.10492,0.2503724,False,False,-777.1043863543865
1670.0,-660.0,1670.0,-660.0,11624.002,284.39685,0.26594037,False,False,-795.6892826989862
1690.0,-660.0,1690.0,-660.0,12262.295,289.38773,0.28203923,False,False,-814.3042743707574
1709.9999999999998,-660.0,1709.9999999999998,-660.0,12915.836,293.95938,0.29856193,False,False,-832.9484444468151
1730.0,-660.0,1730.0,-660.0,13586.682,297.90555,0.3155666,False,False,-851.6209115258988
1750.0,-660.0,1750.0,-660.0,14284.638,301.20947,0.33331847,False,False,-870.3208280934052
-250.0,-640.0,-250.0,-640.0,21973.297,323.4773,0.54210186,False,False,-872.2965554972527
-229.99999999999997,-640.0,-229.99999999999997,-640.0,21180.594,323.17676,0.5209111,False,False,-853.6190358370551
-210.00000000000003,-640.0,-210.00000000000003,-640.0,20372.062,321.9829,0.4992823,False,False,-834.9693916542888
-190.00000000000003,-640.0,-190.00000000000003,-640.0,19549.66,320.01794,0.4772769,False,False,-816.3484815967244
-170.0,-640.0,-170.0,-640.0,18704.07,316.97058,0.4546221,False,False,-797.7571985363719
-150.0,-640.0,-150.0,-640.0,17840.918,312.79633,0.4314741,False,False,-779.1964712138906
-130.0,-640.0,-130.0,-640.0,16965.201,307.45905,0.40797564,False,False,-760.6672659734936
-110.0,-640.0,-110.0,-640.0,16075.399,300.93164,0.38408452,False,False,-742.1705885937789
-90.0,-640.0,-90.0,-640.0,15167.555,293.19995,0.35969555,False,False,-723.7074862202721
-70.0,-640.0,-70.0,-640.0,14248.207,284.3777,0.33499783,False,False,-705.2790494058229
-50.0,-640.0,-50.0,-640.0,13306.335,273.9964,0.30967426,False,False,-686.8864142653598
-30.0,-640.0,-30.0,-640.0,12343.944,262.03146,0.2837813,False,False,-668.5307647519295
-10.0,-640.0,-10.0,-640.0,11369.516,248.57246,0.25756347,False,False,-650.2133350613417
10.0,-640.0,10.0,-640.0,10387.182,233.48322,0.23113292,False,False,-631.935412173194
30.0,-640.0,30.0,-640.0,9393.113,216.12196,0.20436683,False,False,-613.698338536515
50.0,-640.0,50.0,-640.0,8392.542,196.64267,0.17743436,False,False,-595.5035149087342
70.0,-640.0,70.0,-640.0,7378.6055,174.66508,0.15015423,False,False,-577.3524033572024
90.0,-640.0,90.0,-640.0,6365.2417,150.58582,0.122919485,False,False,-559.2465304330035
110.0,-640.0,110.0,-640.0,5350.769,124.51849,0.09568894,False,False,-541.1874905273451
130.0,-640.0,130.0,-640.0,4317.4956,93.72779,0.06796841,False,False,-523.1769494213703
150.0,-640.0,150.0,-640.0,3311.0896,65.27106,0.041089587,False,False,-505.21664804080876
170.0,-640.0,170.0,-640.0,2535.127,45.906082,0.020872653,False,False,-487.3084064274716
190.00000000000003,-640.0,190.00000000000003,-640.0,2035.4478,33.921886,0.008532236,False,False,-469.4541279401821
210.00000000000003,-640.0,210.00000000000003,-640.0,1756.1609,28.012087,0.0022749281,False,False,-451.65580369833464
229.99999999999997,-640.0,229.99999999999997,-640.0,1632.9569,26.00097,0.00022662108,False,False,-433.91551728184965
250.0,-640.0,250.0,-640.0,1578.7076,25.19912,0.0,False,False,-416.2354497018816
270.0,-640.0,270.0,-640.0,1534.1794,24.49118,0.0,False,False,-398.61788465717365
290.0,-640.0,290.0,-640.0,1490.9052,23.79254,0.0,False,False,-381.06521409147217
310.0,-640.0,310.0,-640.0,1448.8844,23.103092,0.0,False,False,-363.57994406787185
330.0,-640.0,330.0,-640.0,1408.117,22.42278,0.0,False,False,-346.1647009763541
350.0,-640.0,350.0,-640.0,1368.6024,21.751528,0.0,False,False,-328.822238091075
370.0,-640.0,370.0,-640.0,1330.345,21.089535,0.0,False,False,-311.55544249413634
390.0,-640.0,390.0,-640.0,1293.3503,20.437151,0.0,False,False,-294.36734238260453
410.0,-640.0,410.0,-640.0,1257.6235,19.794613,0.0,False,False,-277.26111477537086
430.0,-640.0,430.0,-640.0,1223.1663,19.162024,0.0,False,False,-260.24009363606564
450.0,-640.0,450.0,-640.0,1189.9785,18.539337,0.0,False,False,-243.3077784275526
470.00000000000006,-640.0,470.00000000000006,-640.0,1158.0596,17.92645,0.0,False,False,-226.4678431125182
490.0,-640.0,490.0,-640.0,1127.4086,17.323286,0.0,False,False,-209.72414561324237
510.00000000000006,-640.0,510.00000000000006,-640.0,1098.0284,16.730007,0.0,False,False,-193.08073774171115
530.0,-640.0,530.0,-640.0,1069.9198,16.14662,0.0,False,False,-176.5418756087358
550.0,-640.0,550.0,-640.0,1043.082,15.573048,0.0,False,False,-160.112030517544
570.0,-640.0,570.0,-640.0,1017.51404,15.009195,0.0,False,False,-143.79590034330653
590.0,-640.0,590.0,-640.0,993.2149,14.454973,0.0,False,False,-127.59842139512229
610.0,-640.0,610.0,-640.0,970.18396,13.910296,0.0,False,False,-111.52478075092348
630.0,-640.0,630.0,-640.0,948.4231,13.375289,0.0,False,False,-95.5804290484586
650.0,-640.0,650.0,-640.0,927.93225,12.849935,0.0,False,False,-79.77109370672703
670.0,-640.0,670.0,-640.0,908.7109,12.3341675,0.0,False,False,-64.10279254179108
690.0,-640.0,690.0,-640.0,890.7587,11.827975,0.0,False,False,-48.58184772856633
710.0,-640.0,710.0,-640.0,874.0775,11.331482,0.0,False,False,-33.214900045712255
730.0,-640.0,730.0,-640.0,858.6678,10.844761,0.0,False,False,-18.00892332390064
750.0,-640.0,750.0,-640.0,844.53,10.367848,0.0,False,False,-2.971238998259629
770.0,-640.0,770.0,-640.0,831.66565,9.900919,0.0,False,False,-1.2492197250393855
789.9999999999999,-640.0,789.9999999999999,-640.0,820.586,9.431653,1.3061712e-05,False,False,-16.71038157382859
810.0,-640.0,810.0,-640.0,811.95624,9.002863,5.6103832e-05,False,False,-32.327467424944636
830.0,-640.0,830.0,-640.0,804.8937,8.701628,0.0001065071,False,False,-48.09350727881151
850.0,-640.0,850.0,-640.0,803.0156,8.530646,0.00025667867,False,False,-64.00187969758787
869.9999999999999,-640.0,869.9999999999999,-640.0,806.5172,8.806149,0.00051169377,False,False,-80.0462953040485
890.0000000000001,-640.0,890.0000000000001,-640.0,814.26074,9.736004,0.00084259803,False,False,-96.2207806824319
910.0,-640.0,910.0,-640.0,826.5321,11.338631,0.0012567788,False,False,-112.5196627475849
930.0,-640.0,930.0,-640.0,844.04724,13.520612,0.0017727107,False,False,-128.93755363173227
950.0,-640.0,950.0,-640.0,870.12244,16.19934,0.0024757117,False,False,-145.46933612384404
969.9999999999999,-640.0,969.9999999999999,-640.0,904.4423,19.417118,0.0033579543,False,False,-162.11014968461572
990.0,-640.0,990.0,-640.0,949.13135,23.107718,0.0044743884,False,False,-178.85537705012828
1010.0,-640.0,1010.0,-640.0,1004.71954,27.293901,0.0058389837,False,False,-195.7006314291216
1030.0,-640.0,1030.0,-640.0,1068.2649,31.949503,0.0073763933,False,False,-212.641744292188
1050.0,-640.0,1050.0,-640.0,1140.3867,36.99045,0.009102957,False,False,-229.67475374588375
1070.0,-640.0,1070.0,-640.0,1229.0037,42.37858,0.011223495,False,False,-246.79589348056496
1090.0,-640.0,1090.0,-640.0,1329.1853,48.175068,0.013611333,False,False,-264.00158227749074
1110.0,-640.0,1110.0,-640.0,1439.0366,54.349537,0.016218001,False,False,-281.28841405828695
1130.0,-640.0,1130.0,-640.0,1561.0156,60.847782,0.019107673,False,False,-298.65314845804767
1150.0,-640.0,1150.0,-640.0,1698.05,67.657776,0.022356924,False,False,-316.0927019021116
1170.0,-640.0,1170.0,-640.0,1848.0981,74.78559,0.025913568,False,False,-333.6041391657422
1190.0,-640.0,1190.0,-640.0,2009.4038,82.22155,0.02973276,False,False,-351.1846653955189
1210.0,-640.0,1210.0,-640.0,2183.2476,89.9315,0.033848543,False,False,-368.8316185711084
1230.0,-640.0,1230.0,-640.0,2370.562,97.90162,0.03828598,False,False,-386.54246238620476
1250.0,-640.0,1250.0,-640.0,2574.0605,106.10402,0.043116733,False,False,-404.3147795277241
1270.0,-640.0,1270.0,-640.0,2791.62,114.55097,0.048286468,False,False,-422.1462653327893
1290.0,-640.0,1290.0,-640.0,3027.556,123.20585,0.053908862,False,False,-440.03472180360995
1310.0,-640.0,1310.0,-640.0,3278.6558,132.09099,0.059901305,False,False,-457.9780519610026
1330.0,-640.0,1330.0,-640.0,3548.2473,141.17076,0.06635201,False,False,-475.9742545180117
1350.0,-640.0,1350.0,-640.0,3839.626,150.42265,0.073348776,False,False,-494.0214188558343
1370.0,-640.0,1370.0,-640.0,4149.479,159.85817,0.08080657,False,False,-512.1177202850314
1390.0,-640.0,1390.0,-640.0,4481.5205,169.28795,0.088825405,False,False,-530.2614155757834
1410.0,-640.0,1410.0,-640.0,4836.9883,178.83133,0.097439185,False,False,-548.4508387417408
1430.0,-640.0,1430.0,-640.0,5215.496,188.29903,0.10664131,False,False,-566.6843970627908
1450.0,-640.0,1450.0,-640.0,5609.2197,197.51617,0.11622998,False,False,-584.9605673328282
1470.0,-640.0,1470.0,-640.0,6020.4385,206.67026,0.1262659,False,False,-603.2778923193572
1490.0,-640.0,1490.0,-640.0,6452.105,215.69925,0.13682935,False,False,-621.6349774224777
1510.0,-640.0,1510.0,-640.0,6898.6504,224.69649,0.14777517,False,False,-640.0304875214973
1530.0,-640.0,1530.0,-640.0,7364.959,233.40607,0.1592358,False,False,-658.4631439980813
1550.0000000000002,-640.0,1550.0000000000002,-640.0,7855.8,241.58197,0.17134121,False,False,-676.9317219254937
1570.0,-640.0,1570.0,-640.0,8370.889,249.41286,0.18408626,False,False,-695.4350474140847
1590.0,-640.0,1590.0,-640.0,8901.504,256.6588,0.19724528,False,False,-713.9719951037708
1609.9999999999998,-640.0,1609.9999999999998,-640.0,9457.387,263.54312,0.21107724,False,False,-732.5414857947845
1630.0,-640.0,1630.0,-640.0,10035.254,270.25198,0.22549772,False,False,-751.1424842085239
1650.0000000000002,-640.0,1650.0000000000002,-640.0,10628.48,276.3248,0.24033654,False,False,-769.7739968707871
1670.0,-640.0,1670.0,-640.0,11235.105,281.87463,0.25554416,False,False,-788.4350701101788
1690.0,-640.0,1690.0,-640.0,11863.571,287.05338,0.27134678,False,False,-807.1247881648906
1709.9999999999998,-640.0,1709.9999999999998,-640.0,12510.646,291.93668,0.28766188,False,False,-825.8422713914803
1730.0,-640.0,1730.0,-640.0,13169.358,296.27173,0.30430758,False,False,-844.5866745696719
1750.0,-640.0,1750.0,-640.0,13849.389,300.01077,0.32154524,False,False,-863.357185297548
-250.0,-620.0,-250.0,-620.0,21530.512,324.43234,0.52975214,False,False,-865.2740408156224
-229.99999999999997,-620.0,-229.99999999999997,-620.0,20729.914,323.63483,0.50831485,False,False,-846.5254901114298
-210.00000000000003,-620.0,-210.00000000000003,-620.0,19912.658,322.02374,0.4864202,False,False,-827.8034697203836
-190.00000000000003,-620.0,-190.00000000000003,-620.0,19078.066,319.5411,0.46404713,False,False,-809.1088033096543
-170.0,-620.0,-170.0,-620.0,18223.568,315.89288,0.4411112,False,False,-790.4423477183248
-150.0,-620.0,-150.0,-620.0,17352.773,311.04385,0.41771448,False,False,-771.8049945729703
-130.0,-620.0,-130.0,-620.0,16471.676,305.1054,0.39403474,False,False,-753.1976719937601
-110.0,-620.0,-110.0,-620.0,15570.883,297.90314,0.36980462,False,False,-734.6213463966585
-90.0,-620.0,-90.0,-620.0,14656.929,289.621,0.34521922,False,False,-716.0770243976732
-70.0,-620.0,-70.0,-620.0,13723.921,279.9314,0.32010567,False,False,-697.5657548254765
-50.0,-620.0,-50.0,-620.0,12772.979,268.91287,0.29450512,False,False,-679.0886308491299
-30.0,-620.0,-30.0,-620.0,11799.773,255.98409,0.26827377,False,False,-660.646792228083
-10.0,-620.0,-10.0,-620.0,10823.875,241.76863,0.24198839,False,False,-642.2414276920549
10.0,-620.0,10.0,-620.0,9834.912,225.40912,0.21532996,False,False,-623.8737774589056
30.0,-620.0,30.0,-620.0,8841.378,207.01208,0.18854898,False,False,-605.5451358991037
50.0,-620.0,50.0,-620.0,7829.299,185.9866,0.16127308,False,False,-587.256854355932
70.0,-620.0,70.0,-620.0,6816.313,162.7475,0.13400096,False,False,-569.0103441311358
90.0,-620.0,90.0,-620.0,5803.489,137.67235,0.10677366,False,False,-550.8070796463116
110.0,-620.0,110.0,-620.0,4782.509,109.188774,0.079344966,False,False,-532.6486017909449
130.0,-620.0,130.0,-620.0,3743.1523,77.41348,0.05147394,False,False,-514.5365214686487
150.0,-620.0,150.0,-620.0,2828.0786,52.995487,0.02722045,False,False,-496.4725233538273
170.0,-620.0,170.0,-620.0,2209.561,37.795044,0.011549429,False,False,-478.45836987166734
190.00000000000003,-620.0,190.00000000000003,-620.0,1859.7073,30.068724,0.0034083563,False,False,-460.49590541507644
210.00000000000003,-620.0,210.00000000000003,-620.0,1698.6807,27.323961,0.00040632125,False,False,-442.5870608129066
229.99999999999997,-620.0,229.99999999999997,-620.0,1635.0063,26.410124,0.0,False,False,-424.7338580645289
250.0,-620.0,250.0,-620.0,1587.7755,25.671494,0.0,False,False,-406.9384153565691
270.0,-620.0,270.0,-620.0,1541.835,24.942272,0.0,False,False,-389.20295237833056
290.0,-620.0,290.0,-620.0,1497.1855,24.22247,0.0,False,False,-371.529795953149
310.0,-620.0,310.0,-620.0,1453.8308,23.512247,0.0,False,False,-353.92138600359783
330.0,-620.0,330.0,-620.0,1411.7698,22.811487,0.0,False,False,-336.38028186909435
350.0,-620.0,350.0,-620.0,1371.0024,22.120132,0.0,False,False,-318.90916899502093
370.0,-620.0,370.0,-620.0,1331.5288,21.438122,0.0,False,False,-301.51086601293986
390.0,-620.0,390.0,-620.0,1293.352,20.765612,0.0,False,False,-284.1883322318302
410.0,-620.0,410.0,-620.0,1256.4795,20.103031,0.0,False,False,-266.9446755604548
430.0,-620.0,430.0,-620.0,1220.916,19.450626,0.0,False,False,-249.78316088095949
450.0,-620.0,450.0,-620.0,1186.6636,18.808504,0.0,False,False,-232.70721889352913
470.00000000000006,-620.0,470.00000000000006,-620.0,1153.7219,18.176596,0.0,False,False,-215.72045545134898
490.0,-620.0,490.0,-620.0,1122.0895,17.55478,0.0,False,False,-198.82666140416316
510.00000000000006,-620.0,510.00000000000006,-620.0,1091.7659,16.942974,0.0,False,False,-182.029822967284
530.0,-620.0,530.0,-620.0,1062.7539,16.34135,0.0,False,False,-165.33413263093126
550.0,-620.0,550.0,-620.0,1035.0544,15.749915,0.0,False,False,-148.74400062211512
570.0,-620.0,570.0,-620.0,1008.66675,15.168599,0.0,False,False,-132.26406692781617
590.0,-620.0,590.0,-620.0,983.58954,14.597292,0.0,False,False,-115.89921388382324
610.0,-620.0,610.0,-620.0,959.82214,14.035897,0.0,False,False,-99.65457932805045
630.0,-620.0,630.0,-620.0,937.36414,13.484382,0.0,False,False,-83.53557031034647
650.0,-620.0,650.0,-620.0,916.2174,12.942855,0.0,False,False,-67.54787734245632
670.0,-620.0,670.0,-620.0,896.3816,12.41128,0.0,False,False,-51.697489161689035
690.0,-620.0,690.0,-620.0,877.85596,11.889592,0.0,False,False,-35.990707969727474
710.0,-620.0,710.0,-620.0,860.6409,11.37783,0.0,False,False,-20.434165093581147
730.0,-620.0,730.0,-620.0,844.7389,10.876162,0.0,False,False,-5.034836998623781
750.0,-620.0,750.0,-620.0,830.1491,10.384586,0.0,False,True,10.19993843631889
770.0,-620.0,770.0,-620.0,816.8729,9.9032345,0.0,False,True,11.415152857378597
789.9999999999999,-620.0,789.9999999999999,-620.0,804.91113,9.432221,0.0,False,False,-4.2410069301094255
810.0,-620.0,810.0,-620.0,795.0337,8.957647,1.9666564e-05,False,False,-20.049018429996845
830.0,-620.0,830.0,-620.0,787.522,8.5518055,6.605088e-05,False,False,-36.00193050013195
850.0,-620.0,850.0,-620.0,781.9204,8.282589,0.00012751154,False,False,-52.093151769366855
869.9999999999999,-620.0,869.9999999999999,-620.0,782.2495,8.203159,0.00030677853,False,False,-68.31643252362262
890.0000000000001,-620.0,890.0000000000001,-620.0,787.4542,8.685907,0.0005769922,False,False,-84.66584716215719
910.0,-620.0,910.0,-620.0,797.22705,9.86094,0.0009304055,False,False,-101.13577727726214
930.0,-620.0,930.0,-620.0,811.7119,11.705509,0.0013707872,False,False,-117.72089539383673
950.0,-620.0,950.0,-620.0,831.91376,14.103666,0.0019240733,False,False,-134.41614939139518
969.9999999999999,-620.0,969.9999999999999,-620.0,861.3782,16.994228,0.0026815324,False,False,-151.21674761966526
990.0,-620.0,990.0,-620.0,898.8959,20.416414,0.003612396,False,False,-168.11814470968656
1010.0,-620.0,1010.0,-620.0,947.9282,24.301727,0.004806036,False,False,-185.1160280748886
1030.0,-620.0,1030.0,-620.0,1007.25586,28.686193,0.0062314495,False,False,-202.20630509076938
1050.0,-620.0,1050.0,-620.0,1074.3066,33.525368,0.007822767,False,False,-219.3850909372313
1070.0,-620.0,1070.0,-620.0,1151.5214,38.731026,0.009643387,False,False,-236.64869708418018
1090.0,-620.0,1090.0,-620.0,1245.6145,44.298046,0.011867201,False,False,-253.9936203984453
1110.0,-620.0,1110.0,-620.0,1350.4802,50.275032,0.014337141,False,False,-271.4165328483031
1130.0,-620.0,1130.0,-620.0,1465.0829,56.62214,0.017026914,False,False,-288.9142717807107
1150.0,-620.0,1150.0,-620.0,1593.4829,63.282604,0.02004234,False,False,-306.48383074571586
1170.0,-620.0,1170.0,-620.0,1736.6349,70.26051,0.023408957,False,False,-324.1223508422476
1190.0,-620.0,1190.0,-620.0,1892.2997,77.558525,0.027069446,False,False,-341.8271125595876
1210.0,-620.0,1210.0,-620.0,2059.5066,85.15905,0.030999374,False,False,-359.5955280891446
1230.0,-620.0,1230.0,-620.0,2240.4338,93.02428,0.035256222,False,False,-377.42513408170396
1250.0,-620.0,1250.0,-620.0,2434.7217,101.14938,0.03983154,False,False,-395.3135848260062
1270.0,-620.0,1270.0,-620.0,2645.1165,109.50928,0.044797912,False,False,-413.258645825314
1290.0,-620.0,1290.0,-620.0,2870.4639,118.10569,0.050126314,False,False,-431.258187749506
1310.0,-620.0,1310.0,-620.0,3114.1885,126.9127,0.05590735,False,False,-449.31018074116906
1330.0,-620.0,1330.0,-620.0,3373.4714,135.9454,0.062068697,False,False,-467.41268905512743
1350.0,-620.0,1350.0,-620.0,3652.7446,145.1615,0.0687277,False,False,-485.5638660118252
1370.0,-620.0,1370.0,-620.0,3952.7656,154.5606,0.07590589,False,False,-503.761949245957
1390.0,-620.0,1390.0,-620.0,4271.8784,164.06073,0.08356204,False,False,-522.0052562327111
1410.0,-620.0,1410.0,-620.0,4613.89,173.5825,0.09179847,False,False,-540.2921800749361
1430.0,-620.0,1430.0,-620.0,4979.9663,183.21402,0.10064745,False,False,-558.6211855354721
1450.0,-620.0,1450.0,-620.0,5366.518,192.54643,0.11002,False,False,-576.9908052997647
1470.0,-620.0,1470.0,-620.0,5768.0737,201.75386,0.11977373,False,False,-595.3996364547663
1490.0,-620.0,1490.0,-620.0,6189.349,210.87646,0.13003445,False,False,-613.8463371709215
1510.0,-620.0,1510.0,-620.0,6629.7144,219.93178,0.14078772,False,False,-632.3296235748463
1530.0,-620.0,1530.0,-620.0,7084.7354,228.87839,0.1519192,False,False,-650.8482668010407
1550.0000000000002,-620.0,1550.0000000000002,-620.0,7559.723,237.37329,0.16357335,False,False,-669.4010902116963
1570.0,-620.0,1570.0,-620.0,8060.8115,245.46967,0.17591497,False,False,-687.986966774329
1590.0,-620.0,1590.0,-620.0,8582.609,253.0116,0.18880618,False,False,-706.6048165876014
1609.9999999999998,-620.0,1609.9999999999998,-620.0,9122.954,260.12704,0.20219225,False,False,-725.2536045462997
1630.0,-620.0,1630.0,-620.0,9689.635,266.94235,0.21628179,False,False,-743.9323381370048
1650.0000000000002,-620.0,1650.0000000000002,-620.0,10275.1875,273.46997,0.23088023,False,False,-762.6400653565096
1670.0,-620.0,1670.0,-620.0,10874.369,279.225,0.24585435,False,False,-781.3758727455584
1690.0,-620.0,1690.0,-620.0,11489.066,284.66864,0.26125473,False,False,-800.1388835309347
1709.9999999999998,-620.0,1709.9999999999998,-620.0,12128.111,289.74213,0.27731997,False,False,-818.9282558693732
1730.0,-620.0,1730.0,-620.0,12781.922,294.3873,0.2937987,False,False,-837.7431811871865
1750.0,-620.0,1750.0,-620.0,13447.791,298.51743,0.31062195,False,False,-856.5828826098771
-250.0,-600.0,-250.0,-600.0,21105.45,325.02097,0.5177989,False,False,-858.4402338935744
-229.99999999999997,-600.0,-229.99999999999997,-600.0,20294.996,323.79547,0.496059,False,False,-839.6220376058282
-210.00000000000003,-600.0,-210.00000000000003,-600.0,19469.91,321.8291,0.47392243,False,False,-820.8290363281329
-190.00000000000003,-600.0,-190.00000000000003,-600.0,18624.746,318.7244,0.45121622,False,False,-802.0620183074313
-170.0,-600.0,-170.0,-600.0,17762.324,314.48026,0.428022,False,False,-783.3218038584259
-150.0,-600.0,-150.0,-600.0,16887.422,309.01755,0.4044748,False,False,-764.6092469460444
-130.0,-600.0,-130.0,-600.0,15996.722,302.4653,0.38049224,False,False,-745.9252368581259
-110.0,-600.0,-110.0,-600.0,15086.699,294.67532,0.35597232,False,False,-727.2706999740138
-90.0,-600.0,-90.0,-600.0,14166.37,285.80734,0.33117786,False,False,-708.6466016351466
-70.0,-600.0,-70.0,-600.0,13220.82,275.39505,0.30568203,False,False,-690.053948124128
-50.0,-600.0,-50.0,-600.0,12257.979,263.427,0.27970678,False,False,-671.4937887591951
-30.0,-600.0,-30.0,-600.0,11282.791,249.80869,0.25339162,False,False,-652.9672181114738
-10.0,-600.0,-10.0,-600.0,10303.613,234.62288,0.22697638,False,False,-634.4753783528838
10.0,-600.0,10.0,-600.0,9312.627,217.08144,0.20021999,False,False,-616.0194617430874
30.0,-600.0,30.0,-600.0,8311.069,197.5877,0.1731932,False,False,-597.6007132644362
50.0,-600.0,50.0,-600.0,7299.7324,175.35423,0.14591372,False,False,-579.2204334144271
70.0,-600.0,70.0,-600.0,6285.3584,150.96156,0.118588164,False,False,-560.8799811658383
90.0,-600.0,90.0,-600.0,5270.5503,124.49221,0.0912899,False,False,-542.5807771053303
110.0,-600.0,110.0,-600.0,4237.1006,93.41451,0.063511565,False,False,-524.3243067620161
130.0,-600.0,130.0,-600.0,3222.766,63.20902,0.03636045,False,False,-506.1121241382121
150.0,-600.0,150.0,-600.0,2449.6265,43.357986,0.016239904,False,False,-487.9458554553436
170.0,-600.0,170.0,-600.0,1995.0077,32.8267,0.0052321274,False,False,-469.8272031287728
190.00000000000003,-600.0,190.00000000000003,-600.0,1779.2623,28.865849,0.0008109177,False,False,-451.7579499861424
210.00000000000003,-600.0,210.00000000000003,-600.0,1697.8516,27.719154,4.649686e-06,False,False,-433.73996374467555
229.99999999999997,-600.0,229.99999999999997,-600.0,1647.5598,26.946642,0.0,False,False,-415.7752017637547
250.0,-600.0,250.0,-600.0,1598.778,26.184875,0.0,False,False,-397.86571609000305
270.0,-600.0,270.0,-600.0,1551.3323,25.432999,0.0,False,False,-380.0136588129964
290.0,-600.0,290.0,-600.0,1505.22,24.690851,0.0,False,False,-362.2212877506538
310.0,-600.0,310.0,-600.0,1460.442,23.958437,0.0,False,False,-344.49097248425824
330.0,-600.0,330.0,-600.0,1417.0022,23.235918,0.0,False,False,-326.82520076394496
350.0,-600.0,350.0,-600.0,1374.8992,22.52315,0.0,False,False,-309.2265853063401
370.0,-600.0,370.0,-600.0,1334.1328,21.82007,0.0,False,False,-291.6978710068063
390.0,-600.0,390.0,-600.0,1294.7035,21.12663,0.0,False,False,-274.241942589449
410.0,-600.0,410.0,-600.0,1256.6138,20.442978,0.0,False,False,-256.8618327185965
430.0,-600.0,430.0,-600.0,1219.8722,19.769564,0.0,False,False,-239.5607305958693
450.0,-600.0,450.0,-600.0,1184.4832,19.10667,0.0,False,False,-222.34199106714092
470.00000000000006,-600.0,470.00000000000006,-600.0,1150.4497,18.454424,0.0,False,False,-205.20914426359988
490.0,-600.0,490.0,-600.0,1117.7703,17.812717,0.0,False,False,-188.1659058007073
510.00000000000006,-600.0,510.00000000000006,-600.0,1086.4441,17.181427,0.0,False,False,-171.21618755797252
530.0,-600.0,530.0,-600.0,1056.4701,16.560463,0.0,False,False,-154.36410906110908
550.0,-600.0,550.0,-600.0,1027.8511,15.949985,0.0,False,False,-137.61400948611086
570.0,-600.0,570.0,-600.0,1000.5884,15.350033,0.0,False,False,-120.97046030200148
590.0,-600.0,590.0,-600.0,974.6809,14.7605095,0.0,False,False,-104.43827856530663
610.0,-600.0,610.0,-600.0,950.12775,14.181317,0.0,False,False,-88.02254087445927
630.0,-600.0,630.0,-600.0,926.9276,13.612354,0.0,False,False,-71.72859798623021
650.0,-600.0,650.0,-600.0,905.0809,13.053627,0.0,False,False,-55.562090088568496
670.0,-600.0,670.0,-600.0,884.5896,12.505246,0.0,False,False,-39.52896271473067
690.0,-600.0,690.0,-600.0,865.45245,11.967125,0.0,False,False,-23.635483271941094
710.0,-600.0,710.0,-600.0,847.6693,11.439245,0.0,False,False,-7.888258143727511
730.0,-600.0,730.0,-600.0,831.2416,10.92172,0.0,False,True,7.705749691849951
750.0,-600.0,750.0,-600.0,816.1705,10.414671,0.0,False,True,23.13920260600588
770.0,-600.0,770.0,-600.0,802.4556,9.918093,0.0,False,True,23.834030505057946
789.9999999999999,-600.0,789.9999999999999,-600.0,790.09875,9.432186,0.0,False,True,7.981855004657701
810.0,-600.0,810.0,-600.0,779.09937,8.957009,0.0,False,False,-8.017856984686711
830.0,-600.0,830.0,-600.0,770.6693,8.4787855,3.0896044e-05,False,False,-24.158190906072907
850.0,-600.0,850.0,-600.0,764.24805,8.111956,7.824873e-05,False,False,-40.43260233424068
869.9999999999999,-600.0,869.9999999999999,-600.0,760.6401,7.883087,0.00016262307,False,False,-56.83489722851232
890.0000000000001,-600.0,890.0000000000001,-600.0,763.23865,7.9552727,0.00037077855,False,False,-73.35921293852049
910.0,-600.0,910.0,-600.0,770.3626,8.694704,0.0006598424,False,False,-90.00000000000009
930.0,-600.0,930.0,-600.0,782.51196,10.146735,0.0010426951,False,False,-106.75200474180313
950.0,-600.0,950.0,-600.0,799.35474,12.250799,0.00151098,False,False,-123.6102527122116
969.9999999999999,-600.0,969.9999999999999,-600.0,822.7197,14.873396,0.002111793,False,False,-140.570032922135
990.0,-600.0,990.0,-600.0,856.0359,17.989933,0.0029335013,False,False,-157.62688289448445
1010.0,-600.0,1010.0,-600.0,897.3772,21.62292,0.003926919,False,False,-174.7765745025734
1030.0,-600.0,1030.0,-600.0,951.22437,25.718798,0.005207714,False,False,-192.01510057549186
1050.0,-600.0,1050.0,-600.0,1014.5713,30.31131,0.0066989157,False,False,-209.33866224478243
1070.0,-600.0,1070.0,-600.0,1085.3826,35.34054,0.008348417,False,False,-226.7436570041846
1090.0,-600.0,1090.0,-600.0,1169.2656,40.715973,0.010301484,False,False,-244.22666745251865
1110.0,-600.0,1110.0,-600.0,1268.7268,46.47809,0.01262347,False,False,-261.7844506887855
1130.0,-600.0,1130.0,-600.0,1378.6519,52.643677,0.015182845,False,False,-279.41392832812323
1150.0,-600.0,1150.0,-600.0,1498.6598,59.168266,0.01797026,False,False,-297.11217710728494
1170.0,-600.0,1170.0,-600.0,1634.1403,65.99935,0.02112618,False,False,-314.8764200486676
1190.0,-600.0,1190.0,-600.0,1783.8765,73.152626,0.024619896,False,False,-332.704018152568
1210.0,-600.0,1210.0,-600.0,1945.9708,80.62364,0.028402952,False,False,-350.5924625881783
1230.0,-600.0,1230.0,-600.0,2119.6455,88.39223,0.032455944,False,False,-368.53936735484524
1250.0,-600.0,1250.0,-600.0,2307.6292,96.42092,0.036850788,False,False,-386.54246238620493
1270.0,-600.0,1270.0,-600.0,2509.5762,104.703514,0.041579496,False,False,-404.59958707099156
1290.0,-600.0,1290.0,-600.0,2727.5574,113.22224,0.046697136,False,False,-422.70868416552526
1310.0,-600.0,1310.0,-600.0,2961.7983,121.96693,0.052210785,False,False,-440.8677940741129
1330.0,-600.0,1330.0,-600.0,3213.6147,130.93007,0.05815613,False,False,-459.0750494748378
1350.0,-600.0,1350.0,-600.0,3481.977,140.10931,0.06450765,False,False,-477.3286702694158
1370.0,-600.0,1370.0,-600.0,3771.7524,149.46216,0.071394384,False,False,-495.62695883699564
1390.0,-600.0,1390.0,-600.0,4080.9421,158.98932,0.07876587,False,False,-513.9682955729292
1410.0,-600.0,1410.0,-600.0,4410.087,168.52295,0.08663903,False,False,-532.351134694656
1430.0,-600.0,1430.0,-600.0,4763.332,178.18123,0.095124245,False,False,-550.7740002979158
1450.0,-600.0,1450.0,-600.0,5139.2695,187.71642,0.10418859,False,False,-569.2354826475216
1470.0,-600.0,1470.0,-600.0,5534.502,196.96657,0.11374674,False,False,-587.734234687909
1490.0,-600.0,1490.0,-600.0,5945.2925,206.19405,0.1237009,False,False,-606.2689687595911
1510.0,-600.0,1510.0,-600.0,6377.1045,215.30296,0.13419789,False,False,-624.8384535085327
1530.0,-600.0,1530.0,-600.0,6826.1084,224.35295,0.14513865,False,False,-643.4415109762806
1550.0000000000002,-600.0,1550.0000000000002,-600.0,7289.5107,233.1398,0.15645315,False,False,-662.0770138594662
1570.0,-600.0,1570.0,-600.0,7774.5913,241.45117,0.1683374,False,False,-680.7438829280325
1590.0,-600.0,1590.0,-600.0,8285.837,249.36392,0.18091334,False,False,-699.4410845922257
1609.9999999999998,-600.0,1609.9999999999998,-600.0,8814.966,256.67084,0.19396678,False,False,-718.1676286090366
1630.0,-600.0,1630.0,-600.0,9366.88,263.6701,0.20762879,False,False,-736.9225659193906
1650.0000000000002,-600.0,1650.0000000000002,-600.0,9945.395,270.4423,0.22200377,False,False,-755.7049866079441
1670.0,-600.0,1670.0,-600.0,10535.209,276.57416,0.23669119,False,False,-774.5140179778799
1690.0,-600.0,1690.0,-600.0,11143.487,282.1618,0.25188407,False,False,-793.348822733603
1709.9999999999998,-600.0,1709.9999999999998,-600.0,11768.467,287.47534,0.26753742,False,False,-812.2085972646745
1730.0,-600.0,1730.0,-600.0,12416.585,292.3989,0.28382707,False,False,-831.0925700247928
1750.0,-600.0,1750.0,-600.0,13077.384,296.77133,0.30047792,False,False,-850.0000000000001
-250.0,-580.0,-250.0,-580.0,20696.297,325.3659,0.50618887,False,False,-851.7972239335942
-229.99999999999997,-580.0,-229.99999999999997,-580.0,19877.158,323.75757,0.48417747,False,False,-832.910826215717
-210.00000000000003,-580.0,-210.00000000000003,-580.0,19043.605,321.28198,0.46176803,False,False,-814.0483001148011
-190.00000000000003,-580.0,-190.00000000000003,-580.0,18190.129,317.62784,0.4387905,False,False,-795.210398098233
-170.0,-580.0,-170.0,-580.0,17322.455,312.72318,0.41540438,False,False,-776.3979035482544
-150.0,-580.0,-150.0,-580.0,16441.594,306.78162,0.39165774,False,False,-757.6116323071059
-130.0,-580.0,-130.0,-580.0,15540.086,299.62958,0.3673343,False,False,-738.8524343117406
-110.0,-580.0,-110.0,-580.0,14624.98,291.293,0.3426373,False,False,-720.1211953238885
-90.0,-580.0,-90.0,-580.0,13691.5,281.70236,0.3174369,False,False,-701.4188387616668
-70.0,-580.0,-70.0,-580.0,12740.051,270.70462,0.2917446,False,False,-682.746327639349
-50.0,-580.0,-50.0,-580.0,11767.915,257.78217,0.26546246,False,False,-664.1046666223648
-30.0,-580.0,-30.0,-580.0,10793.407,243.51155,0.23913595,False,False,-645.4949042050989
-10.0,-580.0,-10.0,-580.0,9810.09,227.11295,0.2125537,False,False,-626.9181350195728
10.0,-580.0,10.0,-580.0,8814.271,208.7158,0.18563542,False,False,-608.3755022836493
30.0,-580.0,30.0,-580.0,7807.2417,187.68625,0.15842077,False,False,-589.8682003980072
50.0,-580.0,50.0,-580.0,6795.4004,164.37096,0.13110843,False,False,-571.3974777017476
70.0,-580.0,70.0,-580.0,5779.7373,139.02809,0.10373667,False,False,-552.9646393971857
90.0,-580.0,90.0,-580.0,4761.7227,110.62599,0.076328024,False,False,-534.5710506550837
110.0,-580.0,110.0,-580.0,3719.264,77.753334,0.048308443,False,False,-516.2181399123492
130.0,-580.0,130.0,-580.0,2784.9988,51.585682,0.02347381,False,False,-497.90740237502024
150.0,-580.0,150.0,-580.0,2179.975,36.770615,0.0082364045,False,False,-479.6404037402118
170.0,-580.0,170.0,-580.0,1881.2937,30.771523,0.0016047326,False,False,-461.41878415159084
190.00000000000003,-580.0,190.00000000000003,-580.0,1769.3125,29.145113,5.2639167e-05,False,False,-443.24426240388357
210.00000000000003,-580.0,210.00000000000003,-580.0,1714.1682,28.326294,0.0,False,False,-425.1186404129119
229.99999999999997,-580.0,229.99999999999997,-580.0,1662.3546,27.529951,0.0,False,False,-407.04380796866565
250.0,-580.0,250.0,-580.0,1611.916,26.74353,0.0,False,False,-389.0217477899977
270.0,-580.0,270.0,-580.0,1562.859,25.967316,0.0,False,False,-371.05454090061494
290.0,-580.0,290.0,-580.0,1515.1844,25.201344,0.0,False,False,-353.1443723471685
310.0,-580.0,310.0,-580.0,1468.8895,24.445429,0.0,False,False,-335.29353728138346
330.0,-580.0,330.0,-580.0,1423.9749,23.699574,0.0,False,False,-317.50444742932314
350.0,-580.0,350.0,-580.0,1380.445,22.963963,0.0,False,False,-299.77963797201505
370.0,-580.0,370.0,-580.0,1338.298,22.238434,0.0,False,False,-282.12177486277744
390.0,-580.0,390.0,-580.0,1297.5334,21.522877,0.0,False,False,-264.5336626076411
410.0,-580.0,410.0,-580.0,1258.1522,20.817287,0.0,False,False,-247.0182525362297
430.0,-580.0,430.0,-580.0,1220.157,20.121801,0.0,False,False,-229.57865159131984
450.0,-580.0,450.0,-580.0,1183.5558,19.436872,0.0,False,False,-212.21813166597425
470.00000000000006,-580.0,470.00000000000006,-580.0,1148.354,18.762825,0.0,False,False,-194.9401395176084
490.0,-580.0,490.0,-580.0,1114.5546,18.0998,0.0,False,False,-177.74830728852174
510.00000000000006,-580.0,510.00000000000006,-580.0,1082.1559,17.447666,0.0,False,False,-160.64646366221035
530.0,-580.0,530.0,-580.0,1051.1573,16.806314,0.0,False,False,-143.63864568412114
550.0,-580.0,550.0,-580.0,1021.5574,16.17563,0.0,False,False,-126.72911127423525
570.0,-580.0,570.0,-580.0,993.359,15.555757,0.0,False,False,-109.92235245689331
590.0,-580.0,590.0,-580.0,966.5631,14.946755,0.0,False,False,-93.22310933041517
610.0,-580.0,610.0,-580.0,941.16943,14.348548,0.0,False,False,-76.63638479510688
630.0,-580.0,630.0,-580.0,917.1763,13.76102,0.0,False,False,-60.167460053030254
650.0,-580.0,650.0,-580.0,894.58276,13.184058,0.0,False,False,-43.82191088610049
670.0,-580.0,670.0,-580.0,873.39026,12.617758,0.0,False,False,-27.605624710436704
690.0,-580.0,690.0,-580.0,853.5996,12.06216,0.0,False,False,-11.524818394063441
710.0,-580.0,710.0,-580.0,835.2095,11.517181,0.0,False,True,4.413943188354919
730.0,-580.0,730.0,-580.0,818.2205,10.982861,0.0,False,True,20.203727906471126
750.0,-580.0,750.0,-580.0,802.6348,10.459373,0.0,False,True,35.837216493504684
770.0,-580.0,770.0,-580.0,788.45215,9.9467535,0.0,False,True,35.99792531343582
789.9999999999999,-580.0,789.9999999999999,-580.0,775.6729,9.445076,0.0,False,True,19.948980919870685
810.0,-580.0,810.0,-580.0,764.2982,8.954541,0.0,False,True,3.7570577414361983
830.0,-580.0,830.0,-580.0,754.4884,8.470434,4.094909e-06,False,False,-12.570985165978376
850.0,-580.0,850.0,-580.0,747.50446,8.005631,4.4392655e-05,False,False,-29.02866821094929
869.9999999999999,-580.0,869.9999999999999,-580.0,742.2445,7.692322,9.267006e-05,False,False,-45.60986988455695
890.0000000000001,-580.0,890.0000000000001,-580.0,741.1078,7.533587,0.00021025856,False,False,-62.30880632704922
910.0,-580.0,910.0,-580.0,746.1841,7.8240314,0.00045063277,False,False,-79.12001186151684
930.0,-580.0,930.0,-580.0,755.7302,8.860796,0.00076933415,False,False,-96.03832049796507
950.0,-580.0,950.0,-580.0,770.2963,10.62078,0.0011805254,False,False,-113.05884839931079
969.9999999999999,-580.0,969.9999999999999,-580.0,789.8987,12.986813,0.0016848148,False,False,-130.17697729160977
990.0,-580.0,990.0,-580.0,817.28973,15.83823,0.0023530694,False,False,-147.38833879380192
1010.0,-580.0,1010.0,-580.0,854.42725,19.19848,0.0032359427,False,False,-164.68879963705325
1030.0,-580.0,1030.0,-580.0,900.40137,23.0477,0.0043103877,False,False,-182.07444774007365
1050.0,-580.0,1050.0,-580.0,959.26306,27.370893,0.005681093,False,False,-199.54157910428427
1070.0,-580.0,1070.0,-580.0,1027.0177,32.177826,0.007245627,False,False,-217.08668549121856
1090.0,-580.0,1090.0,-580.0,1102.145,37.39925,0.008965132,False,False,-234.7064428438041
1110.0,-580.0,1110.0,-580.0,1193.4862,42.959595,0.011068573,False,False,-252.39770041309163
1130.0,-580.0,1130.0,-580.0,1298.6975,48.92616,0.013496073,False,False,-270.1574705523721
1150.0,-580.0,1150.0,-580.0,1414.4307,55.284645,0.01616168,False,False,-287.98291914139924
1170.0,-580.0,1170.0,-580.0,1541.009,61.988083,0.019074358,False,False,-305.8713566044705
1190.0,-580.0,1190.0,-580.0,1683.758,69.00078,0.022373106,False,False,-323.8202294873727
1210.0,-580.0,1210.0,-580.0,1840.3618,76.337036,0.025998697,False,False,-341.8271125595876
1230.0,-580.0,1230.0,-580.0,2009.478,83.98497,0.02991712,False,False,-359.88970140964
1250.0,-580.0,1250.0,-580.0,2189.9426,91.9255,0.034098946,False,False,-378.0058055030103
1270.0,-580.0,1270.0,-580.0,2385.3408,100.12178,0.038638555,False,False,-396.17334167359047
1290.0,-580.0,1290.0,-580.0,2595.9666,108.56172,0.043544687,False,False,-414.3903280212291
1310.0,-580.0,1310.0,-580.0,2821.9937,117.241905,0.048823036,False,False,-432.6548781894402
1330.0,-580.0,1330.0,-580.0,3066.3335,126.13346,0.05455102,False,False,-450.96519599885653
1350.0,-580.0,1350.0,-580.0,3326.9465,135.25255,0.060676664,False,False,-469.3195704134619
1370.0,-580.0,1370.0,-580.0,3604.9958,144.57913,0.06723191,False,False,-487.7163708180401
1390.0,-580.0,1390.0,-580.0,3905.8242,154.071,0.0743587,False,False,-506.1540425866142
1410.0,-580.0,1410.0,-580.0,4224.783,163.6479,0.08193754,False,False,-524.6311029229332
1430.0,-580.0,1430.0,-580.0,4565.788,173.28075,0.09007351,False,False,-543.1461369552788
1450.0,-580.0,1450.0,-580.0,4930.504,182.98837,0.09881265,False,False,-561.6977940690064
1470.0,-580.0,1470.0,-580.0,5315.981,192.36188,0.108082965,False,False,-580.2847844613325
1490.0,-580.0,1490.0,-580.0,5720.83,201.61885,0.1178493,False,False,-598.9058759038946
1510.0,-580.0,1510.0,-580.0,6141.4736,210.82057,0.12801924,False,False,-617.5598906995684
1530.0,-580.0,1530.0,-580.0,6584.092,219.92093,0.13875848,False,False,-636.2457028209425
1550.0000000000002,-580.0,1550.0000000000002,-580.0,7041.5176,228.8996,0.14988048,False,False,-654.9622352186772
1570.0,-580.0,1570.0,-580.0,7513.4893,237.4602,0.16138244,False,False,-673.7084572887835
1590.0,-580.0,1590.0,-580.0,8011.089,245.64746,0.17356047,False,False,-692.4833824885847
1609.9999999999998,-580.0,1609.9999999999998,-580.0,8530.736,253.21791,0.18632516,False,False,-711.2860660918149
1630.0,-580.0,1630.0,-580.0,9069.794,260.41162,0.19960883,False,False,-730.1156030739683
1650.0000000000002,-580.0,1650.0000000000002,-580.0,9634.852,267.32596,0.21358906,False,False,-748.9711261195827
1670.0,-580.0,1670.0,-580.0,10221.187,273.84058,0.2281447,False,False,-767.8518037437412
1690.0,-580.0,1690.0,-580.0,10818.67,279.6478,0.24301192,False,False,-786.756838520564
1709.9999999999998,-580.0,1709.9999999999998,-580.0,11436.512,285.11148,0.25843692,False,False,-805.6854654119583
1730.0,-580.0,1730.0,-580.0,12074.145,290.29108,0.27440846,False,False,-824.6369501903661
1750.0,-580.0,1750.0,-580.0,12728.754,294.9482,0.29085562,False,False,-843.6105879496356
-250.0,-560.0,-250.0,-560.0,20303.02,325.4528,0.49491078,False,False,-845.3470714697357
-229.99999999999997,-560.0,-229.99999999999997,-560.0,19478.4,323.5137,0.47271633,False,False,-826.3939751522797
-210.00000000000003,-560.0,-210.00000000000003,-560.0,18635.89,320.48434,0.45001167,False,False,-807.4634410585356
-190.00000000000003,-560.0,-190.00000000000003,-560.0,17777.66,316.2463,0.42685437,False,False,-788.5561856016095
-170.0,-560.0,-170.0,-560.0,16903.168,310.80533,0.40323633,False,False,-769.6729549112728
-150.0,-560.0,-150.0,-560.0,16013.698,304.35944,0.37920967,False,False,-750.8145263376734
-130.0,-560.0,-130.0,-560.0,15104.636,296.60742,0.35463077,False,False,-731.981710043622
-110.0,-560.0,-110.0,-560.0,14183.533,287.83035,0.32973236,False,False,-713.1753506912961
-90.0,-560.0,-90.0,-560.0,13238.661,277.51562,0.3041699,False,False,-694.396329229635
-70.0,-560.0,-70.0,-560.0,12279.152,265.70493,0.2782043,False,False,-675.6455647891288
-50.0,-560.0,-50.0,-560.0,11304.725,252.06313,0.2518186,False,False,-656.9240166911985
-30.0,-560.0,-30.0,-560.0,10330.023,236.9386,0.22544247,False,False,-638.2326865798739
-10.0,-560.0,-10.0,-560.0,9341.07,219.52086,0.1986611,False,False,-619.5726206840271
10.0,-560.0,10.0,-560.0,8343.238,200.1249,0.1716528,False,False,-600.9449122190134
30.0,-560.0,30.0,-560.0,7333.6714,177.94426,0.1443412,False,False,-582.3507039372029
50.0,-560.0,50.0,-560.0,6317.107,153.49007,0.116880015,False,False,-563.7911908375676
70.0,-560.0,70.0,-560.0,5304.209,126.86461,0.08956232,False,False,-545.2676230452103
90.0,-560.0,90.0,-560.0,4274.571,96.36945,0.061824635,False,False,-526.7813088724957
110.0,-560.0,110.0,-560.0,3245.9473,63.975613,0.034203336,False,False,-508.3336180742732
130.0,-560.0,130.0,-560.0,2448.2295,42.883522,0.013375689,False,False,-489.9259853105601
150.0,-560.0,150.0,-560.0,2022.784,33.426956,0.0032663224,False,False,-471.5599138309865
170.0,-560.0,170.0,-560.0,1853.0186,30.732594,0.00022334381,False,False,-453.2369793962981
190.00000000000003,-560.0,190.00000000000003,-560.0,1788.2781,29.818659,0.0,False,False,-434.958834453272
210.00000000000003,-560.0,210.00000000000003,-560.0,1733.2407,28.98657,0.0,False,False,-416.7272125804987
229.99999999999997,-560.0,229.99999999999997,-560.0,1679.6187,28.164314,0.0,False,False,-398.5439332236676
250.0,-560.0,250.0,-560.0,1627.4148,27.352007,0.0,False,False,-380.41090674021507
270.0,-560.0,270.0,-560.0,1576.6348,26.549908,0.0,False,False,-362.3301397744818
290.0,-560.0,290.0,-560.0,1527.2831,25.758255,0.0,False,False,-344.3037409858591
310.0,-560.0,310.0,-560.0,1479.364,24.97724,0.0,False,False,-326.3339271537889
330.0,-560.0,330.0,-560.0,1432.874,24.206638,0.0,False,False,-308.4230296848986
350.0,-560.0,350.0,-560.0,1387.8138,23.446436,0.0,False,False,-290.5735015489919
370.0,-560.0,370.0,-560.0,1344.1884,22.696861,0.0,False,False,-272.7879246720727
390.0,-560.0,390.0,-560.0,1301.9956,21.957739,0.0,False,False,-255.0690178160157
410.0,-560.0,410.0,-560.0,1261.2341,21.2289,0.0,False,False,-237.41964497589703
430.0,-560.0,430.0,-560.0,1221.9052,20.510355,0.0,False,False,-219.8428243273357
450.0,-560.0,450.0,-560.0,1184.0117,19.802269,0.0,False,False,-202.34173775740993
470.00000000000006,-560.0,470.00000000000006,-560.0,1147.5618,19.105093,0.0,False,False,-184.91974101376363
490.0,-560.0,490.0,-560.0,1112.5608,18.419151,0.0,False,False,-167.58037450735753
510.00000000000006,-560.0,510.00000000000006,-560.0,1079.0125,17.74463,0.0,False,False,-150.32737480482388
530.0,-560.0,530.0,-560.0,1046.9153,17.081408,0.0,False,False,-133.16468684652094
550.0,-560.0,550.0,-560.0,1016.2678,16.429342,0.0,False,False,-116.09647692598286
570.0,-560.0,570.0,-560.0,987.0692,15.788331,0.0,False,False,-99.12714646541565
590.0,-560.0,590.0,-560.0,959.32153,15.158484,0.0,False,False,-82.26134662004064
610.0,-560.0,610.0,-560.0,933.0264,14.539898,0.0,False,False,-65.50399374119687
630.0,-560.0,630.0,-560.0,908.18304,13.932483,0.0,False,False,-48.8602857240123
650.0,-560.0,650.0,-560.0,884.7904,13.336134,0.0,False,False,-32.33571925981188
670.0,-560.0,670.0,-560.0,862.84753,12.750761,0.0,False,False,-15.936108005956129
690.0,-560.0,690.0,-560.0,842.35596,12.176482,0.0,False,True,0.33239832386983137
710.0,-560.0,710.0,-560.0,823.3159,11.613304,0.0,False,True,16.463293958215775
730.0,-560.0,730.0,-560.0,805.7267,11.0611725,0.0,False,True,32.44969618001809
750.0,-560.0,750.0,-560.0,789.5895,10.5202055,0.0,False,True,48.28432359619295
770.0,-560.0,770.0,-560.0,774.90576,9.990562,0.0,False,True,47.897064388518984
789.9999999999999,-560.0,789.9999999999999,-560.0,761.67505,9.47224,0.0,False,True,31.650889399902404
810.0,-560.0,810.0,-560.0,749.8982,8.965423,0.0,False,True,15.266533522902915
830.0,-560.0,830.0,-560.0,739.5763,8.470293,0.0,False,False,-1.2492197250393855
850.0,-560.0,850.0,-560.0,731.25275,7.975577,1.3889949e-05,False,False,-17.8899744078434
869.9999999999999,-560.0,869.9999999999999,-560.0,725.65686,7.547311,6.012601e-05,False,False,-34.6496991735899
890.0000000000001,-560.0,890.0000000000001,-560.0,721.81714,7.2982154,0.0001139043,False,False,-51.522705413440065
910.0,-560.0,910.0,-560.0,723.6212,7.2673674,0.00027458032,False,False,-68.50362657316239
930.0,-560.0,930.0,-560.0,731.30634,7.8557043,0.00054833177,False,False,-85.5873986004076
950.0,-560.0,950.0,-560.0,743.5926,9.229384,0.0009025128,False,False,-102.76924150068677
969.9999999999999,-560.0,969.9999999999999,-560.0,760.76843,11.304397,0.0013446334,False,False,-120.04464196745296
990.0,-560.0,990.0,-560.0,783.6404,13.927695,0.0018955821,False,False,-137.4093370462545
1010.0,-560.0,1010.0,-560.0,815.69257,17.020966,0.0026451366,False,False,-154.85929878925086
1030.0,-560.0,1030.0,-560.0,856.6376,20.631975,0.0035862674,False,False,-172.39071985409376
1050.0,-560.0,1050.0,-560.0,908.7029,24.703207,0.004776708,False,False,-190.00000000000006
1070.0,-560.0,1070.0,-560.0,972.40125,29.267565,0.00623011,False,False,-207.68373343355094
1090.0,-560.0,1090.0,-560.0,1044.7166,34.294647,0.007869198,False,False,-225.43869695713465
1110.0,-560.0,1110.0,-560.0,1126.0435,39.704056,0.009704627,False,False,-243.26183887385528
1130.0,-560.0,1130.0,-560.0,1225.0643,45.468796,0.011961486,False,False,-261.15026860402327
1150.0,-560.0,1150.0,-560.0,1336.291,51.647762,0.01449858,False,False,-279.1012469699184
1170.0,-560.0,1170.0,-560.0,1457.8551,58.20648,0.017268177,False,False,-297.11217710728477
1190.0,-560.0,1190.0,-560.0,1592.2275,65.09216,0.020335056,False,False,-315.1805959639155
1210.0,-560.0,1210.0,-560.0,1742.4993,72.294334,0.023780432,False,False,-333.3041663476493
1230.0,-560.0,1230.0,-560.0,1906.5848,79.81759,0.027551036,False,False,-351.4806694880989
1250.0,-560.0,1250.0,-560.0,2082.4194,87.650604,0.031594068,False,False,-369.70799807842263
1270.0,-560.0,1270.0,-560.0,2271.4482,95.75754,0.035948154,False,False,-387.9841497654072
1290.0,-560.0,1290.0,-560.0,2474.7715,104.12337,0.040643003,False,False,-406.3072210580447
1310.0,-560.0,1310.0,-560.0,2694.727,112.72341,0.045740824,False,False,-424.67540162663016
1330.0,-560.0,1330.0,-560.0,2929.7378,121.56341,0.051201638,False,False,-443.0869689661813
1350.0,-560.0,1350.0,-560.0,3184.038,130.61002,0.05713767,False,False,-461.5402833996743
1370.0,-560.0,1370.0,-560.0,3454.0625,139.88509,0.06345708,False,False,-480.0337833982035
1390.0,-560.0,1390.0,-560.0,3743.6868,149.34956,0.07026317,False,False,-498.56598119669053
1410.0,-560.0,1410.0,-560.0,4055.376,158.94243,0.07762289,False,False,-517.1354586852159
1430.0,-560.0,1430.0,-560.0,4385.0156,168.57239,0.0854309,False,False,-535.7408635573906
1450.0,-560.0,1450.0,-560.0,4739.007,178.34004,0.093857095,False,False,-554.3809056984715
1470.0,-560.0,1470.0,-560.0,5114.327,187.89659,0.10282709,False,False,-573.0543537970962
1490.0,-560.0,1490.0,-560.0,5510.8164,197.18169,0.1123402,False,False,-591.7600321656528
1510.0,-560.0,1510.0,-560.0,5925.053,206.43637,0.12230721,False,False,-610.4968177553161
1530.0,-560.0,1530.0,-560.0,6357.6436,215.62253,0.13274679,False,False,-629.2636373527769
1550.0000000000002,-560.0,1550.0000000000002,-560.0,6810.875,224.6954,0.14372224,False,False,-648.0594649465779
1570.0,-560.0,1570.0,-560.0,7275.5605,233.48317,0.15499437,False,False,-666.8833192518306
1590.0,-560.0,1590.0,-560.0,7758.638,241.87611,0.16674998,False,False,-685.7342613828554
1609.9999999999998,-560.0,1609.9999999999998,-560.0,8267.431,249.79774,0.17918736,False,False,-704.6113926640287
1630.0,-560.0,1630.0,-560.0,8797.672,257.13705,0.19219834,False,False,-723.5138525698017
1650.0000000000002,-560.0,1650.0000000000002,-560.0,9347.864,264.20905,0.2057445,False,False,-742.4408167854656
1670.0,-560.0,1670.0,-560.0,9926.703,271.0131,0.22006075,False,False,-761.3914953808537
1690.0,-560.0,1690.0,-560.0,10517.28,277.09372,0.23470369,False,False,-780.3651310896877
1709.9999999999998,-560.0,1709.9999999999998,-560.0,11126.578,282.71417,0.24986131,False,False,-799.3609976877901
1730.0,-560.0,1730.0,-560.0,11754.361,288.05634,0.26553023,False,False,-818.3783984638621
1750.0,-560.0,1750.0,-560.0,12402.903,292.99026,0.28177562,False,False,-837.4166647769363
-250.0,-540.0,-250.0,-540.0,19927.434,325.36768,0.48401058,False,False,-839.0918057007628
-229.99999999999997,-540.0,-229.99999999999997,-540.0,19097.027,322.96805,0.46161044,False,False,-820.0735721630343
-210.00000000000003,-540.0,-210.00000000000003,-540.0,18247.5,319.3947,0.43865955,False,False,-801.0766075814004
-190.00000000000003,-540.0,-190.00000000000003,-540.0,17383.906,314.604,0.41530228,False,False,-782.1015921286702
-170.0,-540.0,-170.0,-540.0,16504.152,308.75772,0.39149815,False,False,-763.1492344546899
-150.0,-540.0,-150.0,-540.0,15605.627,301.74078,0.3671686,False,False,-744.2202731446436
-130.0,-540.0,-130.0,-540.0,14690.686,293.4937,0.34238207,False,False,-725.3154782645962
-110.0,-540.0,-110.0,-540.0,13759.478,284.14322,0.31715718,False,False,-706.4356530001381
-90.0,-540.0,-90.0,-540.0,12809.086,273.25705,0.29139772,False,False,-687.5816353944555
-70.0,-540.0,-70.0,-540.0,11841.598,260.5386,0.26515156,False,False,-668.7543001925841
-50.0,-540.0,-50.0,-540.0,10869.982,246.31517,0.23880756,False,False,-649.9545607991322
-30.0,-540.0,-30.0,-540.0,9891.496,230.14757,0.2122717,False,False,-631.1833713572715
-10.0,-540.0,-10.0,-540.0,8897.537,211.90129,0.1853149,False,False,-612.4417289573881
10.0,-540.0,10.0,-540.0,7896.4766,191.2367,0.158178,False,False,-593.7306759844047
30.0,-540.0,30.0,-540.0,6885.1934,168.0962,0.1307966,False,False,-575.0513026134496
50.0,-540.0,50.0,-540.0,5870.6914,142.68344,0.10337364,False,False,-556.404749464271
70.0,-540.0,70.0,-540.0,4852.23,114.69782,0.07588211,False,False,-537.7922104255688
90.0,-540.0,90.0,-540.0,3812.7627,81.400986,0.047863714,False,False,-519.214935661236
110.0,-540.0,110.0,-540.0,2839.2153,52.663654,0.021846099,False,False,-500.674234811403
130.0,-540.0,130.0,-540.0,2223.0564,37.459198,0.006326874,False,False,-482.1714804021182
150.0,-540.0,150.0,-540.0,1958.5012,32.62454,0.0007551724,False,False,-463.7081114785226
170.0,-540.0,170.0,-540.0,1870.6823,31.434296,0.0,False,False,-445.28563747746415
190.00000000000003,-540.0,190.00000000000003,-540.0,1812.196,30.564352,0.0,False,False,-426.9056423566542
210.00000000000003,-540.0,210.00000000000003,-540.0,1755.1711,29.704363,0.0,False,False,-408.5697889987108
229.99999999999997,-540.0,229.99999999999997,-540.0,1699.6135,28.854626,0.0,False,False,-390.279823909737
250.0,-540.0,250.0,-540.0,1645.522,28.015,0.0,False,False,-372.0375822334846
270.0,-540.0,270.0,-540.0,1592.901,27.185642,0.0,False,False,-353.844993103613
290.0,-540.0,290.0,-540.0,1541.7549,26.36678,0.0,False,False,-335.7040853581075
310.0,-540.0,310.0,-540.0,1492.0886,25.55864,0.0,False,False,-317.61699364153446
330.0,-540.0,330.0,-540.0,1443.9071,24.761501,0.0,False,False,-299.5859649225103
350.0,-540.0,350.0,-540.0,1397.2087,23.975206,0.0,False,False,-281.61336545550614
370.0,-540.0,370.0,-540.0,1351.9934,23.199688,0.0,False,False,-263.70168821791356
390.0,-540.0,390.0,-540.0,1308.2657,22.435162,0.0,False,False,-245.85356085513567
410.0,-540.0,410.0,-540.0,1266.0247,21.68151,0.0,False,False,-228.07175416831328
430.0,-540.0,430.0,-540.0,1225.268,20.938526,0.0,False,False,-210.35919118113617
450.0,-540.0,450.0,-540.0,1185.9956,20.206152,0.0,False,False,-192.718956823975
470.00000000000006,-540.0,470.00000000000006,-540.0,1148.2125,19.48463,0.0,False,False,-175.1543082752526
490.0,-540.0,490.0,-540.0,1111.9258,18.774378,0.0,False,False,-157.6686860015279
510.00000000000006,-540.0,510.00000000000006,-540.0,1077.1416,18.075771,0.0,False,False,-140.2657255390608
530.0,-540.0,530.0,-540.0,1043.8632,17.388977,0.0,False,False,-122.94927006064566
550.0,-540.0,550.0,-540.0,1012.08997,16.71392,0.0,False,False,-105.72338377206886
570.0,-540.0,570.0,-540.0,981.8203,16.050451,0.0,False,False,-88.59236618257171
590.0,-540.0,590.0,-540.0,953.0529,15.398444,0.0,False,False,-71.56076729301114
610.0,-540.0,610.0,-540.0,925.78986,14.758021,0.0,False,False,-54.633403743785834
630.0,-540.0,630.0,-540.0,900.0327,14.1292515,0.0,False,False,-37.81537596184209
650.0,-540.0,650.0,-540.0,875.78107,13.512092,0.0,False,False,-21.11208634186501
670.0,-540.0,670.0,-540.0,853.0335,12.9064245,0.0,False,False,-4.529258490788168
690.0,-540.0,690.0,-540.0,831.7894,12.312186,0.0,False,True,11.927042443388602
710.0,-540.0,710.0,-540.0,812.05096,11.729538,0.0,False,True,28.250388348271095
730.0,-540.0,730.0,-540.0,793.8174,11.158439,0.0,False,True,44.43396563298546
750.0,-540.0,750.0,-540.0,777.0888,10.598911,0.0,False,True,60.47055164485726
770.0,-540.0,770.0,-540.0,761.8667,10.051108,0.0,False,True,59.5213984358815
789.9999999999999,-540.0,789.9999999999999,-540.0,748.1521,9.515173,0.0,False,True,43.077850606435156
810.0,-540.0,810.0,-540.0,735.94366,8.991109,0.0,False,True,26.501155624722827
830.0,-540.0,830.0,-540.0,725.24396,8.479225,0.0,False,True,9.798000405977724
850.0,-540.0,850.0,-540.0,716.05225,7.979654,0.0,False,False,-7.02532242243048
869.9999999999999,-540.0,869.9999999999999,-540.0,709.48193,7.4824114,2.8384442e-05,False,False,-23.962889952560683
890.0000000000001,-540.0,890.0000000000001,-540.0,705.26086,7.116444,7.806075e-05,False,False,-41.009125800537895
910.0,-540.0,910.0,-540.0,703.7064,6.9386587,0.00015716304,False,False,-58.15877825589111
930.0,-540.0,930.0,-540.0,708.7901,7.12654,0.00036725047,False,False,-75.40689973609533
950.0,-540.0,950.0,-540.0,718.7647,8.094701,0.0006637508,False,False,-92.74882749879897
969.9999999999999,-540.0,969.9999999999999,-540.0,734.0218,9.828665,0.0010567887,False,False,-110.18016555872579
990.0,-540.0,990.0,-540.0,754.26544,12.208879,0.0015389777,False,False,-127.69676775275023
1010.0,-540.0,1010.0,-540.0,781.1341,15.084968,0.0021525822,False,False,-145.29472189476195
1030.0,-540.0,1030.0,-540.0,818.30774,18.435867,0.002992558,False,False,-162.9703349613007
1050.0,-540.0,1050.0,-540.0,863.9745,22.292265,0.004012663,False,False,-180.72011924926568
1070.0,-540.0,1070.0,-540.0,922.5503,26.606894,0.0053270827,False,False,-198.54077944807545
1090.0,-540.0,1090.0,-540.0,991.32477,31.417627,0.0068664392,False,False,-216.42920057025927
1110.0,-540.0,1110.0,-540.0,1068.2083,36.66612,0.008577266,False,False,-234.38243668645896
1130.0,-540.0,1130.0,-540.0,1157.6172,42.26816,0.010574325,False,False,-252.39770041309163
1150.0,-540.0,1150.0,-540.0,1264.0084,48.25626,0.012973633,False,False,-270.47235310336464
1170.0,-540.0,1170.0,-540.0,1381.4432,54.653076,0.015622237,False,False,-288.6038956948719
1190.0,-540.0,1190.0,-540.0,1509.3317,61.41377,0.018505465,False,False,-306.78996016957535
1210.0,-540.0,1210.0,-540.0,1652.703,68.486885,0.021754809,False,False,-325.02830158453594
1230.0,-540.0,1230.0,-540.0,1811.2881,75.88294,0.025364283,False,False,-343.31679063428663
1250.0,-540.0,1250.0,-540.0,1982.7539,83.59981,0.029274158,False,False,-361.653406708183
1270.0,-540.0,1270.0,-540.0,2166.263,91.61584,0.033463594,False,False,-380.0362314084367
1290.0,-540.0,1290.0,-540.0,2364.4517,99.89305,0.038002435,False,False,-398.46344249679976
1310.0,-540.0,1310.0,-540.0,2576.989,108.42496,0.042883113,False,False,-416.93330824001737
1330.0,-540.0,1330.0,-540.0,2805.891,117.19329,0.04815954,False,False,-435.44418212621576
1350.0,-540.0,1350.0,-540.0,3051.4834,126.18709,0.05384165,False,False,-453.9944979263161
1370.0,-540.0,1370.0,-540.0,3315.4883,135.39604,0.059976175,False,False,-472.5827650763811
1390.0,-540.0,1390.0,-540.0,3596.5056,144.81932,0.066528074,False,False,-491.2075643584966
1410.0,-540.0,1410.0,-540.0,3898.9443,154.4171,0.073615044,False,False,-509.8675438593942
1430.0,-540.0,1430.0,-540.0,4220.5894,164.04791,0.08118184,False,False,-528.5614151874959
1450.0,-540.0,1450.0,-540.0,4563.1016,173.79388,0.089274004,False,False,-547.2879499304584
1470.0,-540.0,1470.0,-540.0,4929.0215,183.52571,0.09796183,False,False,-566.0459763365826
1490.0,-540.0,1490.0,-540.0,5315.664,192.92885,0.10717994,False,False,-584.8343762046555
1510.0,-540.0,1510.0,-540.0,5724.4424,202.22308,0.11696718,False,False,-603.652081967906
1530.0,-540.0,1530.0,-540.0,6148.558,211.45401,0.12714642,False,False,-622.4980739587953
1550.0000000000002,-540.0,1550.0000000000002,-540.0,6594.0576,220.60327,0.13787994,False,False,-641.3713778423215
1570.0,-540.0,1570.0,-540.0,7055.791,229.55785,0.14903527,False,False,-660.2710622064097
1590.0,-540.0,1590.0,-540.0,7529.1035,238.11618,0.16049275,False,False,-679.1962362987837
1609.9999999999998,-540.0,1609.9999999999998,-540.0,8025.631,246.34192,0.1725638,False,False,-698.1460479004743
1630.0,-540.0,1630.0,-540.0,8544.465,253.90068,0.18523069,False,False,-717.1196813268434
1650.0000000000002,-540.0,1650.0000000000002,-540.0,9086.258,261.10007,0.19851282,False,False,-736.1163555476346
1670.0,-540.0,1670.0,-540.0,9651.981,268.09436,0.21243879,False,False,-755.1353224181889
1690.0,-540.0,1690.0,-540.0,10238.743,274.50003,0.22693765,False,False,-774.1758650145143
1709.9999999999998,-540.0,1709.9999999999998,-540.0,10837.961,280.31693,0.2417848,False,False,-793.2372960654147
1730.0,-540.0,1730.0,-540.0,11459.57,285.7771,0.25724778,False,False,-812.318956475377
1750.0,-540.0,1750.0,-540.0,12097.953,291.00757,0.2731801,False,False,-831.4202139323462
-250.0,-520.0,-250.0,-520.0,19571.64,325.08142,0.4735343,False,False,-833.0334217928093
-229.99999999999997,-520.0,-229.99999999999997,-520.0,18734.367,322.21814,0.45089123,False,False,-813.9516707178478
-210.00000000000003,-520.0,-210.00000000000003,-520.0,17881.33,318.1015,0.42778668,False,False,-794.8899136132803
-190.00000000000003,-520.0,-190.00000000000003,-520.0,17010.232,312.81155,0.40416652,False,False,-775.8487943181719
-170.0,-520.0,-170.0,-520.0,16123.828,306.57446,0.38013145,False,False,-756.8289838717717
-150.0,-520.0,-150.0,-520.0,15218.175,298.99405,0.35554725,False,False,-737.8311819226108
-130.0,-520.0,-130.0,-520.0,14297.828,290.38126,0.33056808,False,False,-718.85611822315
-110.0,-520.0,-110.0,-520.0,13356.381,280.32507,0.3049996,False,False,-699.9045542158451
-90.0,-520.0,-90.0,-520.0,12402.695,268.84384,0.2790991,False,False,-680.9772847169552
-70.0,-520.0,-70.0,-520.0,11431.596,255.33481,0.25269634,False,False,-662.0751397048823
-50.0,-520.0,-50.0,-520.0,10462.045,240.39265,0.22636142,False,False,-643.1989862203607
-30.0,-520.0,-30.0,-520.0,9475.595,223.34973,0.19955659,False,False,-624.3497303863589
-10.0,-520.0,-10.0,-520.0,8482.752,204.20593,0.17258686,False,False,-605.5283195561685
10.0,-520.0,10.0,-520.0,7476.286,182.31566,0.14526461,False,False,-586.7357445987881
30.0,-520.0,30.0,-520.0,6461.211,158.13826,0.11775435,False,False,-567.9730423314321
50.0,-520.0,50.0,-520.0,5448.6665,131.7371,0.09036459,False,False,-549.2412981097243
70.0,-520.0,70.0,-520.0,4424.587,101.90211,0.06269829,False,False,-530.5416485869699
90.0,-520.0,90.0,-520.0,3384.3528,68.03536,0.03466618,False,False,-511.87528465476834
110.0,-520.0,110.0,-520.0,2530.0142,44.404655,0.012164145,False,False,-493.2434545781719
130.0,-520.0,130.0,-520.0,2106.859,35.239285,0.0022081933,False,False,-474.64746733962477
150.0,-520.0,150.0,-520.0,1963.9441,33.1936,4.5324676e-05,False,False,-456.08869620699494
170.0,-520.0,170.0,-520.0,1900.0992,32.274696,0.0,False,False,-437.5685825422044
190.00000000000003,-520.0,190.00000000000003,-520.0,1839.4353,31.375282,0.0,False,False,-419.08863986821456
210.00000000000003,-520.0,210.00000000000003,-520.0,1780.2806,30.48581,0.0,False,False,-400.6504582134815
229.99999999999997,-520.0,229.99999999999997,-520.0,1722.6414,29.606567,0.0,False,False,-382.2557087544447
250.0,-520.0,250.0,-520.0,1666.5247,28.737911,0.0,False,False,-363.9061487781587
270.0,-520.0,270.0,-520.0,1611.9312,27.879768,0.0,False,False,-345.60362698882653
290.0,-520.0,290.0,-520.0,1558.8623,27.03216,0.0,False,False,-327.3500891837471
310.0,-520.0,310.0,-520.0,1507.3231,26.195324,0.0,False,False,-309.1475843260447
330.0,-520.0,330.0,-520.0,1457.3195,25.369549,0.0,False,False,-290.9982710435111
350.0,-520.0,350.0,-520.0,1408.8564,24.555107,0.0,False,False,-272.9044245849535
370.0,-520.0,370.0,-520.0,1361.9343,23.751982,0.0,False,False,-254.86844426759248
390.0,-520.0,390.0,-520.0,1316.5529,22.960054,0.0,False,False,-236.8928614512999
410.0,-520.0,410.0,-520.0,1272.7158,22.179514,0.0,False,False,-218.98034807776983
430.0,-520.0,430.0,-520.0,1230.4235,21.4103,0.0,False,False,-201.13372581508065
450.0,-520.0,450.0,-520.0,1189.6729,20.652187,0.0,False,False,-183.35597585047674
470.00000000000006,-520.0,470.00000000000006,-520.0,1150.4633,19.905052,0.0,False,False,-165.65024937656597
490.0,-520.0,490.0,-520.0,1112.8002,19.169168,0.0,False,False,-148.01987881842322
510.00000000000006,-520.0,510.00000000000006,-520.0,1076.6897,18.444933,0.0,False,False,-130.4683898512526
530.0,-520.0,530.0,-520.0,1042.1395,17.732788,0.0,False,False,-112.99951426022648
550.0,-520.0,550.0,-520.0,1009.1526,17.0329,0.0,False,False,-95.61720369576027
570.0,-520.0,570.0,-520.0,977.7284,16.345205,0.0,False,False,-78.32564437869743
590.0,-520.0,590.0,-520.0,947.86584,15.669575,0.0,False,False,-61.12927281050434
610.0,-520.0,610.0,-520.0,919.5634,15.005878,0.0,False,False,-44.0327925433982
630.0,-520.0,630.0,-520.0,892.82263,14.35421,0.0,False,False,-27.04119206416583
650.0,-520.0,650.0,-520.0,867.64514,13.714645,0.0,False,False,-10.15976384292755
670.0,-520.0,670.0,-520.0,844.03094,13.087174,0.0,False,True,6.605875406032135
690.0,-520.0,690.0,-520.0,821.9784,12.47168,0.0,False,True,23.249763210454965
710.0,-520.0,710.0,-520.0,801.4872,11.868137,0.0,False,True,39.76556854117702
730.0,-520.0,730.0,-520.0,782.5599,11.27673,0.0,False,True,56.14656770785365
750.0,-520.0,750.0,-520.0,765.19507,10.697401,0.0,False,True,72.38561894487545
770.0,-520.0,770.0,-520.0,749.3939,10.130282,0.0,False,True,70.86061325547067
789.9999999999999,-520.0,789.9999999999999,-520.0,735.1575,9.575523,0.0,False,True,54.21989870795024
810.0,-520.0,810.0,-520.0,722.48584,9.033248,0.0,False,True,37.45129993334867
830.0,-520.0,830.0,-520.0,711.379,8.503567,0.0,False,True,20.561385282364785
850.0,-520.0,850.0,-520.0,701.83887,7.986845,0.0,False,True,3.556323719197896
869.9999999999999,-520.0,869.9999999999999,-520.0,694.05365,7.477994,4.8369693e-06,False,False,-13.558089109844795
890.0000000000001,-520.0,890.0000000000001,-520.0,689.3263,7.0063148,4.766378e-05,False,False,-30.7764064044152
910.0,-520.0,910.0,-520.0,686.47253,6.7299366,9.8157936e-05,False,False,-48.09350727881151
930.0,-520.0,930.0,-520.0,688.15137,6.669757,0.00022428978,False,False,-65.50457530692944
950.0,-520.0,950.0,-520.0,696.4131,7.1944866,0.0004785845,False,False,-83.00507847378086
969.9999999999999,-520.0,969.9999999999999,-520.0,709.4133,8.565152,0.0008139512,False,False,-100.59075046086046
990.0,-520.0,990.0,-520.0,727.6992,10.667777,0.0012445266,False,False,-118.2575731914361
1010.0,-520.0,1010.0,-520.0,751.37604,13.339267,0.0017732664,False,False,-136.0017605620162
1030.0,-520.0,1030.0,-520.0,783.38354,16.468103,0.0024759402,False,False,-153.81974328748592
1050.0,-520.0,1050.0,-520.0,825.53357,20.094376,0.0033995863,False,False,-171.70815478940833
1070.0,-520.0,1070.0,-520.0,877.0686,24.196186,0.0045251017,False,False,-189.66381805953918
1090.0,-520.0,1090.0,-520.0,942.0846,28.773956,0.0059585515,False,False,-207.68373343355094
1110.0,-520.0,1110.0,-520.0,1016.4019,33.83046,0.007592679,False,False,-225.7650672131263
1130.0,-520.0,1130.0,-520.0,1098.4288,39.296024,0.009386804,False,False,-243.90514107788786
1150.0,-520.0,1150.0,-520.0,1197.6128,45.106194,0.011586063,False,False,-262.10142223198545
1170.0,-520.0,1170.0,-520.0,1311.0312,51.328915,0.014115625,False,False,-280.3515142334937
1190.0,-520.0,1190.0,-520.0,1435.4263,57.943714,0.016891848,False,False,-298.65314845804767
1210.0,-520.0,1210.0,-520.0,1571.234,64.90264,0.019926758,False,False,-317.0041761513135
1230.0,-520.0,1230.0,-520.0,1723.7175,72.175026,0.023358207,False,False,-335.40256102794706
1250.0,-520.0,1250.0,-520.0,1890.6216,79.7724,0.027128564,False,False,-353.84637237760484
1270.0,-520.0,1270.0,-520.0,2070.424,87.68172,0.031199228,False,False,-372.3337786413333
1290.0,-520.0,1290.0,-520.0,2262.0317,95.88146,0.035542734,False,False,-390.8630414242806
1310.0,-520.0,1310.0,-520.0,2469.041,104.336334,0.04025404,False,False,-409.43250991312107
1330.0,-520.0,1330.0,-520.0,2691.9004,113.033005,0.0453461,False,False,-428.0406156688963
1350.0,-520.0,1350.0,-520.0,2930.5132,121.968376,0.050817795,False,False,-446.6858677681207
1370.0,-520.0,1370.0,-520.0,3188.3364,131.11136,0.056761373,False,False,-465.36684826701344
1390.0,-520.0,1390.0,-520.0,3462.6143,140.48134,0.063106194,False,False,-484.08220796558305
1410.0,-520.0,1410.0,-520.0,3755.159,150.0531,0.069901675,False,False,-502.83066245003147
1430.0,-520.0,1430.0,-520.0,4070.378,159.70946,0.07726638,False,False,-521.6109883935515
1450.0,-520.0,1450.0,-520.0,4403.777,169.42407,0.08508469,False,False,-540.4220200970904
1470.0,-520.0,1470.0,-520.0,4760.6514,179.2658,0.09349811,False,False,-559.2626462530296
1490.0,-520.0,1490.0,-520.0,5137.9097,188.81334,0.102431074,False,False,-578.1318069160128
1510.0,-520.0,1510.0,-520.0,5537.385,198.13588,0.11193494,False,False,-597.0284906663375
1530.0,-520.0,1530.0,-520.0,5956.8066,207.39748,0.12195148,False,False,-615.951731952412
1550.0000000000002,-520.0,1550.0000000000002,-520.0,6392.968,216.62721,0.13239829,False,False,-634.9006085998014
1570.0,-520.0,1570.0,-520.0,6850.355,225.69467,0.14339796,False,False,-653.8742394752994
1590.0,-520.0,1590.0,-520.0,7319.356,234.423,0.15469962,False,False,-672.8717822953438
1609.9999999999998,-520.0,1609.9999999999998,-520.0,7804.9697,242.84918,0.16643852,False,False,-691.8924315688631
1630.0,-520.0,1630.0,-520.0,8313.095,250.70001,0.17877707,False,False,-710.9354166653982
1650.0000000000002,-520.0,1650.0000000000002,-520.0,8845.344,258.03787,0.19176228,False,False,-730.0
1670.0,-520.0,1670.0,-520.0,9399.324,265.13757,0.20533255,False,False,-749.0854753270349
1690.0,-520.0,1690.0,-520.0,9978.615,271.90134,0.21958777,False,False,-768.1911661356079
1709.9999999999998,-520.0,1709.9999999999998,-520.0,10572.362,277.8802,0.23424539,False,False,-787.3164241398332
1730.0,-520.0,1730.0,-520.0,11183.886,283.51025,0.24939547,False,False,-806.4606278576902
1750.0,-520.0,1750.0,-520.0,11816.794,288.83456,0.26513875,False,False,-825.6231812726306
-250.0,-500.0,-250.0,-500.0,19235.168,324.60883,0.46345526,False,False,-827.1738781580744
-229.99999999999997,-500.0,-229.99999999999997,-500.0,18392.305,321.2146,0.4405936,False,False,-808.0302871671797
-210.00000000000003,-500.0,-210.00000000000003,-500.0,17533.93,316.648,0.41728234,False,False,-788.9054356238206
-190.00000000000003,-500.0,-190.00000000000003,-500.0,16656.717,310.9695,0.39343995,False,False,-769.7999310360104
-170.0,-500.0,-170.0,-500.0,15764.271,304.2303,0.36917728,False,False,-750.7144068024587
-150.0,-500.0,-150.0,-500.0,14851.712,296.1993,0.34434462,False,False,-731.6495235688719
-130.0,-500.0,-130.0,-500.0,13925.362,287.172,0.31914797,False,False,-712.6059706677768
-110.0,-500.0,-110.0,-500.0,12978.417,276.51376,0.29336762,False,False,-693.5844676476974
-90.0,-500.0,-90.0,-500.0,12018.585,264.2246,0.26722783,False,False,-674.5857658979877
-70.0,-500.0,-70.0,-500.0,11049.396,250.1285,0.24083017,False,False,-655.6106503760983
-50.0,-500.0,-50.0,-500.0,10077.594,234.45456,0.2143804,False,False,-636.6599414445822
-30.0,-500.0,-30.0,-500.0,9087.5,216.49529,0.18742189,False,False,-617.7344968257307
-10.0,-500.0,-10.0,-500.0,8093.7217,196.48648,0.16038617,False,False,-598.8352136823286
10.0,-500.0,10.0,-500.0,7083.284,173.69208,0.13292399,False,False,-579.963030833707
30.0,-500.0,30.0,-500.0,6070.3916,148.5069,0.10544742,False,False,-561.1189311169887
50.0,-500.0,50.0,-500.0,5052.661,121.02896,0.0778907,False,False,-542.3039439042053
70.0,-500.0,70.0,-500.0,4021.6143,88.71624,0.05001232,False,False,-523.5191477868216
90.0,-500.0,90.0,-500.0,3003.9294,56.73821,0.022642456,False,False,-504.7656734401206
110.0,-500.0,110.0,-500.0,2333.059,39.597282,0.005551136,False,False,-486.0447066808979
130.0,-500.0,130.0,-500.0,2078.2634,35.208763,0.00038665236,False,False,-467.3574917329903
150.0,-500.0,150.0,-500.0,1997.9308,34.12869,0.0,False,False,-448.7053347163284
170.0,-500.0,170.0,-500.0,1933.3756,33.188595,0.0,False,False,-430.0896073764628
190.00000000000003,-500.0,190.00000000000003,-500.0,1870.3733,32.258076,0.0,False,False,-411.5117510728638
210.00000000000003,-500.0,210.00000000000003,-500.0,1808.9321,31.337473,0.0,False,False,-392.9732810457631
229.99999999999997,-500.0,229.99999999999997,-500.0,1749.0571,30.427025,0.0,False,False,-374.4757909828806
250.0,-500.0,250.0,-500.0,1690.7574,29.527191,0.0,False,False,-356.02095790907
270.0,-500.0,270.0,-500.0,1634.0383,28.63816,0.0,False,False,-337.61054742374404
290.0,-500.0,290.0,-500.0,1578.9048,27.76016,0.0,False,False,-319.2464193128835
310.0,-500.0,310.0,-500.0,1525.3552,26.893026,0.0,False,False,-300.9305335645256
330.0,-500.0,330.0,-500.0,1473.3936,26.036924,0.0,False,False,-282.6649568188483
350.0,-500.0,350.0,-500.0,1423.0276,25.19225,0.0,False,False,-264.4518692863381
370.0,-500.0,370.0,-500.0,1374.261,24.359186,0.0,False,False,-246.29357217002874
390.0,-500.0,390.0,-500.0,1327.0981,23.53795,0.0,False,False,-228.19249563044775
410.0,-500.0,410.0,-500.0,1281.5378,22.728395,0.0,False,False,-210.1512073346719
430.0,-500.0,430.0,-500.0,1237.5837,21.930672,0.0,False,False,-192.1724216337921
450.0,-500.0,450.0,-500.0,1195.2368,21.144749,0.0,False,False,-174.2590094160645
470.00000000000006,-500.0,470.00000000000006,-500.0,1154.4943,20.370428,0.0,False,False,-156.4140086860819
490.0,-500.0,490.0,-500.0,1115.3542,19.607513,0.0,False,False,-138.6406359233936
510.00000000000006,-500.0,510.00000000000006,-500.0,1077.8215,18.856262,0.0,False,False,-120.94229827705527
530.0,-500.0,530.0,-500.0,1041.9026,18.117054,0.0,False,False,-103.32260665557963
550.0,-500.0,550.0,-500.0,1007.60583,17.39042,0.0,False,False,-85.7853897745539
570.0,-500.0,570.0,-500.0,974.93445,16.676535,0.0,False,False,-68.33470922669926
590.0,-500.0,590.0,-500.0,943.88776,15.975334,0.0,False,False,-50.97487564123659
610.0,-500.0,610.0,-500.0,914.46533,15.286729,0.0,False,False,-33.710466000866916
630.0,-500.0,630.0,-500.0,886.66516,14.610575,0.0,False,False,-16.546342185316032
650.0,-500.0,650.0,-500.0,860.489,13.946966,0.0,False,True,0.5123291901184546
670.0,-500.0,670.0,-500.0,835.93787,13.295965,0.0,False,True,17.46005557454361
690.0,-500.0,690.0,-500.0,813.0122,12.657594,0.0,False,True,34.29099585734674
710.0,-500.0,710.0,-500.0,791.71045,12.031761,0.0,False,True,50.998936263603575
730.0,-500.0,730.0,-500.0,772.03296,11.4184885,0.0,False,True,67.57726472193504
750.0,-500.0,750.0,-500.0,753.9815,10.817974,0.0,False,True,84.01894367075214
770.0,-500.0,770.0,-500.0,737.5554,10.230196,0.0,False,True,81.90414443806571
789.9999999999999,-500.0,789.9999999999999,-500.0,722.75574,9.6553545,0.0,False,True,65.06684730939189
810.0,-500.0,810.0,-500.0,709.58374,9.093635,0.0,False,True,48.107148887018894
830.0,-500.0,830.0,-500.0,698.03876,8.545158,0.0,False,True,31.03147625941932
850.0,-500.0,850.0,-500.0,688.1213,8.010191,0.0,False,True,13.845853834198952
869.9999999999999,-500.0,869.9999999999999,-500.0,679.83276,7.4891458,0.0,False,False,-3.4440691936945544
890.0000000000001,-500.0,890.0000000000001,-500.0,673.9055,6.9733586,1.870282e-05,False,False,-20.832993197222315
910.0,-500.0,910.0,-500.0,670.85425,6.570024,6.911019e-05,False,False,-38.31594420966117
930.0,-500.0,930.0,-500.0,669.91406,6.3955917,0.00013165586,False,False,-55.888251663025244
950.0,-500.0,950.0,-500.0,675.4544,6.562166,0.0003180811,False,False,-73.54552767919436
969.9999999999999,-500.0,969.9999999999999,-500.0,686.7932,7.5276265,0.00061105983,False,False,-91.28364782030896
990.0,-500.0,990.0,-500.0,703.19653,9.313993,0.0009919208,False,False,-109.09873320638147
1010.0,-500.0,1010.0,-500.0,724.802,11.7606325,0.0014643725,False,False,-126.9871339105873
1030.0,-500.0,1030.0,-500.0,752.71204,14.703746,0.0020569689,False,False,-144.94541354599093
1050.0,-500.0,1050.0,-500.0,790.64764,18.10175,0.0028657536,False,False,-162.9703349613007
1070.0,-500.0,1070.0,-500.0,837.6102,22.004263,0.0038654488,False,False,-181.0588469674152
1090.0,-500.0,1090.0,-500.0,896.97076,26.360275,0.0051434273,False,False,-199.20807202086493
1110.0,-500.0,1110.0,-500.0,967.96375,31.211506,0.0066804746,False,False,-217.4152947946728
1130.0,-500.0,1130.0,-500.0,1047.6583,36.514397,0.008401461,False,False,-235.67795157152506
1150.0,-500.0,1150.0,-500.0,1137.7041,42.18794,0.010349657,False,False,-253.9936203984453
1170.0,-500.0,1170.0,-500.0,1246.3059,48.23268,0.012738346,False,False,-272.3600119463045
1190.0,-500.0,1190.0,-500.0,1366.927,54.693645,0.0153990295,False,False,-290.7749610214789
1210.0,-500.0,1210.0,-500.0,1498.2128,61.529305,0.01829727,False,False,-309.2364186807515
1230.0,-500.0,1230.0,-500.0,1643.6604,68.687485,0.021524906,False,False,-327.7424449041313
1250.0,-500.0,1250.0,-500.0,1805.5475,76.16551,0.025142357,False,False,-346.29120178362604
1270.0,-500.0,1270.0,-500.0,1981.0688,83.967415,0.029077632,False,False,-364.8809471891679
1290.0,-500.0,1290.0,-500.0,2168.7495,92.07459,0.033293344,False,False,-383.51002887583
1310.0,-500.0,1310.0,-500.0,2370.8894,100.44764,0.037850708,False,False,-402.17687899922237
1330.0,-500.0,1330.0,-500.0,2587.5146,109.07837,0.042751465,False,False,-420.88000900850193
1350.0,-500.0,1350.0,-500.0,2821.0503,117.94343,0.0480606,False,False,-439.6180048887969
1370.0,-500.0,1370.0,-500.0,3070.6123,127.04078,0.053756483,False,False,-458.38952272703875
1390.0,-500.0,1390.0,-500.0,3339.975,136.34402,0.05993998,False,False,-477.19328457720786
1410.0,-500.0,1410.0,-500.0,3625.6433,145.86945,0.06652109,False,False,-496.02807460287994
1430.0,-500.0,1430.0,-500.0,3931.9927,155.55254,0.07361712,False,False,-514.8927354766741
1450.0,-500.0,1450.0,-500.0,4258.829,165.24063,0.08122629,False,False,-533.7861650177967
1470.0,-500.0,1470.0,-500.0,4606.1377,175.09152,0.08934978,False,False,-552.7073130503379
1490.0,-500.0,1490.0,-500.0,4975.5244,184.79979,0.098034985,False,False,-571.65517846632
1510.0,-500.0,1510.0,-500.0,5365.79,194.19637,0.10725497,False,False,-590.6288064787461
1530.0,-500.0,1530.0,-500.0,5779.294,203.50642,0.11707375,False,False,-609.6272860510286
1550.0000000000002,-500.0,1550.0000000000002,-500.0,6209.24,212.76436,0.12731427,False,False,-628.6497474902335
1570.0,-500.0,1570.0,-500.0,6659.451,221.92937,0.13808067,False,False,-647.6953601925326
1590.0,-500.0,1590.0,-500.0,7126.2705,230.80293,0.1492807,False,False,-666.7633305301628
1609.9999999999998,-500.0,1609.9999999999998,-500.0,7603.976,239.33472,0.16076519,False,False,-685.8528998699737
1630.0,-500.0,1630.0,-500.0,8102.4556,247.51346,0.17280082,False,False,-704.9633427144407
1650.0000000000002,-500.0,1650.0000000000002,-500.0,8623.404,255.02023,0.18543938,False,False,-724.0939649566669
1670.0,-500.0,1670.0,-500.0,9170.038,262.19434,0.19876862,False,False,-743.244102241565
1690.0,-500.0,1690.0,-500.0,9738.732,269.21667,0.21269491,False,False,-762.4131184259836
1709.9999999999998,-500.0,1709.9999999999998,-500.0,10326.902,275.4584,0.2271571,False,False,-781.6004041310723
1730.0,-500.0,1730.0,-500.0,10930.82,281.22702,0.24205837,False,False,-800.8053753806935
1750.0,-500.0,1750.0,-500.0,11556.615,286.65533,0.2575662,False,False,-820.0274723201296
-250.0,-480.0,-250.0,-480.0,18916.863,323.90845,0.45372185,False,False,-821.5150937164866
-229.99999999999997,-480.0,-229.99999999999997,-480.0,18070.754,320.02472,0.43070257,False,False,-802.311397879844
-210.00000000000003,-480.0,-210.00000000000003,-480.0,17206.145,315.02725,0.40715355,False,False,-783.1252096300514
-190.00000000000003,-480.0,-190.00000000000003,-480.0,16324.428,309.0482,0.38313282,False,False,-763.957100246157
-170.0,-480.0,-170.0,-480.0,15425.196,301.7955,0.35861206,False,False,-744.8076655607196
-150.0,-480.0,-150.0,-480.0,14506.814,293.40802,0.33356106,False,False,-725.677527259964
-130.0,-480.0,-130.0,-480.0,13573.408,283.81265,0.30810183,False,False,-706.5673342650977
-110.0,-480.0,-110.0,-480.0,12625.066,272.67523,0.28222597,False,False,-687.477764200553
-90.0,-480.0,-90.0,-480.0,11661.16,259.5713,0.25589916,False,False,-668.4095249554028
-70.0,-480.0,-70.0,-480.0,10696.058,244.96437,0.22956634,False,False,-649.3633563446625
-50.0,-480.0,-50.0,-480.0,9715.843,228.45944,0.20282313,False,False,-630.340031877751
-30.0,-480.0,-30.0,-480.0,8728.066,209.76303,0.1758796,False,False,-611.3403606419604
-10.0,-480.0,-10.0,-480.0,7727.923,188.57712,0.14861873,False,False,-592.3651893094058
10.0,-480.0,10.0,-480.0,6717.035,164.96823,0.12111509,False,False,-573.4154042766315
30.0,-480.0,30.0,-480.0,5703.346,138.95024,0.09359208,False,False,-554.491933946784
50.0,-480.0,50.0,-480.0,4685.331,110.1767,0.06599675,False,False,-535.5957511650746
70.0,-480.0,70.0,-480.0,3643.1724,75.860374,0.03780435,False,False,-516.7278758191419
90.0,-480.0,90.0,-480.0,2706.0361,48.22216,0.012809936,False,False,-497.8893776168729
110.0,-480.0,110.0,-480.0,2242.648,37.989777,0.0017943225,False,False,-479.0813790552834
130.0,-480.0,130.0,-480.0,2107.0383,36.142574,4.420115e-06,False,False,-460.305058595188
150.0,-480.0,150.0,-480.0,2038.1107,35.157597,0.0,False,False,-441.5616540576099
170.0,-480.0,170.0,-480.0,1970.969,34.183784,0.0,False,False,-422.8524662592144
190.00000000000003,-480.0,190.00000000000003,-480.0,1905.4475,33.22023,0.0,False,False,-404.1788629054864
210.00000000000003,-480.0,210.00000000000003,-480.0,1841.5442,32.26669,0.0,False,False,-385.54228276193777
229.99999999999997,-480.0,229.99999999999997,-480.0,1779.2638,31.323313,0.0,False,False,-366.9442401253162
250.0,-480.0,250.0,-480.0,1718.6118,30.390362,0.0,False,False,-348.3863296186279
270.0,-480.0,270.0,-480.0,1659.5994,29.46836,0.0,False,False,-329.87023133575366
290.0,-480.0,290.0,-480.0,1602.2302,28.557453,0.0,False,False,-311.3977163635857
310.0,-480.0,310.0,-480.0,1546.512,27.657999,0.0,False,False,-292.97065271190286
330.0,-480.0,330.0,-480.0,1492.4441,26.769892,0.0,False,False,-274.5910116836933
350.0,-480.0,350.0,-480.0,1440.0289,25.893192,0.0,False,False,-256.26087472128074
370.0,-480.0,370.0,-480.0,1389.2722,25.028145,0.0,False,False,-237.98244076646492
390.0,-480.0,390.0,-480.0,1340.1791,24.175089,0.0,False,False,-219.75803417592232
410.0,-480.0,410.0,-480.0,1292.7559,23.334307,0.0,False,False,-201.5901132363427
430.0,-480.0,430.0,-480.0,1247.0032,22.505764,0.0,False,False,-183.48127932719882
450.0,-480.0,450.0,-480.0,1202.9232,21.68953,0.0,False,False,-165.43428678263982
470.00000000000006,-480.0,470.00000000000006,-480.0,1160.5182,20.885653,0.0,False,False,-147.4520535077604
490.0,-480.0,490.0,-480.0,1119.7854,20.0939,0.0,False,False,-129.53767240840318
510.00000000000006,-480.0,510.00000000000006,-480.0,1080.7219,19.31406,0.0,False,False,-111.69442369763183
530.0,-480.0,530.0,-480.0,1043.3319,18.546335,0.0,False,False,-93.92578814608171
550.0,-480.0,550.0,-480.0,1007.62146,17.791086,0.0,False,False,-76.23546134739628
570.0,-480.0,570.0,-480.0,973.59985,17.048906,0.0,False,False,-58.62736907386778
590.0,-480.0,590.0,-480.0,941.2704,16.320011,0.0,False,False,-41.105683801061446
610.0,-480.0,610.0,-480.0,910.6338,15.604401,0.0,False,False,-23.67484248343843
630.0,-480.0,630.0,-480.0,881.68823,14.901932,0.0,False,False,-6.339565665639757
650.0,-480.0,650.0,-480.0,854.4325,14.2125025,0.0,False,True,10.895121984162204
670.0,-480.0,670.0,-480.0,828.8684,13.536209,0.0,False,True,28.023869631901952
690.0,-480.0,690.0,-480.0,804.9962,12.873118,0.0,False,True,45.040976640380535
710.0,-480.0,710.0,-480.0,782.8164,12.223255,0.0,False,True,61.94036725452523
730.0,-480.0,730.0,-480.0,762.32837,11.586589,0.0,False,True,78.7155635325259
750.0,-480.0,750.0,-480.0,743.5322,10.963194,0.0,False,True,95.35965645577798
770.0,-480.0,770.0,-480.0,726.42993,10.3533,0.0,False,True,92.64119555712685
789.9999999999999,-480.0,789.9999999999999,-480.0,711.02106,9.756971,0.0,False,True,75.60830812907021
810.0,-480.0,810.0,-480.0,697.30676,9.174445,0.0,False,True,58.45871041148698
830.0,-480.0,830.0,-480.0,685.2877,8.6059675,0.0,False,True,41.198664998843334
850.0,-480.0,850.0,-480.0,674.96277,8.051713,0.0,False,True,23.834030505057946
869.9999999999999,-480.0,869.9999999999999,-480.0,666.33386,7.5121484,0.0,False,True,6.3702902992484045
890.0000000000001,-480.0,890.0000000000001,-480.0,659.48425,6.9850307,2.114859e-06,False,False,-11.187420807834359
910.0,-480.0,910.0,-480.0,655.7695,6.4875097,4.0933985e-05,False,False,-28.83429180796654
930.0,-480.0,930.0,-480.0,654.2637,6.1973195,9.267661e-05,False,False,-46.56581255074449
950.0,-480.0,950.0,-480.0,656.6983,6.1549125,0.00020158853,False,False,-64.37775249203703
969.9999999999999,-480.0,969.9999999999999,-480.0,666.0145,6.7075415,0.00044297616,False,False,-82.2661410207749
990.0,-480.0,990.0,-480.0,680.4325,8.153985,0.00077140005,False,False,-100.22724925353505
1010.0,-480.0,1010.0,-480.0,700.49426,10.34368,0.0012009077,False,False,-118.2575731914361
1030.0,-480.0,1030.0,-480.0,725.93494,13.104111,0.0017249518,False,False,-136.35381813940327
1050.0,-480.0,1050.0,-480.0,759.2095,16.312685,0.002406905,False,False,-154.51288429363146
1070.0,-480.0,1070.0,-480.0,803.37537,19.999865,0.003325942,False,False,-172.73185340895398
1090.0,-480.0,1090.0,-480.0,856.5104,24.169134,0.0044329604,False,False,-191.00797646363404
1110.0,-480.0,1110.0,-480.0,923.72314,28.805748,0.005860301,False,False,-209.33866224478243
1130.0,-480.0,1130.0,-480.0,1000.84985,33.928707,0.0075010853,False,False,-227.72146678308104
1150.0,-480.0,1150.0,-480.0,1086.0022,39.470634,0.009306954,False,False,-246.15408357072778
1170.0,-480.0,1170.0,-480.0,1187.053,45.360344,0.011482646,False,False,-264.6343345014796
1190.0,-480.0,1190.0,-480.0,1303.8792,51.659115,0.014025841,False,False,-283.16016147634514
1210.0,-480.0,1210.0,-480.0,1432.0574,58.35735,0.016822712,False,False,-301.72961862285376
1230.0,-480.0,1230.0,-480.0,1571.2297,65.40915,0.019864673,False,False,-320.34086507992316
1250.0,-480.0,1250.0,-480.0,1727.6146,72.77302,0.023314787,False,False,-338.99215830414795
1270.0,-480.0,1270.0,-480.0,1899.1385,80.462585,0.02712022,False,False,-357.6818478568535
1290.0,-480.0,1290.0,-480.0,2083.661,88.46878,0.031226292,False,False,-376.40836963453546
1310.0,-480.0,1310.0,-480.0,2280.3152,96.76823,0.03561143,False,False,-395.17024050830435
1330.0,-480.0,1330.0,-480.0,2492.542,105.32349,0.040366754,False,False,-413.9660533407443
1350.0,-480.0,1350.0,-480.0,2720.3267,114.1244,0.045493327,False,False,-432.7944723511465
1370.0,-480.0,1370.0,-480.0,2964.4692,123.161316,0.051013693,False,False,-451.6542288024378
1390.0,-480.0,1390.0,-480.0,3227.533,132.40833,0.056997016,False,False,-470.5441169852743
1410.0,-480.0,1410.0,-480.0,3507.8,141.8787,0.06339997,False,False,-489.46299047676916
1430.0,-480.0,1430.0,-480.0,3806.2466,151.55255,0.07025027,False,False,-508.40975865313203
1450.0,-480.0,1450.0,-480.0,4126.8096,161.2479,0.07765499,False,False,-527.3833834371777
1470.0,-480.0,1470.0,-480.0,4466.4316,171.05818,0.085535675,False,False,-546.3828762631848
1490.0,-480.0,1490.0,-480.0,4828.241,180.90364,0.09397818,False,False,-565.4072952429985
1510.0,-480.0,1510.0,-480.0,5209.8726,190.4077,0.10292626,False,False,-584.4557425185468
1530.0,-480.0,1530.0,-480.0,5615.218,199.77603,0.11248497,False,False,-603.527361787132
1550.0000000000002,-480.0,1550.0000000000002,-480.0,6041.3574,209.03583,0.122580156,False,False,-622.6213359869271
1570.0,-480.0,1570.0,-480.0,6483.7725,218.27211,0.13309404,False,False,-641.7368851311102
1590.0,-480.0,1590.0,-480.0,6946.532,227.29182,0.14413947,False,False,-660.8732642799691
1609.9999999999998,-480.0,1609.9999999999998,-480.0,7421.192,235.91963,0.15549606,False,False,-680.0297616411441
1630.0,-480.0,1630.0,-480.0,7911.804,244.29315,0.16727391,False,False,-699.205696788944
1650.0000000000002,-480.0,1650.0000000000002,-480.0,8422.254,252.0327,0.17958349,False,False,-718.4004189943626
1670.0,-480.0,1670.0,-480.0,8959.168,259.34616,0.19260487,False,False,-737.6133056580799
1690.0,-480.0,1690.0,-480.0,9519.797,266.4412,0.20626794,False,False,-756.843760839307
1709.9999999999998,-480.0,1709.9999999999998,-480.0,10100.992,273.03683,0.22049393,False,False,-776.091213873882
1730.0,-480.0,1730.0,-480.0,10699.566,278.91684,0.23520425,False,False,-795.3551180755298
1750.0,-480.0,1750.0,-480.0,11315.741,284.51666,0.2504064,False,False,-814.6349495146401
-250.0,-459.99999999999994,-250.0,-459.99999999999994,18620.97,323.0273,0.4444393,False,False,-816.0589451476359
-229.99999999999997,-459.99999999999994,-229.99999999999997,-459.99999999999994,17769.973,318.76242,0.4212158,False,False,-796.7969363679803
-210.00000000000003,-459.99999999999994,-210.00000000000003,-459.99999999999994,16898.299,313.3784,0.39739937,False,False,-777.5512281878059
-190.00000000000003,-459.99999999999994,-190.00000000000003,-459.99999999999994,16013.609,307.01242,0.3732291,False,False,-758.3223558615736
-170.0,-459.99999999999994,-170.0,-459.99999999999994,15107.088,299.3285,0.34843317,False,False,-739.110877837641
-150.0,-459.99999999999994,-150.0,-459.99999999999994,14185.777,290.63785,0.32324195,False,False,-719.9173769992054
-130.0,-459.99999999999994,-130.0,-459.99999999999994,13245.77,280.416,0.29752058,False,False,-700.7424619837197
-110.0,-459.99999999999994,-110.0,-459.99999999999994,12296.017,268.72247,0.27153718,False,False,-681.5867685864622
-90.0,-459.99999999999994,-90.0,-459.99999999999994,11331.654,254.96432,0.24513036,False,False,-662.4509612543992
-70.0,-459.99999999999994,-70.0,-459.99999999999994,10364.986,239.79448,0.2186963,False,False,-643.3357346769691
-50.0,-459.99999999999994,-50.0,-459.99999999999994,9383.152,222.48524,0.19184583,False,False,-624.2418154809675
-30.0,-459.99999999999994,-30.0,-459.99999999999994,8394.295,203.03888,0.16481864,False,False,-605.1699640373058
-10.0,-459.99999999999994,-10.0,-459.99999999999994,7388.217,180.90971,0.13735402,False,False,-586.1209763880381
10.0,-459.99999999999994,10.0,-459.99999999999994,6378.745,156.32738,0.10985317,False,False,-567.095686302773
30.0,-459.99999999999994,30.0,-459.99999999999994,5362.714,129.4616,0.08223672,False,False,-548.0949674743392
50.0,-459.99999999999994,50.0,-459.99999999999994,4342.797,99.12176,0.054562844,False,False,-529.1197358643936
70.0,-459.99999999999994,70.0,-459.99999999999994,3297.0874,64.655815,0.02627626,False,False,-510.1709522105798
90.0,-459.99999999999994,90.0,-459.99999999999994,2516.6768,43.2423,0.0059417365,False,False,-491.24962470782384
110.0,-459.99999999999994,110.0,-459.99999999999994,2238.1472,38.41513,0.00026663925,False,False,-472.35681187742057
130.0,-459.99999999999994,130.0,-459.99999999999994,2155.0488,37.303944,0.0,False,False,-453.493625638743
150.0,-459.99999999999994,150.0,-459.99999999999994,2083.3975,36.28183,0.0,False,False,-434.661234599679
170.0,-459.99999999999994,170.0,-459.99999999999994,2013.4376,35.27076,0.0,False,False,-415.8608675832848
190.00000000000003,-459.99999999999994,190.00000000000003,-459.99999999999994,1945.1742,34.270885,0.0,False,False,-397.09381740966404
210.00000000000003,-459.99999999999994,210.00000000000003,-459.99999999999994,1878.6041,33.281918,0.0,False,False,-378.3614449537264
229.99999999999997,-459.99999999999994,229.99999999999997,-459.99999999999994,1813.7244,32.303528,0.0,False,False,-359.6651835012696
250.0,-459.99999999999994,250.0,-459.99999999999994,1750.5364,31.335676,0.0,False,False,-341.0065434277932
270.0,-459.99999999999994,270.0,-459.99999999999994,1689.0447,30.378525,0.0,False,False,-322.38711722656075
290.0,-459.99999999999994,290.0,-459.99999999999994,1629.259,29.432552,0.0,False,False,-303.80858491474527
310.0,-459.99999999999994,310.0,-459.99999999999994,1571.1877,28.498144,0.0,False,False,-285.2727198489849
330.0,-459.99999999999994,330.0,-459.99999999999994,1514.8354,27.575483,0.0,False,False,-266.7813949844006
350.0,-459.99999999999994,350.0,-459.99999999999994,1460.2065,26.664745,0.0,False,False,-248.3365896140514
370.0,-459.99999999999994,370.0,-459.99999999999994,1407.302,25.765882,0.0,False,False,-229.94039662898157
390.0,-459.99999999999994,390.0,-459.99999999999994,1356.1233,24.878948,0.0,False,False,-211.5950303424297
410.0,-459.99999999999994,410.0,-459.99999999999994,1306.6786,24.004381,0.0,False,False,-193.3028349254391
430.0,-459.99999999999994,430.0,-459.99999999999994,1258.9734,23.14246,0.0,False,False,-175.0662935050542
450.0,-459.99999999999994,450.0,-459.99999999999994,1213.0122,22.29338,0.0,False,False,-156.88803798047945
470.00000000000006,-459.99999999999994,470.00000000000006,-459.99999999999994,1168.7961,21.457142,0.0,False,False,-138.77085961704321
490.0,-459.99999999999994,490.0,-459.99999999999994,1126.3285,20.633873,0.0,False,False,-120.71772048252905
510.00000000000006,-459.99999999999994,510.00000000000006,-459.99999999999994,1085.6066,19.82334,0.0,False,False,-102.73176579536897
530.0,-459.99999999999994,530.0,-459.99999999999994,1046.628,19.025305,0.0,False,False,-84.81633725934867
550.0,-459.99999999999994,550.0,-459.99999999999994,1009.3943,18.239862,0.0,False,False,-66.97498746475111
570.0,-459.99999999999994,570.0,-459.99999999999994,973.91205,17.46742,0.0,False,False,-49.21149544122999
590.0,-459.99999999999994,590.0,-459.99999999999994,940.1898,16.70853,0.0,False,False,-31.52988345303831
610.0,-459.99999999999994,610.0,-459.99999999999994,908.23285,15.963528,0.0,False,False,-13.934435132398171
630.0,-459.99999999999994,630.0,-459.99999999999994,878.04224,15.232485,0.0,False,True,3.5702849483704724
650.0,-459.99999999999994,650.0,-459.99999999999994,849.61597,14.515238,0.0,False,True,20.97941016110999
670.0,-459.99999999999994,670.0,-459.99999999999994,822.9525,13.8116865,0.0,False,True,38.28774905426891
690.0,-459.99999999999994,690.0,-459.99999999999994,798.0536,13.121924,0.0,False,True,55.48976082325024
710.0,-459.99999999999994,710.0,-459.99999999999994,774.92004,12.446084,0.0,False,True,72.57952890809122
730.0,-459.99999999999994,730.0,-459.99999999999994,753.5515,11.784178,0.0,False,True,89.55073261001844
750.0,-459.99999999999994,750.0,-459.99999999999994,733.9479,11.1362295,0.0,False,True,106.39661662369981
770.0,-459.99999999999994,770.0,-459.99999999999994,716.10986,10.502419,0.0,False,True,103.06076014035371
789.9999999999999,-459.99999999999994,789.9999999999999,-459.99999999999994,700.0391,9.882998,0.0,False,True,85.83371315717397
810.0,-459.99999999999994,810.0,-459.99999999999994,685.736,9.278184,0.0,False,True,68.49584005223036
830.0,-459.99999999999994,830.0,-459.99999999999994,673.2013,8.68826,0.0,False,True,51.053215401411336
850.0,-459.99999999999994,850.0,-459.99999999999994,662.4354,8.113567,0.0,False,True,33.511510673820744
869.9999999999999,-459.99999999999994,869.9999999999999,-459.99999999999994,653.43713,7.554418,0.0,False,True,15.876024070137774
890.0000000000001,-459.99999999999994,890.0000000000001,-459.99999999999994,646.2085,7.0115333,0.0,False,False,-1.8482919085105465
910.0,-459.99999999999994,910.0,-459.99999999999994,641.3714,6.477116,1.5881611e-05,False,False,-19.65680500843042
930.0,-459.99999999999994,930.0,-459.99999999999994,639.64276,6.0606966,6.586866e-05,False,False,-37.54517973917654
950.0,-459.99999999999994,950.0,-459.99999999999994,640.03784,5.908937,0.00012473058,False,False,-55.50935571410265
969.9999999999999,-459.99999999999994,969.9999999999999,-459.99999999999994,646.7732,6.1279144,0.00030027574,False,False,-73.54552767919436
990.0,-459.99999999999994,990.0,-459.99999999999994,659.94666,7.1841717,0.00059514865,False,False,-91.65012710116982
1010.0,-459.99999999999994,1010.0,-459.99999999999994,678.2437,9.092113,0.0009758217,False,False,-109.81980519361801
1030.0,-459.99999999999994,1030.0,-459.99999999999994,701.9082,11.654018,0.0014487278,False,False,-128.0514172678478
1050.0,-459.99999999999994,1050.0,-459.99999999999994,731.93176,14.699193,0.0020396186,False,False,-146.34200830293227
1070.0,-459.99999999999994,1070.0,-459.99999999999994,771.9754,18.186045,0.002843103,False,False,-164.68879963705342
1090.0,-459.99999999999994,1090.0,-459.99999999999994,821.5633,22.172056,0.003847404,False,False,-183.0891766895681
1110.0,-459.99999999999994,1110.0,-459.99999999999994,883.3607,26.610525,0.005121831,False,False,-201.54067763018335
1130.0,-459.99999999999994,1130.0,-459.99999999999994,957.5078,31.543728,0.006670572,False,False,-220.04098291819685
1150.0,-459.99999999999994,1150.0,-459.99999999999994,1040.9102,36.932957,0.008414293,False,False,-238.58790564093596
1170.0,-459.99999999999994,1170.0,-459.99999999999994,1134.156,42.69955,0.010368878,False,False,-257.179382586272
1190.0,-459.99999999999994,1190.0,-459.99999999999994,1246.394,48.835728,0.012772445,False,False,-275.8134659894448
1210.0,-459.99999999999994,1210.0,-459.99999999999994,1371.3856,55.390755,0.015464119,False,False,-294.48831589937504
1230.0,-459.99999999999994,1230.0,-459.99999999999994,1507.4445,62.324265,0.018400915,False,False,-313.202193114221
1250.0,-459.99999999999994,1250.0,-459.99999999999994,1657.3018,69.585266,0.02165493,False,False,-331.953452640144
1270.0,-459.99999999999994,1270.0,-459.99999999999994,1823.9824,77.16678,0.025306318,False,False,-350.7405376311174
1290.0,-459.99999999999994,1290.0,-459.99999999999994,2005.1564,85.07118,0.029295504,False,False,-369.5619737711763
1310.0,-459.99999999999994,1310.0,-459.99999999999994,2198.6284,93.2831,0.03356631,False,False,-388.41636406374874
1330.0,-459.99999999999994,1330.0,-459.99999999999994,2406.2578,101.76444,0.038168486,False,False,-407.302383995707
1350.0,-459.99999999999994,1350.0,-459.99999999999994,2629.0107,110.501076,0.043128714,False,False,-426.2187770464952
1370.0,-459.99999999999994,1370.0,-459.99999999999994,2868.818,119.471794,0.048499335,False,False,-445.1643505151931
1390.0,-459.99999999999994,1390.0,-459.99999999999994,3124.7983,128.67427,0.0542589,False,False,-464.13797164065113
1410.0,-459.99999999999994,1410.0,-459.99999999999994,3401.0503,138.07977,0.06051729,False,False,-483.1385639919151
1430.0,-459.99999999999994,1430.0,-459.99999999999994,3693.6172,147.70781,0.067172274,False,False,-502.1651041080671
1450.0,-459.99999999999994,1450.0,-459.99999999999994,4006.4165,157.44174,0.07432991,False,False,-521.2166183683374
1470.0,-459.99999999999994,1470.0,-459.99999999999994,4340.622,167.20435,0.08202451,False,False,-540.2921800749365
1490.0,-459.99999999999994,1490.0,-459.99999999999994,4695.0557,177.12885,0.09022683,False,False,-559.3909067324972
1510.0,-459.99999999999994,1510.0,-459.99999999999994,5069.955,186.7629,0.098949805,False,False,-578.51195750935
1530.0,-459.99999999999994,1530.0,-459.99999999999994,5466.8213,196.14798,0.10823678,False,False,-597.6545308670459
1550.0000000000002,-459.99999999999994,1550.0000000000002,-459.99999999999994,5887.009,205.44673,0.11812603,False,False,-616.8178623456635
1570.0,-459.99999999999994,1570.0,-459.99999999999994,6324.88,214.71317,0.12847066,False,False,-636.0012224934309
1590.0,-459.99999999999994,1590.0,-459.99999999999994,6781.5967,223.84636,0.13930543,False,False,-655.2039149301214
1609.9999999999998,-459.99999999999994,1609.9999999999998,-459.99999999999994,7254.578,232.59868,0.150567,False,False,-674.4252745345191
1630.0,-459.99999999999994,1630.0,-459.99999999999994,7739.3887,241.09425,0.16213907,False,False,-693.6646657470305
1650.0000000000002,-459.99999999999994,1650.0000000000002,-459.99999999999994,8241.445,249.0871,0.1741721,False,False,-712.9214809792073
1670.0,-459.99999999999994,1670.0,-459.99999999999994,8768.187,256.5402,0.18686992,False,False,-732.1951391226105
1690.0,-459.99999999999994,1690.0,-459.99999999999994,9321.641,263.6808,0.20029007,False,False,-751.4850841500191
1709.9999999999998,-459.99999999999994,1709.9999999999998,-459.99999999999994,9895.05,270.5849,0.21425536,False,False,-770.790783802536
1730.0,-459.99999999999994,1730.0,-459.99999999999994,10487.125,276.637,0.22874016,False,False,-790.1117283566409
1750.0,-459.99999999999994,1750.0,-459.99999999999994,11097.696,282.32608,0.24374169,False,False,-809.4474294656919
-250.0,-440.0,-250.0,-440.0,18345.453,321.99503,0.43553007,False,False,-810.8072641406395
-229.99999999999997,-440.0,-229.99999999999997,-440.0,17490.129,317.38394,0.41211015,False,False,-791.4887904073315
-210.00000000000003,-440.0,-210.00000000000003,-440.0,16613.783,311.69135,0.38809204,False,False,-772.1854373754854
-190.00000000000003,-440.0,-190.00000000000003,-440.0,15724.314,304.91034,0.36370963,False,False,-752.8977045841428
-170.0,-440.0,-170.0,-440.0,14811.72,296.88162,0.33866978,False,False,-733.6261133897855
-150.0,-440.0,-150.0,-440.0,13887.351,287.8183,0.31332296,False,False,-714.3712081453043
-130.0,-440.0,-130.0,-440.0,12944.799,277.0941,0.28745353,False,False,-695.1335574544585
-110.0,-440.0,-110.0,-440.0,11992.292,264.686,0.26130614,False,False,-675.9137555073718
-90.0,-440.0,-90.0,-440.0,11030.609,250.4337,0.23491198,False,False,-656.712423503077
-70.0,-440.0,-70.0,-440.0,10059.871,234.69907,0.20830217,False,False,-637.5302111656008
-50.0,-440.0,-50.0,-440.0,9077.592,216.58133,0.18137255,False,False,-618.3677983606423
-30.0,-440.0,-30.0,-440.0,8087.632,196.46252,0.15426584,False,False,-599.2258968204865
-10.0,-440.0,-10.0,-440.0,7080.937,173.55238,0.12674199,False,False,-580.1052519854195
10.0,-440.0,10.0,-440.0,6068.59,148.17111,0.09912957,False,False,-561.0066449706491
30.0,-440.0,30.0,-440.0,5054.1445,120.357185,0.07151994,False,False,-541.9308946684799
50.0,-440.0,50.0,-440.0,4022.8086,87.78342,0.04350358,False,False,-522.8788599963409
70.0,-440.0,70.0,-440.0,3007.05,55.48702,0.016087944,False,False,-503.85144230218833
90.0,-440.0,90.0,-440.0,2435.4006,41.681114,0.0019735764,False,False,-484.84958793979825
110.0,-440.0,110.0,-440.0,2285.8176,39.651356,7.561175e-08,False,False,-465.87429102757824
130.0,-440.0,130.0,-440.0,2209.2627,38.57681,0.0,False,False,-446.9265964057132
150.0,-440.0,150.0,-440.0,2134.4746,37.513954,0.0,False,False,-428.0076028077855
170.0,-440.0,170.0,-440.0,2061.45,36.462513,0.0,False,False,-409.1184662644425
190.00000000000003,-440.0,190.00000000000003,-440.0,1990.189,35.42244,0.0,False,False,-390.2604037582567
210.00000000000003,-440.0,210.00000000000003,-440.0,1920.7018,34.39411,0.0,False,False,-371.4346971506472
229.99999999999997,-440.0,229.99999999999997,-440.0,1852.9891,33.377464,0.0,False,False,-352.64269740360635
250.0,-440.0,250.0,-440.0,1787.0469,32.372112,0.0,False,False,-333.88582912103874
270.0,-440.0,270.0,-440.0,1722.8741,31.377838,0.0,False,False,-315.16559543676357
290.0,-440.0,290.0,-440.0,1660.4717,30.394615,0.0,False,False,-296.4835832786906
310.0,-440.0,310.0,-440.0,1599.8478,29.42279,0.0,False,False,-277.8414690413559
330.0,-440.0,330.0,-440.0,1541.0133,28.46293,0.0,False,False,-259.241024701938
350.0,-440.0,350.0,-440.0,1483.9731,27.515205,0.0,False,False,-240.68412441805808
370.0,-440.0,370.0,-440.0,1428.7336,26.579908,0.0,False,False,-222.1727516491357
390.0,-440.0,390.0,-440.0,1375.2976,25.657066,0.0,False,False,-203.70900684685256
410.0,-440.0,410.0,-440.0,1323.6638,24.746609,0.0,False,False,-185.2951157643623
430.0,-440.0,430.0,-440.0,1273.8379,23.8488,0.0,False,False,-166.9334384383152
450.0,-440.0,450.0,-440.0,1225.8271,22.964033,0.0,False,False,-148.62647890255704
470.00000000000006,-440.0,470.00000000000006,-440.0,1179.6392,22.092678,0.0,False,False,-130.3768956974936
490.0,-440.0,490.0,-440.0,1135.2755,21.23477,0.0,False,False,-112.18751324465026
510.00000000000006,-440.0,510.00000000000006,-440.0,1092.7397,20.390469,0.0,False,False,-94.06133416181723
530.0,-440.0,530.0,-440.0,1052.0308,19.559626,0.0,False,False,-76.0015526004375
550.0,-440.0,550.0,-440.0,1013.14514,18.74197,0.0,False,False,-58.011568693447146
570.0,-440.0,570.0,-440.0,976.083,17.937439,0.0,False,False,-40.09500420864681
590.0,-440.0,590.0,-440.0,940.8515,17.14653,0.0,False,False,-22.255719509752524
610.0,-440.0,610.0,-440.0,907.45715,16.369677,0.0,False,False,-4.497831934453911
630.0,-440.0,630.0,-440.0,875.90686,15.607378,0.0,False,True,13.174264294027072
650.0,-440.0,650.0,-440.0,846.2031,14.859781,0.0,False,True,30.755876498468947
670.0,-440.0,670.0,-440.0,818.34406,14.126777,0.0,False,True,48.241990192429306
690.0,-440.0,690.0,-440.0,792.3276,13.408222,0.0,False,True,65.62724380283646
710.0,-440.0,710.0,-440.0,768.1544,12.704213,0.0,False,True,82.90590133067532
730.0,-440.0,730.0,-440.0,745.8269,12.01498,0.0,False,True,100.07182280766574
750.0,-440.0,750.0,-440.0,725.344,11.340538,0.0,False,True,117.11843240707876
770.0,-440.0,770.0,-440.0,706.7052,10.680966,0.0,False,True,113.15164768715957
789.9999999999999,-440.0,789.9999999999999,-440.0,689.91266,10.0365925,0.0,False,True,95.732340509736
810.0,-440.0,810.0,-440.0,674.96735,9.4077635,0.0,False,True,78.20826647230106
830.0,-440.0,830.0,-440.0,661.87085,8.794833,0.0,False,True,60.58528859720319
850.0,-440.0,850.0,-440.0,650.6227,8.198191,0.0,False,True,42.86887000787603
869.9999999999999,-440.0,869.9999999999999,-440.0,641.2234,7.6183624,0.0,False,True,25.06410467149167
890.0000000000001,-440.0,890.0000000000001,-440.0,633.6722,7.0559196,0.0,False,True,7.175745662909295
910.0,-440.0,910.0,-440.0,628.0304,6.509936,1.5181722e-06,False,False,-10.79176886241029
930.0,-440.0,930.0,-440.0,625.6848,6.0010285,3.9974868e-05,False,False,-28.83429180796654
950.0,-440.0,950.0,-440.0,625.7582,5.7273574,9.287e-05,False,False,-46.947945219818486
969.9999999999999,-440.0,969.9999999999999,-440.0,629.8043,5.743897,0.00019984492,False,False,-65.12910015640821
990.0,-440.0,990.0,-440.0,641.01855,6.413871,0.00044271772,False,False,-83.37435819757161
1010.0,-440.0,1010.0,-440.0,657.5671,8.016518,0.000774693,False,False,-101.68053445633684
1030.0,-440.0,1030.0,-440.0,680.0024,10.351186,0.0012100686,False,False,-120.04464196745296
1050.0,-440.0,1050.0,-440.0,707.9873,13.23618,0.0017404812,False,False,-138.46387733647487
1070.0,-440.0,1070.0,-440.0,743.979,16.554981,0.002429429,False,False,-156.93560754261532
1090.0,-440.0,1090.0,-440.0,791.15735,20.346025,0.0033593758,False,False,-175.45735779738104
1110.0,-440.0,1110.0,-440.0,847.52747,24.616306,0.0044793747,False,False,-194.02680036923798
1130.0,-440.0,1130.0,-440.0,918.3384,29.354218,0.005925578,False,False,-212.64174429218784
1150.0,-440.0,1150.0,-440.0,999.4812,34.5791,0.0075924816,False,False,-231.30012588320653
1170.0,-440.0,1170.0,-440.0,1088.9287,40.223846,0.009428153,False,False,-250.0000000000001
1190.0,-440.0,1190.0,-440.0,1194.2166,46.21985,0.011628954,False,False,-268.7395319765205
1210.0,-440.0,1210.0,-440.0,1315.9485,52.626358,0.01421156,False,False,-287.5169901791587
1230.0,-440.0,1230.0,-440.0,1449.3313,59.43406,0.01705245,False,False,-306.33073913155687
1250.0,-440.0,1250.0,-440.0,1593.9062,66.59652,0.020140486,False,False,-325.1792331605564
1270.0,-440.0,1270.0,-440.0,1755.9348,74.07268,0.023640314,False,False,-344.0610105199838
1290.0,-440.0,1290.0,-440.0,1933.5767,81.87443,0.027505245,False,False,-362.9746879527881
1310.0,-440.0,1310.0,-440.0,2124.4568,89.993095,0.03167444,False,False,-381.9189556555045
1330.0,-440.0,1330.0,-440.0,2327.8093,98.40365,0.036128957,False,False,-400.8925726121902
1350.0,-440.0,1350.0,-440.0,2546.9526,107.06922,0.04095718,False,False,-419.8943622678414
1370.0,-440.0,1370.0,-440.0,2781.871,115.97956,0.046160318,False,False,-438.92320851392213
1390.0,-440.0,1390.0,-440.0,3033.3403,125.12426,0.05176054,False,False,-457.9780519610026
1410.0,-440.0,1410.0,-440.0,3303.99,134.47742,0.057829134,False,False,-477.0578864756791
1430.0,-440.0,1430.0,-440.0,3592.1711,144.05145,0.06432469,False,False,-496.1617559608989
1450.0,-440.0,1450.0,-440.0,3898.6802,153.80052,0.07127066,False,False,-515.2887513606111
1470.0,-440.0,1470.0,-440.0,4227.0503,163.53772,0.078764245,False,False,-534.4380078712859
1490.0,-440.0,1490.0,-440.0,4575.326,173.44807,0.086755455,False,False,-553.6087023443193
1510.0,-440.0,1510.0,-440.0,4944.0444,183.2164,0.09526407,False,False,-572.8000508646992
1530.0,-440.0,1530.0,-440.0,5333.0137,192.67032,0.1042903,False,False,-592.0113064925138
1550.0000000000002,-440.0,1550.0000000000002,-440.0,5746.3506,202.02626,0.113945544,False,False,-611.2417571550212
1570.0,-440.0,1570.0,-440.0,6181.1123,211.28589,0.12415545,False,False,-630.4907236779975
1590.0,-440.0,1590.0,-440.0,6631.881,220.49825,0.13477826,False,False,-649.7575579460156
1609.9999999999998,-440.0,1609.9999999999998,-440.0,7101.429,229.3881,0.1458939,False,False,-669.0416411821485
1630.0,-440.0,1630.0,-440.0,7583.567,237.92229,0.15734047,False,False,-688.3423823383691
1650.0000000000002,-440.0,1650.0000000000002,-440.0,8080.7153,246.16322,0.16918606,False,False,-707.6592165886028
1670.0,-440.0,1670.0,-440.0,8597.146,253.76324,0.18155235,False,False,-726.9916039170545
1690.0,-440.0,1690.0,-440.0,9141.445,261.00052,0.19467203,False,False,-746.3390277950043
1709.9999999999998,-440.0,1709.9999999999998,-440.0,9710.55,268.05618,0.20846722,False,False,-765.7009939398006
1730.0,-440.0,1730.0,-440.0,10295.218,274.3711,0.22269756,False,False,-785.0770291502829
1750.0,-440.0,1750.0,-440.0,10900.986,280.14398,0.23751652,False,False,-804.4666802132981
-250.0,-420.00000000000006,-250.0,-420.00000000000006,18090.53,320.87256,0.42697784,False,False,-805.7618346499271
-229.99999999999997,-420.00000000000006,-229.99999999999997,-420.00000000000006,17229.541,315.9399,0.4033153,False,False,-786.3887991612817
-210.00000000000003,-420.00000000000006,-210.00000000000003,-420.00000000000006,16352.797,309.96588,0.37920988,False,False,-767.0297337791188
-190.00000000000003,-420.00000000000006,-190.00000000000003,-420.00000000000006,15456.81,302.79425,0.35455573,False,False,-747.6851027430884
-170.0,-420.00000000000006,-170.0,-420.00000000000006,14541.006,294.4704,0.32934797,False,False,-728.3553907228503
-150.0,-420.00000000000006,-150.0,-420.00000000000006,13612.738,284.9165,0.3038039,False,False,-709.0411039326566
-130.0,-420.00000000000006,-130.0,-420.00000000000006,12671.256,273.79538,0.2778889,False,False,-689.7427713181584
-110.0,-420.00000000000006,-110.0,-420.00000000000006,11716.535,260.7123,0.25158864,False,False,-670.4609458208193
-90.0,-420.00000000000006,-90.0,-420.00000000000006,10755.939,246.1055,0.22516407,False,False,-651.196205725777
-70.0,-420.00000000000006,-70.0,-420.00000000000006,9783.445,229.61624,0.19842765,False,False,-631.9491560994844
-50.0,-420.00000000000006,-50.0,-420.00000000000006,8801.241,210.91536,0.17143914,False,False,-612.7204303240026
-30.0,-420.00000000000006,-30.0,-420.00000000000006,7804.8125,189.88786,0.1440941,False,False,-593.5106917354058
-10.0,-420.00000000000006,-10.0,-420.00000000000006,6800.6377,166.25258,0.11659777,False,False,-574.3206353744048
10.0,-420.00000000000006,10.0,-420.00000000000006,5786.69,140.18549,0.08890548,False,False,-555.1509898579895
30.0,-420.00000000000006,30.0,-420.00000000000006,4773.295,111.43509,0.06128465,False,False,-536.0025193816911
50.0,-420.00000000000006,50.0,-420.00000000000006,3729.1018,77.03776,0.032894656,False,False,-516.8760258628647
70.0,-420.00000000000006,70.0,-420.00000000000006,2802.9001,49.25467,0.008139323,False,False,-497.7723512363737
90.0,-420.00000000000006,90.0,-420.00000000000006,2443.6794,42.3207,0.00031241868,False,False,-478.69237991502206
110.0,-420.00000000000006,110.0,-420.00000000000006,2350.4407,41.096725,0.0,False,False,-459.6370414282339
130.0,-420.00000000000006,130.0,-420.00000000000006,2270.3723,39.97648,0.0,False,False,-440.60731325367925
150.0,-420.00000000000006,150.0,-420.00000000000006,2192.146,38.868446,0.0,False,False,-421.60422385789263
170.0,-420.00000000000006,170.0,-420.00000000000006,2115.771,37.772842,0.0,False,False,-402.6288559634077
190.00000000000003,-420.00000000000006,190.00000000000003,-420.00000000000006,2041.2449,36.68942,0.0,False,False,-383.68235006154276
210.00000000000003,-420.00000000000006,210.00000000000003,-420.00000000000006,1968.5665,35.617935,0.0,False,False,-364.76590819174936
229.99999999999997,-420.00000000000006,229.99999999999997,-420.00000000000006,1897.7395,34.558468,0.0,False,False,-345.88079801038367
250.0,-420.00000000000006,250.0,-420.00000000000006,1828.775,33.511463,0.0,False,False,-327.028357173909
270.0,-420.00000000000006,270.0,-420.00000000000006,1761.6705,32.47663,0.0,False,False,-308.2099980638812
290.0,-420.00000000000006,290.0,-420.00000000000006,1696.4231,31.453625,0.0,False,False,-289.42721288365743
310.0,-420.00000000000006,310.0,-420.00000000000006,1633.03,30.44224,0.0,False,False,-270.68157915959944
330.0,-420.00000000000006,330.0,-420.00000000000006,1571.495,29.442532,0.0,False,False,-251.97476568265935
350.0,-420.00000000000006,350.0,-420.00000000000006,1511.8285,28.45502,0.0,False,False,-233.30853892964132
370.0,-420.00000000000006,370.0,-420.00000000000006,1454.0398,27.48016,0.0,False,False,-214.68477000717462
390.0,-420.00000000000006,390.0,-420.00000000000006,1398.1334,26.518122,0.0,False,False,-196.1054421655306
410.0,-420.00000000000006,410.0,-420.00000000000006,1344.1165,25.569216,0.0,False,False,-177.5726589338833
430.0,-420.00000000000006,430.0,-420.00000000000006,1291.9882,24.633299,0.0,False,False,-159.0886529335157
450.0,-420.00000000000006,450.0,-420.00000000000006,1241.7488,23.710363,0.0,False,False,-140.65579543079042
470.00000000000006,-420.00000000000006,470.00000000000006,-420.00000000000006,1193.4083,22.800962,0.0,False,False,-122.27660669750456
490.0,-420.00000000000006,490.0,-420.00000000000006,1146.9727,21.905367,0.0,False,False,-103.95376725254313
510.00000000000006,-420.00000000000006,510.00000000000006,-420.00000000000006,1102.448,21.023905,0.0,False,False,-85.690130065526
530.0,-420.00000000000006,530.0,-420.00000000000006,1059.838,20.15673,0.0,False,False,-67.4887338104861
550.0,-420.00000000000006,550.0,-420.00000000000006,1019.1431,19.303823,0.0,False,False,-49.352817265447655
570.0,-420.00000000000006,570.0,-420.00000000000006,980.36053,18.464926,0.0,False,False,-31.285834962135052
590.0,-420.00000000000006,590.0,-420.00000000000006,943.4878,17.639843,0.0,False,False,-13.291474198892427
610.0,-420.00000000000006,610.0,-420.00000000000006,908.5312,16.828978,0.0,False,True,4.626326460870633
630.0,-420.00000000000006,630.0,-420.00000000000006,875.4975,16.032837,0.0,False,True,22.463357072791013
650.0,-420.00000000000006,650.0,-420.00000000000006,844.3939,15.251969,0.0,False,True,40.21511443656589
670.0,-420.00000000000006,670.0,-420.00000000000006,815.22345,14.486603,0.0,False,True,57.87677831048516
690.0,-420.00000000000006,690.0,-420.00000000000006,787.986,13.736784,0.0,False,True,75.44318555469664
710.0,-420.00000000000006,710.0,-420.00000000000006,762.67896,13.0023575,0.0,False,True,92.90880203374047
730.0,-420.00000000000006,730.0,-420.00000000000006,739.3015,12.283346,0.0,False,True,110.26769210144988
750.0,-420.00000000000006,750.0,-420.00000000000006,717.85706,11.580138,0.0,False,True,127.51348548582314
770.0,-420.00000000000006,770.0,-420.00000000000006,698.3443,10.89278,0.0,False,True,122.90251397008322
789.9999999999999,-420.00000000000006,789.9999999999999,-420.00000000000006,680.763,10.221459,0.0,False,True,105.29334416245678
810.0,-420.00000000000006,810.0,-420.00000000000006,665.1149,9.56662,0.0,False,True,87.5856204552669
830.0,-420.00000000000006,830.0,-420.00000000000006,651.403,8.928858,0.0,False,True,69.78497109539234
850.0,-420.00000000000006,850.0,-420.00000000000006,639.6276,8.308677,0.0,False,True,51.89663010829876
869.9999999999999,-420.00000000000006,869.9999999999999,-420.00000000000006,629.7886,7.706681,0.0,False,True,33.92546871372293
890.0000000000001,-420.00000000000006,890.0000000000001,-420.00000000000006,621.886,7.1237016,0.0,False,True,15.876024070137607
910.0,-420.00000000000006,910.0,-420.00000000000006,615.9188,6.5607433,0.0,False,False,-2.247474429344809
930.0,-420.00000000000006,930.0,-420.00000000000006,612.5526,6.01336,1.6932754e-05,False,False,-20.441081101697012
950.0,-420.00000000000006,950.0,-420.00000000000006,612.4748,5.612805,6.8354944e-05,False,False,-38.70111196628645
969.9999999999999,-420.00000000000006,969.9999999999999,-420.00000000000006,614.7186,5.517179,0.00012948058,False,False,-57.02412460643491
990.0,-420.00000000000006,990.0,-420.00000000000006,623.64984,5.8612165,0.0003119018,False,False,-75.40689973609533
1010.0,-420.00000000000006,1010.0,-420.00000000000006,639.2047,7.109206,0.0006141439,False,False,-93.84642432107454
1030.0,-420.00000000000006,1030.0,-420.00000000000006,660.147,9.198911,0.0010047216,False,False,-112.33987611700769
1050.0,-420.00000000000006,1050.0,-420.00000000000006,686.6765,11.911558,0.0014889215,False,False,-130.88460949824588
1070.0,-420.00000000000006,1070.0,-420.00000000000006,719.8683,15.084953,0.0020947058,False,False,-149.4781424629179
1090.0,-420.00000000000006,1090.0,-420.00000000000006,763.45404,18.694998,0.0029186471,False,False,-168.11814470968656
1110.0,-420.00000000000006,1110.0,-420.00000000000006,816.81934,22.800158,0.0039454484,False,False,-186.80242669114892
1130.0,-420.00000000000006,1130.0,-420.00000000000006,882.89594,27.357725,0.005251456,False,False,-205.5289295574786
1150.0,-420.00000000000006,1150.0,-420.00000000000006,961.55396,32.41147,0.0068339687,False,False,-224.29571591180542
1170.0,-420.00000000000006,1170.0,-420.00000000000006,1049.7073,37.918415,0.008613845,False,False,-243.1009613060398
1190.0,-420.00000000000006,1190.0,-420.00000000000006,1148.1171,43.80067,0.010611549,False,False,-261.9429464123963
1210.0,-420.00000000000006,1210.0,-420.00000000000006,1265.9976,50.059044,0.013067438,False,False,-280.8200498118383
1230.0,-420.00000000000006,1230.0,-420.00000000000006,1396.8037,56.736847,0.015812522,False,False,-299.7307413460682
1250.0,-420.00000000000006,1250.0,-420.00000000000006,1538.9563,63.791367,0.01880661,False,False,-318.6735759845953
1270.0,-420.00000000000006,1270.0,-420.00000000000006,1695.3535,71.17268,0.022126447,False,False,-337.647188162858
1290.0,-420.00000000000006,1290.0,-420.00000000000006,1868.9386,78.875175,0.025850404,False,False,-356.6502865514016
1310.0,-420.00000000000006,1310.0,-420.00000000000006,2057.186,86.90039,0.029913794,False,False,-375.6816492197604
1330.0,-420.00000000000006,1330.0,-420.00000000000006,2257.9822,95.230484,0.034262497,False,False,-394.74011916198936
1350.0,-420.00000000000006,1350.0,-420.00000000000006,2473.3447,103.82704,0.03895074,False,False,-413.8246001537816
1370.0,-420.00000000000006,1370.0,-420.00000000000006,2704.1099,112.676636,0.044002116,False,False,-432.9340529138109
1390.0,-420.00000000000006,1390.0,-420.00000000000006,2952.0793,121.75902,0.049465872,False,False,-452.0674915443841
1410.0,-420.00000000000006,1410.0,-420.00000000000006,3216.666,131.06895,0.055328507,False,False,-471.2239802287073
1430.0,-420.00000000000006,1430.0,-420.00000000000006,3501.8472,140.5799,0.061697274,False,False,-490.40263016407766
1450.0,-420.00000000000006,1450.0,-420.00000000000006,3803.5898,150.30946,0.06846788,False,False,-509.60259671212833
1470.0,-420.00000000000006,1470.0,-420.00000000000006,4125.248,160.05864,0.075732686,False,False,-528.823076748909
1490.0,-420.00000000000006,1490.0,-420.00000000000006,4469.0596,169.91322,0.08355364,False,False,-548.0633061990713
1510.0,-420.00000000000006,1510.0,-420.00000000000006,4832.16,179.79579,0.09185852,False,False,-567.3225577397907
1530.0,-420.00000000000006,1530.0,-420.00000000000006,5215.2305,189.33215,0.10067234,False,False,-586.6001386612822
1550.0000000000002,-420.00000000000006,1550.0000000000002,-420.00000000000006,5621.911,198.73405,0.110094234,False,False,-605.8953888718908
1570.0,-420.00000000000006,1570.0,-420.00000000000006,6051.4326,208.0056,0.12010786,False,False,-625.207679036744
1590.0,-420.00000000000006,1590.0,-420.00000000000006,6498.4785,217.2466,0.13057393,False,False,-644.5364088398894
1609.9999999999998,-420.00000000000006,1609.9999999999998,-420.00000000000006,6963.8823,226.27347,0.14152002,False,False,-663.8810053606596
1630.0,-420.00000000000006,1630.0,-420.00000000000006,7444.3486,234.86855,0.15286328,False,False,-683.2409215557944
1650.0000000000002,-420.00000000000006,1650.0000000000002,-420.00000000000006,7937.324,243.25143,0.16453728,False,False,-702.6156348395255
1670.0,-420.00000000000006,1670.0,-420.00000000000006,8446.182,251.0279,0.1766401,False,False,-722.0046457544763
1690.0,-420.00000000000006,1690.0,-420.00000000000006,8981.695,258.3838,0.18946442,False,False,-741.4074767268002
1709.9999999999998,-420.00000000000006,1709.9999999999998,-420.00000000000006,9545.05,265.48364,0.20304683,False,False,-760.8236708995025
1730.0,-420.00000000000006,1730.0,-420.00000000000006,10123.682,272.10028,0.21705496,False,False,-780.2527910383963
1750.0,-420.00000000000006,1750.0,-420.00000000000006,10723.242,277.98468,0.23164898,False,False,-799.6944185055421
-250.0,-400.0,-250.0,-400.0,17859.309,319.69522,0.41884625,False,False,-800.9243901652377
-229.99999999999997,-400.0,-229.99999999999997,-400.0,16993.066,314.45746,0.39494133,False,False,-781.4987503174535
-210.00000000000003,-400.0,-210.00000000000003,-400.0,16114.957,308.2054,0.37070984,False,False,-762.0859614880502
-190.00000000000003,-400.0,-190.00000000000003,-400.0,15213.01,300.69604,0.34579223,False,False,-742.6864531417815
-170.0,-400.0,-170.0,-400.0,14296.533,292.12207,0.320483,False,False,-723.300673781131
-150.0,-400.0,-150.0,-400.0,13364.341,282.0479,0.2947268,False,False,-703.929091994475
-130.0,-400.0,-130.0,-400.0,12424.869,270.48633,0.26878035,False,False,-684.5721975729425
-110.0,-400.0,-110.0,-400.0,11470.511,256.84814,0.24240285,False,False,-665.2305027011574
-90.0,-400.0,-90.0,-400.0,10507.787,241.83417,0.21584544,False,False,-645.9045432275121
-70.0,-400.0,-70.0,-400.0,9536.0,224.68925,0.18905215,False,False,-626.5948800200933
-50.0,-400.0,-50.0,-400.0,8552.631,205.3943,0.16196303,False,False,-607.3021004149152
-30.0,-400.0,-30.0,-400.0,7553.55,183.53687,0.1344877,False,False,-588.0268197637013
-10.0,-400.0,-10.0,-400.0,6547.202,159.16446,0.10688479,False,False,-568.7696830890861
10.0,-400.0,10.0,-400.0,5535.6626,132.39845,0.07921666,False,False,-549.5313668558143
30.0,-400.0,30.0,-400.0,4519.0615,102.59385,0.05147151,False,False,-530.3125808672767
50.0,-400.0,50.0,-400.0,3471.5952,67.799416,0.022978295,False,False,-511.11407029756725
70.0,-400.0,70.0,-400.0,2706.9277,46.749825,0.0030986215,False,False,-491.9366178701755
90.0,-400.0,90.0,-400.0,2509.1025,43.869667,1.2620585e-06,False,False,-472.7810461954332
110.0,-400.0,110.0,-400.0,2423.2612,42.68919,0.0,False,False,-453.6482202799723
130.0,-400.0,130.0,-400.0,2339.3735,41.52075,0.0,False,False,-434.5390502226656
150.0,-400.0,150.0,-400.0,2257.3918,40.36391,0.0,False,False,-415.45449411288536
170.0,-400.0,170.0,-400.0,2177.3325,39.219334,0.0,False,False,-396.3955611484092
190.00000000000003,-400.0,190.00000000000003,-400.0,2099.213,38.087708,0.0,False,False,-377.3633149919439
210.00000000000003,-400.0,210.00000000000003,-400.0,2023.0381,36.969143,0.0,False,False,-358.3588773870525
229.99999999999997,-400.0,229.99999999999997,-400.0,1948.8055,35.863304,0.0,False,False,-339.383432056269
250.0,-400.0,250.0,-400.0,1876.514,34.769993,0.0,False,False,-320.43822890639103
270.0,-400.0,270.0,-400.0,1806.1725,33.689556,0.0,False,False,-301.5245885683693
290.0,-400.0,290.0,-400.0,1737.7891,32.62225,0.0,False,False,-282.6439073018978
310.0,-400.0,310.0,-400.0,1671.3588,31.567652,0.0,False,False,-263.7976622977653
330.0,-400.0,330.0,-400.0,1606.8802,30.525536,0.0,False,False,-244.98741741429382
350.0,-400.0,350.0,-400.0,1544.3508,29.495638,0.0,False,False,-226.21482938779099
370.0,-400.0,370.0,-400.0,1483.7771,28.478214,0.0,False,False,-207.48165456090712
390.0,-400.0,390.0,-400.0,1425.1687,27.473772,0.0,False,False,-188.78975617716455
410.0,-400.0,410.0,-400.0,1368.5339,26.482683,0.0,False,False,-170.14111229474332
430.0,-400.0,430.0,-400.0,1313.8801,25.50526,0.0,False,False,-151.5378243779034
450.0,-400.0,450.0,-400.0,1261.21,24.541603,0.0,False,False,-132.98212663025362
470.00000000000006,-400.0,470.00000000000006,-400.0,1210.5217,23.591518,0.0,False,False,-114.47639614046045
490.0,-400.0,490.0,-400.0,1161.821,22.655296,0.0,False,False,-96.02316391800997
510.00000000000006,-400.0,510.00000000000006,-400.0,1115.1176,21.73345,0.0,False,False,-77.62512690427819
530.0,-400.0,530.0,-400.0,1070.4178,20.826357,0.0,False,False,-59.285161052526846
550.0,-400.0,550.0,-400.0,1027.7268,19.934244,0.0,False,False,-41.00633557951733
570.0,-400.0,570.0,-400.0,987.0475,19.05729,0.0,False,False,-22.791928501252446
590.0,-400.0,590.0,-400.0,948.3779,18.195272,0.0,False,False,-4.645443575955088
610.0,-400.0,610.0,-400.0,911.7156,17.347996,0.0,False,True,13.429371211293283
630.0,-400.0,630.0,-400.0,877.0621,16.515575,0.0,False,True,31.428503475783355
650.0,-400.0,650.0,-400.0,844.42596,15.698639,0.0,False,True,49.34765441315131
670.0,-400.0,670.0,-400.0,813.81506,14.897848,0.0,False,True,67.1822147598205
690.0,-400.0,690.0,-400.0,785.23175,14.113454,0.0,False,True,84.92723854820694
710.0,-400.0,710.0,-400.0,758.67834,13.345706,0.0,False,True,102.57741445758856
730.0,-400.0,730.0,-400.0,734.1521,12.594513,0.0,False,True,120.12703454859852
750.0,-400.0,750.0,-400.0,711.65106,11.859864,0.0,False,True,137.56996015742823
770.0,-400.0,770.0,-400.0,691.1781,11.142216,0.0,False,True,132.30189581859753
789.9999999999999,-400.0,789.9999999999999,-400.0,672.73303,10.441798,0.0,False,True,114.50578770948489
810.0,-400.0,810.0,-400.0,656.31494,9.758885,0.0,False,True,96.61746751445305
830.0,-400.0,830.0,-400.0,641.9264,9.094147,0.0,False,True,78.6423061590032
850.0,-400.0,850.0,-400.0,629.57104,8.448512,0.0,False,True,60.58528859720319
869.9999999999999,-400.0,869.9999999999999,-400.0,619.24896,7.8227572,0.0,False,True,42.451045637874444
890.0000000000001,-400.0,890.0000000000001,-400.0,610.9597,7.21786,0.0,False,True,24.243882929755657
910.0,-400.0,910.0,-400.0,604.7026,6.635154,0.0,False,True,5.967807362357025
930.0,-400.0,930.0,-400.0,600.59033,6.073251,2.8703653e-06,False,False,-12.373448881389915
950.0,-400.0,950.0,-400.0,600.04047,5.5760756,4.4792367e-05,False,False,-30.7764064044152
969.9999999999999,-400.0,969.9999999999999,-400.0,601.9965,5.362922,9.873716e-05,False,False,-49.237818609298934
990.0,-400.0,990.0,-400.0,608.51556,5.493666,0.00021723213,False,False,-67.75465346679727
1010.0,-400.0,1010.0,-400.0,622.49164,6.379195,0.00047434212,False,False,-86.32407687577293
1030.0,-400.0,1030.0,-400.0,641.9591,8.2045555,0.0008199336,False,False,-104.94343746637091
1050.0,-400.0,1050.0,-400.0,667.52344,10.724347,0.0012696822,False,False,-123.6102527122116
1070.0,-400.0,1070.0,-400.0,698.99603,13.757575,0.0018190723,False,False,-142.32219623011804
1090.0,-400.0,1090.0,-400.0,739.057,17.212233,0.0025374612,False,False,-161.07708615750417
1110.0,-400.0,1110.0,-400.0,790.5847,21.143808,0.003499724,False,False,-179.8728745080972
1130.0,-400.0,1130.0,-400.0,851.7363,25.5467,0.004658808,False,False,-198.70763741623006
1150.0,-400.0,1150.0,-400.0,927.81885,30.424986,0.00615265,False,False,-217.57956618859225
1170.0,-400.0,1170.0,-400.0,1014.2623,35.78546,0.007863766,False,False,-236.48695909014762
1190.0,-400.0,1190.0,-400.0,1109.2104,41.557987,0.009744623,False,False,-255.42821379798542
1210.0,-400.0,1210.0,-400.0,1221.3021,47.685486,0.012020782,False,False,-274.40182046323207
1230.0,-400.0,1230.0,-400.0,1349.5593,54.229946,0.0146679375,False,False,-293.4063553268941
1250.0,-400.0,1250.0,-400.0,1489.7723,61.171154,0.017577633,False,False,-312.4404748406688
1270.0,-400.0,1270.0,-400.0,1641.686,68.46167,0.020744158,False,False,-331.50291024841556
1290.0,-400.0,1290.0,-400.0,1811.417,76.068146,0.024328955,False,False,-350.5924625881783
1310.0,-400.0,1310.0,-400.0,1996.968,83.999504,0.028281266,False,False,-369.70799807842246
1330.0,-400.0,1330.0,-400.0,2196.0266,92.24381,0.032541826,False,False,-388.84844385555635
1350.0,-400.0,1350.0,-400.0,2407.7139,100.77561,0.03708885,False,False,-408.0127840328725
1370.0,-400.0,1370.0,-400.0,2635.5989,109.55937,0.042017773,False,False,-427.20005605381067
1390.0,-400.0,1390.0,-400.0,2879.7483,118.583595,0.04733225,False,False,-446.4093473149294
1410.0,-400.0,1410.0,-400.0,3140.6365,127.83901,0.053046808,False,False,-465.63979203622876
1430.0,-400.0,1430.0,-400.0,3421.5469,137.29697,0.05925055,False,False,-484.89056835849027
1450.0,-400.0,1450.0,-400.0,3719.7314,146.97491,0.06587309,False,False,-504.1608956491325
1470.0,-400.0,1470.0,-400.0,4036.176,156.75453,0.07294367,False,False,-523.450031999737
1490.0,-400.0,1490.0,-400.0,4375.383,166.55716,0.08058557,False,False,-542.7572718998929
1510.0,-400.0,1510.0,-400.0,4734.1885,176.51083,0.08871706,False,False,-562.0819440733574
1530.0,-400.0,1530.0,-400.0,5112.1963,186.13393,0.09733535,False,False,-581.4234094637656
1550.0000000000002,-400.0,1550.0000000000002,-400.0,5511.6973,195.55664,0.10650474,False,False,-600.7810593582122
1570.0,-400.0,1570.0,-400.0,5935.6826,204.86465,0.11630851,False,False,-620.1543136380559
1590.0,-400.0,1590.0,-400.0,6380.771,214.10558,0.12666003,False,False,-639.5426191471818
1609.9999999999998,-400.0,1609.9999999999998,-400.0,6841.495,223.2312,0.13741708,False,False,-658.9454481688059
1630.0,-400.0,1630.0,-400.0,7319.6885,231.9332,0.1486353,False,False,-678.3622970026465
1650.0000000000002,-400.0,1650.0000000000002,-400.0,7811.4185,240.38245,0.16021161,False,False,-697.7926846349645
1670.0,-400.0,1670.0,-400.0,8315.739,248.33731,0.17212677,False,False,-717.2361514946043
1690.0,-400.0,1690.0,-400.0,8842.311,255.80882,0.18464601,False,False,-736.6922582887275
1709.9999999999998,-400.0,1709.9999999999998,-400.0,9397.439,262.96075,0.19794329,False,False,-756.160584912439
1730.0,-400.0,1730.0,-400.0,9974.59,269.8024,0.21184784,False,False,-775.6407294269865
1750.0,-400.0,1750.0,-400.0,10566.366,275.8352,0.22616896,False,False,-795.1323071016245
-250.0,-380.00000000000006,-250.0,-380.00000000000006,17650.52,318.5072,0.41106433,False,False,-796.2966110043733
-229.99999999999997,-380.00000000000006,-229.99999999999997,-380.00000000000006,16782.555,312.96375,0.38700595,False,False,-776.8203772459422
-210.00000000000003,-380.00000000000006,-210.00000000000003,-380.00000000000006,15901.084,306.43442,0.36257786,False,False,-757.3559091109089
-190.00000000000003,-380.00000000000006,-190.00000000000003,-380.00000000000006,14995.176,298.63696,0.3374461,False,False,-737.9036019232038
-170.0,-380.00000000000006,-170.0,-380.00000000000006,14079.211,289.79108,0.31205815,False,False,-718.4638686537064
-150.0,-380.00000000000006,-150.0,-380.00000000000006,13146.196,279.29407,0.2861739,False,False,-699.0371409003627
-130.0,-380.00000000000006,-130.0,-380.00000000000006,12205.816,267.1872,0.26009318,False,False,-679.6238699332349
-110.0,-380.00000000000006,-110.0,-380.00000000000006,11251.859,253.15862,0.23364276,False,False,-660.2245278094503
-90.0,-380.00000000000006,-90.0,-380.00000000000006,10291.047,237.69135,0.20705658,False,False,-640.8396085634723
-70.0,-380.00000000000006,-70.0,-380.00000000000006,9317.928,219.92924,0.1801424,False,False,-621.4696294785623
-50.0,-380.00000000000006,-50.0,-380.00000000000006,8333.488,200.16562,0.1529566,False,False,-602.1151324458432
-30.0,-380.00000000000006,-30.0,-380.00000000000006,7335.378,177.58713,0.1254515,False,False,-582.7766854179326
-10.0,-380.00000000000006,-10.0,-380.00000000000006,6326.0273,152.5982,0.09771851,False,False,-563.4548839647387
10.0,-380.00000000000006,10.0,-380.00000000000006,5316.618,125.097015,0.07005969,False,False,-544.1503529397037
30.0,-380.00000000000006,30.0,-380.00000000000006,4291.36,93.876976,0.042036798,False,False,-524.8637482655387
50.0,-380.00000000000006,50.0,-380.00000000000006,3262.2722,60.31743,0.014060602,False,False,-505.5957588493148
70.0,-380.00000000000006,70.0,-380.00000000000006,2712.0254,47.17126,0.0006785082,False,False,-486.34710863770346
90.0,-380.00000000000006,90.0,-380.00000000000006,2595.6177,45.68445,0.0,False,False,-467.11855882415915
110.0,-380.00000000000006,110.0,-380.00000000000006,2505.5168,44.450203,0.0,False,False,-447.9109102209616
130.0,-380.00000000000006,130.0,-380.00000000000006,2417.4175,43.228436,0.0,False,False,-428.725005810254
150.0,-380.00000000000006,150.0,-380.00000000000006,2331.3247,42.019196,0.0,False,False,-409.56173348957196
170.0,-380.00000000000006,170.0,-380.00000000000006,2247.2446,40.82259,0.0,False,False,-390.4220290288642
190.00000000000003,-380.00000000000006,190.00000000000003,-380.00000000000006,2165.1753,39.6383,0.0,False,False,-371.30687925765176
210.00000000000003,-380.00000000000006,210.00000000000003,-380.00000000000006,2085.1348,38.46711,0.0,False,False,-352.2173255028116
229.99999999999997,-380.00000000000006,229.99999999999997,-380.00000000000006,2007.1392,37.30966,0.0,False,False,-333.1544672994923
250.0,-380.00000000000006,250.0,-380.00000000000006,1931.193,36.16598,0.0,False,False,-314.1194663999197
270.0,-380.00000000000006,270.0,-380.00000000000006,1857.2905,35.035606,0.0,False,False,-295.11355110732507
290.0,-380.00000000000006,290.0,-380.00000000000006,1785.4335,33.918488,0.0,False,False,-276.13802096499046
310.0,-380.00000000000006,310.0,-380.00000000000006,1715.6351,32.8152,0.0,False,False,-257.1942518334464
330.0,-380.00000000000006,330.0,-380.00000000000006,1647.8982,31.725695,0.0,False,False,-238.28370139224398
350.0,-380.00000000000006,350.0,-380.00000000000006,1582.22,30.649656,0.0,False,False,-219.40791510646375
370.0,-380.00000000000006,370.0,-380.00000000000006,1518.5963,29.586716,0.0,False,False,-200.56853270228137
390.0,-380.00000000000006,390.0,-380.00000000000006,1457.0288,28.536814,0.0,False,False,-181.76729520050822
410.0,-380.00000000000006,410.0,-380.00000000000006,1397.5222,27.500183,0.0,False,False,-163.00605256212737
430.0,-380.00000000000006,430.0,-380.00000000000006,1340.0879,26.477392,0.0,False,False,-144.28677200549618
450.0,-380.00000000000006,450.0,-380.00000000000006,1284.7339,25.468775,0.0,False,False,-125.61154706114091
470.00000000000006,-380.00000000000006,470.00000000000006,-380.00000000000006,1231.4678,24.474705,0.0,False,False,-106.9826074369874
490.0,-380.00000000000006,490.0,-380.00000000000006,1180.2876,23.495028,0.0,False,False,-88.40232977452223
510.00000000000006,-380.00000000000006,510.00000000000006,-380.00000000000006,1131.1947,22.5297,0.0,False,False,-69.87324938481598
530.0,-380.00000000000006,530.0,-380.00000000000006,1084.1991,21.579287,0.0,False,False,-51.39807306264399
550.0,-380.00000000000006,550.0,-380.00000000000006,1039.3083,20.644207,0.0,False,False,-32.979693087167085
570.0,-380.00000000000006,570.0,-380.00000000000006,996.53046,19.724928,0.0,False,False,-14.621202528842359
590.0,-380.00000000000006,590.0,-380.00000000000006,955.86896,18.821669,0.0,False,True,3.6740880054906833
610.0,-380.00000000000006,610.0,-380.00000000000006,917.3247,17.934437,0.0,False,True,21.902632044075443
630.0,-380.00000000000006,630.0,-380.00000000000006,880.8948,17.063015,0.0,False,True,40.06062717850578
650.0,-380.00000000000006,650.0,-380.00000000000006,846.5781,16.207342,0.0,False,True,58.14399307349522
670.0,-380.00000000000006,670.0,-380.00000000000006,814.3827,15.368039,0.0,False,True,76.14834736622528
690.0,-380.00000000000006,690.0,-380.00000000000006,784.3159,14.545756,0.0,False,True,94.06897924578544
710.0,-380.00000000000006,710.0,-380.00000000000006,756.3834,13.74109,0.0,False,True,111.90082048490218
730.0,-380.00000000000006,730.0,-380.00000000000006,730.58606,12.954271,0.0,False,True,129.6384136773922
750.0,-380.00000000000006,750.0,-380.00000000000006,706.9231,12.18546,0.0,False,True,147.27587741601744
770.0,-380.00000000000006,770.0,-380.00000000000006,685.3915,11.434674,0.0,False,True,141.33825053167766
789.9999999999999,-380.00000000000006,789.9999999999999,-380.00000000000006,665.99286,10.702398,0.0,False,True,123.35868224227536
810.0,-380.00000000000006,810.0,-380.00000000000006,648.7283,9.989124,0.0,False,True,105.29334416245662
830.0,-380.00000000000006,830.0,-380.00000000000006,633.5966,9.295313,0.0,False,True,87.14732842588447
850.0,-380.00000000000006,850.0,-380.00000000000006,620.60034,8.6219635,0.0,False,True,68.925352079652
869.9999999999999,-380.00000000000006,869.9999999999999,-380.00000000000006,609.74426,7.9704847,0.0,False,True,50.63178903019927
890.0000000000001,-380.00000000000006,890.0000000000001,-380.00000000000006,601.02795,7.342137,0.0,False,True,32.270699007206694
910.0,-380.00000000000006,910.0,-380.00000000000006,594.4508,6.738533,0.0,False,True,13.845853834198952
930.0,-380.00000000000006,930.0,-380.00000000000006,590.01227,6.1618915,0.0,False,False,-4.639238731993789
950.0,-380.00000000000006,950.0,-380.00000000000006,588.58093,5.6166115,2.2204797e-05,False,False,-23.181313355555787
969.9999999999999,-380.00000000000006,969.9999999999999,-380.00000000000006,590.5487,5.2771873,7.6555065e-05,False,False,-41.77732745534451
990.0,-380.00000000000006,990.0,-380.00000000000006,595.2897,5.2852573,0.00014704958,False,False,-60.42444332446434
1010.0,-380.00000000000006,1010.0,-380.00000000000006,607.5128,5.84423,0.00035411533,False,False,-79.12001186151684
1030.0,-380.00000000000006,1030.0,-380.00000000000006,626.0891,7.36962,0.00066891266,False,False,-97.86155775671457
1050.0,-380.00000000000006,1050.0,-380.00000000000006,650.50165,9.680194,0.0010784654,False,False,-116.64676599182422
1070.0,-380.00000000000006,1070.0,-380.00000000000006,680.85315,12.563937,0.001585593,False,False,-135.4734695271398
1090.0,-380.00000000000006,1090.0,-380.00000000000006,718.39136,15.884618,0.0022227769,False,False,-154.33963806151974
1110.0,-380.00000000000006,1110.0,-380.00000000000006,767.0788,19.64912,0.0030927835,False,False,-173.2433677630571
1130.0,-380.00000000000006,1130.0,-380.00000000000006,825.59155,23.904224,0.0041620303,False,False,-192.18287187830367
1150.0,-380.00000000000006,1150.0,-380.00000000000006,897.8694,28.616892,0.0055331346,False,False,-211.15647213727118
1170.0,-380.00000000000006,1170.0,-380.00000000000006,982.48474,33.826466,0.0071698576,False,False,-230.1625908797586
1190.0,-380.00000000000006,1190.0,-380.00000000000006,1076.6516,39.478672,0.009000777,False,False,-249.19974383602883
1210.0,-380.00000000000006,1210.0,-380.00000000000006,1182.31,45.498623,0.01107724,False,False,-268.266533501535
1230.0,-380.00000000000006,1230.0,-380.00000000000006,1307.9875,51.90883,0.013622396,False,False,-287.3616430513998
1250.0,-380.00000000000006,1250.0,-380.00000000000006,1446.2621,58.735,0.016444175,False,False,-306.48383074571586
1270.0,-380.00000000000006,1270.0,-380.00000000000006,1596.0095,65.93057,0.01951424,False,False,-325.63192478153616
1290.0,-380.00000000000006,1290.0,-380.00000000000006,1761.2759,73.44798,0.02293982,False,False,-344.8048185517481
1310.0,-380.00000000000006,1310.0,-380.00000000000006,1943.9949,81.287315,0.026773263,False,False,-364.00146627487175
1330.0,-380.00000000000006,1330.0,-380.00000000000006,2140.9465,89.44818,0.03093157,False,False,-383.22087896329856
1350.0,-380.00000000000006,1350.0,-380.00000000000006,2350.8467,97.90645,0.035382383,False,False,-402.46212070059136
1370.0,-380.00000000000006,1370.0,-380.00000000000006,2576.3171,106.623215,0.040196314,False,False,-421.7243052012581
1390.0,-380.00000000000006,1390.0,-380.00000000000006,2817.1975,115.58973,0.04537099,False,False,-441.0065926289165
1410.0,-380.00000000000006,1410.0,-380.00000000000006,3075.3735,124.78684,0.050958302,False,False,-460.30818665102333
1430.0,-380.00000000000006,1430.0,-380.00000000000006,3351.066,134.20282,0.056966368,False,False,-479.6283317103659
1450.0,-380.00000000000006,1450.0,-380.00000000000006,3647.2568,143.82004,0.063476816,False,False,-498.966310495336
1470.0,-380.00000000000006,1470.0,-380.00000000000006,3960.3438,153.59618,0.070396945,False,False,-518.3214415926558
1490.0,-380.00000000000006,1490.0,-380.00000000000006,4293.8594,163.38141,0.07782467,False,False,-537.6930773076922
1510.0,-380.00000000000006,1510.0,-380.00000000000006,4649.6167,173.33365,0.08581052,False,False,-557.0806016388491
1530.0,-380.00000000000006,1530.0,-380.00000000000006,5023.105,183.06367,0.09424147,False,False,-576.4834283937148
1550.0000000000002,-380.00000000000006,1550.0000000000002,-380.00000000000006,5417.5044,192.50397,0.103207484,False,False,-595.9009994357423
1570.0,-380.00000000000006,1570.0,-380.00000000000006,5836.1113,201.84917,0.1127993,False,False,-615.3327830512201
1590.0,-380.00000000000006,1590.0,-380.00000000000006,6278.0,211.09505,0.12299679,False,False,-634.7782724271816
1609.9999999999998,-380.00000000000006,1609.9999999999998,-380.00000000000006,6735.99,220.27338,0.13361101,False,False,-654.2369842317029
1630.0,-380.00000000000006,1630.0,-380.00000000000006,7211.5293,229.08716,0.14468771,False,False,-673.7084572887835
1650.0000000000002,-380.00000000000006,1650.0000000000002,-380.00000000000006,7701.95,237.55559,0.15615891,False,False,-693.1922513406446
1670.0,-380.00000000000006,1670.0,-380.00000000000006,8203.828,245.69252,0.16793665,False,False,-712.6879458909027
1690.0,-380.00000000000006,1690.0,-380.00000000000006,8723.406,253.27536,0.18019661,False,False,-732.1951391226105
1709.9999999999998,-380.00000000000006,1709.9999999999998,-380.00000000000006,9270.68,260.48944,0.19321224,False,False,-751.7134468856486
1730.0,-380.00000000000006,1730.0,-380.00000000000006,9845.477,267.4581,0.20698452,False,False,-771.2425017484195
1750.0,-380.00000000000006,1750.0,-380.00000000000006,10431.213,273.6855,0.22107357,False,False,-790.7819521091899
-250.0,-360.0,-250.0,-360.0,17466.35,317.26523,0.40364695,False,False,-791.8801216374825
-229.99999999999997,-360.0,-229.99999999999997,-360.0,16598.469,311.506,0.37948188,False,False,-772.3553561885311
-210.00000000000003,-360.0,-210.00000000000003,-360.0,15712.824,304.69412,0.35481745,False,False,-752.8413068218106
-190.00000000000003,-360.0,-190.00000000000003,-360.0,14805.505,296.6501,0.32953465,False,False,-733.338335464663
-170.0,-360.0,-170.0,-360.0,13888.733,287.45813,0.3040119,False,False,-713.8468203086369
-150.0,-360.0,-150.0,-360.0,12958.621,276.61575,0.27810198,False,False,-694.3671567203613
-130.0,-360.0,-130.0,-360.0,12018.608,263.98706,0.25191492,False,False,-674.899758213386
-110.0,-360.0,-110.0,-360.0,11064.078,249.71007,0.22536504,False,False,-655.4450574857127
-90.0,-360.0,-90.0,-360.0,10104.85,233.70088,0.19872595,False,False,-636.003507528175
-70.0,-360.0,-70.0,-360.0,9131.126,215.42435,0.17171028,False,False,-616.5755828092632
-50.0,-360.0,-50.0,-360.0,8145.4976,195.11504,0.14441854,False,False,-597.1617805425112
-30.0,-360.0,-30.0,-360.0,7147.922,172.0154,0.11686657,False,False,-577.7626220431072
-10.0,-360.0,-10.0,-360.0,6139.6904,146.47281,0.08911474,False,False,-558.3786541809912
10.0,-360.0,10.0,-360.0,5129.3896,118.26239,0.061374478,False,False,-539.0104509383858
30.0,-360.0,30.0,-360.0,4093.5356,85.27636,0.033017613,False,False,-519.6586150804366
50.0,-360.0,50.0,-360.0,3126.7588,55.339005,0.006891732,False,False,-500.32377994845075
70.0,-360.0,70.0,-360.0,2791.613,49.010525,2.9756571e-05,False,False,-481.0066113861289
90.0,-360.0,90.0,-360.0,2693.5952,47.69997,0.0,False,False,-461.70780981016884
110.0,-360.0,110.0,-360.0,2598.736,46.406578,0.0,False,False,-442.42811243772445
130.0,-360.0,130.0,-360.0,2505.9795,45.126125,0.0,False,False,-423.1682956844118
150.0,-360.0,150.0,-360.0,2415.3286,43.85856,0.0,False,False,-403.92917774789845
170.0,-360.0,170.0,-360.0,2326.7942,42.604244,0.0,False,False,-384.711621393605
190.00000000000003,-360.0,190.00000000000003,-360.0,2240.3818,41.363266,0.0,False,False,-365.5165369606927
210.00000000000003,-360.0,210.00000000000003,-360.0,2156.0967,40.135685,0.0,False,False,-346.344885608342
229.99999999999997,-360.0,229.99999999999997,-360.0,2073.9392,38.921284,0.0,False,False,-327.19768282436206
250.0,-360.0,250.0,-360.0,1993.9266,37.7208,0.0,False,False,-308.07600222042635
270.0,-360.0,270.0,-360.0,1916.0763,36.53493,0.0,False,False,-288.98097964073503
290.0,-360.0,290.0,-360.0,1840.3895,35.363594,0.0,False,False,-269.9138176137015
310.0,-360.0,310.0,-360.0,1766.8599,34.20628,0.0,False,False,-250.87579017935363
330.0,-360.0,330.0,-360.0,1695.4933,33.06314,0.0,False,False,-231.86824812860513
350.0,-360.0,350.0,-360.0,1626.3041,31.934772,0.0,False,False,-212.8926246943938
370.0,-360.0,370.0,-360.0,1559.2926,30.821007,0.0,False,False,-193.95044173896585
390.0,-360.0,390.0,-360.0,1494.4552,29.72152,0.0,False,False,-175.04331648637034
410.0,-360.0,410.0,-360.0,1431.7882,28.635895,0.0,False,False,-156.17296885453297
430.0,-360.0,430.0,-360.0,1371.2947,27.564241,0.0,False,False,-137.34122944722316
450.0,-360.0,450.0,-360.0,1312.9785,26.506691,0.0,False,False,-118.5500482728245
470.00000000000006,-360.0,470.00000000000006,-360.0,1256.8547,25.464003,0.0,False,False,-99.80150426418055
490.0,-360.0,490.0,-360.0,1202.9291,24.436445,0.0,False,False,-81.09781568199043
510.00000000000006,-360.0,510.00000000000006,-360.0,1151.206,23.424252,0.0,False,False,-62.441351493336626
530.0,-360.0,530.0,-360.0,1101.6843,22.427227,0.0,False,False,-43.83464382707858
550.0,-360.0,550.0,-360.0,1054.3693,21.44563,0.0,False,False,-25.280401619098892
570.0,-360.0,570.0,-360.0,1009.2714,20.480051,0.0,False,False,-6.781525572870817
590.0,-360.0,590.0,-360.0,966.39844,19.530996,0.0,False,True,11.658875425365201
610.0,-360.0,610.0,-360.0,925.7588,18.59898,0.0,False,True,30.03746628229481
630.0,-360.0,630.0,-360.0,887.35425,17.684158,0.0,False,True,48.35066589279508
650.0,-360.0,650.0,-360.0,851.18304,16.786423,0.0,False,True,66.59462536510802
670.0,-360.0,670.0,-360.0,817.2427,15.905611,0.0,False,True,84.76520406623533
690.0,-360.0,690.0,-360.0,785.53815,15.042203,0.0,False,True,102.85794325617748
710.0,-360.0,710.0,-360.0,756.0769,14.196897,0.0,False,True,120.86803705635135
730.0,-360.0,730.0,-360.0,728.86707,13.370566,0.0,False,True,138.7903004727773
750.0,-360.0,750.0,-360.0,703.9103,12.56364,0.0,False,True,156.61913416868072
770.0,-360.0,770.0,-360.0,681.2064,11.776486,0.0,False,True,149.99999999999997
789.9999999999999,-360.0,789.9999999999999,-360.0,660.7526,11.009303,0.0,False,True,131.84102838247424
810.0,-360.0,810.0,-360.0,642.54895,10.26264,0.0,False,True,113.60279783835048
830.0,-360.0,830.0,-360.0,626.59705,9.537338,0.0,False,True,95.29010174531626
850.0,-360.0,850.0,-360.0,612.8948,8.834177,0.0,False,True,76.90737192847219
869.9999999999999,-360.0,869.9999999999999,-360.0,601.4457,8.154683,0.0,False,True,58.45871041148698
890.0000000000001,-360.0,890.0000000000001,-360.0,592.2549,7.5009494,0.0,False,True,39.94791807944081
910.0,-360.0,910.0,-360.0,585.322,6.875077,0.0,False,True,21.37852057090012
930.0,-360.0,930.0,-360.0,580.6466,6.279773,0.0,True,True,2.753791684320217
950.0,-360.0,950.0,-360.0,578.5215,5.7136164,7.505907e-06,True,False,-15.923225445702737
969.9999999999999,-360.0,969.9999999999999,-360.0,580.23157,5.27288,5.5358367e-05,True,False,-34.6496991735899
990.0,-360.0,990.0,-360.0,584.4751,5.1786275,0.0001102456,False,False,-53.422991964766354
1010.0,-360.0,1010.0,-360.0,594.58606,5.5003123,0.00025742606,False,False,-72.24064463160506
1030.0,-360.0,1030.0,-360.0,612.2971,6.693221,0.0005412919,False,False,-91.10036201991983
1050.0,-360.0,1050.0,-360.0,635.66003,8.778698,0.00091206457,False,False,-110.00000000000004
1070.0,-360.0,1070.0,-360.0,665.1643,11.502804,0.0013825397,False,False,-128.93755363173227
1090.0,-360.0,1090.0,-360.0,701.1681,14.698237,0.0019622585,False,False,-147.91114638721058
1110.0,-360.0,1110.0,-360.0,747.0453,18.313076,0.002738695,False,False,-166.9190203266035
1130.0,-360.0,1130.0,-360.0,804.1255,22.41784,0.003746937,False,False,-185.95952713404185
1150.0,-360.0,1150.0,-360.0,872.178,26.982718,0.004981641,False,False,-205.03111993010393
1170.0,-360.0,1170.0,-360.0,954.99316,32.03866,0.006541794,False,False,-224.13234578618994
1190.0,-360.0,1190.0,-360.0,1048.3262,37.563377,0.008318211,False,False,-243.26183887385528
1210.0,-360.0,1210.0,-360.0,1150.4545,43.48407,0.010266865,False,False,-262.4183141890805
1230.0,-360.0,1230.0,-360.0,1271.9841,49.770412,0.012665287,False,False,-281.6005617976297
1250.0,-360.0,1250.0,-360.0,1408.5703,56.479053,0.015401554,False,False,-300.8074415531302
1270.0,-360.0,1270.0,-360.0,1557.2742,63.57458,0.018400185,False,False,-320.0378782444086
1290.0,-360.0,1290.0,-360.0,1718.9728,71.00742,0.021685302,False,False,-339.290857132983
1310.0,-360.0,1310.0,-360.0,1898.491,78.760155,0.025385225,False,False,-358.56541984550745
1330.0,-360.0,1330.0,-360.0,2093.919,86.83493,0.029451441,False,False,-377.8606605894517
1350.0,-360.0,1350.0,-360.0,2302.941,95.215614,0.033824608,False,False,-397.17572266340215
1370.0,-360.0,1370.0,-360.0,2525.1328,103.873535,0.038495027,False,False,-416.5097952361643
1390.0,-360.0,1390.0,-360.0,2763.8125,112.77944,0.04355218,False,False,-435.8621103713267
1410.0,-360.0,1410.0,-360.0,3019.7764,121.91743,0.049019348,False,False,-455.2319402761884
1430.0,-360.0,1430.0,-360.0,3292.3782,131.28271,0.054881707,False,False,-474.6185947559459
1450.0,-360.0,1450.0,-360.0,3586.0435,140.84349,0.06125946,False,False,-494.0214188558343
1470.0,-360.0,1470.0,-360.0,3896.4526,150.60619,0.068040535,False,False,-513.4397906755328
1490.0,-360.0,1490.0,-360.0,4225.609,160.37595,0.07528247,False,False,-532.8731193415846
1510.0,-360.0,1510.0,-360.0,4578.507,170.27121,0.083121315,False,False,-552.3208431249
1530.0,-360.0,1530.0,-360.0,4949.083,180.10258,0.09140067,False,False,-571.7824276915685
1550.0000000000002,-360.0,1550.0000000000002,-360.0,5339.3857,189.59566,0.100182414,False,False,-591.2573644762812
1570.0,-360.0,1570.0,-360.0,5752.9727,198.97995,0.10956438,False,False,-610.7451691686056
1590.0,-360.0,1590.0,-360.0,6190.4233,208.22437,0.11956735,False,False,-630.2453803032229
1609.9999999999998,-360.0,1609.9999999999998,-360.0,6647.456,217.4057,0.13007972,False,False,-649.7575579460153
1630.0,-360.0,1630.0,-360.0,7119.86,226.33446,0.14099449,False,False,-669.2812824685959
1650.0000000000002,-360.0,1650.0000000000002,-360.0,7608.8926,234.82854,0.1523513,False,False,-688.8161534045086
1670.0,-360.0,1670.0,-360.0,8110.8086,243.09665,0.16405183,False,False,-708.3617883809038
1690.0,-360.0,1690.0,-360.0,8625.509,250.75648,0.17610216,False,False,-727.917822120022
1709.9999999999998,-360.0,1709.9999999999998,-360.0,9165.848,258.05853,0.18885332,False,False,-747.4839055052838
1730.0,-360.0,1730.0,-360.0,9735.4795,265.1104,0.20241058,False,False,-767.0597047072291
1750.0,-360.0,1750.0,-360.0,10318.988,271.52203,0.21636403,False,False,-786.6449003649273
-250.0,-340.0,-250.0,-340.0,17309.184,315.96088,0.3966068,False,False,-787.6764880518293
-229.99999999999997,-340.0,-229.99999999999997,-340.0,16442.324,310.0497,0.3723535,False,False,-768.1053034884372
-210.00000000000003,-340.0,-210.00000000000003,-340.0,15553.058,302.9872,0.34745568,False,False,-748.5438234469719
-190.00000000000003,-340.0,-190.00000000000003,-340.0,14646.686,294.74576,0.32208002,False,False,-728.9923773126275
-170.0,-340.0,-170.0,-340.0,13729.435,285.19196,0.2964141,False,False,-709.4513093667773
-150.0,-340.0,-150.0,-340.0,12803.206,274.06995,0.2705017,False,False,-689.9209796278658
-130.0,-340.0,-130.0,-340.0,11862.531,260.98865,0.2441737,False,False,-670.4017647491345
-110.0,-340.0,-110.0,-340.0,10910.691,246.45543,0.2176035,False,False,-650.8940589776311
-90.0,-340.0,-90.0,-340.0,9951.44,229.93445,0.19086231,False,False,-631.3982751793795
-70.0,-340.0,-70.0,-340.0,8977.77,211.27483,0.16376099,False,False,-611.914845935998
-50.0,-340.0,-50.0,-340.0,7991.786,190.26915,0.13637301,False,False,-592.4442247185575
-30.0,-340.0,-30.0,-340.0,6992.0825,166.72415,0.10869755,False,False,-572.9868871449959
-10.0,-340.0,-10.0,-340.0,5987.37,140.6179,0.080979764,False,False,-553.543332327979
10.0,-340.0,10.0,-340.0,4975.8984,112.01266,0.05315276,False,False,-534.1140843207643
30.0,-340.0,30.0,-340.0,3935.6345,78.02655,0.024636615,False,False,-514.6996936693273
50.0,-340.0,50.0,-340.0,3094.2915,53.9434,0.0023684255,False,False,-495.30073907979147
70.0,-340.0,70.0,-340.0,2907.2249,51.318493,0.0,False,False,-475.9178292110937
90.0,-340.0,90.0,-340.0,2804.8948,49.94741,0.0,False,False,-456.5516046037654
110.0,-340.0,110.0,-340.0,2704.7664,48.58954,0.0,False,False,-437.20273975678873
130.0,-340.0,130.0,-340.0,2606.843,47.24475,0.0,False,False,-417.87194536567245
150.0,-340.0,150.0,-340.0,2511.1294,45.913,0.0,False,False,-398.55997073620443
170.0,-340.0,170.0,-340.0,2417.6436,44.594917,0.0,False,False,-379.2676063898078
190.00000000000003,-340.0,190.00000000000003,-340.0,2326.3882,43.29048,0.0,False,False,-359.9956868780452
210.00000000000003,-340.0,210.00000000000003,-340.0,2237.377,42.000122,0.0,False,False,-340.74509382563184
229.99999999999997,-340.0,229.99999999999997,-340.0,2150.6165,40.724014,0.0,False,False,-321.51675922332487
250.0,-340.0,250.0,-340.0,2066.1123,39.462215,0.0,False,False,-302.31166899430633
270.0,-340.0,270.0,-340.0,1983.8657,38.214565,0.0,False,False,-283.13086686017795
290.0,-340.0,290.0,-340.0,1903.8907,36.98163,0.0,False,False,-263.97545853547666
310.0,-340.0,310.0,-340.0,1826.2076,35.764267,0.0,False,False,-244.84661628273912
330.0,-340.0,330.0,-340.0,1750.8159,34.56232,0.0,False,False,-225.74558386363435
350.0,-340.0,350.0,-340.0,1677.7107,33.375324,0.0,False,False,-206.6736819255728
370.0,-340.0,370.0,-340.0,1606.9015,32.203594,0.0,False,False,-187.6323138675684
390.0,-340.0,390.0,-340.0,1538.3992,31.047588,0.0,False,False,-168.6229722340098
410.0,-340.0,410.0,-340.0,1472.2043,29.907204,0.0,False,False,-149.64724569046305
430.0,-340.0,430.0,-340.0,1408.3132,28.781977,0.0,False,False,-130.70682664176215
450.0,-340.0,450.0,-340.0,1346.7222,27.671608,0.0,False,False,-111.80351955950435
470.00000000000006,-340.0,470.00000000000006,-340.0,1287.434,26.57615,0.0,False,False,-92.93925009376308
490.0,-340.0,490.0,-340.0,1230.4541,25.495804,0.0,False,False,-74.11607505247497
510.00000000000006,-340.0,510.00000000000006,-340.0,1175.8,24.431515,0.0,False,False,-55.3361933416055
530.0,-340.0,530.0,-340.0,1123.474,23.383394,0.0,False,False,-36.60195797006238
550.0,-340.0,550.0,-340.0,1073.4785,22.351519,0.0,False,False,-17.915889235443572
570.0,-340.0,570.0,-340.0,1025.8147,21.335865,0.0,False,True,0.7193107796988896
590.0,-340.0,590.0,-340.0,980.49164,20.336962,0.0,False,True,19.300742256212033
610.0,-340.0,610.0,-340.0,937.5172,19.355307,0.0,False,True,37.82529006950441
630.0,-340.0,630.0,-340.0,896.903,18.391697,0.0,False,True,56.289604422813724
650.0,-340.0,650.0,-340.0,858.6554,17.446629,0.0,False,True,74.69007948089839
670.0,-340.0,670.0,-340.0,822.77454,16.520142,0.0,False,True,93.02282977922616
690.0,-340.0,690.0,-340.0,789.2564,15.612093,0.0,False,True,111.28366415807406
710.0,-340.0,710.0,-340.0,758.1027,14.722771,0.0,False,True,129.46805694281622
730.0,-340.0,730.0,-340.0,729.3202,13.852935,0.0,False,True,147.57111606097467
750.0,-340.0,750.0,-340.0,702.917,13.003565,0.0,False,True,165.58754775342138
770.0,-340.0,770.0,-340.0,678.89954,12.175588,0.0,False,True,158.2755795392413
789.9999999999999,-340.0,789.9999999999999,-340.0,657.26776,11.369643,0.0,False,True,139.94186243021923
810.0,-340.0,810.0,-340.0,638.01917,10.586233,0.0,False,True,121.53543042419746
830.0,-340.0,830.0,-340.0,621.1514,9.826108,0.0,False,True,103.06076014035371
850.0,-340.0,850.0,-340.0,606.66705,9.090641,0.0,False,True,84.52198278713429
869.9999999999999,-340.0,869.9999999999999,-340.0,594.56305,8.381084,0.0,False,True,65.92291538652972
890.0000000000001,-340.0,890.0000000000001,-340.0,584.8427,7.699725,0.0,False,True,47.26708884388792
910.0,-340.0,910.0,-340.0,577.5126,7.0498285,0.0,True,True,28.55777320522035
930.0,-340.0,930.0,-340.0,572.57275,6.4348474,0.0,True,True,9.798000405977724
950.0,-340.0,950.0,-340.0,570.0221,5.859214,0.0,True,False,-9.009415218708517
969.9999999999999,-340.0,969.9999999999999,-340.0,571.2346,5.3506727,3.5168283e-05,True,False,-27.86185842261896
990.0,-340.0,990.0,-340.0,575.6217,5.141847,9.042249e-05,True,False,-46.756896323114916
1010.0,-340.0,1010.0,-340.0,584.00574,5.315208,0.00018681865,False,False,-65.69226327303335
1030.0,-340.0,1030.0,-340.0,600.39966,6.19867,0.00042708224,False,False,-84.66584716215719
1050.0,-340.0,1050.0,-340.0,622.8976,8.039057,0.0007624511,False,False,-103.67567699936198
1070.0,-340.0,1070.0,-340.0,651.89056,10.58161,0.001203181,False,False,-122.71991164314893
1090.0,-340.0,1090.0,-340.0,687.0751,13.646976,0.0017417975,False,False,-141.79682956294815
1110.0,-340.0,1110.0,-340.0,730.56067,17.131252,0.0024330285,False,False,-160.90481952656228
1130.0,-340.0,1130.0,-340.0,786.0339,21.082518,0.0033729055,False,False,-180.0423721205947
1150.0,-340.0,1150.0,-340.0,851.483,25.514378,0.004510017,False,False,-199.2080720208651
1170.0,-340.0,1170.0,-340.0,932.00903,30.418182,0.005977441,False,False,-218.40059093879316
1190.0,-340.0,1190.0,-340.0,1024.0872,35.81298,0.0076845763,False,False,-237.61868117768807
1210.0,-340.0,1210.0,-340.0,1125.5219,41.631794,0.009575165,False,False,-256.86116973992
1230.0,-340.0,1230.0,-340.0,1242.0156,47.810596,0.011799081,False,False,-276.1269529321915
1250.0,-340.0,1250.0,-340.0,1377.0183,54.401432,0.014447735,False,False,-295.414991421668
1270.0,-340.0,1270.0,-340.0,1524.4951,61.396446,0.017364923,False,False,-314.72430570062863
1290.0,-340.0,1290.0,-340.0,1683.7532,68.7472,0.020533567,False,False,-334.05397192167607
1310.0,-340.0,1310.0,-340.0,1860.7775,76.41432,0.024112638,False,False,-353.4031180694096
1330.0,-340.0,1330.0,-340.0,2054.6465,84.40473,0.02807974,False,False,-372.7709204379296
1350.0,-340.0,1350.0,-340.0,2262.5322,92.709404,0.032362066,False,False,-392.1566003866089
1370.0,-340.0,1370.0,-340.0,2483.7925,101.300156,0.036944263,False,False,-411.5594213493105
1390.0,-340.0,1390.0,-340.0,2721.2153,110.14223,0.041901954,False,False,-430.9786860746738
1410.0,-340.0,1410.0,-340.0,2974.8657,119.224396,0.047239058,False,False,-450.4137340772805
1430.0,-340.0,1430.0,-340.0,3245.6501,128.53392,0.05298205,False,False,-469.86393928145617
1450.0,-340.0,1450.0,-340.0,3535.8804,138.047,0.059195146,False,False,-489.32870784122076
1470.0,-340.0,1470.0,-340.0,3844.8105,147.76936,0.065861315,False,False,-508.80747612145666
1490.0,-340.0,1490.0,-340.0,4171.587,157.5329,0.07296202,False,False,-528.2997088267734
1510.0,-340.0,1510.0,-340.0,4520.7505,167.37958,0.08062206,False,False,-547.804897265802
1530.0,-340.0,1530.0,-340.0,4889.6924,177.27379,0.08877593,False,False,-567.322557739791
1550.0000000000002,-340.0,1550.0000000000002,-340.0,5276.372,186.81894,0.09737745,False,False,-586.8522300453815
1570.0,-340.0,1570.0,-340.0,5685.863,196.22191,0.106565684,False,False,-606.3934760823702
1590.0,-340.0,1590.0,-340.0,6119.462,205.47751,0.11638084,False,False,-625.9458785580781
1609.9999999999998,-340.0,1609.9999999999998,-340.0,6575.7886,214.65102,0.12678981,False,False,-645.5090397806997
1630.0,-340.0,1630.0,-340.0,7046.6143,223.65659,0.13757625,False,False,-665.0825805346714
1650.0000000000002,-340.0,1650.0000000000002,-340.0,7534.0337,232.21054,0.14880374,False,False,-684.6661390317074
1670.0,-340.0,1670.0,-340.0,8036.3096,240.52248,0.16042826,False,False,-704.2593699317014
1690.0,-340.0,1690.0,-340.0,8548.551,248.29251,0.17232518,False,False,-723.8619434281854
1709.9999999999998,-340.0,1709.9999999999998,-340.0,9082.872,255.6743,0.18482792,False,False,-743.4735443934904
1730.0,-340.0,1730.0,-340.0,9646.519,262.75677,0.19813943,False,False,-763.0938715791626
1750.0,-340.0,1750.0,-340.0,10230.514,269.3379,0.21202345,False,False,-782.7226368675526
-250.0,-320.0,-250.0,-320.0,17182.082,314.68747,0.3899749,False,False,-783.6872151661246
-229.99999999999997,-320.0,-229.99999999999997,-320.0,16315.444,308.62766,0.36559364,False,False,-764.0717728702823
-210.00000000000003,-320.0,-210.00000000000003,-320.0,15424.1,301.3367,0.34049222,False,False,-744.4650636021114
-190.00000000000003,-320.0,-190.00000000000003,-320.0,14520.732,292.92703,0.31507325,False,False,-724.8673851687655
-170.0,-320.0,-170.0,-320.0,13603.676,283.0115,0.2892661,False,False,-705.2790489270523
-150.0,-320.0,-150.0,-320.0,12681.183,271.59464,0.26332897,False,False,-685.7003805540795
-130.0,-320.0,-130.0,-320.0,11739.849,258.21143,0.23686239,False,False,-666.1317208704673
-110.0,-320.0,-110.0,-320.0,10792.16,243.35016,0.21029496,False,False,-646.5734267202909
-90.0,-320.0,-90.0,-320.0,9833.507,226.43239,0.18346655,False,False,-627.0258719123116
-70.0,-320.0,-70.0,-320.0,8858.9375,207.39386,0.15624078,False,False,-607.4894482274635
-50.0,-320.0,-50.0,-320.0,7873.563,185.84392,0.12878749,False,False,-587.9645664980218
-30.0,-320.0,-30.0,-320.0,6873.4478,161.82265,0.10102725,False,False,-568.4516577643913
-10.0,-320.0,-10.0,-320.0,5870.65,135.29346,0.073293984,False,False,-548.9511745159962
10.0,-320.0,10.0,-320.0,4856.907,106.24513,0.04534658,False,False,-529.463592023393
30.0,-320.0,30.0,-320.0,3819.2146,72.28474,0.016863886,False,False,-509.98940976939184
50.0,-320.0,50.0,-320.0,3165.3047,55.491707,0.00041036794,False,False,-490.52915298773445
70.0,-320.0,70.0,-320.0,3040.2334,53.910103,0.0,False,False,-471.08337431871956
90.0,-320.0,90.0,-320.0,2931.9043,52.467213,0.0,False,False,-451.6526555920898
110.0,-320.0,110.0,-320.0,2825.8818,51.03731,0.0,False,False,-432.23760974853
130.0,-320.0,130.0,-320.0,2722.1863,49.621075,0.0,False,False,-412.83888291227294
150.0,-320.0,150.0,-320.0,2620.8271,48.21868,0.0,False,False,-393.4571566285832
170.0,-320.0,170.0,-320.0,2521.8152,46.83032,0.0,False,False,-374.0931502813165
190.00000000000003,-320.0,190.00000000000003,-320.0,2425.1562,45.455963,0.0,False,False,-354.7476237073269
210.00000000000003,-320.0,210.00000000000003,-320.0,2330.8608,44.095917,0.0,False,False,-335.4213800262693
229.99999999999997,-320.0,229.99999999999997,-320.0,2238.9377,42.75043,0.0,False,False,-316.1152687063098
250.0,-320.0,250.0,-320.0,2149.3994,41.419918,0.0,False,False,-296.83018888846766
270.0,-320.0,270.0,-320.0,2062.256,40.10464,0.0,False,False,-277.567092994773
290.0,-320.0,290.0,-320.0,1977.5154,38.804794,0.0,False,False,-258.32699064819064
310.0,-320.0,310.0,-320.0,1895.1772,37.520153,0.0,False,False,-239.11095293534885
330.0,-320.0,330.0,-320.0,1815.2532,36.25115,0.0,False,False,-219.92011704658964
350.0,-320.0,350.0,-320.0,1737.7644,34.998714,0.0,False,False,-200.75569133174693
370.0,-320.0,370.0,-320.0,1662.7112,33.76273,0.0,False,False,-181.6189608144402
390.0,-320.0,390.0,-320.0,1590.0918,32.542854,0.0,False,False,-162.5112932125925
410.0,-320.0,410.0,-320.0,1519.9155,31.33943,0.0,False,False,-143.43414551841627
430.0,-320.0,430.0,-320.0,1452.1923,30.152891,0.0,False,False,-124.38907119735343
450.0,-320.0,450.0,-320.0,1386.9236,28.983131,0.0,False,False,-105.37772807247397
470.00000000000006,-320.0,470.00000000000006,-320.0,1324.1033,27.829603,0.0,False,False,-86.40188696875906
490.0,-320.0,490.0,-320.0,1263.729,26.692102,0.0,False,False,-67.46344120063291
510.00000000000006,-320.0,510.00000000000006,-320.0,1205.8027,25.570553,0.0,False,False,-48.56441699616787
530.0,-320.0,530.0,-320.0,1150.3331,24.465399,0.0,False,False,-29.70698496277557
550.0,-320.0,550.0,-320.0,1097.3357,23.377565,0.0,False,False,-10.89347271200969
570.0,-320.0,570.0,-320.0,1046.8125,22.30712,0.0,False,True,7.873621224411265
590.0,-320.0,590.0,-320.0,998.76447,21.254034,0.0,False,True,26.591612038924517
610.0,-320.0,610.0,-320.0,953.19574,20.218548,0.0,False,True,45.25761168596054
630.0,-320.0,630.0,-320.0,910.1169,19.201372,0.0,False,True,63.8685101257343
650.0,-320.0,650.0,-320.0,869.53503,18.203043,0.0,False,True,82.42095456313459
670.0,-320.0,670.0,-320.0,831.4646,17.224646,0.0,False,True,100.91132644469053
690.0,-320.0,690.0,-320.0,795.9104,16.266676,0.0,False,True,119.33571594729587
710.0,-320.0,710.0,-320.0,762.86804,15.32903,0.0,False,True,137.68989365966556
730.0,-320.0,730.0,-320.0,732.3364,14.4119,0.0,False,True,155.96927912113583
750.0,-320.0,750.0,-320.0,704.32104,13.516102,0.0,False,True,174.1689058421741
770.0,-320.0,770.0,-320.0,678.8283,12.642662,0.0,False,True,166.15349134268115
789.9999999999999,-320.0,789.9999999999999,-320.0,655.8666,11.792973,0.0,False,True,147.65030650559862
810.0,-320.0,810.0,-320.0,635.4391,10.968193,0.0,False,True,129.08094520787978
830.0,-320.0,830.0,-320.0,617.5452,10.169473,0.0,False,True,110.44955173975657
850.0,-320.0,850.0,-320.0,602.18066,9.397953,0.0,False,True,91.75994362723682
869.9999999999999,-320.0,869.9999999999999,-320.0,589.3472,8.655702,0.0,False,True,73.01564198741728
890.0000000000001,-320.0,890.0000000000001,-320.0,579.04254,7.944962,0.0,True,True,54.21989870795008
910.0,-320.0,910.0,-320.0,571.2671,7.268985,0.0,True,True,35.375720811465285
930.0,-320.0,930.0,-320.0,566.0299,6.632946,0.0,True,True,16.485892322840034
950.0,-320.0,950.0,-320.0,563.33075,6.0423326,0.0,True,False,-2.4470060806206506
969.9999999999999,-320.0,969.9999999999999,-320.0,563.86707,5.5058603,1.7873535e-05,True,False,-21.420579389313133
990.0,-320.0,990.0,-320.0,568.3421,5.1942415,7.161262e-05,True,False,-40.43260233424068
1010.0,-320.0,1010.0,-320.0,575.751,5.273056,0.00013553284,True,False,-59.48100502085468
1030.0,-320.0,1030.0,-320.0,590.6592,5.8948846,0.00032655886,False,False,-78.56385995452308
1050.0,-320.0,1050.0,-320.0,612.9593,7.4553127,0.00064195925,False,False,-97.67937030810597
1070.0,-320.0,1070.0,-320.0,641.3683,9.805331,0.0010490182,False,False,-116.82585929947037
1090.0,-320.0,1090.0,-320.0,676.058,12.730595,0.0015523848,False,False,-136.0017605620162
1110.0,-320.0,1110.0,-320.0,718.21277,16.094852,0.0021829582,False,False,-155.2056094046635
1130.0,-320.0,1130.0,-320.0,771.64246,19.901247,0.003039816,False,False,-174.43603486950278
1150.0,-320.0,1150.0,-320.0,835.68665,24.203472,0.0041066683,False,False,-193.691752505646
1170.0,-320.0,1170.0,-320.0,913.44403,28.965347,0.005464703,False,False,-212.9715577869088
1190.0,-320.0,1190.0,-320.0,1004.63043,34.227684,0.0071074283,False,False,-232.27432010896027
1210.0,-320.0,1210.0,-320.0,1106.1875,39.939167,0.008956362,False,False,-251.59897730862667
1230.0,-320.0,1230.0,-320.0,1218.706,46.02439,0.011027921,False,False,-270.944530654269
1250.0,-320.0,1250.0,-320.0,1351.8948,52.49945,0.0135772005,False,False,-290.3100402616421
1270.0,-320.0,1270.0,-320.0,1498.7156,59.392563,0.016421758,False,False,-309.6946208945047
1290.0,-320.0,1290.0,-320.0,1657.7183,66.65642,0.019524874,False,False,-329.0974381135494
1310.0,-320.0,1310.0,-320.0,1831.8008,74.24475,0.022964325,False,False,-348.51770474102415
1330.0,-320.0,1330.0,-320.0,2023.935,82.15381,0.02682042,False,False,-367.95467761179884
1350.0,-320.0,1350.0,-320.0,2231.4805,90.38059,0.031025328,False,False,-387.40765458462147
1370.0,-320.0,1370.0,-320.0,2452.2715,98.90287,0.035523646,False,False,-406.8759717899798
1390.0,-320.0,1390.0,-320.0,2688.3083,107.68358,0.040370166,False,False,-426.35900109334335
1410.0,-320.0,1410.0,-320.0,2940.6082,116.70804,0.04559414,False,False,-445.85614775467883
1430.0,-320.0,1430.0,-320.0,3210.4893,125.9588,0.051233195,False,False,-465.36684826701344
1450.0,-320.0,1450.0,-320.0,3497.9238,135.42477,0.05728932,False,False,-484.89056835849027
1470.0,-320.0,1470.0,-320.0,3806.7126,145.08348,0.0638672,False,False,-504.42680114387747
1490.0,-320.0,1490.0,-320.0,4131.769,154.85207,0.07083455,False,False,-523.9750654128171
1510.0,-320.0,1510.0,-320.0,4477.5723,164.65149,0.078315765,False,False,-543.5349040433132
1530.0,-320.0,1530.0,-320.0,4845.982,174.57422,0.08636412,False,False,-563.1058825300352
1550.0000000000002,-320.0,1550.0000000000002,-320.0,5230.6943,184.17255,0.094819486,False,False,-582.6875876179733
1570.0,-320.0,1570.0,-320.0,5636.9653,193.56316,0.10382749,False,False,-602.2796260328594
1590.0,-320.0,1590.0,-320.0,6067.6963,202.82918,0.11347079,False,False,-621.8816233005418
1609.9999999999998,-320.0,1609.9999999999998,-320.0,6521.764,212.001,0.12372427,False,False,-641.493222648208
1630.0,-320.0,1630.0,-320.0,6992.138,221.04727,0.13440292,False,False,-661.1140839809891
1650.0000000000002,-320.0,1650.0000000000002,-320.0,7478.6016,229.67172,0.14550848,False,False,-680.7438829280328
1670.0,-320.0,1670.0,-320.0,7981.5645,238.00871,0.15705603,False,False,-700.3823099526767
1690.0,-320.0,1690.0,-320.0,8493.25,245.88153,0.16884096,False,False,-720.0290695217915
1709.9999999999998,-320.0,1709.9999999999998,-320.0,9023.351,253.30911,0.18113379,False,False,-739.6838793298049
1730.0,-320.0,1730.0,-320.0,9581.412,260.41232,0.1942001,False,False,-759.3464695732902
1750.0,-320.0,1750.0,-320.0,10165.443,267.14474,0.20799348,False,False,-779.0165822723523
-250.0,-300.0,-250.0,-300.0,17087.896,313.442,0.38374817,False,False,-779.9137443035964
-229.99999999999997,-300.0,-229.99999999999997,-300.0,16220.824,307.23706,0.3592001,False,False,-760.256252780107
-210.00000000000003,-300.0,-210.00000000000003,-300.0,15329.621,299.76035,0.33394676,False,False,-740.6065648911249
-190.00000000000003,-300.0,-190.00000000000003,-300.0,14429.652,291.1981,0.30848372,False,False,-720.9649479384227
-170.0,-300.0,-170.0,-300.0,13516.055,280.99866,0.28262132,False,False,-701.3316814552401
-150.0,-300.0,-150.0,-300.0,12595.486,269.2374,0.25658524,False,False,-681.7070579069147
-130.0,-300.0,-130.0,-300.0,11654.62,255.64603,0.23000586,False,False,-662.0913834397156
-110.0,-300.0,-110.0,-300.0,10711.592,240.51973,0.20344895,False,False,-642.4849786817424
-90.0,-300.0,-90.0,-300.0,9752.834,223.21585,0.17649662,False,False,-622.8881796001166
-70.0,-300.0,-70.0,-300.0,8780.496,203.8968,0.14922926,False,False,-603.3013384190753
-50.0,-300.0,-50.0,-300.0,7794.7954,181.94296,0.12168005,False,False,-583.7248246040136
-30.0,-300.0,-30.0,-300.0,6796.783,157.5524,0.09390161,False,False,-564.1590259170038
-10.0,-300.0,-10.0,-300.0,5794.5293,130.6718,0.06610676,False,False,-544.6043495498278
10.0,-300.0,10.0,-300.0,4777.496,100.92801,0.038004242,False,False,-525.061223341169
30.0,-300.0,30.0,-300.0,3753.58,68.214714,0.009884115,False,False,-505.5300970852358
50.0,-300.0,50.0,-300.0,3309.8726,58.34585,4.8776856e-06,False,False,-486.0114439398159
70.0,-300.0,70.0,-300.0,3192.388,56.81811,0.0,False,False,-466.50576194255467
90.0,-300.0,90.0,-300.0,3077.454,55.301693,0.0,False,False,-447.01357564513876
110.0,-300.0,110.0,-300.0,2964.9023,53.796017,0.0,False,False,-427.53543787604303
130.0,-300.0,130.0,-300.0,2854.7578,52.30197,0.0,False,False,-408.07193164360837
150.0,-300.0,150.0,-300.0,2747.0542,50.820843,0.0,False,False,-388.6236721924263
170.0,-300.0,170.0,-300.0,2641.8281,49.354027,0.0,False,False,-369.1913092273833
190.00000000000003,-300.0,190.00000000000003,-300.0,2539.0933,47.901875,0.0,False,False,-349.77552932123194
210.00000000000003,-300.0,210.00000000000003,-300.0,2438.862,46.46464,0.0,False,False,-330.3770585232701
229.99999999999997,-300.0,229.99999999999997,-300.0,2341.145,45.042538,0.0,False,False,-310.9966651886057
250.0,-300.0,250.0,-300.0,2245.9458,43.635494,0.0,False,False,-291.63516304963673
270.0,-300.0,270.0,-300.0,2153.2778,42.243958,0.0,False,False,-272.2934145537648
290.0,-300.0,290.0,-300.0,2063.1553,40.86845,0.0,False,False,-252.97233449406
310.0,-300.0,310.0,-300.0,1975.5874,39.509228,0.0,False,False,-233.67289396262208
330.0,-300.0,330.0,-300.0,1890.5872,38.16672,0.0,False,False,-214.3961246597948
350.0,-300.0,350.0,-300.0,1808.154,36.84063,0.0,False,False,-195.14312359622627
370.0,-300.0,370.0,-300.0,1728.2974,35.53127,0.0,False,False,-175.91505822910557
390.0,-300.0,390.0,-300.0,1651.0363,34.239563,0.0,False,False,-156.71317207879042
410.0,-300.0,410.0,-300.0,1576.375,32.96556,0.0,False,False,-137.5387908775656
430.0,-300.0,430.0,-300.0,1504.314,31.709044,0.0,False,False,-118.39332930852642
450.0,-300.0,450.0,-300.0,1434.8608,30.470274,0.0,False,False,-99.27829839964863
470.00000000000006,-300.0,470.00000000000006,-300.0,1368.028,29.249836,0.0,False,False,-80.1953136461217
490.0,-300.0,490.0,-300.0,1303.8145,28.047472,0.0,False,False,-61.146103943118646
510.00000000000006,-300.0,510.00000000000006,-300.0,1242.2147,26.86275,0.0,False,False,-42.13252142147284
530.0,-300.0,530.0,-300.0,1183.227,25.6954,0.0,False,False,-23.156552290456155
550.0,-300.0,550.0,-300.0,1126.8502,24.545246,0.0,False,False,-4.220328805143114
570.0,-300.0,570.0,-300.0,1073.098,23.413076,0.0,False,True,14.673857509034715
590.0,-300.0,590.0,-300.0,1021.9823,22.299656,0.0,False,True,33.52354122475254
610.0,-300.0,610.0,-300.0,973.50586,21.205078,0.0,False,True,52.326066804958934
630.0,-300.0,630.0,-300.0,927.66907,20.129366,0.0,False,True,71.0785706272164
650.0,-300.0,650.0,-300.0,884.4795,19.073093,0.0,False,True,89.77796102346969
670.0,-300.0,670.0,-300.0,843.9462,18.03696,0.0,False,True,108.42089608985967
690.0,-300.0,690.0,-300.0,806.07983,17.021923,0.0,False,True,127.00375898871997
710.0,-300.0,710.0,-300.0,770.8955,16.029327,0.0,False,True,145.5226304281419
730.0,-300.0,730.0,-300.0,738.39307,15.059499,0.0,False,True,163.97325796296548
750.0,-300.0,750.0,-300.0,708.56934,14.112636,0.0,False,True,182.35102171428426
770.0,-300.0,770.0,-300.0,681.42596,13.189488,0.0,False,True,173.62236235483724
789.9999999999999,-300.0,789.9999999999999,-300.0,656.9687,12.291366,0.0,False,True,154.95562246708016
810.0,-300.0,810.0,-300.0,635.20526,11.420028,0.0,False,True,136.2291970667218
830.0,-300.0,830.0,-300.0,616.14197,10.577376,0.0,False,True,117.44688545107945
850.0,-300.0,850.0,-300.0,599.781,9.765469,0.0,False,True,98.61218113400261
869.9999999999999,-300.0,869.9999999999999,-300.0,586.1194,8.986417,0.0,False,True,79.72830098932194
890.0000000000001,-300.0,890.0000000000001,-300.0,575.15576,8.243216,0.0,True,True,60.798211245314924
910.0,-300.0,910.0,-300.0,566.89026,7.539852,0.0,True,True,41.82465070322322
930.0,-300.0,930.0,-300.0,561.3197,6.8811965,0.0,True,True,22.810151505860077
950.0,-300.0,950.0,-300.0,558.4531,6.274836,0.0,True,True,3.7570577414361983
969.9999999999999,-300.0,969.9999999999999,-300.0,558.5197,5.726672,5.838345e-06,True,False,-15.33245786786508
990.0,-300.0,990.0,-300.0,562.93805,5.3384433,5.3835043e-05,True,False,-34.45637897400022
1010.0,-300.0,1010.0,-300.0,570.374,5.33156,0.00010987924,True,False,-53.61283211623819
1030.0,-300.0,1030.0,-300.0,583.873,5.763017,0.00025199642,False,False,-72.80007457121302
1050.0,-300.0,1050.0,-300.0,605.6305,7.0399213,0.0005365314,False,False,-92.0164833920778
1070.0,-300.0,1070.0,-300.0,633.5388,9.184129,0.0009095189,False,False,-111.26054550676822
1090.0,-300.0,1090.0,-300.0,668.15826,11.956573,0.0013855502,False,False,-130.5308487608819
1110.0,-300.0,1110.0,-300.0,709.6986,15.202891,0.001970493,False,False,-149.82607380420805
1130.0,-300.0,1130.0,-300.0,761.4487,18.875084,0.002749783,False,False,-169.14498673175697
1150.0,-300.0,1150.0,-300.0,825.1183,23.044132,0.003768629,False,False,-188.48643240047136
1170.0,-300.0,1170.0,-300.0,899.9891,27.677814,0.0050091306,False,False,-207.84932835184384
1190.0,-300.0,1190.0,-300.0,990.564,32.80736,0.00658933,False,False,-227.23265927859015
1210.0,-300.0,1210.0,-300.0,1092.1768,38.40762,0.00838893,False,False,-246.6354719804824
1230.0,-300.0,1230.0,-300.0,1203.009,44.404194,0.010361366,False,False,-266.05687076055153
1250.0,-300.0,1250.0,-300.0,1333.5175,50.772194,0.012781721,False,False,-285.4960132182441
1270.0,-300.0,1270.0,-300.0,1479.9866,57.562992,0.015554317,False,False,-304.9521064008441
1290.0,-300.0,1290.0,-300.0,1639.1794,64.73875,0.018595804,False,False,-324.42440327864693
1310.0,-300.0,1310.0,-300.0,1811.5925,72.25012,0.021920726,False,False,-343.9121995130485
1330.0,-300.0,1330.0,-300.0,2002.4205,80.08051,0.02566831,False,False,-363.41483048997253
1350.0,-300.0,1350.0,-300.0,2209.7695,88.22974,0.02979057,False,False,-382.9316685939332
1370.0,-300.0,1370.0,-300.0,2431.2297,96.67961,0.03422568,False,False,-402.46212070059136
1390.0,-300.0,1390.0,-300.0,2666.2266,105.400894,0.038960233,False,False,-422.00562586791483
1410.0,-300.0,1410.0,-300.0,2918.126,114.36482,0.044086054,False,False,-441.5616532080755
1430.0,-300.0,1430.0,-300.0,3187.5327,123.55618,0.049621966,False,False,-461.12969992400065
1450.0,-300.0,1450.0,-300.0,3474.02,132.96721,0.055559438,False,False,-480.7092894960847
1470.0,-300.0,1470.0,-300.0,3782.0408,142.56737,0.062020995,False,False,-500.29997000599843
1490.0,-300.0,1490.0,-300.0,4106.695,152.31433,0.068878956,False,False,-519.9013125857875
1510.0,-300.0,1510.0,-300.0,4450.461,162.07887,0.07620466,False,False,-539.5129099815955
1530.0,-300.0,1530.0,-300.0,4818.5312,171.98793,0.0841412,False,False,-559.1343752223542
1550.0000000000002,-300.0,1550.0000000000002,-300.0,5202.5005,181.64711,0.09247103,False,False,-578.7653403846946
1570.0,-300.0,1570.0,-300.0,5606.81,191.0192,0.101320244,False,False,-598.4054554461457
1590.0,-300.0,1590.0,-300.0,6034.549,200.2958,0.11077568,False,False,-618.0543872194162
1609.9999999999998,-300.0,1609.9999999999998,-300.0,6486.918,209.46077,0.12087625,False,False,-637.7118183612159
1630.0,-300.0,1630.0,-300.0,6958.5864,218.50983,0.13148262,False,False,-657.3774464496614
1650.0000000000002,-300.0,1650.0000000000002,-300.0,7444.04,227.20079,0.14245239,False,False,-677.0509831248424
1670.0,-300.0,1670.0,-300.0,7947.196,235.53531,0.1538976,False,False,-696.7321532876072
1690.0,-300.0,1690.0,-300.0,8461.09,243.48872,0.16563435,False,False,-716.4206943520578
1709.9999999999998,-300.0,1709.9999999999998,-300.0,8989.211,250.95918,0.17776573,False,False,-736.1163555476343
1730.0,-300.0,1730.0,-300.0,9542.229,258.08264,0.19058895,False,False,-755.8188972670274
1750.0,-300.0,1750.0,-300.0,10123.984,264.9084,0.20421726,False,False,-775.5280904564706
-250.0,-280.0,-250.0,-280.0,17030.867,312.23752,0.3779416,False,False,-776.3574507329912
-229.99999999999997,-280.0,-229.99999999999997,-280.0,16163.615,305.89978,0.35321212,False,False,-756.6601637952708
-210.00000000000003,-280.0,-210.00000000000003,-280.0,15274.521,298.27695,0.32784986,False,False,-736.9697951766015
-190.00000000000003,-280.0,-190.00000000000003,-280.0,14377.683,289.5382,0.30231518,False,False,-717.2865828528621
-170.0,-280.0,-170.0,-280.0,13468.412,279.13794,0.27641338,False,False,-697.6107757483982
-150.0,-280.0,-150.0,-280.0,12549.588,267.09912,0.25026333,False,False,-677.9426343673653
-130.0,-280.0,-130.0,-280.0,11612.352,253.3443,0.2236538,False,False,-658.2824314688711
-110.0,-280.0,-110.0,-280.0,10671.8125,237.9331,0.19703043,False,False,-638.6304527894406
-90.0,-280.0,-90.0,-280.0,9713.768,220.35577,0.1699723,False,False,-618.9869978167036
-70.0,-280.0,-70.0,-280.0,8745.797,200.80434,0.14271536,False,False,-599.3523806185304
-50.0,-280.0,-50.0,-280.0,7759.2266,178.59717,0.115043916,False,False,-579.7269307322632
-30.0,-280.0,-30.0,-280.0,6765.215,153.91374,0.08729026,False,False,-560.1109941191341
-10.0,-280.0,-10.0,-280.0,5762.216,126.822464,0.059387043,False,False,-540.5049341894396
10.0,-280.0,10.0,-280.0,4740.495,95.972015,0.031078432,False,False,-520.9091329046013
30.0,-280.0,30.0,-280.0,3761.477,66.32798,0.0042951643,False,False,-501.32399196284166
50.0,-280.0,50.0,-280.0,3492.2866,61.702496,0.0,False,False,-481.74993407587476
70.0,-280.0,70.0,-280.0,3367.3574,60.092983,0.0,False,False,-462.18740434476325
90.0,-280.0,90.0,-280.0,3244.9463,58.4945,0.0,False,False,-442.6368717439231
110.0,-280.0,110.0,-280.0,3125.0828,56.90795,0.0,False,False,-423.09883072318934
130.0,-280.0,130.0,-280.0,3007.7827,55.33371,0.0,False,False,-403.5738029388855
150.0,-280.0,150.0,-280.0,2893.0332,53.77086,0.0,False,False,-384.06233912600266
170.0,-280.0,170.0,-280.0,2780.8506,52.219822,0.0,False,False,-364.5650211248853
190.00000000000003,-280.0,190.00000000000003,-280.0,2671.27,50.681973,0.0,False,False,-345.0824640772679
210.00000000000003,-280.0,210.00000000000003,-280.0,2564.3186,49.15827,0.0,False,False,-325.61531880813425
229.99999999999997,-280.0,229.99999999999997,-280.0,2460.0342,47.65016,0.0,False,False,-306.16427441168673
250.0,-280.0,250.0,-280.0,2358.4287,46.157875,0.0,False,False,-286.7300610617694
270.0,-280.0,270.0,-280.0,2259.5176,44.681797,0.0,False,False,-267.31345306938204
290.0,-280.0,290.0,-280.0,2163.3052,43.221912,0.0,False,False,-247.9152722125238
310.0,-280.0,310.0,-280.0,2069.7974,41.77827,0.0,False,False,-228.5363913665212
330.0,-280.0,330.0,-280.0,1979.0166,40.351845,0.0,False,False,-209.17773846630615
350.0,-280.0,350.0,-280.0,1890.9749,38.94295,0.0,False,False,-189.84030083583374
370.0,-280.0,370.0,-280.0,1805.6882,37.552204,0.0,False,False,-170.52512992405406
390.0,-280.0,390.0,-280.0,1723.1575,36.17937,0.0,False,False,-151.23334649164
410.0,-280.0,410.0,-280.0,1643.3848,34.82445,0.0,False,False,-131.9661462980935
430.0,-280.0,430.0,-280.0,1566.3934,33.48854,0.0,False,False,-112.72480634502486
450.0,-280.0,450.0,-280.0,1492.1892,32.171787,0.0,False,False,-93.51069173839815
470.00000000000006,-280.0,470.00000000000006,-280.0,1420.7747,30.874142,0.0,False,False,-74.32526324051703
490.0,-280.0,490.0,-280.0,1352.1558,29.595821,0.0,False,False,-55.170085591618175
510.00000000000006,-280.0,510.00000000000006,-280.0,1286.347,28.33751,0.0,False,False,-36.04683669129538
530.0,-280.0,530.0,-280.0,1223.346,27.098896,0.0,False,False,-16.957317741829293
550.0,-280.0,550.0,-280.0,1163.1482,25.879604,0.0,False,True,2.096535530979937
570.0,-280.0,570.0,-280.0,1105.7513,24.679354,0.0,False,True,21.112640448407326
590.0,-280.0,590.0,-280.0,1051.1531,23.497936,0.0,False,True,40.08875359202835
610.0,-280.0,610.0,-280.0,999.3684,22.336374,0.0,False,True,59.022455490503056
630.0,-280.0,630.0,-280.0,950.4078,21.195343,0.0,False,True,77.91113358758179
650.0,-280.0,650.0,-280.0,904.27386,20.075016,0.0,False,True,96.75196327234953
670.0,-280.0,670.0,-280.0,860.9683,18.97561,0.0,False,True,115.54188672217403
690.0,-280.0,690.0,-280.0,820.502,17.898119,0.0,False,True,134.27758927379725
710.0,-280.0,710.0,-280.0,782.8806,16.843222,0.0,False,True,152.95547299790385
730.0,-280.0,730.0,-280.0,748.121,15.81257,0.0,False,True,171.57162710659102
750.0,-280.0,750.0,-280.0,716.2362,14.807728,0.0,False,True,190.12179477069657
770.0,-280.0,770.0,-280.0,687.22253,13.829126,0.0,False,True,180.67100624962617
789.9999999999999,-280.0,789.9999999999999,-280.0,661.07874,12.877653,0.0,False,True,161.8472692879895
810.0,-280.0,810.0,-280.0,637.80853,11.954895,0.0,False,True,142.9702455573668
830.0,-280.0,830.0,-280.0,617.4175,11.063047,0.0,False,True,124.04338006953786
850.0,-280.0,850.0,-280.0,599.9155,10.205174,0.0,False,True,105.06983512678481
869.9999999999999,-280.0,869.9999999999999,-280.0,585.3048,9.384359,0.0,False,True,86.05251792020351
890.0000000000001,-280.0,890.0000000000001,-280.0,573.58685,8.604478,0.0,True,True,66.99410505613623
910.0,-280.0,910.0,-280.0,564.75793,7.8700953,0.0,True,True,47.897064388518814
930.0,-280.0,930.0,-280.0,558.82043,7.1877637,0.0,True,True,28.763674484937717
950.0,-280.0,950.0,-280.0,555.77014,6.5650616,0.0,True,True,9.596042011139783
969.9999999999999,-280.0,969.9999999999999,-280.0,555.61096,6.012318,0.0,True,False,-9.60388271836593
990.0,-280.0,990.0,-280.0,559.7964,5.576301,3.7108257e-05,True,False,-28.83429180796654
1010.0,-280.0,1010.0,-280.0,567.62854,5.483447,9.346276e-05,True,False,-48.09350727881151
1030.0,-280.0,1030.0,-280.0,580.1064,5.7930484,0.00019469799,True,False,-67.37996983267396
1050.0,-280.0,1050.0,-280.0,601.1766,6.8125625,0.00044209065,False,False,-86.6922287382017
1070.0,-280.0,1070.0,-280.0,628.9084,8.736022,0.0007862051,False,False,-106.02893271378761
1090.0,-280.0,1090.0,-280.0,663.70374,11.337594,0.001237584,False,False,-125.38882169675031
1110.0,-280.0,1110.0,-280.0,705.24915,14.45813,0.0017885852,False,False,-144.7707194019247
1130.0,-280.0,1130.0,-280.0,755.7792,18.006432,0.0024973685,False,False,-164.1735265844177
1150.0,-280.0,1150.0,-280.0,818.9345,22.039154,0.0034591344,False,False,-183.59621493142686
1170.0,-280.0,1170.0,-280.0,892.66785,26.554623,0.0046215123,False,False,-203.0378215168467
1190.0,-280.0,1190.0,-280.0,982.22974,31.552889,0.006122129,False,False,-222.49744376010872
1210.0,-280.0,1210.0,-280.0,1083.884,37.040676,0.007864799,False,False,-241.97423483742202
1230.0,-280.0,1230.0,-280.0,1195.4026,42.947517,0.009792386,False,False,-261.4673994994877
1250.0,-280.0,1250.0,-280.0,1322.8895,49.219044,0.012066339,False,False,-280.9761902549167
1270.0,-280.0,1270.0,-280.0,1469.3408,55.908127,0.014766868,False,False,-300.4999038831184
1290.0,-280.0,1290.0,-280.0,1628.8298,62.995644,0.017740078,False,False,-320.0378782444086
1310.0,-280.0,1310.0,-280.0,1800.67,70.43173,0.020969275,False,False,-339.589489358587
1330.0,-280.0,1330.0,-280.0,1990.8969,78.18411,0.02461633,False,False,-359.15414872633204
1350.0,-280.0,1350.0,-280.0,2198.517,86.25596,0.028657248,False,False,-378.731300870478
1370.0,-280.0,1370.0,-280.0,2420.5815,94.63457,0.033015892,False,False,-398.3204210766573
1390.0,-280.0,1390.0,-280.0,2656.475,103.290146,0.037678003,False,False,-417.9210133149167
1410.0,-280.0,1410.0,-280.0,2909.0278,112.18992,0.042721324,False,False,-437.53260832580764
1430.0,-280.0,1430.0,-280.0,3178.4395,121.32123,0.048154,False,False,-457.15476185613187
1450.0,-280.0,1450.0,-280.0,3465.168,130.67244,0.053991284,False,False,-476.78705303100486
1470.0,-280.0,1470.0,-280.0,3772.1758,140.21729,0.060316153,False,False,-496.4290828502365
1490.0,-280.0,1490.0,-280.0,4097.6377,149.93488,0.06708327,False,False,-516.0804727981954
1510.0,-280.0,1510.0,-280.0,4441.2607,159.65364,0.074290045,False,False,-535.7408635573906
1530.0,-280.0,1530.0,-280.0,4808.206,169.51096,0.08207929,False,False,-555.4099138169333
1550.0000000000002,-280.0,1550.0000000000002,-280.0,5193.037,179.21797,0.0903123,False,False,-575.0872991678907
1570.0,-280.0,1570.0,-280.0,5596.215,188.6004,0.099009484,False,False,-594.7727110782903
1590.0,-280.0,1590.0,-280.0,6022.692,197.87791,0.10830863,False,False,-614.4658559412151
1609.9999999999998,-280.0,1609.9999999999998,-280.0,6473.6934,207.01985,0.11825019,False,False,-634.1664541900251
1630.0,-280.0,1630.0,-280.0,6946.992,216.04575,0.128779,False,False,-653.8742394752994
1650.0000000000002,-280.0,1650.0000000000002,-280.0,7433.1875,224.78104,0.13964587,False,False,-673.5889578985638
1670.0,-280.0,1670.0,-280.0,7936.5034,233.10684,0.15097293,False,False,-693.3103672983285
1690.0,-280.0,1690.0,-280.0,8453.629,241.1329,0.16267496,False,False,-713.0382365843443
1709.9999999999998,-280.0,1709.9999999999998,-280.0,8980.674,248.6054,0.17465484,False,False,-732.7723451163456
1730.0,-280.0,1730.0,-280.0,9530.639,255.75034,0.1872744,False,False,-752.5124821238794
1750.0,-280.0,1750.0,-280.0,10110.355,262.63257,0.20073023,False,False,-772.2584461641028
-250.0,-260.0,-250.0,-260.0,17014.758,311.0812,0.37252456,False,False,-773.0196412866874
-229.99999999999997,-260.0,-229.99999999999997,-260.0,16148.18,304.6154,0.34761193,False,False,-753.2848561140859
-210.00000000000003,-260.0,-210.00000000000003,-260.0,15263.324,296.89,0.32218453,False,False,-733.556149932735
-190.00000000000003,-260.0,-190.00000000000003,-260.0,14369.791,287.9663,0.2965588,False,False,-713.8337326766045
-170.0,-260.0,-170.0,-260.0,13466.599,277.45117,0.2706631,False,False,-694.1178239871159
-150.0,-260.0,-150.0,-260.0,12548.46,265.20456,0.24435696,False,False,-674.408653776448
-130.0,-260.0,-130.0,-260.0,11617.729,251.33636,0.21778971,False,False,-654.7064628302127
-110.0,-260.0,-110.0,-260.0,10679.478,235.70052,0.19108444,False,False,-635.0115034527096
-90.0,-260.0,-90.0,-260.0,9722.539,217.94264,0.16392717,False,False,-615.3240401582917
-70.0,-260.0,-70.0,-260.0,8756.935,198.10187,0.13661313,False,False,-595.6443504126862
-50.0,-260.0,-50.0,-260.0,7772.0283,175.74962,0.10887943,False,False,-575.9727254285017
-30.0,-260.0,-30.0,-260.0,6780.5713,150.86852,0.0811002,False,False,-556.3094710195514
-10.0,-260.0,-10.0,-260.0,5776.9453,123.65431,0.05307757,False,False,-536.6549085190769
10.0,-260.0,10.0,-260.0,4755.944,92.431595,0.024715787,False,False,-517.0093757674632
30.0,-260.0,30.0,-260.0,3876.1665,67.70661,0.0010808543,False,False,-497.37322817559595
50.0,-260.0,50.0,-260.0,3703.6355,65.5078,0.0,False,False,-477.74683987062633
70.0,-260.0,70.0,-260.0,3570.0737,63.808342,0.0,False,False,-458.1306049316155
90.0,-260.0,90.0,-260.0,3439.1501,62.118465,0.0,False,False,-438.52493872329364
110.0,-260.0,110.0,-260.0,3310.9395,60.440845,0.0,False,False,-418.93027933703337
130.0,-260.0,130.0,-260.0,3185.4417,58.7751,0.0,False,False,-399.3470891491105
150.0,-260.0,150.0,-260.0,3062.6626,57.121162,0.0,False,False,-379.77585650739115
170.0,-260.0,170.0,-260.0,2942.6438,55.480488,0.0,False,False,-360.21709755881307
190.00000000000003,-260.0,190.00000000000003,-260.0,2825.393,53.853027,0.0,False,False,-340.6713582313668
210.00000000000003,-260.0,210.00000000000003,-260.0,2710.898,52.23788,0.0,False,False,-321.139216385826
229.99999999999997,-260.0,229.99999999999997,-260.0,2599.1855,50.636,0.0,False,False,-301.6212841541779
250.0,-260.0,250.0,-260.0,2490.2954,49.04892,0.0,False,False,-282.11821048364646
270.0,-260.0,270.0,-260.0,2384.25,47.477364,0.0,False,False,-262.6306839073743
290.0,-260.0,290.0,-260.0,2281.087,45.922768,0.0,False,False,-243.15943556529413
310.0,-260.0,310.0,-260.0,2180.8188,44.38539,0.0,False,False,-223.70524250149276
330.0,-260.0,330.0,-260.0,2083.4556,42.86539,0.0,False,False,-204.26893126753626
350.0,-260.0,350.0,-260.0,1989.0015,41.362785,0.0,False,False,-184.85138186477656
370.0,-260.0,370.0,-260.0,1897.4757,39.878296,0.0,False,False,-165.4535320627274
390.0,-260.0,390.0,-260.0,1808.9005,38.412838,0.0,False,False,-146.07638213519752
410.0,-260.0,410.0,-260.0,1723.2898,36.966896,0.0,False,False,-126.72100006111525
430.0,-260.0,430.0,-260.0,1640.6548,35.540802,0.0,False,False,-107.38852724296194
450.0,-260.0,450.0,-260.0,1560.9893,34.1341,0.0,False,False,-88.08018480255075
470.00000000000006,-260.0,470.00000000000006,-260.0,1484.3198,32.748096,0.0,False,False,-68.79728052169438
490.0,-260.0,490.0,-260.0,1410.6501,31.382832,0.0,False,False,-49.54121650423332
510.00000000000006,-260.0,510.00000000000006,-260.0,1339.989,30.038664,0.0,False,False,-30.313497646130283
530.0,-260.0,530.0,-260.0,1272.3422,28.715834,0.0,False,False,-11.115741012085568
550.0,-260.0,550.0,-260.0,1207.7217,27.41496,0.0,False,True,8.050313769374762
570.0,-260.0,570.0,-260.0,1146.1279,26.135946,0.0,False,True,27.18279296485926
590.0,-260.0,590.0,-260.0,1087.5562,24.878412,0.0,False,True,46.27967590374343
610.0,-260.0,610.0,-260.0,1032.001,23.641909,0.0,False,True,65.33878068848648
630.0,-260.0,630.0,-260.0,979.46045,22.426407,0.0,False,True,84.35774825781355
650.0,-260.0,650.0,-260.0,929.9509,21.233095,0.0,False,True,103.33402458545454
670.0,-260.0,670.0,-260.0,883.4823,20.062738,0.0,False,True,122.26484076531685
690.0,-260.0,690.0,-260.0,840.05566,18.91563,0.0,False,True,141.14719069717708
710.0,-260.0,710.0,-260.0,799.67505,17.792341,0.0,False,True,159.97780604440703
730.0,-260.0,730.0,-260.0,762.354,16.694324,0.0,False,True,178.7531280859669
750.0,-260.0,750.0,-260.0,728.0969,15.622615,0.0,False,True,197.46927602788895
770.0,-260.0,770.0,-260.0,696.92377,14.579649,0.0,False,True,187.28848906884542
789.9999999999999,-260.0,789.9999999999999,-260.0,668.8455,13.567463,0.0,False,True,168.31496346273016
810.0,-260.0,810.0,-260.0,643.85834,12.587291,0.0,False,True,149.29441050384528
830.0,-260.0,830.0,-260.0,621.96094,11.641016,0.0,False,True,130.22991543741858
850.0,-260.0,850.0,-260.0,603.1581,10.731688,0.0,False,True,111.12430565348447
869.9999999999999,-260.0,869.9999999999999,-260.0,587.4581,9.863532,0.0,False,True,91.98017642784906
890.0000000000001,-260.0,890.0000000000001,-260.0,574.8689,9.041813,0.0,True,True,72.79991371872686
910.0,-260.0,910.0,-260.0,565.39105,8.2724285,0.0,True,True,53.58571439353249
930.0,-260.0,930.0,-260.0,559.0232,7.5627584,0.0,True,True,34.339604208601656
950.0,-260.0,950.0,-260.0,555.76587,6.9223323,0.0,True,True,15.063453820501172
969.9999999999999,-260.0,969.9999999999999,-260.0,555.6202,6.3627634,0.0,True,False,-4.2410069301094255
990.0,-260.0,990.0,-260.0,559.42834,5.9099255,2.163116e-05,True,False,-23.572176253340903
1010.0,-260.0,1010.0,-260.0,567.71027,5.7439203,7.809821e-05,True,False,-42.92856898255509
1030.0,-260.0,1030.0,-260.0,579.6753,5.977715,0.00014915605,True,False,-62.30880632704922
1050.0,-260.0,1050.0,-260.0,600.19556,6.778084,0.0003598262,False,False,-81.71160666787713
1070.0,-260.0,1070.0,-260.0,628.327,8.465601,0.0006860298,False,False,-101.13577727726214
1090.0,-260.0,1090.0,-260.0,663.3387,10.887159,0.0011092678,False,False,-120.58020685714432
1110.0,-260.0,1110.0,-260.0,705.30664,13.869504,0.0016318046,False,False,-140.04385880544083
1130.0,-260.0,1130.0,-260.0,755.5596,17.298525,0.0022884775,False,False,-159.52576512986556
1150.0,-260.0,1150.0,-260.0,818.0879,21.197042,0.003183544,False,False,-179.02502093891138
1170.0,-260.0,1170.0,-260.0,891.7015,25.596794,0.004286883,False,False,-198.54077944807545
1190.0,-260.0,1190.0,-260.0,980.21344,30.469778,0.0056988345,False,False,-218.07224744675963
1210.0,-260.0,1210.0,-260.0,1082.459,35.843845,0.007390101,False,False,-237.61868117768807
1230.0,-260.0,1230.0,-260.0,1195.5203,41.65807,0.009285767,False,False,-257.17938258627186
1250.0,-260.0,1250.0,-260.0,1320.8125,47.84179,0.011424386,False,False,-276.75369590222857
1270.0,-260.0,1270.0,-260.0,1467.6012,54.43,0.014051224,False,False,-296.3410045200299
1290.0,-260.0,1290.0,-260.0,1628.1934,61.428688,0.016965875,False,False,-315.94072814849847
1310.0,-260.0,1310.0,-260.0,1801.4213,68.78692,0.020138988,False,False,-335.55232020314344
1330.0,-260.0,1330.0,-260.0,1990.9897,76.464096,0.023670886,False,False,-355.17526541772463
1350.0,-260.0,1350.0,-260.0,2199.202,84.45915,0.027625404,False,False,-374.8090776540575
1370.0,-260.0,1370.0,-260.0,2422.8337,92.76421,0.031919077,False,False,-394.45329789132774
1390.0,-260.0,1390.0,-260.0,2660.2637,101.35173,0.036511056,False,False,-414.1074923781431
1410.0,-260.0,1410.0,-260.0,2914.0063,110.185814,0.041470904,False,False,-433.77125093230956
1430.0,-260.0,1430.0,-260.0,3184.2896,119.25445,0.0468076,False,False,-453.4441853748635
1450.0,-260.0,1450.0,-260.0,3472.4148,128.5409,0.05255934,False,False,-473.12592808625834
1470.0,-260.0,1470.0,-260.0,3779.088,138.02888,0.05874866,False,False,-492.81613067383483
1490.0,-260.0,1490.0,-260.0,4107.084,147.69293,0.06545457,False,False,-512.51446274077
1510.0,-260.0,1510.0,-260.0,4451.465,157.37273,0.07254895,False,False,-532.220610747682
1530.0,-260.0,1530.0,-260.0,4817.9126,167.1678,0.080189794,False,False,-551.9342769589182
1550.0000000000002,-260.0,1550.0000000000002,-260.0,5204.882,176.89737,0.08834269,False,False,-571.6551784663202
1570.0,-260.0,1570.0,-260.0,5608.702,186.29234,0.09691732,False,False,-591.383046283955
1590.0,-260.0,1590.0,-260.0,6035.2617,195.55168,0.10607819,False,False,-611.117624507907
1609.9999999999998,-260.0,1609.9999999999998,-260.0,6486.157,204.65062,0.11587652,False,False,-630.8586695357756
1630.0,-260.0,1630.0,-260.0,6960.174,213.65013,0.12628448,False,False,-650.6059493410293
1650.0000000000002,-260.0,1650.0000000000002,-260.0,7448.481,222.41068,0.13706766,False,False,-670.3592427977884
1670.0,-260.0,1670.0,-260.0,7953.0303,230.72263,0.14828755,False,False,-690.1183390520321
1690.0,-260.0,1690.0,-260.0,8473.536,238.77226,0.15994173,False,False,-709.8830369355678
1709.9999999999998,-260.0,1709.9999999999998,-260.0,9001.791,246.25111,0.17181447,False,False,-729.6531444194236
1730.0,-260.0,1730.0,-260.0,9550.409,253.3995,0.18425894,False,False,-749.4284781036348
1750.0,-260.0,1750.0,-260.0,10128.134,260.27432,0.19752656,False,False,-769.2088627406321
-250.0,-240.0,-250.0,-240.0,17045.408,309.94727,0.36747974,False,False,-769.9015520650115
-229.99999999999997,-240.0,-229.99999999999997,-240.0,16181.57,303.39865,0.34242296,False,False,-750.1316071349471
-210.00000000000003,-240.0,-210.00000000000003,-240.0,15302.164,295.63263,0.31694713,False,False,-730.3669496911257
-190.00000000000003,-240.0,-190.00000000000003,-240.0,14413.756,286.5452,0.2912581,False,False,-710.6077630111431
-170.0,-240.0,-170.0,-240.0,13517.138,275.9523,0.26536387,False,False,-690.8542388877298
-150.0,-240.0,-150.0,-240.0,12600.443,263.5907,0.23891145,False,False,-671.1065781257699
-130.0,-240.0,-130.0,-240.0,11676.205,249.64,0.21236593,False,False,-651.3649910743043
-110.0,-240.0,-110.0,-240.0,10740.387,233.84315,0.18557541,False,False,-631.6296981963933
-90.0,-240.0,-90.0,-240.0,9786.035,215.97647,0.15834916,False,False,-611.9009306800058
-70.0,-240.0,-70.0,-240.0,8821.727,195.93597,0.130941,False,False,-592.1789310933889
-50.0,-240.0,-50.0,-240.0,7839.7275,173.45105,0.10317658,False,False,-572.4639540887106
-30.0,-240.0,-30.0,-240.0,6850.255,148.50793,0.07534397,False,False,-552.756267158152
-10.0,-240.0,-10.0,-240.0,5848.272,121.52212,0.047271803,False,False,-533.0561514470158
10.0,-240.0,10.0,-240.0,4829.2803,90.408134,0.018889422,False,False,-513.3639026288923
30.0,-240.0,30.0,-240.0,4098.077,71.630936,7.602837e-05,False,False,-493.67983184843496
50.0,-240.0,50.0,-240.0,3949.5798,69.8218,0.0,False,False,-474.00426673784943
70.0,-240.0,70.0,-240.0,3806.4097,68.03425,0.0,False,False,-454.3375525138591
90.0,-240.0,90.0,-240.0,3665.9832,66.25338,0.0,False,False,-434.6800531625923
110.0,-240.0,110.0,-240.0,3528.3257,64.47965,0.0,False,False,-415.0321527206492
130.0,-240.0,130.0,-240.0,3393.474,62.71415,0.0,False,False,-395.3942566614825
150.0,-240.0,150.0,-240.0,3261.4775,60.95854,0.0,False,False,-375.7667933972196
170.0,-240.0,170.0,-240.0,3132.4194,59.21585,0.0,False,False,-356.1502159071777
190.00000000000003,-240.0,190.00000000000003,-240.0,3006.3076,57.486023,0.0,False,False,-336.54500350556873
210.00000000000003,-240.0,210.00000000000003,-240.0,2883.15,55.76904,0.0,False,False,-316.9516637623103
229.99999999999997,-240.0,229.99999999999997,-240.0,2762.9917,54.06651,0.0,False,False,-297.37073459244255
250.0,-240.0,250.0,-240.0,2645.8408,52.378353,0.0,False,False,-277.8027865314548
270.0,-240.0,270.0,-240.0,2531.6885,50.703815,0.0,False,False,-258.24842521585015
290.0,-240.0,290.0,-240.0,2420.5718,49.04435,0.0,False,False,-238.70829409057538
310.0,-240.0,310.0,-240.0,2312.5264,47.40127,0.0,False,False,-219.18307736754616
330.0,-240.0,330.0,-240.0,2207.5767,45.77541,0.0,False,False,-199.67350326245707
350.0,-240.0,350.0,-240.0,2105.7598,44.168125,0.0,False,False,-180.18034754042296
370.0,-240.0,370.0,-240.0,2007.082,42.57941,0.0,False,False,-160.7044374048242
390.0,-240.0,390.0,-240.0,1911.5519,41.009453,0.0,False,False,-141.24665576809736
410.0,-240.0,410.0,-240.0,1819.1814,39.458595,0.0,False,False,-121.80794594818367
430.0,-240.0,430.0,-240.0,1729.9996,37.92811,0.0,False,False,-102.3893168400622
450.0,-240.0,450.0,-240.0,1644.0237,36.418682,0.0,False,False,-82.99184861831537
470.00000000000006,-240.0,470.00000000000006,-240.0,1561.2739,34.931175,0.0,False,False,-63.61669903416445
490.0,-240.0,490.0,-240.0,1481.7456,33.46518,0.0,False,False,-44.26511037904013
510.00000000000006,-240.0,510.00000000000006,-240.0,1405.4565,32.02158,0.0,False,False,-24.9384171966458
530.0,-240.0,530.0,-240.0,1332.4214,30.601023,0.0,False,False,-5.6380548369188705
550.0,-240.0,550.0,-240.0,1262.6448,29.203741,0.0,False,True,13.634431041513572
570.0,-240.0,570.0,-240.0,1196.1383,27.830381,0.0,False,True,32.877373898524134
590.0,-240.0,590.0,-240.0,1132.9109,26.481476,0.0,False,True,52.088974529765466
610.0,-240.0,610.0,-240.0,1072.967,25.157293,0.0,False,True,71.26728791398318
630.0,-240.0,630.0,-240.0,1016.3015,23.857481,0.0,False,True,90.41020850645836
650.0,-240.0,650.0,-240.0,962.9036,22.581432,0.0,False,True,109.51545376694988
670.0,-240.0,670.0,-240.0,912.7703,21.329185,0.0,False,True,128.5805456782035
690.0,-240.0,690.0,-240.0,865.9197,20.1022,0.0,False,True,147.60278997341035
710.0,-240.0,710.0,-240.0,822.36194,18.901531,0.0,False,True,166.57925274701086
730.0,-240.0,730.0,-240.0,782.0996,17.727915,0.0,False,True,185.50673407182356
750.0,-240.0,750.0,-240.0,745.13635,16.582405,0.0,False,True,204.38173818535083
770.0,-240.0,770.0,-240.0,711.48645,15.467127,0.0,False,True,193.4641979428316
789.9999999999999,-240.0,789.9999999999999,-240.0,681.15717,14.38405,0.0,False,True,174.34874190127957
810.0,-240.0,810.0,-240.0,654.1682,13.336623,0.0,False,True,155.19232958027652
830.0,-240.0,830.0,-240.0,630.5299,12.328139,0.0,False,True,135.99768518828603
850.0,-240.0,850.0,-240.0,610.23975,11.361521,0.0,False,True,116.76730132993835
869.9999999999999,-240.0,869.9999999999999,-240.0,593.29565,10.440732,0.0,False,True,97.50346261052056
890.0000000000001,-240.0,890.0000000000001,-240.0,579.7009,9.5714655,0.0,True,True,78.20826647230106
910.0,-240.0,910.0,-240.0,569.46814,8.761838,0.0,True,True,58.88364162554266
930.0,-240.0,930.0,-240.0,562.60315,8.021309,0.0,True,True,39.5313643850726
950.0,-240.0,950.0,-240.0,559.1047,7.3607,0.0,True,True,20.15307317928483
969.9999999999999,-240.0,969.9999999999999,-240.0,558.97095,6.792811,0.0,True,True,0.7502814611354824
990.0,-240.0,990.0,-240.0,562.6724,6.333915,1.1949887e-05,True,False,-18.675610780978737
1010.0,-240.0,1010.0,-240.0,571.29974,6.1196547,6.3802e-05,True,False,-38.123306741545015
1030.0,-240.0,1030.0,-240.0,583.51135,6.3001876,0.000121194724,False,False,-57.59160359753235
1050.0,-240.0,1050.0,-240.0,603.5246,6.936904,0.00029239894,False,False,-77.07938426097444
1070.0,-240.0,1070.0,-240.0,632.21,8.3880415,0.0005999183,False,False,-96.58560997306547
1090.0,-240.0,1090.0,-240.0,667.7417,10.619608,0.0009971212,False,False,-116.1093136427096
1110.0,-240.0,1110.0,-240.0,710.52203,13.453957,0.0014946691,False,False,-135.64959384486204
1130.0,-240.0,1130.0,-240.0,761.2285,16.76291,0.0021106314,False,False,-155.2056094046635
1150.0,-240.0,1150.0,-240.0,823.6046,20.53019,0.0029428569,False,False,-174.7765745025734
1170.0,-240.0,1170.0,-240.0,898.1754,24.813168,0.004006028,False,False,-194.36175424366314
1190.0,-240.0,1190.0,-240.0,985.89233,29.565447,0.005325684,False,False,-213.9604606411199
1210.0,-240.0,1210.0,-240.0,1089.0204,34.825367,0.0069621955,False,False,-233.57204896998223
1230.0,-240.0,1230.0,-240.0,1203.9747,40.543777,0.008823317,False,False,-253.1959144523254
1250.0,-240.0,1250.0,-240.0,1329.3838,46.64339,0.0108743105,False,False,-272.83148923964023
1270.0,-240.0,1270.0,-240.0,1476.1711,53.134075,0.013404832,False,False,-292.4782396620844
1290.0,-240.0,1290.0,-240.0,1638.4855,60.042866,0.016262757,False,False,-312.13566371774226
1310.0,-240.0,1310.0,-240.0,1813.9114,67.32163,0.01938606,False,False,-331.8032887780387
1330.0,-240.0,1330.0,-240.0,2004.2971,74.923,0.022825737,False,False,-351.48066948809907
1350.0,-240.0,1350.0,-240.0,2213.3918,82.84216,0.026684532,False,False,-371.1673858431727
1370.0,-240.0,1370.0,-240.0,2439.565,91.070724,0.03092163,False,False,-390.8630414242806
1390.0,-240.0,1390.0,-240.0,2679.8281,99.58563,0.03545975,False,False,-410.56726177804086
1410.0,-240.0,1410.0,-240.0,2934.9211,108.35397,0.04032117,False,False,-430.27969292722605
1430.0,-240.0,1430.0,-240.0,3207.4824,117.354095,0.045579813,False,False,-450.00000000000006
1450.0,-240.0,1450.0,-240.0,3498.058,126.57074,0.05125396,False,False,-469.7278659670301
1470.0,-240.0,1470.0,-240.0,3806.433,135.99184,0.057341535,False,False,-489.46299047676916
1490.0,-240.0,1490.0,-240.0,4136.8936,145.59264,0.063963115,False,False,-509.20508878018296
1510.0,-240.0,1510.0,-240.0,4483.324,155.23236,0.07095799,False,False,-528.953890737062
1530.0,-240.0,1530.0,-240.0,4851.038,164.95424,0.07847571,False,False,-548.7091398968367
1550.0000000000002,-240.0,1550.0000000000002,-240.0,5241.218,174.68384,0.08655531,False,False,-568.4705926475004
1570.0,-240.0,1570.0,-240.0,5646.879,184.06413,0.095017105,False,False,-588.2380174268593
1590.0,-240.0,1590.0,-240.0,6074.758,193.28978,0.104050145,False,False,-608.0111939908877
1609.9999999999998,-240.0,1609.9999999999998,-240.0,6526.3286,202.35558,0.113702774,False,False,-627.7899127344411
1630.0,-240.0,1630.0,-240.0,7001.975,211.31192,0.12399179,False,False,-647.573974060042
1650.0000000000002,-240.0,1650.0000000000002,-240.0,7494.1255,220.06258,0.13471647,False,False,-667.3631877908307
1670.0,-240.0,1670.0,-240.0,8000.8438,228.36508,0.14583178,False,False,-687.1573726241426
1690.0,-240.0,1690.0,-240.0,8524.866,236.38553,0.15742005,False,False,-706.9563556224865
1709.9999999999998,-240.0,1709.9999999999998,-240.0,9056.479,243.86803,0.1692221,False,False,-726.759971738979
1730.0,-240.0,1730.0,-240.0,9606.293,250.98914,0.18153982,False,False,-746.5680633745714
1750.0,-240.0,1750.0,-240.0,10182.479,257.82565,0.19460955,False,False,-766.3804799646086
-250.0,-220.0,-250.0,-220.0,17131.87,308.8156,0.3628317,False,False,-767.0043462357133
-229.99999999999997,-220.0,-229.99999999999997,-220.0,16272.212,302.21915,0.3376432,False,False,-747.2016191345853
-210.00000000000003,-220.0,-210.00000000000003,-220.0,15399.998,294.4617,0.31214738,False,False,-727.4034375898218
-190.00000000000003,-220.0,-190.00000000000003,-220.0,14517.34,285.2657,0.28638712,False,False,-707.6099597061823
-170.0,-220.0,-170.0,-220.0,13627.016,274.63068,0.2604596,False,False,-687.8213509664959
-150.0,-220.0,-150.0,-220.0,12714.496,262.24442,0.23392923,False,False,-668.037784664659
-130.0,-220.0,-130.0,-220.0,11796.125,248.25005,0.20736304,False,False,-648.2594423693134
-110.0,-220.0,-110.0,-220.0,10863.352,232.39978,0.18049271,False,False,-628.4865144207416
-90.0,-220.0,-90.0,-220.0,9913.467,214.47844,0.15323141,False,False,-608.7192004637826
-70.0,-220.0,-70.0,-220.0,8950.537,194.39267,0.12572762,False,False,-588.9577100198262
-50.0,-220.0,-50.0,-220.0,7972.2793,171.88007,0.09794593,False,False,-569.2022631012438
-30.0,-220.0,-30.0,-220.0,6984.9443,147.05946,0.07005915,False,False,-549.4530908719637
-10.0,-220.0,-10.0,-220.0,5987.046,120.54186,0.042009626,False,False,-529.710436358234
10.0,-220.0,10.0,-220.0,4969.127,90.025894,0.013579334,False,False,-509.9745552140654
30.0,-220.0,30.0,-220.0,4395.558,76.63633,0.0,False,False,-490.24571654627874
50.0,-220.0,50.0,-220.0,4238.282,74.740776,0.0,False,False,-470.5242038045985
70.0,-220.0,70.0,-220.0,4083.968,72.85336,0.0,False,False,-450.81031574281445
90.0,-220.0,90.0,-220.0,3932.613,70.97347,0.0,False,False,-431.10436745765736
110.0,-220.0,110.0,-220.0,3784.215,69.10045,0.0,False,False,-411.40669151276086
130.0,-220.0,130.0,-220.0,3638.8,67.23465,0.0,False,False,-391.7176391558793
150.0,-220.0,150.0,-220.0,3496.391,65.37637,0.0,False,False,-372.03758163842974
170.0,-220.0,170.0,-220.0,3357.02,63.526287,0.0,False,False,-352.3669116474448
190.00000000000003,-220.0,190.00000000000003,-220.0,3220.7268,61.685528,0.0,False,False,-332.7060448611553
210.00000000000003,-220.0,210.00000000000003,-220.0,3087.547,59.855106,0.0,False,False,-313.0554216407167
229.99999999999997,-220.0,229.99999999999997,-220.0,2957.5498,58.037582,0.0,False,False,-293.41550887203175
250.0,-220.0,250.0,-220.0,2830.7737,56.23414,0.0,False,False,-273.7868019732791
270.0,-220.0,270.0,-220.0,2707.231,54.444912,0.0,False,False,-254.1698270856025
290.0,-220.0,290.0,-220.0,2586.9575,52.67107,0.0,False,False,-234.56514346653506
310.0,-220.0,310.0,-220.0,2469.9707,50.912937,0.0,False,False,-214.9733461081207
330.0,-220.0,330.0,-220.0,2356.271,49.17017,0.0,False,False,-195.39506860442575
350.0,-220.0,350.0,-220.0,2245.903,47.44456,0.0,False,False,-175.83098629624334
370.0,-220.0,370.0,-220.0,2138.8994,45.737267,0.0,False,False,-156.28181972433202
390.0,-220.0,390.0,-220.0,2035.2854,44.049095,0.0,False,False,-136.74833842659706
410.0,-220.0,410.0,-220.0,1935.0923,42.38122,0.0,False,False,-117.23136511926025
430.0,-220.0,430.0,-220.0,1838.3237,40.733524,0.0,False,False,-97.73178030740375
450.0,-220.0,450.0,-220.0,1744.9968,39.106644,0.0,False,False,-78.25052737639743
470.00000000000006,-220.0,470.00000000000006,-220.0,1655.127,37.50113,0.0,False,False,-58.78861822277598
490.0,-220.0,490.0,-220.0,1568.7416,35.91825,0.0,False,False,-39.34713949128277
510.00000000000006,-220.0,510.00000000000006,-220.0,1485.8658,34.359184,0.0,False,False,-19.927259494189887
530.0,-220.0,530.0,-220.0,1406.513,32.82459,0.0,False,False,-0.5302358999175749
550.0,-220.0,550.0,-220.0,1330.6855,31.314499,0.0,False,True,18.842575709401455
570.0,-220.0,570.0,-220.0,1258.4092,29.830292,0.0,False,True,38.18971229707774
590.0,-220.0,590.0,-220.0,1189.6827,28.371944,0.0,False,True,57.509592716300126
610.0,-220.0,610.0,-220.0,1124.5249,26.94064,0.0,False,True,76.80050578847747
630.0,-220.0,630.0,-220.0,1062.9456,25.537098,0.0,False,True,96.06059694079744
650.0,-220.0,650.0,-220.0,1004.9577,24.16231,0.0,False,True,115.28785320102897
670.0,-220.0,670.0,-220.0,950.5525,22.815937,0.0,False,True,134.48008631559455
690.0,-220.0,690.0,-220.0,899.7146,21.497349,0.0,False,True,153.63491371933534
710.0,-220.0,710.0,-220.0,852.437,20.20657,0.0,False,True,172.7497370411456
730.0,-220.0,730.0,-220.0,808.7359,18.945381,0.0,False,True,191.8217177775004
750.0,-220.0,750.0,-220.0,768.6221,17.71543,0.0,False,True,210.84774970432562
770.0,-220.0,770.0,-220.0,732.1023,16.518385,0.0,False,True,199.18791217914296
789.9999999999999,-220.0,789.9999999999999,-220.0,699.17993,15.356179,0.0,False,True,179.93902665716377
810.0,-220.0,810.0,-220.0,669.872,14.232366,0.0,False,True,160.65501729026803
830.0,-220.0,830.0,-220.0,644.1841,13.150298,0.0,False,True,141.33825053167766
850.0,-220.0,850.0,-220.0,622.1379,12.11567,0.0,False,True,121.99088842996625
869.9999999999999,-220.0,869.9999999999999,-220.0,603.74475,11.134382,0.0,False,True,102.61490986310685
890.0000000000001,-220.0,890.0000000000001,-220.0,588.9999,10.212427,0.0,False,True,83.21212922508614
910.0,-220.0,910.0,-220.0,577.9039,9.3580265,0.0,True,True,63.784212908156505
930.0,-220.0,930.0,-220.0,570.45807,8.581628,0.0,True,True,44.3326938730193
950.0,-220.0,950.0,-220.0,566.6781,7.8974,0.0,True,True,24.858984556592468
969.9999999999999,-220.0,969.9999999999999,-220.0,566.5691,7.3203983,0.0,True,True,5.364388331083325
990.0,-220.0,990.0,-220.0,570.28186,6.864952,3.9945007e-06,True,False,-14.149890302217749
1010.0,-220.0,1010.0,-220.0,579.31995,6.6205807,5.0589326e-05,True,False,-33.68273662666926
1030.0,-220.0,1030.0,-220.0,592.4441,6.7521396,0.00010782419,False,False,-53.23311759553023
1050.0,-220.0,1050.0,-220.0,612.2061,7.2824264,0.00024118333,False,False,-72.80007457121285
1070.0,-220.0,1070.0,-220.0,641.3541,8.524968,0.0005215913,False,False,-92.3827168167759
1090.0,-220.0,1090.0,-220.0,677.71674,10.563218,0.00089349505,False,False,-111.9802156513398
1110.0,-220.0,1110.0,-220.0,721.9053,13.235848,0.0013730307,False,False,-131.59179919262414
1130.0,-220.0,1130.0,-220.0,773.87115,16.417562,0.0019596084,False,False,-151.21674761966526
1150.0,-220.0,1150.0,-220.0,836.69275,20.055357,0.0027336767,False,False,-170.85438889727027
1170.0,-220.0,1170.0,-220.0,912.7627,24.216125,0.0037589332,False,False,-190.50409491105924
1190.0,-220.0,1190.0,-220.0,1000.54767,28.85447,0.004995916,False,False,-210.16527796826168
1210.0,-220.0,1210.0,-220.0,1105.4733,33.999516,0.0065877484,False,False,-229.83738762488437
1230.0,-220.0,1230.0,-220.0,1222.5186,39.618793,0.008404453,False,False,-249.5199078045935
1250.0,-220.0,1250.0,-220.0,1349.8074,45.63437,0.010397946,False,False,-269.212354178764
1270.0,-220.0,1270.0,-220.0,1496.9524,52.030563,0.012824196,False,False,-288.91427178071086
1290.0,-220.0,1290.0,-220.0,1661.6876,58.848244,0.015625533,False,False,-308.62523283024007
1310.0,-220.0,1310.0,-220.0,1840.1592,66.04466,0.018702086,False,False,-328.3448347473634
1330.0,-220.0,1330.0,-220.0,2032.3821,73.56909,0.022056095,False,False,-348.0726983364066
1350.0,-220.0,1350.0,-220.0,2243.9644,81.40933,0.02584045,False,False,-367.8084661238211
1370.0,-220.0,1370.0,-220.0,2473.186,89.559494,0.03001212,False,False,-387.55180083483737
1390.0,-220.0,1390.0,-220.0,2717.3071,97.99729,0.034500472,False,False,-407.302383995707
1410.0,-220.0,1410.0,-220.0,2975.6968,106.69246,0.03929145,False,False,-427.05991464969685
1430.0,-220.0,1430.0,-220.0,3251.6785,115.61796,0.04447774,False,False,-446.82410817624975
1450.0,-220.0,1450.0,-220.0,3545.6394,124.75884,0.050073717,False,False,-466.5946952038249
1470.0,-220.0,1470.0,-220.0,3857.2412,134.10406,0.056074124,False,False,-486.37142060791797
1490.0,-220.0,1490.0,-220.0,4191.034,143.62488,0.06260768,False,False,-506.1540425866142
1510.0,-220.0,1510.0,-220.0,4541.4565,153.21976,0.0695279,False,False,-525.9423318068084
1530.0,-220.0,1530.0,-220.0,4911.7607,162.85912,0.07692977,False,False,-545.7360706149029
1550.0000000000002,-220.0,1550.0000000000002,-220.0,5305.956,172.56607,0.08492955,False,False,-565.5350523063993
1570.0,-220.0,1570.0,-220.0,5715.212,181.92125,0.09329711,False,False,-585.339080449353
1590.0,-220.0,1590.0,-220.0,6145.9814,191.08374,0.102216154,False,False,-605.1479682571326
1609.9999999999998,-220.0,1609.9999999999998,-220.0,6599.5986,200.10567,0.11173078,False,False,-624.9615380063616
1630.0,-220.0,1630.0,-220.0,7077.911,208.99646,0.12190009,False,False,-644.7796204963145
1650.0000000000002,-220.0,1650.0000000000002,-220.0,7575.5425,217.70416,0.13258298,False,False,-664.6020545463713
1670.0,-220.0,1670.0,-220.0,8085.5923,225.98717,0.1435965,False,False,-684.4286865284621
1690.0,-220.0,1690.0,-220.0,8613.952,233.96303,0.15511288,False,False,-704.2593699317014
1709.9999999999998,-220.0,1709.9999999999998,-220.0,9151.234,241.42001,0.16688079,False,False,-724.0939649566666
1730.0,-220.0,1730.0,-220.0,9703.304,248.48589,0.17907295,False,False,-743.9323381370048
1750.0,-220.0,1750.0,-220.0,10279.574,255.258,0.19196168,False,False,-763.7743619862493
-250.0,-200.0,-250.0,-200.0,17285.387,307.64093,0.35857207,False,False,-764.3291119373571
-229.99999999999997,-200.0,-229.99999999999997,-200.0,16431.855,301.0476,0.33328223,False,False,-744.4960170548624
-210.00000000000003,-200.0,-210.00000000000003,-200.0,15567.846,293.34113,0.3077706,False,False,-724.6667770357543
-190.00000000000003,-200.0,-190.00000000000003,-200.0,14692.109,284.12738,0.28194913,False,False,-704.8415263893334
-170.0,-200.0,-170.0,-200.0,13808.336,273.51062,0.25596577,False,False,-685.0204059275158
-150.0,-200.0,-150.0,-200.0,12901.74,261.1482,0.22938457,False,False,-665.2035631365753
-130.0,-200.0,-130.0,-200.0,11989.986,247.2352,0.20280641,False,False,-645.3911525753878
-110.0,-200.0,-110.0,-200.0,11060.842,231.40895,0.17585129,False,False,-625.5833363023808
-90.0,-200.0,-90.0,-200.0,10116.768,213.56544,0.14857969,False,False,-605.7802843336306
-70.0,-200.0,-70.0,-200.0,9155.413,193.54784,0.12096736,False,False,-585.9821751347688
-50.0,-200.0,-50.0,-200.0,8182.3184,171.19362,0.093198806,False,False,-566.1891961496315
-30.0,-200.0,-30.0,-200.0,7196.541,146.6596,0.06522475,False,False,-546.4015443688761
-10.0,-200.0,-10.0,-200.0,6201.891,120.548454,0.037163917,False,False,-526.6194269421118
10.0,-200.0,10.0,-200.0,5188.111,91.43006,0.008776192,False,False,-506.8430618374555
30.0,-200.0,30.0,-200.0,4752.5186,82.44878,0.0,False,False,-487.07267855283214
50.0,-200.0,50.0,-200.0,4581.7324,80.42944,0.0,False,False,-467.3085188837797
70.0,-200.0,70.0,-200.0,4414.1465,78.41968,0.0,False,False,-447.55083775303996
90.0,-200.0,90.0,-200.0,4249.7974,76.41986,0.0,False,False,-427.79990410776554
110.0,-200.0,110.0,-200.0,4088.7017,74.42969,0.0,False,False,-408.05600189081986
130.0,-200.0,130.0,-200.0,3930.8584,72.44831,0.0,False,False,-388.3194310933552
150.0,-200.0,150.0,-200.0,3776.284,70.47571,0.0,False,False,-368.59050889665093
170.0,-200.0,170.0,-200.0,3624.9739,68.51092,0.0,False,False,-348.8695709121066
190.00000000000003,-200.0,190.00000000000003,-200.0,3476.9536,66.55416,0.0,False,False,-329.15697252928965
210.00000000000003,-200.0,210.00000000000003,-200.0,3332.2578,64.606094,0.0,False,False,-309.45309038309716
229.99999999999997,-200.0,229.99999999999997,-200.0,3190.9224,62.667587,0.0,False,False,-289.7583239523829
250.0,-200.0,250.0,-200.0,3052.9885,60.739697,0.0,False,False,-270.07309730388226
270.0,-200.0,270.0,-200.0,2918.4888,58.823284,0.0,False,False,-250.39786099692807
290.0,-200.0,290.0,-200.0,2787.4607,56.919563,0.0,False,False,-230.7330941663629
310.0,-200.0,310.0,-200.0,2659.96,55.030502,0.0,False,False,-211.0793068032028
330.0,-200.0,330.0,-200.0,2536.0244,53.157326,0.0,False,False,-191.437042255084
350.0,-200.0,350.0,-200.0,2415.6772,51.300648,0.0,False,False,-171.80687997133703
370.0,-200.0,370.0,-200.0,2298.952,49.461414,0.0,False,False,-152.18943852075623
390.0,-200.0,390.0,-200.0,2185.8496,47.63933,0.0,False,False,-132.5853789138336
410.0,-200.0,410.0,-200.0,2076.4248,45.83665,0.0,False,False,-112.99540826546477
430.0,-200.0,430.0,-200.0,1970.7205,44.05493,0.0,False,False,-93.42028383903012
450.0,-200.0,450.0,-200.0,1868.7495,42.29443,0.0,False,False,-73.86081751837942
470.00000000000006,-200.0,470.00000000000006,-200.0,1770.5394,40.556236,0.0,False,False,-54.31788076075905
490.0,-200.0,490.0,-200.0,1676.0999,38.84052,0.0,False,False,-34.79241009125833
510.00000000000006,-200.0,510.00000000000006,-200.0,1585.4492,37.148045,0.0,False,False,-15.28541320807497
530.0,-200.0,530.0,-200.0,1498.614,35.48002,0.0,False,True,4.202024221926948
550.0,-200.0,550.0,-200.0,1415.6145,33.8375,0.0,False,True,23.668730986083407
570.0,-200.0,570.0,-200.0,1336.4788,32.222076,0.0,False,True,43.11344186212912
590.0,-200.0,590.0,-200.0,1261.2255,30.6348,0.0,False,True,62.53478814648411
610.0,-200.0,610.0,-200.0,1189.8685,29.07656,0.0,False,True,81.93128703447583
630.0,-200.0,630.0,-200.0,1122.418,27.548132,0.0,False,True,101.30132969009553
650.0,-200.0,650.0,-200.0,1058.8862,26.050512,0.0,False,True,120.64316781672358
670.0,-200.0,670.0,-200.0,999.2853,24.584751,0.0,False,True,139.95489850937253
690.0,-200.0,690.0,-200.0,943.636,23.152742,0.0,False,True,159.2344471324721
710.0,-200.0,710.0,-200.0,891.94116,21.75529,0.0,False,True,178.47954792393827
730.0,-200.0,730.0,-200.0,844.1821,20.392086,0.0,False,True,197.68772197487027
750.0,-200.0,750.0,-200.0,800.34265,19.06316,0.0,False,True,216.85625217301924
770.0,-200.0,770.0,-200.0,760.42944,17.77047,0.0,False,True,204.44987587204787
789.9999999999999,-200.0,789.9999999999999,-200.0,724.45544,16.516884,0.0,False,True,185.07669072482656
810.0,-200.0,810.0,-200.0,692.4303,15.305725,0.0,False,True,165.67392465535391
830.0,-200.0,830.0,-200.0,664.3558,14.140563,0.0,False,True,146.24359446034018
850.0,-200.0,850.0,-200.0,640.2562,13.027914,0.0,False,True,126.78754017135086
869.9999999999999,-200.0,869.9999999999999,-200.0,620.134,11.973914,0.0,False,True,107.30744374112766
890.0000000000001,-200.0,890.0000000000001,-200.0,604.0133,10.988322,0.0,False,True,87.80484544150302
910.0,-200.0,910.0,-200.0,591.9084,10.082061,0.0,False,True,68.28115828861753
930.0,-200.0,930.0,-200.0,583.8125,9.266574,0.0,False,True,48.73768076308205
950.0,-200.0,950.0,-200.0,579.7258,8.556336,0.0,True,True,29.17560805262004
969.9999999999999,-200.0,969.9999999999999,-200.0,579.64795,7.967602,0.0,True,True,9.596042011139783
990.0,-200.0,990.0,-200.0,583.59534,7.5181565,0.0,False,False,-10.000000000000064
1010.0,-200.0,1010.0,-200.0,593.0681,7.2638965,3.8474856e-05,False,False,-29.61157724648772
1030.0,-200.0,1030.0,-200.0,607.3031,7.3603926,9.5938914e-05,False,False,-49.237818609298934
1050.0,-200.0,1050.0,-200.0,627.4056,7.8256164,0.00020070319,False,False,-68.87791632159745
1070.0,-200.0,1070.0,-200.0,657.31726,8.896447,0.00045408096,False,False,-88.53112036358435
1090.0,-200.0,1090.0,-200.0,695.0867,10.745666,0.0008060844,False,False,-108.1967334368028
1110.0,-200.0,1110.0,-200.0,741.0839,13.248416,0.0012669489,False,False,-127.87410644982889
1130.0,-200.0,1130.0,-200.0,794.9874,16.29323,0.0018292058,False,False,-147.5626344561765
1150.0,-200.0,1150.0,-200.0,859.121,19.801702,0.0025537717,False,False,-167.26175299287533
1170.0,-200.0,1170.0,-200.0,937.0475,23.833904,0.003534898,False,False,-186.97093477473163
1190.0,-200.0,1190.0,-200.0,1026.7192,28.361204,0.004719954,False,False,-206.68968670491262
1210.0,-200.0,1210.0,-200.0,1133.4948,33.389465,0.006250528,False,False,-226.41754716735852
1230.0,-200.0,1230.0,-200.0,1253.5038,38.90547,0.008026298,False,False,-246.1540835707276
1250.0,-200.0,1250.0,-200.0,1384.5148,44.83431,0.0099900095,False,False,-265.89889011721635
1270.0,-200.0,1270.0,-200.0,1532.7397,51.137104,0.012308484,False,False,-285.6515857727553
1290.0,-200.0,1290.0,-200.0,1700.9785,57.8608,0.015058171,False,False,-305.41181241782857
1310.0,-200.0,1310.0,-200.0,1883.3256,64.97114,0.01808485,False,False,-325.17923316055624
1330.0,-200.0,1330.0,-200.0,2079.1028,72.4149,0.021372307,False,False,-344.95353079576705
1350.0,-200.0,1350.0,-200.0,2294.2312,80.17226,0.025082752,False,False,-364.73440639561824
1370.0,-200.0,1370.0,-200.0,2527.7976,88.238556,0.029194795,False,False,-384.52157801891997
1390.0,-200.0,1390.0,-200.0,2776.6506,96.593704,0.033626765,False,False,-404.31477952772394
1410.0,-200.0,1410.0,-200.0,3040.2263,105.20642,0.03836681,False,False,-424.1137595009747
1430.0,-200.0,1430.0,-200.0,3321.2656,114.04768,0.043492515,False,False,-443.9182802361082
1450.0,-200.0,1450.0,-200.0,3620.1113,123.103325,0.049017295,False,False,-463.7281168304448
1470.0,-200.0,1470.0,-200.0,3936.7302,132.36107,0.054944556,False,False,-483.5430563350698
1490.0,-200.0,1490.0,-200.0,4274.6724,141.79413,0.061376695,False,False,-503.36289697464593
1510.0,-200.0,1510.0,-200.0,4630.8506,151.32271,0.06823453,False,False,-523.1874474272693
1530.0,-200.0,1530.0,-200.0,5006.2607,160.86642,0.07555254,False,False,-543.0165261590689
1550.0000000000002,-200.0,1550.0000000000002,-200.0,5405.1616,170.51854,0.083454154,False,False,-562.8499608087785
1570.0,-200.0,1570.0,-200.0,5820.35,179.84221,0.091753796,False,False,-582.6875876179733
1590.0,-200.0,1590.0,-200.0,6255.173,188.91783,0.1005524,False,False,-602.5292509030842
1609.9999999999998,-200.0,1609.9999999999998,-200.0,6713.106,197.86195,0.10995357,False,False,-622.3748025656708
1630.0,-200.0,1630.0,-200.0,7195.904,206.6805,0.12001501,False,False,-642.2241016377759
1650.0000000000002,-200.0,1650.0000000000002,-200.0,7699.952,215.30818,0.13064508,False,False,-662.0770138594662
1670.0,-200.0,1670.0,-200.0,8215.693,223.5455,0.1415852,False,False,-681.9334112859523
1690.0,-200.0,1690.0,-200.0,8749.473,231.44511,0.1530226,False,False,-701.7931719218996
1709.9999999999998,-200.0,1709.9999999999998,-200.0,9293.816,238.85294,0.16475958,False,False,-721.6561793807728
1730.0,-200.0,1730.0,-200.0,9850.094,245.83719,0.17684375,False,False,-741.5223225672418
1750.0,-200.0,1750.0,-200.0,10428.955,252.51288,0.18958522,False,False,-761.3914953808539
-250.0,-180.0,-250.0,-180.0,17522.758,306.36377,0.35470444,False,False,-761.8768602951303
-229.99999999999997,-180.0,-229.99999999999997,-180.0,16677.438,299.8372,0.32934156,False,False,-742.0158464072714
-210.00000000000003,-180.0,-210.00000000000003,-180.0,15822.691,292.2311,0.3038196,False,False,-722.1580494904234
-190.00000000000003,-180.0,-190.00000000000003,-180.0,14955.222,283.0998,0.27796057,False,False,-702.3035821249028
-170.0,-180.0,-170.0,-180.0,14077.033,272.5628,0.2518667,False,False,-682.452562185898
-150.0,-180.0,-150.0,-180.0,13178.648,260.3232,0.2252864,False,False,-662.605113157213
-130.0,-180.0,-130.0,-180.0,12273.869,246.5817,0.19868752,False,False,-642.761364467501
-110.0,-180.0,-110.0,-180.0,11348.793,230.87979,0.17163584,False,False,-622.9214518508718
-90.0,-180.0,-90.0,-180.0,10411.402,213.27902,0.14436767,False,False,-603.0855177339599
-70.0,-180.0,-70.0,-180.0,9453.407,193.49707,0.11668023,False,False,-583.2537116517288
-50.0,-180.0,-50.0,-180.0,8485.082,171.48836,0.08890057,False,False,-563.4261906945245
-30.0,-180.0,-30.0,-180.0,7501.9614,147.5024,0.06086037,False,False,-543.6031199891399
-10.0,-180.0,-10.0,-180.0,6510.468,121.87981,0.032771938,False,False,-523.7846732169297
10.0,-180.0,10.0,-180.0,5505.823,94.76229,0.004575867,False,False,-503.9710331723284
30.0,-180.0,30.0,-180.0,5182.6045,89.25128,0.0,False,False,-484.1623923654909
50.0,-180.0,50.0,-180.0,4996.0938,87.099205,0.0,False,False,-464.3589536731334
70.0,-180.0,70.0,-180.0,4812.906,84.95199,0.0,False,False,-444.56093104212493
90.0,-180.0,90.0,-180.0,4633.1074,82.81118,0.0,False,False,-424.76855025084956
110.0,-180.0,110.0,-180.0,4456.75,80.677765,0.0,False,False,-404.98204973391864
130.0,-180.0,130.0,-180.0,4283.9014,78.55343,0.0,False,False,-385.20168147643415
150.0,-180.0,150.0,-180.0,4114.625,76.43958,0.0,False,False,-365.4277119846942
170.0,-180.0,170.0,-180.0,3948.976,74.33711,0.0,False,False,-345.660423341035
190.00000000000003,-180.0,190.00000000000003,-180.0,3786.957,72.24516,0.0,False,False,-325.9001143513751
210.00000000000003,-180.0,210.00000000000003,-180.0,3628.5864,70.16358,0.0,False,False,-306.1471017950491
229.99999999999997,-180.0,229.99999999999997,-180.0,3473.857,68.09131,0.0,False,False,-286.40172178764703
250.0,-180.0,250.0,-180.0,3322.79,66.02823,0.0,False,False,-266.66433126888023
270.0,-180.0,270.0,-180.0,3175.4204,63.97492,0.0,False,False,-246.93530962895414
290.0,-180.0,290.0,-180.0,3031.7803,61.93195,0.0,False,False,-227.215060488614
310.0,-180.0,310.0,-180.0,2891.9336,59.901276,0.0,False,False,-207.50401364992953
330.0,-180.0,330.0,-180.0,2755.9146,57.88369,0.0,False,False,-187.80262723707835
350.0,-180.0,350.0,-180.0,2623.747,55.8798,0.0,False,False,-168.1113900488782
370.0,-180.0,370.0,-180.0,2495.4724,53.890984,0.0,False,False,-148.43082414768827
390.0,-180.0,390.0,-180.0,2371.1338,51.91874,0.0,False,False,-128.761487712597
410.0,-180.0,410.0,-180.0,2250.7725,49.964397,0.0,False,False,-109.10397818859701
430.0,-180.0,430.0,-180.0,2134.436,48.02965,0.0,False,False,-89.45893576783698
450.0,-180.0,450.0,-180.0,2022.1398,46.114773,0.0,False,False,-69.82704724408839
470.00000000000006,-180.0,470.00000000000006,-180.0,1913.9282,44.22153,0.0,False,False,-50.20905028742795
490.0,-180.0,490.0,-180.0,1809.8616,42.352383,0.0,False,False,-30.60573819295126
510.00000000000006,-180.0,510.00000000000006,-180.0,1709.9432,40.507114,0.0,False,False,-11.017965165236065
530.0,-180.0,530.0,-180.0,1614.1995,38.686844,0.0,False,True,8.553347790477062
550.0,-180.0,550.0,-180.0,1522.6514,36.892414,0.0,False,True,28.107206288632057
570.0,-180.0,570.0,-180.0,1435.3065,35.12411,0.0,False,True,47.642535200829116
590.0,-180.0,590.0,-180.0,1352.1992,33.383804,0.0,False,True,67.15817040115508
610.0,-180.0,610.0,-180.0,1273.3633,31.673553,0.0,False,True,86.65284949262747
630.0,-180.0,630.0,-180.0,1198.8218,29.99493,0.0,False,True,106.12520136735392
650.0,-180.0,650.0,-180.0,1128.604,28.350018,0.0,False,True,125.5737344285855
670.0,-180.0,670.0,-180.0,1062.7261,26.740353,0.0,False,True,144.99682327386253
690.0,-180.0,690.0,-180.0,1001.19745,25.167133,0.0,False,True,164.39269360398552
710.0,-180.0,710.0,-180.0,944.02893,23.631838,0.0,False,True,183.75940508143074
730.0,-180.0,730.0,-180.0,891.23816,22.136803,0.0,False,True,203.0948318126955
750.0,-180.0,750.0,-180.0,842.8471,20.684929,0.0,False,True,222.39664007011083
770.0,-180.0,770.0,-180.0,798.8391,19.277035,0.0,False,True,209.24087106123136
789.9999999999999,-180.0,789.9999999999999,-180.0,759.1981,17.914381,0.0,False,True,189.753124041814
810.0,-180.0,810.0,-180.0,723.9168,16.599693,0.0,False,True,170.24099884363997
830.0,-180.0,830.0,-180.0,693.0073,15.338004,0.0,False,True,150.70617569653788
850.0,-180.0,850.0,-180.0,666.47534,14.13506,0.0,False,True,131.1501855901676
869.9999999999999,-180.0,869.9999999999999,-180.0,644.3269,12.998319,0.0,False,True,111.57442630234915
890.0000000000001,-180.0,890.0000000000001,-180.0,626.58734,11.938968,0.0,False,True,91.98017642784906
910.0,-180.0,910.0,-180.0,613.26074,10.968904,0.0,False,True,72.36860768945496
930.0,-180.0,930.0,-180.0,604.3732,10.104729,0.0,False,True,52.740795769183336
950.0,-180.0,950.0,-180.0,599.9398,9.364248,0.0,False,True,33.097729860975086
969.9999999999999,-180.0,969.9999999999999,-180.0,599.9514,8.764449,0.0,False,True,13.44032111584853
990.0,-180.0,990.0,-180.0,604.4072,8.322123,0.0,False,False,-6.2305898749054345
1010.0,-180.0,1010.0,-180.0,614.3707,8.074684,2.747195e-05,False,False,-25.914226434159694
1030.0,-180.0,1030.0,-180.0,629.9686,8.1530695,8.514573e-05,False,False,-45.60986988455695
1050.0,-180.0,1050.0,-180.0,650.94934,8.588318,0.00016648721,False,False,-65.31685427388217
1070.0,-180.0,1070.0,-180.0,682.1548,9.528343,0.00039628817,False,False,-85.03456166151702
1090.0,-180.0,1090.0,-180.0,722.0088,11.201676,0.00073397334,False,False,-104.76241789807462
1110.0,-180.0,1110.0,-180.0,770.28406,13.537028,0.0011740349,False,False,-124.49988883947883
1130.0,-180.0,1130.0,-180.0,827.0022,16.434351,0.0017180147,False,False,-144.24647694454356
1150.0,-180.0,1150.0,-180.0,893.5571,19.810446,0.002403264,False,False,-164.00171821179043
1170.0,-180.0,1170.0,-180.0,974.07947,23.709799,0.0033392627,False,False,-183.76517941693166
1190.0,-180.0,1190.0,-180.0,1066.8433,28.12311,0.0044816015,False,False,-203.5364556173611
1210.0,-180.0,1210.0,-180.0,1176.4233,33.033943,0.0059518563,False,False,-223.31516789419402
1230.0,-180.0,1230.0,-180.0,1300.5107,38.441326,0.007690291,False,False,-243.10096130603964
1250.0,-180.0,1250.0,-180.0,1436.6035,44.277287,0.009632535,False,False,-262.8935030318274
1270.0,-180.0,1270.0,-180.0,1587.2638,50.48388,0.011848987,False,False,-282.692480682724
1290.0,-180.0,1290.0,-180.0,1760.354,57.109047,0.014551383,False,False,-302.4976007655446
1310.0,-180.0,1310.0,-180.0,1948.1185,64.1277,0.017536115,False,False,-322.3085872821064
1330.0,-180.0,1330.0,-180.0,2149.693,71.48331,0.020782009,False,False,-342.12518045076564
1350.0,-180.0,1350.0,-180.0,2369.482,79.14981,0.024411317,False,False,-361.9471355379401
1370.0,-180.0,1370.0,-180.0,2608.964,87.12425,0.028467726,False,False,-381.77422178878413
1390.0,-180.0,1390.0,-180.0,2864.3962,95.38693,0.03285311,False,False,-401.60622144737937
1410.0,-180.0,1410.0,-180.0,3134.6975,103.90564,0.037541904,False,False,-421.44292885785603
1430.0,-180.0,1430.0,-180.0,3422.6338,112.650215,0.04261382,False,False,-441.28414963878663
1450.0,-180.0,1450.0,-180.0,3728.061,121.60729,0.048068926,False,False,-461.12969992400065
1470.0,-180.0,1470.0,-180.0,4051.84,130.76178,0.053935762,False,False,-480.979405663698
1490.0,-180.0,1490.0,-180.0,4395.8027,140.09158,0.06027037,False,False,-500.8331019803634
1510.0,-180.0,1510.0,-180.0,4760.2793,149.5247,0.06708808,False,False,-520.6906325745548
1530.0,-180.0,1530.0,-180.0,5142.7563,158.96085,0.07432705,False,False,-540.5518491761321
1550.0000000000002,-180.0,1550.0000000000002,-180.0,5548.207,168.52063,0.082131654,False,False,-560.4166110369373
1570.0,-180.0,1570.0,-180.0,5971.6025,177.78497,0.09037673,False,False,-580.2847844613325
1590.0,-180.0,1590.0,-180.0,6413.0024,186.752,0.09907415,False,False,-600.1562423713505
1609.9999999999998,-180.0,1609.9999999999998,-180.0,6877.7188,195.59631,0.1083795,False,False,-620.0308639035244
1630.0,-180.0,1630.0,-180.0,7367.3613,204.30074,0.11834852,False,False,-639.9085340347492
1650.0000000000002,-180.0,1650.0000000000002,-180.0,7878.776,212.82968,0.12890199,False,False,-659.7891432347666
1670.0,-180.0,1670.0,-180.0,8402.467,220.97806,0.1397824,False,False,-679.6725871431015
1690.0,-180.0,1690.0,-180.0,8943.423,228.75499,0.15114127,False,False,-699.5587662684688
1709.9999999999998,-180.0,1709.9999999999998,-180.0,9496.6,236.08833,0.16284883,False,False,-719.4475857088519
1730.0,-180.0,1730.0,-180.0,10059.979,242.95772,0.1748582,False,False,-739.3389548906216
1750.0,-180.0,1750.0,-180.0,10643.615,249.50015,0.18746637,False,False,-759.2327873252024
-250.0,-160.0,-250.0,-160.0,17865.887,304.85706,0.3512336,False,False,-759.6485235572441
-229.99999999999997,-160.0,-229.99999999999997,-160.0,17031.064,298.47684,0.32582492,False,False,-739.7620713039483
-210.00000000000003,-160.0,-210.00000000000003,-160.0,16186.738,291.02335,0.3002764,False,False,-719.878252388355
-190.00000000000003,-160.0,-190.00000000000003,-160.0,15329.822,282.0742,0.27440593,False,False,-699.9971592120495
-170.0,-160.0,-170.0,-160.0,14458.447,271.7534,0.24820301,False,False,-680.1188885372535
-150.0,-160.0,-150.0,-160.0,13569.475,259.7588,0.22163442,False,False,-660.243541746292
-130.0,-160.0,-130.0,-160.0,12671.582,246.2712,0.19499028,False,False,-640.371225119756
-110.0,-160.0,-110.0,-160.0,11751.91,230.86865,0.16787414,False,False,-620.5020501349283
-90.0,-160.0,-90.0,-160.0,10820.694,213.66652,0.14059067,False,False,-600.6361337862274
-70.0,-160.0,-70.0,-160.0,9867.643,194.32828,0.1128728,False,False,-580.7735989295679
-50.0,-160.0,-50.0,-160.0,8903.582,172.89536,0.085057646,False,False,-560.9145746527433
-30.0,-160.0,-30.0,-160.0,7923.4287,149.71725,0.056947686,False,False,-541.0591966741481
-10.0,-160.0,-10.0,-160.0,6934.1895,124.75501,0.028794553,False,False,-521.2076077723868
10.0,-160.0,10.0,-160.0,5958.0684,100.43571,0.0014578814,False,False,-501.35995824958786
30.0,-160.0,30.0,-160.0,5707.4795,97.25724,0.0,False,False,-481.51640643153894
50.0,-160.0,50.0,-160.0,5502.4717,94.966415,0.0,False,False,-461.677119208082
70.0,-160.0,70.0,-160.0,5300.9556,92.6764,0.0,False,False,-441.842272617589
90.0,-160.0,90.0,-160.0,5103.0234,90.389015,0.0,False,False,-422.0120524797497
110.0,-160.0,110.0,-160.0,4908.6904,88.10378,0.0,False,False,-402.186655081372
130.0,-160.0,130.0,-160.0,4718.0605,85.82315,0.0,False,False,-382.3662879204279
150.0,-160.0,150.0,-160.0,4531.1826,83.54798,0.0,False,False,-362.55117051416465
170.0,-160.0,170.0,-160.0,4348.134,81.27999,0.0,False,False,-342.7415352777826
190.00000000000003,-160.0,190.00000000000003,-160.0,4168.9756,79.0205,0.0,False,False,-322.93762848093206
210.00000000000003,-160.0,210.00000000000003,-160.0,3993.7764,76.77104,0.0,False,False,-303.13971129014766
229.99999999999997,-160.0,229.99999999999997,-160.0,3822.6074,74.53313,0.0,False,False,-283.34806090630997
250.0,-160.0,250.0,-160.0,3655.5308,72.30783,0.0,False,False,-263.5629718073424
270.0,-160.0,270.0,-160.0,3492.5566,70.09452,0.0,False,False,-243.784757107603
290.0,-160.0,290.0,-160.0,3333.7173,67.89342,0.0,False,False,-224.0137500468839
310.0,-160.0,310.0,-160.0,3179.0115,65.70351,0.0,False,False,-204.25030562356594
330.0,-160.0,330.0,-160.0,3028.4668,63.524925,0.0,False,False,-184.49480238837208
350.0,-160.0,350.0,-160.0,2882.1145,61.35814,0.0,False,False,-164.7476444173156
370.0,-160.0,370.0,-160.0,2740.0166,59.204887,0.0,False,False,-145.00926348492982
390.0,-160.0,390.0,-160.0,2602.218,57.066326,0.0,False,False,-125.28012146172657
410.0,-160.0,410.0,-160.0,2468.7441,54.942947,0.0,False,False,-105.56071296312564
430.0,-160.0,430.0,-160.0,2339.634,52.83605,0.0,False,False,-85.85156828092816
450.0,-160.0,450.0,-160.0,2214.9321,50.747112,0.0,False,False,-66.15325663282012
470.00000000000006,-160.0,470.00000000000006,-160.0,2094.6594,48.67657,0.0,False,False,-46.4663897705383
490.0,-160.0,490.0,-160.0,1978.8875,46.62732,0.0,False,False,-26.79162599331747
510.00000000000006,-160.0,510.00000000000006,-160.0,1867.6685,44.60143,0.0,False,False,-7.129674620213633
530.0,-160.0,530.0,-160.0,1761.0457,42.60063,0.0,False,True,12.51869901692132
550.0,-160.0,550.0,-160.0,1659.0858,40.627823,0.0,False,True,32.15266798846278
570.0,-160.0,570.0,-160.0,1561.7856,38.682503,0.0,False,True,51.77133750742008
590.0,-160.0,590.0,-160.0,1469.1777,36.766228,0.0,False,True,71.3737378993185
610.0,-160.0,610.0,-160.0,1381.2886,34.880306,0.0,False,True,90.95881668996975
630.0,-160.0,630.0,-160.0,1298.1215,33.02502,0.0,False,True,110.5254296809175
650.0,-160.0,650.0,-160.0,1219.7073,31.202608,0.0,False,True,130.0723308602416
670.0,-160.0,670.0,-160.0,1146.0938,29.416405,0.0,False,True,149.5981609700332
690.0,-160.0,690.0,-160.0,1077.3169,27.669413,0.0,False,True,169.10143452033455
710.0,-160.0,710.0,-160.0,1013.4052,25.964586,0.0,False,True,188.58052500153616
730.0,-160.0,730.0,-160.0,954.38446,24.30501,0.0,False,True,208.0336480017606
750.0,-160.0,750.0,-160.0,900.271,22.693546,0.0,False,True,227.45884188089005
770.0,-160.0,770.0,-160.0,851.06555,21.132778,0.0,False,True,213.55229035872946
789.9999999999999,-160.0,789.9999999999999,-160.0,806.7973,19.62786,0.0,False,True,193.96029874453464
810.0,-160.0,810.0,-160.0,767.47217,18.183144,0.0,False,True,174.34874190127942
830.0,-160.0,830.0,-160.0,733.06805,16.801905,0.0,False,True,154.71898163983354
850.0,-160.0,850.0,-160.0,703.5668,15.489363,0.0,False,True,135.0722573532514
869.9999999999999,-160.0,869.9999999999999,-160.0,678.9833,14.255249,0.0,False,True,115.40969935229344
890.0000000000001,-160.0,890.0000000000001,-160.0,659.31213,13.110019,0.0,False,True,95.73234050973583
910.0,-160.0,910.0,-160.0,644.5635,12.068056,0.0,False,True,76.04112645637723
930.0,-160.0,930.0,-160.0,634.7521,11.147189,0.0,False,True,56.33692453291356
950.0,-160.0,950.0,-160.0,629.89233,10.3675785,0.0,False,True,36.62053166989288
969.9999999999999,-160.0,969.9999999999999,-160.0,630.0077,9.75108,0.0,False,True,16.892681341451944
990.0,-160.0,990.0,-160.0,635.12683,9.317301,0.0,False,False,-2.845950283492049
1010.0,-160.0,1010.0,-160.0,645.9764,9.091091,1.9204337e-05,False,False,-22.594738887307344
1030.0,-160.0,1030.0,-160.0,663.24725,9.17347,7.5456424e-05,False,False,-42.3531071570708
1050.0,-160.0,1050.0,-160.0,685.9242,9.603828,0.0001427253,False,False,-62.12052046836936
1070.0,-160.0,1070.0,-160.0,718.8066,10.465542,0.00034440515,False,False,-81.89648303338171
1090.0,-160.0,1090.0,-160.0,761.6194,11.988333,0.00067332125,False,False,-101.68053445633684
1110.0,-160.0,1110.0,-160.0,813.11884,14.16239,0.0010979308,False,False,-121.47224664723649
1130.0,-160.0,1130.0,-160.0,873.3939,16.90973,0.0016211222,False,False,-141.2712210513328
1150.0,-160.0,1150.0,-160.0,943.75745,20.15207,0.0022781005,False,False,-161.07708615750417
1170.0,-160.0,1170.0,-160.0,1027.9978,23.912798,0.0031699594,False,False,-180.8894952534721
1190.0,-160.0,1190.0,-160.0,1125.3486,28.208515,0.004278353,False,False,-200.70812439993102
1210.0,-160.0,1210.0,-160.0,1239.1187,32.995983,0.0056913486,False,False,-220.53267059919384
1230.0,-160.0,1230.0,-160.0,1368.7498,38.28783,0.0073955627,False,False,-240.3628501370073
1250.0,-160.0,1250.0,-160.0,1511.313,44.021263,0.009315498,False,False,-260.1983970788092
1270.0,-160.0,1270.0,-160.0,1667.1969,50.12623,0.011463393,False,False,-280.03906190397186
1290.0,-160.0,1290.0,-160.0,1846.4148,56.643867,0.014109642,False,False,-299.8846102635419
1310.0,-160.0,1310.0,-160.0,2041.4277,63.559765,0.017055959,False,False,-319.73482184869243
1330.0,-160.0,1330.0,-160.0,2250.9082,70.816185,0.020269059,False,False,-339.5894893585872
1350.0,-160.0,1350.0,-160.0,2477.769,78.37932,0.023831448,False,False,-359.44841755765054
1370.0,-160.0,1370.0,-160.0,2724.7705,86.24865,0.027822712,False,False,-379.31142241337216
1390.0,-160.0,1390.0,-160.0,2989.147,94.40361,0.032171167,False,False,-399.17833030675536
1410.0,-160.0,1410.0,-160.0,3268.7349,102.81117,0.036821432,False,False,-419.0489773083944
1430.0,-160.0,1430.0,-160.0,3565.3506,111.44127,0.04182874,False,False,-438.92320851392213
1450.0,-160.0,1450.0,-160.0,3880.1606,120.2788,0.047229804,False,False,-458.80087743324316
1470.0,-160.0,1470.0,-160.0,4213.675,129.30786,0.05304435,False,False,-478.6818454285561
1490.0,-160.0,1490.0,-160.0,4566.555,138.50937,0.059296913,False,False,-498.56598119669053
1510.0,-160.0,1510.0,-160.0,4941.715,147.82005,0.06607568,False,False,-518.453160291749
1530.0,-160.0,1530.0,-160.0,5333.705,157.12141,0.07323652,False,False,-538.3432646844462
1550.0000000000002,-160.0,1550.0000000000002,-160.0,5748.6777,166.54294,0.08095895,False,False,-558.2361823549088
1570.0,-160.0,1570.0,-160.0,6182.8643,175.70331,0.08915327,False,False,-578.1318069160131
1590.0,-160.0,1590.0,-160.0,6634.408,184.54254,0.09777922,False,False,-598.0300372646318
1609.9999999999998,-160.0,1609.9999999999998,-160.0,7108.634,193.25136,0.106995,False,False,-617.9307772584092
1630.0,-160.0,1630.0,-160.0,7607.593,201.80215,0.116871625,False,False,-637.8339354159202
1650.0000000000002,-160.0,1650.0000000000002,-160.0,8128.6875,210.18475,0.12734568,False,False,-657.7394246382634
1670.0,-160.0,1670.0,-160.0,8663.093,218.20021,0.138178,False,False,-677.6471619503309
1690.0,-160.0,1690.0,-160.0,9213.856,225.80733,0.14946654,False,False,-697.5570682601515
1709.9999999999998,-160.0,1709.9999999999998,-160.0,9778.516,233.02174,0.1611552,False,False,-717.4690681348528
1730.0,-160.0,1730.0,-160.0,10351.229,239.71164,0.17308843,False,False,-737.38308959193
1750.0,-160.0,1750.0,-160.0,10943.159,246.07256,0.18559983,False,False,-757.2990639046048
-250.0,-140.0,-250.0,-140.0,18349.21,302.89038,0.3481707,False,False,-757.644953359737
-229.99999999999997,-140.0,-229.99999999999997,-140.0,17526.055,296.75546,0.32271215,False,False,-737.735572623628
-210.00000000000003,-140.0,-210.00000000000003,-140.0,16693.66,289.54456,0.29715067,False,False,-717.8282971974193
-190.00000000000003,-140.0,-190.00000000000003,-140.0,15847.939,280.91272,0.27126545,False,False,-697.9232011321365
-170.0,-140.0,-170.0,-140.0,14985.072,270.93958,0.24497771,False,False,-678.0203619841502
-150.0,-140.0,-150.0,-140.0,14106.448,259.35992,0.218428,False,False,-658.1198610245386
-130.0,-140.0,-130.0,-140.0,13215.975,246.27885,0.19172168,False,False,-638.2217834635981
-110.0,-140.0,-110.0,-140.0,12303.764,231.3894,0.16457142,False,False,-618.3262186917904
-90.0,-140.0,-90.0,-140.0,11378.857,214.77902,0.13724181,False,False,-598.4332605385449
-70.0,-140.0,-70.0,-140.0,10432.095,196.14876,0.10951829,False,False,-578.5430075504756
-50.0,-140.0,-50.0,-140.0,9472.771,175.5954,0.081680715,False,False,-558.6555632907221
-30.0,-140.0,-30.0,-140.0,8495.059,153.4755,0.053482167,False,False,-538.7710366613137
-10.0,-140.0,-10.0,-140.0,7508.507,129.79457,0.025304645,False,False,-518.8895422506375
10.0,-140.0,10.0,-140.0,6592.8125,109.20847,0.00011977996,False,False,-499.01120070830916
30.0,-140.0,30.0,-140.0,6358.294,106.73844,0.0,False,False,-479.13613915000525
50.0,-140.0,50.0,-140.0,6131.144,104.3043,0.0,False,False,-459.2644915950638
70.0,-140.0,70.0,-140.0,5907.7373,101.867744,0.0,False,False,-439.39639943999344
90.0,-140.0,90.0,-140.0,5688.0957,99.42809,0.0,False,False,-419.53201197135166
110.0,-140.0,110.0,-140.0,5472.294,96.98637,0.0,False,False,-399.6714869218597
130.0,-140.0,130.0,-140.0,5260.3906,94.54325,0.0,False,False,-379.81499107404477
150.0,-140.0,150.0,-140.0,5052.4727,92.10036,0.0,False,False,-359.9627009161989
170.0,-140.0,170.0,-140.0,4848.6377,89.65959,0.0,False,False,-340.11480335600334
190.00000000000003,-140.0,190.00000000000003,-140.0,4648.921,87.22088,0.0,False,False,-320.2714964977907
210.00000000000003,-140.0,210.00000000000003,-140.0,4453.38,84.785255,0.0,False,False,-300.43299049014144
229.99999999999997,-140.0,229.99999999999997,-140.0,4262.111,82.355,0.0,False,False,-280.5995084513148
250.0,-140.0,250.0,-140.0,4075.203,79.932274,0.0,False,False,-260.7712874809474
270.0,-140.0,270.0,-140.0,3892.7568,77.51951,0.0,False,False,-240.94857976750268
290.0,-140.0,290.0,-140.0,3714.8403,75.11809,0.0,False,False,-221.13165380216003
310.0,-140.0,310.0,-140.0,3541.5261,72.72952,0.0,False,False,-201.3207957112102
330.0,-140.0,330.0,-140.0,3372.8796,70.35481,0.0,False,False,-181.516310720606
350.0,-140.0,350.0,-140.0,3208.9312,67.993996,0.0,False,False,-161.71852476813348
370.0,-140.0,370.0,-140.0,3049.73,65.64778,0.0,False,False,-141.92778628075448
390.0,-140.0,390.0,-140.0,2895.291,63.315594,0.0,False,False,-122.14446813709378
410.0,-140.0,410.0,-140.0,2745.6416,60.997562,0.0,False,False,-102.36896983782063
430.0,-140.0,430.0,-140.0,2600.828,58.694767,0.0,False,False,-82.60171990991871
450.0,-140.0,450.0,-140.0,2460.9302,56.40968,0.0,False,False,-62.84317857458671
470.00000000000006,-140.0,470.00000000000006,-140.0,2325.9668,54.142303,0.0,False,False,-43.09384071288008
490.0,-140.0,490.0,-140.0,2195.959,51.893143,0.0,False,False,-23.35423916831647
510.00000000000006,-140.0,510.00000000000006,-140.0,2070.96,49.664158,0.0,False,False,-3.6249484316241976
530.0,-140.0,530.0,-140.0,1950.9963,47.455944,0.0,False,True,16.093411240174326
550.0,-140.0,550.0,-140.0,1836.106,45.269863,0.0,False,True,35.80016920992279
570.0,-140.0,570.0,-140.0,1726.3723,43.109726,0.0,False,True,55.49459928159756
590.0,-140.0,590.0,-140.0,1621.8702,40.97901,0.0,False,True,75.17591387505135
610.0,-140.0,610.0,-140.0,1522.6814,38.881603,0.0,False,True,94.84325745898403
630.0,-140.0,630.0,-140.0,1428.8331,36.8188,0.0,False,True,114.49569913067087
650.0,-140.0,650.0,-140.0,1340.333,34.79122,0.0,False,True,134.13222421163178
670.0,-140.0,670.0,-140.0,1257.2092,32.80069,0.0,False,True,153.75172470526564
690.0,-140.0,690.0,-140.0,1179.458,30.847748,0.0,False,True,173.35298843464696
710.0,-140.0,710.0,-140.0,1107.1135,28.935719,0.0,False,True,192.9346866451602
730.0,-140.0,730.0,-140.0,1040.2397,27.070272,0.0,False,True,212.49535981610745
750.0,-140.0,750.0,-140.0,978.8834,25.256788,0.0,False,True,232.03340137621964
770.0,-140.0,770.0,-140.0,923.08777,23.501003,0.0,False,True,217.37620787507367
789.9999999999999,-140.0,789.9999999999999,-140.0,872.885,21.808851,0.0,False,True,197.6908326586315
810.0,-140.0,810.0,-140.0,828.2863,20.18616,0.0,False,True,177.9902676975168
830.0,-140.0,830.0,-140.0,789.3079,18.640839,0.0,False,True,158.2755795392413
850.0,-140.0,850.0,-140.0,755.9786,17.18348,0.0,False,True,138.54773782872908
869.9999999999999,-140.0,869.9999999999999,-140.0,728.28796,15.823552,0.0,False,True,118.80762599759181
890.0000000000001,-140.0,890.0000000000001,-140.0,706.19934,14.571228,0.0,False,True,99.05605057806166
910.0,-140.0,910.0,-140.0,689.7042,13.442051,0.0,False,True,79.29374934238659
930.0,-140.0,930.0,-140.0,678.82043,12.456564,0.0,False,True,59.5213984358815
950.0,-140.0,950.0,-140.0,673.5429,11.635996,0.0,False,True,39.73961864502612
969.9999999999999,-140.0,969.9999999999999,-140.0,673.87976,11.002774,0.0,False,True,19.948980919870685
990.0,-140.0,990.0,-140.0,679.859,10.577137,0.0,False,True,0.15001125168773166
1010.0,-140.0,1010.0,-140.0,692.0034,10.378186,1.33946305e-05,False,False,-19.65680500843042
1030.0,-140.0,1030.0,-140.0,711.3899,10.488116,6.6881825e-05,False,False,-39.47101931703706
1050.0,-140.0,1050.0,-140.0,736.6741,10.944121,0.00012601406,False,False,-59.292216529508835
1070.0,-140.0,1070.0,-140.0,772.27795,11.773549,0.0003053213,False,False,-79.12001186151684
1090.0,-140.0,1090.0,-140.0,818.8736,13.189152,0.00062250666,False,False,-98.9540481748999
1110.0,-140.0,1110.0,-140.0,874.6434,15.225895,0.0010307031,False,False,-118.79399354841014
1130.0,-140.0,1130.0,-140.0,939.9479,17.828663,0.0015397721,False,False,-138.63953909918297
1150.0,-140.0,1150.0,-140.0,1015.5867,20.936132,0.0021717544,False,False,-158.49039702537038
1170.0,-140.0,1170.0,-140.0,1105.3271,24.555569,0.0030269818,False,False,-178.34629884427443
1190.0,-140.0,1190.0,-140.0,1209.3729,28.72695,0.004113368,False,False,-198.20699380365835
1210.0,-140.0,1210.0,-140.0,1329.103,33.383896,0.005468608,False,False,-218.07224744675963
1230.0,-140.0,1230.0,-140.0,1466.2095,38.5497,0.0071392274,False,False,-237.94184031399473
1250.0,-140.0,1250.0,-140.0,1617.3457,44.16693,0.00903855,False,False,-257.8155667664478
1270.0,-140.0,1270.0,-140.0,1781.2473,50.158012,0.011134942,False,False,-277.6932339180638
1290.0,-140.0,1290.0,-140.0,1968.7732,56.554607,0.013722498,False,False,-297.5746606650424
1310.0,-140.0,1310.0,-140.0,2173.6182,63.35195,0.01663535,False,False,-317.45967680229217
1330.0,-140.0,1330.0,-140.0,2393.5942,70.49137,0.01981762,False,False,-337.3481222179961
1350.0,-140.0,1350.0,-140.0,2630.6807,77.93115,0.023326812,False,False,-357.2398461583716
1370.0,-140.0,1370.0,-140.0,2888.1777,85.67504,0.027258843,False,False,-377.13470655560786
1390.0,-140.0,1390.0,-140.0,3164.4968,93.699394,0.031574644,False,False,-397.0325694127535
1410.0,-140.0,1410.0,-140.0,3456.4512,101.969444,0.036190663,False,False,-416.93330824001737
1430.0,-140.0,1430.0,-140.0,3765.1042,110.45526,0.041141775,False,False,-436.83680353754875
1450.0,-140.0,1450.0,-140.0,4092.658,119.141426,0.04649547,False,False,-456.7429423202983
1470.0,-140.0,1470.0,-140.0,4439.343,128.0118,0.05226425,False,False,-476.6516176810291
1490.0,-140.0,1490.0,-140.0,4805.216,137.04791,0.05845651,False,False,-496.5627283879551
1510.0,-140.0,1510.0,-140.0,5194.037,146.19878,0.06518604,False,False,-516.47617851386
1530.0,-140.0,1530.0,-140.0,5599.5273,155.32353,0.07228464,False,False,-536.391877093862
1550.0000000000002,-140.0,1550.0000000000002,-140.0,6027.8467,164.54985,0.07993567,False,False,-556.3097378092834
1570.0,-140.0,1570.0,-140.0,6476.707,173.56459,0.088091984,False,False,-576.2296786953353
1590.0,-140.0,1590.0,-140.0,6941.9136,182.22572,0.096648395,False,False,-596.151621870554
1609.9999999999998,-140.0,1609.9999999999998,-140.0,7429.6143,190.74242,0.10579008,False,False,-616.0754932861274
1630.0,-140.0,1630.0,-140.0,7941.2207,199.084,0.115573004,False,False,-636.0012224934309
1650.0000000000002,-140.0,1650.0000000000002,-140.0,8475.785,207.25551,0.1259818,False,False,-655.9287424282487
1670.0,-140.0,1670.0,-140.0,9024.54,215.07034,0.13677594,False,False,-675.857989210303
1690.0,-140.0,1690.0,-140.0,9588.748,222.4531,0.14800355,False,False,-695.7889019568444
1709.9999999999998,-140.0,1709.9999999999998,-140.0,10167.778,229.47162,0.15966396,False,False,-715.7214226091598
1730.0,-140.0,1730.0,-140.0,10753.84,235.91391,0.17154512,False,False,-735.6554957709781
1750.0,-140.0,1750.0,-140.0,11357.981,242.02406,0.18398328,False,False,-755.5910685578234
-250.0,-120.0,-250.0,-120.0,19024.16,300.0437,0.34551227,False,False,-755.8669191270492
-229.99999999999997,-120.0,-229.99999999999997,-120.0,18214.277,294.28394,0.32001758,False,False,-735.9371463204913
-210.00000000000003,-120.0,-210.00000000000003,-120.0,17394.719,287.46735,0.29443994,False,False,-716.0090076296068
-190.00000000000003,-120.0,-190.00000000000003,-120.0,16561.309,279.33774,0.26855,False,False,-696.0825606545703
-170.0,-120.0,-170.0,-120.0,15708.337,269.89243,0.24219358,False,False,-676.1578657295923
-150.0,-120.0,-150.0,-120.0,14840.057,258.94116,0.21564671,False,False,-656.2349860867562
-130.0,-120.0,-130.0,-120.0,13957.634,246.51663,0.18889365,False,False,-636.3139880317636
-110.0,-120.0,-110.0,-120.0,13053.164,232.3759,0.161719,False,False,-616.3949411325906
-90.0,-120.0,-90.0,-120.0,12134.441,216.65561,0.13434371,False,False,-596.4779184221895
-70.0,-120.0,-70.0,-120.0,11194.148,199.03696,0.106613845,False,False,-576.5629966164577
-50.0,-120.0,-50.0,-120.0,10239.303,179.71333,0.07873765,False,False,-556.6502563488307
-30.0,-120.0,-30.0,-120.0,9265.495,159.13126,0.0504888,False,False,-536.7397824230026
-10.0,-120.0,-10.0,-120.0,8282.064,137.33165,0.022296717,False,False,-516.8316640854099
10.0,-120.0,10.0,-120.0,7441.6865,120.702995,0.0,False,False,-496.9259953193177
30.0,-120.0,30.0,-120.0,7183.949,118.13169,0.0,False,False,-477.02287516251647
50.0,-120.0,50.0,-120.0,6929.7627,115.543785,0.0,False,False,-457.12240805086896
70.0,-120.0,70.0,-120.0,6679.279,112.94225,0.0,False,False,-437.2247041901903
90.0,-120.0,90.0,-120.0,6432.628,110.329414,0.0,False,False,-417.32987995921275
110.0,-120.0,110.0,-120.0,6190.0273,107.70975,0.0,False,False,-397.4380583467063
130.0,-120.0,130.0,-120.0,5951.7305,105.08825,0.0,False,False,-377.54936942616655
150.0,-120.0,150.0,-120.0,5717.8906,102.46699,0.0,False,False,-357.6639508718813
170.0,-120.0,170.0,-120.0,5488.475,99.8434,0.0,False,False,-337.7819485206333
190.00000000000003,-120.0,190.00000000000003,-120.0,5263.5054,97.2166,0.0,False,False,-317.9035169838036
210.00000000000003,-120.0,210.00000000000003,-120.0,5043.0557,94.587364,0.0,False,False,-298.0288203152098
229.99999999999997,-120.0,229.99999999999997,-120.0,4827.211,91.95699,0.0,False,False,-278.1580327406748
250.0,-120.0,250.0,-120.0,4616.0845,89.3277,0.0,False,False,-258.2913394560612
270.0,-120.0,270.0,-120.0,4409.773,86.70107,0.0,False,False,-238.42893750135903
290.0,-120.0,290.0,-120.0,4208.3066,84.07689,0.0,False,False,-218.57103671938688
310.0,-120.0,310.0,-120.0,4011.745,81.45636,0.0,False,False,-198.71786080878024
330.0,-120.0,330.0,-120.0,3820.1929,78.84206,0.0,False,False,-178.8696484822207
350.0,-120.0,350.0,-120.0,3633.7822,76.23759,0.0,False,False,-159.02665474233646
370.0,-120.0,370.0,-120.0,3452.6396,73.646225,0.0,False,False,-139.18915228939372
390.0,-120.0,390.0,-120.0,3276.8315,71.069115,0.0,False,False,-119.35743307687203
410.0,-120.0,410.0,-120.0,3106.4683,68.50891,0.0,False,False,-99.53181003327998
430.0,-120.0,430.0,-120.0,2941.5942,65.96588,0.0,False,False,-79.71261897121352
450.0,-120.0,450.0,-120.0,2782.2422,63.440052,0.0,False,False,-59.90022070772966
470.00000000000006,-120.0,470.00000000000006,-120.0,2628.4546,60.93167,0.0,False,False,-40.09500342368255
490.0,-120.0,490.0,-120.0,2480.2727,58.441387,0.0,False,False,-20.297385293879312
510.00000000000006,-120.0,510.00000000000006,-120.0,2337.759,55.97102,0.0,False,False,-0.5078174248032696
530.0,-120.0,530.0,-120.0,2201.0254,53.52431,0.0,False,True,19.27321285754635
550.0,-120.0,550.0,-120.0,2070.0823,51.10105,0.0,False,True,39.045178320345485
570.0,-120.0,570.0,-120.0,1944.9346,48.701344,0.0,False,True,58.80750767975573
590.0,-120.0,590.0,-120.0,1825.6364,46.327164,0.0,False,True,78.55958093286924
610.0,-120.0,610.0,-120.0,1712.1997,43.978764,0.0,False,True,98.300724087445
630.0,-120.0,630.0,-120.0,1604.6897,41.659416,0.0,False,True,118.03020319750036
650.0,-120.0,650.0,-120.0,1503.1829,39.373306,0.0,False,True,137.74721759656867
670.0,-120.0,670.0,-120.0,1407.7789,37.126034,0.0,False,True,157.45089220089048
690.0,-120.0,690.0,-120.0,1318.5911,34.924263,0.0,False,True,177.14026873124251
710.0,-120.0,710.0,-120.0,1235.6455,32.77042,0.0,False,True,196.81429567359154
730.0,-120.0,730.0,-120.0,1158.959,30.666988,0.0,False,True,216.4718167641159
750.0,-120.0,750.0,-120.0,1088.5181,28.615446,0.0,False,True,236.11155774187702
770.0,-120.0,770.0,-120.0,1024.3237,26.619404,0.0,False,True,220.7054472152394
789.9999999999999,-120.0,789.9999999999999,-120.0,966.4408,24.687933,0.0,False,True,200.93804996108094
810.0,-120.0,810.0,-120.0,914.96216,22.833555,0.0,False,True,181.15935616262902
830.0,-120.0,830.0,-120.0,869.96484,21.06966,0.0,False,True,161.3701650906998
850.0,-120.0,850.0,-120.0,831.47986,19.40888,0.0,False,True,141.57120271975964
869.9999999999999,-120.0,869.9999999999999,-120.0,799.51904,17.865303,0.0,False,True,121.76312990173311
890.0000000000001,-120.0,890.0000000000001,-120.0,774.0928,16.456785,0.0,False,True,101.9465494749211
910.0,-120.0,910.0,-120.0,755.25085,15.206887,0.0,False,True,82.12201246570899
930.0,-120.0,930.0,-120.0,742.97736,14.136943,0.0,False,True,62.290023514732894
950.0,-120.0,950.0,-120.0,737.2158,13.267059,0.0,False,True,42.451045637874444
969.9999999999999,-120.0,969.9999999999999,-120.0,737.9579,12.6201725,0.0,False,True,22.605504414926703
990.0,-120.0,990.0,-120.0,745.212,12.214317,0.0,False,True,2.753791684320217
1010.0,-120.0,1010.0,-120.0,759.29504,12.061771,8.345669e-06,False,False,-17.103731189695324
1030.0,-120.0,1030.0,-120.0,781.5492,12.224552,5.943136e-05,False,False,-36.96673042099086
1050.0,-120.0,1050.0,-120.0,810.621,12.731577,0.000117626914,False,False,-56.83489722851215
1070.0,-120.0,1070.0,-120.0,850.1339,13.581755,0.00027559942,False,False,-76.7079455451234
1090.0,-120.0,1090.0,-120.0,901.81934,14.94824,0.00057836133,False,False,-96.58560997306547
1110.0,-120.0,1110.0,-120.0,963.582,16.88796,0.00097229943,False,False,-116.4676439557038
1130.0,-120.0,1130.0,-120.0,1035.848,19.366297,0.0014697921,False,False,-136.35381813940327
1150.0,-120.0,1150.0,-120.0,1119.0587,22.348095,0.0020837456,False,False,-156.24391890292787
1170.0,-120.0,1170.0,-120.0,1216.7153,25.827875,0.0029077341,False,False,-176.13774703475966
1190.0,-120.0,1190.0,-120.0,1329.8967,29.86735,0.003972995,False,False,-196.0351165413164
1210.0,-120.0,1210.0,-120.0,1458.502,34.387478,0.005277686,False,False,-215.9358535712318
1230.0,-120.0,1230.0,-120.0,1606.3279,39.415863,0.006925302,False,False,-235.8397954427588
1250.0,-120.0,1250.0,-120.0,1768.9716,44.898228,0.008801643,False,False,-255.74678976296826
1270.0,-120.0,1270.0,-120.0,1944.5686,50.75577,0.010858406,False,False,-275.656693628815
1290.0,-120.0,1290.0,-120.0,2143.9268,57.011772,0.013391551,False,False,-295.5693729013511
1310.0,-120.0,1310.0,-120.0,2362.1963,63.666023,0.016272947,False,False,-315.48470154540377
1330.0,-120.0,1330.0,-120.0,2596.573,70.66086,0.0194303,False,False,-335.40256102794723
1350.0,-120.0,1350.0,-120.0,2847.9434,77.94581,0.022891462,False,False,-355.3228397691821
1370.0,-120.0,1370.0,-120.0,3120.521,85.53104,0.026779775,False,False,-375.2454326410251
1390.0,-120.0,1390.0,-120.0,3412.8816,93.387314,0.03106041,False,False,-395.1702405083045
1410.0,-120.0,1410.0,-120.0,3721.7922,101.47788,0.035648473,False,False,-415.0971698084906
1430.0,-120.0,1430.0,-120.0,4047.522,109.77374,0.04055746,False,False,-435.0261321662405
1450.0,-120.0,1450.0,-120.0,4392.4814,118.25995,0.04586401,False,False,-454.95704403944524
1470.0,-120.0,1470.0,-120.0,4757.2974,126.92104,0.051593766,False,False,-474.8898263938225
1490.0,-120.0,1490.0,-120.0,5141.298,135.7377,0.057736006,False,False,-494.8244044034069
1510.0,-120.0,1510.0,-120.0,5548.749,144.6647,0.06442122,False,False,-514.7607071745688
1530.0,-120.0,1530.0,-120.0,5973.0947,153.55064,0.0714714,False,False,-534.6986674914398
1550.0000000000002,-120.0,1550.0000000000002,-120.0,6419.879,162.51384,0.07905644,False,False,-554.6382215808284
1570.0,-120.0,1570.0,-120.0,6888.499,171.29868,0.08717881,False,False,-574.5793088949189
1590.0,-120.0,1590.0,-120.0,7372.802,179.70613,0.095676884,False,False,-594.5218719101977
1609.9999999999998,-120.0,1609.9999999999998,-120.0,7879.5103,187.94832,0.10475947,False,False,-614.4658559412147
1630.0,-120.0,1630.0,-120.0,8409.064,195.99565,0.11445838,False,False,-634.4112089679268
1650.0000000000002,-120.0,1650.0000000000002,-120.0,8962.168,203.8697,0.12480756,False,False,-654.3578814754686
1670.0,-120.0,1670.0,-120.0,9530.637,211.39403,0.135582,False,False,-674.3058263053377
1690.0,-120.0,1690.0,-120.0,10112.659,218.46022,0.14673977,False,False,-694.2549985170476
1709.9999999999998,-120.0,1709.9999999999998,-120.0,10710.752,225.17894,0.15837744,False,False,-714.2053552593984
1730.0,-120.0,1730.0,-120.0,11315.317,231.27684,0.17022821,False,False,-734.1568556506071
1750.0,-120.0,1750.0,-120.0,11936.059,237.0404,0.18259689,False,False,-754.1094606665802
-250.0,-100.0,-250.0,-100.0,19972.59,295.67465,0.34327054,False,False,-754.3151066152508
-229.99999999999997,-100.0,-229.99999999999997,-100.0,19177.646,290.4771,0.31774634,False,False,-734.3675018833504
-210.00000000000003,-100.0,-210.00000000000003,-100.0,18371.168,284.27063,0.29214504,False,False,-714.4211180103072
-190.00000000000003,-100.0,-190.00000000000003,-100.0,17550.11,276.8687,0.2662561,False,False,-694.475998109837
-170.0,-100.0,-170.0,-100.0,16706.95,268.21448,0.23984082,False,False,-674.5321873469453
-150.0,-100.0,-150.0,-100.0,15848.543,258.1654,0.21329638,False,False,-654.5897330612082
-130.0,-100.0,-130.0,-100.0,14973.761,246.72983,0.18650237,False,False,-634.6486848990451
-110.0,-100.0,-110.0,-100.0,14076.845,233.6903,0.1593159,False,False,-614.7090949557429
-90.0,-100.0,-90.0,-100.0,13163.469,219.23517,0.13188541,False,False,-594.7710179280942
-70.0,-100.0,-70.0,-100.0,12229.592,203.09769,0.10415755,False,False,-574.8345112785747
-50.0,-100.0,-50.0,-100.0,11278.493,185.48267,0.07622867,False,False,-554.8996354120878
-30.0,-100.0,-30.0,-100.0,10309.291,167.00804,0.04797906,False,False,-534.9664538664222
-10.0,-100.0,-10.0,-100.0,9327.547,147.6802,0.019758439,False,False,-515.0350335176666
10.0,-100.0,10.0,-100.0,8545.118,134.51807,0.0,False,False,-495.1054448019687
30.0,-100.0,30.0,-100.0,8254.73,131.8474,0.0,False,False,-475.17776195518536
50.0,-100.0,50.0,-100.0,7967.9766,129.14761,0.0,False,False,-455.25206327210765
70.0,-100.0,70.0,-100.0,7684.934,126.419365,0.0,False,False,-435.3284313871661
90.0,-100.0,90.0,-100.0,7405.837,123.666336,0.0,False,False,-415.4069535787082
110.0,-100.0,110.0,-100.0,7130.8545,120.89081,0.0,False,False,-395.4877220991862
130.0,-100.0,130.0,-100.0,6860.0757,118.093864,0.0,False,False,-375.5708345338644
150.0,-100.0,150.0,-100.0,6593.58,115.27684,0.0,False,False,-355.6563941909502
170.0,-100.0,170.0,-100.0,6331.475,112.44201,0.0,False,False,-335.7445105264051
190.00000000000003,-100.0,190.00000000000003,-100.0,6073.987,109.593864,0.0,False,False,-315.8352996070754
210.00000000000003,-100.0,210.00000000000003,-100.0,5821.2886,106.73564,0.0,False,False,-295.9288846162271
229.99999999999997,-100.0,229.99999999999997,-100.0,5573.6426,103.87264,0.0,False,False,-276.02539640607273
250.0,-100.0,250.0,-100.0,5331.3486,101.01037,0.0,False,False,-256.1249741024543
270.0,-100.0,270.0,-100.0,5094.471,98.14835,0.0,False,False,-236.22776576750115
290.0,-100.0,290.0,-100.0,4863.0254,95.28489,0.0,False,False,-216.3339291268349
310.0,-100.0,310.0,-100.0,4637.0566,92.41938,0.0,False,False,-196.44363236875523
330.0,-100.0,330.0,-100.0,4416.654,89.55288,0.0,False,False,-176.55705502383418
350.0,-100.0,350.0,-100.0,4201.951,86.68799,0.0,False,False,-156.67438893448937
370.0,-100.0,370.0,-100.0,3993.0269,83.825714,0.0,False,False,-136.7958393254219
390.0,-100.0,390.0,-100.0,3789.956,80.96726,0.0,False,False,-116.92162598734168
410.0,-100.0,410.0,-100.0,3592.8003,78.11386,0.0,False,False,-97.05198458816145
430.0,-100.0,430.0,-100.0,3401.6455,75.267746,0.0,False,False,-77.18716812791642
450.0,-100.0,450.0,-100.0,3216.633,72.433044,0.0,False,False,-57.327448556054925
470.00000000000006,-100.0,470.00000000000006,-100.0,3037.973,69.61577,0.0,False,False,-37.473118572560026
490.0,-100.0,490.0,-100.0,2865.7292,66.816925,0.0,False,False,-17.624493637653003
510.00000000000006,-100.0,510.00000000000006,-100.0,2700.0383,64.04026,0.0,False,True,2.2180857813134947
530.0,-100.0,530.0,-100.0,2540.988,61.28757,0.0,False,True,22.054251692598893
550.0,-100.0,550.0,-100.0,2388.5864,58.557693,0.0,False,True,41.88360575390438
570.0,-100.0,570.0,-100.0,2242.8657,55.850975,0.0,False,True,61.70571609235731
590.0,-100.0,590.0,-100.0,2103.9302,53.17112,0.0,False,True,81.5201137181214
610.0,-100.0,610.0,-100.0,1971.8899,50.522297,0.0,False,True,101.32628847006481
630.0,-100.0,630.0,-100.0,1846.8367,47.907978,0.0,False,True,121.12368442106403
650.0,-100.0,650.0,-100.0,1728.7511,45.327667,0.0,False,True,140.9116946575155
670.0,-100.0,670.0,-100.0,1617.6809,42.7838,0.0,False,True,160.68965533192747
690.0,-100.0,690.0,-100.0,1513.6392,40.277824,0.0,False,True,180.45683886847362
710.0,-100.0,710.0,-100.0,1416.6938,37.81504,0.0,False,True,200.2124461783169
730.0,-100.0,730.0,-100.0,1326.905,35.400948,0.0,False,True,219.95559771338142
750.0,-100.0,750.0,-100.0,1244.3737,33.04424,0.0,False,True,239.685323152772
770.0,-100.0,770.0,-100.0,1169.241,30.75693,0.0,False,True,223.53364528783348
789.9999999999999,-100.0,789.9999999999999,-100.0,1101.5903,28.548935,0.0,False,True,203.69603793526176
810.0,-100.0,810.0,-100.0,1041.4397,26.42828,0.0,False,True,183.85050389037167
830.0,-100.0,830.0,-100.0,988.7422,24.401506,0.0,False,True,163.99760765892535
850.0,-100.0,850.0,-100.0,943.48883,22.48119,0.0,False,True,144.13786156881542
869.9999999999999,-100.0,869.9999999999999,-100.0,905.76495,20.690372,0.0,False,True,124.27173164274296
890.0000000000001,-100.0,890.0000000000001,-100.0,875.72754,19.061342,0.0,False,True,104.39964269770408
910.0,-100.0,910.0,-100.0,853.4798,17.62665,0.0,False,True,84.52198278713429
930.0,-100.0,930.0,-100.0,839.02856,16.415747,0.0,False,True,64.63910708219144
950.0,-100.0,950.0,-100.0,832.37946,15.459348,0.0,False,True,44.75134127286001
969.9999999999999,-100.0,969.9999999999999,-100.0,833.5847,14.786482,0.0,False,True,24.858984556592468
990.0,-100.0,990.0,-100.0,842.6216,14.41073,0.0,False,True,4.9623122715400925
1010.0,-100.0,1010.0,-100.0,859.6172,14.333145,4.5553024e-06,False,False,-14.938421777400347
1030.0,-100.0,1030.0,-100.0,886.06213,14.595633,5.3113676e-05,False,False,-34.84298325881308
1050.0,-100.0,1050.0,-100.0,920.6195,15.204412,0.00011143007,False,False,-54.75115548644932
1070.0,-100.0,1070.0,-100.0,966.0586,16.13866,0.00025142854,False,False,-74.66273779265292
1090.0,-100.0,1090.0,-100.0,1025.0162,17.52758,0.00054093415,False,False,-94.57754407807961
1110.0,-100.0,1110.0,-100.0,1095.3105,19.432016,0.0009227833,False,False,-114.4954015158609
1130.0,-100.0,1130.0,-100.0,1177.5537,21.832966,0.001412599,False,False,-134.416149391395
1150.0,-100.0,1150.0,-100.0,1271.7246,24.716125,0.0020126884,False,False,-154.33963806151974
1170.0,-100.0,1170.0,-100.0,1380.9631,28.073547,0.002808253,False,False,-174.26572801900346
1190.0,-100.0,1190.0,-100.0,1507.2325,31.985012,0.0038553793,False,False,-194.1942890501529
1210.0,-100.0,1210.0,-100.0,1649.248,36.36645,0.0051209433,False,False,-214.12519947491415
1230.0,-100.0,1230.0,-100.0,1812.2529,41.24439,0.0067471345,False,False,-234.0583454602136
1250.0,-100.0,1250.0,-100.0,1991.1736,46.569782,0.008601263,False,False,-253.9936203984453
1270.0,-100.0,1270.0,-100.0,2184.0789,52.265953,0.010634344,False,False,-273.9309243440165
1290.0,-100.0,1290.0,-100.0,2400.6865,58.35013,0.013115528,False,False,-293.8701635017326
1310.0,-100.0,1310.0,-100.0,2638.1074,64.82473,0.01596986,False,False,-313.81124976154774
1330.0,-100.0,1330.0,-100.0,2892.7844,71.631744,0.019103773,False,False,-333.7541002748597
1350.0,-100.0,1350.0,-100.0,3164.851,78.7136,0.02252458,False,False,-353.69863706808854
1370.0,-100.0,1370.0,-100.0,3459.1455,86.0868,0.026377328,False,False,-373.64478668977597
1390.0,-100.0,1390.0,-100.0,3774.1697,93.71453,0.030625908,False,False,-393.5924798878616
1410.0,-100.0,1410.0,-100.0,4106.889,101.558914,0.035190836,False,False,-413.54165131417324
1430.0,-100.0,1430.0,-100.0,4456.873,109.592735,0.040067315,False,False,-433.49223925349526
1450.0,-100.0,1450.0,-100.0,4826.8267,117.8015,0.045342382,False,False,-453.4441853748633
1470.0,-100.0,1470.0,-100.0,5217.0264,126.17105,0.051035624,False,False,-473.3974345029925
1490.0,-100.0,1490.0,-100.0,5626.6836,134.67946,0.05713304,False,False,-493.35193440796127
1510.0,-100.0,1510.0,-100.0,6060.449,143.2813,0.06377964,False,False,-513.3076356114774
1530.0,-100.0,1530.0,-100.0,6511.624,151.82906,0.07079232,False,False,-533.2644912082194
1550.0000000000002,-100.0,1550.0000000000002,-100.0,6984.9414,160.42142,0.078324646,False,False,-553.2224567009071
1570.0,-100.0,1570.0,-100.0,7480.738,168.85025,0.08640829,False,False,-573.1814898478816
1590.0,-100.0,1590.0,-100.0,7992.1875,176.88359,0.094862595,False,False,-593.1415505221124
1609.9999999999998,-100.0,1609.9999999999998,-100.0,8525.619,184.72275,0.1038942,False,False,-613.1026005806324
1630.0,-100.0,1630.0,-100.0,9081.041,192.3446,0.113524675,False,False,-633.0646037435262
1650.0000000000002,-100.0,1650.0000000000002,-100.0,9659.84,199.7896,0.12381447,False,False,-653.0275254816542
1670.0,-100.0,1670.0,-100.0,10255.088,206.88354,0.13457432,False,False,-672.9913329123974
1690.0,-100.0,1690.0,-100.0,10862.402,213.49875,0.1456817,False,False,-692.9559947027567
1709.9999999999998,-100.0,1709.9999999999998,-100.0,11485.716,219.7626,0.15728828,False,False,-712.921480979207
1730.0,-100.0,1730.0,-100.0,12115.105,225.38416,0.16911638,False,False,-732.8877632437711
1750.0,-100.0,1750.0,-100.0,12758.595,230.6488,0.1814265,False,False,-752.8548142958106
-250.0,-80.0,-250.0,-80.0,21300.305,288.9411,0.34143418,False,False,-752.9901166042666
-229.99999999999997,-80.0,-229.99999999999997,-80.0,20526.557,284.58133,0.31589752,False,False,-733.0272609520188
-210.00000000000003,-80.0,-210.00000000000003,-80.0,19738.262,279.283,0.2902736,False,False,-713.0652718135041
-190.00000000000003,-80.0,-190.00000000000003,-80.0,18933.617,272.91956,0.26437366,False,False,-693.104179837759
-170.0,-80.0,-170.0,-80.0,18104.352,265.41418,0.2379238,False,False,-673.1440171350185
-150.0,-80.0,-150.0,-80.0,17257.766,256.648,0.21137662,False,False,-653.1848173647505
-130.0,-80.0,-130.0,-80.0,16391.5,246.61327,0.18453982,False,False,-633.2266158301305
-110.0,-80.0,-110.0,-80.0,15502.062,235.15877,0.15734923,False,False,-613.2694495795046
-90.0,-80.0,-90.0,-80.0,14593.312,222.49004,0.12987688,False,False,-593.3133575154556
-70.0,-80.0,-70.0,-80.0,13663.814,208.40503,0.10215652,False,False,-573.3583805121419
-50.0,-80.0,-50.0,-80.0,12713.629,193.11531,0.074168906,False,False,-553.4045615416502
-30.0,-80.0,-30.0,-80.0,11746.142,177.36563,0.045928717,False,False,-533.4519458101784
-10.0,-80.0,-10.0,-80.0,10763.814,161.13448,0.017695317,False,False,-513.500580904956
10.0,-80.0,10.0,-80.0,10017.018,151.00435,0.0,False,False,-493.5505169528936
30.0,-80.0,30.0,-80.0,9685.486,148.29146,0.0,False,False,-473.60180679207656
50.0,-80.0,50.0,-80.0,9357.75,145.54079,0.0,False,False,-453.65450615732243
70.0,-80.0,70.0,-80.0,9034.012,142.75218,0.0,False,False,-433.708673881171
90.0,-80.0,90.0,-80.0,8714.332,139.9242,0.0,False,False,-413.76437211181786
110.0,-80.0,110.0,-80.0,8398.912,137.05763,0.0,False,False,-393.821666549684
130.0,-80.0,130.0,-80.0,8087.8047,134.15158,0.0,False,False,-373.8806267045021
150.0,-80.0,150.0,-80.0,7781.034,131.2055,0.0,False,False,-353.94132617502004
170.0,-80.0,170.0,-80.0,7478.7573,128.22127,0.0,False,False,-334.0038429536808
190.00000000000003,-80.0,190.00000000000003,-80.0,7181.129,125.2006,0.0,False,False,-314.06825975890797
210.00000000000003,-80.0,210.00000000000003,-80.0,6888.216,122.14465,0.0,False,False,-294.1346643979603
229.99999999999997,-80.0,229.99999999999997,-80.0,6600.3613,119.059395,0.0,False,False,-274.20315016367704
250.0,-80.0,250.0,-80.0,6317.7876,115.94813,0.0,False,False,-254.27381626886185
270.0,-80.0,270.0,-80.0,6040.6006,112.81265,0.0,False,False,-234.34676832252887
290.0,-80.0,290.0,-80.0,5768.922,109.65582,0.0,False,False,-214.4221188527849
310.0,-80.0,310.0,-80.0,5503.118,106.485405,0.0,False,False,-194.49998788175134
330.0,-80.0,330.0,-80.0,5243.431,103.30581,0.0,False,False,-174.58050355866223
350.0,-80.0,350.0,-80.0,4990.123,100.12218,0.0,False,False,-154.66380285810345
370.0,-80.0,370.0,-80.0,4743.5293,96.94039,0.0,False,False,-134.7500323513339
390.0,-80.0,390.0,-80.0,4503.797,93.76146,0.0,False,False,-114.8393490597514
410.0,-80.0,410.0,-80.0,4270.9463,90.58336,0.0,False,False,-94.93192140086349
430.0,-80.0,430.0,-80.0,4045.0825,87.40647,0.0,False,False,-75.02793023865345
450.0,-80.0,450.0,-80.0,3826.3389,84.23244,0.0,False,False,-55.12757005199131
470.00000000000006,-80.0,470.00000000000006,-80.0,3614.7783,81.0617,0.0,False,False,-35.23105023682332
490.0,-80.0,490.0,-80.0,3410.504,77.8963,0.0,False,False,-15.33859656030645
510.00000000000006,-80.0,510.00000000000006,-80.0,3213.622,74.73855,0.0,False,True,4.549547212082839
530.0,-80.0,530.0,-80.0,3024.1936,71.590034,0.0,False,True,24.433117492047185
550.0,-80.0,550.0,-80.0,2842.2644,68.45268,0.0,False,True,44.31182881815343
570.0,-80.0,570.0,-80.0,2668.1562,65.33768,0.0,False,True,64.1853715465232
590.0,-80.0,590.0,-80.0,2502.0918,62.252277,0.0,False,True,84.05340924367461
610.0,-80.0,610.0,-80.0,2344.2456,59.20172,0.0,False,True,103.91557573588412
630.0,-80.0,630.0,-80.0,2194.6287,56.18529,0.0,False,True,123.77147176129417
650.0,-80.0,650.0,-80.0,2053.291,53.204575,0.0,False,True,143.62066116119726
670.0,-80.0,670.0,-80.0,1920.2969,50.262592,0.0,False,True,163.46266653507828
690.0,-80.0,690.0,-80.0,1795.72,47.364254,0.0,False,True,183.29696426962022
710.0,-80.0,710.0,-80.0,1679.8329,44.522533,0.0,False,True,203.1229788343531
730.0,-80.0,730.0,-80.0,1572.6602,41.740635,0.0,False,True,222.94007621519236
750.0,-80.0,750.0,-80.0,1474.2,39.02213,0.0,False,True,242.7475563307388
770.0,-80.0,770.0,-80.0,1384.5059,36.37415,0.0,False,True,225.8553106815238
789.9999999999999,-80.0,789.9999999999999,-80.0,1303.5771,33.80437,0.0,False,True,205.9596987557873
810.0,-80.0,810.0,-80.0,1231.4974,31.327745,0.0,False,True,186.0589701950146
830.0,-80.0,830.0,-80.0,1168.3569,28.96303,0.0,False,True,166.15349134268115
850.0,-80.0,850.0,-80.0,1114.2661,26.733768,0.0,False,True,146.24359446034018
869.9999999999999,-80.0,869.9999999999999,-80.0,1069.3691,24.669226,0.0,False,True,126.3295815926923
890.0000000000001,-80.0,890.0000000000001,-80.0,1033.7615,22.800419,0.0,False,True,106.41172791939557
910.0,-80.0,910.0,-80.0,1007.42444,21.15664,0.0,False,True,86.49028467125747
930.0,-80.0,930.0,-80.0,990.29877,19.770666,0.0,False,True,66.56548167533455
950.0,-80.0,950.0,-80.0,982.4287,18.685184,0.0,False,True,46.63752958279299
969.9999999999999,-80.0,969.9999999999999,-80.0,984.0754,17.94976,0.0,False,True,26.706621824642173
990.0,-80.0,990.0,-80.0,995.4048,17.590061,0.0,False,True,6.772936333287238
1010.0,-80.0,1010.0,-80.0,1016.4836,17.60125,2.8013892e-06,False,False,-13.163362938080292
1030.0,-80.0,1030.0,-80.0,1048.8855,18.011768,4.7935755e-05,False,False,-33.10212467112855
1050.0,-80.0,1050.0,-80.0,1091.5157,18.798628,0.00010635151,False,False,-53.04320899002046
1070.0,-80.0,1070.0,-80.0,1146.4194,19.91574,0.0002335502,False,False,-72.98648640139
1090.0,-80.0,1090.0,-80.0,1216.644,21.440931,0.0005102672,False,False,-92.93183684985601
1110.0,-80.0,1110.0,-80.0,1300.064,23.415146,0.0008829959,False,False,-112.87914887466555
1130.0,-80.0,1130.0,-80.0,1397.1862,25.826567,0.0013667141,False,False,-132.82831885506812
1150.0,-80.0,1150.0,-80.0,1507.7812,28.680117,0.0019559972,False,False,-152.77925033373162
1170.0,-80.0,1170.0,-80.0,1634.8142,31.970491,0.0027296823,False,False,-172.73185340895398
1190.0,-80.0,1190.0,-80.0,1780.7749,35.786705,0.0037595606,False,False,-192.68604418765634
1210.0,-80.0,1210.0,-80.0,1943.837,40.048527,0.004998494,False,False,-212.64174429218784
1230.0,-80.0,1230.0,-80.0,2129.5825,44.773495,0.006601029,False,False,-232.59888041487358
1250.0,-80.0,1250.0,-80.0,2333.0542,49.92433,0.008437935,False,False,-252.5573839150046
1270.0,-80.0,1270.0,-80.0,2552.217,55.427013,0.010456594,False,False,-272.51719045363006
1290.0,-80.0,1290.0,-80.0,2795.3813,61.29874,0.012892499,False,False,-292.4782396620842
1310.0,-80.0,1310.0,-80.0,3061.542,67.537895,0.015724104,False,False,-312.4404748406688
1330.0,-80.0,1330.0,-80.0,3346.4255,74.09143,0.018838594,False,False,-332.4038426843418
1350.0,-80.0,1350.0,-80.0,3649.5781,80.895035,0.022227395,False,False,-352.368293032634
1370.0,-80.0,1370.0,-80.0,3976.239,87.969185,0.026048712,False,False,-372.3337786413333
1390.0,-80.0,1390.0,-80.0,4325.1333,95.268,0.030273039,False,False,-392.300254973761
1410.0,-80.0,1410.0,-80.0,4692.9854,102.754196,0.034815826,False,False,-412.26768000970696
1430.0,-80.0,1430.0,-80.0,5079.057,110.40353,0.039668195,False,False,-432.2360140703068
1450.0,-80.0,1450.0,-80.0,5485.951,118.20504,0.044919275,False,False,-452.2052196573322
1470.0,-80.0,1470.0,-80.0,5913.6484,126.144196,0.05058265,False,False,-472.1752613055282
1490.0,-80.0,1490.0,-80.0,6361.412,134.19688,0.056646593,False,False,-492.1461054467823
1510.0,-80.0,1510.0,-80.0,6833.618,142.31567,0.06325479,False,False,-512.117720285031
1530.0,-80.0,1530.0,-80.0,7324.072,150.35803,0.0702389,False,False,-532.0900756809307
1550.0000000000002,-80.0,1550.0000000000002,-80.0,7836.5083,158.40453,0.07773456,False,False,-552.0631430454113
1570.0,-80.0,1570.0,-80.0,8371.359,166.27936,0.085778795,False,False,-572.03689524133
1590.0,-80.0,1590.0,-80.0,8922.025,173.73807,0.09420225,False,False,-592.0113064925138
1609.9999999999998,-80.0,1609.9999999999998,-80.0,9493.582,180.96626,0.10318502,False,False,-611.9863522995473
1630.0,-80.0,1630.0,-80.0,10086.297,187.9635,0.11276439,False,False,-631.9620093617376
1650.0000000000002,-80.0,1650.0000000000002,-80.0,10701.516,194.77611,0.12300666,False,False,-651.938255504727
1670.0,-80.0,1670.0,-80.0,11333.21,201.23555,0.13374966,False,False,-671.9150696132864
1690.0,-80.0,1690.0,-80.0,11975.795,207.19482,0.14482132,False,False,-691.8924315688631
1709.9999999999998,-80.0,1709.9999999999998,-80.0,12633.726,212.77888,0.15639944,False,False,-711.870322191491
1730.0,-80.0,1730.0,-80.0,13297.355,217.70859,0.16821083,False,False,-731.8487231857175
1750.0,-80.0,1750.0,-80.0,13972.757,222.25137,0.18047276,False,False,-751.8276170902207
-250.0,-60.0,-250.0,-60.0,23156.61,278.1669,0.34000525,False,False,-751.892463744851
-229.99999999999997,-60.0,-229.99999999999997,-60.0,22411.254,275.14142,0.3144639,False,False,-731.9169560970929
-210.00000000000003,-60.0,-210.00000000000003,-60.0,21648.129,271.26434,0.288816,False,False,-711.9420203696262
-190.00000000000003,-60.0,-190.00000000000003,-60.0,20866.793,266.4667,0.26290357,False,False,-691.9676768182817
-170.0,-60.0,-170.0,-60.0,20059.352,260.66525,0.23644082,False,False,-671.9939466662165
-150.0,-60.0,-150.0,-60.0,19231.389,253.75891,0.20988257,False,False,-652.0208521623105
-130.0,-60.0,-130.0,-60.0,18380.707,245.75471,0.18301564,False,False,-632.048416643852
-110.0,-60.0,-110.0,-60.0,17505.086,236.56642,0.15581936,False,False,-612.0766646038643
-90.0,-60.0,-90.0,-60.0,16607.773,226.39745,0.12831613,False,False,-592.1056217634987
-70.0,-60.0,-70.0,-60.0,15688.297,215.11699,0.100596644,False,False,-572.1353151499248
-50.0,-60.0,-50.0,-60.0,14744.592,202.96254,0.07256749,False,False,-552.1657731802262
-30.0,-60.0,-30.0,-60.0,13782.246,190.6766,0.04433324,False,False,-532.1970257518404
-10.0,-60.0,-10.0,-60.0,12801.619,178.228,0.016091228,False,False,-512.2291043401469
10.0,-60.0,10.0,-60.0,12071.305,170.82732,0.0,False,False,-492.26204210387215
30.0,-60.0,30.0,-60.0,11689.307,168.12437,0.0,False,False,-472.295873999053
50.0,-60.0,50.0,-60.0,11309.447,165.3676,0.0,False,False,-452.3306369023729
70.0,-60.0,70.0,-60.0,10932.379,162.56052,0.0,False,False,-432.3663697447902
90.0,-60.0,90.0,-60.0,10558.616,159.70375,0.0,False,False,-412.4031136564679
110.0,-60.0,110.0,-60.0,10188.412,156.7975,0.0,False,False,-392.44091212413804
130.0,-60.0,130.0,-60.0,9822.289,153.84338,0.0,False,False,-372.47981116215993
150.0,-60.0,150.0,-60.0,9460.713,150.84094,0.0,False,False,-352.5198594986822
170.0,-60.0,170.0,-60.0,9103.895,147.78796,0.0,False,False,-332.56110877848727
190.00000000000003,-60.0,190.00000000000003,-60.0,8752.178,144.68513,0.0,False,False,-312.6036137842862
210.00000000000003,-60.0,210.00000000000003,-60.0,8405.961,141.5329,0.0,False,False,-292.6474326784486
229.99999999999997,-60.0,229.99999999999997,-60.0,8065.4663,138.33049,0.0,False,False,-272.6926272674015
250.0,-60.0,250.0,-60.0,7730.753,135.07602,0.0,False,False,-252.7392632912156
270.0,-60.0,270.0,-60.0,7401.8945,131.76929,0.0,False,False,-232.7874107412169
290.0,-60.0,290.0,-60.0,7078.9834,128.41101,0.0,False,False,-212.83714420883825
310.0,-60.0,310.0,-60.0,6762.127,125.00275,0.0,False,False,-192.8885432693479
330.0,-60.0,330.0,-60.0,6451.6094,121.54874,0.0,False,False,-172.94169290458922
350.0,-60.0,350.0,-60.0,6147.439,118.04919,0.0,False,False,-152.99668396942934
370.0,-60.0,370.0,-60.0,5849.8096,114.5095,0.0,False,False,-133.05361370727576
390.0,-60.0,390.0,-60.0,5559.159,110.93792,0.0,False,False,-113.1125863207788
410.0,-60.0,410.0,-60.0,5275.793,107.340065,0.0,False,False,-93.1737136047271
430.0,-60.0,430.0,-60.0,4999.9893,103.72206,0.0,False,False,-73.23711564917751
450.0,-60.0,450.0,-60.0,4732.0605,100.0912,0.0,False,False,-53.3029216220674
470.00000000000006,-60.0,470.00000000000006,-60.0,4472.412,96.45601,0.0,False,False,-33.371270641969765
490.0,-60.0,490.0,-60.0,4221.5356,92.82533,0.0,False,False,-13.4423127533288
510.00000000000006,-60.0,510.00000000000006,-60.0,3979.6255,89.20069,0.0,False,True,6.48378998154625
530.0,-60.0,530.0,-60.0,3746.9902,85.586426,0.0,False,True,26.406862257108642
550.0,-60.0,550.0,-60.0,3523.6917,81.98107,0.0,False,True,46.32671414647166
570.0,-60.0,570.0,-60.0,3309.8853,78.38629,0.0,False,True,66.24313954794326
590.0,-60.0,590.0,-60.0,3105.6975,74.80437,0.0,False,True,86.15591442965587
610.0,-60.0,610.0,-60.0,2911.1475,71.23607,0.0,False,True,106.06479484108306
630.0,-60.0,630.0,-60.0,2726.412,67.68717,0.0,False,True,125.96951465459088
650.0,-60.0,650.0,-60.0,2551.5415,64.16051,0.0,False,True,145.8697829933962
670.0,-60.0,670.0,-60.0,2386.6335,60.661694,0.0,False,True,165.76528129406853
690.0,-60.0,690.0,-60.0,2231.9365,57.20398,0.0,False,True,185.65565994170453
710.0,-60.0,710.0,-60.0,2087.9126,53.807636,0.0,False,True,205.54053440367542
730.0,-60.0,730.0,-60.0,1954.8497,50.486168,0.0,False,True,225.4194807728417
750.0,-60.0,750.0,-60.0,1832.6731,47.241703,0.0,False,True,245.2920306126146
770.0,-60.0,770.0,-60.0,1721.5211,44.087315,0.0,False,True,227.66587541401478
789.9999999999999,-60.0,789.9999999999999,-60.0,1621.3018,41.030518,0.0,False,True,207.7247952889097
810.0,-60.0,810.0,-60.0,1532.4084,38.10266,0.0,False,True,187.7808177591469
830.0,-60.0,830.0,-60.0,1454.9941,35.325996,0.0,False,True,167.834151145338
850.0,-60.0,850.0,-60.0,1389.1323,32.725517,0.0,False,True,147.88498428909253
869.9999999999999,-60.0,869.9999999999999,-60.0,1334.8193,30.327095,0.0,False,True,127.9334887750821
890.0000000000001,-60.0,890.0000000000001,-60.0,1292.009,28.163778,0.0,False,True,107.97982085605246
910.0,-60.0,910.0,-60.0,1260.7947,26.28451,0.0,False,True,88.02412312605534
930.0,-60.0,930.0,-60.0,1241.3328,24.74651,0.0,False,True,68.06652597945589
950.0,-60.0,950.0,-60.0,1233.7634,23.604408,0.0,False,True,48.107148887018894
969.9999999999999,-60.0,969.9999999999999,-60.0,1238.2533,22.900545,0.0,False,True,28.14610151525354
990.0,-60.0,990.0,-60.0,1254.8568,22.6486,0.0,False,True,8.18348471100755
1010.0,-60.0,1010.0,-60.0,1283.5767,22.836456,1.4345278e-06,False,False,-11.78060863015168
1030.0,-60.0,1030.0,-60.0,1325.8417,23.482428,4.3903623e-05,False,False,-31.746092796091084
1050.0,-60.0,1050.0,-60.0,1381.1146,24.554125,0.00010239726,False,False,-51.71288857748624
1070.0,-60.0,1070.0,-60.0,1451.3186,25.995588,0.00022023014,False,False,-71.68092266308457
1090.0,-60.0,1090.0,-60.0,1539.8264,27.833466,0.0004874054,False,False,-91.65012710116982
1110.0,-60.0,1110.0,-60.0,1644.8081,30.070522,0.0008541761,False,False,-111.62043881893436
1130.0,-60.0,1130.0,-60.0,1766.5015,32.67941,0.0013316155,False,False,-131.591799192624
1150.0,-60.0,1150.0,-60.0,1904.5272,35.66971,0.0019124742,False,False,-151.56415366231346
1170.0,-60.0,1170.0,-60.0,2061.4429,39.036,0.0026703048,False,False,-171.5374513859982
1190.0,-60.0,1190.0,-60.0,2239.7925,42.867645,0.0036849077,False,False,-191.51164492840778
1210.0,-60.0,1210.0,-60.0,2437.7087,47.091816,0.0049068397,False,False,-211.48668998053793
1230.0,-60.0,1230.0,-60.0,2660.759,51.716644,0.006488829,False,False,-231.46254510642748
1250.0,-60.0,1250.0,-60.0,2904.375,56.70819,0.008311247,False,False,-251.4391715141413
1270.0,-60.0,1270.0,-60.0,3166.2686,62.00543,0.010320574,False,False,-271.4165328483031
1290.0,-60.0,1290.0,-60.0,3453.2515,67.626884,0.01271937,False,False,-291.394595001853
1310.0,-60.0,1310.0,-60.0,3766.2073,73.5615,0.015534611,False,False,-311.3733259449804
1330.0,-60.0,1330.0,-60.0,4100.126,79.765724,0.018632483,False,False,-331.3526955694348
1350.0,-60.0,1350.0,-60.0,4454.174,86.17204,0.021999966,False,False,-351.33267554662507
1370.0,-60.0,1370.0,-60.0,4833.2017,92.80581,0.02579708,False,False,-371.3132391981054
1390.0,-60.0,1390.0,-60.0,5236.0513,99.61035,0.03000084,False,False,-391.29436137720336
1410.0,-60.0,1410.0,-60.0,5659.285,106.549095,0.03452441,False,False,-411.27601836068914
1430.0,-60.0,1430.0,-60.0,6101.9966,113.60819,0.03936038,False,False,-431.258187749506
1450.0,-60.0,1450.0,-60.0,6566.373,120.78192,0.04459151,False,False,-451.24084837769095
1470.0,-60.0,1470.0,-60.0,7052.3037,128.05507,0.050232038,False,False,-471.2239802287075
1490.0,-60.0,1490.0,-60.0,7558.925,135.40392,0.056270763,False,False,-491.2075643584966
1510.0,-60.0,1510.0,-60.0,8090.2646,142.77295,0.06284757,False,False,-511.19158282462644
1530.0,-60.0,1530.0,-60.0,8640.624,150.0327,0.06981009,False,False,-531.1760186209814
1550.0000000000002,-60.0,1550.0000000000002,-60.0,9212.725,157.24689,0.077276915,False,False,-551.1608556174954
1570.0,-60.0,1570.0,-60.0,9807.322,164.2566,0.08529234,False,False,-571.1460785044783
1590.0,-60.0,1590.0,-60.0,10417.596,170.82202,0.0936891,False,False,-591.1316727411345
1609.9999999999998,-60.0,1609.9999999999998,-60.0,11047.176,177.12437,0.10263627,False,False,-611.1176245079066
1630.0,-60.0,1630.0,-60.0,11695.625,183.18208,0.11217566,False,False,-631.1039206623224
1650.0000000000002,-60.0,1650.0000000000002,-60.0,12364.16,189.04774,0.12238405,False,False,-651.0905486980416
1670.0,-60.0,1670.0,-60.0,13047.095,194.56781,0.13311282,False,False,-671.0774967068403
1690.0,-60.0,1690.0,-60.0,13737.805,199.58548,0.14415643,False,False,-691.0647533432893
1709.9999999999998,-60.0,1709.9999999999998,-60.0,14440.133,204.21892,0.1557096,False,False,-711.0523077919037
1730.0,-60.0,1730.0,-60.0,15144.686,208.23402,0.16750877,False,False,-731.040149736568
1750.0,-60.0,1750.0,-60.0,15856.016,211.86264,0.179735,False,False,-751.028269332052
-250.0,-40.0,-250.0,-40.0,25756.262,259.88184,0.33898634,False,False,-751.0225755654228
-229.99999999999997,-40.0,-229.99999999999997,-40.0,25060.422,258.8535,0.31343865,False,False,-731.0370297686826
-210.00000000000003,-40.0,-210.00000000000003,-40.0,24343.2,257.1125,0.28777307,False,False,-711.0518217520473
-190.00000000000003,-40.0,-190.00000000000003,-40.0,23604.342,254.64243,0.26184994,False,False,-691.0669634912797
-170.0,-40.0,-170.0,-40.0,22837.291,251.36475,0.23538414,False,False,-671.0824675348113
-150.0,-40.0,-150.0,-40.0,22045.572,247.17645,0.20881423,False,False,-651.0983470383735
-130.0,-40.0,-130.0,-40.0,21226.602,242.13959,0.18193072,False,False,-631.1146158021718
-110.0,-40.0,-110.0,-40.0,20379.137,236.2147,0.15472388,False,False,-611.1312883108201
-90.0,-40.0,-90.0,-40.0,19506.3,229.5813,0.12720402,False,False,-591.1483797762858
-70.0,-40.0,-70.0,-40.0,18607.754,222.16508,0.0994754,False,False,-571.1659061841037
-50.0,-40.0,-50.0,-40.0,17681.814,214.22543,0.071421996,False,False,-551.1838843431594
-30.0,-40.0,-30.0,-40.0,16734.703,206.36499,0.04319199,False,False,-531.2023319393649
-10.0,-40.0,-10.0,-40.0,15766.029,198.54922,0.014944391,False,False,-511.2212675935864
10.0,-40.0,10.0,-40.0,15040.213,193.90077,0.0,False,False,-491.2407109242229
30.0,-40.0,30.0,-40.0,14602.523,191.48627,0.0,False,False,-471.2606826148786
50.0,-40.0,50.0,-40.0,14164.956,188.98056,0.0,False,False,-451.28120448761246
70.0,-40.0,70.0,-40.0,13728.041,186.38557,0.0,False,False,-431.302299582318
90.0,-40.0,90.0,-40.0,13292.263,183.70407,0.0,False,False,-411.3239922428331
110.0,-40.0,110.0,-40.0,12858.445,180.93282,0.0,False,False,-391.3463082104558
130.0,-40.0,130.0,-40.0,12426.851,178.07126,0.0,False,False,-371.369274725623
150.0,-40.0,150.0,-40.0,11997.633,175.11801,0.0,False,False,-351.3929206385898
170.0,-40.0,170.0,-40.0,11570.743,172.07915,0.0,False,False,-331.41727653005705
190.00000000000003,-40.0,190.00000000000003,-40.0,11146.696,168.96536,0.0,False,False,-311.44237484280285
210.00000000000003,-40.0,210.00000000000003,-40.0,10726.618,165.78387,0.0,False,False,-291.4682500255077
229.99999999999997,-40.0,229.99999999999997,-40.0,10310.807,162.53741,0.0,False,False,-271.4949386901089
250.0,-40.0,250.0,-40.0,9900.299,159.22925,0.0,False,False,-251.5224797841949
270.0,-40.0,270.0,-40.0,9495.91,155.8532,0.0,False,False,-231.55091478013878
290.0,-40.0,290.0,-40.0,9097.559,152.40369,0.0,False,False,-211.58028788290108
310.0,-40.0,310.0,-40.0,8705.23,148.88173,0.0,False,False,-191.61064625868036
330.0,-40.0,330.0,-40.0,8319.994,145.29083,0.0,False,False,-171.6420402868986
350.0,-40.0,350.0,-40.0,7942.1387,141.62854,0.0,False,False,-151.67452383833836
370.0,-40.0,370.0,-40.0,7572.0557,137.89688,0.0,False,False,-131.70815458265545
390.0,-40.0,390.0,-40.0,7210.731,134.09885,0.0,False,False,-111.74299432894841
410.0,-40.0,410.0,-40.0,6858.4434,130.23016,0.0,False,False,-91.77910940359763
430.0,-40.0,430.0,-40.0,6515.002,126.286575,0.0,False,False,-71.81657107022227
450.0,-40.0,450.0,-40.0,6180.4233,122.26987,0.0,False,False,-51.855455997327546
470.00000000000006,-40.0,470.00000000000006,-40.0,5854.868,118.18363,0.0,False,False,-31.89584678007218
490.0,-40.0,490.0,-40.0,5538.3154,114.03182,0.0,False,False,-11.937832523608582
510.00000000000006,-40.0,510.00000000000006,-40.0,5231.216,109.824875,0.0,False,True,8.018490503378716
530.0,-40.0,530.0,-40.0,4933.808,105.57033,0.0,False,True,27.9730181348814
550.0,-40.0,550.0,-40.0,4646.809,101.28497,0.0,False,True,47.925637481804394
570.0,-40.0,570.0,-40.0,4371.0117,96.98055,0.0,False,True,67.87622600051397
590.0,-40.0,590.0,-40.0,4106.0605,92.654274,0.0,False,True,87.82465043958703
610.0,-40.0,610.0,-40.0,3852.5767,88.32853,0.0,False,True,107.77076564580219
630.0,-40.0,630.0,-40.0,3611.7676,84.03258,0.0,False,True,127.71441320695071
650.0,-40.0,650.0,-40.0,3384.4536,79.77941,0.0,False,True,147.65541990488913
670.0,-40.0,670.0,-40.0,3170.549,75.56703,0.0,False,True,167.5935959471915
690.0,-40.0,690.0,-40.0,2970.187,71.39885,0.0,False,True,187.5287329395926
710.0,-40.0,710.0,-40.0,2783.8271,67.287506,0.0,False,True,207.4606015538656
730.0,-40.0,730.0,-40.0,2611.5752,63.24039,0.0,False,True,227.38894883649448
750.0,-40.0,750.0,-40.0,2453.4858,59.266285,0.0,False,True,247.31349509201794
770.0,-40.0,770.0,-40.0,2309.3782,55.37864,0.0,False,True,228.9617389519506
789.9999999999999,-40.0,789.9999999999999,-40.0,2179.8228,51.61853,0.0,False,True,208.9879899773962
810.0,-40.0,810.0,-40.0,2065.1284,48.019623,0.0,False,True,189.01294708238402
830.0,-40.0,830.0,-40.0,1965.5737,44.62668,0.0,False,True,169.03670357831086
850.0,-40.0,850.0,-40.0,1881.6921,41.49335,0.0,False,True,149.05934401980764
869.9999999999999,-40.0,869.9999999999999,-40.0,1813.7842,38.665848,0.0,False,True,129.08094520787978
890.0000000000001,-40.0,890.0000000000001,-40.0,1761.8378,36.18961,0.0,False,True,109.10157705830443
910.0,-40.0,910.0,-40.0,1725.6973,34.127323,0.0,False,True,89.12130335592983
930.0,-40.0,930.0,-40.0,1706.1838,32.579586,0.0,False,True,69.140182411981
950.0,-40.0,950.0,-40.0,1703.2961,31.593327,0.0,False,True,49.1582676386148
969.9999999999999,-40.0,969.9999999999999,-40.0,1717.3551,31.205936,0.0,False,True,29.17560805262004
990.0,-40.0,990.0,-40.0,1748.6101,31.41205,0.0,False,True,9.19224871824903
1010.0,-40.0,1010.0,-40.0,1796.6267,32.16546,4.5620254e-07,False,False,-10.79176886241029
1030.0,-40.0,1030.0,-40.0,1862.6107,33.460213,4.1022082e-05,False,False,-30.7764064044152
1050.0,-40.0,1050.0,-40.0,1946.3301,35.228573,9.9571334e-05,False,False,-50.76162853427424
1070.0,-40.0,1070.0,-40.0,2049.389,37.39408,0.00021071869,False,False,-70.74740251844652
1090.0,-40.0,1090.0,-40.0,2175.54,39.94457,0.00047227458,False,False,-90.73369802165743
1110.0,-40.0,1110.0,-40.0,2322.4531,42.845966,0.00083423563,False,False,-110.72048689127905
1130.0,-40.0,1130.0,-40.0,2490.7188,46.073055,0.001306531,False,False,-130.7077429645558
1150.0,-40.0,1150.0,-40.0,2680.5884,49.618538,0.0018820163,False,False,-150.6954418958999
1170.0,-40.0,1170.0,-40.0,2894.136,53.449306,0.0026279446,False,False,-170.68356100186193
1190.0,-40.0,1190.0,-40.0,3134.1143,57.625175,0.0036314996,False,False,-190.67207912170343
1210.0,-40.0,1210.0,-40.0,3398.08,62.062344,0.004842605,False,False,-210.66097649176746
1230.0,-40.0,1230.0,-40.0,3690.8862,66.77015,0.0064093233,False,False,-230.6502346320827
1250.0,-40.0,1250.0,-40.0,4008.4355,71.72273,0.008221468,False,False,-250.63983624383252
1270.0,-40.0,1270.0,-40.0,4348.802,76.89516,0.010224668,False,False,-270.6297651164954
1290.0,-40.0,1290.0,-40.0,4717.561,82.3073,0.012597367,False,False,-290.6200060436071
1310.0,-40.0,1310.0,-40.0,5116.574,87.92763,0.0154005755,False,False,-310.6105447462263
1330.0,-40.0,1330.0,-40.0,5539.872,93.72849,0.018485956,False,False,-330.6013678032954
1350.0,-40.0,1350.0,-40.0,5986.4863,99.642105,0.02183865,False,False,-350.5924625881785
1370.0,-40.0,1370.0,-40.0,6460.4116,105.69999,0.025618313,False,False,-370.5838172107535
1390.0,-40.0,1390.0,-40.0,6959.8877,111.83655,0.02980802,False,False,-390.5754204644925
1410.0,-40.0,1410.0,-40.0,7481.066,118.0152,0.03431803,False,False,-410.56726177804086
1430.0,-40.0,1430.0,-40.0,8023.203,124.2281,0.03914209,False,False,-430.5593311708537
1450.0,-40.0,1450.0,-40.0,8587.654,130.48064,0.044357773,False,False,-450.5516192124981
1470.0,-40.0,1470.0,-40.0,9173.346,136.76144,0.049982592,False,False,-470.5441169852743
1490.0,-40.0,1490.0,-40.0,9777.947,143.03917,0.0560038,False,False,-490.53681604984183
1510.0,-40.0,1510.0,-40.0,10405.119,149.25774,0.062556885,False,False,-510.52970841357507
1530.0,-40.0,1530.0,-40.0,11048.396,155.30252,0.069505066,False,False,-530.5227865013968
1550.0000000000002,-40.0,1550.0000000000002,-40.0,11706.91,161.21002,0.0769521,False,False,-550.5160431288675
1570.0,-40.0,1570.0,-40.0,12382.223,166.87102,0.084947646,False,False,-570.5094714773294
1590.0,-40.0,1590.0,-40.0,13068.109,172.13481,0.093326084,False,False,-590.5030650709228
1609.9999999999998,-40.0,1609.9999999999998,-40.0,13766.096,177.171,0.10224529,False,False,-610.4968177553161
1630.0,-40.0,1630.0,-40.0,14475.935,182.05722,0.11175769,False,False,-630.4907236779975
1650.0000000000002,-40.0,1650.0000000000002,-40.0,15198.094,186.87929,0.121942446,False,False,-650.4847772699995
1670.0,-40.0,1670.0,-40.0,15925.873,191.51741,0.13265957,False,False,-670.478973228936
1690.0,-40.0,1690.0,-40.0,16652.176,195.81775,0.1436837,False,False,-690.473306503241
1709.9999999999998,-40.0,1709.9999999999998,-40.0,17378.11,199.86389,0.15521863,False,False,-710.4677722775135
1730.0,-40.0,1730.0,-40.0,18094.059,203.46461,0.16700749,False,False,-730.4623659588785
1750.0,-40.0,1750.0,-40.0,18799.723,206.7306,0.17921133,False,False,-750.4570831642806
-250.0,-20.0,-250.0,-20.0,29315.008,225.52478,0.33837432,False,False,-750.3807916432156
-229.99999999999997,-20.0,-229.99999999999997,-20.0,28706.64,227.59337,0.31282368,False,False,-730.3878334188975
-210.00000000000003,-20.0,-210.00000000000003,-20.0,28074.047,229.06194,0.28714544,False,False,-710.3950398474508
-190.00000000000003,-20.0,-190.00000000000003,-20.0,27417.895,229.9555,0.26121444,False,False,-690.402416771042
-170.0,-20.0,-170.0,-20.0,26732.148,230.2497,0.23475005,False,False,-670.409970311479
-150.0,-20.0,-150.0,-20.0,26017.047,229.89005,0.20817092,False,False,-650.417706887142
-130.0,-20.0,-130.0,-20.0,25271.316,228.99289,0.18127641,False,False,-630.4256332311603
-110.0,-20.0,-110.0,-20.0,24496.287,227.50685,0.15406364,False,False,-610.4337564109384
-90.0,-20.0,-90.0,-20.0,23694.168,225.52705,0.12653688,False,False,-590.4420838491612
-70.0,-20.0,-70.0,-20.0,22860.621,223.14641,0.09880322,False,False,-570.4506233463944
-50.0,-20.0,-50.0,-20.0,21992.445,220.6693,0.070732445,False,False,-550.4593831054382
-30.0,-20.0,-30.0,-20.0,21097.793,218.4535,0.042502955,False,False,-530.4683717575842
-10.0,-20.0,-10.0,-20.0,20180.15,216.40076,0.0142514445,False,False,-510.4775983909621
10.0,-20.0,10.0,-20.0,19474.578,215.02957,0.0,False,False,-490.4870725811562
30.0,-20.0,30.0,-20.0,18998.959,213.49161,0.0,False,False,-470.4968044243284
50.0,-20.0,50.0,-20.0,18518.934,211.7897,0.0,False,False,-450.50680457307004
70.0,-20.0,70.0,-20.0,18033.363,209.9597,0.0,False,False,-430.5170842752612
90.0,-20.0,90.0,-20.0,17542.44,208.00443,0.0,False,False,-410.52765541623165
110.0,-20.0,110.0,-20.0,17046.816,205.92804,0.0,False,False,-390.5385305645534
130.0,-20.0,130.0,-20.0,16547.762,203.72618,0.0,False,False,-370.54972302184075
150.0,-20.0,150.0,-20.0,16046.081,201.39488,0.0,False,False,-350.56124687696445
170.0,-20.0,170.0,-20.0,15542.087,198.94588,0.0,False,False,-330.57311706515304
190.00000000000003,-20.0,190.00000000000003,-20.0,15037.199,196.36026,0.0,False,False,-310.58534943249447
210.00000000000003,-20.0,210.00000000000003,-20.0,14532.307,193.62524,0.0,False,False,-290.597960806428
229.99999999999997,-20.0,229.99999999999997,-20.0,14027.836,190.73003,0.0,False,False,-270.6109690728815
250.0,-20.0,250.0,-20.0,13522.764,187.71245,0.0,False,False,-250.62439326079982
270.0,-20.0,270.0,-20.0,13017.801,184.59344,0.0,False,False,-230.6382536349013
290.0,-20.0,290.0,-20.0,12515.41,181.35806,0.0,False,False,-210.65257179761383
310.0,-20.0,310.0,-20.0,12015.9,178.01761,0.0,False,False,-190.66737080126322
330.0,-20.0,330.0,-20.0,11523.074,174.53197,0.0,False,False,-170.68267527174484
350.0,-20.0,350.0,-20.0,11036.87,170.88025,0.0,False,False,-150.69851154506426
370.0,-20.0,370.0,-20.0,10558.955,167.04431,0.0,False,False,-130.7149078183424
390.0,-20.0,390.0,-20.0,10087.85,163.0302,0.0,False,False,-110.7318943171025
410.0,-20.0,410.0,-20.0,9622.211,158.87332,0.0,False,False,-90.74950348092098
430.0,-20.0,430.0,-20.0,9162.205,154.62874,0.0,False,False,-70.76777016984032
450.0,-20.0,450.0,-20.0,8710.516,150.3329,0.0,False,False,-50.786731894302605
470.00000000000006,-20.0,470.00000000000006,-20.0,8271.639,145.98158,0.0,False,False,-30.806429071785047
490.0,-20.0,490.0,-20.0,7848.3115,141.51433,0.0,False,False,-10.826905313833512
510.00000000000006,-20.0,510.00000000000006,-20.0,7438.607,136.91034,0.0,False,True,9.151792252234781
530.0,-20.0,530.0,-20.0,7042.8438,132.20947,0.0,False,True,29.129612621965506
550.0,-20.0,550.0,-20.0,6662.4507,127.40077,0.0,False,True,49.10650050692234
570.0,-20.0,570.0,-20.0,6296.634,122.49945,0.0,False,True,69.08239587554904
590.0,-20.0,590.0,-20.0,5946.9478,117.51319,0.0,False,True,89.05723343372202
610.0,-20.0,610.0,-20.0,5612.924,112.42878,0.0,False,True,109.0309420355604
630.0,-20.0,630.0,-20.0,5295.079,107.26854,0.0,False,True,129.00344401332032
650.0,-20.0,650.0,-20.0,4992.8,102.04722,0.0,False,True,148.9746544131168
670.0,-20.0,670.0,-20.0,4705.9727,96.79125,0.0,False,True,168.94448012067775
690.0,-20.0,690.0,-20.0,4435.793,91.50132,0.0,False,True,188.91281885822724
710.0,-20.0,710.0,-20.0,4181.427,86.20293,0.0,False,True,208.87955802980056
730.0,-20.0,730.0,-20.0,3943.4844,80.991806,0.0,False,True,228.84457338760816
750.0,-20.0,750.0,-20.0,3726.4014,75.95953,0.0,False,True,248.8077274862603
770.0,-20.0,770.0,-20.0,3531.062,71.10256,0.0,False,True,229.74030353393144
789.9999999999999,-20.0,789.9999999999999,-20.0,3358.5955,66.508675,0.0,False,True,209.74687599478602
810.0,-20.0,810.0,-20.0,3210.302,62.206055,0.0,False,True,189.753124041814
830.0,-20.0,830.0,-20.0,3084.9194,58.260998,0.0,False,True,169.7590711124871
850.0,-20.0,850.0,-20.0,2984.3918,54.873234,0.0,False,True,149.76473844000094
869.9999999999999,-20.0,869.9999999999999,-20.0,2912.3164,52.15014,0.0,False,True,129.77014530642538
890.0000000000001,-20.0,890.0000000000001,-20.0,2866.544,50.105553,0.0,False,True,109.7753092617571
910.0,-20.0,910.0,-20.0,2842.112,48.823994,0.0,False,True,89.78024631411108
930.0,-20.0,930.0,-20.0,2837.1558,48.38374,0.0,False,True,69.78497109539234
950.0,-20.0,950.0,-20.0,2856.3276,48.812637,0.0,False,True,49.78949700605811
969.9999999999999,-20.0,969.9999999999999,-20.0,2905.6755,49.951214,0.0,False,True,29.79383634198657
990.0,-20.0,990.0,-20.0,2985.6528,51.86614,0.0,False,True,9.798000405977724
1010.0,-20.0,1010.0,-20.0,3100.1353,54.609383,0.0,False,False,-10.198000393982277
1030.0,-20.0,1030.0,-20.0,3247.8018,58.01346,3.929445e-05,False,False,-30.194156457897968
1050.0,-20.0,1050.0,-20.0,3419.1782,61.64511,9.787697e-05,False,False,-50.19045891685758
1070.0,-20.0,1070.0,-20.0,3619.6968,65.75143,0.00020502598,False,False,-70.18689956474434
1090.0,-20.0,1090.0,-20.0,3845.0625,70.28444,0.00046320335,False,False,-90.1834707974617
1110.0,-20.0,1110.0,-20.0,4102.3535,75.05114,0.00082250324,False,False,-110.18016555872595
1130.0,-20.0,1130.0,-20.0,4390.6406,79.9168,0.0012914895,False,False,-130.17697729160994
1150.0,-20.0,1150.0,-20.0,4713.7666,85.188965,0.001863734,False,False,-150.17389989514209
1170.0,-20.0,1170.0,-20.0,5049.7275,90.07602,0.0026025637,False,False,-170.17092768535323
1190.0,-20.0,1190.0,-20.0,5417.371,94.87752,0.0035994225,False,False,-190.16805536025043
1210.0,-20.0,1210.0,-20.0,5806.485,100.0601,0.0048044957,False,False,-210.16527796826168
1230.0,-20.0,1230.0,-20.0,6229.461,105.34261,0.0063614566,False,False,-230.16259087975843
1250.0,-20.0,1250.0,-20.0,6674.76,110.30898,0.00816739,False,False,-250.15998976131058
1270.0,-20.0,1270.0,-20.0,7156.3867,115.23868,0.0101674665,False,False,-270.1574705523721
1290.0,-20.0,1290.0,-20.0,7639.672,120.47789,0.012524417,False,False,-290.1550294441362
1310.0,-20.0,1310.0,-20.0,8136.8853,125.63448,0.015320303,False,False,-310.1526628603249
1330.0,-20.0,1330.0,-20.0,8656.693,130.63464,0.018398067,False,False,-330.1503674397118
1350.0,-20.0,1350.0,-20.0,9187.021,135.59412,0.021743003,False,False,-350.14814002019807
1370.0,-20.0,1370.0,-20.0,9740.35,140.5583,0.025510892,False,False,-370.1459776242822
1390.0,-20.0,1390.0,-20.0,10308.476,145.49564,0.029692447,False,False,-390.14387744578437
1410.0,-20.0,1410.0,-20.0,10904.661,150.33012,0.034195416,False,False,-410.141836837699
1430.0,-20.0,1430.0,-20.0,11499.276,155.01688,0.03901147,False,False,-430.139853301068
1450.0,-20.0,1450.0,-20.0,12114.8125,159.56128,0.044218488,False,False,-450.1379244747723
1470.0,-20.0,1470.0,-20.0,12740.637,164.25385,0.04983326,False,False,-470.1360481261589
1490.0,-20.0,1490.0,-20.0,13372.539,168.91798,0.05584488,False,False,-490.1342221424217
1510.0,-20.0,1510.0,-20.0,14012.088,173.42648,0.062382933,False,False,-510.1324445226651
1530.0,-20.0,1530.0,-20.0,14650.318,177.78134,0.0693225,False,False,-530.1307133705932
1550.0000000000002,-20.0,1550.0000000000002,-20.0,15288.64,182.06215,0.07675944,False,False,-550.1290268877623
1570.0,-20.0,1570.0,-20.0,15927.658,186.2198,0.08474195,False,False,-570.1273833673497
1590.0,-20.0,1590.0,-20.0,16560.246,190.10713,0.093110144,False,False,-590.125781188394
1609.9999999999998,-20.0,1609.9999999999998,-20.0,17187.973,193.82796,0.10201399,False,False,-610.1242188104617
1630.0,-20.0,1630.0,-20.0,17811.986,197.42215,0.11150979,False,False,-630.1226947687097
1650.0000000000002,-20.0,1650.0000000000002,-20.0,18433.504,200.92036,0.12167972,False,False,-650.1212076693035
1670.0,-20.0,1670.0,-20.0,19049.078,204.19962,0.1323882,False,False,-670.1197561851665
1690.0,-20.0,1690.0,-20.0,19657.77,207.14085,0.14340094,False,False,-690.1183390520324
1709.9999999999998,-20.0,1709.9999999999998,-20.0,20261.871,209.82289,0.15492533,False,False,-710.1169550647697
1730.0,-20.0,1730.0,-20.0,20855.398,212.15704,0.16670711,False,False,-730.1156030739679
1750.0,-20.0,1750.0,-20.0,21442.014,214.23265,0.17889872,False,False,-750.1142819827512
-250.0,0.0,-250.0,0.0,32567.936,176.7674,0.33816996,False,False,-750.0489581718091
-229.99999999999997,0.0,-229.99999999999997,0.0,32180.717,180.23834,0.31261763,False,False,-730.049524146125
-210.00000000000003,0.0,-210.00000000000003,0.0,31776.752,183.42464,0.28693414,False,False,-710.0501033590316
-190.00000000000003,0.0,-190.00000000000003,0.0,31355.725,186.37901,0.2609986,False,False,-690.0506962805093
-170.0,0.0,-170.0,0.0,30911.826,189.11574,0.23453817,False,False,-670.0513034030524
-150.0,0.0,-150.0,0.0,30444.607,191.53532,0.20795387,False,False,-650.0519252430315
-130.0,0.0,-130.0,0.0,29953.682,193.89474,0.18105492,False,False,-630.0525623421578
-110.0,0.0,-110.0,0.0,29440.008,196.25041,0.15384057,False,False,-610.0532152690586
-90.0,0.0,-90.0,0.0,28901.18,198.59125,0.12631306,False,False,-590.0538846209694
-70.0,0.0,-70.0,0.0,28333.07,200.90701,0.09857945,False,False,-570.0545710255534
-50.0,0.0,-50.0,0.0,27727.906,203.39067,0.07049802,False,False,-550.0552751428687
-30.0,0.0,-30.0,0.0,27081.184,206.25867,0.042264476,False,False,-530.0559976674821
-10.0,0.0,-10.0,0.0,26398.578,209.63933,0.0140121225,False,False,-510.05673933075576
10.0,0.0,10.0,0.0,25818.129,210.89084,0.0,False,False,-490.0575009033155
30.0,0.0,30.0,0.0,25356.906,208.6659,0.0,False,False,-470.05828319772206
50.0,0.0,50.0,0.0,24830.594,207.25078,0.0,False,False,-450.0590870713628
70.0,0.0,70.0,0.0,24270.117,205.34082,0.0,False,False,-430.05991342958583
90.0,0.0,90.0,0.0,23670.506,204.24713,0.0,False,False,-410.06076322910064
110.0,0.0,110.0,0.0,23039.406,202.59004,0.0,False,False,-390.0616374816745
130.0,0.0,130.0,0.0,22363.547,201.40942,0.0,False,False,-370.06253725814804
150.0,0.0,150.0,0.0,21645.873,201.44658,0.0,False,False,-350.06346369281255
170.0,0.0,170.0,0.0,20936.191,200.687,0.0,False,False,-330.06441798817934
190.00000000000003,0.0,190.00000000000003,0.0,20214.766,200.20375,0.0,False,False,-310.06540142018633
210.00000000000003,0.0,210.00000000000003,0.0,19482.79,199.53093,0.0,False,False,-290.06641534389007
229.99999999999997,0.0,229.99999999999997,0.0,18790.162,197.70479,0.0,False,False,-270.06746119969324
250.0,0.0,250.0,0.0,18098.443,195.7136,0.0,False,False,-250.06854052017258
270.0,0.0,270.0,0.0,17424.805,193.239,0.0,False,False,-230.06965493757082
290.0,0.0,290.0,0.0,16761.031,190.02628,0.0,False,False,-210.07080619203194
310.0,0.0,310.0,0.0,16085.642,186.54727,0.0,False,False,-190.07199614066795
330.0,0.0,330.0,0.0,15413.352,183.20447,0.0,False,False,-170.07322676755336
350.0,0.0,350.0,0.0,14720.735,180.13277,0.0,False,False,-150.07450019476292
370.0,0.0,370.0,0.0,14048.717,176.47911,0.0,False,False,-130.0758186945838
390.0,0.0,390.0,0.0,13379.988,173.22252,0.0,False,False,-110.0802658668526
410.0,0.0,410.0,0.0,12732.367,169.40497,0.0,False,False,-90.08593007966059
430.0,0.0,430.0,0.0,12099.58,165.46333,0.0,False,False,-70.09180599061443
450.0,0.0,450.0,0.0,11500.844,160.69968,0.0,False,False,-50.097905692070235
470.00000000000006,0.0,470.00000000000006,0.0,10907.215,156.02191,0.0,False,False,-30.10424221507224
490.0,0.0,490.0,0.0,10298.705,151.53427,0.0,False,False,-10.110829622227534
510.00000000000006,0.0,510.00000000000006,0.0,9753.172,146.5595,0.0,False,True,9.882316888178588
530.0,0.0,530.0,0.0,9227.73,141.12952,0.0,False,True,29.875180865195194
550.0,0.0,550.0,0.0,8708.373,135.82312,0.0,False,True,49.86774447345776
570.0,0.0,570.0,0.0,8209.08,130.35178,0.0,False,True,69.8599883444585
590.0,0.0,590.0,0.0,7721.337,125.00447,0.0,False,True,89.85189140822398
610.0,0.0,610.0,0.0,7256.082,119.61777,0.0,False,True,109.84343070232639
630.0,0.0,630.0,0.0,6833.454,113.833694,0.0,False,True,129.83458115458274
650.0,0.0,650.0,0.0,6438.596,108.03875,0.0,False,True,149.82531533511485
670.0,0.0,670.0,0.0,6077.375,102.129364,0.0,False,True,169.81560317261224
690.0,0.0,690.0,0.0,5714.7383,96.24221,0.0,False,True,189.80541162861996
710.0,0.0,710.0,0.0,5370.7046,90.587814,0.0,False,True,209.7947043224231
730.0,0.0,730.0,0.0,5072.85,85.24338,0.0,False,True,229.78344109756827
750.0,0.0,750.0,0.0,4786.7812,79.9485,0.0,False,True,249.7715775191401
770.0,0.0,770.0,0.0,4533.69,74.99579,0.0,False,True,229.99999999999997
789.9999999999999,0.0,789.9999999999999,0.0,4291.067,70.54639,0.0,False,True,210.00000000000003
810.0,0.0,810.0,0.0,4114.634,66.26773,0.0,False,True,189.9999999999999
830.0,0.0,830.0,0.0,3965.7576,62.808266,0.0,False,True,169.99999999999994
850.0,0.0,850.0,0.0,3844.32,60.165947,0.0,False,True,149.99999999999997
869.9999999999999,0.0,869.9999999999999,0.0,3736.755,58.45626,0.0,False,True,130.0
890.0000000000001,0.0,890.0000000000001,0.0,3673.1777,57.603954,0.0,False,True,109.99999999999987
910.0,0.0,910.0,0.0,3637.5518,57.587288,0.0,False,True,89.99999999999991
930.0,0.0,930.0,0.0,3620.1792,58.56372,0.0,False,True,69.99999999999996
950.0,0.0,950.0,0.0,3640.8142,60.513298,0.0,False,True,49.999999999999986
969.9999999999999,0.0,969.9999999999999,0.0,3697.4497,63.267235,0.0,False,True,30.00000000000003
990.0,0.0,990.0,0.0,3780.8767,66.32503,0.0,False,True,9.999999999999897
1010.0,0.0,1010.0,0.0,3904.3118,69.94276,0.0,False,False,-10.000000000000064
1030.0,0.0,1030.0,0.0,4054.5098,73.63071,3.8722384e-05,False,False,-30.00000000000003
1050.0,0.0,1050.0,0.0,4221.672,77.57045,9.731608e-05,False,False,-49.999999999999986
1070.0,0.0,1070.0,0.0,4419.4795,81.632034,0.00020315943,False,False,-70.00000000000011
1090.0,0.0,1090.0,0.0,4637.6294,85.92242,0.00046020228,False,False,-90.00000000000009
1110.0,0.0,1110.0,0.0,4892.58,90.33316,0.00081865885,False,False,-110.00000000000004
1130.0,0.0,1130.0,0.0,5169.284,94.91642,0.0012865065,False,False,-130.0
1150.0,0.0,1150.0,0.0,5463.5845,99.58027,0.0018576467,False,False,-150.00000000000014
1170.0,0.0,1170.0,0.0,5777.5977,104.32917,0.0025941902,False,False,-170.00000000000009
1190.0,0.0,1190.0,0.0,6127.1367,109.100105,0.0035888841,False,False,-190.00000000000006
1210.0,0.0,1210.0,0.0,6505.122,113.69862,0.0047916635,False,False,-210.00000000000003
1230.0,0.0,1230.0,0.0,6909.4634,118.50641,0.006345289,False,False,-229.99999999999997
1250.0,0.0,1250.0,0.0,7349.4253,123.2386,0.008149065,False,False,-250.0000000000001
1270.0,0.0,1270.0,0.0,7799.4688,127.910324,0.010148384,False,False,-270.00000000000006
1290.0,0.0,1290.0,0.0,8269.197,132.63446,0.012499938,False,False,-290.00000000000006
1310.0,0.0,1310.0,0.0,8764.995,137.32434,0.015293288,False,False,-310.0
1330.0,0.0,1330.0,0.0,9281.195,141.9832,0.018368667,False,False,-330.0000000000001
1350.0,0.0,1350.0,0.0,9813.324,146.64484,0.021711294,False,False,-350.0000000000001
1370.0,0.0,1370.0,0.0,10362.795,151.27264,0.02547501,False,False,-370.00000000000006
1390.0,0.0,1390.0,0.0,10937.723,155.71695,0.029654179,False,False,-390.0
1410.0,0.0,1410.0,0.0,11522.105,160.12138,0.03415475,False,False,-410.0
1430.0,0.0,1430.0,0.0,12120.291,164.45615,0.038968146,False,False,-430.0000000000001
1450.0,0.0,1450.0,0.0,12731.927,168.712,0.04417249,False,False,-450.00000000000006
1470.0,0.0,1470.0,0.0,13356.954,172.91795,0.049784172,False,False,-470.00000000000006
1490.0,0.0,1490.0,0.0,13991.486,177.05844,0.055792224,False,False,-490.0
1510.0,0.0,1510.0,0.0,14635.041,181.07751,0.062325988,False,False,-509.99999999999994
1530.0,0.0,1530.0,0.0,15275.61,184.90741,0.06926263,False,False,-530.0000000000001
1550.0000000000002,0.0,1550.0000000000002,0.0,15913.713,188.60573,0.07669701,False,False,-550.0000000000002
1570.0,0.0,1570.0,0.0,16549.652,192.15352,0.08467521,False,False,-570.0
1590.0,0.0,1590.0,0.0,17179.756,195.43956,0.09303972,False,False,-590.0000000000001
1609.9999999999998,0.0,1609.9999999999998,0.0,17806.914,198.56027,0.10193856,False,False,-609.9999999999999
1630.0,0.0,1630.0,0.0,18430.771,201.5524,0.11142835,False,False,-630.0000000000001
1650.0000000000002,0.0,1650.0000000000002,0.0,19051.984,204.42494,0.12159386,False,False,-650.0000000000002
1670.0,0.0,1670.0,0.0,19668.79,207.08975,0.13229828,False,False,-670.0
1690.0,0.0,1690.0,0.0,20276.994,209.41823,0.14330749,False,False,-690.0000000000001
1709.9999999999998,0.0,1709.9999999999998,0.0,20879.29,211.48338,0.15482837,False,False,-709.9999999999999
1730.0,0.0,1730.0,0.0,21470.828,213.23294,0.16660729,False,False,-730.0
1750.0,0.0,1750.0,0.0,22054.695,214.74152,0.17879574,False,False,-750.0000000000001
-250.0,20.0,-250.0,20.0,29391.81,222.97725,0.33837342,False,False,-750.3807916432156
-229.99999999999997,20.0,-229.99999999999997,20.0,28777.96,225.10556,0.31282023,False,False,-730.3878334188975
-210.00000000000003,20.0,-210.00000000000003,20.0,28138.883,226.61119,0.28713948,False,False,-710.3950398474508
-190.00000000000003,20.0,-190.00000000000003,20.0,27471.258,227.5867,0.26120412,False,False,-690.402416771042
-170.0,20.0,-170.0,20.0,26770.38,227.93825,0.23474768,False,False,-670.409970311479
-150.0,20.0,-150.0,20.0,26040.404,227.6269,0.20816505,False,False,-650.417706887142
-130.0,20.0,-130.0,20.0,25280.754,226.80385,0.18126547,False,False,-630.4256332311603
-110.0,20.0,-110.0,20.0,24493.574,225.48262,0.15405563,False,False,-610.4337564109384
-90.0,20.0,-90.0,20.0,23675.152,223.60147,0.12653124,False,False,-590.4420838491612
-70.0,20.0,-70.0,20.0,22827.984,221.21808,0.098804265,False,False,-570.4506233463944
-50.0,20.0,-50.0,20.0,21947.559,218.44951,0.070718385,False,False,-550.4593831054382
-30.0,20.0,-30.0,20.0,21032.285,215.68373,0.042475358,False,False,-530.4683717575842
-10.0,20.0,-10.0,20.0,20097.287,213.68588,0.0142263975,False,False,-510.4775983909621
10.0,20.0,10.0,20.0,19380.871,212.53156,0.0,False,False,-490.4870725811562
30.0,20.0,30.0,20.0,18895.703,211.14534,0.0,False,False,-470.4968044243284
50.0,20.0,50.0,20.0,18407.838,209.67468,0.0,False,False,-450.50680457307004
70.0,20.0,70.0,20.0,17920.45,208.03256,0.0,False,False,-430.5170842752612
90.0,20.0,90.0,20.0,17433.463,206.20024,0.0,False,False,-410.52765541623165
110.0,20.0,110.0,20.0,16946.414,204.17448,0.0,False,False,-390.5385305645534
130.0,20.0,130.0,20.0,16458.22,201.98785,0.0,False,False,-370.54972302184075
150.0,20.0,150.0,20.0,15969.184,199.64674,0.0,False,False,-350.56124687696445
170.0,20.0,170.0,20.0,15479.634,197.1532,0.0,False,False,-330.57311706515304
190.00000000000003,20.0,190.00000000000003,20.0,14989.933,194.51942,0.0,False,False,-310.58534943249447
210.00000000000003,20.0,210.00000000000003,20.0,14500.951,191.73851,0.0,False,False,-290.597960806428
229.99999999999997,20.0,229.99999999999997,20.0,14012.322,188.8214,0.0,False,False,-270.6109690728815
250.0,20.0,250.0,20.0,13523.614,185.79517,0.0,False,False,-250.62439326079982
270.0,20.0,270.0,20.0,13036.327,182.66533,0.0,False,False,-230.6382536349013
290.0,20.0,290.0,20.0,12552.471,179.39778,0.0,False,False,-210.65257179761383
310.0,20.0,310.0,20.0,12071.501,175.98978,0.0,False,False,-190.66737080126322
330.0,20.0,330.0,20.0,11594.207,172.43582,0.0,False,False,-170.68267527174484
350.0,20.0,350.0,20.0,11119.386,168.75458,0.0,False,False,-150.69851154506426
370.0,20.0,370.0,20.0,10647.856,164.97853,0.0,False,False,-130.7149078183424
390.0,20.0,390.0,20.0,10182.611,161.08461,0.0,False,False,-110.7318943171025
410.0,20.0,410.0,20.0,9723.615,157.05928,0.0,False,False,-90.74950348092098
430.0,20.0,430.0,20.0,9271.912,152.89581,0.0,False,False,-70.76777016984032
450.0,20.0,450.0,20.0,8825.761,148.62384,0.0,False,False,-50.786731894302605
470.00000000000006,20.0,470.00000000000006,20.0,8387.346,144.29364,0.0,False,False,-30.806429071785047
490.0,20.0,490.0,20.0,7961.5684,139.885,0.0,False,False,-10.826905313833512
510.00000000000006,20.0,510.00000000000006,20.0,7547.8105,135.35127,0.0,False,True,9.151792252234781
530.0,20.0,530.0,20.0,7145.6045,130.71135,0.0,False,True,29.129612621965506
550.0,20.0,550.0,20.0,6757.523,125.95227,0.0,False,True,49.10650050692234
570.0,20.0,570.0,20.0,6383.1885,121.036476,0.0,False,True,69.08239587554904
590.0,20.0,590.0,20.0,6020.054,115.99488,0.0,False,True,89.05723343372202
610.0,20.0,610.0,20.0,5669.921,110.896935,0.0,False,True,109.0309420355604
630.0,20.0,630.0,20.0,5335.6006,105.753,0.0,False,True,129.00344401332032
650.0,20.0,650.0,20.0,5016.9795,100.53907,0.0,False,True,148.9746544131168
670.0,20.0,670.0,20.0,4713.9434,95.24344,0.0,False,True,168.94448012067775
690.0,20.0,690.0,20.0,4424.964,89.922775,0.0,False,True,188.91281885822724
710.0,20.0,710.0,20.0,4154.6772,84.77597,0.0,False,True,208.87955802980056
730.0,20.0,730.0,20.0,3911.04,79.82241,0.0,False,True,228.84457338760816
750.0,20.0,750.0,20.0,3692.8318,74.980194,0.0,False,True,248.8077274862603
770.0,20.0,770.0,20.0,3497.169,70.31955,0.0,False,True,229.74030353393144
789.9999999999999,20.0,789.9999999999999,20.0,3328.9421,65.97538,0.0,False,True,209.74687599478602
810.0,20.0,810.0,20.0,3188.4321,61.92367,0.0,False,True,189.753124041814
830.0,20.0,830.0,20.0,3075.0903,58.2439,0.0,False,True,169.7590711124871
850.0,20.0,850.0,20.0,2988.276,54.912224,0.0,False,True,149.76473844000094
869.9999999999999,20.0,869.9999999999999,20.0,2926.9248,52.10664,0.0,False,True,129.77014530642538
890.0000000000001,20.0,890.0000000000001,20.0,2891.0322,50.004444,0.0,False,True,109.7753092617571
910.0,20.0,910.0,20.0,2881.6526,48.726246,0.0,False,True,89.78024631411108
930.0,20.0,930.0,20.0,2897.4531,48.32251,0.0,False,True,69.78497109539234
950.0,20.0,950.0,20.0,2941.2715,48.973644,0.0,False,True,49.78949700605811
969.9999999999999,20.0,969.9999999999999,20.0,3008.5261,50.553596,0.0,False,True,29.79383634198657
990.0,20.0,990.0,20.0,3101.8352,53.031055,0.0,False,True,9.798000405977724
1010.0,20.0,1010.0,20.0,3220.1086,56.007843,0.0,False,False,-10.198000393982277
1030.0,20.0,1030.0,20.0,3363.4092,59.262115,3.930711e-05,False,False,-30.194156457897968
1050.0,20.0,1050.0,20.0,3534.5872,63.09871,9.788945e-05,False,False,-50.19045891685758
1070.0,20.0,1070.0,20.0,3726.881,67.17851,0.00020512071,False,False,-70.18689956474434
1090.0,20.0,1090.0,20.0,3951.6514,71.61454,0.00046327486,False,False,-90.1834707974617
1110.0,20.0,1110.0,20.0,4213.7812,76.40803,0.00082270673,False,False,-110.18016555872595
1130.0,20.0,1130.0,20.0,4492.456,81.45629,0.0012915874,False,False,-130.17697729160994
1150.0,20.0,1150.0,20.0,4809.7466,86.480865,0.0018637608,False,False,-150.17389989514209
1170.0,20.0,1170.0,20.0,5151.1206,91.576584,0.0026028322,False,False,-170.17092768535323
1190.0,20.0,1190.0,20.0,5506.2373,96.50143,0.003599303,False,False,-190.16805536025043
1210.0,20.0,1210.0,20.0,5890.911,101.48882,0.0048040524,False,False,-210.16527796826168
1230.0,20.0,1230.0,20.0,6294.5986,106.522255,0.0063608084,False,False,-230.16259087975843
1250.0,20.0,1250.0,20.0,6713.408,111.57245,0.008166509,False,False,-250.15998976131058
1270.0,20.0,1270.0,20.0,7159.17,116.389015,0.0101671275,False,False,-270.1574705523721
1290.0,20.0,1290.0,20.0,7641.6807,120.993546,0.012523821,False,False,-290.1550294441362
1310.0,20.0,1310.0,20.0,8141.161,125.90889,0.015319557,False,False,-310.1526628603249
1330.0,20.0,1330.0,20.0,8668.202,130.78543,0.018397398,False,False,-330.1503674397118
1350.0,20.0,1350.0,20.0,9223.395,135.71567,0.021743271,False,False,-350.14814002019807
1370.0,20.0,1370.0,20.0,9774.425,140.47574,0.025510369,False,False,-370.1459776242822
1390.0,20.0,1390.0,20.0,10351.908,145.0993,0.029692685,False,False,-390.14387744578437
1410.0,20.0,1410.0,20.0,10948.271,149.84479,0.0341957,False,False,-410.141836837699
1430.0,20.0,1430.0,20.0,11552.213,154.55537,0.039011985,False,False,-430.139853301068
1450.0,20.0,1450.0,20.0,12175.59,159.00635,0.044219483,False,False,-450.1379244747723
1470.0,20.0,1470.0,20.0,12801.735,163.42958,0.049835384,False,False,-470.1360481261589
1490.0,20.0,1490.0,20.0,13443.893,167.8022,0.055845886,False,False,-490.1342221424217
1510.0,20.0,1510.0,20.0,14101.615,172.14072,0.062385984,False,False,-510.1324445226651
1530.0,20.0,1530.0,20.0,14756.232,176.34668,0.06932521,False,False,-530.1307133705932
1550.0000000000002,20.0,1550.0000000000002,20.0,15404.834,180.43405,0.07676482,False,False,-550.1290268877623
1570.0,20.0,1570.0,20.0,16047.933,184.36258,0.08474748,False,False,-570.1273833673497
1590.0,20.0,1590.0,20.0,16686.08,188.0499,0.09311487,False,False,-590.125781188394
1609.9999999999998,20.0,1609.9999999999998,20.0,17322.25,191.632,0.10201889,False,False,-610.1242188104617
1630.0,20.0,1630.0,20.0,17956.281,195.15189,0.11151321,False,False,-630.1226947687097
1650.0000000000002,20.0,1650.0000000000002,20.0,18584.65,198.53618,0.12168388,False,False,-650.1212076693035
1670.0,20.0,1670.0,20.0,19207.691,201.69629,0.13238986,False,False,-670.1197561851665
1690.0,20.0,1690.0,20.0,19822.092,204.49243,0.14340359,False,False,-690.1183390520324
1709.9999999999998,20.0,1709.9999999999998,20.0,20430.234,207.0125,0.15492782,False,False,-710.1169550647697
1730.0,20.0,1730.0,20.0,21025.984,209.21301,0.16670795,False,False,-730.1156030739679
1750.0,20.0,1750.0,20.0,21611.674,211.17126,0.17890182,False,False,-750.1142819827512
-250.0,40.0,-250.0,40.0,25791.43,258.63284,0.3389845,False,False,-751.0225755654228
-229.99999999999997,40.0,-229.99999999999997,40.0,25095.906,257.62134,0.3134324,False,False,-731.0370297686826
-210.00000000000003,40.0,-210.00000000000003,40.0,24379.39,255.85231,0.2877612,False,False,-711.0518217520473
-190.00000000000003,40.0,-190.00000000000003,40.0,23639.463,253.30434,0.26182988,False,False,-691.0669634912797
-170.0,40.0,-170.0,40.0,22871.055,249.83235,0.23538026,False,False,-671.0824675348113
-150.0,40.0,-150.0,40.0,22079.742,245.4658,0.20880368,False,False,-651.0983470383735
-130.0,40.0,-130.0,40.0,21262.62,240.3513,0.18190931,False,False,-631.1146158021718
-110.0,40.0,-110.0,40.0,20421.713,234.479,0.15470979,False,False,-611.1312883108201
-90.0,40.0,-90.0,40.0,19553.66,227.75087,0.12719208,False,False,-591.1483797762858
-70.0,40.0,-70.0,40.0,18660.828,220.26524,0.099476755,False,False,-571.1659061841037
-50.0,40.0,-50.0,40.0,17737.719,212.1081,0.07139337,False,False,-551.1838843431594
-30.0,40.0,-30.0,40.0,16782.318,203.79572,0.043136243,False,False,-531.2023319393649
-10.0,40.0,-10.0,40.0,15808.779,196.34474,0.014894967,False,False,-511.2212675935864
10.0,40.0,10.0,40.0,15087.564,192.15352,0.0,False,False,-491.2407109242229
30.0,40.0,30.0,40.0,14659.508,189.82253,0.0,False,False,-471.2606826148786
50.0,40.0,50.0,40.0,14230.975,187.39644,0.0,False,False,-451.28120448761246
70.0,40.0,70.0,40.0,13802.736,184.87018,0.0,False,False,-431.302299582318
90.0,40.0,90.0,40.0,13374.967,182.2449,0.0,False,False,-411.3239922428331
110.0,40.0,110.0,40.0,12948.3125,179.52005,0.0,False,False,-391.3463082104558
130.0,40.0,130.0,40.0,12522.7295,176.6969,0.0,False,False,-371.369274725623
150.0,40.0,150.0,40.0,12098.201,173.78014,0.0,False,False,-351.3929206385898
170.0,40.0,170.0,40.0,11674.82,170.77531,0.0,False,False,-331.41727653005705
190.00000000000003,40.0,190.00000000000003,40.0,11253.146,167.68939,0.0,False,False,-311.44237484280285
210.00000000000003,40.0,210.00000000000003,40.0,10834.1045,164.52441,0.0,False,False,-291.4682500255077
229.99999999999997,40.0,229.99999999999997,40.0,10418.156,161.28075,0.0,False,False,-271.4949386901089
250.0,40.0,250.0,40.0,10005.835,157.96112,0.0,False,False,-251.5224797841949
270.0,40.0,270.0,40.0,9598.723,154.56415,0.0,False,False,-231.55091478013878
290.0,40.0,290.0,40.0,9196.769,151.07857,0.0,False,False,-211.58028788290108
310.0,40.0,310.0,40.0,8799.523,147.50475,0.0,False,False,-191.61064625868036
330.0,40.0,330.0,40.0,8408.395,143.85204,0.0,False,False,-171.6420402868986
350.0,40.0,350.0,40.0,8023.9365,140.11795,0.0,False,False,-151.67452383833836
370.0,40.0,370.0,40.0,7646.4233,136.30261,0.0,False,False,-131.70815458265545
390.0,40.0,390.0,40.0,7276.281,132.4097,0.0,False,False,-111.74299432894841
410.0,40.0,410.0,40.0,6913.579,128.4403,0.0,False,False,-91.77910940359763
430.0,40.0,430.0,40.0,6558.4805,124.401405,0.0,False,False,-71.81657107022227
450.0,40.0,450.0,40.0,6211.738,120.306015,0.0,False,False,-51.855455997327546
470.00000000000006,40.0,470.00000000000006,40.0,5874.145,116.16555,0.0,False,False,-31.89584678007218
490.0,40.0,490.0,40.0,5546.1143,111.989586,0.0,False,False,-11.937832523608582
510.00000000000006,40.0,510.00000000000006,40.0,5228.37,107.793236,0.0,False,True,8.018490503378716
530.0,40.0,530.0,40.0,4921.706,103.58902,0.0,False,True,27.9730181348814
550.0,40.0,550.0,40.0,4627.1025,99.38733,0.0,False,True,47.925637481804394
570.0,40.0,570.0,40.0,4344.916,95.18704,0.0,False,True,67.87622600051397
590.0,40.0,590.0,40.0,4075.1174,90.9892,0.0,False,True,87.82465043958703
610.0,40.0,610.0,40.0,3818.5605,86.811264,0.0,False,True,107.77076564580219
630.0,40.0,630.0,40.0,3575.7266,82.65947,0.0,False,True,127.71441320695071
650.0,40.0,650.0,40.0,3347.141,78.54236,0.0,False,True,147.65541990488913
670.0,40.0,670.0,40.0,3133.1274,74.46346,0.0,False,True,167.5935959471915
690.0,40.0,690.0,40.0,2933.6282,70.42256,0.0,False,True,187.5287329395926
710.0,40.0,710.0,40.0,2748.4238,66.418526,0.0,False,True,207.4606015538656
730.0,40.0,730.0,40.0,2577.5254,62.465042,0.0,False,True,227.38894883649448
750.0,40.0,750.0,40.0,2421.3552,58.586334,0.0,False,True,247.31349509201794
770.0,40.0,770.0,40.0,2280.1733,54.80718,0.0,False,True,228.9617389519506
789.9999999999999,40.0,789.9999999999999,40.0,2154.245,51.15606,0.0,False,True,208.9879899773962
810.0,40.0,810.0,40.0,2043.5723,47.65841,0.0,False,True,189.01294708238402
830.0,40.0,830.0,40.0,1948.6082,44.35492,0.0,False,True,169.03670357831086
850.0,40.0,850.0,40.0,1869.2534,41.27581,0.0,False,True,149.05934401980764
869.9999999999999,40.0,869.9999999999999,40.0,1805.7197,38.484127,0.0,False,True,129.08094520787978
890.0000000000001,40.0,890.0000000000001,40.0,1758.3237,36.0549,0.0,False,True,109.10157705830443
910.0,40.0,910.0,40.0,1727.3845,34.06471,0.0,False,True,89.12130335592983
930.0,40.0,930.0,40.0,1713.0845,32.58428,0.0,False,True,69.140182411981
950.0,40.0,950.0,40.0,1715.5145,31.666126,0.0,False,True,49.1582676386148
969.9999999999999,40.0,969.9999999999999,40.0,1734.6007,31.339567,0.0,False,True,29.17560805262004
990.0,40.0,990.0,40.0,1770.7197,31.615612,0.0,False,True,9.19224871824903
1010.0,40.0,1010.0,40.0,1824.1525,32.462795,4.4555054e-07,False,False,-10.79176886241029
1030.0,40.0,1030.0,40.0,1896.5143,33.79082,4.104749e-05,False,False,-30.7764064044152
1050.0,40.0,1050.0,40.0,1986.5492,35.570065,9.959622e-05,False,False,-50.76162853427424
1070.0,40.0,1070.0,40.0,2095.1968,37.741955,0.00021090789,False,False,-70.74740251844652
1090.0,40.0,1090.0,40.0,2225.9824,40.354153,0.00047241725,False,False,-90.73369802165743
1110.0,40.0,1110.0,40.0,2377.457,43.39814,0.0008346429,False,False,-110.72048689127905
1130.0,40.0,1130.0,40.0,2549.9302,46.823338,0.0013067271,False,False,-130.7077429645558
1150.0,40.0,1150.0,40.0,2743.0469,50.526363,0.0018820703,False,False,-150.6954418958999
1170.0,40.0,1170.0,40.0,2959.082,54.49403,0.0026284815,False,False,-170.68356100186193
1190.0,40.0,1190.0,40.0,3201.12,58.698223,0.0036311226,False,False,-190.67207912170343
1210.0,40.0,1210.0,40.0,3467.0127,63.136826,0.00484165,False,False,-210.66097649176746
1230.0,40.0,1230.0,40.0,3761.3274,67.89784,0.0064080274,False,False,-230.6502346320827
1250.0,40.0,1250.0,40.0,4080.3608,72.91611,0.008219706,False,False,-250.63983624383252
1270.0,40.0,1270.0,40.0,4422.1953,78.120995,0.010224283,False,False,-270.6297651164954
1290.0,40.0,1290.0,40.0,4791.206,83.51095,0.012596566,False,False,-290.6200060436071
1310.0,40.0,1310.0,40.0,5188.1396,89.14494,0.015399083,False,False,-310.6105447462263
1330.0,40.0,1330.0,40.0,5608.032,94.92023,0.018484868,False,False,-330.6013678032954
1350.0,40.0,1350.0,40.0,6050.4663,100.832535,0.02183898,False,False,-350.5924625881785
1370.0,40.0,1370.0,40.0,6519.6455,106.859406,0.025617268,False,False,-370.5838172107535
1390.0,40.0,1390.0,40.0,7014.1963,112.9716,0.029808015,False,False,-390.5754204644925
1410.0,40.0,1410.0,40.0,7530.461,119.14627,0.03431822,False,False,-410.56726177804086
1430.0,40.0,1430.0,40.0,8067.634,125.2928,0.039143637,False,False,-430.5593311708537
1450.0,40.0,1450.0,40.0,8626.465,131.4177,0.044359773,False,False,-450.5516192124981
1470.0,40.0,1470.0,40.0,9206.754,137.5322,0.049986836,False,False,-470.5441169852743
1490.0,40.0,1490.0,40.0,9807.225,143.60365,0.056005955,False,False,-490.53681604984183
1510.0,40.0,1510.0,40.0,10431.002,149.62294,0.06256324,False,False,-510.52970841357507
1530.0,40.0,1530.0,40.0,11072.176,155.42842,0.069510505,False,False,-530.5227865013968
1550.0000000000002,40.0,1550.0000000000002,40.0,11732.906,161.10242,0.07696385,False,False,-550.5160431288675
1570.0,40.0,1570.0,40.0,12411.4795,166.64833,0.084958695,False,False,-570.5094714773294
1590.0,40.0,1590.0,40.0,13102.016,171.83266,0.0933356,False,False,-590.5030650709228
1609.9999999999998,40.0,1609.9999999999998,40.0,13806.301,176.85309,0.10225498,False,False,-610.4968177553161
1630.0,40.0,1630.0,40.0,14523.875,181.745,0.11176441,False,False,-630.4907236779975
1650.0000000000002,40.0,1650.0000000000002,40.0,15254.83,186.50305,0.121949755,False,False,-650.4847772699995
1670.0,40.0,1670.0,40.0,15991.799,190.98553,0.13266286,False,False,-670.478973228936
1690.0,40.0,1690.0,40.0,16723.688,195.00632,0.14368896,False,False,-690.473306503241
1709.9999999999998,40.0,1709.9999999999998,40.0,17452.48,198.73016,0.1552237,False,False,-710.4677722775135
1730.0,40.0,1730.0,40.0,18170.336,202.03835,0.16700926,False,False,-730.4623659588785
1750.0,40.0,1750.0,40.0,18881.508,205.07544,0.17921776,False,False,-750.4570831642806
-250.0,60.0,-250.0,60.0,23265.242,277.59415,0.34000325,False,False,-751.892463744851
-229.99999999999997,60.0,-229.99999999999997,60.0,22530.45,274.48233,0.31445274,False,False,-731.9169560970929
-210.00000000000003,60.0,-210.00000000000003,60.0,21777.564,270.46808,0.288799,False,False,-711.9420203696262
-190.00000000000003,60.0,-190.00000000000003,60.0,21002.582,265.4987,0.26287133,False,False,-691.9676768182817
-170.0,60.0,-170.0,60.0,20200.227,259.42108,0.23643726,False,False,-671.9939466662165
-150.0,60.0,-150.0,60.0,19376.504,252.27748,0.2098682,False,False,-652.0208521623105
-130.0,60.0,-130.0,60.0,18528.14,244.18915,0.18298748,False,False,-632.048416643852
-110.0,60.0,-110.0,60.0,17657.105,235.09761,0.1558021,False,False,-612.0766646038643
-90.0,60.0,-90.0,60.0,16760.021,224.89526,0.12829727,False,False,-592.1056217634987
-70.0,60.0,-70.0,60.0,15839.119,213.67384,0.10059327,False,False,-572.1353151499248
-50.0,60.0,-50.0,60.0,14889.076,201.44305,0.07252504,False,False,-552.1657731802262
-30.0,60.0,-30.0,60.0,13908.4375,188.76324,0.044249818,False,False,-532.1970257518404
-10.0,60.0,-10.0,60.0,12912.017,176.80334,0.016018772,False,False,-512.2291043401469
10.0,60.0,10.0,60.0,12175.186,169.96323,0.0,False,False,-492.26204210387215
30.0,60.0,30.0,60.0,11791.57,167.26178,0.0,False,False,-472.295873999053
50.0,60.0,50.0,60.0,11409.664,164.49457,0.0,False,False,-452.3306369023729
70.0,60.0,70.0,60.0,11029.955,161.66347,0.0,False,False,-432.3663697447902
90.0,60.0,90.0,60.0,10653.16,158.769,0.0,False,False,-412.4031136564679
110.0,60.0,110.0,60.0,10279.342,155.80885,0.0,False,False,-392.44091212413804
130.0,60.0,130.0,60.0,9908.8545,152.78537,0.0,False,False,-372.47981116215993
150.0,60.0,150.0,60.0,9542.381,149.70161,0.0,False,False,-352.5198594986822
170.0,60.0,170.0,60.0,9180.25,146.55692,0.0,False,False,-332.56110877848727
190.00000000000003,60.0,190.00000000000003,60.0,8822.486,143.34912,0.0,False,False,-312.6036137842862
210.00000000000003,60.0,210.00000000000003,60.0,8469.023,140.07855,0.0,False,False,-292.6474326784486
229.99999999999997,60.0,229.99999999999997,60.0,8120.2295,136.75105,0.0,False,False,-272.6926272674015
250.0,60.0,250.0,60.0,7776.6064,133.37386,0.0,False,False,-252.7392632912156
270.0,60.0,270.0,60.0,7438.5093,129.95204,0.0,False,False,-232.7874107412169
290.0,60.0,290.0,60.0,7106.084,126.48939,0.0,False,False,-212.83714420883825
310.0,60.0,310.0,60.0,6779.924,122.99598,0.0,False,False,-192.8885432693479
330.0,60.0,330.0,60.0,6460.407,119.477455,0.0,False,False,-172.94169290458922
350.0,60.0,350.0,60.0,6147.8467,115.9388,0.0,False,False,-152.99668396942934
370.0,60.0,370.0,60.0,5842.8115,112.38804,0.0,False,False,-133.05361370727576
390.0,60.0,390.0,60.0,5545.679,108.82819,0.0,False,False,-113.1125863207788
410.0,60.0,410.0,60.0,5256.726,105.26109,0.0,False,False,-93.1737136047271
430.0,60.0,430.0,60.0,4976.06,101.68845,0.0,False,False,-73.23711564917751
450.0,60.0,450.0,60.0,4704.1484,98.11921,0.0,False,False,-53.3029216220674
470.00000000000006,60.0,470.00000000000006,60.0,4441.389,94.55941,0.0,False,False,-33.371270641969765
490.0,60.0,490.0,60.0,4188.1484,91.01408,0.0,False,False,-13.4423127533288
510.00000000000006,60.0,510.00000000000006,60.0,3944.7231,87.485985,0.0,False,True,6.48378998154625
530.0,60.0,530.0,60.0,3711.0625,83.97086,0.0,False,True,26.406862257108642
550.0,60.0,550.0,60.0,3487.2654,80.469604,0.0,False,True,46.32671414647166
570.0,60.0,570.0,60.0,3273.3691,76.98263,0.0,False,True,66.24313954794326
590.0,60.0,590.0,60.0,3069.564,73.51583,0.0,False,True,86.15591442965587
610.0,60.0,610.0,60.0,2875.9536,70.07195,0.0,False,True,106.06479484108306
630.0,60.0,630.0,60.0,2692.6226,66.65438,0.0,False,True,125.96951465459088
650.0,60.0,650.0,60.0,2519.6875,63.26762,0.0,False,True,145.8697829933962
670.0,60.0,670.0,60.0,2357.2192,59.915295,0.0,False,True,165.76528129406853
690.0,60.0,690.0,60.0,2205.2883,56.600895,0.0,False,True,185.65565994170453
710.0,60.0,710.0,60.0,2064.016,53.330826,0.0,False,True,205.54053440367542
730.0,60.0,730.0,60.0,1933.3987,50.109756,0.0,False,True,225.4194807728417
750.0,60.0,750.0,60.0,1813.6421,46.95282,0.0,False,True,245.2920306126146
770.0,60.0,770.0,60.0,1704.835,43.87259,0.0,False,True,227.66587541401478
789.9999999999999,60.0,789.9999999999999,60.0,1607.1622,40.88744,0.0,False,True,207.7247952889097
810.0,60.0,810.0,60.0,1520.748,38.017197,0.0,False,True,187.7808177591469
830.0,60.0,830.0,60.0,1445.6945,35.284718,0.0,False,True,167.834151145338
850.0,60.0,850.0,60.0,1382.0623,32.717644,0.0,False,True,147.88498428909253
869.9999999999999,60.0,869.9999999999999,60.0,1330.0968,30.358381,0.0,False,True,127.9334887750821
890.0000000000001,60.0,890.0000000000001,60.0,1290.0621,28.254272,0.0,False,True,107.97982085605246
910.0,60.0,910.0,60.0,1261.947,26.442007,0.0,False,True,88.02412312605534
930.0,60.0,930.0,60.0,1245.6392,24.958748,0.0,False,True,68.06652597945589
950.0,60.0,950.0,60.0,1241.0703,23.845623,0.0,False,True,48.107148887018894
969.9999999999999,60.0,969.9999999999999,60.0,1248.2504,23.141708,0.0,False,True,28.14610151525354
990.0,60.0,990.0,60.0,1267.293,22.875248,0.0,False,True,8.18348471100755
1010.0,60.0,1010.0,60.0,1298.5292,23.052258,1.4185498e-06,False,False,-11.78060863015168
1030.0,60.0,1030.0,60.0,1343.5597,23.634357,4.3941778e-05,False,False,-31.746092796091084
1050.0,60.0,1050.0,60.0,1401.5221,24.648167,0.00010243463,False,False,-51.71288857748624
1070.0,60.0,1070.0,60.0,1474.2249,26.058828,0.00022051399,False,False,-71.68092266308457
1090.0,60.0,1090.0,60.0,1564.8801,27.932384,0.00048761914,False,False,-91.65012710116982
1110.0,60.0,1110.0,60.0,1671.5989,30.284748,0.0008548285,False,False,-111.62043881893436
1130.0,60.0,1130.0,60.0,1794.7081,33.076046,0.0013319089,False,False,-131.591799192624
1150.0,60.0,1150.0,60.0,1934.0037,36.21795,0.0019125552,False,False,-151.56415366231346
1170.0,60.0,1170.0,60.0,2092.292,39.711266,0.002671109,False,False,-171.5374513859982
1190.0,60.0,1190.0,60.0,2272.5042,43.54092,0.003684342,False,False,-191.51164492840778
1210.0,60.0,1210.0,60.0,2472.537,47.720078,0.004905204,False,False,-211.48668998053793
1230.0,60.0,1230.0,60.0,2697.2773,52.350906,0.0064868866,False,False,-231.46254510642748
1250.0,60.0,1250.0,60.0,2942.3691,57.351585,0.008308922,False,False,-251.4391715141413
1270.0,60.0,1270.0,60.0,3205.6753,62.6624,0.010319633,False,False,-271.4165328483031
1290.0,60.0,1290.0,60.0,3494.1375,68.27893,0.012718566,False,False,-291.394595001853
1310.0,60.0,1310.0,60.0,3808.179,74.25909,0.015531922,False,False,-311.3733259449804
1330.0,60.0,1330.0,60.0,4143.0625,80.49822,0.018630754,False,False,-331.3526955694348
1350.0,60.0,1350.0,60.0,4497.789,86.97007,0.02200098,False,False,-351.33267554662507
1370.0,60.0,1370.0,60.0,4877.1997,93.65112,0.025795989,False,False,-371.3132391981054
1390.0,60.0,1390.0,60.0,5280.302,100.51995,0.030001357,False,False,-391.29436137720336
1410.0,60.0,1410.0,60.0,5703.375,107.54173,0.034524135,False,False,-411.27601836068914
1430.0,60.0,1430.0,60.0,6146.087,114.63571,0.039362703,False,False,-431.258187749506
1450.0,60.0,1450.0,60.0,6610.396,121.80268,0.044594504,False,False,-451.24084837769095
1470.0,60.0,1470.0,60.0,7096.08,129.04076,0.050238434,False,False,-471.2239802287075
1490.0,60.0,1490.0,60.0,7601.923,136.31186,0.05627356,False,False,-491.2075643584966
1510.0,60.0,1510.0,60.0,8132.093,143.59972,0.06285709,False,False,-511.19158282462644
1530.0,60.0,1530.0,60.0,8680.51,150.72707,0.069818236,False,False,-531.1760186209814
1550.0000000000002,60.0,1550.0000000000002,60.0,9251.039,157.78468,0.077295214,False,False,-551.1608556174954
1570.0,60.0,1570.0,60.0,9842.903,164.70091,0.08530913,False,False,-571.1460785044783
1590.0,60.0,1590.0,60.0,10450.336,171.19485,0.09370312,False,False,-591.1316727411345
1609.9999999999998,60.0,1609.9999999999998,60.0,11077.382,177.45943,0.10264859,False,False,-611.1176245079066
1630.0,60.0,1630.0,60.0,11723.783,183.49438,0.11218685,False,False,-631.1039206623224
1650.0000000000002,60.0,1650.0000000000002,60.0,12390.583,189.29355,0.12239386,False,False,-651.0905486980416
1670.0,60.0,1670.0,60.0,13072.404,194.69202,0.13311738,False,False,-671.0774967068403
1690.0,60.0,1690.0,60.0,13762.082,199.51843,0.1441647,False,False,-691.0647533432893
1709.9999999999998,60.0,1709.9999999999998,60.0,14463.46,203.94627,0.15571631,False,False,-711.0523077919037
1730.0,60.0,1730.0,60.0,15168.211,207.78693,0.16751215,False,False,-731.040149736568
1750.0,60.0,1750.0,60.0,15880.851,211.2605,0.17974496,False,False,-751.028269332052
-250.0,80.0,-250.0,80.0,21449.828,288.39825,0.34142923,False,False,-752.9901166042666
-229.99999999999997,80.0,-229.99999999999997,80.0,20682.648,283.96982,0.3158826,False,False,-733.0272609520188
-210.00000000000003,80.0,-210.00000000000003,80.0,19899.637,278.53784,0.29024777,False,False,-713.0652718135041
-190.00000000000003,80.0,-190.00000000000003,80.0,19096.14,272.00217,0.26433074,False,False,-693.104179837759
-170.0,80.0,-170.0,80.0,18266.574,264.22366,0.23791465,False,False,-673.1440171350185
-150.0,80.0,-150.0,80.0,17418.34,255.20848,0.21135893,False,False,-653.1848173647505
-130.0,80.0,-130.0,80.0,16547.445,245.07388,0.18450177,False,False,-633.2266158301305
-110.0,80.0,-110.0,80.0,15655.635,233.70702,0.15733257,False,False,-613.2694495795046
-90.0,80.0,-90.0,80.0,14740.151,221.00237,0.12984942,False,False,-593.3133575154556
-70.0,80.0,-70.0,80.0,13803.141,206.99454,0.10215296,False,False,-573.3583805121419
-50.0,80.0,-50.0,80.0,12840.611,191.61325,0.07411314,False,False,-553.4045615416502
-30.0,80.0,-30.0,80.0,11849.869,175.36813,0.045815624,False,False,-533.4519458101784
-10.0,80.0,-10.0,80.0,10847.161,159.52068,0.017596526,False,False,-513.500580904956
10.0,80.0,10.0,80.0,10089.928,149.9465,0.0,False,False,-493.5505169528936
30.0,80.0,30.0,80.0,9752.9,147.12927,0.0,False,False,-473.60180679207656
50.0,80.0,50.0,80.0,9418.984,144.26341,0.0,False,False,-453.65450615732243
70.0,80.0,70.0,80.0,9088.407,141.35208,0.0,False,False,-433.708673881171
90.0,80.0,90.0,80.0,8761.318,138.39813,0.0,False,False,-413.76437211181786
110.0,80.0,110.0,80.0,8438.147,135.40826,0.0,False,False,-393.821666549684
130.0,80.0,130.0,80.0,8119.0967,132.38551,0.0,False,False,-373.8806267045021
150.0,80.0,150.0,80.0,7804.371,129.33368,0.0,False,False,-353.94132617502004
170.0,80.0,170.0,80.0,7494.3984,126.25956,0.0,False,False,-334.0038429536808
190.00000000000003,80.0,190.00000000000003,80.0,7189.4414,123.166725,0.0,False,False,-314.06825975890797
210.00000000000003,80.0,210.00000000000003,80.0,6889.7607,120.058945,0.0,False,False,-294.1346643979603
229.99999999999997,80.0,229.99999999999997,80.0,6595.7236,116.94114,0.0,False,False,-274.20315016367704
250.0,80.0,250.0,80.0,6307.5234,113.81464,0.0,False,False,-254.27381626886185
270.0,80.0,270.0,80.0,6025.1836,110.67838,0.0,False,False,-234.34676832252887
290.0,80.0,290.0,80.0,5748.948,107.53709,0.0,False,False,-214.4221188527849
310.0,80.0,310.0,80.0,5479.2207,104.39799,0.0,False,False,-194.49998788175134
330.0,80.0,330.0,80.0,5216.3926,101.26756,0.0,False,False,-174.58050355866223
350.0,80.0,350.0,80.0,4960.645,98.146835,0.0,False,False,-154.66380285810345
370.0,80.0,370.0,80.0,4712.0083,95.03359,0.0,False,False,-134.7500323513339
390.0,80.0,390.0,80.0,4470.648,91.92967,0.0,False,False,-114.8393490597514
410.0,80.0,410.0,80.0,4236.748,88.837265,0.0,False,False,-94.93192140086349
430.0,80.0,430.0,80.0,4010.3528,85.75541,0.0,False,False,-75.02793023865345
450.0,80.0,450.0,80.0,3791.5034,82.6841,0.0,False,False,-55.12757005199131
470.00000000000006,80.0,470.00000000000006,80.0,3580.3547,79.626114,0.0,False,False,-35.23105023682332
490.0,80.0,490.0,80.0,3376.8572,76.57848,0.0,False,False,-15.33859656030645
510.00000000000006,80.0,510.00000000000006,80.0,3181.0571,73.54161,0.0,False,True,4.549547212082839
530.0,80.0,530.0,80.0,2993.062,70.51813,0.0,False,True,24.433117492047185
550.0,80.0,550.0,80.0,2813.0066,67.511345,0.0,False,True,44.31182881815343
570.0,80.0,570.0,80.0,2640.9463,64.52216,0.0,False,True,64.1853715465232
590.0,80.0,590.0,80.0,2476.9587,61.552437,0.0,False,True,84.05340924367461
610.0,80.0,610.0,80.0,2321.0352,58.60204,0.0,False,True,103.91557573588412
630.0,80.0,630.0,80.0,2173.2676,55.67575,0.0,False,True,123.77147176129417
650.0,80.0,650.0,80.0,2033.8088,52.78076,0.0,False,True,143.62066116119726
670.0,80.0,670.0,80.0,1902.7708,49.92295,0.0,False,True,163.46266653507828
690.0,80.0,690.0,80.0,1780.2223,47.10677,0.0,False,True,183.29696426962022
710.0,80.0,710.0,80.0,1666.2261,44.33765,0.0,False,True,203.1229788343531
730.0,80.0,730.0,80.0,1560.8896,41.62354,0.0,False,True,222.94007621519236
750.0,80.0,750.0,80.0,1464.1837,38.968132,0.0,False,True,242.7475563307388
770.0,80.0,770.0,80.0,1376.2345,36.384014,0.0,False,True,225.8553106815238
789.9999999999999,80.0,789.9999999999999,80.0,1297.2783,33.889355,0.0,False,True,205.9596987557873
810.0,80.0,810.0,80.0,1227.3002,31.49122,0.0,False,True,186.0589701950146
830.0,80.0,830.0,80.0,1166.2233,29.196648,0.0,False,True,166.15349134268115
850.0,80.0,850.0,80.0,1114.0671,27.022236,0.0,False,True,146.24359446034018
869.9999999999999,80.0,869.9999999999999,80.0,1070.8741,24.991657,0.0,False,True,126.3295815926923
890.0000000000001,80.0,890.0000000000001,80.0,1036.6602,23.132318,0.0,False,True,106.41172791939557
910.0,80.0,910.0,80.0,1011.5996,21.48656,0.0,False,True,86.49028467125747
930.0,80.0,930.0,80.0,995.7699,20.094564,0.0,False,True,66.56548167533455
950.0,80.0,950.0,80.0,989.2548,18.998556,0.0,False,True,46.63752958279299
969.9999999999999,80.0,969.9999999999999,80.0,992.1787,18.23881,0.0,False,True,26.706621824642173
990.0,80.0,990.0,80.0,1004.6383,17.84032,0.0,False,True,6.772936333287238
1010.0,80.0,1010.0,80.0,1026.6809,17.79873,2.7800852e-06,False,False,-13.163362938080292
1030.0,80.0,1030.0,80.0,1059.8809,18.099096,4.7986396e-05,False,False,-33.10212467112855
1050.0,80.0,1050.0,80.0,1103.1581,18.790943,0.000106401276,False,False,-53.04320899002046
1070.0,80.0,1070.0,80.0,1158.6732,19.857147,0.00023392809,False,False,-72.98648640139
1090.0,80.0,1090.0,80.0,1229.4912,21.412971,0.0005108323,False,False,-92.93183684985601
1110.0,80.0,1110.0,80.0,1313.6509,23.500637,0.0008838647,False,False,-112.87914887466555
1130.0,80.0,1130.0,80.0,1411.6768,26.080456,0.0013671052,False,False,-132.82831885506812
1150.0,80.0,1150.0,80.0,1523.308,29.06162,0.001955777,False,False,-152.77925033373162
1170.0,80.0,1170.0,80.0,1651.3909,32.44863,0.0027307686,False,False,-172.73185340895398
1190.0,80.0,1190.0,80.0,1798.4827,36.240486,0.0037588081,False,False,-192.68604418765634
1210.0,80.0,1210.0,80.0,1962.7043,40.455044,0.00499581,False,False,-212.64174429218784
1230.0,80.0,1230.0,80.0,2149.567,45.18752,0.0065978016,False,False,-232.59888041487358
1250.0,80.0,1250.0,80.0,2354.2986,50.342735,0.008434838,False,False,-252.5573839150046
1270.0,80.0,1270.0,80.0,2574.8599,55.85422,0.010454873,False,False,-272.51719045363006
1290.0,80.0,1290.0,80.0,2819.4482,61.729694,0.012890903,False,False,-292.4782396620842
1310.0,80.0,1310.0,80.0,3086.914,68.00534,0.015720898,False,False,-312.4404748406688
1330.0,80.0,1330.0,80.0,3373.1855,74.58884,0.018835947,False,False,-332.4038426843418
1350.0,80.0,1350.0,80.0,3677.6367,81.449745,0.022227934,False,False,-352.368293032634
1370.0,80.0,1370.0,80.0,4005.2246,88.56614,0.026046833,False,False,-372.3337786413333
1390.0,80.0,1390.0,80.0,4354.8877,95.91874,0.030274205,False,False,-392.300254973761
1410.0,80.0,1410.0,80.0,4722.965,103.46803,0.034814745,False,False,-412.26768000970696
1430.0,80.0,1430.0,80.0,5109.461,111.14999,0.039670907,False,False,-432.2360140703068
1450.0,80.0,1450.0,80.0,5516.623,118.9631,0.044924147,False,False,-452.2052196573322
1470.0,80.0,1470.0,80.0,5944.5537,126.897415,0.050591253,False,False,-472.1752613055282
1490.0,80.0,1490.0,80.0,6392.204,134.91779,0.056650482,False,False,-492.1461054467823
1510.0,80.0,1510.0,80.0,6864.4976,143.00398,0.06326747,False,False,-512.117720285031
1530.0,80.0,1530.0,80.0,7354.421,150.97401,0.07024881,False,False,-532.0900756809307
1550.0000000000002,80.0,1550.0000000000002,80.0,7866.8604,158.93513,0.07775794,False,False,-552.0631430454113
1570.0,80.0,1570.0,80.0,8400.984,166.7539,0.08579993,False,False,-572.03689524133
1590.0,80.0,1590.0,80.0,8951.133,174.16594,0.09422037,False,False,-592.0113064925138
1609.9999999999998,80.0,1609.9999999999998,80.0,9522.318,181.36847,0.10320156,False,False,-611.9863522995473
1630.0,80.0,1630.0,80.0,10114.685,188.35887,0.11278039,False,False,-631.9620093617376
1650.0000000000002,80.0,1650.0000000000002,80.0,10729.229,195.14513,0.123019196,False,False,-651.938255504727
1670.0,80.0,1670.0,80.0,11360.15,201.545,0.13375509,False,False,-671.9150696132864
1690.0,80.0,1690.0,80.0,12001.783,207.39099,0.1448327,False,False,-691.8924315688631
1709.9999999999998,80.0,1709.9999999999998,80.0,12658.31,212.83586,0.15640745,False,False,-711.870322191491
1730.0,80.0,1730.0,80.0,13320.955,217.64352,0.16821718,False,False,-731.8487231857175
1750.0,80.0,1750.0,80.0,13995.773,222.06226,0.1804857,False,False,-751.8276170902207
-250.0,100.0,-250.0,100.0,20116.031,295.05228,0.3432646,False,False,-754.3151066152508
-229.99999999999997,100.0,-229.99999999999997,100.0,19323.443,289.77072,0.3177279,False,False,-734.3675018833504
-210.00000000000003,100.0,-210.00000000000003,100.0,18517.969,283.40927,0.2921118,False,False,-714.4211180103072
-190.00000000000003,100.0,-190.00000000000003,100.0,17694.717,275.81183,0.2662107,False,False,-694.475998109837
-170.0,100.0,-170.0,100.0,16847.484,266.88242,0.23981462,False,False,-674.5321873469453
-150.0,100.0,-150.0,100.0,15984.624,256.5718,0.21327615,False,False,-654.5897330612082
-130.0,100.0,-130.0,100.0,15101.669,244.995,0.18645266,False,False,-634.6486848990451
-110.0,100.0,-110.0,100.0,14199.156,232.00858,0.15929888,False,False,-614.7090949557429
-90.0,100.0,-90.0,100.0,13275.058,217.48239,0.13183612,False,False,-594.7710179280942
-70.0,100.0,-70.0,100.0,12331.441,201.41533,0.10416035,False,False,-574.8345112785747
-50.0,100.0,-50.0,100.0,11364.771,183.64203,0.076157585,False,False,-554.8996354120878
-30.0,100.0,-30.0,100.0,10370.545,164.5347,0.04783998,False,False,-534.9664538664222
-10.0,100.0,-10.0,100.0,9366.592,145.41483,0.019636229,False,False,-515.0350335176666
10.0,100.0,10.0,100.0,8572.355,132.8135,0.0,False,False,-495.1054448019687
30.0,100.0,30.0,100.0,8275.354,130.0495,0.0,False,False,-475.17776195518536
50.0,100.0,50.0,100.0,7982.1016,127.26732,0.0,False,False,-455.25206327210765
70.0,100.0,70.0,100.0,7692.8584,124.47082,0.0,False,False,-435.3284313871661
90.0,100.0,90.0,100.0,7407.9546,121.66476,0.0,False,False,-415.4069535787082
110.0,100.0,110.0,100.0,7127.5234,118.8497,0.0,False,False,-395.4877220991862
130.0,100.0,130.0,100.0,6851.587,116.024734,0.0,False,False,-375.5708345338644
150.0,100.0,150.0,100.0,6580.2393,113.19119,0.0,False,False,-355.6563941909502
170.0,100.0,170.0,100.0,6313.83,110.35596,0.0,False,False,-335.7445105264051
190.00000000000003,100.0,190.00000000000003,100.0,6052.6343,107.52354,0.0,False,False,-315.8352996070754
210.00000000000003,100.0,210.00000000000003,100.0,5796.9707,104.69921,0.0,False,False,-295.9288846162271
229.99999999999997,100.0,229.99999999999997,100.0,5546.962,101.88316,0.0,False,False,-276.02539640607273
250.0,100.0,250.0,100.0,5302.6187,99.07367,0.0,False,False,-256.1249741024543
270.0,100.0,270.0,100.0,5064.048,96.27138,0.0,False,False,-236.22776576750115
290.0,100.0,290.0,100.0,4831.3916,93.47778,0.0,False,False,-216.3339291268349
310.0,100.0,310.0,100.0,4604.701,90.6923,0.0,False,False,-196.44363236875523
330.0,100.0,330.0,100.0,4384.013,87.91448,0.0,False,False,-176.55705502383418
350.0,100.0,350.0,100.0,4169.374,85.14418,0.0,False,False,-156.67438893448937
370.0,100.0,370.0,100.0,3960.8193,82.381065,0.0,False,False,-136.7958393254219
390.0,100.0,390.0,100.0,3758.4043,79.62582,0.0,False,False,-116.92162598734168
410.0,100.0,410.0,100.0,3562.1968,76.879364,0.0,False,False,-97.05198458816145
430.0,100.0,430.0,100.0,3372.3398,74.14511,0.0,False,False,-77.18716812791642
450.0,100.0,450.0,100.0,3188.8916,71.423775,0.0,False,False,-57.327448556054925
470.00000000000006,100.0,470.00000000000006,100.0,3011.8694,68.71483,0.0,False,False,-37.473118572560026
490.0,100.0,490.0,100.0,2841.312,66.018684,0.0,False,False,-17.624493637653003
510.00000000000006,100.0,510.00000000000006,100.0,2677.2427,63.335827,0.0,False,True,2.2180857813134947
530.0,100.0,530.0,100.0,2519.7324,60.668888,0.0,False,True,22.054251692598893
550.0,100.0,550.0,100.0,2368.919,58.022945,0.0,False,True,41.88360575390438
570.0,100.0,570.0,100.0,2224.872,55.40026,0.0,False,True,61.70571609235731
590.0,100.0,590.0,100.0,2087.649,52.80293,0.0,False,True,81.5201137181214
610.0,100.0,610.0,100.0,1957.2804,50.23233,0.0,False,True,101.32628847006481
630.0,100.0,630.0,100.0,1833.8528,47.692352,0.0,False,True,121.12368442106403
650.0,100.0,650.0,100.0,1717.3438,45.182865,0.0,False,True,140.9116946575155
670.0,100.0,670.0,100.0,1607.8179,42.70811,0.0,False,True,160.68965533192747
690.0,100.0,690.0,100.0,1505.4648,40.27802,0.0,False,True,180.45683886847362
710.0,100.0,710.0,100.0,1410.2927,37.893948,0.0,False,True,200.2124461783169
730.0,100.0,730.0,100.0,1322.2732,35.556095,0.0,False,True,219.95559771338142
750.0,100.0,750.0,100.0,1241.4147,33.267708,0.0,False,True,239.685323152772
770.0,100.0,770.0,100.0,1167.743,31.034195,0.0,False,True,223.53364528783348
789.9999999999999,100.0,789.9999999999999,100.0,1101.3008,28.863678,0.0,False,True,203.69603793526176
810.0,100.0,810.0,100.0,1042.1359,26.766376,0.0,False,True,183.85050389037167
830.0,100.0,830.0,100.0,990.3652,24.758785,0.0,False,True,163.99760765892535
850.0,100.0,850.0,100.0,946.04114,22.856133,0.0,False,True,144.13786156881542
869.9999999999999,100.0,869.9999999999999,100.0,909.2179,21.077862,0.0,False,True,124.27173164274296
890.0000000000001,100.0,890.0000000000001,100.0,879.93665,19.446825,0.0,False,True,104.39964269770408
910.0,100.0,910.0,100.0,858.2942,17.993519,0.0,False,True,84.52198278713429
930.0,100.0,930.0,100.0,844.2907,16.746056,0.0,False,True,64.63910708219144
950.0,100.0,950.0,100.0,837.93726,15.736407,0.0,False,True,44.75134127286001
969.9999999999999,100.0,969.9999999999999,100.0,839.2996,14.998506,0.0,False,True,24.858984556592468
990.0,100.0,990.0,100.0,848.4241,14.556364,0.0,False,True,4.9623122715400925
1010.0,100.0,1010.0,100.0,865.50256,14.413867,4.5286724e-06,False,False,-14.938421777400347
1030.0,100.0,1030.0,100.0,892.1376,14.579378,5.3176802e-05,False,False,-34.84298325881308
1050.0,100.0,1050.0,100.0,927.0631,15.120417,0.00011149197,False,False,-54.75115548644932
1070.0,100.0,1070.0,100.0,973.0563,16.032188,0.00025167144,False,False,-74.66273779265292
1090.0,100.0,1090.0,100.0,1032.6359,17.471424,0.00054163946,False,False,-94.57754407807961
1110.0,100.0,1110.0,100.0,1103.4974,19.48699,0.0009235693,False,False,-114.4954015158609
1130.0,100.0,1130.0,100.0,1186.1858,22.034002,0.0014126396,False,False,-134.416149391395
1150.0,100.0,1150.0,100.0,1280.8542,25.019056,0.0020124826,False,False,-154.33963806151974
1170.0,100.0,1170.0,100.0,1390.6433,28.446945,0.0028089571,False,False,-174.26572801900346
1190.0,100.0,1190.0,100.0,1517.565,32.322353,0.0038544412,False,False,-194.1942890501529
1210.0,100.0,1210.0,100.0,1660.3542,36.658936,0.0051175943,False,False,-214.12519947491415
1230.0,100.0,1230.0,100.0,1824.1847,41.539223,0.006742968,False,False,-234.0583454602136
1250.0,100.0,1250.0,100.0,2004.0682,46.863136,0.008597495,False,False,-253.9936203984453
1270.0,100.0,1270.0,100.0,2198.0674,52.558617,0.0106316805,False,False,-273.9309243440165
1290.0,100.0,1290.0,100.0,2415.8413,58.65016,0.013114205,False,False,-293.8701635017326
1310.0,100.0,1310.0,100.0,2654.2722,65.15198,0.015966635,False,False,-313.81124976154774
1330.0,100.0,1330.0,100.0,2909.9805,71.98451,0.019100385,False,False,-333.7541002748597
1350.0,100.0,1350.0,100.0,3182.9854,79.11645,0.022524677,False,False,-353.69863706808854
1370.0,100.0,1370.0,100.0,3477.8975,86.52481,0.026373666,False,False,-373.64478668977597
1390.0,100.0,1390.0,100.0,3793.7007,94.19454,0.030626912,False,False,-393.5924798878616
1410.0,100.0,1410.0,100.0,4126.859,102.08402,0.035189487,False,False,-413.54165131417324
1430.0,100.0,1430.0,100.0,4477.5615,110.14472,0.040071804,False,False,-433.49223925349526
1450.0,100.0,1450.0,100.0,4848.0635,118.36802,0.04534925,False,False,-453.4441853748633
1470.0,100.0,1470.0,100.0,5238.821,126.741646,0.051046066,False,False,-473.3974345029925
1490.0,100.0,1490.0,100.0,5648.74,135.23537,0.057138674,False,False,-493.35193440796127
1510.0,100.0,1510.0,100.0,6083.0605,143.82292,0.06379465,False,False,-513.3076356114774
1530.0,100.0,1530.0,100.0,6534.16,152.32828,0.07080479,False,False,-533.2644912082194
1550.0000000000002,100.0,1550.0000000000002,100.0,7007.9023,160.87201,0.07835387,False,False,-553.2224567009071
1570.0,100.0,1570.0,100.0,7503.2666,169.26309,0.08643395,False,False,-573.1814898478816
1590.0,100.0,1590.0,100.0,8014.376,177.2664,0.09488642,False,False,-593.1415505221124
1609.9999999999998,100.0,1609.9999999999998,100.0,8547.48,185.08752,0.1039132,False,False,-613.1026005806324
1630.0,100.0,1630.0,100.0,9102.818,192.7062,0.113543555,False,False,-633.0646037435262
1650.0000000000002,100.0,1650.0000000000002,100.0,9681.238,200.1402,0.12382924,False,False,-653.0275254816542
1670.0,100.0,1670.0,100.0,10275.76,207.20891,0.13457775,False,False,-672.9913329123974
1690.0,100.0,1690.0,100.0,10882.565,213.75737,0.14569467,False,False,-692.9559947027567
1709.9999999999998,100.0,1709.9999999999998,100.0,11505.039,219.9291,0.15729852,False,False,-712.921480979207
1730.0,100.0,1730.0,100.0,12134.059,225.46622,0.16912453,False,False,-732.8877632437711
1750.0,100.0,1750.0,100.0,12777.727,230.62872,0.18144387,False,False,-752.8548142958106
-250.0,120.0,-250.0,120.0,19145.264,299.2792,0.34550416,False,False,-755.8669191270492
-229.99999999999997,120.0,-229.99999999999997,120.0,18334.283,293.41156,0.3199914,False,False,-735.9371463204913
-210.00000000000003,120.0,-210.00000000000003,120.0,17511.916,286.42474,0.29438657,False,False,-716.0090076296068
-190.00000000000003,120.0,-190.00000000000003,120.0,16673.988,278.11108,0.26851395,False,False,-696.0825606545703
-170.0,120.0,-170.0,120.0,15813.215,268.40964,0.24214599,False,False,-676.1578657295923
-150.0,120.0,-150.0,120.0,14938.581,257.22888,0.21562746,False,False,-656.2349860867562
-130.0,120.0,-130.0,120.0,14045.99,244.66283,0.1888425,False,False,-636.3139880317636
-110.0,120.0,-110.0,120.0,13134.302,230.56091,0.16170058,False,False,-616.3949411325906
-90.0,120.0,-90.0,120.0,12203.678,214.7717,0.13427295,False,False,-596.4779184221895
-70.0,120.0,-70.0,120.0,11255.127,197.25517,0.10661933,False,False,-576.5629966164577
-50.0,120.0,-50.0,120.0,10286.186,177.76305,0.07865776,False,False,-556.6502563488307
-30.0,120.0,-30.0,120.0,9290.482,156.45738,0.050337683,False,False,-536.7397824230026
-10.0,120.0,-10.0,120.0,8286.568,134.73825,0.022144618,False,False,-516.8316640854099
10.0,120.0,10.0,120.0,7436.868,118.726494,0.0,False,False,-496.9259953193177
30.0,120.0,30.0,120.0,7174.423,116.12538,0.0,False,False,-477.02287516251647
50.0,120.0,50.0,120.0,6915.9873,113.522064,0.0,False,False,-457.12240805086896
70.0,120.0,70.0,120.0,6661.825,110.92118,0.0,False,False,-437.2247041901903
90.0,120.0,90.0,120.0,6412.1455,108.326004,0.0,False,False,-417.32987995921275
110.0,120.0,110.0,120.0,6167.123,105.73857,0.0,False,False,-397.4380583467063
130.0,120.0,130.0,120.0,5926.754,103.15683,0.0,False,False,-377.54936942616655
150.0,120.0,150.0,120.0,5691.085,100.580345,0.0,False,False,-357.6639508718813
170.0,120.0,170.0,120.0,5460.21,98.00999,0.0,False,False,-337.7819485206333
190.00000000000003,120.0,190.00000000000003,120.0,5234.229,95.44643,0.0,False,False,-317.9035169838036
210.00000000000003,120.0,210.00000000000003,120.0,5013.2017,92.889755,0.0,False,False,-298.0288203152098
229.99999999999997,120.0,229.99999999999997,120.0,4797.132,90.33878,0.0,False,False,-278.1580327406748
250.0,120.0,250.0,120.0,4586.041,87.792946,0.0,False,False,-258.2913394560612
270.0,120.0,270.0,120.0,4379.975,85.25259,0.0,False,False,-238.42893750135903
290.0,120.0,290.0,120.0,4179.009,82.71897,0.0,False,False,-218.57103671938688
310.0,120.0,310.0,120.0,3983.2231,80.19346,0.0,False,False,-198.71786080878024
330.0,120.0,330.0,120.0,3792.7117,77.67779,0.0,False,False,-178.8696484822207
350.0,120.0,350.0,120.0,3607.521,75.1723,0.0,False,False,-159.02665474233646
370.0,120.0,370.0,120.0,3427.6748,72.676765,0.0,False,False,-139.18915228939372
390.0,120.0,390.0,120.0,3253.2192,70.19204,0.0,False,False,-119.35743307687203
410.0,120.0,410.0,120.0,3084.163,67.7176,0.0,False,False,-99.53181003327998
430.0,120.0,430.0,120.0,2920.539,65.2542,0.0,False,False,-79.71261897121352
450.0,120.0,450.0,120.0,2762.4858,62.80677,0.0,False,False,-59.90022070772966
470.00000000000006,120.0,470.00000000000006,120.0,2610.0706,60.37725,0.0,False,False,-40.09500342368255
490.0,120.0,490.0,120.0,2463.3318,57.966393,0.0,False,False,-20.297385293879312
510.00000000000006,120.0,510.00000000000006,120.0,2322.2827,55.574074,0.0,False,False,-0.5078174248032696
530.0,120.0,530.0,120.0,2186.9675,53.20174,0.0,False,True,19.27321285754635
550.0,120.0,550.0,120.0,2057.3901,50.84923,0.0,False,True,39.045178320345485
570.0,120.0,570.0,120.0,1933.6118,48.5191,0.0,False,True,58.80750767975573
590.0,120.0,590.0,120.0,1815.717,46.21513,0.0,False,True,78.55958093286924
610.0,120.0,610.0,120.0,1703.8035,43.941353,0.0,False,True,98.300724087445
630.0,120.0,630.0,120.0,1597.8687,41.69748,0.0,False,True,118.03020319750036
650.0,120.0,650.0,120.0,1497.9045,39.483074,0.0,False,True,137.74721759656867
670.0,120.0,670.0,120.0,1403.9218,37.299107,0.0,False,True,157.45089220089048
690.0,120.0,690.0,120.0,1315.9382,35.147278,0.0,False,True,177.14026873124251
710.0,120.0,710.0,120.0,1234.0156,33.032127,0.0,False,True,196.81429567359154
730.0,120.0,730.0,120.0,1158.1882,30.957554,0.0,False,True,216.4718167641159
750.0,120.0,750.0,120.0,1088.5398,28.93091,0.0,False,True,236.11155774187702
770.0,120.0,770.0,120.0,1025.1255,26.958551,0.0,False,True,220.7054472152394
789.9999999999999,120.0,789.9999999999999,120.0,967.9647,25.045874,0.0,False,True,200.93804996108094
810.0,120.0,810.0,120.0,917.083,23.200285,0.0,False,True,181.15935616262902
830.0,120.0,830.0,120.0,872.5557,21.434286,0.0,False,True,161.3701650906998
850.0,120.0,850.0,120.0,834.4248,19.760296,0.0,False,True,141.57120271975964
869.9999999999999,120.0,869.9999999999999,120.0,802.6748,18.19015,0.0,False,True,121.76312990173311
890.0000000000001,120.0,890.0000000000001,120.0,777.3534,16.743515,0.0,False,True,101.9465494749211
910.0,120.0,910.0,120.0,758.5194,15.444644,0.0,False,True,82.12201246570899
930.0,120.0,930.0,120.0,746.18744,14.318845,0.0,False,True,62.290023514732894
950.0,120.0,950.0,120.0,740.375,13.394302,0.0,False,True,42.451045637874444
969.9999999999999,120.0,969.9999999999999,120.0,741.11646,12.69959,0.0,False,True,22.605504414926703
990.0,120.0,990.0,120.0,748.4818,12.259063,0.0,False,True,2.753791684320217
1010.0,120.0,1010.0,120.0,762.82007,12.073983,8.359639e-06,False,False,-17.103731189695324
1030.0,120.0,1030.0,120.0,785.4491,12.17545,5.950706e-05,False,False,-36.96673042099086
1050.0,120.0,1050.0,120.0,814.9363,12.633413,0.00011770113,False,False,-56.83489722851215
1070.0,120.0,1070.0,120.0,854.8372,13.468475,0.0002758769,False,False,-76.7079455451234
1090.0,120.0,1090.0,120.0,906.8558,14.889765,0.0005792057,False,False,-96.58560997306547
1110.0,120.0,1110.0,120.0,968.88116,16.93614,0.00097324065,False,False,-116.4676439557038
1130.0,120.0,1130.0,120.0,1041.3254,19.54181,0.0014698406,False,False,-136.35381813940327
1150.0,120.0,1150.0,120.0,1124.8098,22.606325,0.0020839924,False,False,-156.24391890292787
1170.0,120.0,1170.0,120.0,1222.8392,26.13451,0.0029082033,False,False,-176.13774703475966
1190.0,120.0,1190.0,120.0,1336.5116,30.13322,0.003971722,False,False,-196.0351165413164
1210.0,120.0,1210.0,120.0,1465.6605,34.612846,0.005273939,False,False,-215.9358535712318
1230.0,120.0,1230.0,120.0,1614.085,39.640713,0.006920513,False,False,-235.8397954427588
1250.0,120.0,1250.0,120.0,1777.4801,45.117744,0.00879713,False,False,-255.74678976296826
1270.0,120.0,1270.0,120.0,1953.9773,50.96702,0.010855911,False,False,-275.656693628815
1290.0,120.0,1290.0,120.0,2154.1885,57.231384,0.01338942,False,False,-295.5693729013511
1310.0,120.0,1310.0,120.0,2373.1465,63.9061,0.01626864,False,False,-315.48470154540377
1330.0,120.0,1330.0,120.0,2608.231,70.920944,0.019425903,False,False,-335.40256102794723
1350.0,120.0,1350.0,120.0,2860.2961,78.24501,0.022890396,False,False,-355.3228397691821
1370.0,120.0,1370.0,120.0,3133.3257,85.85782,0.026776236,False,False,-375.2454326410251
1390.0,120.0,1390.0,120.0,3426.3494,93.7469,0.031062301,False,False,-395.1702405083045
1410.0,120.0,1410.0,120.0,3735.5913,101.86962,0.035648182,False,False,-415.0971698084906
1430.0,120.0,1430.0,120.0,4061.9292,110.18873,0.040564165,False,False,-435.0261321662405
1450.0,120.0,1450.0,120.0,4407.4443,118.689064,0.045875896,False,False,-454.95704403944524
1470.0,120.0,1470.0,120.0,4772.5137,127.35739,0.051602915,False,False,-474.8898263938225
1490.0,120.0,1490.0,120.0,5156.8555,136.16774,0.05774434,False,False,-494.8244044034069
1510.0,120.0,1510.0,120.0,5564.996,145.08679,0.064441144,False,False,-514.7607071745688
1530.0,120.0,1530.0,120.0,5989.397,153.9441,0.0714885,False,False,-534.6986674914398
1550.0000000000002,120.0,1550.0000000000002,120.0,6436.7275,162.87526,0.07908778,False,False,-554.6382215808284
1570.0,120.0,1570.0,120.0,6905.299,171.63258,0.08720899,False,False,-574.5793088949189
1590.0,120.0,1590.0,120.0,7389.571,180.01947,0.09570506,False,False,-594.5218719101977
1609.9999999999998,120.0,1609.9999999999998,120.0,7896.169,188.25282,0.10478099,False,False,-614.4658559412147
1630.0,120.0,1630.0,120.0,8425.881,196.3024,0.11447859,False,False,-634.4112089679268
1650.0000000000002,120.0,1650.0000000000002,120.0,8978.857,204.173,0.124822676,False,False,-654.3578814754686
1670.0,120.0,1670.0,120.0,9546.818,211.6842,0.13558519,False,False,-674.3058263053377
1690.0,120.0,1690.0,120.0,10128.714,218.7036,0.14675665,False,False,-694.2549985170476
1709.9999999999998,120.0,1709.9999999999998,120.0,10725.863,225.36137,0.15838563,False,False,-714.2053552593984
1730.0,120.0,1730.0,120.0,11330.006,231.40181,0.17023784,False,False,-734.1568556506071
1750.0,120.0,1750.0,120.0,11950.761,237.08784,0.18261728,False,False,-754.1094606665802
-250.0,140.0,-250.0,140.0,18440.285,302.05118,0.34815827,False,False,-757.644953359737
-229.99999999999997,140.0,-229.99999999999997,140.0,17613.549,295.81448,0.32268447,False,False,-737.735572623628
-210.00000000000003,140.0,-210.00000000000003,140.0,16776.191,288.44336,0.2970885,False,False,-717.8282971974193
-190.00000000000003,140.0,-190.00000000000003,140.0,15925.318,279.6642,0.27123317,False,False,-697.9232011321365
-170.0,140.0,-170.0,140.0,15053.885,269.48724,0.24491695,False,False,-678.0203619841502
-150.0,140.0,-150.0,140.0,14169.444,257.73843,0.21840991,False,False,-658.1198610245386
-130.0,140.0,-130.0,140.0,13269.762,244.5173,0.19166744,False,False,-638.2217834635981
-110.0,140.0,-110.0,140.0,12351.578,229.66803,0.16455066,False,False,-618.3262186917904
-90.0,140.0,-90.0,140.0,11416.766,213.01524,0.1371691,False,False,-598.4332605385449
-70.0,140.0,-70.0,140.0,10464.161,194.49957,0.109524146,False,False,-578.5430075504756
-50.0,140.0,-50.0,140.0,9494.406,173.84186,0.081622675,False,False,-558.6555632907221
-30.0,140.0,-30.0,140.0,8497.738,150.88185,0.053308666,False,False,-538.7710366613137
-10.0,140.0,-10.0,140.0,7493.99,127.19274,0.025134481,False,False,-518.8895422506375
10.0,140.0,10.0,140.0,6572.415,107.30652,0.00012447214,False,False,-499.01120070830916
30.0,140.0,30.0,140.0,6335.808,104.86665,0.0,False,False,-479.13613915000525
50.0,140.0,50.0,140.0,6107.0015,102.47178,0.0,False,False,-459.2644915950638
70.0,140.0,70.0,140.0,5882.295,100.08289,0.0,False,False,-439.39639943999344
90.0,140.0,90.0,140.0,5661.716,97.69927,0.0,False,False,-419.53201197135166
110.0,140.0,110.0,140.0,5445.324,95.32117,0.0,False,False,-399.6714869218597
130.0,140.0,130.0,140.0,5233.124,92.947556,0.0,False,False,-379.81499107404477
150.0,140.0,150.0,140.0,5025.118,90.57747,0.0,False,False,-359.9627009161989
170.0,140.0,170.0,140.0,4821.3706,88.21194,0.0,False,False,-340.11480335600334
190.00000000000003,140.0,190.00000000000003,140.0,4621.947,85.85199,0.0,False,False,-320.2714964977907
210.00000000000003,140.0,210.00000000000003,140.0,4426.923,83.49897,0.0,False,False,-300.43299049014144
229.99999999999997,140.0,229.99999999999997,140.0,4236.3813,81.15436,0.0,False,False,-280.5995084513148
250.0,140.0,250.0,140.0,4050.3428,78.81761,0.0,False,False,-260.7712874809474
270.0,140.0,270.0,140.0,3868.8384,76.48885,0.0,False,False,-240.94857976750268
290.0,140.0,290.0,140.0,3691.9434,74.16971,0.0,False,False,-221.13165380216003
310.0,140.0,310.0,140.0,3519.664,71.85964,0.0,False,False,-201.3207957112102
330.0,140.0,330.0,140.0,3352.0205,69.55874,0.0,False,False,-181.516310720606
350.0,140.0,350.0,140.0,3189.07,67.26851,0.0,False,False,-161.71852476813348
370.0,140.0,370.0,140.0,3030.9114,64.9921,0.0,False,False,-141.92778628075448
390.0,140.0,390.0,140.0,2877.6162,62.731617,0.0,False,False,-122.14446813709378
410.0,140.0,410.0,140.0,2729.1836,60.48627,0.0,False,False,-102.36896983782063
430.0,140.0,430.0,140.0,2585.6084,58.25517,0.0,False,False,-82.60171990991871
450.0,140.0,450.0,140.0,2446.9216,56.039116,0.0,False,False,-62.84317857458671
470.00000000000006,140.0,470.00000000000006,140.0,2313.1458,53.838573,0.0,False,False,-43.09384071288008
490.0,140.0,490.0,140.0,2184.3574,51.656433,0.0,False,False,-23.35423916831647
510.00000000000006,140.0,510.00000000000006,140.0,2060.6187,49.494926,0.0,False,False,-3.6249484316241976
530.0,140.0,530.0,140.0,1941.9951,47.356506,0.0,False,True,16.093411240174326
550.0,140.0,550.0,140.0,1828.4963,45.24092,0.0,False,True,35.80016920992279
570.0,140.0,570.0,140.0,1720.1156,43.147503,0.0,False,True,55.49459928159756
590.0,140.0,590.0,140.0,1616.8739,41.07699,0.0,False,True,75.17591387505135
610.0,140.0,610.0,140.0,1518.7747,39.02939,0.0,False,True,94.84325745898403
630.0,140.0,630.0,140.0,1425.8604,37.006977,0.0,False,True,114.49569913067087
650.0,140.0,650.0,140.0,1338.1736,35.012245,0.0,False,True,134.13222421163178
670.0,140.0,670.0,140.0,1255.756,33.04807,0.0,False,True,153.75172470526564
690.0,140.0,690.0,140.0,1178.688,31.119589,0.0,False,True,173.35298843464696
710.0,140.0,710.0,140.0,1106.9904,29.2288,0.0,False,True,192.9346866451602
730.0,140.0,730.0,140.0,1040.664,27.377184,0.0,False,True,212.49535981610745
750.0,140.0,750.0,140.0,979.74146,25.56882,0.0,False,True,232.03340137621964
770.0,140.0,770.0,140.0,924.30475,23.811544,0.0,False,True,217.37620787507367
789.9999999999999,140.0,789.9999999999999,140.0,874.35474,22.108854,0.0,False,True,197.6908326586315
810.0,140.0,810.0,140.0,829.9142,20.46714,0.0,False,True,177.9902676975168
830.0,140.0,830.0,140.0,791.0078,18.894547,0.0,False,True,158.2755795392413
850.0,140.0,850.0,140.0,757.6688,17.401676,0.0,False,True,138.54773782872908
869.9999999999999,140.0,869.9999999999999,140.0,729.9154,16.000591,0.0,False,True,118.80762599759181
890.0000000000001,140.0,890.0000000000001,140.0,707.7628,14.706293,0.0,False,True,99.05605057806166
910.0,140.0,910.0,140.0,691.24365,13.538486,0.0,False,True,79.29374934238659
930.0,140.0,930.0,140.0,680.403,12.520751,0.0,False,True,59.5213984358815
950.0,140.0,950.0,140.0,675.2666,11.677153,0.0,False,True,39.73961864502612
969.9999999999999,140.0,969.9999999999999,140.0,675.8275,11.028971,0.0,False,True,19.948980919870685
990.0,140.0,990.0,140.0,682.0706,10.593023,0.0,False,True,0.15001125168773166
1010.0,140.0,1010.0,140.0,694.5055,10.368366,1.341087e-05,False,False,-19.65680500843042
1030.0,140.0,1030.0,140.0,714.15234,10.423815,6.6969835e-05,False,False,-39.47101931703706
1050.0,140.0,1050.0,140.0,739.6811,10.834553,0.00012627014,False,False,-59.292216529508835
1070.0,140.0,1070.0,140.0,775.5164,11.654979,0.00030564435,False,False,-79.12001186151684
1090.0,140.0,1090.0,140.0,822.3304,13.134134,0.00062348915,False,False,-98.9540481748999
1110.0,140.0,1110.0,140.0,878.27563,15.276817,0.0010317991,False,False,-118.79399354841014
1130.0,140.0,1130.0,140.0,943.7108,17.989077,0.0015394933,False,False,-138.63953909918297
1150.0,140.0,1150.0,140.0,1019.6044,21.167322,0.0021720112,False,False,-158.49039702537038
1170.0,140.0,1170.0,140.0,1109.606,24.815298,0.0030265655,False,False,-178.34629884427443
1190.0,140.0,1190.0,140.0,1214.0315,28.94573,0.0041118874,False,False,-198.20699380365835
1210.0,140.0,1210.0,140.0,1334.1678,33.567204,0.005465071,False,False,-218.07224744675963
1230.0,140.0,1230.0,140.0,1471.7441,38.72957,0.0071346983,False,False,-237.94184031399473
1250.0,140.0,1250.0,140.0,1623.4736,44.338963,0.009034429,False,False,-257.8155667664478
1270.0,140.0,1270.0,140.0,1787.9761,50.318497,0.01112975,False,False,-277.6932339180638
1290.0,140.0,1290.0,140.0,1976.1029,56.72424,0.013718199,False,False,-297.5746606650424
1310.0,140.0,1310.0,140.0,2181.3835,63.53535,0.016628966,False,False,-317.45967680229217
1330.0,140.0,1330.0,140.0,2401.9229,70.69097,0.019813681,False,False,-337.3481222179961
1350.0,140.0,1350.0,140.0,2639.4885,78.15894,0.023325574,False,False,-357.2398461583716
1370.0,140.0,1370.0,140.0,2897.3003,85.923965,0.0272559,False,False,-377.13470655560786
1390.0,140.0,1390.0,140.0,3174.1191,93.97434,0.031576112,False,False,-397.0325694127535
1410.0,140.0,1410.0,140.0,3466.4092,102.26764,0.036193073,False,False,-416.93330824001737
1430.0,140.0,1430.0,140.0,3775.587,110.77159,0.041150384,False,False,-436.83680353754875
1450.0,140.0,1450.0,140.0,4103.634,119.469185,0.046508987,False,False,-456.7429423202983
1470.0,140.0,1470.0,140.0,4450.473,128.34723,0.052273672,False,False,-476.6516176810291
1490.0,140.0,1490.0,140.0,4816.658,137.38179,0.05846644,False,False,-496.5627283879551
1510.0,140.0,1510.0,140.0,5206.05,146.52818,0.065206274,False,False,-516.47617851386
1530.0,140.0,1530.0,140.0,5611.8154,155.63188,0.07231008,False,False,-536.391877093862
1550.0000000000002,140.0,1550.0000000000002,140.0,6040.4863,164.83495,0.07997036,False,False,-556.3097378092834
1570.0,140.0,1570.0,140.0,6489.2534,173.82903,0.08812392,False,False,-576.2296786953353
1590.0,140.0,1590.0,140.0,6954.495,182.47517,0.096678436,False,False,-596.151621870554
1609.9999999999998,140.0,1609.9999999999998,140.0,7442.158,190.98753,0.10581396,False,False,-616.0754932861274
1630.0,140.0,1630.0,140.0,7954.0264,199.33443,0.11559755,False,False,-636.0012224934309
1650.0000000000002,140.0,1650.0000000000002,140.0,8488.477,207.50809,0.12599885,False,False,-655.9287424282487
1670.0,140.0,1670.0,140.0,9037.01,215.31537,0.13678563,False,False,-675.857989210303
1690.0,140.0,1690.0,140.0,9601.122,222.66267,0.14802,False,False,-695.7889019568444
1709.9999999999998,140.0,1709.9999999999998,140.0,10179.48,229.6376,0.15967031,False,False,-715.7214226091598
1730.0,140.0,1730.0,140.0,10765.789,236.03458,0.17156473,False,False,-735.6554957709781
1750.0,140.0,1750.0,140.0,11369.816,242.08763,0.18400568,False,False,-755.5910685578234
-250.0,160.0,-250.0,160.0,17929.36,304.0383,0.3512336,False,False,-759.6485235572441
-229.99999999999997,160.0,-229.99999999999997,160.0,17090.11,297.58218,0.32579637,False,False,-739.7620713039483
-210.00000000000003,160.0,-210.00000000000003,160.0,16240.993,289.98477,0.30021667,False,False,-719.878252388355
-190.00000000000003,160.0,-190.00000000000003,160.0,15379.275,280.90887,0.2743597,False,False,-699.9971592120495
-170.0,160.0,-170.0,160.0,14500.491,270.44257,0.24812749,False,False,-680.1188885372535
-150.0,160.0,-150.0,160.0,13607.621,258.332,0.22162071,False,False,-660.243541746292
-130.0,160.0,-130.0,160.0,12702.219,244.69017,0.19492874,False,False,-640.371225119756
-110.0,160.0,-110.0,160.0,11778.78,229.35826,0.16784774,False,False,-620.5020501349283
-90.0,160.0,-90.0,160.0,10840.434,212.13278,0.14050521,False,False,-600.6361337862274
-70.0,160.0,-70.0,160.0,9884.962,192.97188,0.11289151,False,False,-580.7735989295679
-50.0,160.0,-50.0,160.0,8914.322,171.4969,0.08503479,False,False,-560.9145746527433
-30.0,160.0,-30.0,160.0,7917.868,147.4205,0.05676075,False,False,-541.0591966741481
-10.0,160.0,-10.0,160.0,6913.9023,122.33645,0.02860812,False,False,-521.2076077723868
10.0,160.0,10.0,160.0,5933.711,98.731895,0.0014309199,False,False,-501.35995824958786
30.0,160.0,30.0,160.0,5682.881,95.67751,0.0,False,False,-481.51640643153894
50.0,160.0,50.0,160.0,5477.651,93.45023,0.0,False,False,-461.677119208082
70.0,160.0,70.0,160.0,5276.086,91.22655,0.0,False,False,-441.842272617589
90.0,160.0,90.0,160.0,5078.2256,89.00692,0.0,False,False,-422.0120524797497
110.0,160.0,110.0,160.0,4884.164,86.793304,0.0,False,False,-402.186655081372
130.0,160.0,130.0,160.0,4693.944,84.58597,0.0,False,False,-382.3662879204279
150.0,160.0,150.0,160.0,4507.6084,82.38525,0.0,False,False,-362.55117051416465
170.0,160.0,170.0,160.0,4325.1885,80.19112,0.0,False,False,-342.7415352777826
190.00000000000003,160.0,190.00000000000003,160.0,4146.7217,78.00403,0.0,False,False,-322.93762848093206
210.00000000000003,160.0,210.00000000000003,160.0,3972.2925,75.825966,0.0,False,False,-303.13971129014766
229.99999999999997,160.0,229.99999999999997,160.0,3801.9087,73.65644,0.0,False,False,-283.34806090630997
250.0,160.0,250.0,160.0,3635.6,71.49592,0.0,False,False,-263.5629718073424
270.0,160.0,270.0,160.0,3473.391,69.34465,0.0,False,False,-243.784757107603
290.0,160.0,290.0,160.0,3315.3687,67.20533,0.0,False,False,-224.0137500468839
310.0,160.0,310.0,160.0,3161.6047,65.080025,0.0,False,False,-204.25030562356594
330.0,160.0,330.0,160.0,3012.0752,62.96712,0.0,False,False,-184.49480238837208
350.0,160.0,350.0,160.0,2866.7761,60.865902,0.0,False,False,-164.7476444173156
370.0,160.0,370.0,160.0,2725.745,58.777412,0.0,False,False,-145.00926348492982
390.0,160.0,390.0,160.0,2589.0083,56.7022,0.0,False,False,-125.28012146172657
410.0,160.0,410.0,160.0,2456.6208,54.642216,0.0,False,False,-105.56071296312564
430.0,160.0,430.0,160.0,2328.6401,52.59927,0.0,False,False,-85.85156828092816
450.0,160.0,450.0,160.0,2205.106,50.57454,0.0,False,False,-66.15325663282012
470.00000000000006,160.0,470.00000000000006,160.0,2086.0483,48.568764,0.0,False,False,-46.4663897705383
490.0,160.0,490.0,160.0,1971.4769,46.58175,0.0,False,False,-26.79162599331747
510.00000000000006,160.0,510.00000000000006,160.0,1861.4136,44.61409,0.0,False,False,-7.129674620213633
530.0,160.0,530.0,160.0,1755.8524,42.665176,0.0,False,True,12.51869901692132
550.0,160.0,550.0,160.0,1654.7961,40.73492,0.0,False,True,32.15266798846278
570.0,160.0,570.0,160.0,1558.2966,38.825676,0.0,False,True,51.77133750742008
590.0,160.0,590.0,160.0,1466.3765,36.938477,0.0,False,True,71.3737378993185
610.0,160.0,610.0,160.0,1379.1111,35.077374,0.0,False,True,90.95881668996975
630.0,160.0,630.0,160.0,1296.5405,33.24459,0.0,False,True,110.5254296809175
650.0,160.0,650.0,160.0,1218.6655,31.440264,0.0,False,True,130.0723308602416
670.0,160.0,670.0,160.0,1145.4935,29.665174,0.0,False,True,149.5981609700332
690.0,160.0,690.0,160.0,1077.0662,27.922407,0.0,False,True,169.10143452033455
710.0,160.0,710.0,160.0,1013.4424,26.2164,0.0,False,True,188.58052500153616
730.0,160.0,730.0,160.0,954.6366,24.549292,0.0,False,True,208.0336480017606
750.0,160.0,750.0,160.0,900.66785,22.924015,0.0,False,True,227.45884188089005
770.0,160.0,770.0,160.0,851.5452,21.343647,0.0,False,True,213.55229035872946
789.9999999999999,160.0,789.9999999999999,160.0,807.2866,19.812551,0.0,False,True,193.96029874453464
810.0,160.0,810.0,160.0,767.90924,18.336079,0.0,False,True,174.34874190127942
830.0,160.0,830.0,160.0,733.4401,16.921535,0.0,False,True,154.71898163983354
850.0,160.0,850.0,160.0,703.9076,15.578053,0.0,False,True,135.0722573532514
869.9999999999999,160.0,869.9999999999999,160.0,679.349,14.317513,0.0,False,True,115.40969935229344
890.0000000000001,160.0,890.0000000000001,160.0,659.7803,13.152363,0.0,False,True,95.73234050973583
910.0,160.0,910.0,160.0,645.20215,12.096554,0.0,False,True,76.04112645637723
930.0,160.0,930.0,160.0,635.6178,11.167034,0.0,False,True,56.33692453291356
950.0,160.0,950.0,160.0,631.0177,10.381902,0.0,False,True,36.62053166989288
969.9999999999999,160.0,969.9999999999999,160.0,631.382,9.759264,0.0,False,True,16.892681341451944
990.0,160.0,990.0,160.0,636.69336,9.315663,0.0,False,False,-2.845950283492049
1010.0,160.0,1010.0,160.0,647.7291,9.055814,1.9222847e-05,False,False,-22.594738887307344
1030.0,160.0,1030.0,160.0,665.19653,9.090163,7.5556745e-05,False,False,-42.3531071570708
1050.0,160.0,1050.0,160.0,688.06006,9.486042,0.00014275804,False,False,-62.12052046836936
1070.0,160.0,1070.0,160.0,721.14606,10.346975,0.00034498045,False,False,-81.89648303338171
1090.0,160.0,1090.0,160.0,764.14966,11.942852,0.0006744411,False,False,-101.68053445633684
1110.0,160.0,1110.0,160.0,815.8224,14.221929,0.00109918,False,False,-121.47224664723649
1130.0,160.0,1130.0,160.0,876.1917,17.060583,0.0016205201,False,False,-141.2712210513328
1150.0,160.0,1150.0,160.0,946.7594,20.362722,0.0022778667,False,False,-161.07708615750417
1170.0,160.0,1170.0,160.0,1031.1958,24.135925,0.0031679515,False,False,-180.8894952534721
1190.0,160.0,1190.0,160.0,1128.9185,28.395298,0.0042762235,False,False,-200.70812439993102
1210.0,160.0,1210.0,160.0,1243.0281,33.15174,0.00568707,False,False,-220.53267059919384
1230.0,160.0,1230.0,160.0,1372.9363,38.437405,0.007387462,False,False,-240.3628501370073
1250.0,160.0,1250.0,160.0,1516.1119,44.16287,0.009311952,False,False,-260.1983970788092
1270.0,160.0,1270.0,160.0,1672.3123,50.25534,0.011456695,False,False,-280.03906190397186
1290.0,160.0,1290.0,160.0,1851.9448,56.781193,0.014104569,False,False,-299.8846102635419
1310.0,160.0,1310.0,160.0,2047.2437,63.705177,0.017049719,False,False,-319.73482184869243
1330.0,160.0,1330.0,160.0,2257.0696,70.974945,0.020264305,False,False,-339.5894893585872
1350.0,160.0,1350.0,160.0,2484.2727,78.55756,0.02382899,False,False,-359.44841755765054
1370.0,160.0,1370.0,160.0,2731.5728,86.442726,0.027821053,False,False,-379.31142241337216
1390.0,160.0,1390.0,160.0,2996.3086,94.61801,0.032172978,False,False,-399.17833030675536
1410.0,160.0,1410.0,160.0,3276.2283,103.04245,0.03682635,False,False,-419.0489773083944
1430.0,160.0,1430.0,160.0,3573.117,111.686516,0.041834414,False,False,-438.92320851392213
1450.0,160.0,1450.0,160.0,3888.5806,120.533066,0.047246814,False,False,-458.80087743324316
1470.0,160.0,1470.0,160.0,4222.019,129.5692,0.05305268,False,False,-478.6818454285561
1490.0,160.0,1490.0,160.0,4575.369,138.76991,0.05931191,False,False,-498.56598119669053
1510.0,160.0,1510.0,160.0,4950.8555,148.07762,0.066095375,False,False,-518.453160291749
1530.0,160.0,1530.0,160.0,5343.3477,157.36244,0.07326813,False,False,-538.3432646844462
1550.0000000000002,160.0,1550.0000000000002,160.0,5758.873,166.76582,0.081005044,False,False,-558.2361823549088
1570.0,160.0,1570.0,160.0,6192.823,175.91237,0.08919214,False,False,-578.1318069160131
1590.0,160.0,1590.0,160.0,6644.3286,184.74207,0.09781399,False,False,-598.0300372646318
1609.9999999999998,160.0,1609.9999999999998,160.0,7118.496,193.45003,0.10702333,False,False,-617.9307772584092
1630.0,160.0,1630.0,160.0,7617.667,202.00827,0.1169008,False,False,-637.8339354159202
1650.0000000000002,160.0,1650.0000000000002,160.0,8138.434,210.39471,0.12736316,False,False,-657.7394246382634
1670.0,160.0,1670.0,160.0,8672.604,218.4049,0.13818893,False,False,-677.6471619503309
1690.0,160.0,1690.0,160.0,9223.25,225.9841,0.1494813,False,False,-697.5570682601515
1709.9999999999998,160.0,1709.9999999999998,160.0,9787.203,233.16574,0.16115525,False,False,-717.4690681348528
1730.0,160.0,1730.0,160.0,10360.516,239.81693,0.17310724,False,False,-737.38308959193
1750.0,160.0,1750.0,160.0,10952.74,246.13084,0.1856285,False,False,-757.2990639046048
-250.0,180.0,-250.0,180.0,17566.105,305.6154,0.35470575,False,False,-761.8768602951303
-229.99999999999997,180.0,-229.99999999999997,180.0,16716.945,299.0394,0.32932168,False,False,-742.0158464072714
-210.00000000000003,180.0,-210.00000000000003,180.0,15857.873,291.31546,0.30375963,False,False,-722.1580494904234
-190.00000000000003,180.0,-190.00000000000003,180.0,14987.072,282.06714,0.27791262,False,False,-702.3035821249028
-170.0,180.0,-170.0,180.0,14102.996,271.42673,0.25178218,False,False,-682.452562185898
-150.0,180.0,-150.0,180.0,13202.621,259.1231,0.22527196,False,False,-662.605113157213
-130.0,180.0,-130.0,180.0,12292.017,245.2033,0.19861002,False,False,-642.761364467501
-110.0,180.0,-110.0,180.0,11364.429,229.59132,0.17158337,False,False,-622.9214518508718
-90.0,180.0,-90.0,180.0,10423.032,212.01437,0.14428943,False,False,-603.0855177339599
-70.0,180.0,-70.0,180.0,9464.621,192.44644,0.11671518,False,False,-583.2537116517288
-50.0,180.0,-50.0,180.0,8491.867,170.43105,0.08889349,False,False,-563.4261906945245
-30.0,180.0,-30.0,180.0,7495.4316,145.64772,0.060687713,False,False,-543.6031199891399
-10.0,180.0,-10.0,180.0,6489.3867,119.57394,0.03254173,False,False,-523.7846732169297
10.0,180.0,10.0,180.0,5477.3447,93.14246,0.0043367846,False,False,-503.9710331723284
30.0,180.0,30.0,180.0,5159.9375,87.97621,0.0,False,False,-484.1623923654909
50.0,180.0,50.0,180.0,4973.6816,85.888,0.0,False,False,-464.3589536731334
70.0,180.0,70.0,180.0,4790.85,83.80546,0.0,False,False,-444.56093104212493
90.0,180.0,90.0,180.0,4611.4766,81.7288,0.0,False,False,-424.76855025084956
110.0,180.0,110.0,180.0,4435.62,79.659164,0.0,False,False,-404.98204973391864
130.0,180.0,130.0,180.0,4263.3438,77.597946,0.0,False,False,-385.20168147643415
150.0,180.0,150.0,180.0,4094.67,75.54512,0.0,False,False,-365.4277119846942
170.0,180.0,170.0,180.0,3929.6025,73.500206,0.0,False,False,-345.660423341035
190.00000000000003,180.0,190.00000000000003,180.0,3768.165,71.4635,0.0,False,False,-325.9001143513751
210.00000000000003,180.0,210.00000000000003,180.0,3610.433,69.43727,0.0,False,False,-306.1471017950491
229.99999999999997,180.0,229.99999999999997,180.0,3456.4634,67.42299,0.0,False,False,-286.40172178764703
250.0,180.0,250.0,180.0,3306.2466,65.41966,0.0,False,False,-266.66433126888023
270.0,180.0,270.0,180.0,3159.7737,63.42639,0.0,False,False,-246.93530962895414
290.0,180.0,290.0,180.0,3017.0781,61.444122,0.0,False,False,-227.215060488614
310.0,180.0,310.0,180.0,2878.1885,59.47351,0.0,False,False,-207.50401364992953
330.0,180.0,330.0,180.0,2743.1445,57.51577,0.0,False,False,-187.80262723707835
350.0,180.0,350.0,180.0,2611.986,55.572037,0.0,False,False,-168.1113900488782
370.0,180.0,370.0,180.0,2484.745,53.64309,0.0,False,False,-148.43082414768827
390.0,180.0,390.0,180.0,2361.4717,51.730537,0.0,False,False,-128.761487712597
410.0,180.0,410.0,180.0,2242.1902,49.83487,0.0,False,False,-109.10397818859701
430.0,180.0,430.0,180.0,2126.9072,47.955864,0.0,False,False,-89.45893576783698
450.0,180.0,450.0,180.0,2015.6357,46.093628,0.0,False,False,-69.82704724408839
470.00000000000006,180.0,470.00000000000006,180.0,1908.3623,44.247185,0.0,False,False,-50.20905028742795
490.0,180.0,490.0,180.0,1805.099,42.416866,0.0,False,False,-30.60573819295126
510.00000000000006,180.0,510.00000000000006,180.0,1705.8865,40.60436,0.0,False,False,-11.017965165236065
530.0,180.0,530.0,180.0,1610.7615,38.811234,0.0,False,True,8.553347790477062
550.0,180.0,550.0,180.0,1519.7805,37.0402,0.0,False,True,28.107206288632057
570.0,180.0,570.0,180.0,1432.969,35.292442,0.0,False,True,47.642535200829116
590.0,180.0,590.0,180.0,1350.331,33.568146,0.0,False,True,67.15817040115508
610.0,180.0,610.0,180.0,1271.8755,31.867714,0.0,False,True,86.65284949262747
630.0,180.0,630.0,180.0,1197.6422,30.193542,0.0,False,True,106.12520136735392
650.0,180.0,650.0,180.0,1127.6711,28.54818,0.0,False,True,125.5737344285855
670.0,180.0,670.0,180.0,1061.9922,26.933697,0.0,False,True,144.99682327386253
690.0,180.0,690.0,180.0,1000.60815,25.350851,0.0,False,True,164.39269360398552
710.0,180.0,710.0,180.0,943.5337,23.801413,0.0,False,True,183.75940508143074
730.0,180.0,730.0,180.0,890.7754,22.28708,0.0,False,True,203.0948318126955
750.0,180.0,750.0,180.0,842.3428,20.810081,0.0,False,True,222.39664007011083
770.0,180.0,770.0,180.0,798.26544,19.374498,0.0,False,True,209.24087106123136
789.9999999999999,180.0,789.9999999999999,180.0,758.5736,17.985115,0.0,False,True,189.753124041814
810.0,180.0,810.0,180.0,723.30566,16.648134,0.0,False,True,170.24099884363997
830.0,180.0,830.0,180.0,692.474,15.369041,0.0,False,True,150.70617569653788
850.0,180.0,850.0,180.0,666.08167,14.153838,0.0,False,True,131.1501855901676
869.9999999999999,180.0,869.9999999999999,180.0,644.13196,13.009947,0.0,False,True,111.57442630234915
890.0000000000001,180.0,890.0000000000001,180.0,626.63116,11.947172,0.0,False,True,91.98017642784906
910.0,180.0,910.0,180.0,613.56323,10.975663,0.0,False,True,72.36860768945496
930.0,180.0,930.0,180.0,604.91174,10.108036,0.0,False,True,52.740795769183336
950.0,180.0,950.0,180.0,600.6666,9.360058,0.0,False,True,33.097729860975086
969.9999999999999,180.0,969.9999999999999,180.0,600.84875,8.7518635,0.0,False,True,13.44032111584853
990.0,180.0,990.0,180.0,605.47327,8.302204,0.0,False,False,-6.2305898749054345
1010.0,180.0,1010.0,180.0,615.6168,8.018548,2.7586677e-05,False,False,-25.914226434159694
1030.0,180.0,1030.0,180.0,631.3844,8.055106,8.525819e-05,False,False,-45.60986988455695
1050.0,180.0,1050.0,180.0,652.56006,8.463199,0.00016707281,False,False,-65.31685427388217
1070.0,180.0,1070.0,180.0,683.9579,9.423215,0.00039693332,False,False,-85.03456166151702
1090.0,180.0,1090.0,180.0,724.0027,11.173662,0.00073516124,False,False,-104.76241789807462
1110.0,180.0,1110.0,180.0,772.43427,13.606192,0.0011754932,False,False,-124.49988883947883
1130.0,180.0,1130.0,180.0,829.2511,16.577549,0.0017178901,False,False,-144.24647694454356
1150.0,180.0,1150.0,180.0,896.0221,20.003023,0.002403845,False,False,-164.00171821179043
1170.0,180.0,1170.0,180.0,976.6976,23.900805,0.0033368627,False,False,-183.76517941693166
1190.0,180.0,1190.0,180.0,1069.7212,28.284649,0.004477307,False,False,-203.5364556173611
1210.0,180.0,1210.0,180.0,1179.5928,33.169018,0.0059457,False,False,-223.31516789419402
1230.0,180.0,1230.0,180.0,1303.945,38.569168,0.007682356,False,False,-243.10096130603964
1250.0,180.0,1250.0,180.0,1440.501,44.398117,0.009628711,False,False,-262.8935030318274
1270.0,180.0,1270.0,180.0,1591.4772,50.593414,0.0118456,False,False,-282.692480682724
1290.0,180.0,1290.0,180.0,1764.7048,57.224888,0.014545466,False,False,-302.4976007655446
1310.0,180.0,1310.0,180.0,1952.7117,64.247894,0.017530926,False,False,-322.3085872821064
1330.0,180.0,1330.0,180.0,2154.546,71.6146,0.02077895,False,False,-342.12518045076564
1350.0,180.0,1350.0,180.0,2374.5615,79.29448,0.024409764,False,False,-361.9471355379401
1370.0,180.0,1370.0,180.0,2614.2637,87.28022,0.028467521,False,False,-381.77422178878413
1390.0,180.0,1390.0,180.0,2869.9932,95.558,0.032857127,False,False,-401.60622144737937
1410.0,180.0,1410.0,180.0,3140.5552,104.08885,0.037548564,False,False,-421.44292885785603
1430.0,180.0,1430.0,180.0,3428.5762,112.84394,0.042617686,False,False,-441.28414963878663
1450.0,180.0,1450.0,180.0,3734.7734,121.80792,0.048088904,False,False,-461.12969992400065
1470.0,180.0,1470.0,180.0,4058.2686,130.9684,0.053942833,False,False,-480.979405663698
1490.0,180.0,1490.0,180.0,4403.0977,140.29648,0.06029664,False,False,-500.8331019803634
1510.0,180.0,1510.0,180.0,4767.585,149.72763,0.067111485,False,False,-520.6906325745548
1530.0,180.0,1530.0,180.0,5150.664,159.15038,0.074365586,False,False,-540.5518491761321
1550.0000000000002,180.0,1550.0000000000002,180.0,5556.625,168.69687,0.08218348,False,False,-560.4166110369373
1570.0,180.0,1570.0,180.0,5979.754,177.95233,0.09042051,False,False,-580.2847844613325
1590.0,180.0,1590.0,180.0,6421.3076,186.91127,0.09911964,False,False,-600.1562423713505
1609.9999999999998,180.0,1609.9999999999998,180.0,6885.6934,195.75903,0.10841093,False,False,-620.0308639035244
1630.0,180.0,1630.0,180.0,7375.742,204.471,0.11838677,False,False,-639.9085340347492
1650.0000000000002,180.0,1650.0000000000002,180.0,7886.4995,213.00879,0.12891915,False,False,-659.7891432347666
1670.0,180.0,1670.0,180.0,8410.064,221.15303,0.13979732,False,False,-679.6725871431015
1690.0,180.0,1690.0,180.0,8950.9,228.90617,0.15115958,False,False,-699.5587662684688
1709.9999999999998,180.0,1709.9999999999998,180.0,9503.49,236.21347,0.16285537,False,False,-719.4475857088519
1730.0,180.0,1730.0,180.0,10067.386,243.05101,0.17488,False,False,-739.3389548906216
1750.0,180.0,1750.0,180.0,10651.236,249.55345,0.18749419,False,False,-759.2327873252024
-250.0,200.0,-250.0,200.0,17315.914,306.976,0.3585708,False,False,-764.3291119373571
-229.99999999999997,200.0,-229.99999999999997,200.0,16459.41,300.36346,0.3332684,False,False,-744.4960170548624
-210.00000000000003,200.0,-210.00000000000003,200.0,15591.615,292.56195,0.30771142,False,False,-724.6667770357543
-190.00000000000003,200.0,-190.00000000000003,200.0,14713.596,283.2575,0.28190342,False,False,-704.8415263893334
-170.0,200.0,-170.0,200.0,13824.928,272.54126,0.2558698,False,False,-685.0204059275158
-150.0,200.0,-150.0,200.0,12917.912,260.15533,0.22936983,False,False,-665.2035631365753
-130.0,200.0,-130.0,200.0,12001.672,246.06528,0.20272279,False,False,-645.3911525753878
-110.0,200.0,-110.0,200.0,11070.235,230.30771,0.17576772,False,False,-625.5833363023808
-90.0,200.0,-90.0,200.0,10124.982,212.51578,0.14851438,False,False,-605.7802843336306
-70.0,200.0,-70.0,200.0,9163.007,192.70358,0.12097253,False,False,-585.9821751347688
-50.0,200.0,-50.0,200.0,8187.846,170.40132,0.093201526,False,False,-566.1891961496315
-30.0,200.0,-30.0,200.0,7190.4307,145.09666,0.065050095,False,False,-546.4015443688761
-10.0,200.0,-10.0,200.0,6182.491,118.4427,0.036923625,False,False,-526.6194269421118
10.0,200.0,10.0,200.0,5162.1265,89.934616,0.008529143,False,False,-506.8430618374555
30.0,200.0,30.0,200.0,4732.163,81.41729,0.0,False,False,-487.07267855283214
50.0,200.0,50.0,200.0,4561.8,79.454636,0.0,False,False,-467.3085188837797
70.0,200.0,70.0,200.0,4394.66,77.49965,0.0,False,False,-447.55083775303996
90.0,200.0,90.0,200.0,4230.7476,75.55176,0.0,False,False,-427.79990410776554
110.0,200.0,110.0,200.0,4070.087,73.61134,0.0,False,False,-408.05600189081986
130.0,200.0,130.0,200.0,3912.7314,71.679924,0.0,False,False,-388.3194310933552
150.0,200.0,150.0,200.0,3758.7437,69.75914,0.0,False,False,-368.59050889665093
170.0,200.0,170.0,200.0,3608.1184,67.848206,0.0,False,False,-348.8695709121066
190.00000000000003,200.0,190.00000000000003,200.0,3460.8428,65.94615,0.0,False,False,-329.15697252928965
210.00000000000003,200.0,210.00000000000003,200.0,3316.9438,64.05359,0.0,False,False,-309.45309038309716
229.99999999999997,200.0,229.99999999999997,200.0,3176.4595,62.171608,0.0,False,False,-289.7583239523829
250.0,200.0,250.0,200.0,3039.4126,60.300575,0.0,False,False,-270.07309730388226
270.0,200.0,270.0,200.0,2905.8452,58.44184,0.0,False,False,-250.39786099692807
290.0,200.0,290.0,200.0,2775.7712,56.595425,0.0,False,False,-230.7330941663629
310.0,200.0,310.0,200.0,2649.228,54.762524,0.0,False,False,-211.0793068032028
330.0,200.0,330.0,200.0,2526.2637,52.944702,0.0,False,False,-191.437042255084
350.0,200.0,350.0,200.0,2406.8887,51.141804,0.0,False,False,-171.80687997133703
370.0,200.0,370.0,200.0,2291.1157,49.35389,0.0,False,False,-152.18943852075623
390.0,200.0,390.0,200.0,2178.9497,47.580715,0.0,False,False,-132.5853789138336
410.0,200.0,410.0,200.0,2070.377,45.82128,0.0,False,False,-112.99540826546477
430.0,200.0,430.0,200.0,1965.4238,44.07659,0.0,False,False,-93.42028383903012
450.0,200.0,450.0,200.0,1864.1152,42.347538,0.0,False,False,-73.86081751837942
470.00000000000006,200.0,470.00000000000006,200.0,1766.4795,40.63522,0.0,False,False,-54.31788076075905
490.0,200.0,490.0,200.0,1672.5642,38.941734,0.0,False,False,-34.79241009125833
510.00000000000006,200.0,510.00000000000006,200.0,1582.3975,37.268253,0.0,False,False,-15.28541320807497
530.0,200.0,530.0,200.0,1495.988,35.61506,0.0,False,True,4.202024221926948
550.0,200.0,550.0,200.0,1413.3424,33.982403,0.0,False,True,23.668730986083407
570.0,200.0,570.0,200.0,1334.4968,32.372192,0.0,False,True,43.11344186212912
590.0,200.0,590.0,200.0,1259.4766,30.785772,0.0,False,True,62.53478814648411
610.0,200.0,610.0,200.0,1188.3105,29.224852,0.0,False,True,81.93128703447583
630.0,200.0,630.0,200.0,1121.0071,27.689978,0.0,False,True,101.30132969009553
650.0,200.0,650.0,200.0,1057.5767,26.18198,0.0,False,True,120.64316781672358
670.0,200.0,670.0,200.0,998.0277,24.701792,0.0,False,True,139.95489850937253
690.0,200.0,690.0,200.0,942.36115,23.250122,0.0,False,True,159.2344471324721
710.0,200.0,710.0,200.0,890.6062,21.829689,0.0,False,True,178.47954792393827
730.0,200.0,730.0,200.0,842.7876,20.443186,0.0,False,True,197.68772197487027
750.0,200.0,750.0,200.0,798.9361,19.094038,0.0,False,True,216.85625217301924
770.0,200.0,770.0,200.0,759.0753,17.785666,0.0,False,True,204.44987587204787
789.9999999999999,200.0,789.9999999999999,200.0,723.2149,16.520973,0.0,False,True,185.07669072482656
810.0,200.0,810.0,200.0,691.3534,15.302799,0.0,False,True,165.67392465535391
830.0,200.0,830.0,200.0,663.4958,14.135117,0.0,False,True,146.24359446034018
850.0,200.0,850.0,200.0,639.64087,13.022441,0.0,False,True,126.78754017135086
869.9999999999999,200.0,869.9999999999999,200.0,619.77747,11.969741,0.0,False,True,107.30744374112766
890.0000000000001,200.0,890.0000000000001,200.0,603.8919,10.983437,0.0,False,True,87.80484544150302
910.0,200.0,910.0,200.0,591.97974,10.07277,0.0,False,True,68.28115828861753
930.0,200.0,930.0,200.0,584.057,9.251353,0.0,False,True,48.73768076308205
950.0,200.0,950.0,200.0,580.14233,8.535457,0.0,True,True,29.17560805262004
969.9999999999999,200.0,969.9999999999999,200.0,580.22925,7.941044,0.0,True,True,9.596042011139783
990.0,200.0,990.0,200.0,584.3249,7.4855943,0.0,False,False,-10.000000000000064
1010.0,200.0,1010.0,200.0,593.96106,7.191861,3.8601895e-05,False,False,-29.61157724648772
1030.0,200.0,1030.0,200.0,608.37726,7.2534475,9.606342e-05,False,False,-49.237818609298934
1050.0,200.0,1050.0,200.0,628.6996,7.702584,0.00020165078,False,False,-68.87791632159745
1070.0,200.0,1070.0,200.0,658.774,8.807451,0.00045479517,False,False,-88.53112036358435
1090.0,200.0,1090.0,200.0,696.7554,10.735375,0.00080812257,False,False,-108.1967334368028
1110.0,200.0,1110.0,200.0,742.871,13.330979,0.00126793,False,False,-127.87410644982889
1130.0,200.0,1130.0,200.0,796.92957,16.431263,0.0018294776,False,False,-147.5626344561765
1150.0,200.0,1150.0,200.0,861.3582,19.975992,0.0025564563,False,False,-167.26175299287533
1170.0,200.0,1170.0,200.0,939.38446,23.997967,0.0035334164,False,False,-186.97093477473163
1190.0,200.0,1190.0,200.0,1029.2366,28.498936,0.0047155186,False,False,-206.68968670491262
1210.0,200.0,1210.0,200.0,1136.209,33.50973,0.0062440448,False,False,-226.41754716735852
1230.0,200.0,1230.0,200.0,1256.3679,39.01564,0.0080174785,False,False,-246.1540835707276
1250.0,200.0,1250.0,200.0,1387.8184,44.938354,0.009987221,False,False,-265.89889011721635
1270.0,200.0,1270.0,200.0,1536.1542,51.232315,0.012303242,False,False,-285.6515857727553
1290.0,200.0,1290.0,200.0,1704.4639,57.959934,0.015050696,False,False,-305.41181241782857
1310.0,200.0,1310.0,200.0,1887.0022,65.07331,0.018078713,False,False,-325.17923316055624
1330.0,200.0,1330.0,200.0,2083.1897,72.52623,0.021374065,False,False,-344.95353079576705
1350.0,200.0,1350.0,200.0,2298.1602,80.293,0.025077041,False,False,-364.73440639561824
1370.0,200.0,1370.0,200.0,2532.0994,88.368195,0.029196229,False,False,-384.52157801891997
1390.0,200.0,1390.0,200.0,2781.0762,96.73537,0.033628877,False,False,-404.31477952772394
1410.0,200.0,1410.0,200.0,3044.932,105.35613,0.038373105,False,False,-424.1137595009747
1430.0,200.0,1430.0,200.0,3326.2273,114.20442,0.04350225,False,False,-443.9182802361082
1450.0,200.0,1450.0,200.0,3625.6226,123.26556,0.049038537,False,False,-463.7281168304448
1470.0,200.0,1470.0,200.0,3941.9658,132.52754,0.05495461,False,False,-483.5430563350698
1490.0,200.0,1490.0,200.0,4280.788,141.95874,0.061407525,False,False,-503.36289697464593
1510.0,200.0,1510.0,200.0,4636.9653,151.48474,0.068263285,False,False,-523.1874474272693
1530.0,200.0,1530.0,200.0,5013.377,161.01543,0.075608,False,False,-543.0165261590689
1550.0000000000002,200.0,1550.0000000000002,200.0,5412.3213,170.65904,0.08351006,False,False,-562.8499608087785
1570.0,200.0,1570.0,200.0,5827.2207,179.97594,0.09180118,False,False,-582.6875876179733
1590.0,200.0,1590.0,200.0,6262.209,189.0478,0.10060218,False,False,-602.5292509030842
1609.9999999999998,200.0,1609.9999999999998,200.0,6719.7295,197.99782,0.1099876,False,False,-622.3748025656708
1630.0,200.0,1630.0,200.0,7202.915,206.82526,0.120055854,False,False,-642.2241016377759
1650.0000000000002,200.0,1650.0000000000002,200.0,7706.257,215.46349,0.13066366,False,False,-662.0770138594662
1670.0,200.0,1670.0,200.0,8222.197,223.69675,0.14161111,False,False,-681.9334112859523
1690.0,200.0,1690.0,200.0,8755.686,231.57732,0.15304628,False,False,-701.7931719218996
1709.9999999999998,200.0,1709.9999999999998,200.0,9299.355,238.96465,0.16476882,False,False,-721.6561793807728
1730.0,200.0,1730.0,200.0,9856.479,245.92407,0.17687695,False,False,-741.5223225672418
1750.0,200.0,1750.0,200.0,10434.912,252.56566,0.18960595,False,False,-761.3914953808539
-250.0,220.0,-250.0,220.0,17154.65,308.2514,0.36283937,False,False,-767.0043462357133
-229.99999999999997,220.0,-229.99999999999997,220.0,16292.629,301.64963,0.33764178,False,False,-747.2016191345853
-210.00000000000003,220.0,-210.00000000000003,220.0,15416.105,293.80292,0.31206703,False,False,-727.4034375898218
-190.00000000000003,220.0,-190.00000000000003,220.0,14531.664,284.52133,0.28631335,False,False,-707.6099597061823
-170.0,220.0,-170.0,220.0,13638.081,273.7942,0.26035556,False,False,-687.8213509664959
-150.0,220.0,-150.0,220.0,12725.63,261.4306,0.23390146,False,False,-668.037784664659
-130.0,220.0,-130.0,220.0,11804.102,247.26762,0.20727755,False,False,-648.2594423693134
-110.0,220.0,-110.0,220.0,10869.337,231.4523,0.18040054,False,False,-628.4865144207416
-90.0,220.0,-90.0,220.0,9919.922,213.57568,0.15317628,False,False,-608.7192004637826
-70.0,220.0,-70.0,220.0,8955.685,193.70168,0.12570533,False,False,-588.9577100198262
-50.0,220.0,-50.0,220.0,7977.87,171.29164,0.09797549,False,False,-569.2022631012438
-30.0,220.0,-30.0,220.0,6979.115,145.67548,0.069867425,False,False,-549.4530908719637
-10.0,220.0,-10.0,220.0,5967.9106,118.40014,0.04170481,False,False,-529.710436358234
10.0,220.0,10.0,220.0,4944.712,88.57804,0.013305753,False,False,-509.9745552140654
30.0,220.0,30.0,220.0,4377.0283,75.779106,0.0,False,False,-490.24571654627874
50.0,220.0,50.0,220.0,4220.1113,73.92868,0.0,False,False,-470.5242038045985
70.0,220.0,70.0,220.0,4066.2246,72.08754,0.0,False,False,-450.81031574281445
90.0,220.0,90.0,220.0,3915.3904,70.25588,0.0,False,False,-431.10436745765736
110.0,220.0,110.0,220.0,3767.5864,68.43232,0.0,False,False,-411.40669151276086
130.0,220.0,130.0,220.0,3622.8223,66.61687,0.0,False,False,-391.7176391558793
150.0,220.0,150.0,220.0,3481.1392,64.81072,0.0,False,False,-372.03758163842974
170.0,220.0,170.0,220.0,3342.5623,63.014442,0.0,False,False,-352.3669116474448
190.00000000000003,220.0,190.00000000000003,220.0,3207.1138,61.228436,0.0,False,False,-332.7060448611553
210.00000000000003,220.0,210.00000000000003,220.0,3074.8335,59.45383,0.0,False,False,-313.0554216407167
229.99999999999997,220.0,229.99999999999997,220.0,2945.727,57.690422,0.0,False,False,-293.41550887203175
250.0,220.0,250.0,220.0,2819.832,55.939438,0.0,False,False,-273.7868019732791
270.0,220.0,270.0,220.0,2697.1895,54.202206,0.0,False,False,-254.1698270856025
290.0,220.0,290.0,220.0,2577.8074,52.47852,0.0,False,False,-234.56514346653506
310.0,220.0,310.0,220.0,2461.7002,50.768517,0.0,False,False,-214.9733461081207
330.0,220.0,330.0,220.0,2348.8665,49.071705,0.0,False,False,-195.39506860442575
350.0,220.0,350.0,220.0,2239.2988,47.38735,0.0,False,False,-175.83098629624334
370.0,220.0,370.0,220.0,2133.0227,45.716465,0.0,False,False,-156.28181972433202
390.0,220.0,390.0,220.0,2030.0597,44.059727,0.0,False,False,-136.74833842659706
410.0,220.0,410.0,220.0,1930.4165,42.417156,0.0,False,False,-117.23136511926025
430.0,220.0,430.0,220.0,1834.1417,40.790897,0.0,False,False,-97.73178030740375
450.0,220.0,450.0,220.0,1741.2622,39.18198,0.0,False,False,-78.25052737639743
470.00000000000006,220.0,470.00000000000006,220.0,1651.7991,37.59119,0.0,False,False,-58.78861822277598
490.0,220.0,490.0,220.0,1565.7563,36.01864,0.0,False,False,-39.34713949128277
510.00000000000006,220.0,510.00000000000006,220.0,1483.1653,34.465805,0.0,False,False,-19.927259494189887
530.0,220.0,530.0,220.0,1404.0421,32.93347,0.0,False,False,-0.5302358999175749
550.0,220.0,550.0,220.0,1328.4067,31.422619,0.0,False,True,18.842575709401455
570.0,220.0,570.0,220.0,1256.2776,29.934189,0.0,False,True,38.18971229707774
590.0,220.0,590.0,220.0,1187.6592,28.468409,0.0,False,True,57.509592716300126
610.0,220.0,610.0,220.0,1122.5634,27.026016,0.0,False,True,76.80050578847747
630.0,220.0,630.0,220.0,1060.9971,25.607529,0.0,False,True,96.06059694079744
650.0,220.0,650.0,220.0,1002.9756,24.214237,0.0,False,True,115.28785320102897
670.0,220.0,670.0,220.0,948.5237,22.848202,0.0,False,True,134.48008631559455
690.0,220.0,690.0,220.0,897.65857,21.511086,0.0,False,True,153.63491371933534
710.0,220.0,710.0,220.0,850.4068,20.205332,0.0,False,True,172.7497370411456
730.0,220.0,730.0,220.0,806.78986,18.933287,0.0,False,True,191.8217177775004
750.0,220.0,750.0,220.0,766.8135,17.696419,0.0,False,True,210.84774970432562
770.0,220.0,770.0,220.0,730.4752,16.49602,0.0,False,True,199.18791217914296
789.9999999999999,220.0,789.9999999999999,220.0,697.7787,15.33422,0.0,False,True,179.93902665716377
810.0,220.0,810.0,220.0,668.71857,14.212808,0.0,False,True,160.65501729026803
830.0,220.0,830.0,220.0,643.2855,13.133915,0.0,False,True,141.33825053167766
850.0,220.0,850.0,220.0,621.47266,12.100725,0.0,False,True,121.99088842996625
869.9999999999999,220.0,869.9999999999999,220.0,603.27563,11.117706,0.0,False,True,102.61490986310685
890.0000000000001,220.0,890.0000000000001,220.0,588.7078,10.192357,0.0,False,True,83.21212922508614
910.0,220.0,910.0,220.0,577.78827,9.334611,0.0,True,True,63.784212908156505
930.0,220.0,930.0,220.0,570.5139,8.554564,0.0,True,True,44.3326938730193
950.0,220.0,950.0,220.0,566.88696,7.8652606,0.0,True,True,24.858984556592468
969.9999999999999,220.0,969.9999999999999,220.0,566.91833,7.282747,0.0,True,True,5.364388331083325
990.0,220.0,990.0,220.0,570.7817,6.8202567,3.9359147e-06,True,False,-14.149890302217749
1010.0,220.0,1010.0,220.0,580.0027,6.539225,5.07285e-05,True,False,-33.68273662666926
1030.0,220.0,1030.0,220.0,593.3029,6.6402755,0.00010796057,False,False,-53.23311759553023
1050.0,220.0,1050.0,220.0,613.2582,7.165917,0.00024181983,False,False,-72.80007457121285
1070.0,220.0,1070.0,220.0,642.6212,8.4558325,0.00052314426,False,False,-92.3827168167759
1090.0,220.0,1090.0,220.0,679.16846,10.574169,0.0008952265,False,False,-111.9802156513398
1110.0,220.0,1110.0,220.0,723.48,13.327607,0.0013735277,False,False,-131.59179919262414
1130.0,220.0,1130.0,220.0,775.5948,16.552187,0.0019590044,False,False,-151.21674761966526
1150.0,220.0,1150.0,220.0,838.7477,20.215452,0.0027364115,False,False,-170.85438889727027
1170.0,220.0,1170.0,220.0,914.87744,24.358429,0.0037568684,False,False,-190.50409491105924
1190.0,220.0,1190.0,220.0,1002.68536,28.972668,0.004988136,False,False,-210.16527796826168
1210.0,220.0,1210.0,220.0,1107.7573,34.106377,0.006578576,False,False,-229.83738762488437
1230.0,220.0,1230.0,220.0,1225.0032,39.714615,0.008396152,False,False,-249.5199078045935
1250.0,220.0,1250.0,220.0,1352.561,45.723976,0.010392918,False,False,-269.212354178764
1270.0,220.0,1270.0,220.0,1499.8868,52.115128,0.012820559,False,False,-288.91427178071086
1290.0,220.0,1290.0,220.0,1664.5709,58.934166,0.015617879,False,False,-308.62523283024007
1310.0,220.0,1310.0,220.0,1843.1433,66.132385,0.018694632,False,False,-328.3448347473634
1330.0,220.0,1330.0,220.0,2035.7275,73.66488,0.022056263,False,False,-348.0726983364066
1350.0,220.0,1350.0,220.0,2247.1084,81.51205,0.025833093,False,False,-367.8084661238211
1370.0,220.0,1370.0,220.0,2476.7527,89.66942,0.030014202,False,False,-387.55180083483737
1390.0,220.0,1390.0,220.0,2720.7615,98.116844,0.034497496,False,False,-407.302383995707
1410.0,220.0,1410.0,220.0,2979.6946,106.81765,0.039300524,False,False,-427.05991464969685
1430.0,220.0,1430.0,220.0,3255.9895,115.748055,0.04449266,False,False,-446.82410817624975
1450.0,220.0,1450.0,220.0,3550.3428,124.89394,0.05009671,False,False,-466.5946952038249
1470.0,220.0,1470.0,220.0,3861.6538,134.24199,0.056086574,False,False,-486.37142060791797
1490.0,220.0,1490.0,220.0,4196.3115,143.76097,0.06264146,False,False,-506.1540425866142
1510.0,220.0,1510.0,220.0,4546.5454,153.35281,0.06955549,False,False,-525.9423318068084
1530.0,220.0,1530.0,220.0,4918.2144,162.97931,0.07699454,False,False,-545.7360706149029
1550.0000000000002,220.0,1550.0000000000002,220.0,5312.1484,172.68042,0.084986895,False,False,-565.5350523063993
1570.0,220.0,1570.0,220.0,5721.249,182.03174,0.09334953,False,False,-585.339080449353
1590.0,220.0,1590.0,220.0,6151.7646,191.19498,0.102259606,False,False,-605.1479682571326
1609.9999999999998,220.0,1609.9999999999998,220.0,6605.43,200.22037,0.11177226,False,False,-624.9615380063616
1630.0,220.0,1630.0,220.0,7083.5107,209.12448,0.12193172,False,False,-644.7796204963145
1650.0000000000002,220.0,1650.0000000000002,220.0,7580.5146,217.84122,0.13259488,False,False,-664.6020545463713
1670.0,220.0,1670.0,220.0,8091.164,226.11787,0.14362732,False,False,-684.4286865284621
1690.0,220.0,1690.0,220.0,8618.988,234.0817,0.15513323,False,False,-704.2593699317014
1709.9999999999998,220.0,1709.9999999999998,220.0,9155.992,241.52133,0.16689764,False,False,-724.0939649566666
1730.0,220.0,1730.0,220.0,9708.836,248.56277,0.17911175,False,False,-743.9323381370048
1750.0,220.0,1750.0,220.0,10284.221,255.31287,0.19197522,False,False,-763.7743619862493
-250.0,240.0,-250.0,240.0,17063.285,309.48682,0.36749655,False,False,-769.9015520650115
-229.99999999999997,240.0,-229.99999999999997,240.0,16196.867,302.93002,0.34241384,False,False,-750.1316071349471
-210.00000000000003,240.0,-210.00000000000003,240.0,15313.993,295.09467,0.31687775,False,False,-730.3669496911257
-190.00000000000003,240.0,-190.00000000000003,240.0,14423.347,285.9058,0.29116678,False,False,-710.6077630111431
-170.0,240.0,-170.0,240.0,13524.595,275.20865,0.2652563,False,False,-690.8542388877298
-150.0,240.0,-150.0,240.0,12607.77,262.91653,0.23886652,False,False,-671.1065781257699
-130.0,240.0,-130.0,240.0,11681.584,248.79945,0.21227728,False,False,-651.3649910743043
-110.0,240.0,-110.0,240.0,10743.954,232.98087,0.18547028,False,False,-631.6296981963933
-90.0,240.0,-90.0,240.0,9790.351,215.15292,0.15827098,False,False,-611.9009306800058
-70.0,240.0,-70.0,240.0,8824.999,195.2944,0.13089132,False,False,-592.1789310933889
-50.0,240.0,-50.0,240.0,7844.4736,172.96347,0.10320156,False,False,-572.4639540887106
-30.0,240.0,-30.0,240.0,6845.001,147.3198,0.07515259,False,False,-552.756267158152
-10.0,240.0,-10.0,240.0,5831.299,119.46611,0.04697135,False,False,-533.0561514470158
10.0,240.0,10.0,240.0,4806.0483,88.95517,0.01859648,False,False,-513.3639026288923
30.0,240.0,30.0,240.0,4080.764,70.9015,6.961927e-05,False,False,-493.67983184843496
50.0,240.0,50.0,240.0,3932.9937,69.141106,0.0,False,False,-474.00426673784943
70.0,240.0,70.0,240.0,3790.4175,67.401054,0.0,False,False,-454.3375525138591
90.0,240.0,90.0,240.0,3650.661,65.66962,0.0,False,False,-434.6800531625923
110.0,240.0,110.0,240.0,3513.7468,63.947327,0.0,False,False,-415.0321527206492
130.0,240.0,130.0,240.0,3379.7048,62.234905,0.0,False,False,-395.3942566614825
150.0,240.0,150.0,240.0,3248.5586,60.532795,0.0,False,False,-375.7667933972196
170.0,240.0,170.0,240.0,3120.3196,58.841003,0.0,False,False,-356.1502159071777
190.00000000000003,240.0,190.00000000000003,240.0,2995.019,57.160458,0.0,False,False,-336.54500350556873
210.00000000000003,240.0,210.00000000000003,240.0,2872.699,55.49258,0.0,False,False,-316.9516637623103
229.99999999999997,240.0,229.99999999999997,240.0,2753.3633,53.837162,0.0,False,False,-297.37073459244255
250.0,240.0,250.0,240.0,2637.0264,52.19433,0.0,False,False,-277.8027865314548
270.0,240.0,270.0,240.0,2523.689,50.563675,0.0,False,False,-258.24842521585015
290.0,240.0,290.0,240.0,2413.346,48.944603,0.0,False,False,-238.70829409057538
310.0,240.0,310.0,240.0,2306.0156,47.337738,0.0,False,False,-219.18307736754616
330.0,240.0,330.0,240.0,2201.7188,45.743797,0.0,False,False,-199.67350326245707
350.0,240.0,350.0,240.0,2100.4556,44.16249,0.0,False,False,-180.18034754042296
370.0,240.0,370.0,240.0,2002.258,42.595062,0.0,False,False,-160.7044374048242
390.0,240.0,390.0,240.0,1907.1616,41.043015,0.0,False,False,-141.24665576809736
410.0,240.0,410.0,240.0,1815.1849,39.507023,0.0,False,False,-121.80794594818367
430.0,240.0,430.0,240.0,1726.3401,37.98744,0.0,False,False,-102.3893168400622
450.0,240.0,450.0,240.0,1640.6532,36.48552,0.0,False,False,-82.99184861831537
470.00000000000006,240.0,470.00000000000006,240.0,1558.1365,35.001705,0.0,False,False,-63.61669903416445
490.0,240.0,490.0,240.0,1478.8033,33.53653,0.0,False,False,-44.26511037904013
510.00000000000006,240.0,510.00000000000006,240.0,1402.6685,32.090687,0.0,False,False,-24.9384171966458
530.0,240.0,530.0,240.0,1329.7493,30.665005,0.0,False,False,-5.6380548369188705
550.0,240.0,550.0,240.0,1260.0458,29.25938,0.0,False,True,13.634431041513572
570.0,240.0,570.0,240.0,1193.5771,27.874838,0.0,False,True,32.877373898524134
590.0,240.0,590.0,240.0,1130.3469,26.51161,0.0,False,True,52.088974529765466
610.0,240.0,610.0,240.0,1070.3843,25.171595,0.0,False,True,71.26728791398318
630.0,240.0,630.0,240.0,1013.6939,23.855349,0.0,False,True,90.41020850645836
650.0,240.0,650.0,240.0,960.29944,22.564688,0.0,False,True,109.51545376694988
670.0,240.0,670.0,240.0,910.22144,21.30133,0.0,False,True,128.5805456782035
690.0,240.0,690.0,240.0,863.478,20.066895,0.0,False,True,147.60278997341035
710.0,240.0,710.0,240.0,820.073,18.86218,0.0,False,True,166.57925274701086
730.0,240.0,730.0,240.0,780.0033,17.687658,0.0,False,True,185.50673407182356
750.0,240.0,750.0,240.0,743.27295,16.544535,0.0,False,True,204.38173818535083
770.0,240.0,770.0,240.0,709.8742,15.433339,0.0,False,True,193.4641979428316
789.9999999999999,240.0,789.9999999999999,240.0,679.79895,14.354769,0.0,False,True,174.34874190127957
810.0,240.0,810.0,240.0,653.04486,13.310483,0.0,False,True,155.19232958027652
830.0,240.0,830.0,240.0,629.6075,12.302455,0.0,False,True,135.99768518828603
850.0,240.0,850.0,240.0,609.4971,11.334629,0.0,False,True,116.76730132993835
869.9999999999999,240.0,869.9999999999999,240.0,592.73193,10.412679,0.0,False,True,97.50346261052056
890.0000000000001,240.0,890.0000000000001,240.0,579.3131,9.542022,0.0,True,True,78.20826647230106
910.0,240.0,910.0,240.0,569.2404,8.729565,0.0,True,True,58.88364162554266
930.0,240.0,930.0,240.0,562.5183,7.9846616,0.0,True,True,39.5313643850726
950.0,240.0,950.0,240.0,559.1633,7.320157,0.0,True,True,20.15307317928483
969.9999999999999,240.0,969.9999999999999,240.0,559.18384,6.7501173,0.0,True,True,0.7502814611354824
990.0,240.0,990.0,240.0,563.0459,6.278537,1.197774e-05,True,False,-18.675610780978737
1010.0,240.0,1010.0,240.0,571.84436,6.031228,6.395305e-05,True,False,-38.123306741545015
1030.0,240.0,1030.0,240.0,584.244,6.1864033,0.000121634424,False,False,-57.59160359753235
1050.0,240.0,1050.0,240.0,604.4509,6.830695,0.0002929531,False,False,-77.07938426097444
1070.0,240.0,1070.0,240.0,633.3639,8.341892,0.00060160493,False,False,-96.58560997306547
1090.0,240.0,1090.0,240.0,669.08234,10.650983,0.0009990021,False,False,-116.1093136427096
1110.0,240.0,1110.0,240.0,711.9535,13.550311,0.0014941934,False,False,-135.64959384486204
1130.0,240.0,1130.0,240.0,762.8856,16.892748,0.0021110743,False,False,-155.2056094046635
1150.0,240.0,1150.0,240.0,825.44214,20.67445,0.0029429556,False,False,-174.7765745025734
1170.0,240.0,1170.0,240.0,900.1204,24.937233,0.0040034894,False,False,-194.36175424366314
1190.0,240.0,1190.0,240.0,987.8883,29.668606,0.0053196168,False,False,-213.9604606411199
1210.0,240.0,1210.0,240.0,1091.0881,34.919186,0.006954424,False,False,-233.57204896998223
1230.0,240.0,1230.0,240.0,1206.1709,40.62756,0.008815874,False,False,-253.1959144523254
1250.0,240.0,1250.0,240.0,1331.6758,46.719807,0.010866615,False,False,-272.83148923964023
1270.0,240.0,1270.0,240.0,1478.6014,53.209167,0.013398739,False,False,-292.4782396620844
1290.0,240.0,1290.0,240.0,1640.8269,60.11829,0.01625264,False,False,-312.13566371774226
1310.0,240.0,1310.0,240.0,1816.4281,67.39813,0.019379072,False,False,-331.8032887780387
1330.0,240.0,1330.0,240.0,2007.0417,75.00626,0.022823598,False,False,-351.48066948809907
1350.0,240.0,1350.0,240.0,2216.061,82.93006,0.026679007,False,False,-371.1673858431727
1370.0,240.0,1370.0,240.0,2442.607,91.16536,0.030924736,False,False,-390.8630414242806
1390.0,240.0,1390.0,240.0,2682.8948,99.68705,0.03546179,False,False,-410.56726177804086
1410.0,240.0,1410.0,240.0,2938.5176,108.460236,0.040335525,False,False,-430.27969292722605
1430.0,240.0,1430.0,240.0,3211.4543,117.46388,0.045602344,False,False,-450.00000000000006
1450.0,240.0,1450.0,240.0,3501.832,126.686806,0.051269233,False,False,-469.7278659670301
1470.0,240.0,1470.0,240.0,3810.353,136.10806,0.057358857,False,False,-489.46299047676916
1490.0,240.0,1490.0,240.0,4141.5396,145.70819,0.06399851,False,False,-509.20508878018296
1510.0,240.0,1510.0,240.0,4488.216,155.342,0.07099974,False,False,-528.953890737062
1530.0,240.0,1530.0,240.0,4856.626,165.05649,0.078536466,False,False,-548.7091398968367
1550.0000000000002,240.0,1550.0000000000002,240.0,5246.597,174.78062,0.08661057,False,False,-568.4705926475004
1570.0,240.0,1570.0,240.0,5652.1963,184.15936,0.095070094,False,False,-588.2380174268593
1590.0,240.0,1590.0,240.0,6079.7,193.38553,0.10409133,False,False,-608.0111939908877
1609.9999999999998,240.0,1609.9999999999998,240.0,6531.356,202.45946,0.11374341,False,False,-627.7899127344411
1630.0,240.0,1630.0,240.0,7006.65,211.42691,0.12402035,False,False,-647.573974060042
1650.0000000000002,240.0,1650.0000000000002,240.0,7498.253,220.18198,0.13472816,False,False,-667.3631877908307
1670.0,240.0,1670.0,240.0,8005.5186,228.47932,0.14586098,False,False,-687.1573726241426
1690.0,240.0,1690.0,240.0,8528.702,236.49547,0.1574296,False,False,-706.9563556224865
1709.9999999999998,240.0,1709.9999999999998,240.0,9060.884,243.95811,0.16925053,False,False,-726.759971738979
1730.0,240.0,1730.0,240.0,9611.125,251.06131,0.1815807,False,False,-746.5680633745714
1750.0,240.0,1750.0,240.0,10185.892,257.88333,0.19461101,False,False,-766.3804799646086
-250.0,260.0,-250.0,260.0,17028.436,310.711,0.37252027,False,False,-773.0196412866874
-229.99999999999997,260.0,-229.99999999999997,260.0,16160.417,304.21445,0.34761077,False,False,-753.2848561140859
-210.00000000000003,260.0,-210.00000000000003,260.0,15272.432,296.46283,0.32213145,False,False,-733.556149932735
-190.00000000000003,260.0,-190.00000000000003,260.0,14376.137,287.41367,0.2964573,False,False,-713.8337326766045
-170.0,260.0,-170.0,260.0,13471.691,276.80096,0.270564,False,False,-694.1178239871159
-150.0,260.0,-150.0,260.0,12551.998,264.58636,0.24426281,False,False,-674.408653776448
-130.0,260.0,-130.0,260.0,11621.408,250.6408,0.21771094,False,False,-654.7064628302127
-110.0,260.0,-110.0,260.0,10681.243,234.90338,0.1909715,False,False,-635.0115034527096
-90.0,260.0,-90.0,260.0,9725.319,217.2527,0.16384816,False,False,-615.3240401582917
-70.0,260.0,-70.0,260.0,8757.594,197.4169,0.1365102,False,False,-595.6443504126862
-50.0,260.0,-50.0,260.0,7775.5107,175.30293,0.108887196,False,False,-575.9727254285017
-30.0,260.0,-30.0,260.0,6776.5806,149.87569,0.08093005,False,False,-556.3094710195514
-10.0,260.0,-10.0,260.0,5761.04,121.67921,0.0527478,False,False,-536.6549085190769
10.0,260.0,10.0,260.0,4734.41,90.9588,0.024414968,False,False,-517.0093757674632
30.0,260.0,30.0,260.0,3861.031,67.09655,0.0010891617,False,False,-497.37322817559595
50.0,260.0,50.0,260.0,3688.8445,64.95154,0.0,False,False,-477.74683987062633
70.0,260.0,70.0,260.0,3556.0503,63.30325,0.0,False,False,-458.1306049316155
90.0,260.0,90.0,260.0,3425.9229,61.664516,0.0,False,False,-438.52493872329364
110.0,260.0,110.0,260.0,3298.4702,60.0352,0.0,False,False,-418.93027933703337
130.0,260.0,130.0,260.0,3173.7202,58.416054,0.0,False,False,-399.3470891491105
150.0,260.0,150.0,260.0,3051.713,56.808437,0.0,False,False,-379.77585650739115
170.0,260.0,170.0,260.0,2932.46,55.212456,0.0,False,False,-360.21709755881307
190.00000000000003,260.0,190.00000000000003,260.0,2815.9722,53.628166,0.0,False,False,-340.6713582313668
210.00000000000003,260.0,210.00000000000003,260.0,2702.2527,52.055378,0.0,False,False,-321.139216385826
229.99999999999997,260.0,229.99999999999997,260.0,2591.2969,50.493465,0.0,False,False,-301.6212841541779
250.0,260.0,250.0,260.0,2483.1128,48.942566,0.0,False,False,-282.11821048364646
270.0,260.0,270.0,260.0,2377.7246,47.403538,0.0,False,False,-262.6306839073743
290.0,260.0,290.0,260.0,2275.1357,45.876335,0.0,False,False,-243.15943556529413
310.0,260.0,310.0,260.0,2175.3574,44.361187,0.0,False,False,-223.70524250149276
330.0,260.0,330.0,260.0,2078.4224,42.8594,0.0,False,False,-204.26893126753626
350.0,260.0,350.0,260.0,1984.3511,41.37182,0.0,False,False,-184.85138186477656
370.0,260.0,370.0,260.0,1893.1632,39.899117,0.0,False,False,-165.4535320627274
390.0,260.0,390.0,260.0,1804.8799,38.44218,0.0,False,False,-146.07638213519752
410.0,260.0,410.0,260.0,1719.5183,37.001747,0.0,False,False,-126.72100006111525
430.0,260.0,430.0,260.0,1637.082,35.577805,0.0,False,False,-107.38852724296194
450.0,260.0,450.0,260.0,1557.5841,34.170887,0.0,False,False,-88.08018480255075
470.00000000000006,260.0,470.00000000000006,260.0,1481.0411,32.78171,0.0,False,False,-68.79728052169438
490.0,260.0,490.0,260.0,1407.4651,31.410776,0.0,False,False,-49.54121650423332
510.00000000000006,260.0,510.00000000000006,260.0,1336.8612,30.058264,0.0,False,False,-30.313497646130283
530.0,260.0,530.0,260.0,1269.2415,28.724718,0.0,False,False,-11.115741012085568
550.0,260.0,550.0,260.0,1204.6221,27.411085,0.0,False,True,8.050313769374762
570.0,260.0,570.0,260.0,1143.0228,26.118505,0.0,False,True,27.18279296485926
590.0,260.0,590.0,260.0,1084.4468,24.847305,0.0,False,True,46.27967590374343
610.0,260.0,610.0,260.0,1028.9202,23.599295,0.0,False,True,65.33878068848648
630.0,260.0,630.0,260.0,976.4586,22.375664,0.0,False,True,84.35774825781355
650.0,260.0,650.0,260.0,927.0737,21.17741,0.0,False,True,103.33402458545454
670.0,260.0,670.0,260.0,880.77014,20.005083,0.0,False,True,122.26484076531685
690.0,260.0,690.0,260.0,837.5441,18.858755,0.0,False,True,141.14719069717708
710.0,260.0,710.0,260.0,797.40045,17.73912,0.0,False,True,159.97780604440703
730.0,260.0,730.0,260.0,760.333,16.64632,0.0,False,True,178.7531280859669
750.0,260.0,750.0,260.0,726.3331,15.580332,0.0,False,True,197.46927602788895
770.0,260.0,770.0,260.0,695.3989,14.541846,0.0,False,True,187.28848906884542
789.9999999999999,260.0,789.9999999999999,260.0,667.52814,13.531825,0.0,False,True,168.31496346273016
810.0,260.0,810.0,260.0,642.7272,12.552283,0.0,False,True,149.29441050384528
830.0,260.0,830.0,260.0,621.01245,11.606554,0.0,False,True,130.22991543741858
850.0,260.0,850.0,260.0,602.3894,10.697673,0.0,False,True,111.12430565348447
869.9999999999999,260.0,869.9999999999999,260.0,586.8576,9.828971,0.0,False,True,91.98017642784906
890.0000000000001,260.0,890.0000000000001,260.0,574.4176,9.005041,0.0,True,True,72.79991371872686
910.0,260.0,910.0,260.0,565.079,8.232612,0.0,True,True,53.58571439353249
930.0,260.0,930.0,260.0,558.85626,7.5206733,0.0,True,True,34.339604208601656
950.0,260.0,950.0,260.0,555.7494,6.878717,0.0,True,True,15.063453820501172
969.9999999999999,260.0,969.9999999999999,260.0,555.7557,6.318083,0.0,True,False,-4.2410069301094255
990.0,260.0,990.0,260.0,559.7245,5.845189,2.1661283e-05,True,False,-23.572176253340903
1010.0,260.0,1010.0,260.0,568.18616,5.6523733,7.826113e-05,True,False,-42.92856898255509
1030.0,260.0,1030.0,260.0,580.3507,5.8713856,0.00014965094,True,False,-62.30880632704922
1050.0,260.0,1050.0,260.0,601.07666,6.6898813,0.00036076,False,False,-81.71160666787713
1070.0,260.0,1070.0,260.0,629.42456,8.442813,0.00068774994,False,False,-101.13577727726214
1090.0,260.0,1090.0,260.0,664.63245,10.936033,0.0011112964,False,False,-120.58020685714432
1110.0,260.0,1110.0,260.0,706.69446,13.967071,0.0016316258,False,False,-140.04385880544083
1130.0,260.0,1130.0,260.0,757.10144,17.423603,0.0022878102,False,False,-159.52576512986556
1150.0,260.0,1150.0,260.0,819.69293,21.325289,0.003180014,False,False,-179.02502093891138
1170.0,260.0,1170.0,260.0,893.3752,25.706089,0.004280781,False,False,-198.54077944807545
1190.0,260.0,1190.0,260.0,981.9633,30.560217,0.005691177,False,False,-218.07224744675963
1210.0,260.0,1210.0,260.0,1084.1387,35.92528,0.007378166,False,False,-237.61868117768807
1230.0,260.0,1230.0,260.0,1197.5144,41.731304,0.009280004,False,False,-257.17938258627186
1250.0,260.0,1250.0,260.0,1322.7212,47.907234,0.011414453,False,False,-276.75369590222857
1270.0,260.0,1270.0,260.0,1469.6162,54.496178,0.014042892,False,False,-296.3410045200299
1290.0,260.0,1290.0,260.0,1630.1454,61.494072,0.016954819,False,False,-315.94072814849847
1310.0,260.0,1310.0,260.0,1803.5308,68.8544,0.020131255,False,False,-335.55232020314344
1330.0,260.0,1330.0,260.0,1993.3019,76.537025,0.023667749,False,False,-355.17526541772463
1350.0,260.0,1350.0,260.0,2201.6357,84.5354,0.027624615,False,False,-374.8090776540575
1370.0,260.0,1370.0,260.0,2425.4849,92.84667,0.031923104,False,False,-394.45329789132774
1390.0,260.0,1390.0,260.0,2663.138,101.43876,0.03651969,False,False,-414.1074923781431
1410.0,260.0,1410.0,260.0,2916.8813,110.278465,0.041478105,False,False,-433.77125093230956
1430.0,260.0,1430.0,260.0,3187.9841,119.34885,0.04683538,False,False,-453.4441853748635
1450.0,260.0,1450.0,260.0,3475.5686,128.64198,0.052571084,False,False,-473.12592808625834
1470.0,260.0,1470.0,260.0,3783.0479,138.12671,0.0587808,False,False,-492.81613067383483
1490.0,260.0,1490.0,260.0,4111.1133,147.79361,0.065487534,False,False,-512.51446274077
1510.0,260.0,1510.0,260.0,4456.207,157.46504,0.07260135,False,False,-532.220610747682
1530.0,260.0,1530.0,260.0,4823.4814,167.25336,0.08026502,False,False,-551.9342769589182
1550.0000000000002,260.0,1550.0000000000002,260.0,5209.927,176.98093,0.088403955,False,False,-571.6551784663202
1570.0,260.0,1570.0,260.0,5613.745,186.3733,0.09697802,False,False,-591.383046283955
1590.0,260.0,1590.0,260.0,6039.7266,195.63713,0.10612172,False,False,-611.117624507907
1609.9999999999998,260.0,1609.9999999999998,260.0,6490.9844,204.74342,0.11592762,False,False,-630.8586695357756
1630.0,260.0,1630.0,260.0,6964.1494,213.7597,0.12631051,False,False,-650.6059493410293
1650.0000000000002,260.0,1650.0000000000002,260.0,7452.222,222.51591,0.13708626,False,False,-670.3592427977884
1670.0,260.0,1670.0,260.0,7956.883,230.8287,0.14831167,False,False,-690.1183390520321
1690.0,260.0,1690.0,260.0,8476.598,238.8791,0.15994728,False,False,-709.8830369355678
1709.9999999999998,260.0,1709.9999999999998,260.0,9005.729,246.33716,0.17184584,False,False,-729.6531444194236
1730.0,260.0,1730.0,260.0,9554.82,253.46542,0.18430433,False,False,-749.4284781036348
1750.0,260.0,1750.0,260.0,10130.84,260.3359,0.19752549,False,False,-769.2088627406321
-250.0,280.0,-250.0,280.0,17041.723,311.947,0.3779266,False,False,-776.3574507329912
-229.99999999999997,280.0,-229.99999999999997,280.0,16173.531,305.56052,0.35321233,False,False,-756.6601637952708
-210.00000000000003,280.0,-210.00000000000003,280.0,15281.545,297.92126,0.327802,False,False,-736.9697951766015
-190.00000000000003,280.0,-190.00000000000003,280.0,14380.523,289.0415,0.30217296,False,False,-717.2865828528621
-170.0,280.0,-170.0,280.0,13471.43,278.5886,0.27631855,False,False,-697.6107757483982
-150.0,280.0,-150.0,280.0,12550.076,266.50998,0.25012937,False,False,-677.9426343673653
-130.0,280.0,-130.0,280.0,11615.116,252.76878,0.22359997,False,False,-658.2824314688711
-110.0,280.0,-110.0,280.0,10672.494,237.20753,0.19692156,False,False,-638.6304527894406
-90.0,280.0,-90.0,280.0,9714.592,219.74785,0.16987398,False,False,-618.9869978167036
-70.0,280.0,-70.0,280.0,8745.516,200.0919,0.14260048,False,False,-599.3523806185304
-50.0,280.0,-50.0,280.0,7761.964,178.25145,0.11503862,False,False,-579.7269307322632
-30.0,280.0,-30.0,280.0,6763.9404,153.24153,0.08718374,False,False,-560.1109941191341
-10.0,280.0,-10.0,280.0,5747.383,124.93217,0.059022374,False,False,-540.5049341894396
10.0,280.0,10.0,280.0,4720.5146,94.47572,0.03075879,False,False,-520.9091329046013
30.0,280.0,30.0,280.0,3747.4797,65.71807,0.0042632227,False,False,-501.32399196284166
50.0,280.0,50.0,280.0,3479.3833,61.263725,0.0,False,False,-481.74993407587476
70.0,280.0,70.0,280.0,3355.1528,59.69883,0.0,False,False,-462.18740434476325
90.0,280.0,90.0,280.0,3233.4546,58.14426,0.0,False,False,-442.6368717439231
110.0,280.0,110.0,280.0,3114.3086,56.60049,0.0,False,False,-423.09883072318934
130.0,280.0,130.0,280.0,2997.7256,55.06765,0.0,False,False,-403.5738029388855
150.0,280.0,150.0,280.0,2883.7148,53.54581,0.0,False,False,-384.06233912600266
170.0,280.0,170.0,280.0,2772.272,52.03438,0.0,False,False,-364.5650211248853
190.00000000000003,280.0,190.00000000000003,280.0,2663.3936,50.532963,0.0,False,False,-345.0824640772679
210.00000000000003,280.0,210.00000000000003,280.0,2557.1028,49.042385,0.0,False,False,-325.61531880813425
229.99999999999997,280.0,229.99999999999997,280.0,2453.4106,47.563004,0.0,False,False,-306.16427441168673
250.0,280.0,250.0,280.0,2352.3174,46.094532,0.0,False,False,-286.7300610617694
270.0,280.0,270.0,280.0,2253.8433,44.63771,0.0,False,False,-267.31345306938204
290.0,280.0,290.0,280.0,2158.0125,43.193428,0.0,False,False,-247.9152722125238
310.0,280.0,310.0,280.0,2064.8428,41.762356,0.0,False,False,-228.5363913665212
330.0,280.0,330.0,280.0,1974.3555,40.34535,0.0,False,False,-209.17773846630615
350.0,280.0,350.0,280.0,1886.5759,38.9435,0.0,False,False,-189.84030083583374
370.0,280.0,370.0,280.0,1801.5077,37.5568,0.0,False,False,-170.52512992405406
390.0,280.0,390.0,280.0,1719.1525,36.185207,0.0,False,False,-151.23334649164
410.0,280.0,410.0,280.0,1639.529,34.829506,0.0,False,False,-131.9661462980935
430.0,280.0,430.0,280.0,1562.6511,33.490234,0.0,False,False,-112.72480634502486
450.0,280.0,450.0,280.0,1488.526,32.167625,0.0,False,False,-93.51069173839815
470.00000000000006,280.0,470.00000000000006,280.0,1417.1616,30.862005,0.0,False,False,-74.32526324051703
490.0,280.0,490.0,280.0,1348.5692,29.573856,0.0,False,False,-55.170085591618175
510.00000000000006,280.0,510.00000000000006,280.0,1282.7705,28.30442,0.0,False,False,-36.04683669129538
530.0,280.0,530.0,280.0,1219.7761,27.054188,0.0,False,False,-16.957317741829293
550.0,280.0,550.0,280.0,1159.5925,25.823599,0.0,False,True,2.096535530979937
570.0,280.0,570.0,280.0,1102.2434,24.614197,0.0,False,True,21.112640448407326
590.0,280.0,590.0,280.0,1047.7446,23.427052,0.0,False,True,40.08875359202835
610.0,280.0,610.0,280.0,996.0992,22.262491,0.0,False,True,59.022455490503056
630.0,280.0,630.0,280.0,947.31287,21.121025,0.0,False,True,77.91113358758179
650.0,280.0,650.0,280.0,901.38367,20.002611,0.0,False,True,96.75196327234953
670.0,280.0,670.0,280.0,858.3152,18.90763,0.0,False,True,115.54188672217403
690.0,280.0,690.0,280.0,818.1051,17.836138,0.0,False,True,134.27758927379725
710.0,280.0,710.0,280.0,780.7457,16.787895,0.0,False,True,152.95547299790385
730.0,280.0,730.0,280.0,746.2318,15.762915,0.0,False,True,171.57162710659102
750.0,280.0,750.0,280.0,714.5627,14.761633,0.0,False,True,190.12179477069657
770.0,280.0,770.0,280.0,685.74304,13.785173,0.0,False,True,180.67100624962617
789.9999999999999,280.0,789.9999999999999,280.0,659.78625,12.835532,0.0,False,True,161.8472692879895
810.0,280.0,810.0,280.0,636.70026,11.914603,0.0,False,True,142.9702455573668
830.0,280.0,830.0,280.0,616.4868,11.02415,0.0,False,True,124.04338006953786
850.0,280.0,850.0,280.0,599.1449,10.166252,0.0,False,True,105.06983512678481
869.9999999999999,280.0,869.9999999999999,280.0,584.6771,9.344001,0.0,False,True,86.05251792020351
890.0000000000001,280.0,890.0000000000001,280.0,573.0978,8.5623865,0.0,True,True,66.99410505613623
910.0,280.0,910.0,280.0,564.4137,7.8269563,0.0,True,True,47.897064388518814
930.0,280.0,930.0,280.0,558.623,7.143811,0.0,True,True,28.763674484937717
950.0,280.0,950.0,280.0,555.7229,6.5207663,0.0,True,True,9.596042011139783
969.9999999999999,280.0,969.9999999999999,280.0,555.7152,5.9681306,0.0,True,False,-9.60388271836593
990.0,280.0,990.0,280.0,560.07623,5.5079417,3.728611e-05,True,False,-28.83429180796654
1010.0,280.0,1010.0,280.0,568.0884,5.392906,9.363721e-05,True,False,-48.09350727881151
1030.0,280.0,1030.0,280.0,580.79626,5.6951075,0.00019602539,True,False,-67.37996983267396
1050.0,280.0,1050.0,280.0,602.04565,6.7502666,0.00044309132,False,False,-86.6922287382017
1070.0,280.0,1070.0,280.0,630.0375,8.737345,0.00078906084,False,False,-106.02893271378761
1090.0,280.0,1090.0,280.0,664.9493,11.403022,0.0012389594,False,False,-125.38882169675031
1110.0,280.0,1110.0,280.0,706.6236,14.556004,0.0017889675,False,False,-144.7707194019247
1130.0,280.0,1130.0,280.0,757.42456,18.123669,0.0025008144,False,False,-164.1735265844177
1150.0,280.0,1150.0,280.0,820.51825,22.150377,0.0034572282,False,False,-183.59621493142686
1170.0,280.0,1170.0,280.0,894.2092,26.648563,0.0046153003,False,False,-203.0378215168467
1190.0,280.0,1190.0,280.0,983.7418,31.632715,0.0061128065,False,False,-222.49744376010872
1210.0,280.0,1210.0,280.0,1085.3468,37.110508,0.007852443,False,False,-241.97423483742202
1230.0,280.0,1230.0,280.0,1197.236,43.011196,0.009788331,False,False,-261.4673994994877
1250.0,280.0,1250.0,280.0,1324.6414,49.27638,0.012058901,False,False,-280.9761902549167
1270.0,280.0,1270.0,280.0,1471.0026,55.96585,0.014756387,False,False,-300.4999038831184
1290.0,280.0,1290.0,280.0,1630.5908,63.052353,0.01773164,False,False,-320.0378782444086
1310.0,280.0,1310.0,280.0,1802.8514,70.49081,0.02097153,False,False,-339.589489358587
1330.0,280.0,1330.0,280.0,1992.7031,78.24847,0.02460809,False,False,-359.15414872633204
1350.0,280.0,1350.0,280.0,2200.7412,86.32282,0.028659452,False,False,-378.731300870478
1370.0,280.0,1370.0,280.0,2422.8638,94.707565,0.033018846,False,False,-398.3204210766573
1390.0,280.0,1390.0,280.0,2659.0142,103.36649,0.037686754,False,False,-417.9210133149167
1410.0,280.0,1410.0,280.0,2911.7441,112.27013,0.042733744,False,False,-437.53260832580764
1430.0,280.0,1430.0,280.0,3181.838,121.40417,0.04818366,False,False,-457.15476185613187
1450.0,280.0,1450.0,280.0,3468.0,130.76074,0.05400467,False,False,-476.78705303100486
1470.0,280.0,1470.0,280.0,3776.1438,140.30153,0.060359158,False,False,-496.4290828502365
1490.0,280.0,1490.0,280.0,4101.516,150.0218,0.06712327,False,False,-516.0804727981954
1510.0,280.0,1510.0,280.0,4446.496,159.72968,0.074367106,False,False,-535.7408635573906
1530.0,280.0,1530.0,280.0,4813.513,169.58624,0.08215887,False,False,-555.4099138169333
1550.0000000000002,280.0,1550.0000000000002,280.0,5197.8633,179.29353,0.09037924,False,False,-575.0872991678907
1570.0,280.0,1570.0,280.0,5601.133,188.67271,0.0990784,False,False,-594.7727110782903
1590.0,280.0,1590.0,280.0,6026.914,197.95793,0.108357325,False,False,-614.4658559412151
1609.9999999999998,280.0,1609.9999999999998,280.0,6478.317,207.1084,0.11830793,False,False,-634.1664541900251
1630.0,280.0,1630.0,280.0,6950.536,216.14928,0.12880611,False,False,-653.8742394752994
1650.0000000000002,280.0,1650.0000000000002,280.0,7436.895,224.87955,0.13967709,False,False,-673.5889578985638
1670.0,280.0,1670.0,280.0,7940.0884,233.20305,0.15100333,False,False,-693.3103672983285
1690.0,280.0,1690.0,280.0,8456.54,241.23164,0.16268966,False,False,-713.0382365843443
1709.9999999999998,280.0,1709.9999999999998,280.0,8984.622,248.6857,0.17469896,False,False,-732.7723451163456
1730.0,280.0,1730.0,280.0,9534.139,255.82074,0.1873068,False,False,-752.5124821238794
1750.0,280.0,1750.0,280.0,10111.838,262.70477,0.2007086,False,False,-772.2584461641028
-250.0,300.0,-250.0,300.0,17097.088,313.21722,0.383738,False,False,-779.9137443035964
-229.99999999999997,300.0,-229.99999999999997,300.0,16229.4,306.95947,0.35921574,False,False,-760.256252780107
-210.00000000000003,300.0,-210.00000000000003,300.0,15335.591,299.47595,0.3339231,False,False,-740.6065648911249
-190.00000000000003,300.0,-190.00000000000003,300.0,14430.76,290.79922,0.30835018,False,False,-720.9649479384227
-170.0,300.0,-170.0,300.0,13516.741,280.5276,0.28250772,False,False,-701.3316814552401
-150.0,300.0,-150.0,300.0,12594.757,268.68964,0.2564537,False,False,-681.7070579069147
-130.0,300.0,-130.0,300.0,11655.8125,255.1856,0.22994581,False,False,-662.0913834397156
-110.0,300.0,-110.0,300.0,10710.433,239.82887,0.20330931,False,False,-642.4849786817424
-90.0,300.0,-90.0,300.0,9752.598,222.6472,0.17638949,False,False,-622.8881796001166
-70.0,300.0,-70.0,300.0,8781.051,203.2433,0.1491408,False,False,-603.3013384190753
-50.0,300.0,-50.0,300.0,7797.8896,181.76094,0.12168884,False,False,-583.7248246040136
-30.0,300.0,-30.0,300.0,6799.9053,157.23311,0.09390409,False,False,-564.1590259170038
-10.0,300.0,-10.0,300.0,5783.355,129.1484,0.06578943,False,False,-544.6043495498278
10.0,300.0,10.0,300.0,4757.8457,99.08926,0.037629485,False,False,-525.061223341169
30.0,300.0,30.0,300.0,3731.0947,67.32083,0.009519609,False,False,-505.5300970852358
50.0,300.0,50.0,300.0,3298.4458,57.99837,3.5535195e-06,False,False,-486.0114439398159
70.0,300.0,70.0,300.0,3181.6863,56.51089,0.0,False,False,-466.50576194255467
90.0,300.0,90.0,300.0,3067.4526,55.034176,0.0,False,False,-447.01357564513876
110.0,300.0,110.0,300.0,2955.616,53.567513,0.0,False,False,-427.53543787604303
130.0,300.0,130.0,300.0,2846.1694,52.1103,0.0,False,False,-408.07193164360837
150.0,300.0,150.0,300.0,2739.125,50.662807,0.0,False,False,-388.6236721924263
170.0,300.0,170.0,300.0,2634.5034,49.225822,0.0,False,False,-369.1913092273833
190.00000000000003,300.0,190.00000000000003,300.0,2532.3047,47.799152,0.0,False,False,-349.77552932123194
210.00000000000003,300.0,210.00000000000003,300.0,2432.5374,46.38299,0.0,False,False,-330.3770585232701
229.99999999999997,300.0,229.99999999999997,300.0,2335.2173,44.97787,0.0,False,False,-310.9966651886057
250.0,300.0,250.0,300.0,2240.3633,43.58441,0.0,False,False,-291.63516304963673
270.0,300.0,270.0,300.0,2147.9934,42.20331,0.0,False,False,-272.2934145537648
290.0,300.0,290.0,300.0,2058.1348,40.83577,0.0,False,False,-252.97233449406
310.0,300.0,310.0,300.0,1970.8044,39.482452,0.0,False,False,-233.67289396262208
330.0,300.0,330.0,300.0,1885.9998,38.14301,0.0,False,False,-214.3961246597948
350.0,300.0,350.0,300.0,1803.7292,36.81777,0.0,False,False,-195.14312359622627
370.0,300.0,370.0,300.0,1724.0101,35.507423,0.0,False,False,-175.91505822910557
390.0,300.0,390.0,300.0,1646.8508,34.212227,0.0,False,False,-156.71317207879042
410.0,300.0,410.0,300.0,1572.2606,32.932507,0.0,False,False,-137.5387908775656
430.0,300.0,430.0,300.0,1500.2494,31.66865,0.0,False,False,-118.39332930852642
450.0,300.0,450.0,300.0,1430.8269,30.421106,0.0,False,False,-99.27829839964863
470.00000000000006,300.0,470.00000000000006,300.0,1364.0162,29.191132,0.0,False,False,-80.1953136461217
490.0,300.0,490.0,300.0,1299.8215,27.978853,0.0,False,False,-61.146103943118646
510.00000000000006,300.0,510.00000000000006,300.0,1238.2527,26.784817,0.0,False,False,-42.13252142147284
530.0,300.0,530.0,300.0,1179.331,25.61036,0.0,False,False,-23.156552290456155
550.0,300.0,550.0,300.0,1123.0676,24.456213,0.0,False,False,-4.220328805143114
570.0,300.0,570.0,300.0,1069.4675,23.322676,0.0,False,True,14.673857509034715
590.0,300.0,590.0,300.0,1018.5324,22.209925,0.0,False,True,33.52354122475254
610.0,300.0,610.0,300.0,970.2634,21.118053,0.0,False,True,52.326066804958934
630.0,300.0,630.0,300.0,924.66174,20.04717,0.0,False,True,71.0785706272164
650.0,300.0,650.0,300.0,881.7289,18.997429,0.0,False,True,89.77796102346969
670.0,300.0,670.0,300.0,841.4602,17.968567,0.0,False,True,108.42089608985967
690.0,300.0,690.0,300.0,803.84827,16.96027,0.0,False,True,127.00375898871997
710.0,300.0,710.0,300.0,768.89014,15.972539,0.0,False,True,145.5226304281419
730.0,300.0,730.0,300.0,736.59045,15.006033,0.0,False,True,163.97325796296548
750.0,300.0,750.0,300.0,706.9596,14.062041,0.0,False,True,182.35102171428426
770.0,300.0,770.0,300.0,680.0056,13.141788,0.0,False,True,173.62236235483724
789.9999999999999,300.0,789.9999999999999,300.0,655.73444,12.246507,0.0,False,True,154.95562246708016
810.0,300.0,810.0,300.0,634.14233,11.376948,0.0,False,True,136.2291970667218
830.0,300.0,830.0,300.0,615.2324,10.534742,0.0,False,True,117.44688545107945
850.0,300.0,850.0,300.0,599.01056,9.722112,0.0,False,True,98.61218113400261
869.9999999999999,300.0,869.9999999999999,300.0,585.4884,8.942472,0.0,False,True,79.72830098932194
890.0000000000001,300.0,890.0000000000001,300.0,574.6695,8.199216,0.0,True,True,60.798211245314924
910.0,300.0,910.0,300.0,566.5508,7.496039,0.0,True,True,41.82465070322322
930.0,300.0,930.0,300.0,561.12994,6.83795,0.0,True,True,22.810151505860077
950.0,300.0,950.0,300.0,558.41125,6.2321835,0.0,True,True,3.7570577414361983
969.9999999999999,300.0,969.9999999999999,300.0,558.6372,5.6815143,5.8733567e-06,True,False,-15.33245786786508
990.0,300.0,990.0,300.0,563.2335,5.2700434,5.402451e-05,True,False,-34.45637897400022
1010.0,300.0,1010.0,300.0,570.8488,5.2451077,0.000110065215,True,False,-53.61283211623819
1030.0,300.0,1030.0,300.0,584.55945,5.682196,0.0002527246,False,False,-72.80007457121302
1050.0,300.0,1050.0,300.0,606.5584,7.0045524,0.00053864636,False,False,-92.0164833920778
1070.0,300.0,1070.0,300.0,634.6531,9.209536,0.0009118782,False,False,-111.26054550676822
1090.0,300.0,1090.0,300.0,669.34595,12.032835,0.0013856763,False,False,-130.5308487608819
1110.0,300.0,1110.0,300.0,711.0059,15.301059,0.0019698786,False,False,-149.82607380420805
1130.0,300.0,1130.0,300.0,762.94995,18.985603,0.002750962,False,False,-169.14498673175697
1150.0,300.0,1150.0,300.0,826.5781,23.140963,0.0037658191,False,False,-188.48643240047136
1170.0,300.0,1170.0,300.0,901.275,27.757523,0.004999549,False,False,-207.84932835184384
1190.0,300.0,1190.0,300.0,991.79736,32.87673,0.006576836,False,False,-227.23265927859015
1210.0,300.0,1210.0,300.0,1093.5024,38.46668,0.008377617,False,False,-246.6354719804824
1230.0,300.0,1230.0,300.0,1204.5342,44.457935,0.01035433,False,False,-266.05687076055153
1250.0,300.0,1250.0,300.0,1335.1837,50.822533,0.012777729,False,False,-285.4960132182441
1270.0,300.0,1270.0,300.0,1481.4547,57.61286,0.015544804,False,False,-304.9521064008441
1290.0,300.0,1290.0,300.0,1640.6034,64.788,0.018584792,False,False,-324.42440327864693
1310.0,300.0,1310.0,300.0,1813.413,72.30278,0.02191996,False,False,-343.9121995130485
1330.0,300.0,1330.0,300.0,2003.8904,80.13688,0.025657896,False,False,-363.41483048997253
1350.0,300.0,1350.0,300.0,2211.8274,88.288605,0.029795222,False,False,-382.9316685939332
1370.0,300.0,1370.0,300.0,2433.0317,96.744576,0.03422285,False,False,-402.46212070059136
1390.0,300.0,1390.0,300.0,2668.7354,105.4677,0.038975433,False,False,-422.00562586791483
1410.0,300.0,1410.0,300.0,2921.0078,114.43414,0.044110395,False,False,-441.5616532080755
1430.0,300.0,1430.0,300.0,3190.5752,123.63089,0.049649864,False,False,-461.12969992400065
1450.0,300.0,1450.0,300.0,3476.7568,133.04471,0.055578377,False,False,-480.7092894960847
1470.0,300.0,1470.0,300.0,3785.854,142.64236,0.06206824,False,False,-500.29997000599843
1490.0,300.0,1490.0,300.0,4110.255,152.39168,0.068919234,False,False,-519.9013125857875
1510.0,300.0,1510.0,300.0,4455.623,162.1462,0.076288626,False,False,-539.5129099815955
1530.0,300.0,1530.0,300.0,4823.409,172.0576,0.08421815,False,False,-559.1343752223542
1550.0000000000002,300.0,1550.0000000000002,300.0,5207.177,181.71599,0.092543066,False,False,-578.7653403846946
1570.0,300.0,1570.0,300.0,5610.9243,191.09105,0.10137644,False,False,-598.4054554461457
1590.0,300.0,1590.0,300.0,6038.5825,200.37141,0.110828504,False,False,-618.0543872194162
1609.9999999999998,300.0,1609.9999999999998,300.0,6490.5425,209.55319,0.12091642,False,False,-637.7118183612159
1630.0,300.0,1630.0,300.0,6961.2686,218.61165,0.13149625,False,False,-657.3774464496614
1650.0000000000002,300.0,1650.0000000000002,300.0,7447.659,227.29514,0.1424919,False,False,-677.0509831248424
1670.0,300.0,1670.0,300.0,7950.0776,235.63014,0.15391937,False,False,-696.7321532876072
1690.0,300.0,1690.0,300.0,8463.945,243.57759,0.16565782,False,False,-716.4206943520578
1709.9999999999998,300.0,1709.9999999999998,300.0,8993.051,251.03021,0.17781666,False,False,-736.1163555476343
1730.0,300.0,1730.0,300.0,9544.621,258.15857,0.19060059,False,False,-755.8188972670274
1750.0,300.0,1750.0,300.0,10124.549,264.99582,0.20418072,False,False,-775.5280904564706
-250.0,320.0,-250.0,320.0,17189.617,314.53864,0.389961,False,False,-783.6872151661246
-229.99999999999997,320.0,-229.99999999999997,320.0,16321.8545,308.40802,0.3655885,False,False,-764.0717728702823
-210.00000000000003,320.0,-210.00000000000003,320.0,15429.521,301.12027,0.34049433,False,False,-744.4650636021114
-190.00000000000003,320.0,-190.00000000000003,320.0,14521.184,292.6105,0.31496286,False,False,-724.8673851687655
-170.0,320.0,-170.0,320.0,13603.185,282.6097,0.2891544,False,False,-705.2790489270523
-150.0,320.0,-150.0,320.0,12679.492,271.0787,0.26319528,False,False,-685.7003805540795
-130.0,320.0,-130.0,320.0,11739.416,257.84302,0.23678169,False,False,-666.1317208704673
-110.0,320.0,-110.0,320.0,10789.874,242.72545,0.21013711,False,False,-646.5734267202909
-90.0,320.0,-90.0,320.0,9832.637,225.86395,0.18334751,False,False,-627.0258719123116
-70.0,320.0,-70.0,320.0,8859.123,206.82324,0.15613765,False,False,-607.4894482274635
-50.0,320.0,-50.0,320.0,7876.592,185.65575,0.1287871,False,False,-587.9645664980218
-30.0,320.0,-30.0,320.0,6878.2666,161.70663,0.1010689,False,False,-568.4516577643913
-10.0,320.0,-10.0,320.0,5862.4434,134.05223,0.07301675,False,False,-548.9511745159962
10.0,320.0,10.0,320.0,4839.5967,104.43519,0.044980064,False,False,-529.463592023393
30.0,320.0,30.0,320.0,3797.8464,71.25743,0.016478589,False,False,-509.98940976939184
50.0,320.0,50.0,320.0,3154.7476,55.210854,0.0003940119,False,False,-490.52915298773445
70.0,320.0,70.0,320.0,3030.921,53.67553,0.0,False,False,-471.08337431871956
90.0,320.0,90.0,320.0,2923.2468,52.266838,0.0,False,False,-451.6526555920898
110.0,320.0,110.0,320.0,2817.8342,50.867725,0.0,False,False,-432.23760974853
130.0,320.0,130.0,320.0,2714.6936,49.478477,0.0,False,False,-412.83888291227294
150.0,320.0,150.0,320.0,2613.825,48.09897,0.0,False,False,-393.4571566285832
170.0,320.0,170.0,320.0,2515.2397,46.72956,0.0,False,False,-374.0931502813165
190.00000000000003,320.0,190.00000000000003,320.0,2418.9502,45.37063,0.0,False,False,-354.7476237073269
210.00000000000003,320.0,210.00000000000003,320.0,2324.9648,44.022312,0.0,False,False,-335.4213800262693
229.99999999999997,320.0,229.99999999999997,320.0,2233.311,42.68583,0.0,False,False,-316.1152687063098
250.0,320.0,250.0,320.0,2144.0151,41.362293,0.0,False,False,-296.83018888846766
270.0,320.0,270.0,320.0,2057.088,40.052032,0.0,False,False,-277.567092994773
290.0,320.0,290.0,320.0,1972.5259,38.75465,0.0,False,False,-258.32699064819064
310.0,320.0,310.0,320.0,1890.3423,37.470715,0.0,False,False,-239.11095293534885
330.0,320.0,330.0,320.0,1810.5502,36.200756,0.0,False,False,-219.92011704658964
350.0,320.0,350.0,320.0,1733.1564,34.944935,0.0,False,False,-200.75569133174693
370.0,320.0,370.0,320.0,1658.1711,33.703606,0.0,False,False,-181.6189608144402
390.0,320.0,390.0,320.0,1585.6033,32.477116,0.0,False,False,-162.5112932125925
410.0,320.0,410.0,320.0,1515.4641,31.265965,0.0,False,False,-143.43414551841627
430.0,320.0,430.0,320.0,1447.7742,30.071245,0.0,False,False,-124.38907119735343
450.0,320.0,450.0,320.0,1382.5363,28.893024,0.0,False,False,-105.37772807247397
470.00000000000006,320.0,470.00000000000006,320.0,1319.7617,27.73191,0.0,False,False,-86.40188696875906
490.0,320.0,490.0,320.0,1259.4685,26.588957,0.0,False,False,-67.46344120063291
510.00000000000006,320.0,510.00000000000006,320.0,1201.6655,25.464722,0.0,False,False,-48.56441699616787
530.0,320.0,530.0,320.0,1146.3594,24.359549,0.0,False,False,-29.70698496277557
550.0,320.0,550.0,320.0,1093.549,23.273352,0.0,False,False,-10.89347271200969
570.0,320.0,570.0,320.0,1043.2363,22.206236,0.0,False,True,7.873621224411265
590.0,320.0,590.0,320.0,995.4208,21.158192,0.0,False,True,26.591612038924517
610.0,320.0,610.0,320.0,950.1078,20.129519,0.0,False,True,45.25761168596054
630.0,320.0,630.0,320.0,907.29395,19.119986,0.0,False,True,63.8685101257343
650.0,320.0,650.0,320.0,866.97363,18.129202,0.0,False,True,82.42095456313459
670.0,320.0,670.0,320.0,829.1416,17.156898,0.0,False,True,100.91132644469053
690.0,320.0,690.0,320.0,793.80005,16.203382,0.0,False,True,119.33571594729587
710.0,320.0,710.0,320.0,760.9569,15.269439,0.0,False,True,137.68989365966556
730.0,320.0,730.0,320.0,730.62,14.355962,0.0,False,True,155.96927912113583
750.0,320.0,750.0,320.0,702.7976,13.463956,0.0,False,True,174.1689058421741
770.0,320.0,770.0,320.0,677.4873,12.593744,0.0,False,True,166.15349134268115
789.9999999999999,320.0,789.9999999999999,320.0,654.6918,11.746185,0.0,False,True,147.65030650559862
810.0,320.0,810.0,320.0,634.4115,10.922112,0.0,False,True,129.08094520787978
830.0,320.0,830.0,320.0,616.65625,10.123477,0.0,False,True,110.44955173975657
850.0,320.0,850.0,320.0,601.4347,9.352488,0.0,False,True,91.75994362723682
869.9999999999999,320.0,869.9999999999999,320.0,588.74744,8.611129,0.0,False,True,73.01564198741728
890.0000000000001,320.0,890.0000000000001,320.0,578.59033,7.901509,0.0,True,True,54.21989870795008
910.0,320.0,910.0,320.0,570.9626,7.226826,0.0,True,True,35.375720811465285
930.0,320.0,930.0,320.0,565.871,6.592038,0.0,True,True,16.485892322840034
950.0,320.0,950.0,320.0,563.3244,6.003744,0.0,True,False,-2.4470060806206506
969.9999999999999,320.0,969.9999999999999,320.0,564.0245,5.45816,1.7910643e-05,True,False,-21.420579389313133
990.0,320.0,990.0,320.0,568.6786,5.128725,7.181344e-05,True,False,-40.43260233424068
1010.0,320.0,1010.0,320.0,576.2646,5.1979156,0.00013559833,True,False,-59.48100502085468
1030.0,320.0,1030.0,320.0,591.3944,5.8327055,0.00032752985,False,False,-78.56385995452308
1050.0,320.0,1050.0,320.0,613.9195,7.4450107,0.00064420217,False,False,-97.67937030810597
1070.0,320.0,1070.0,320.0,642.4995,9.84966,0.0010515203,False,False,-116.82585929947037
1090.0,320.0,1090.0,320.0,677.18744,12.810539,0.0015511843,False,False,-136.0017605620162
1110.0,320.0,1110.0,320.0,719.48987,16.191492,0.0021824953,False,False,-155.2056094046635
1130.0,320.0,1130.0,320.0,772.90967,20.001835,0.0030365903,False,False,-174.43603486950278
1150.0,320.0,1150.0,320.0,836.9999,24.288136,0.004102525,False,False,-193.691752505646
1170.0,320.0,1170.0,320.0,914.66016,29.033665,0.005456454,False,False,-212.9715577869088
1190.0,320.0,1190.0,320.0,1005.5889,34.286633,0.0070914435,False,False,-232.27432010896027
1210.0,320.0,1210.0,320.0,1107.5154,39.9887,0.008949246,False,False,-251.59897730862667
1230.0,320.0,1230.0,320.0,1219.8132,46.06877,0.011014377,False,False,-270.944530654269
1250.0,320.0,1250.0,320.0,1353.1377,52.543167,0.013567026,False,False,-290.3100402616421
1270.0,320.0,1270.0,320.0,1499.873,59.434834,0.016409209,False,False,-309.6946208945047
1290.0,320.0,1290.0,320.0,1658.9958,66.69882,0.019515324,False,False,-329.0974381135494
1310.0,320.0,1310.0,320.0,1833.2944,74.29117,0.022960326,False,False,-348.51770474102415
1330.0,320.0,1330.0,320.0,2025.469,82.202126,0.026817191,False,False,-367.95467761179884
1350.0,320.0,1350.0,320.0,2233.3062,90.43315,0.03102944,False,False,-387.40765458462147
1370.0,320.0,1370.0,320.0,2454.334,98.958534,0.03553346,False,False,-406.8759717899798
1390.0,320.0,1390.0,320.0,2690.4795,107.744,0.04038228,False,False,-426.35900109334335
1410.0,320.0,1410.0,320.0,2943.624,116.7691,0.04562815,False,False,-445.85614775467883
1430.0,320.0,1430.0,320.0,3212.92,126.028145,0.05125105,False,False,-465.36684826701344
1450.0,320.0,1450.0,320.0,3500.7957,135.49266,0.05731844,False,False,-484.89056835849027
1470.0,320.0,1470.0,320.0,3810.0298,145.15366,0.06390787,False,False,-504.42680114387747
1490.0,320.0,1490.0,320.0,4135.8506,154.91739,0.070895955,False,False,-523.9750654128171
1510.0,320.0,1510.0,320.0,4482.6777,164.71254,0.07840532,False,False,-543.5349040433132
1530.0,320.0,1530.0,320.0,4850.5996,174.63881,0.08644132,False,False,-563.1058825300352
1550.0000000000002,320.0,1550.0000000000002,320.0,5235.121,184.23737,0.09489201,False,False,-582.6875876179733
1570.0,320.0,1570.0,320.0,5640.783,193.6331,0.103883,False,False,-602.2796260328594
1590.0,320.0,1590.0,320.0,6071.6064,202.9019,0.113527715,False,False,-621.8816233005418
1609.9999999999998,320.0,1609.9999999999998,320.0,6524.9004,212.09251,0.12375909,False,False,-641.493222648208
1630.0,320.0,1630.0,320.0,6994.957,221.14548,0.13442834,False,False,-661.1140839809891
1650.0000000000002,320.0,1650.0000000000002,320.0,7481.6895,229.77101,0.14554203,False,False,-680.7438829280328
1670.0,320.0,1670.0,320.0,7983.5625,238.1138,0.15706204,False,False,-700.3823099526767
1690.0,320.0,1690.0,320.0,8496.367,245.96545,0.16887976,False,False,-720.0290695217915
1709.9999999999998,320.0,1709.9999999999998,320.0,9027.195,253.38487,0.18119256,False,False,-739.6838793298049
1730.0,320.0,1730.0,320.0,9583.187,260.4897,0.19420281,False,False,-759.3464695732902
1750.0,320.0,1750.0,320.0,10165.883,267.23044,0.20796174,False,False,-779.0165822723523
-250.0,340.0,-250.0,340.0,17315.816,315.87048,0.39659995,False,False,-787.6764880518293
-229.99999999999997,340.0,-229.99999999999997,340.0,16447.498,309.90802,0.37234607,False,False,-768.1053034884372
-210.00000000000003,340.0,-210.00000000000003,340.0,15557.938,302.81595,0.3474707,False,False,-748.5438234469719
-190.00000000000003,340.0,-190.00000000000003,340.0,14646.859,294.49203,0.3219873,False,False,-728.9923773126275
-170.0,340.0,-170.0,340.0,13726.56,284.8331,0.2962547,False,False,-709.4513093667773
-150.0,340.0,-150.0,340.0,12799.828,273.58862,0.27033442,False,False,-689.9209796278658
-130.0,340.0,-130.0,340.0,11861.18,260.67426,0.24408114,False,False,-670.4017647491345
-110.0,340.0,-110.0,340.0,10908.465,245.92384,0.21745616,False,False,-650.8940589776311
-90.0,340.0,-90.0,340.0,9949.955,229.35649,0.19072801,False,False,-631.3982751793795
-70.0,340.0,-70.0,340.0,8975.643,210.71454,0.16358837,False,False,-611.914845935998
-50.0,340.0,-50.0,340.0,7994.16,189.96513,0.13634506,False,False,-592.4442247185575
-30.0,340.0,-30.0,340.0,6996.08,166.63892,0.10870841,False,False,-572.9868871449959
-10.0,340.0,-10.0,340.0,5981.1094,139.51248,0.080721594,False,False,-553.543332327979
10.0,340.0,10.0,340.0,4958.212,109.97226,0.052707475,False,False,-534.1140843207643
30.0,340.0,30.0,340.0,3915.9277,76.86358,0.024245167,False,False,-514.6996936693273
50.0,340.0,50.0,340.0,3085.979,53.713745,0.0023786598,False,False,-495.30073907979147
70.0,340.0,70.0,340.0,2899.0117,51.135532,0.0,False,False,-475.9178292110937
90.0,340.0,90.0,340.0,2797.1934,49.789078,0.0,False,False,-456.5516046037654
110.0,340.0,110.0,340.0,2697.519,48.452076,0.0,False,False,-437.20273975678873
130.0,340.0,130.0,340.0,2599.9946,47.124725,0.0,False,False,-417.87194536567245
150.0,340.0,150.0,340.0,2504.6248,45.80705,0.0,False,False,-398.55997073620443
170.0,340.0,170.0,340.0,2411.418,44.499218,0.0,False,False,-379.2676063898078
190.00000000000003,340.0,190.00000000000003,340.0,2320.411,43.202835,0.0,False,False,-359.9956868780452
210.00000000000003,340.0,210.00000000000003,340.0,2231.624,41.918697,0.0,False,False,-340.74509382563184
229.99999999999997,340.0,229.99999999999997,340.0,2145.0627,40.646935,0.0,False,False,-321.51675922332487
250.0,340.0,250.0,340.0,2060.7258,39.387268,0.0,False,False,-302.31166899430633
270.0,340.0,270.0,340.0,1978.6301,38.140396,0.0,False,False,-283.13086686017795
290.0,340.0,290.0,340.0,1898.7844,36.906673,0.0,False,False,-263.97545853547666
310.0,340.0,310.0,340.0,1821.1958,35.6863,0.0,False,False,-244.84661628273912
330.0,340.0,330.0,340.0,1745.8713,34.47946,0.0,False,False,-225.74558386363435
350.0,340.0,350.0,340.0,1672.8221,33.286625,0.0,False,False,-206.6736819255728
370.0,340.0,370.0,340.0,1602.0569,32.10814,0.0,False,False,-187.6323138675684
390.0,340.0,390.0,340.0,1533.5962,30.945051,0.0,False,False,-168.6229722340098
410.0,340.0,410.0,340.0,1467.4441,29.797525,0.0,False,False,-149.64724569046305
430.0,340.0,430.0,340.0,1403.6091,28.666014,0.0,False,False,-130.70682664176215
450.0,340.0,450.0,340.0,1342.1091,27.551481,0.0,False,False,-111.80351955950435
470.00000000000006,340.0,470.00000000000006,340.0,1282.9532,26.454414,0.0,False,False,-92.93925009376308
490.0,340.0,490.0,340.0,1226.1448,25.375021,0.0,False,False,-74.11607505247497
510.00000000000006,340.0,510.00000000000006,340.0,1171.684,24.313234,0.0,False,False,-55.3361933416055
530.0,340.0,530.0,340.0,1119.5714,23.269028,0.0,False,False,-36.60195797006238
550.0,340.0,550.0,340.0,1069.8068,22.242332,0.0,False,False,-17.915889235443572
570.0,340.0,570.0,340.0,1022.3964,21.233564,0.0,False,True,0.7193107796988896
590.0,340.0,590.0,340.0,977.33936,20.242594,0.0,False,True,19.300742256212033
610.0,340.0,610.0,340.0,934.63074,19.269026,0.0,False,True,37.82529006950441
630.0,340.0,630.0,340.0,894.26556,18.31249,0.0,False,True,56.289604422813724
650.0,340.0,650.0,340.0,856.2435,17.37302,0.0,False,True,74.69007948089839
670.0,340.0,670.0,340.0,820.57074,16.451132,0.0,False,True,93.02282977922616
690.0,340.0,690.0,340.0,787.25214,15.547313,0.0,False,True,111.28366415807406
710.0,340.0,710.0,340.0,756.29694,14.662436,0.0,False,True,129.46805694281622
730.0,340.0,730.0,340.0,727.70685,13.796898,0.0,False,True,147.57111606097467
750.0,340.0,750.0,340.0,701.4828,12.951018,0.0,False,True,165.58754775342138
770.0,340.0,770.0,340.0,677.6269,12.12536,0.0,False,True,158.2755795392413
789.9999999999999,340.0,789.9999999999999,340.0,656.14014,11.320517,0.0,False,True,139.94186243021923
810.0,340.0,810.0,340.0,637.03296,10.538042,0.0,False,True,121.53543042419746
830.0,340.0,830.0,340.0,620.31195,9.779422,0.0,False,True,103.06076014035371
850.0,340.0,850.0,340.0,605.97485,9.045648,0.0,False,True,84.52198278713429
869.9999999999999,340.0,869.9999999999999,340.0,594.01886,8.338005,0.0,False,True,65.92291538652972
890.0000000000001,340.0,890.0000000000001,340.0,584.4441,7.6584935,0.0,False,True,47.26708884388792
910.0,340.0,910.0,340.0,577.2582,7.01054,0.0,True,True,28.55777320522035
930.0,340.0,930.0,340.0,572.4674,6.398338,0.0,True,True,9.798000405977724
950.0,340.0,950.0,340.0,570.07104,5.826484,0.0,True,False,-9.009415218708517
969.9999999999999,340.0,969.9999999999999,340.0,571.4572,5.3040576,3.538438e-05,True,False,-27.86185842261896
990.0,340.0,990.0,340.0,576.01794,5.0820336,9.063448e-05,True,False,-46.756896323114916
1010.0,340.0,1010.0,340.0,584.63574,5.2512584,0.00018843147,False,False,-65.69226327303335
1030.0,340.0,1030.0,340.0,601.1886,6.163383,0.00042829823,False,False,-84.66584716215719
1050.0,340.0,1050.0,340.0,623.9348,8.051689,0.00076592166,False,False,-103.67567699936198
1070.0,340.0,1070.0,340.0,652.9962,10.641401,0.0012048539,False,False,-122.71991164314893
1090.0,340.0,1090.0,340.0,688.2517,13.727336,0.0017422646,False,False,-141.79682956294815
1110.0,340.0,1110.0,340.0,731.9523,17.222986,0.0024367305,False,False,-160.90481952656228
1130.0,340.0,1130.0,340.0,787.26105,21.16964,0.003370456,False,False,-180.0423721205947
1150.0,340.0,1150.0,340.0,852.5715,25.586859,0.004502472,False,False,-199.2080720208651
1170.0,340.0,1170.0,340.0,932.9825,30.476929,0.0059658415,False,False,-218.40059093879316
1190.0,340.0,1190.0,340.0,1024.955,35.861286,0.007669557,False,False,-237.61868117768807
1210.0,340.0,1210.0,340.0,1126.7798,41.673412,0.009569911,False,False,-256.86116973992
1230.0,340.0,1230.0,340.0,1243.1301,47.847248,0.011789741,False,False,-276.1269529321915
1250.0,340.0,1250.0,340.0,1378.0015,54.438232,0.014434986,False,False,-295.414991421668
1270.0,340.0,1270.0,340.0,1525.5924,61.43137,0.017355124,False,False,-314.72430570062863
1290.0,340.0,1290.0,340.0,1685.3251,68.78263,0.020536251,False,False,-334.05397192167607
1310.0,340.0,1310.0,340.0,1861.8687,76.4553,0.024102595,False,False,-353.4031180694096
1330.0,340.0,1330.0,340.0,2056.2266,84.44653,0.028082345,False,False,-372.7709204379296
1350.0,340.0,1350.0,340.0,2264.2034,92.75645,0.03236673,False,False,-392.1566003866089
1370.0,340.0,1370.0,340.0,2485.6929,101.35001,0.03695453,False,False,-411.5594213493105
1390.0,340.0,1390.0,340.0,2723.2617,110.196014,0.04191564,False,False,-430.9786860746738
1410.0,340.0,1410.0,340.0,2977.7705,119.28026,0.04727515,False,False,-450.4137340772805
1430.0,340.0,1430.0,340.0,3247.7935,128.59737,0.052997466,False,False,-469.86393928145617
1450.0,340.0,1450.0,340.0,3539.405,138.10507,0.059247077,False,False,-489.32870784122076
1470.0,340.0,1470.0,340.0,3848.2063,147.83289,0.06590964,False,False,-508.80747612145666
1490.0,340.0,1490.0,340.0,4176.551,157.58675,0.07305283,False,False,-528.2997088267734
1510.0,340.0,1510.0,340.0,4525.895,167.43642,0.08071848,False,False,-547.804897265802
1530.0,340.0,1530.0,340.0,4894.238,177.3326,0.088857144,False,False,-567.322557739791
1550.0000000000002,340.0,1550.0000000000002,340.0,5281.032,186.87946,0.09746206,False,False,-586.8522300453815
1570.0,340.0,1570.0,340.0,5689.6055,196.28687,0.106625095,False,False,-606.3934760823702
1590.0,340.0,1590.0,340.0,6123.622,205.5484,0.11645043,False,False,-625.9458785580781
1609.9999999999998,340.0,1609.9999999999998,340.0,6578.625,214.74109,0.12682298,False,False,-645.5090397806997
1630.0,340.0,1630.0,340.0,7049.5435,223.74142,0.13761154,False,False,-665.0825805346714
1650.0000000000002,340.0,1650.0000000000002,340.0,7536.9453,232.30214,0.14883971,False,False,-684.6661390317074
1670.0,340.0,1670.0,340.0,8038.4116,240.62053,0.16044426,False,False,-704.2593699317014
1690.0,340.0,1690.0,340.0,8551.883,248.3741,0.17237604,False,False,-723.8619434281854
1709.9999999999998,340.0,1709.9999999999998,340.0,9085.868,255.7582,0.1848698,False,False,-743.4735443934904
1730.0,340.0,1730.0,340.0,9647.038,262.84537,0.19811448,False,False,-763.0938715791626
1750.0,340.0,1750.0,340.0,10231.129,269.41675,0.212003,False,False,-782.7226368675526
-250.0,360.0,-250.0,360.0,17470.332,317.1376,0.40357834,False,False,-791.8801216374825
-229.99999999999997,360.0,-229.99999999999997,360.0,16602.64,311.40396,0.3794654,False,False,-772.3553561885311
-210.00000000000003,360.0,-210.00000000000003,360.0,15717.09,304.548,0.3548324,False,False,-752.8413068218106
-190.00000000000003,360.0,-190.00000000000003,360.0,14806.3545,296.47522,0.32947844,False,False,-733.338335464663
-170.0,360.0,-170.0,360.0,13884.252,287.14563,0.30381754,False,False,-713.8468203086369
-150.0,360.0,-150.0,360.0,12954.594,276.23297,0.27793315,False,False,-694.3671567203613
-130.0,360.0,-130.0,360.0,12015.777,263.61362,0.2517828,False,False,-674.899758213386
-110.0,360.0,-110.0,360.0,11061.66,249.32648,0.22522733,False,False,-655.4450574857127
-90.0,360.0,-90.0,360.0,10101.965,233.12817,0.1985538,False,False,-636.003507528175
-70.0,360.0,-70.0,360.0,9129.878,214.97215,0.17156991,False,False,-616.5755828092632
-50.0,360.0,-50.0,360.0,8145.877,194.57352,0.14431955,False,False,-597.1617805425112
-30.0,360.0,-30.0,360.0,7150.9355,171.9302,0.11684573,False,False,-577.7626220431072
-10.0,360.0,-10.0,360.0,6137.699,145.64926,0.08894929,False,False,-558.3786541809912
10.0,360.0,10.0,360.0,5113.0,116.21351,0.060904115,False,False,-539.0104509383858
30.0,360.0,30.0,360.0,4075.8628,83.97727,0.0326401,False,False,-519.6586150804366
50.0,360.0,50.0,360.0,3117.409,54.983906,0.0068318243,False,False,-500.32377994845075
70.0,360.0,70.0,360.0,2783.9893,48.85356,2.6675028e-05,False,False,-481.0066113861289
90.0,360.0,90.0,360.0,2686.4536,47.560585,0.0,False,False,-461.70780981016884
110.0,360.0,110.0,360.0,2591.9146,46.28012,0.0,False,False,-442.42811243772445
130.0,360.0,130.0,360.0,2499.4182,45.009064,0.0,False,False,-423.1682956844118
150.0,360.0,150.0,360.0,2408.998,43.748848,0.0,False,False,-403.92917774789845
170.0,360.0,170.0,360.0,2320.6729,42.50016,0.0,False,False,-384.711621393605
190.00000000000003,360.0,190.00000000000003,360.0,2234.4463,41.263042,0.0,False,False,-365.5165369606927
210.00000000000003,360.0,210.00000000000003,360.0,2150.3218,40.037457,0.0,False,False,-346.344885608342
229.99999999999997,360.0,229.99999999999997,360.0,2068.3132,38.824017,0.0,False,False,-327.19768282436206
250.0,360.0,250.0,360.0,1988.4302,37.623055,0.0,False,False,-308.07600222042635
270.0,360.0,270.0,360.0,1910.6775,36.434685,0.0,False,False,-288.98097964073503
290.0,360.0,290.0,360.0,1835.0615,35.25908,0.0,False,False,-269.9138176137015
310.0,360.0,310.0,360.0,1761.5917,34.096607,0.0,False,False,-250.87579017935363
330.0,360.0,330.0,360.0,1690.2761,32.947598,0.0,False,False,-231.86824812860513
350.0,360.0,350.0,360.0,1621.134,31.81301,0.0,False,False,-212.8926246943938
370.0,360.0,370.0,360.0,1554.1738,30.693201,0.0,False,False,-193.95044173896585
390.0,360.0,390.0,360.0,1489.4006,29.588419,0.0,False,False,-175.04331648637034
410.0,360.0,410.0,360.0,1426.8323,28.499632,0.0,False,False,-156.17296885453297
430.0,360.0,430.0,360.0,1366.4764,27.427204,0.0,False,False,-137.34122944722316
450.0,360.0,450.0,360.0,1308.3367,26.371307,0.0,False,False,-118.5500482728245
470.00000000000006,360.0,470.00000000000006,360.0,1252.4119,25.33182,0.0,False,False,-99.80150426418055
490.0,360.0,490.0,360.0,1198.7039,24.308775,0.0,False,False,-81.09781568199043
510.00000000000006,360.0,510.00000000000006,360.0,1147.2103,23.301952,0.0,False,False,-62.441351493336626
530.0,360.0,530.0,360.0,1097.9373,22.31167,0.0,False,False,-43.83464382707858
550.0,360.0,550.0,360.0,1050.8884,21.33814,0.0,False,False,-25.280401619098892
570.0,360.0,570.0,360.0,1006.0587,20.380972,0.0,False,False,-6.781525572870817
590.0,360.0,590.0,360.0,963.4436,19.439756,0.0,False,True,11.658875425365201
610.0,360.0,610.0,360.0,923.0419,18.514381,0.0,False,True,30.03746628229481
630.0,360.0,630.0,360.0,884.85846,17.605192,0.0,False,True,48.35066589279508
650.0,360.0,650.0,360.0,848.89404,16.712307,0.0,False,True,66.59462536510802
670.0,360.0,670.0,360.0,815.1571,15.836392,0.0,False,True,84.76520406623533
690.0,360.0,690.0,360.0,783.6523,14.977943,0.0,False,True,102.85794325617748
710.0,360.0,710.0,360.0,754.3821,14.137258,0.0,False,True,120.86803705635135
730.0,360.0,730.0,360.0,727.34827,13.314608,0.0,False,True,138.7903004727773
750.0,360.0,750.0,360.0,702.5509,12.510228,0.0,False,True,156.61913416868072
770.0,360.0,770.0,360.0,679.9937,11.72473,0.0,False,True,149.99999999999997
789.9999999999999,360.0,789.9999999999999,360.0,659.6861,10.959319,0.0,False,True,131.84102838247424
810.0,360.0,810.0,360.0,641.6315,10.214871,0.0,False,True,113.60279783835048
830.0,360.0,830.0,360.0,625.82776,9.491917,0.0,False,True,95.29010174531626
850.0,360.0,850.0,360.0,612.2732,8.791256,0.0,False,True,76.90737192847219
869.9999999999999,360.0,869.9999999999999,360.0,600.9679,8.1141205,0.0,False,True,58.45871041148698
890.0000000000001,360.0,890.0000000000001,360.0,591.91956,7.462901,0.0,False,True,39.94791807944081
910.0,360.0,910.0,360.0,585.13324,6.840249,0.0,False,True,21.37852057090012
930.0,360.0,930.0,360.0,580.6085,6.24908,0.0,True,True,2.753791684320217
950.0,360.0,950.0,360.0,578.64,5.6837525,7.547904e-06,True,False,-15.923225445702737
969.9999999999999,360.0,969.9999999999999,360.0,580.5235,5.230268,5.558564e-05,True,False,-34.6496991735899
990.0,360.0,990.0,360.0,584.93854,5.125966,0.00011046868,False,False,-53.422991964766354
1010.0,360.0,1010.0,360.0,595.2443,5.4548626,0.00025826006,False,False,-72.24064463160506
1030.0,360.0,1030.0,360.0,613.1799,6.682376,0.0005438288,False,False,-91.10036201991983
1050.0,360.0,1050.0,360.0,636.69214,8.813011,0.0009148958,False,False,-110.00000000000004
1070.0,360.0,1070.0,360.0,666.202,11.572001,0.0013825839,False,False,-128.93755363173227
1090.0,360.0,1090.0,360.0,702.2998,14.779046,0.0019623719,False,False,-147.91114638721058
1110.0,360.0,1110.0,360.0,748.2938,18.400957,0.0027401112,False,False,-166.9190203266035
1130.0,360.0,1130.0,360.0,805.22754,22.493244,0.0037431228,False,False,-185.95952713404185
1150.0,360.0,1150.0,360.0,873.0337,27.04273,0.0049703573,False,False,-205.03111993010393
1170.0,360.0,1170.0,360.0,955.7617,32.087845,0.0065276064,False,False,-224.13234578618994
1190.0,360.0,1190.0,360.0,1049.1345,37.601944,0.00830469,False,False,-243.26183887385528
1210.0,360.0,1210.0,360.0,1151.4763,43.517723,0.010258667,False,False,-262.4183141890805
1230.0,360.0,1230.0,360.0,1273.0986,49.801174,0.012659494,False,False,-281.6005617976297
1250.0,360.0,1250.0,360.0,1409.4219,56.5091,0.015389018,False,False,-300.8074415531302
1270.0,360.0,1270.0,360.0,1558.1208,63.603523,0.018387541,False,False,-320.0378782444086
1290.0,360.0,1290.0,360.0,1720.2223,71.038994,0.021683335,False,False,-339.290857132983
1310.0,360.0,1310.0,360.0,1899.3983,78.795105,0.025374196,False,False,-358.56541984550745
1330.0,360.0,1330.0,360.0,2095.466,86.87152,0.02945706,False,False,-377.8606605894517
1350.0,360.0,1350.0,360.0,2304.1985,95.25809,0.033822276,False,False,-397.17572266340215
1370.0,360.0,1370.0,360.0,2527.2334,103.91704,0.038514607,False,False,-416.5097952361643
1390.0,360.0,1390.0,360.0,2766.4004,112.825134,0.04358433,False,False,-435.8621103713267
1410.0,360.0,1410.0,360.0,3022.2983,121.97076,0.04904948,False,False,-455.2319402761884
1430.0,360.0,1430.0,360.0,3294.6853,131.33907,0.054905854,False,False,-474.6185947559459
1450.0,360.0,1450.0,360.0,3589.546,140.8977,0.06131529,False,False,-494.0214188558343
1470.0,360.0,1470.0,360.0,3899.8438,150.66504,0.0680934,False,False,-513.4397906755328
1490.0,360.0,1490.0,360.0,4230.6377,160.427,0.07537976,False,False,-532.8731193415846
1510.0,360.0,1510.0,360.0,4583.2334,170.32886,0.083211355,False,False,-552.3208431249
1530.0,360.0,1530.0,360.0,4953.548,180.1599,0.09148455,False,False,-571.7824276915685
1550.0000000000002,360.0,1550.0000000000002,360.0,5343.1494,189.65927,0.10024771,False,False,-591.2573644762812
1570.0,360.0,1570.0,360.0,5756.6416,199.04634,0.10962663,False,False,-610.7451691686056
1590.0,360.0,1590.0,360.0,6193.5117,208.3047,0.11961292,False,False,-630.2453803032229
1609.9999999999998,360.0,1609.9999999999998,360.0,6649.568,217.5032,0.13009848,False,False,-649.7575579460153
1630.0,360.0,1630.0,360.0,7122.827,226.4121,0.14103635,False,False,-669.2812824685959
1650.0000000000002,360.0,1650.0000000000002,360.0,7611.0576,234.92444,0.15237287,False,False,-688.8161534045086
1670.0,360.0,1670.0,360.0,8113.3096,243.19354,0.16408452,False,False,-708.3617883809038
1690.0,360.0,1690.0,360.0,8629.152,250.8387,0.17616647,False,False,-727.917822120022
1709.9999999999998,360.0,1709.9999999999998,360.0,9167.613,258.15396,0.18886703,False,False,-747.4839055052838
1730.0,360.0,1730.0,360.0,9734.953,265.2127,0.20236287,False,False,-767.0597047072291
1750.0,360.0,1750.0,360.0,10318.952,271.60434,0.21633078,False,False,-786.6449003649273
-250.0,380.00000000000006,-250.0,380.00000000000006,17653.355,318.38873,0.41097978,False,False,-796.2966110043733
-229.99999999999997,380.00000000000006,-229.99999999999997,380.00000000000006,16785.84,312.92725,0.3869791,False,False,-776.8203772459422
-210.00000000000003,380.00000000000006,-210.00000000000003,380.00000000000006,15904.175,306.35687,0.36257315,False,False,-757.3559091109089
-190.00000000000003,380.00000000000006,-190.00000000000003,380.00000000000006,14996.878,298.51346,0.33742326,False,False,-737.9036019232038
-170.0,380.00000000000006,-170.0,380.00000000000006,14074.654,289.5261,0.3118714,False,False,-718.4638686537064
-150.0,380.00000000000006,-150.0,380.00000000000006,13141.777,278.99295,0.2860059,False,False,-699.0371409003627
-130.0,380.00000000000006,-130.0,380.00000000000006,12202.066,266.7909,0.25993764,False,False,-679.6238699332349
-110.0,380.00000000000006,-110.0,380.00000000000006,11249.262,252.9023,0.23351294,False,False,-660.2245278094503
-90.0,380.00000000000006,-90.0,380.00000000000006,10286.895,237.16263,0.20684922,False,False,-640.8396085634723
-70.0,380.00000000000006,-70.0,380.00000000000006,9317.025,219.48233,0.18001562,False,False,-621.4696294785623
-50.0,380.00000000000006,-50.0,380.00000000000006,8331.219,199.58485,0.1527783,False,False,-602.1151324458432
-30.0,380.00000000000006,-30.0,380.00000000000006,7339.672,177.56557,0.12546627,False,False,-582.7766854179326
-10.0,380.00000000000006,-10.0,380.00000000000006,6328.6924,152.29272,0.09767628,False,False,-563.4548839647387
10.0,380.00000000000006,10.0,380.00000000000006,5303.3066,123.29099,0.06963158,False,False,-544.1503529397037
30.0,380.00000000000006,30.0,380.00000000000006,4272.7295,92.11086,0.041596107,False,False,-524.8637482655387
50.0,380.00000000000006,50.0,380.00000000000006,3243.856,59.613937,0.013694744,False,False,-505.5957588493148
70.0,380.00000000000006,70.0,380.00000000000006,2704.0686,47.0093,0.00065527146,False,False,-486.34710863770346
90.0,380.00000000000006,90.0,380.00000000000006,2588.7197,45.546833,0.0,False,False,-467.11855882415915
110.0,380.00000000000006,110.0,380.00000000000006,2498.8357,44.319405,0.0,False,False,-447.9109102209616
130.0,380.00000000000006,130.0,380.00000000000006,2410.9326,43.102814,0.0,False,False,-428.725005810254
150.0,380.00000000000006,150.0,380.00000000000006,2325.0146,41.897083,0.0,False,False,-409.56173348957196
170.0,380.00000000000006,170.0,380.00000000000006,2241.0898,40.702477,0.0,False,False,-390.4220290288642
190.00000000000003,380.00000000000006,190.00000000000003,380.00000000000006,2159.1685,39.519352,0.0,False,False,-371.30687925765176
210.00000000000003,380.00000000000006,210.00000000000003,380.00000000000006,2079.2617,38.348152,0.0,False,False,-352.2173255028116
229.99999999999997,380.00000000000006,229.99999999999997,380.00000000000006,2001.3707,37.188843,0.0,False,False,-333.1544672994923
250.0,380.00000000000006,250.0,380.00000000000006,1925.5015,36.041584,0.0,False,False,-314.1194663999197
270.0,380.00000000000006,270.0,380.00000000000006,1851.6616,34.90664,0.0,False,False,-295.11355110732507
290.0,380.00000000000006,290.0,380.00000000000006,1779.8601,33.784374,0.0,False,False,-276.13802096499046
310.0,380.00000000000006,310.0,380.00000000000006,1710.1135,32.675625,0.0,False,False,-257.1942518334464
330.0,380.00000000000006,330.0,380.00000000000006,1642.4338,31.580925,0.0,False,False,-238.28370139224398
350.0,380.00000000000006,350.0,380.00000000000006,1576.8245,30.500378,0.0,False,False,-219.40791510646375
370.0,380.00000000000006,370.0,380.00000000000006,1513.3037,29.434948,0.0,False,False,-200.56853270228137
390.0,380.00000000000006,390.0,380.00000000000006,1451.8782,28.384962,0.0,False,False,-181.76729520050822
410.0,380.00000000000006,410.0,380.00000000000006,1392.55,27.350471,0.0,False,False,-163.00605256212737
430.0,380.00000000000006,430.0,380.00000000000006,1335.3195,26.331417,0.0,False,False,-144.28677200549618
450.0,380.00000000000006,450.0,380.00000000000006,1280.1868,25.327793,0.0,False,False,-125.61154706114091
470.00000000000006,380.00000000000006,470.00000000000006,380.00000000000006,1227.1516,24.33945,0.0,False,False,-106.9826074369874
490.0,380.00000000000006,490.0,380.00000000000006,1176.2145,23.36635,0.0,False,False,-88.40232977452223
510.00000000000006,380.00000000000006,510.00000000000006,380.00000000000006,1127.384,22.409006,0.0,False,False,-69.87324938481598
530.0,380.00000000000006,530.0,380.00000000000006,1080.6584,21.467186,0.0,False,False,-51.39807306264399
550.0,380.00000000000006,550.0,380.00000000000006,1036.0321,20.540503,0.0,False,False,-32.979693087167085
570.0,380.00000000000006,570.0,380.00000000000006,993.5027,19.628695,0.0,False,False,-14.621202528842359
590.0,380.00000000000006,590.0,380.00000000000006,953.07434,18.731997,0.0,False,True,3.6740880054906833
610.0,380.00000000000006,610.0,380.00000000000006,914.74817,17.850456,0.0,False,True,21.902632044075443
630.0,380.00000000000006,630.0,380.00000000000006,878.5268,16.984316,0.0,False,True,40.06062717850578
650.0,380.00000000000006,650.0,380.00000000000006,844.4159,16.134039,0.0,False,True,58.14399307349522
670.0,380.00000000000006,670.0,380.00000000000006,812.42175,15.300121,0.0,False,True,76.14834736622528
690.0,380.00000000000006,690.0,380.00000000000006,782.54504,14.48267,0.0,False,True,94.06897924578544
710.0,380.00000000000006,710.0,380.00000000000006,754.78784,13.681904,0.0,False,True,111.90082048490218
730.0,380.00000000000006,730.0,380.00000000000006,729.1494,12.897918,0.0,False,True,129.6384136773922
750.0,380.00000000000006,750.0,380.00000000000006,705.636,12.131347,0.0,False,True,147.27587741601744
770.0,380.00000000000006,770.0,380.00000000000006,684.2542,11.383033,0.0,False,True,141.33825053167766
789.9999999999999,380.00000000000006,789.9999999999999,380.00000000000006,665.0067,10.653529,0.0,False,True,123.35868224227536
810.0,380.00000000000006,810.0,380.00000000000006,647.8911,9.9430895,0.0,False,True,105.29334416245662
830.0,380.00000000000006,830.0,380.00000000000006,632.9066,9.252227,0.0,False,True,87.14732842588447
850.0,380.00000000000006,850.0,380.00000000000006,620.05365,8.581725,0.0,False,True,68.925352079652
869.9999999999999,380.00000000000006,869.9999999999999,380.00000000000006,609.339,7.9332337,0.0,False,True,50.63178903019927
890.0000000000001,380.00000000000006,890.0000000000001,380.00000000000006,600.76587,7.308419,0.0,False,True,32.270699007206694
910.0,380.00000000000006,910.0,380.00000000000006,594.3356,6.7092137,0.0,False,True,13.845853834198952
930.0,380.00000000000006,930.0,380.00000000000006,590.0459,6.1377735,0.0,False,False,-4.639238731993789
950.0,380.00000000000006,950.0,380.00000000000006,588.782,5.587364,2.2447348e-05,False,False,-23.181313355555787
969.9999999999999,380.00000000000006,969.9999999999999,380.00000000000006,590.9136,5.2397866,7.679316e-05,False,False,-41.77732745534451
990.0,380.00000000000006,990.0,380.00000000000006,595.85895,5.242504,0.00014828835,False,False,-60.42444332446434
1010.0,380.00000000000006,1010.0,380.00000000000006,608.2437,5.816917,0.00035548062,False,False,-79.12001186151684
1030.0,380.00000000000006,1030.0,380.00000000000006,627.0016,7.3804626,0.0006714276,False,False,-97.86155775671457
1050.0,380.00000000000006,1050.0,380.00000000000006,651.5469,9.729809,0.001081433,False,False,-116.64676599182422
1070.0,380.00000000000006,1070.0,380.00000000000006,681.86426,12.634613,0.001585337,False,False,-135.4734695271398
1090.0,380.00000000000006,1090.0,380.00000000000006,719.4448,15.964465,0.0022218935,False,False,-154.33963806151974
1110.0,380.00000000000006,1110.0,380.00000000000006,768.01697,19.72881,0.0030876328,False,False,-173.2433677630571
1130.0,380.00000000000006,1130.0,380.00000000000006,826.4533,23.969868,0.0041538663,False,False,-192.18287187830367
1150.0,380.00000000000006,1150.0,380.00000000000006,898.6012,28.666847,0.005520842,False,False,-211.15647213727118
1170.0,380.00000000000006,1170.0,380.00000000000006,983.04456,33.865826,0.0071527762,False,False,-230.1625908797586
1190.0,380.00000000000006,1190.0,380.00000000000006,1077.5496,39.508972,0.008992334,False,False,-249.19974383602883
1210.0,380.00000000000006,1210.0,380.00000000000006,1183.0991,45.524124,0.011065824,False,False,-268.266533501535
1230.0,380.00000000000006,1230.0,380.00000000000006,1308.7307,51.934273,0.01360997,False,False,-287.3616430513998
1250.0,380.00000000000006,1250.0,380.00000000000006,1446.9265,58.758358,0.016429864,False,False,-306.48383074571586
1270.0,380.00000000000006,1270.0,380.00000000000006,1596.8655,65.95373,0.019505098,False,False,-325.63192478153616
1290.0,380.00000000000006,1290.0,380.00000000000006,1762.3215,73.47503,0.02293579,False,False,-344.8048185517481
1310.0,380.00000000000006,1310.0,380.00000000000006,1945.1519,81.31566,0.026772102,False,False,-364.00146627487175
1330.0,380.00000000000006,1330.0,380.00000000000006,2142.4028,89.48065,0.030938115,False,False,-383.22087896329856
1350.0,380.00000000000006,1350.0,380.00000000000006,2352.5586,97.94181,0.03539539,False,False,-402.46212070059136
1370.0,380.00000000000006,1370.0,380.00000000000006,2577.926,106.66474,0.040206335,False,False,-421.7243052012581
1390.0,380.00000000000006,1390.0,380.00000000000006,2819.9868,115.631065,0.04541199,False,False,-441.0065926289165
1410.0,380.00000000000006,1410.0,380.00000000000006,3077.2573,124.839195,0.05097512,False,False,-460.30818665102333
1430.0,380.00000000000006,1430.0,380.00000000000006,3354.147,134.25008,0.057014793,False,False,-479.6283317103659
1450.0,380.00000000000006,1450.0,380.00000000000006,3650.337,143.87386,0.0635252,False,False,-498.966310495336
1470.0,380.00000000000006,1470.0,380.00000000000006,3964.5889,153.64569,0.07047659,False,False,-518.3214415926558
1490.0,380.00000000000006,1490.0,380.00000000000006,4299.228,163.42892,0.07793505,False,False,-537.6930773076922
1510.0,380.00000000000006,1510.0,380.00000000000006,4654.229,173.3897,0.08590165,False,False,-557.0806016388491
1530.0,380.00000000000006,1530.0,380.00000000000006,5027.7007,183.12138,0.09433295,False,False,-576.4834283937148
1550.0000000000002,380.00000000000006,1550.0000000000002,380.00000000000006,5421.1055,192.5684,0.10327239,False,False,-595.9009994357423
1570.0,380.00000000000006,1570.0,380.00000000000006,5840.1523,201.91269,0.11287552,False,False,-615.3327830512201
1590.0,380.00000000000006,1590.0,380.00000000000006,6280.6626,211.18456,0.12303508,False,False,-634.7782724271816
1609.9999999999998,380.00000000000006,1609.9999999999998,380.00000000000006,6738.426,220.36255,0.13364293,False,False,-654.2369842317029
1630.0,380.00000000000006,1630.0,380.00000000000006,7214.0107,229.17561,0.14472109,False,False,-673.7084572887835
1650.0000000000002,380.00000000000006,1650.0000000000002,380.00000000000006,7703.382,237.65627,0.15616557,False,False,-693.1922513406446
1670.0,380.00000000000006,1670.0,380.00000000000006,8206.636,245.77885,0.16798231,False,False,-712.6879458909027
1690.0,380.00000000000006,1690.0,380.00000000000006,8726.664,253.35628,0.18025483,False,False,-732.1951391226105
1709.9999999999998,380.00000000000006,1709.9999999999998,380.00000000000006,9271.668,260.5903,0.19320947,False,False,-751.7134468856486
1730.0,380.00000000000006,1730.0,380.00000000000006,9845.214,267.5598,0.20694917,False,False,-771.2425017484195
1750.0,380.00000000000006,1750.0,380.00000000000006,10429.326,273.79556,0.22099434,False,False,-790.7819521091899
-250.0,400.0,-250.0,400.0,17861.986,319.6579,0.41877583,False,False,-800.9243901652377
-229.99999999999997,400.0,-229.99999999999997,400.0,16996.95,314.46173,0.39494,False,False,-781.4987503174535
-210.00000000000003,400.0,-210.00000000000003,400.0,16117.295,308.16846,0.370692,False,False,-762.0859614880502
-190.00000000000003,400.0,-190.00000000000003,400.0,15216.102,300.642,0.3458177,False,False,-742.6864531417815
-170.0,400.0,-170.0,400.0,14293.832,291.94913,0.3203605,False,False,-723.300673781131
-150.0,400.0,-150.0,400.0,13359.039,281.8198,0.29454133,False,False,-703.929091994475
-130.0,400.0,-130.0,400.0,12419.198,270.132,0.26857513,False,False,-684.5721975729425
-110.0,400.0,-110.0,400.0,11468.391,256.65414,0.24229382,False,False,-665.2305027011574
-90.0,400.0,-90.0,400.0,10502.544,241.33656,0.21561018,False,False,-645.9045432275121
-70.0,400.0,-70.0,400.0,9533.9795,224.2258,0.188896,False,False,-626.5948800200933
-50.0,400.0,-50.0,400.0,8549.814,204.90018,0.16176909,False,False,-607.3021004149152
-30.0,400.0,-30.0,400.0,7559.588,183.48952,0.13455336,False,False,-588.0268197637013
-10.0,400.0,-10.0,400.0,6551.291,159.21931,0.106885895,False,False,-568.7696830890861
10.0,400.0,10.0,400.0,5527.5723,131.04385,0.078907445,False,False,-549.5313668558143
30.0,400.0,30.0,400.0,4500.803,100.77586,0.051010452,False,False,-530.3125808672767
50.0,400.0,50.0,400.0,3450.0984,66.788025,0.022504034,False,False,-511.11407029756725
70.0,400.0,70.0,400.0,2700.629,46.594387,0.0031173937,False,False,-491.9366178701755
90.0,400.0,90.0,400.0,2502.223,43.723515,1.3687531e-07,False,False,-472.7810461954332
110.0,400.0,110.0,400.0,2416.5876,42.54644,0.0,False,False,-453.6482202799723
130.0,400.0,130.0,400.0,2332.8518,41.380054,0.0,False,False,-434.5390502226656
150.0,400.0,150.0,400.0,2251.0176,40.22462,0.0,False,False,-415.45449411288536
170.0,400.0,170.0,400.0,2171.0962,39.080524,0.0,False,False,-396.3955611484092
190.00000000000003,400.0,190.00000000000003,400.0,2093.0884,37.947704,0.0,False,False,-377.3633149919439
210.00000000000003,400.0,210.00000000000003,400.0,2016.9983,36.826283,0.0,False,False,-358.3588773870525
229.99999999999997,400.0,229.99999999999997,400.0,1942.8314,35.716434,0.0,False,False,-339.383432056269
250.0,400.0,250.0,400.0,1870.5984,34.618572,0.0,False,False,-320.43822890639103
270.0,400.0,270.0,400.0,1800.3132,33.53336,0.0,False,False,-301.5245885683693
290.0,400.0,290.0,400.0,1731.9902,32.46149,0.0,False,False,-282.6439073018978
310.0,400.0,310.0,400.0,1665.6333,31.40307,0.0,False,False,-263.7976622977653
330.0,400.0,330.0,400.0,1601.2571,30.358845,0.0,False,False,-244.98741741429382
350.0,400.0,350.0,400.0,1538.8713,29.329296,0.0,False,False,-226.21482938779099
370.0,400.0,370.0,400.0,1478.4769,28.314383,0.0,False,False,-207.48165456090712
390.0,400.0,390.0,400.0,1420.075,27.314089,0.0,False,False,-188.78975617716455
410.0,400.0,410.0,400.0,1363.663,26.328274,0.0,False,False,-170.14111229474332
430.0,400.0,430.0,400.0,1309.2437,25.356989,0.0,False,False,-151.5378243779034
450.0,400.0,450.0,400.0,1256.8147,24.400011,0.0,False,False,-132.98212663025362
470.00000000000006,400.0,470.00000000000006,400.0,1206.3824,23.457651,0.0,False,False,-114.47639614046045
490.0,400.0,490.0,400.0,1157.9504,22.530056,0.0,False,False,-96.02316391800997
510.00000000000006,400.0,510.00000000000006,400.0,1111.5154,21.616934,0.0,False,False,-77.62512690427819
530.0,400.0,530.0,400.0,1067.0735,20.717968,0.0,False,False,-59.285161052526846
550.0,400.0,550.0,400.0,1024.6257,19.833197,0.0,False,False,-41.00633557951733
570.0,400.0,570.0,400.0,984.1764,18.962795,0.0,False,False,-22.791928501252446
590.0,400.0,590.0,400.0,945.7236,18.106632,0.0,False,False,-4.645443575955088
610.0,400.0,610.0,400.0,909.272,17.265062,0.0,False,True,13.429371211293283
630.0,400.0,630.0,400.0,874.82697,16.438465,0.0,False,True,31.428503475783355
650.0,400.0,650.0,400.0,842.3939,15.627263,0.0,False,True,49.34765441315131
670.0,400.0,670.0,400.0,811.97284,14.831467,0.0,False,True,67.1822147598205
690.0,400.0,690.0,400.0,783.5653,14.0512085,0.0,False,True,84.92723854820694
710.0,400.0,710.0,400.0,757.17163,13.286578,0.0,False,True,102.57741445758856
730.0,400.0,730.0,400.0,732.7977,12.538148,0.0,False,True,120.12703454859852
750.0,400.0,750.0,400.0,710.4496,11.806543,0.0,False,True,137.56996015742823
770.0,400.0,770.0,400.0,690.12866,11.092087,0.0,False,True,132.30189581859753
789.9999999999999,400.0,789.9999999999999,400.0,671.833,10.394898,0.0,False,True,114.50578770948489
810.0,400.0,810.0,400.0,655.56213,9.7153,0.0,False,True,96.61746751445305
830.0,400.0,830.0,400.0,641.31665,9.053793,0.0,False,True,78.6423061590032
850.0,400.0,850.0,400.0,629.10156,8.411496,0.0,False,True,60.58528859720319
869.9999999999999,400.0,869.9999999999999,400.0,618.9203,7.789546,0.0,False,True,42.451045637874444
890.0000000000001,400.0,890.0000000000001,400.0,610.7744,7.189222,0.0,False,True,24.243882929755657
910.0,400.0,910.0,400.0,604.66235,6.6118183,0.0,False,True,5.967807362357025
930.0,400.0,930.0,400.0,600.6955,6.055222,2.7639326e-06,False,False,-12.373448881389915
950.0,400.0,950.0,400.0,600.31757,5.550526,4.5045657e-05,False,False,-30.7764064044152
969.9999999999999,400.0,969.9999999999999,400.0,602.4327,5.331141,9.8986e-05,False,False,-49.237818609298934
990.0,400.0,990.0,400.0,609.1685,5.463795,0.00021912294,False,False,-67.75465346679727
1010.0,400.0,1010.0,400.0,623.3174,6.3721123,0.0004771704,False,False,-86.32407687577293
1030.0,400.0,1030.0,400.0,642.942,8.23448,0.0008237846,False,False,-104.94343746637091
1050.0,400.0,1050.0,400.0,668.5226,10.785974,0.0012715792,False,False,-123.6102527122116
1070.0,400.0,1070.0,400.0,699.9501,13.829465,0.0018179817,False,False,-142.32219623011804
1090.0,400.0,1090.0,400.0,740.312,17.288555,0.002542905,False,False,-161.07708615750417
1110.0,400.0,1110.0,400.0,791.5216,21.211779,0.0034959714,False,False,-179.8728745080972
1130.0,400.0,1130.0,400.0,852.3441,25.600542,0.0046458007,False,False,-198.70763741623006
1150.0,400.0,1150.0,400.0,928.3252,30.466373,0.0061366213,False,False,-217.57956618859225
1170.0,400.0,1170.0,400.0,1014.7938,35.814674,0.007848237,False,False,-236.48695909014762
1190.0,400.0,1190.0,400.0,1110.023,41.581703,0.009736352,False,False,-255.42821379798542
1210.0,400.0,1210.0,400.0,1222.1237,47.705116,0.012012808,False,False,-274.40182046323207
1230.0,400.0,1230.0,400.0,1350.095,54.249313,0.014652783,False,False,-293.4063553268941
1250.0,400.0,1250.0,400.0,1490.3704,61.18879,0.017564313,False,False,-312.4404748406688
1270.0,400.0,1270.0,400.0,1642.885,68.47984,0.020746823,False,False,-331.50291024841556
1290.0,400.0,1290.0,400.0,1812.0859,76.09138,0.024317872,False,False,-350.5924625881783
1310.0,400.0,1310.0,400.0,1998.1658,84.02362,0.028284013,False,False,-369.70799807842246
1330.0,400.0,1330.0,400.0,2196.917,92.27499,0.032536358,False,False,-388.84844385555635
1350.0,400.0,1350.0,400.0,2409.44,100.80719,0.037105136,False,False,-408.0127840328725
1370.0,400.0,1370.0,400.0,2637.6602,109.59438,0.042042702,False,False,-427.20005605381067
1390.0,400.0,1390.0,400.0,2882.499,118.62304,0.047375247,False,False,-446.4093473149294
1410.0,400.0,1410.0,400.0,3142.5676,127.88675,0.05306799,False,False,-465.63979203622876
1430.0,400.0,1430.0,400.0,3425.0671,137.33986,0.05931381,False,False,-484.89056835849027
1450.0,400.0,1450.0,400.0,3722.7861,147.02673,0.06592406,False,False,-504.1608956491325
1470.0,400.0,1470.0,400.0,4041.732,156.79448,0.07306163,False,False,-523.450031999737
1490.0,400.0,1490.0,400.0,4380.533,166.60696,0.08069359,False,False,-542.7572718998929
1510.0,400.0,1510.0,400.0,4738.835,176.56682,0.08881253,False,False,-562.0819440733574
1530.0,400.0,1530.0,400.0,5116.389,186.19475,0.09741947,False,False,-581.4234094637656
1550.0000000000002,400.0,1550.0000000000002,400.0,5515.555,195.6197,0.106579944,False,False,-600.7810593582122
1570.0,400.0,1570.0,400.0,5939.021,204.93626,0.11636926,False,False,-620.1543136380559
1590.0,400.0,1590.0,400.0,6382.8374,214.19945,0.126686,False,False,-639.5426191471818
1609.9999999999998,400.0,1609.9999999999998,400.0,6844.672,223.31581,0.1374726,False,False,-658.9454481688059
1630.0,400.0,1630.0,400.0,7322.131,232.03188,0.1486716,False,False,-678.3622970026465
1650.0000000000002,400.0,1650.0000000000002,400.0,7813.4497,240.48373,0.16023847,False,False,-697.7926846349645
1670.0,400.0,1670.0,400.0,8319.018,248.4205,0.17218885,False,False,-717.2361514946043
1690.0,400.0,1690.0,400.0,8844.59,255.91187,0.1846813,False,False,-736.6922582887275
1709.9999999999998,400.0,1709.9999999999998,400.0,9396.738,263.07568,0.19789872,False,False,-756.160584912439
1730.0,400.0,1730.0,400.0,9974.525,269.90668,0.21182188,False,False,-775.6407294269865
1750.0,400.0,1750.0,400.0,10563.031,275.96957,0.22605436,False,False,-795.1323071016245
-250.0,420.00000000000006,-250.0,420.00000000000006,18092.285,320.8853,0.42689228,False,False,-805.7618346499271
-229.99999999999997,420.00000000000006,-229.99999999999997,420.00000000000006,17233.291,315.95786,0.40331456,False,False,-786.3887991612817
-210.00000000000003,420.00000000000006,-210.00000000000003,420.00000000000006,16354.864,309.99445,0.37919265,False,False,-767.0297337791188
-190.00000000000003,420.00000000000006,-190.00000000000003,420.00000000000006,15459.164,302.78384,0.35456452,False,False,-747.6851027430884
-170.0,420.00000000000006,-170.0,420.00000000000006,14539.703,294.3647,0.3292684,False,False,-728.3553907228503
-150.0,420.00000000000006,-150.0,420.00000000000006,13606.224,284.7076,0.3035856,False,False,-709.0411039326566
-130.0,420.00000000000006,-130.0,420.00000000000006,12664.07,273.46143,0.27764505,False,False,-689.7427713181584
-110.0,420.00000000000006,-110.0,420.00000000000006,11714.621,260.50882,0.2514906,False,False,-670.4609458208193
-90.0,420.00000000000006,-90.0,420.00000000000006,10749.8125,245.74226,0.22491628,False,False,-651.196205725777
-70.0,420.00000000000006,-70.0,420.00000000000006,9779.281,229.12758,0.19821632,False,False,-631.9491560994844
-50.0,420.00000000000006,-50.0,420.00000000000006,8798.386,210.4056,0.17124593,False,False,-612.7204303240026
-30.0,420.00000000000006,-30.0,420.00000000000006,7806.633,189.59494,0.1440395,False,False,-593.5106917354058
-10.0,420.00000000000006,-10.0,420.00000000000006,6804.771,166.27332,0.11660521,False,False,-574.3206353744048
10.0,420.00000000000006,10.0,420.00000000000006,5780.9272,139.01909,0.08864789,False,False,-555.1509898579895
30.0,420.00000000000006,30.0,420.00000000000006,4753.3975,109.17482,0.06073761,False,False,-536.0025193816911
50.0,420.00000000000006,50.0,420.00000000000006,3709.6733,75.800835,0.032459952,False,False,-516.8760258628647
70.0,420.00000000000006,70.0,420.00000000000006,2796.0535,48.957638,0.008129396,False,False,-497.7723512363737
90.0,420.00000000000006,90.0,420.00000000000006,2435.7812,42.148067,0.0002838638,False,False,-478.69237991502206
110.0,420.00000000000006,110.0,420.00000000000006,2343.7131,40.93831,0.0,False,False,-459.6370414282339
130.0,420.00000000000006,130.0,420.00000000000006,2263.7842,39.81896,0.0,False,False,-440.60731325367925
150.0,420.00000000000006,150.0,420.00000000000006,2185.6768,38.71038,0.0,False,False,-421.60422385789263
170.0,420.00000000000006,170.0,420.00000000000006,2109.3933,37.612614,0.0,False,False,-402.6288559634077
190.00000000000003,420.00000000000006,190.00000000000003,420.00000000000006,2034.939,36.52581,0.0,False,False,-383.68235006154276
210.00000000000003,420.00000000000006,210.00000000000003,420.00000000000006,1962.3215,35.45029,0.0,False,False,-364.76590819174936
229.99999999999997,420.00000000000006,229.99999999999997,420.00000000000006,1891.5544,34.386658,0.0,False,False,-345.88079801038367
250.0,420.00000000000006,250.0,420.00000000000006,1822.6532,33.335625,0.0,False,False,-327.028357173909
270.0,420.00000000000006,270.0,420.00000000000006,1755.6243,32.29746,0.0,False,False,-308.2099980638812
290.0,420.00000000000006,290.0,420.00000000000006,1690.477,31.272596,0.0,False,False,-289.42721288365743
310.0,420.00000000000006,310.0,420.00000000000006,1627.2246,30.261692,0.0,False,False,-270.68157915959944
330.0,420.00000000000006,330.0,420.00000000000006,1565.8684,29.264742,0.0,False,False,-251.97476568265935
350.0,420.00000000000006,350.0,420.00000000000006,1506.4076,28.281607,0.0,False,False,-233.30853892964132
370.0,420.00000000000006,370.0,420.00000000000006,1448.8428,27.312256,0.0,False,False,-214.68477000717462
390.0,420.00000000000006,390.0,420.00000000000006,1393.1736,26.356642,0.0,False,False,-196.1054421655306
410.0,420.00000000000006,410.0,420.00000000000006,1339.4001,25.414705,0.0,False,False,-177.5726589338833
430.0,420.00000000000006,430.0,420.00000000000006,1287.5231,24.486374,0.0,False,False,-159.0886529335157
450.0,420.00000000000006,450.0,420.00000000000006,1237.5486,23.571957,0.0,False,False,-140.65579543079042
470.00000000000006,420.00000000000006,470.00000000000006,420.00000000000006,1189.4769,22.671392,0.0,False,False,-122.27660669750456
490.0,420.00000000000006,490.0,420.00000000000006,1143.3054,21.784418,0.0,False,False,-103.95376725254313
510.00000000000006,420.00000000000006,510.00000000000006,420.00000000000006,1099.0333,20.910915,0.0,False,False,-85.690130065526
530.0,420.00000000000006,530.0,420.00000000000006,1056.6635,20.051037,0.0,False,False,-67.4887338104861
550.0,420.00000000000006,550.0,420.00000000000006,1016.1958,19.204725,0.0,False,False,-49.352817265447655
570.0,420.00000000000006,570.0,420.00000000000006,977.63,18.371902,0.0,False,False,-31.285834962135052
590.0,420.00000000000006,590.0,420.00000000000006,940.972,17.552988,0.0,False,False,-13.291474198892427
610.0,420.00000000000006,610.0,420.00000000000006,906.2268,16.748318,0.0,False,True,4.626326460870633
630.0,420.00000000000006,630.0,420.00000000000006,873.3973,15.958105,0.0,False,True,22.463357072791013
650.0,420.00000000000006,650.0,420.00000000000006,842.48486,15.182452,0.0,False,True,40.21511443656589
670.0,420.00000000000006,670.0,420.00000000000006,813.49023,14.421397,0.0,False,True,57.87677831048516
690.0,420.00000000000006,690.0,420.00000000000006,786.4137,13.675004,0.0,False,True,75.44318555469664
710.0,420.00000000000006,710.0,420.00000000000006,761.2621,12.943796,0.0,False,True,92.90880203374047
730.0,420.00000000000006,730.0,420.00000000000006,738.0397,12.228254,0.0,False,True,110.26769210144988
750.0,420.00000000000006,750.0,420.00000000000006,716.74774,11.528551,0.0,False,True,127.51348548582314
770.0,420.00000000000006,770.0,420.00000000000006,697.385,10.84476,0.0,False,True,122.90251397008322
789.9999999999999,420.00000000000006,789.9999999999999,420.00000000000006,679.9509,10.177067,0.0,False,True,105.29334416245678
810.0,420.00000000000006,810.0,420.00000000000006,664.4453,9.525748,0.0,False,True,87.5856204552669
830.0,420.00000000000006,830.0,420.00000000000006,650.87244,8.891578,0.0,False,True,69.78497109539234
850.0,420.00000000000006,850.0,420.00000000000006,639.23627,8.275421,0.0,False,True,51.89663010829876
869.9999999999999,420.00000000000006,869.9999999999999,420.00000000000006,629.53815,7.678135,0.0,False,True,33.92546871372293
890.0000000000001,420.00000000000006,890.0000000000001,420.00000000000006,621.7773,7.100498,0.0,False,True,15.876024070137607
910.0,420.00000000000006,910.0,420.00000000000006,615.9552,6.543839,0.0,False,False,-2.247474429344809
930.0,420.00000000000006,930.0,420.00000000000006,612.7413,5.9967055,1.6981474e-05,False,False,-20.441081101697012
950.0,420.00000000000006,950.0,420.00000000000006,612.8249,5.5913196,6.861889e-05,False,False,-38.70111196628645
969.9999999999999,420.00000000000006,969.9999999999999,420.00000000000006,615.2102,5.4929647,0.0001295672,False,False,-57.02412460643491
990.0,420.00000000000006,990.0,420.00000000000006,624.3174,5.84479,0.00031300707,False,False,-75.40689973609533
1010.0,420.00000000000006,1010.0,420.00000000000006,640.06177,7.1220937,0.0006170902,False,False,-93.84642432107454
1030.0,420.00000000000006,1030.0,420.00000000000006,661.11414,9.245022,0.0010080119,False,False,-112.33987611700769
1050.0,420.00000000000006,1050.0,420.00000000000006,687.5338,11.97736,0.0014874995,False,False,-130.88460949824588
1070.0,420.00000000000006,1070.0,420.00000000000006,720.8091,15.15606,0.002094103,False,False,-149.4781424629179
1090.0,420.00000000000006,1090.0,420.00000000000006,764.3049,18.767712,0.0029148057,False,False,-168.11814470968656
1110.0,420.00000000000006,1110.0,420.00000000000006,817.624,22.85861,0.003939701,False,False,-186.80242669114892
1130.0,420.00000000000006,1130.0,420.00000000000006,883.52405,27.400398,0.005240631,False,False,-205.5289295574786
1150.0,420.00000000000006,1150.0,420.00000000000006,961.8246,32.443478,0.00681372,False,False,-224.29571591180542
1170.0,420.00000000000006,1170.0,420.00000000000006,1050.3983,37.93867,0.008604479,False,False,-243.1009613060398
1190.0,420.00000000000006,1190.0,420.00000000000006,1148.4758,43.817753,0.010593554,False,False,-261.9429464123963
1210.0,420.00000000000006,1210.0,420.00000000000006,1266.5227,50.074512,0.013054045,False,False,-280.8200498118383
1230.0,420.00000000000006,1230.0,420.00000000000006,1397.1636,56.75043,0.015795138,False,False,-299.7307413460682
1250.0,420.00000000000006,1250.0,420.00000000000006,1539.5018,63.803837,0.018794358,False,False,-318.6735759845953
1270.0,420.00000000000006,1270.0,420.00000000000006,1696.1598,71.18858,0.022121297,False,False,-337.647188162858
1290.0,420.00000000000006,1290.0,420.00000000000006,1869.7777,78.89254,0.02584625,False,False,-356.6502865514016
1310.0,420.00000000000006,1310.0,420.00000000000006,2058.3838,86.92147,0.029919028,False,False,-375.6816492197604
1330.0,420.00000000000006,1330.0,420.00000000000006,2259.4526,95.25451,0.03427475,False,False,-394.74011916198936
1350.0,420.00000000000006,1350.0,420.00000000000006,2474.9734,103.85663,0.038967013,False,False,-413.8246001537816
1370.0,420.00000000000006,1370.0,420.00000000000006,2706.8018,112.70646,0.044046253,False,False,-432.9340529138109
1390.0,420.00000000000006,1390.0,420.00000000000006,2953.9695,121.80136,0.04948877,False,False,-452.0674915443841
1410.0,420.00000000000006,1410.0,420.00000000000006,3219.175,131.10997,0.055367693,False,False,-471.2239802287073
1430.0,420.00000000000006,1430.0,420.00000000000006,3504.9521,140.62495,0.0617523,False,False,-490.40263016407766
1450.0,420.00000000000006,1450.0,420.00000000000006,3807.6733,150.35321,0.06854895,False,False,-509.60259671212833
1470.0,420.00000000000006,1470.0,420.00000000000006,4130.662,160.10062,0.07584979,False,False,-528.823076748909
1490.0,420.00000000000006,1490.0,420.00000000000006,4473.877,169.96678,0.08365575,False,False,-548.0633061990713
1510.0,420.00000000000006,1510.0,420.00000000000006,4836.7163,179.85036,0.09195463,False,False,-567.3225577397907
1530.0,420.00000000000006,1530.0,420.00000000000006,5218.8965,189.39868,0.10074522,False,False,-586.6001386612822
1550.0000000000002,420.00000000000006,1550.0000000000002,420.00000000000006,5625.6245,198.79633,0.110168435,False,False,-605.8953888718908
1570.0,420.00000000000006,1570.0,420.00000000000006,6054.127,208.0873,0.12015416,False,False,-625.207679036744
1590.0,420.00000000000006,1590.0,420.00000000000006,6500.622,217.33728,0.13060513,False,False,-644.5364088398894
1609.9999999999998,420.00000000000006,1609.9999999999998,420.00000000000006,6966.356,226.3526,0.14155996,False,False,-663.8810053606596
1630.0,420.00000000000006,1630.0,420.00000000000006,7445.542,234.97276,0.1528697,False,False,-683.2409215557944
1650.0000000000002,420.00000000000006,1650.0000000000002,420.00000000000006,7940.032,243.34244,0.16458598,False,False,-702.6156348395255
1670.0,420.00000000000006,1670.0,420.00000000000006,8449.732,251.11241,0.17671236,False,False,-722.0046457544763
1690.0,420.00000000000006,1690.0,420.00000000000006,8982.753,258.50122,0.18946993,False,False,-741.4074767268002
1709.9999999999998,420.00000000000006,1709.9999999999998,420.00000000000006,9544.137,265.5941,0.20299998,False,False,-760.8236708995025
1730.0,420.00000000000006,1730.0,420.00000000000006,10121.837,272.2206,0.21698406,False,False,-780.2527910383963
1750.0,420.00000000000006,1750.0,420.00000000000006,10718.513,278.14096,0.23150012,False,False,-799.6944185055421
-250.0,440.0,-250.0,440.0,18343.855,322.0225,0.4353549,False,False,-810.8072641406395
-229.99999999999997,440.0,-229.99999999999997,440.0,17490.297,317.36343,0.41200686,False,False,-791.4887904073315
-210.00000000000003,440.0,-210.00000000000003,440.0,16615.814,311.74002,0.3880757,False,False,-772.1854373754854
-190.00000000000003,440.0,-190.00000000000003,440.0,15725.5205,304.94086,0.36368877,False,False,-752.8977045841428
-170.0,440.0,-170.0,440.0,14812.35,296.8366,0.33864725,False,False,-733.6261133897855
-150.0,440.0,-150.0,440.0,13880.889,287.60397,0.31310502,False,False,-714.3712081453043
-130.0,440.0,-130.0,440.0,12937.278,276.8688,0.28721175,False,False,-695.1335574544585
-110.0,440.0,-110.0,440.0,11986.538,264.4106,0.26110175,False,False,-675.9137555073718
-90.0,440.0,-90.0,440.0,11026.134,250.21118,0.23472667,False,False,-656.712423503077
-70.0,440.0,-70.0,440.0,10053.73,234.19623,0.2080411,False,False,-637.5302111656008
-50.0,440.0,-50.0,440.0,9075.568,216.15718,0.18121664,False,False,-618.3677983606423
-30.0,440.0,-30.0,440.0,8083.0845,195.90146,0.15403429,False,False,-599.2258968204865
-10.0,440.0,-10.0,440.0,7086.205,173.50946,0.1267924,False,False,-580.1052519854195
10.0,440.0,10.0,440.0,6065.619,147.5326,0.098951764,False,False,-561.0066449706491
30.0,440.0,30.0,440.0,5036.3784,118.08386,0.07099613,False,False,-541.9308946684799
50.0,440.0,50.0,440.0,4002.484,86.27167,0.04302655,False,False,-522.8788599963409
70.0,440.0,70.0,440.0,2992.3242,54.907585,0.015831016,False,False,-503.85144230218833
90.0,440.0,90.0,440.0,2427.0532,41.470554,0.0019327794,False,False,-484.84958793979825
110.0,440.0,110.0,440.0,2279.0117,39.4762,0.0,False,False,-465.87429102757824
130.0,440.0,130.0,440.0,2202.5576,38.400127,0.0,False,False,-446.9265964057132
150.0,440.0,150.0,440.0,2127.8486,37.33459,0.0,False,False,-428.0076028077855
170.0,440.0,170.0,440.0,2054.8882,36.279633,0.0,False,False,-409.1184662644425
190.00000000000003,440.0,190.00000000000003,440.0,1983.6901,35.235886,0.0,False,False,-390.2604037582567
210.00000000000003,440.0,210.00000000000003,440.0,1914.2671,34.20396,0.0,False,False,-371.4346971506472
229.99999999999997,440.0,229.99999999999997,440.0,1846.6311,33.184364,0.0,False,False,-352.64269740360635
250.0,440.0,250.0,440.0,1780.7869,32.177307,0.0,False,False,-333.88582912103874
270.0,440.0,270.0,440.0,1716.7485,31.18347,0.0,False,False,-315.16559543676357
290.0,440.0,290.0,440.0,1654.52,30.202972,0.0,False,False,-296.4835832786906
310.0,440.0,310.0,440.0,1594.1001,29.235659,0.0,False,False,-277.8414690413559
330.0,440.0,330.0,440.0,1535.4886,28.281454,0.0,False,False,-259.241024701938
350.0,440.0,350.0,440.0,1478.6863,27.34033,0.0,False,False,-240.68412441805808
370.0,440.0,370.0,440.0,1423.6931,26.412266,0.0,False,False,-222.1727516491357
390.0,440.0,390.0,440.0,1370.5084,25.49714,0.0,False,False,-203.70900684685256
410.0,440.0,410.0,440.0,1319.1353,24.595034,0.0,False,False,-185.2951157643623
430.0,440.0,430.0,440.0,1269.5771,23.706112,0.0,False,False,-166.9334384383152
450.0,440.0,450.0,440.0,1221.8334,22.830236,0.0,False,False,-148.62647890255704
470.00000000000006,440.0,470.00000000000006,440.0,1175.9036,21.967287,0.0,False,False,-130.3768956974936
490.0,440.0,490.0,440.0,1131.7891,21.117273,0.0,False,False,-112.18751324465026
510.00000000000006,440.0,510.00000000000006,440.0,1089.4907,20.28026,0.0,False,False,-94.06133416181723
530.0,440.0,530.0,440.0,1049.0078,19.456125,0.0,False,False,-76.0015526004375
550.0,440.0,550.0,440.0,1010.3408,18.644842,0.0,False,False,-58.011568693447146
570.0,440.0,570.0,440.0,973.4975,17.846893,0.0,False,False,-40.09500420864681
590.0,440.0,590.0,440.0,938.4805,17.062489,0.0,False,False,-22.255719509752524
610.0,440.0,610.0,440.0,905.29156,16.291739,0.0,False,False,-4.497831934453911
630.0,440.0,630.0,440.0,873.933,15.534787,0.0,False,True,13.174264294027072
650.0,440.0,650.0,440.0,844.4057,14.791693,0.0,False,True,30.755876498468947
670.0,440.0,670.0,440.0,816.70966,14.062421,0.0,False,True,48.241990192429306
690.0,440.0,690.0,440.0,790.85095,13.347459,0.0,False,True,65.62724380283646
710.0,440.0,710.0,440.0,766.83435,12.647214,0.0,False,True,82.90590133067532
730.0,440.0,730.0,440.0,744.6601,11.9617605,0.0,False,True,100.07182280766574
750.0,440.0,750.0,440.0,724.3274,11.291136,0.0,False,True,117.11843240707876
770.0,440.0,770.0,440.0,705.83575,10.635437,0.0,False,True,113.15164768715957
789.9999999999999,440.0,789.9999999999999,440.0,689.1848,9.994813,0.0,False,True,95.732340509736
810.0,440.0,810.0,440.0,674.37805,9.369788,0.0,False,True,78.20826647230106
830.0,440.0,830.0,440.0,661.4194,8.761075,0.0,False,True,60.58528859720319
850.0,440.0,850.0,440.0,650.3102,8.169214,0.0,False,True,42.86887000787603
869.9999999999999,440.0,869.9999999999999,440.0,641.0504,7.5947595,0.0,False,True,25.06410467149167
890.0000000000001,440.0,890.0000000000001,440.0,633.6405,7.0384746,0.0,False,True,7.175745662909295
910.0,440.0,910.0,440.0,628.1378,6.499187,1.4009129e-06,False,False,-10.79176886241029
930.0,440.0,930.0,440.0,625.95526,5.9865384,4.0253915e-05,False,False,-28.83429180796654
950.0,440.0,950.0,440.0,626.1725,5.709591,9.314416e-05,False,False,-46.947945219818486
969.9999999999999,440.0,969.9999999999999,440.0,630.4232,5.726553,0.000201928,False,False,-65.12910015640821
990.0,440.0,990.0,440.0,641.7626,6.4141316,0.00044495508,False,False,-83.37435819757161
1010.0,440.0,1010.0,440.0,658.51154,8.04593,0.00077948754,False,False,-101.68053445633684
1030.0,440.0,1030.0,440.0,680.9217,10.409167,0.0012122353,False,False,-120.04464196745296
1050.0,440.0,1050.0,440.0,708.88245,13.301758,0.0017405594,False,False,-138.46387733647487
1070.0,440.0,1070.0,440.0,745.1376,16.622725,0.0024353426,False,False,-156.93560754261532
1090.0,440.0,1090.0,440.0,791.9535,20.407825,0.003355244,False,False,-175.45735779738104
1110.0,440.0,1110.0,440.0,848.01,24.66447,0.0044666,False,False,-194.02680036923798
1130.0,440.0,1130.0,440.0,918.73,29.388319,0.005910186,False,False,-212.64174429218784
1150.0,440.0,1150.0,440.0,999.77576,34.60037,0.00757454,False,False,-231.30012588320653
1170.0,440.0,1170.0,440.0,1089.6144,40.238087,0.00942043,False,False,-250.0000000000001
1190.0,440.0,1190.0,440.0,1194.8389,46.229877,0.011619739,False,False,-268.7395319765205
1210.0,440.0,1210.0,440.0,1316.2126,52.636635,0.014193391,False,False,-287.5169901791587
1230.0,440.0,1230.0,440.0,1449.7615,59.441677,0.017038962,False,False,-306.33073913155687
1250.0,440.0,1250.0,440.0,1595.0403,66.60321,0.020145766,False,False,-325.1792331605564
1270.0,440.0,1270.0,440.0,1756.44,74.085686,0.02362945,False,False,-344.0610105199838
1290.0,440.0,1290.0,440.0,1934.609,81.88788,0.027508318,False,False,-362.9746879527881
1310.0,440.0,1310.0,440.0,2125.3083,90.01352,0.031672757,False,False,-381.9189556555045
1330.0,440.0,1330.0,440.0,2329.389,98.42485,0.03614626,False,False,-400.8925726121902
1350.0,440.0,1350.0,440.0,2548.78,107.09493,0.040980887,False,False,-419.8943622678414
1370.0,440.0,1370.0,440.0,2784.5938,116.009155,0.04620753,False,False,-438.92320851392213
1390.0,440.0,1390.0,440.0,3035.1187,125.16441,0.051782813,False,False,-457.9780519610026
1410.0,440.0,1410.0,440.0,3307.554,134.5116,0.057898574,False,False,-477.0578864756791
1430.0,440.0,1430.0,440.0,3595.3398,144.09569,0.06438381,False,False,-496.1617559608989
1450.0,440.0,1450.0,440.0,3904.3804,153.83418,0.07139708,False,False,-515.2887513606111
1470.0,440.0,1470.0,440.0,4232.506,163.58252,0.07888502,False,False,-534.4380078712859
1490.0,440.0,1490.0,440.0,4580.1074,173.50388,0.08685924,False,False,-553.6087023443193
1510.0,440.0,1510.0,440.0,4948.658,183.27544,0.09536428,False,False,-572.8000508646992
1530.0,440.0,1530.0,440.0,5336.953,192.73242,0.10437299,False,False,-592.0113064925138
1550.0000000000002,440.0,1550.0000000000002,440.0,5750.0537,202.09384,0.11402185,False,False,-611.2417571550212
1570.0,440.0,1570.0,440.0,6183.2354,211.37857,0.124188915,False,False,-630.4907236779975
1590.0,440.0,1590.0,440.0,6634.8706,220.58406,0.13483468,False,False,-649.7575579460156
1609.9999999999998,440.0,1609.9999999999998,440.0,7103.766,229.47516,0.14593294,False,False,-669.0416411821485
1630.0,440.0,1630.0,440.0,7585.294,238.02014,0.1573644,False,False,-688.3423823383691
1650.0000000000002,440.0,1650.0000000000002,440.0,8083.975,246.2555,0.16925247,False,False,-707.6592165886028
1670.0,440.0,1670.0,440.0,8599.593,253.86961,0.18159737,False,False,-726.9916039170545
1690.0,440.0,1690.0,440.0,9140.763,261.13544,0.19463356,False,False,-746.3390277950043
1709.9999999999998,440.0,1709.9999999999998,440.0,9710.097,268.16537,0.20843598,False,False,-765.7009939398006
1730.0,440.0,1730.0,440.0,10290.992,274.51382,0.2225652,False,False,-785.0770291502829
1750.0,440.0,1750.0,440.0,10894.818,280.3141,0.23733167,False,False,-804.4666802132981
-250.0,459.99999999999994,-250.0,459.99999999999994,18618.71,323.0394,0.44424993,False,False,-816.0589451476359
-229.99999999999997,459.99999999999994,-229.99999999999997,459.99999999999994,17769.535,318.7922,0.42110285,False,False,-796.7969363679803
-210.00000000000003,459.99999999999994,-210.00000000000003,459.99999999999994,16901.338,313.4592,0.39741296,False,False,-777.5512281878059
-190.00000000000003,459.99999999999994,-190.00000000000003,459.99999999999994,16014.309,307.08405,0.37319744,False,False,-758.3223558615736
-170.0,459.99999999999994,-170.0,459.99999999999994,15108.553,299.36728,0.34843767,False,False,-739.110877837641
-150.0,459.99999999999994,-150.0,459.99999999999994,14181.572,290.51215,0.32309467,False,False,-719.9173769992054
-130.0,459.99999999999994,-130.0,459.99999999999994,13238.131,280.26318,0.29728305,False,False,-700.7424619837197
-110.0,459.99999999999994,-110.0,459.99999999999994,12287.848,268.43674,0.27127016,False,False,-681.5867685864622
-90.0,459.99999999999994,-90.0,459.99999999999994,11329.326,254.81685,0.245018,False,False,-662.4509612543992
-70.0,459.99999999999994,-70.0,459.99999999999994,10355.653,239.3274,0.21835513,False,False,-643.3357346769691
-50.0,459.99999999999994,-50.0,459.99999999999994,9379.07,222.0668,0.19164535,False,False,-624.2418154809675
-30.0,459.99999999999994,-30.0,459.99999999999994,8390.035,202.49728,0.164604,False,False,-605.1699640373058
-10.0,459.99999999999994,-10.0,459.99999999999994,7393.2393,180.91975,0.13741127,False,False,-586.1209763880381
10.0,459.99999999999994,10.0,459.99999999999994,6381.4385,156.27065,0.109842576,False,False,-567.095686302773
30.0,459.99999999999994,30.0,459.99999999999994,5350.8877,127.74742,0.08185688,False,False,-548.0949674743392
50.0,459.99999999999994,50.0,459.99999999999994,4321.6416,97.22893,0.054041028,False,False,-529.1197358643936
70.0,459.99999999999994,70.0,459.99999999999994,3273.7231,63.691257,0.025756508,False,False,-510.1709522105798
90.0,459.99999999999994,90.0,459.99999999999994,2512.0137,43.037144,0.006002523,False,False,-491.24962470782384
110.0,459.99999999999994,110.0,459.99999999999994,2230.0317,38.207943,0.00023418147,False,False,-472.35681187742057
130.0,459.99999999999994,130.0,459.99999999999994,2148.1833,37.10673,0.0,False,False,-453.493625638743
150.0,459.99999999999994,150.0,459.99999999999994,2076.5964,36.081337,0.0,False,False,-434.661234599679
170.0,459.99999999999994,170.0,459.99999999999994,2006.7026,35.06706,0.0,False,False,-415.8608675832848
190.00000000000003,459.99999999999994,190.00000000000003,459.99999999999994,1938.5154,34.06453,0.0,False,False,-397.09381740966404
210.00000000000003,459.99999999999994,210.00000000000003,459.99999999999994,1872.0398,33.07392,0.0,False,False,-378.3614449537264
229.99999999999997,459.99999999999994,229.99999999999997,459.99999999999994,1807.2866,32.09576,0.0,False,False,-359.6651835012696
250.0,459.99999999999994,250.0,459.99999999999994,1744.2634,31.13037,0.0,False,False,-341.0065434277932
270.0,459.99999999999994,270.0,459.99999999999994,1682.9701,30.177643,0.0,False,False,-322.38711722656075
290.0,459.99999999999994,290.0,459.99999999999994,1623.4055,29.23743,0.0,False,False,-303.80858491474527
310.0,459.99999999999994,310.0,459.99999999999994,1565.5701,28.309677,0.0,False,False,-285.2727198489849
330.0,459.99999999999994,330.0,459.99999999999994,1509.4661,27.394464,0.0,False,False,-266.7813949844006
350.0,459.99999999999994,350.0,459.99999999999994,1455.0911,26.49163,0.0,False,False,-248.3365896140514
370.0,459.99999999999994,370.0,459.99999999999994,1402.4456,25.601124,0.0,False,False,-229.94039662898157
390.0,459.99999999999994,390.0,459.99999999999994,1351.5332,24.723074,0.0,False,False,-211.5950303424297
410.0,459.99999999999994,410.0,459.99999999999994,1302.3557,23.857508,0.0,False,False,-193.3028349254391
430.0,459.99999999999994,430.0,459.99999999999994,1254.9133,23.004364,0.0,False,False,-175.0662935050542
450.0,459.99999999999994,450.0,459.99999999999994,1209.2063,22.163588,0.0,False,False,-156.88803798047945
470.00000000000006,459.99999999999994,470.00000000000006,459.99999999999994,1165.2366,21.33523,0.0,False,False,-138.77085961704321
490.0,459.99999999999994,490.0,459.99999999999994,1123.0051,20.519323,0.0,False,False,-120.71772048252905
510.00000000000006,459.99999999999994,510.00000000000006,459.99999999999994,1082.5093,19.715631,0.0,False,False,-102.73176579536897
530.0,459.99999999999994,530.0,459.99999999999994,1043.7528,18.924353,0.0,False,False,-84.81633725934867
550.0,459.99999999999994,550.0,459.99999999999994,1006.74097,18.145784,0.0,False,False,-66.97498746475111
570.0,459.99999999999994,570.0,459.99999999999994,971.4762,17.380112,0.0,False,False,-49.21149544122999
590.0,459.99999999999994,590.0,459.99999999999994,937.9599,16.627417,0.0,False,False,-31.52988345303831
610.0,459.99999999999994,610.0,459.99999999999994,906.19525,15.887905,0.0,False,False,-13.934435132398171
630.0,459.99999999999994,630.0,459.99999999999994,876.18243,15.16156,0.0,False,True,3.5702849483704724
650.0,459.99999999999994,650.0,459.99999999999994,847.92126,14.448329,0.0,False,True,20.97941016110999
670.0,459.99999999999994,670.0,459.99999999999994,821.4177,13.748658,0.0,False,True,38.28774905426891
690.0,459.99999999999994,690.0,459.99999999999994,796.6764,13.062894,0.0,False,True,55.48976082325024
710.0,459.99999999999994,710.0,459.99999999999994,773.69653,12.391044,0.0,False,True,72.57952890809122
730.0,459.99999999999994,730.0,459.99999999999994,752.4783,11.733137,0.0,False,True,89.55073261001844
750.0,459.99999999999994,750.0,459.99999999999994,733.02124,11.089232,0.0,False,True,106.39661662369981
770.0,459.99999999999994,770.0,459.99999999999994,715.3251,10.459388,0.0,False,True,103.06076014035371
789.9999999999999,459.99999999999994,789.9999999999999,459.99999999999994,699.3917,9.843938,0.0,False,True,85.83371315717397
810.0,459.99999999999994,810.0,459.99999999999994,685.2259,9.243501,0.0,False,True,68.49584005223036
830.0,459.99999999999994,830.0,459.99999999999994,672.8285,8.658422,0.0,False,True,51.053215401411336
850.0,459.99999999999994,850.0,459.99999999999994,662.2002,8.0891,0.0,False,True,33.511510673820744
869.9999999999999,459.99999999999994,869.9999999999999,459.99999999999994,653.34033,7.5359616,0.0,False,True,15.876024070137774
890.0000000000001,459.99999999999994,890.0000000000001,459.99999999999994,646.25116,6.9998355,0.0,False,False,-1.8482919085105465
910.0,459.99999999999994,910.0,459.99999999999994,641.5573,6.4675465,1.5934958e-05,False,False,-19.65680500843042
930.0,459.99999999999994,930.0,459.99999999999994,639.978,6.048925,6.615784e-05,False,False,-37.54517973917654
950.0,459.99999999999994,950.0,459.99999999999994,640.49756,5.8959866,0.00012482548,False,False,-55.50935571410265
969.9999999999999,459.99999999999994,969.9999999999999,459.99999999999994,647.3823,6.122051,0.0003011177,False,False,-73.54552767919436
990.0,459.99999999999994,990.0,459.99999999999994,660.75214,7.2013927,0.0005983788,False,False,-91.65012710116982
1010.0,459.99999999999994,1010.0,459.99999999999994,679.14655,9.137826,0.000979429,False,False,-109.81980519361801
1030.0,459.99999999999994,1030.0,459.99999999999994,702.68616,11.7165985,0.0014475415,False,False,-128.0514172678478
1050.0,459.99999999999994,1050.0,459.99999999999994,732.7726,14.764556,0.0020389608,False,False,-146.34200830293227
1070.0,459.99999999999994,1070.0,459.99999999999994,772.7352,18.2527,0.002839623,False,False,-164.68879963705342
1090.0,459.99999999999994,1090.0,459.99999999999994,822.24304,22.224646,0.0038413098,False,False,-183.0891766895681
1110.0,459.99999999999994,1110.0,459.99999999999994,883.84155,26.646976,0.0051102187,False,False,-201.54067763018335
1130.0,459.99999999999994,1130.0,459.99999999999994,957.6354,31.56865,0.006649744,False,False,-220.04098291819685
1150.0,459.99999999999994,1150.0,459.99999999999994,1041.4219,36.944805,0.008403474,False,False,-238.58790564093596
1170.0,459.99999999999994,1170.0,459.99999999999994,1134.346,42.70847,0.010349815,False,False,-257.179382586272
1190.0,459.99999999999994,1190.0,459.99999999999994,1246.7393,48.84248,0.01275775,False,False,-275.8134659894448
1210.0,459.99999999999994,1210.0,459.99999999999994,1371.5326,55.39547,0.015444699,False,False,-294.48831589937504
1230.0,459.99999999999994,1230.0,459.99999999999994,1507.803,62.327282,0.018387435,False,False,-313.202193114221
1250.0,459.99999999999994,1250.0,459.99999999999994,1657.943,69.591576,0.021649241,False,False,-331.953452640144
1270.0,459.99999999999994,1270.0,459.99999999999994,1824.645,77.174576,0.025301479,False,False,-350.7405376311174
1290.0,459.99999999999994,1290.0,459.99999999999994,2006.203,85.08267,0.029300876,False,False,-369.5619737711763
1310.0,459.99999999999994,1310.0,459.99999999999994,2199.9434,93.29775,0.033578664,False,False,-388.41636406374874
1330.0,459.99999999999994,1330.0,459.99999999999994,2407.8247,101.78471,0.03818737,False,False,-407.302383995707
1350.0,459.99999999999994,1350.0,459.99999999999994,2631.6772,110.52175,0.043176442,False,False,-426.2187770464952
1370.0,459.99999999999994,1370.0,459.99999999999994,2870.628,119.50675,0.048524503,False,False,-445.1643505151931
1390.0,459.99999999999994,1390.0,459.99999999999994,3127.2175,128.70851,0.05430012,False,False,-464.13797164065113
1410.0,459.99999999999994,1410.0,459.99999999999994,3404.2197,138.11809,0.060578402,False,False,-483.1385639919151
1430.0,459.99999999999994,1430.0,459.99999999999994,3697.791,147.74557,0.06726007,False,False,-502.1651041080671
1450.0,459.99999999999994,1450.0,459.99999999999994,4012.0588,157.47987,0.074457064,False,False,-521.2166183683374
1470.0,459.99999999999994,1470.0,459.99999999999994,4345.674,167.25562,0.082136855,False,False,-540.2921800749365
1490.0,459.99999999999994,1490.0,459.99999999999994,4699.858,177.18779,0.09033346,False,False,-559.3909067324972
1510.0,459.99999999999994,1510.0,459.99999999999994,5073.7935,186.83109,0.09903167,False,False,-578.51195750935
1530.0,459.99999999999994,1530.0,459.99999999999994,5470.6787,196.21326,0.108319476,False,False,-597.6545308670459
1550.0000000000002,459.99999999999994,1550.0000000000002,459.99999999999994,5889.6934,205.52618,0.11817728,False,False,-616.8178623456635
1570.0,459.99999999999994,1570.0,459.99999999999994,6326.9253,214.81033,0.12850429,False,False,-636.0012224934309
1590.0,459.99999999999994,1590.0,459.99999999999994,6784.2383,223.93674,0.13935477,False,False,-655.2039149301214
1609.9999999999998,459.99999999999994,1609.9999999999998,459.99999999999994,7255.7046,232.7088,0.15057611,False,False,-674.4252745345191
1630.0,459.99999999999994,1630.0,459.99999999999994,7741.926,241.18394,0.1621874,False,False,-693.6646657470305
1650.0000000000002,459.99999999999994,1650.0000000000002,459.99999999999994,8244.98,249.17203,0.17424834,False,False,-712.9214809792073
1670.0,459.99999999999994,1670.0,459.99999999999994,8769.16,256.67178,0.18687779,False,False,-732.1951391226105
1690.0,459.99999999999994,1690.0,459.99999999999994,9320.505,263.80792,0.20024207,False,False,-751.4850841500191
1709.9999999999998,459.99999999999994,1709.9999999999998,459.99999999999994,9893.118,270.727,0.21418697,False,False,-770.790783802536
1730.0,459.99999999999994,1730.0,459.99999999999994,10481.669,276.80814,0.22857714,False,False,-790.1117283566409
1750.0,459.99999999999994,1750.0,459.99999999999994,11092.053,282.49023,0.2435736,False,False,-809.4474294656919
-250.0,480.0,-250.0,480.0,18913.95,323.92645,0.45351934,False,False,-821.5150937164866
-229.99999999999997,480.0,-229.99999999999997,480.0,18069.334,320.14322,0.43057117,False,False,-802.311397879844
-210.00000000000003,480.0,-210.00000000000003,480.0,17208.121,315.14636,0.40713865,False,False,-783.1252096300514
-190.00000000000003,480.0,-190.00000000000003,480.0,16325.863,309.15454,0.38312447,False,False,-763.957100246157
-170.0,480.0,-170.0,480.0,15426.053,301.89407,0.35860175,False,False,-744.8076655607196
-150.0,480.0,-150.0,480.0,14505.352,293.3522,0.33349302,False,False,-725.677527259964
-130.0,480.0,-130.0,480.0,13566.072,283.65018,0.30787355,False,False,-706.5673342650977
-110.0,480.0,-110.0,480.0,12614.744,272.41388,0.28190586,False,False,-687.477764200553
-90.0,480.0,-90.0,480.0,11656.875,259.4545,0.25574338,False,False,-668.4095249554028
-70.0,480.0,-70.0,480.0,10687.643,244.58527,0.2292643,False,False,-649.3633563446625
-50.0,480.0,-50.0,480.0,9708.652,227.97023,0.20254305,False,False,-630.340031877751
-30.0,480.0,-30.0,480.0,8723.061,209.19742,0.17564794,False,False,-611.3403606419604
-10.0,480.0,-10.0,480.0,7726.879,188.36592,0.1485124,False,False,-592.3651893094058
10.0,480.0,10.0,480.0,6722.339,164.95343,0.12118283,False,False,-573.4154042766315
30.0,480.0,30.0,480.0,5692.538,137.59962,0.09322976,False,False,-554.491933946784
50.0,480.0,50.0,480.0,4664.2856,107.867836,0.0654442,False,False,-535.5957511650746
70.0,480.0,70.0,480.0,3620.6987,74.592545,0.037297074,False,False,-516.7278758191419
90.0,480.0,90.0,480.0,2697.814,47.82449,0.012759597,False,False,-497.8893776168729
110.0,480.0,110.0,480.0,2234.0083,37.74047,0.0017506522,False,False,-479.0813790552834
130.0,480.0,130.0,480.0,2099.9414,35.925648,2.4226028e-06,False,False,-460.305058595188
150.0,480.0,150.0,480.0,2031.1628,34.938614,0.0,False,False,-441.5616540576099
170.0,480.0,170.0,480.0,1964.112,33.963215,0.0,False,False,-422.8524662592144
190.00000000000003,480.0,190.00000000000003,480.0,1898.7072,32.999554,0.0,False,False,-404.1788629054864
210.00000000000003,480.0,210.00000000000003,480.0,1834.958,32.048084,0.0,False,False,-385.54228276193777
229.99999999999997,480.0,229.99999999999997,480.0,1772.8662,31.108805,0.0,False,False,-366.9442401253162
250.0,480.0,250.0,480.0,1712.4304,30.181547,0.0,False,False,-348.3863296186279
270.0,480.0,270.0,480.0,1653.6504,29.26621,0.0,False,False,-329.87023133575366
290.0,480.0,290.0,480.0,1596.5283,28.362835,0.0,False,False,-311.3977163635857
310.0,480.0,310.0,480.0,1541.0657,27.47145,0.0,False,False,-292.97065271190286
330.0,480.0,330.0,480.0,1487.258,26.591805,0.0,False,False,-274.5910116836933
350.0,480.0,350.0,480.0,1435.1083,25.72399,0.0,False,False,-256.26087472128074
370.0,480.0,370.0,480.0,1384.6191,24.868073,0.0,False,False,-237.98244076646492
390.0,480.0,390.0,480.0,1335.792,24.024054,0.0,False,False,-219.75803417592232
410.0,480.0,410.0,480.0,1288.6273,23.191916,0.0,False,False,-201.5901132363427
430.0,480.0,430.0,480.0,1243.1257,22.371626,0.0,False,False,-183.48127932719882
450.0,480.0,450.0,480.0,1199.2903,21.563326,0.0,False,False,-165.43428678263982
470.00000000000006,480.0,470.00000000000006,480.0,1157.1208,20.766903,0.0,False,False,-147.4520535077604
490.0,480.0,490.0,480.0,1116.6155,19.982214,0.0,False,False,-129.53767240840318
510.00000000000006,480.0,510.00000000000006,480.0,1077.7778,19.20945,0.0,False,False,-111.69442369763183
530.0,480.0,530.0,480.0,1040.6118,18.448816,0.0,False,False,-93.92578814608171
550.0,480.0,550.0,480.0,1005.12067,17.700516,0.0,False,False,-76.23546134739628
570.0,480.0,570.0,480.0,971.3059,16.96465,0.0,False,False,-58.62736907386778
590.0,480.0,590.0,480.0,939.16986,16.241383,0.0,False,False,-41.105683801061446
610.0,480.0,610.0,480.0,908.71277,15.530668,0.0,False,False,-23.67484248343843
630.0,480.0,630.0,480.0,879.93396,14.832438,0.0,False,False,-6.339565665639757
650.0,480.0,650.0,480.0,852.83966,14.147118,0.0,False,True,10.895121984162204
670.0,480.0,670.0,480.0,827.4336,13.474991,0.0,False,True,28.023869631901952
690.0,480.0,690.0,480.0,803.71576,12.816056,0.0,False,True,45.040976640380535
710.0,480.0,710.0,480.0,781.6861,12.170329,0.0,False,True,61.94036725452523
730.0,480.0,730.0,480.0,761.3446,11.53785,0.0,False,True,78.7155635325259
750.0,480.0,750.0,480.0,742.69055,10.918614,0.0,False,True,95.35965645577798
770.0,480.0,770.0,480.0,725.725,10.312808,0.0,False,True,92.64119555712685
789.9999999999999,480.0,789.9999999999999,480.0,710.4529,9.720991,0.0,False,True,75.60830812907021
810.0,480.0,810.0,480.0,696.875,9.1433735,0.0,False,True,58.45871041148698
830.0,480.0,830.0,480.0,684.9918,8.5802555,0.0,False,True,41.198664998843334
850.0,480.0,850.0,480.0,674.8026,8.031853,0.0,False,True,23.834030505057946
869.9999999999999,480.0,869.9999999999999,480.0,666.3094,7.498778,0.0,False,True,6.3702902992484045
890.0000000000001,480.0,890.0000000000001,480.0,659.59033,6.978346,1.9869476e-06,False,False,-11.187420807834359
910.0,480.0,910.0,480.0,656.02966,6.479184,4.1238265e-05,False,False,-28.83429180796654
930.0,480.0,930.0,480.0,654.65393,6.1877027,9.297556e-05,False,False,-46.56581255074449
950.0,480.0,950.0,480.0,657.28503,6.1467586,0.0002038602,False,False,-64.37775249203703
969.9999999999999,480.0,969.9999999999999,480.0,666.74805,6.7136545,0.00044629854,False,False,-82.2661410207749
990.0,480.0,990.0,480.0,681.32825,8.186106,0.00077662925,False,False,-100.22724925353505
1010.0,480.0,1010.0,480.0,701.3456,10.400547,0.0012032737,False,False,-118.2575731914361
1030.0,480.0,1030.0,480.0,726.7207,13.166269,0.0017243731,False,False,-136.35381813940327
1050.0,480.0,1050.0,480.0,760.3003,16.37482,0.0024133562,False,False,-154.51288429363146
1070.0,480.0,1070.0,480.0,804.0641,20.055994,0.0033214395,False,False,-172.73185340895398
1090.0,480.0,1090.0,480.0,856.8128,24.211853,0.004418073,False,False,-191.00797646363404
1110.0,480.0,1110.0,480.0,923.9247,28.833618,0.005842625,False,False,-209.33866224478243
1130.0,480.0,1130.0,480.0,1001.0,33.94243,0.0074820984,False,False,-227.72146678308104
1150.0,480.0,1150.0,480.0,1086.5392,39.476883,0.009298121,False,False,-246.15408357072778
1170.0,480.0,1170.0,480.0,1187.55,45.36223,0.011472994,False,False,-264.6343345014796
1190.0,480.0,1190.0,480.0,1304.002,51.660988,0.014006898,False,False,-283.16016147634514
1210.0,480.0,1210.0,480.0,1432.3,58.35639,0.016807366,False,False,-301.72961862285376
1230.0,480.0,1230.0,480.0,1572.226,65.40682,0.019869477,False,False,-320.34086507992316
1250.0,480.0,1250.0,480.0,1727.9155,72.7775,0.023301894,False,False,-338.99215830414795
1270.0,480.0,1270.0,480.0,1900.0295,80.46721,0.02712306,False,False,-357.6818478568535
1290.0,480.0,1290.0,480.0,2084.2769,88.48127,0.031222094,False,False,-376.40836963453546
1310.0,480.0,1310.0,480.0,2281.829,96.78086,0.03563069,False,False,-395.17024050830435
1330.0,480.0,1330.0,480.0,2494.4038,105.34059,0.040395092,False,False,-413.9660533407443
1350.0,480.0,1350.0,480.0,2723.0723,114.14641,0.04554485,False,False,-432.7944723511465
1370.0,480.0,1370.0,480.0,2966.241,123.19485,0.051039647,False,False,-451.6542288024378
1390.0,480.0,1390.0,480.0,3231.2178,132.4358,0.057073407,False,False,-470.5441169852743
1410.0,480.0,1410.0,480.0,3510.9712,141.91827,0.06346298,False,False,-489.46299047676916
1430.0,480.0,1430.0,480.0,3812.2847,151.5808,0.07038918,False,False,-508.40975865313203
1450.0,480.0,1450.0,480.0,4132.51,161.29015,0.077785686,False,False,-527.3833834371777
1470.0,480.0,1470.0,480.0,4471.4565,171.11336,0.08564936,False,False,-546.3828762631848
1490.0,480.0,1490.0,480.0,4832.9004,180.96185,0.09408314,False,False,-565.4072952429985
1510.0,480.0,1510.0,480.0,5213.9614,190.47469,0.10301673,False,False,-584.4557425185468
1530.0,480.0,1530.0,480.0,5618.841,199.84355,0.11256331,False,False,-603.527361787132
1550.0000000000002,480.0,1550.0000000000002,480.0,6043.256,209.12726,0.12261227,False,False,-622.6213359869271
1570.0,480.0,1570.0,480.0,6486.8525,218.35582,0.13315731,False,False,-641.7368851311102
1590.0,480.0,1590.0,480.0,6948.7056,227.37814,0.14417839,False,False,-660.8732642799691
1609.9999999999998,480.0,1609.9999999999998,480.0,7422.9243,236.0208,0.15552384,False,False,-680.0297616411441
1630.0,480.0,1630.0,480.0,7915.0557,244.38426,0.16734356,False,False,-699.205696788944
1650.0000000000002,480.0,1650.0000000000002,480.0,8424.507,252.1431,0.1796273,False,False,-718.4004189943626
1670.0,480.0,1670.0,480.0,8958.15,259.49826,0.19256154,False,False,-737.6133056580799
1690.0,480.0,1690.0,480.0,9518.934,266.55933,0.20622951,False,False,-756.843760839307
1709.9999999999998,480.0,1709.9999999999998,480.0,10096.292,273.20578,0.22035345,False,False,-776.091213873882
1730.0,480.0,1730.0,480.0,10692.686,279.10776,0.23500516,False,False,-795.3551180755298
1750.0,480.0,1750.0,480.0,11308.746,284.6868,0.25020412,False,False,-814.6349495146401
-250.0,500.0,-250.0,500.0,19230.535,324.61993,0.4632098,False,False,-827.1738781580744
-229.99999999999997,500.0,-229.99999999999997,500.0,18389.244,321.27838,0.44041377,False,False,-808.0302871671797
-210.00000000000003,500.0,-210.00000000000003,500.0,17532.07,316.71555,0.4171558,False,False,-788.9054356238206
-190.00000000000003,500.0,-190.00000000000003,500.0,16658.559,311.08566,0.39344192,False,False,-769.7999310360104
-170.0,500.0,-170.0,500.0,15764.182,304.36368,0.3691411,False,False,-750.7144068024587
-150.0,500.0,-150.0,500.0,14851.03,296.24408,0.34430164,False,False,-731.6495235688719
-130.0,500.0,-130.0,500.0,13918.518,286.9893,0.31893158,False,False,-712.6059706677768
-110.0,500.0,-110.0,500.0,12968.556,276.3426,0.29307097,False,False,-693.5844676476974
-90.0,500.0,-90.0,500.0,12010.022,264.02167,0.26695645,False,False,-674.5857658979877
-70.0,500.0,-70.0,500.0,11044.538,249.90688,0.24064477,False,False,-655.6106503760983
-50.0,500.0,-50.0,500.0,10066.236,233.96179,0.21399325,False,False,-636.6599414445822
-30.0,500.0,-30.0,500.0,9081.904,216.06113,0.18719044,False,False,-617.7344968257307
-10.0,500.0,-10.0,500.0,8087.8105,195.8712,0.16014287,False,False,-598.8352136823286
10.0,500.0,10.0,500.0,7086.7227,173.68834,0.1329531,False,False,-579.963030833707
30.0,500.0,30.0,500.0,6066.001,147.76163,0.105264165,False,False,-561.1189311169887
50.0,500.0,50.0,500.0,5032.415,118.53247,0.07732467,False,False,-542.3039439042053
70.0,500.0,70.0,500.0,3998.088,87.01101,0.04945892,False,False,-523.5191477868216
90.0,500.0,90.0,500.0,2987.2764,56.102367,0.022335336,False,False,-504.7656734401206
110.0,500.0,110.0,500.0,2329.4043,39.39531,0.005647746,False,False,-486.0447066808979
130.0,500.0,130.0,500.0,2069.7979,34.958862,0.00035030654,False,False,-467.3574917329903
150.0,500.0,150.0,500.0,1990.8997,33.89572,0.0,False,False,-448.7053347163284
170.0,500.0,170.0,500.0,1926.4851,32.95711,0.0,False,False,-430.0896073764628
190.00000000000003,500.0,190.00000000000003,500.0,1863.6605,32.030235,0.0,False,False,-411.5117510728638
210.00000000000003,500.0,210.00000000000003,500.0,1802.4263,31.114985,0.0,False,False,-392.9732810457631
229.99999999999997,500.0,229.99999999999997,500.0,1742.7803,30.2112,0.0,False,False,-374.4757909828806
250.0,500.0,250.0,500.0,1684.7234,29.318825,0.0,False,False,-356.02095790907
270.0,500.0,270.0,500.0,1628.2592,28.437983,0.0,False,False,-337.61054742374404
290.0,500.0,290.0,500.0,1573.3865,27.568539,0.0,False,False,-319.2464193128835
310.0,500.0,310.0,500.0,1520.1025,26.710339,0.0,False,False,-300.9305335645256
330.0,500.0,330.0,500.0,1468.4098,25.863478,0.0,False,False,-282.6649568188483
350.0,500.0,350.0,500.0,1418.311,25.028017,0.0,False,False,-264.4518692863381
370.0,500.0,370.0,500.0,1369.8074,24.203949,0.0,False,False,-246.29357217002874
390.0,500.0,390.0,500.0,1322.8992,23.391266,0.0,False,False,-228.19249563044775
410.0,500.0,410.0,500.0,1277.5881,22.590006,0.0,False,False,-210.1512073346719
430.0,500.0,430.0,500.0,1233.8779,21.800297,0.0,False,False,-192.1724216337921
450.0,500.0,450.0,500.0,1191.7664,21.021954,0.0,False,False,-174.2590094160645
470.00000000000006,500.0,470.00000000000006,500.0,1151.2534,20.2549,0.0,False,False,-156.4140086860819
490.0,500.0,490.0,500.0,1112.3418,19.499317,0.0,False,False,-138.6406359233936
510.00000000000006,500.0,510.00000000000006,500.0,1075.0348,18.755342,0.0,False,False,-120.94229827705527
530.0,500.0,530.0,500.0,1039.3362,18.023207,0.0,False,False,-103.32260665557963
550.0,500.0,550.0,500.0,1005.24756,17.303015,0.0,False,False,-85.7853897745539
570.0,500.0,570.0,500.0,972.771,16.594902,0.0,False,False,-68.33470922669926
590.0,500.0,590.0,500.0,941.9054,15.898775,0.0,False,False,-50.97487564123659
610.0,500.0,610.0,500.0,912.6511,15.214586,0.0,False,False,-33.710466000866916
630.0,500.0,630.0,500.0,885.0135,14.542712,0.0,False,False,-16.546342185316032
650.0,500.0,650.0,500.0,858.9961,13.883407,0.0,False,True,0.5123291901184546
670.0,500.0,670.0,500.0,834.5996,13.236693,0.0,False,True,17.46005557454361
690.0,500.0,690.0,500.0,811.8237,12.602559,0.0,False,True,34.29099585734674
710.0,500.0,710.0,500.0,790.6688,11.981038,0.0,False,True,50.998936263603575
730.0,500.0,730.0,500.0,771.1338,11.372066,0.0,False,True,67.57726472193504
750.0,500.0,750.0,500.0,753.219,10.775765,0.0,False,True,84.01894367075214
770.0,500.0,770.0,500.0,736.92957,10.192604,0.0,False,True,81.90414443806571
789.9999999999999,500.0,789.9999999999999,500.0,722.266,9.62274,0.0,False,True,65.06684730939189
810.0,500.0,810.0,500.0,709.2282,9.066336,0.0,False,True,48.107148887018894
830.0,500.0,830.0,500.0,697.81573,8.523548,0.0,False,True,31.03147625941932
850.0,500.0,850.0,500.0,688.0309,7.9948173,0.0,False,True,13.845853834198952
869.9999999999999,500.0,869.9999999999999,500.0,679.8744,7.480536,0.0,False,False,-3.4440691936945544
890.0000000000001,500.0,890.0000000000001,500.0,674.0825,6.9669375,1.8760707e-05,False,False,-20.832993197222315
910.0,500.0,910.0,500.0,671.17004,6.56333,6.9423986e-05,False,False,-38.31594420966117
930.0,500.0,930.0,500.0,670.37427,6.3883324,0.00013260904,False,False,-55.888251663025244
950.0,500.0,950.0,500.0,676.0557,6.563245,0.00031988206,False,False,-73.54552767919436
969.9999999999999,500.0,969.9999999999999,500.0,687.5462,7.5500197,0.00061437726,False,False,-91.28364782030896
990.0,500.0,990.0,500.0,704.0464,9.361153,0.0009958388,False,False,-109.09873320638147
1010.0,500.0,1010.0,500.0,725.5296,11.820431,0.001463742,False,False,-126.9871339105873
1030.0,500.0,1030.0,500.0,753.4705,14.765077,0.0020561481,False,False,-144.94541354599093
1050.0,500.0,1050.0,500.0,791.2079,18.163755,0.0028591657,False,False,-162.9703349613007
1070.0,500.0,1070.0,500.0,838.0465,22.052343,0.0038551977,False,False,-181.0588469674152
1090.0,500.0,1090.0,500.0,897.2512,26.391115,0.0051288586,False,False,-199.20807202086493
1110.0,500.0,1110.0,500.0,967.88965,31.229544,0.0066567133,False,False,-217.4152947946728
1130.0,500.0,1130.0,500.0,1048.0667,36.518757,0.00839029,False,False,-235.67795157152506
1150.0,500.0,1150.0,500.0,1137.8138,42.188858,0.010330895,False,False,-253.9936203984453
1170.0,500.0,1170.0,500.0,1246.4917,48.231873,0.012721922,False,False,-272.3600119463045
1190.0,500.0,1190.0,500.0,1366.9749,54.689976,0.01537951,False,False,-290.7749610214789
1210.0,500.0,1210.0,500.0,1498.477,61.523907,0.018283939,False,False,-309.2364186807515
1230.0,500.0,1230.0,500.0,1644.2211,68.68548,0.021519832,False,False,-327.7424449041313
1250.0,500.0,1250.0,500.0,1806.1665,76.16474,0.025139261,False,False,-346.29120178362604
1270.0,500.0,1270.0,500.0,1982.0858,83.97059,0.02908528,False,False,-364.8809471891679
1290.0,500.0,1290.0,500.0,2170.0503,92.08111,0.033308566,False,False,-383.51002887583
1310.0,500.0,1310.0,500.0,2372.204,100.46174,0.037866257,False,False,-402.17687899922237
1330.0,500.0,1330.0,500.0,2590.305,109.091576,0.04280568,False,False,-420.88000900850193
1350.0,500.0,1350.0,500.0,2822.7,117.97334,0.048084907,False,False,-439.6180048887969
1370.0,500.0,1370.0,500.0,3073.5,127.0665,0.053813364,False,False,-458.38952272703875
1390.0,500.0,1390.0,500.0,3343.1204,136.37846,0.060003795,False,False,-477.19328457720786
1410.0,500.0,1410.0,500.0,3630.2104,145.90141,0.06662253,False,False,-496.02807460287994
1430.0,500.0,1430.0,500.0,3938.0981,155.58682,0.07375951,False,False,-514.8927354766741
1450.0,500.0,1450.0,500.0,4264.093,165.29153,0.08134729,False,False,-533.7861650177967
1470.0,500.0,1470.0,500.0,4611.289,175.14978,0.08946869,False,False,-552.7073130503379
1490.0,500.0,1490.0,500.0,4979.471,184.87016,0.09812286,False,False,-571.65517846632
1510.0,500.0,1510.0,500.0,5370.005,194.2613,0.10735048,False,False,-590.6288064787461
1530.0,500.0,1530.0,500.0,5781.845,203.58943,0.1171252,False,False,-609.6272860510286
1550.0000000000002,500.0,1550.0000000000002,500.0,6211.433,212.859,0.12735574,False,False,-628.6497474902335
1570.0,500.0,1570.0,500.0,6662.006,222.02362,0.13813153,False,False,-647.6953601925326
1590.0,500.0,1590.0,500.0,7127.218,230.90622,0.14928874,False,False,-666.7633305301628
1609.9999999999998,500.0,1609.9999999999998,500.0,7606.7046,239.42503,0.16082175,False,False,-685.8528998699737
1630.0,500.0,1630.0,500.0,8105.8716,247.61375,0.17287686,False,False,-704.9633427144407
1650.0000000000002,500.0,1650.0000000000002,500.0,8623.9,255.16058,0.18543792,False,False,-724.0939649566669
1670.0,500.0,1670.0,500.0,9168.85,262.34277,0.19872274,False,False,-743.244102241565
1690.0,500.0,1690.0,500.0,9735.609,269.36984,0.21259801,False,False,-762.4131184259836
1709.9999999999998,500.0,1709.9999999999998,500.0,10320.289,275.6375,0.22696725,False,False,-781.6004041310723
1730.0,500.0,1730.0,500.0,10924.351,281.40256,0.24187225,False,False,-800.8053753806935
1750.0,500.0,1750.0,500.0,11546.564,286.87408,0.25728342,False,False,-820.0274723201296
-250.0,520.0,-250.0,520.0,19566.578,325.14877,0.47328702,False,False,-833.0334217928093
-229.99999999999997,520.0,-229.99999999999997,520.0,18730.266,322.2657,0.45068336,False,False,-813.9516707178478
-210.00000000000003,520.0,-210.00000000000003,520.0,17878.37,318.2227,0.42763352,False,False,-794.8899136132803
-190.00000000000003,520.0,-190.00000000000003,520.0,17011.71,312.9936,0.40415996,False,False,-775.8487943181719
-170.0,520.0,-170.0,520.0,16124.574,306.7095,0.38011783,False,False,-756.8289838717717
-150.0,520.0,-150.0,520.0,15218.295,299.13983,0.3555293,False,False,-737.8311819226108
-130.0,520.0,-130.0,520.0,14293.949,290.29028,0.33043927,False,False,-718.85611822315
-110.0,520.0,-110.0,520.0,13348.403,280.198,0.30476066,False,False,-699.9045542158451
-90.0,520.0,-90.0,520.0,12390.981,268.61826,0.27874482,False,False,-680.9772847169552
-70.0,520.0,-70.0,520.0,11426.189,255.24858,0.25251192,False,False,-662.0751397048823
-50.0,520.0,-50.0,520.0,10450.926,239.89568,0.22598723,False,False,-643.1989862203607
-30.0,520.0,-30.0,520.0,9467.241,222.92024,0.1992604,False,False,-624.3497303863589
-10.0,520.0,-10.0,520.0,8475.898,203.60532,0.17232572,False,False,-605.5283195561685
10.0,520.0,10.0,520.0,7477.3164,182.35219,0.1452406,False,False,-586.7357445987881
30.0,520.0,30.0,520.0,6465.548,158.03915,0.11781942,False,False,-567.9730423314321
50.0,520.0,50.0,520.0,5432.129,129.91672,0.08988288,False,False,-549.2412981097243
70.0,520.0,70.0,520.0,4402.649,99.85953,0.06216646,False,False,-530.5416485869699
90.0,520.0,90.0,520.0,3357.5645,66.99744,0.034060925,False,False,-511.87528465476834
110.0,520.0,110.0,520.0,2525.6482,44.09147,0.012231186,False,False,-493.2434545781719
130.0,520.0,130.0,520.0,2097.8848,34.949333,0.0021578022,False,False,-474.64746733962477
150.0,520.0,150.0,520.0,1956.5411,32.94984,3.4958823e-05,False,False,-456.08869620699494
170.0,520.0,170.0,520.0,1893.2756,32.03878,0.0,False,False,-437.5685825422044
190.00000000000003,520.0,190.00000000000003,520.0,1832.8326,31.14572,0.0,False,False,-419.08863986821456
210.00000000000003,520.0,210.00000000000003,520.0,1773.9172,30.263678,0.0,False,False,-400.6504582134815
229.99999999999997,520.0,229.99999999999997,520.0,1716.5298,29.392597,0.0,False,False,-382.2557087544447
250.0,520.0,250.0,520.0,1660.6731,28.53258,0.0,False,False,-363.9061487781587
270.0,520.0,270.0,520.0,1606.3456,27.68344,0.0,False,False,-345.60362698882653
290.0,520.0,290.0,520.0,1553.5461,26.845118,0.0,False,False,-327.3500891837471
310.0,520.0,310.0,520.0,1502.2766,26.017693,0.0,False,False,-309.1475843260447
330.0,520.0,330.0,520.0,1452.5392,25.201206,0.0,False,False,-290.9982710435111
350.0,520.0,350.0,520.0,1404.3351,24.39567,0.0,False,False,-272.9044245849535
370.0,520.0,370.0,520.0,1357.6646,23.601042,0.0,False,False,-254.86844426759248
390.0,520.0,390.0,520.0,1312.5319,22.817524,0.0,False,False,-236.8928614512999
410.0,520.0,410.0,520.0,1268.9376,22.045076,0.0,False,False,-218.98034807776983
430.0,520.0,430.0,520.0,1226.8811,21.283567,0.0,False,False,-201.13372581508065
450.0,520.0,450.0,520.0,1186.3611,20.5329,0.0,False,False,-183.35597585047674
470.00000000000006,520.0,470.00000000000006,520.0,1147.3826,19.7933,0.0,False,False,-165.65024937656597
490.0,520.0,490.0,520.0,1109.946,19.064842,0.0,False,False,-148.01987881842322
510.00000000000006,520.0,510.00000000000006,520.0,1074.0569,18.34778,0.0,False,False,-130.4683898512526
530.0,520.0,530.0,520.0,1039.7161,17.642218,0.0,False,False,-112.99951426022648
550.0,520.0,550.0,520.0,1006.9256,16.948242,0.0,False,False,-95.61720369576027
570.0,520.0,570.0,520.0,975.6837,16.265743,0.0,False,False,-78.32564437869743
590.0,520.0,590.0,520.0,945.99023,15.594675,0.0,False,False,-61.12927281050434
610.0,520.0,610.0,520.0,917.8513,14.935401,0.0,False,False,-44.0327925433982
630.0,520.0,630.0,520.0,891.2702,14.288159,0.0,False,False,-27.04119206416583
650.0,520.0,650.0,520.0,866.2475,13.652973,0.0,False,False,-10.15976384292755
670.0,520.0,670.0,520.0,842.7835,13.029839,0.0,False,True,6.605875406032135
690.0,520.0,690.0,520.0,820.8782,12.418762,0.0,False,True,23.249763210454965
710.0,520.0,710.0,520.0,800.5299,11.819639,0.0,False,True,39.76556854117702
730.0,520.0,730.0,520.0,781.7396,11.232557,0.0,False,True,56.14656770785365
750.0,520.0,750.0,520.0,764.51117,10.657917,0.0,False,True,72.38561894487545
770.0,520.0,770.0,520.0,748.8457,10.095815,0.0,False,True,70.86061325547067
789.9999999999999,520.0,789.9999999999999,520.0,734.7419,9.546311,0.0,False,True,54.21989870795024
810.0,520.0,810.0,520.0,722.2007,9.009591,0.0,False,True,37.45129993334867
830.0,520.0,830.0,520.0,711.2235,8.485916,0.0,False,True,20.561385282364785
850.0,520.0,850.0,520.0,701.81226,7.9756713,0.0,False,True,3.556323719197896
869.9999999999999,520.0,869.9999999999999,520.0,694.15894,7.472496,4.897476e-06,False,False,-13.558089109844795
890.0000000000001,520.0,890.0000000000001,520.0,689.5702,7.0007157,4.7992595e-05,False,False,-30.7764064044152
910.0,520.0,910.0,520.0,686.8359,6.724415,9.848125e-05,False,False,-48.09350727881151
930.0,520.0,930.0,520.0,688.6608,6.6695547,0.00022555553,False,False,-65.50457530692944
950.0,520.0,950.0,520.0,697.1129,7.2074294,0.0004822583,False,False,-83.00507847378086
969.9999999999999,520.0,969.9999999999999,520.0,710.20966,8.602962,0.0008180559,False,False,-100.59075046086046
990.0,520.0,990.0,520.0,728.40564,10.726087,0.0012447634,False,False,-118.2575731914361
1010.0,520.0,1010.0,520.0,752.08496,13.398553,0.0017724021,False,False,-136.0017605620162
1030.0,520.0,1030.0,520.0,784.27484,16.528046,0.0024789947,False,False,-153.81974328748592
1050.0,520.0,1050.0,520.0,826.1387,20.144714,0.0033947253,False,False,-171.70815478940833
1070.0,520.0,1070.0,520.0,877.21564,24.232464,0.0045080767,False,False,-189.66381805953918
1090.0,520.0,1090.0,520.0,942.0554,28.795433,0.005936849,False,False,-207.68373343355094
1110.0,520.0,1110.0,520.0,1016.4487,33.836597,0.007572988,False,False,-225.7650672131263
1130.0,520.0,1130.0,520.0,1098.7771,39.295395,0.009375055,False,False,-243.90514107788786
1150.0,520.0,1150.0,520.0,1198.1174,45.1007,0.01157864,False,False,-262.10142223198545
1170.0,520.0,1170.0,520.0,1311.127,51.322803,0.014098033,False,False,-280.3515142334937
1190.0,520.0,1190.0,520.0,1435.4764,57.935436,0.01687362,False,False,-298.65314845804767
1210.0,520.0,1210.0,520.0,1571.8933,64.89445,0.019924993,False,False,-317.0041761513135
1230.0,520.0,1230.0,520.0,1723.7954,72.17239,0.023341864,False,False,-335.40256102794706
1250.0,520.0,1250.0,520.0,1891.6084,79.768845,0.027136406,False,False,-353.84637237760484
1270.0,520.0,1270.0,520.0,2070.926,87.68701,0.031194784,False,False,-372.3337786413333
1290.0,520.0,1290.0,520.0,2263.647,95.88663,0.0355675,False,False,-390.8630414242806
1310.0,520.0,1310.0,520.0,2471.247,104.34511,0.04029428,False,False,-409.43250991312107
1330.0,520.0,1330.0,520.0,2694.38,113.05177,0.045393545,False,False,-428.0406156688963
1350.0,520.0,1350.0,520.0,2932.4243,121.99599,0.050850376,False,False,-446.6858677681207
1370.0,520.0,1370.0,520.0,3192.0825,131.13525,0.056842245,False,False,-465.36684826701344
1390.0,520.0,1390.0,520.0,3466.0476,140.51637,0.06317903,False,False,-484.08220796558305
1410.0,520.0,1410.0,520.0,3761.38,150.07988,0.070048146,False,False,-502.83066245003147
1430.0,520.0,1430.0,520.0,4076.0635,159.75446,0.07739933,False,False,-521.6109883935515
1450.0,520.0,1450.0,520.0,4409.1143,169.4797,0.08520928,False,False,-540.4220200970904
1470.0,520.0,1470.0,520.0,4765.1094,179.33542,0.09360032,False,False,-559.2626462530296
1490.0,520.0,1490.0,520.0,5142.042,188.8838,0.1025255,False,False,-578.1318069160128
1510.0,520.0,1510.0,520.0,5540.5957,198.21484,0.11200532,False,False,-597.0284906663375
1530.0,520.0,1530.0,520.0,5958.527,207.49028,0.12198226,False,False,-615.951731952412
1550.0000000000002,520.0,1550.0000000000002,520.0,6396.171,216.71738,0.13246801,False,False,-634.9006085998014
1570.0,520.0,1570.0,520.0,6852.12,225.79831,0.14342919,False,False,-653.8742394752994
1590.0,520.0,1590.0,520.0,7321.329,234.53,0.1547367,False,False,-672.8717822953438
1609.9999999999998,520.0,1609.9999999999998,520.0,7808.661,242.93481,0.16652253,False,False,-691.8924315688631
1630.0,520.0,1630.0,520.0,8314.729,250.81902,0.17880723,False,False,-710.9354166653982
1650.0000000000002,520.0,1650.0000000000002,520.0,8843.801,258.21155,0.19170803,False,False,-730.0
1670.0,520.0,1670.0,520.0,9398.246,265.26932,0.20529151,False,False,-749.0854753270349
1690.0,520.0,1690.0,520.0,9973.415,272.0953,0.21943729,False,False,-768.1911661356079
1709.9999999999998,520.0,1709.9999999999998,520.0,10564.904,278.0807,0.23403455,False,False,-787.3164241398332
1730.0,520.0,1730.0,520.0,11175.075,283.72354,0.24914813,False,False,-806.4606278576902
1750.0,520.0,1750.0,520.0,11808.947,289.00558,0.26491675,False,False,-825.6231812726306
-250.0,540.0,-250.0,540.0,19923.188,325.47983,0.48379567,False,False,-839.0918057007628
-229.99999999999997,540.0,-229.99999999999997,540.0,19090.955,323.039,0.4613514,False,False,-820.0735721630343
-210.00000000000003,540.0,-210.00000000000003,540.0,18244.553,319.53622,0.4385088,False,False,-801.0766075814004
-190.00000000000003,540.0,-190.00000000000003,540.0,17382.434,314.79758,0.4152119,False,False,-782.1015921286702
-170.0,540.0,-170.0,540.0,16505.367,308.9303,0.39149827,False,False,-763.1492344546899
-150.0,540.0,-150.0,540.0,15605.371,301.92032,0.36713997,False,False,-744.2202731446436
-130.0,540.0,-130.0,540.0,14687.656,293.53934,0.34228146,False,False,-725.3154782645962
-110.0,540.0,-110.0,540.0,13752.184,283.9867,0.31693602,False,False,-706.4356530001381
-90.0,540.0,-90.0,540.0,12797.327,273.0356,0.29104808,False,False,-687.5816353944555
-70.0,540.0,-70.0,540.0,11833.355,260.47556,0.26489854,False,False,-668.7543001925841
-50.0,540.0,-50.0,540.0,10860.928,245.9681,0.23850535,False,False,-649.9545607991322
-30.0,540.0,-30.0,540.0,9879.213,229.67567,0.21187283,False,False,-631.1833713572715
-10.0,540.0,-10.0,540.0,8888.863,211.34413,0.18500969,False,False,-612.4417289573881
10.0,540.0,10.0,540.0,7893.2656,190.88141,0.15803474,False,False,-593.7306759844047
30.0,540.0,30.0,540.0,6886.593,168.11327,0.13078758,False,False,-575.0513026134496
50.0,540.0,50.0,540.0,5860.6074,141.3233,0.10305931,False,False,-556.404749464271
70.0,540.0,70.0,540.0,4827.505,112.127945,0.075238414,False,False,-537.7922104255688
90.0,540.0,90.0,540.0,3788.5078,80.02716,0.04731293,False,False,-519.214935661236
110.0,540.0,110.0,540.0,2828.7278,52.198795,0.021729313,False,False,-500.674234811403
130.0,540.0,130.0,540.0,2220.3167,37.249973,0.006445623,False,False,-482.1714804021182
150.0,540.0,150.0,540.0,1949.845,32.354027,0.00070781977,False,False,-463.7081114785226
170.0,540.0,170.0,540.0,1863.9926,31.198343,0.0,False,False,-445.28563747746415
190.00000000000003,540.0,190.00000000000003,540.0,1805.7546,30.336481,0.0,False,False,-426.9056423566542
210.00000000000003,540.0,210.00000000000003,540.0,1748.988,29.485186,0.0,False,False,-408.5697889987108
229.99999999999997,540.0,229.99999999999997,540.0,1693.6946,28.644487,0.0,False,False,-390.279823909737
250.0,540.0,250.0,540.0,1639.8726,27.814205,0.0,False,False,-372.0375822334846
270.0,540.0,270.0,540.0,1587.5225,26.99435,0.0,False,False,-353.844993103613
290.0,540.0,290.0,540.0,1536.6459,26.185013,0.0,False,False,-335.7040853581075
310.0,540.0,310.0,540.0,1487.2439,25.386192,0.0,False,False,-317.61699364153446
330.0,540.0,330.0,540.0,1439.3181,24.597904,0.0,False,False,-299.5859649225103
350.0,540.0,350.0,540.0,1392.8696,23.820145,0.0,False,False,-281.61336545550614
370.0,540.0,370.0,540.0,1347.9026,23.053123,0.0,False,False,-263.70168821791356
390.0,540.0,390.0,540.0,1304.4175,22.296783,0.0,False,False,-245.85356085513567
410.0,540.0,410.0,540.0,1262.4121,21.550945,0.0,False,False,-228.07175416831328
430.0,540.0,430.0,540.0,1221.8868,20.815561,0.0,False,False,-210.35919118113617
450.0,540.0,450.0,540.0,1182.8461,20.090853,0.0,False,False,-192.718956823975
470.00000000000006,540.0,470.00000000000006,540.0,1145.2911,19.376892,0.0,False,False,-175.1543082752526
490.0,540.0,490.0,540.0,1109.2257,18.673899,0.0,False,False,-157.6686860015279
510.00000000000006,540.0,510.00000000000006,540.0,1074.6526,17.982008,0.0,False,False,-140.2657255390608
530.0,540.0,530.0,540.0,1041.5713,17.301224,0.0,False,False,-122.94927006064566
550.0,540.0,550.0,540.0,1009.9812,16.631468,0.0,False,False,-105.72338377206886
570.0,540.0,570.0,540.0,979.8821,15.9727,0.0,False,False,-88.59236618257171
590.0,540.0,590.0,540.0,951.2794,15.325248,0.0,False,False,-71.56076729301114
610.0,540.0,610.0,540.0,924.17645,14.689335,0.0,False,False,-54.633403743785834
630.0,540.0,630.0,540.0,898.57446,14.065021,0.0,False,False,-37.81537596184209
650.0,540.0,650.0,540.0,874.47363,13.452284,0.0,False,False,-21.11208634186501
670.0,540.0,670.0,540.0,851.8736,12.851116,0.0,False,False,-4.529258490788168
690.0,540.0,690.0,540.0,830.773,12.261407,0.0,False,True,11.927042443388602
710.0,540.0,710.0,540.0,811.172,11.683185,0.0,False,True,28.250388348271095
730.0,540.0,730.0,540.0,793.07477,11.116805,0.0,False,True,44.43396563298546
750.0,540.0,750.0,540.0,776.4811,10.5623,0.0,False,True,60.47055164485726
770.0,540.0,770.0,540.0,761.3908,10.0197315,0.0,False,True,59.5213984358815
789.9999999999999,540.0,789.9999999999999,540.0,747.80475,9.489231,0.0,False,True,43.077850606435156
810.0,540.0,810.0,540.0,735.7238,8.970968,0.0,False,True,26.501155624722827
830.0,540.0,830.0,540.0,725.151,8.465324,0.0,False,True,9.798000405977724
850.0,540.0,850.0,540.0,716.0856,7.9724207,0.0,False,False,-7.02532242243048
869.9999999999999,540.0,869.9999999999999,540.0,709.6559,7.4765334,2.8728275e-05,False,False,-23.962889952560683
890.0000000000001,540.0,890.0000000000001,540.0,705.5544,7.1118455,7.839856e-05,False,False,-41.009125800537895
910.0,540.0,910.0,540.0,704.1978,6.9334626,0.00015972904,False,False,-58.15877825589111
930.0,540.0,930.0,540.0,709.3563,7.134431,0.00036918948,False,False,-75.40689973609533
950.0,540.0,950.0,540.0,719.551,8.120691,0.00066914916,False,False,-92.74882749879897
969.9999999999999,540.0,969.9999999999999,540.0,734.7788,9.8796425,0.0010597054,False,False,-110.18016555872579
990.0,540.0,990.0,540.0,754.95667,12.2660885,0.0015388845,False,False,-127.69676775275023
1010.0,540.0,1010.0,540.0,782.037,15.140428,0.0021569976,False,False,-145.29472189476195
1030.0,540.0,1030.0,540.0,818.88684,18.490225,0.002987991,False,False,-162.9703349613007
1050.0,540.0,1050.0,540.0,864.2519,22.333908,0.003999905,False,False,-180.72011924926568
1070.0,540.0,1070.0,540.0,922.6153,26.631618,0.005308609,False,False,-198.54077944807545
1090.0,540.0,1090.0,540.0,991.21216,31.427172,0.0068433597,False,False,-216.42920057025927
1110.0,540.0,1110.0,540.0,1068.6204,36.66329,0.008567877,False,False,-234.38243668645896
1130.0,540.0,1130.0,540.0,1157.8684,42.26097,0.01056095,False,False,-252.39770041309163
1150.0,540.0,1150.0,540.0,1264.0479,48.24856,0.012955142,False,False,-270.47235310336464
1170.0,540.0,1170.0,540.0,1381.584,54.641045,0.015606865,False,False,-288.6038956948719
1190.0,540.0,1190.0,540.0,1509.9656,61.3992,0.018503554,False,False,-306.78996016957535
1210.0,540.0,1210.0,540.0,1652.9167,68.479485,0.021742612,False,False,-325.02830158453594
1230.0,540.0,1230.0,540.0,1812.0518,75.87437,0.025366995,False,False,-343.31679063428663
1250.0,540.0,1250.0,540.0,1983.7588,83.59672,0.029283684,False,False,-361.653406708183
1270.0,540.0,1270.0,540.0,2167.5762,91.61627,0.033481516,False,False,-380.0362314084367
1290.0,540.0,1290.0,540.0,2365.7905,99.90112,0.038021162,False,False,-398.46344249679976
1310.0,540.0,1310.0,540.0,2579.8186,108.434,0.04294088,False,False,-416.93330824001737
1330.0,540.0,1330.0,540.0,2807.447,117.21936,0.04818401,False,False,-435.44418212621576
1350.0,540.0,1350.0,540.0,3055.1934,126.20426,0.053922698,False,False,-453.9944979263161
1370.0,540.0,1370.0,540.0,3318.9287,135.42636,0.060050327,False,False,-472.5827650763811
1390.0,540.0,1390.0,540.0,3602.178,144.84293,0.06666109,False,False,-491.2075643584966
1410.0,540.0,1410.0,540.0,3905.353,154.45218,0.073767796,False,False,-509.8675438593942
1430.0,540.0,1430.0,540.0,4226.1377,164.09987,0.08131267,False,False,-528.5614151874959
1450.0,540.0,1450.0,540.0,4568.674,173.85323,0.08940631,False,False,-547.2879499304584
1470.0,540.0,1470.0,540.0,4933.241,183.59494,0.09805932,False,False,-566.0459763365826
1490.0,540.0,1490.0,540.0,5320.326,192.99873,0.10728976,False,False,-584.8343762046555
1510.0,540.0,1510.0,540.0,5726.7524,202.30882,0.11701505,False,False,-603.652081967906
1530.0,540.0,1530.0,540.0,6151.054,211.54333,0.12719892,False,False,-622.4980739587953
1550.0000000000002,540.0,1550.0000000000002,540.0,6596.4814,220.69841,0.13793029,False,False,-641.3713778423215
1570.0,540.0,1570.0,540.0,7056.7,229.65385,0.14904529,False,False,-660.2710622064097
1590.0,540.0,1590.0,540.0,7532.125,238.20752,0.16055948,False,False,-679.1962362987837
1609.9999999999998,540.0,1609.9999999999998,540.0,8028.4976,246.44872,0.17262746,False,False,-698.1460479004743
1630.0,540.0,1630.0,540.0,8544.137,254.05014,0.18521002,False,False,-717.1196813268434
1650.0000000000002,540.0,1650.0000000000002,540.0,9085.422,261.25693,0.19847909,False,False,-736.1163555476346
1670.0,540.0,1670.0,540.0,9647.075,268.26904,0.21229711,False,False,-755.1353224181889
1690.0,540.0,1690.0,540.0,10230.955,274.7086,0.22671965,False,False,-774.1758650145143
1709.9999999999998,540.0,1709.9999999999998,540.0,10830.601,280.51587,0.24157809,False,False,-793.2372960654147
1730.0,540.0,1730.0,540.0,11449.331,285.99463,0.2569636,False,False,-812.318956475377
1750.0,540.0,1750.0,540.0,12090.205,291.13763,0.27296206,False,False,-831.4202139323462
-250.0,560.0,-250.0,560.0,20297.97,325.5709,0.4946797,False,False,-845.3470714697357
-229.99999999999997,560.0,-229.99999999999997,560.0,19471.145,323.5698,0.472427,False,False,-826.3939751522797
-210.00000000000003,560.0,-210.00000000000003,560.0,18630.846,320.57147,0.4497989,False,False,-807.4634410585356
-190.00000000000003,560.0,-190.00000000000003,560.0,17773.496,316.37244,0.42668378,False,False,-788.5561856016095
-170.0,560.0,-170.0,560.0,16903.346,311.02606,0.40320778,False,False,-769.6729549112728
-150.0,560.0,-150.0,560.0,16014.664,304.52725,0.3792121,False,False,-750.8145263376734
-130.0,560.0,-130.0,560.0,15102.88,296.7609,0.3545681,False,False,-731.981710043622
-110.0,560.0,-110.0,560.0,14176.852,287.69598,0.32952827,False,False,-713.1753506912961
-90.0,560.0,-90.0,560.0,13229.504,277.36127,0.3038989,False,False,-694.396329229635
-70.0,560.0,-70.0,560.0,12266.389,265.53836,0.27782682,False,False,-675.6455647891288
-50.0,560.0,-50.0,560.0,11296.214,251.93335,0.25155005,False,False,-656.9240166911985
-30.0,560.0,-30.0,560.0,10317.514,236.39684,0.22503974,False,False,-638.2326865798739
-10.0,560.0,-10.0,560.0,9329.289,219.09158,0.1982845,False,False,-619.5726206840271
10.0,560.0,10.0,560.0,8333.393,199.48863,0.17132835,False,False,-600.9449122190134
30.0,560.0,30.0,560.0,7333.4707,177.90771,0.14429799,False,False,-582.3507039372029
50.0,560.0,50.0,560.0,6315.758,152.98679,0.11681008,False,False,-563.7911908375676
70.0,560.0,70.0,560.0,5281.8887,124.457565,0.08895368,False,False,-545.2676230452103
90.0,560.0,90.0,560.0,4249.185,94.064316,0.061216574,False,False,-526.7813088724957
110.0,560.0,110.0,560.0,3222.2734,63.222164,0.033691913,False,False,-508.3336180742732
130.0,560.0,130.0,560.0,2445.995,42.63331,0.013495253,False,False,-489.9259853105601
150.0,560.0,150.0,560.0,2014.3517,33.12511,0.0032189253,False,False,-471.5599138309865
170.0,560.0,170.0,560.0,1845.4117,30.487244,0.000193747,False,False,-453.2369793962981
190.00000000000003,560.0,190.00000000000003,560.0,1782.028,29.59458,0.0,False,False,-434.958834453272
210.00000000000003,560.0,210.00000000000003,560.0,1727.2583,28.771852,0.0,False,False,-416.7272125804987
229.99999999999997,560.0,229.99999999999997,560.0,1673.9069,27.959167,0.0,False,False,-398.5439332236676
250.0,560.0,250.0,560.0,1621.9744,27.15652,0.0,False,False,-380.41090674021507
270.0,560.0,270.0,560.0,1571.4629,26.36403,0.0,False,False,-362.3301397744818
290.0,560.0,290.0,560.0,1522.374,25.58172,0.0,False,False,-344.3037409858591
310.0,560.0,310.0,560.0,1474.708,24.80953,0.0,False,False,-326.3339271537889
330.0,560.0,330.0,560.0,1428.4668,24.04754,0.0,False,False,-308.4230296848986
350.0,560.0,350.0,560.0,1383.655,23.29594,0.0,False,False,-290.5735015489919
370.0,560.0,370.0,560.0,1340.2715,22.554628,0.0,False,False,-272.7879246720727
390.0,560.0,390.0,560.0,1298.3148,21.82343,0.0,False,False,-255.0690178160157
410.0,560.0,410.0,560.0,1257.7854,21.102324,0.0,False,False,-237.41964497589703
430.0,560.0,430.0,560.0,1218.6877,20.391539,0.0,False,False,-219.8428243273357
450.0,560.0,450.0,560.0,1181.0232,19.691124,0.0,False,False,-202.34173775740993
470.00000000000006,560.0,470.00000000000006,560.0,1144.7946,19.001278,0.0,False,False,-184.91974101376363
490.0,560.0,490.0,560.0,1110.0054,18.32216,0.0,False,False,-167.58037450735753
510.00000000000006,560.0,510.00000000000006,560.0,1076.655,17.653736,0.0,False,False,-150.32737480482388
530.0,560.0,530.0,560.0,1044.7423,16.99593,0.0,False,False,-133.16468684652094
550.0,560.0,550.0,560.0,1014.26685,16.348696,0.0,False,False,-116.09647692598286
570.0,560.0,570.0,560.0,985.2338,15.712338,0.0,False,False,-99.12714646541565
590.0,560.0,590.0,560.0,957.6466,15.087081,0.0,False,False,-82.26134662004064
610.0,560.0,610.0,560.0,931.5072,14.473002,0.0,False,False,-65.50399374119687
630.0,560.0,630.0,560.0,906.8153,13.870085,0.0,False,False,-48.8602857240123
650.0,560.0,650.0,560.0,883.57043,13.278291,0.0,False,False,-32.33571925981188
670.0,560.0,670.0,560.0,861.7715,12.697526,0.0,False,False,-15.936108005956129
690.0,560.0,690.0,560.0,841.41815,12.12778,0.0,False,True,0.33239832386983137
710.0,560.0,710.0,560.0,822.5138,11.569314,0.0,False,True,16.463293958215775
730.0,560.0,730.0,560.0,805.0586,11.022194,0.0,False,True,32.44969618001809
750.0,560.0,750.0,560.0,789.053,10.48645,0.0,False,True,48.28432359619295
770.0,560.0,770.0,560.0,774.49695,9.962158,0.0,False,True,47.897064388518984
789.9999999999999,560.0,789.9999999999999,560.0,761.39185,9.449457,0.0,False,True,31.650889399902404
810.0,560.0,810.0,560.0,749.74,8.948661,0.0,False,True,15.266533522902915
830.0,560.0,830.0,560.0,739.54236,8.459931,0.0,False,False,-1.2492197250393855
850.0,560.0,850.0,560.0,731.34625,7.9691806,1.3954821e-05,False,False,-17.8899744078434
869.9999999999999,560.0,869.9999999999999,560.0,725.88184,7.542337,6.0478487e-05,False,False,-34.6496991735899
890.0000000000001,560.0,890.0000000000001,560.0,722.1449,7.2954144,0.0001140206,False,False,-51.522705413440065
910.0,560.0,910.0,560.0,724.04944,7.2729383,0.00027465384,False,False,-68.50362657316239
930.0,560.0,930.0,560.0,731.9751,7.8752937,0.00055227155,False,False,-85.5873986004076
950.0,560.0,950.0,560.0,744.3533,9.271954,0.00090691703,False,False,-102.76924150068677
969.9999999999999,560.0,969.9999999999999,560.0,761.3727,11.361918,0.0013435544,False,False,-120.04464196745296
990.0,560.0,990.0,560.0,784.3024,13.984752,0.0018948755,False,False,-137.4093370462545
1010.0,560.0,1010.0,560.0,816.28076,17.079468,0.0026417405,False,False,-154.85929878925086
1030.0,560.0,1030.0,560.0,857.0991,20.676727,0.0035790636,False,False,-172.39071985409376
1050.0,560.0,1050.0,560.0,908.90674,24.730715,0.0047625536,False,False,-190.00000000000006
1070.0,560.0,1070.0,560.0,972.24945,29.28119,0.0062066847,False,False,-207.68373343355094
1090.0,560.0,1090.0,560.0,1044.9094,34.29172,0.007854721,False,False,-225.43869695713465
1110.0,560.0,1110.0,560.0,1125.9302,39.698177,0.009682378,False,False,-243.26183887385528
1130.0,560.0,1130.0,560.0,1225.1221,45.45917,0.011943956,False,False,-261.15026860402327
1150.0,560.0,1150.0,560.0,1336.0781,51.635555,0.014474464,False,False,-279.1012469699184
1170.0,560.0,1170.0,560.0,1457.9109,58.190838,0.017251581,False,False,-297.11217710728477
1190.0,560.0,1190.0,560.0,1592.6265,65.079155,0.020328058,False,False,-315.1805959639155
1210.0,560.0,1210.0,560.0,1742.8735,72.28284,0.023773447,False,False,-333.3041663476493
1230.0,560.0,1230.0,560.0,1907.437,79.80933,0.027557123,False,False,-351.4806694880989
1250.0,560.0,1250.0,560.0,2083.4814,87.64642,0.031606156,False,False,-369.70799807842263
1270.0,560.0,1270.0,560.0,2272.9595,95.75898,0.035972286,False,False,-387.9841497654072
1290.0,560.0,1290.0,560.0,2477.538,104.12523,0.0407001,False,False,-406.3072210580447
1310.0,560.0,1310.0,560.0,2696.505,112.74386,0.045772184,False,False,-424.67540162663016
1330.0,560.0,1330.0,560.0,2932.2002,121.583984,0.051250994,False,False,-443.0869689661813
1350.0,560.0,1350.0,560.0,3187.5398,130.63506,0.057214413,False,False,-461.5402833996743
1370.0,560.0,1370.0,560.0,3458.6665,139.91122,0.06356294,False,False,-480.0337833982035
1390.0,560.0,1390.0,560.0,3750.149,149.37769,0.070418134,False,False,-498.56598119669053
1410.0,560.0,1410.0,560.0,4061.1711,158.99075,0.07776083,False,False,-517.1354586852159
1430.0,560.0,1430.0,560.0,4390.552,168.63126,0.085562795,False,False,-535.7408635573906
1450.0,560.0,1450.0,560.0,4743.3643,178.41525,0.09395878,False,False,-554.3809056984715
1470.0,560.0,1470.0,560.0,5118.83,187.9707,0.102933414,False,False,-573.0543537970962
1490.0,560.0,1490.0,560.0,5513.7676,197.26729,0.11240601,False,False,-591.7600321656528
1510.0,560.0,1510.0,560.0,5926.841,206.53128,0.12234232,False,False,-610.4968177553161
1530.0,560.0,1530.0,560.0,6360.461,215.71959,0.13280883,False,False,-629.2636373527769
1550.0000000000002,560.0,1550.0000000000002,560.0,6811.8296,224.80722,0.1437347,False,False,-648.0594649465779
1570.0,560.0,1570.0,560.0,7277.948,233.5733,0.15504491,False,False,-666.8833192518306
1590.0,560.0,1590.0,560.0,7762.3,241.96384,0.16683528,False,False,-685.7342613828554
1609.9999999999998,560.0,1609.9999999999998,560.0,8267.905,249.93878,0.17918888,False,False,-704.6113926640287
1630.0,560.0,1630.0,560.0,8796.118,257.30087,0.19214642,False,False,-723.5138525698017
1650.0000000000002,560.0,1650.0000000000002,560.0,9345.289,264.37845,0.20566592,False,False,-742.4408167854656
1670.0,560.0,1670.0,560.0,9919.759,271.2233,0.21986641,False,False,-761.3914953808537
1690.0,560.0,1690.0,560.0,10509.669,277.29074,0.23449177,False,False,-780.3651310896877
1709.9999999999998,560.0,1709.9999999999998,560.0,11115.685,282.96075,0.24956131,False,False,-799.3609976877901
1730.0,560.0,1730.0,560.0,11746.687,288.2257,0.26531607,False,False,-818.3783984638621
1750.0,560.0,1750.0,560.0,12393.135,293.16104,0.28150433,False,False,-837.4166647769363
-250.0,580.0,-250.0,580.0,20688.057,325.4543,0.50587225,False,False,-851.7972239335942
-229.99999999999997,580.0,-229.99999999999997,580.0,19871.336,323.8815,0.4839369,False,False,-832.910826215717
-210.00000000000003,580.0,-210.00000000000003,580.0,19036.473,321.38748,0.46149898,False,False,-814.0483001148011
-190.00000000000003,580.0,-190.00000000000003,580.0,18187.41,317.81018,0.43866262,False,False,-795.210398098233
-170.0,580.0,-170.0,580.0,17321.25,313.0033,0.4153378,False,False,-776.3979035482544
-150.0,580.0,-150.0,580.0,16441.816,307.0029,0.3916409,False,False,-757.6116323071059
-130.0,580.0,-130.0,580.0,15540.691,299.84317,0.36733744,False,False,-738.8524343117406
-110.0,580.0,-110.0,580.0,14620.26,291.33682,0.34249485,False,False,-720.1211953238885
-90.0,580.0,-90.0,580.0,13684.193,281.56287,0.31721932,False,False,-701.4188387616668
-70.0,580.0,-70.0,580.0,12727.238,270.46744,0.29136705,False,False,-682.746327639349
-50.0,580.0,-50.0,580.0,11757.823,257.7467,0.26516256,False,False,-664.1046666223648
-30.0,580.0,-30.0,580.0,10779.479,243.04454,0.2387031,False,False,-645.4949042050989
-10.0,580.0,-10.0,580.0,9796.93,226.61449,0.21214345,False,False,-626.9181350195728
10.0,580.0,10.0,580.0,8801.7705,208.11063,0.18524292,False,False,-608.3755022836493
30.0,580.0,30.0,580.0,7804.846,187.54945,0.15832227,False,False,-589.8682003980072
50.0,580.0,50.0,580.0,6795.701,164.41243,0.1310884,False,False,-571.3974777017476
70.0,580.0,70.0,580.0,5767.261,137.31985,0.1033763,False,False,-552.9646393971857
90.0,580.0,90.0,580.0,4734.714,108.25624,0.07564733,False,False,-534.5710506550837
110.0,580.0,110.0,580.0,3693.9248,76.50318,0.04772947,False,False,-516.2181399123492
130.0,580.0,130.0,580.0,2775.2632,51.195335,0.023368997,False,False,-497.90740237502024
150.0,580.0,150.0,580.0,2179.8076,36.587826,0.008408622,False,False,-479.6404037402118
170.0,580.0,170.0,580.0,1874.0056,30.508678,0.0015778108,False,False,-461.41878415159084
190.00000000000003,580.0,190.00000000000003,580.0,1762.741,28.921883,3.8457423e-05,False,False,-443.24426240388357
210.00000000000003,580.0,210.00000000000003,580.0,1708.3949,28.11684,0.0,False,False,-425.1186404129119
229.99999999999997,580.0,229.99999999999997,580.0,1656.852,27.330288,0.0,False,False,-407.04380796866565
250.0,580.0,250.0,580.0,1606.682,26.553568,0.0,False,False,-389.0217477899977
270.0,580.0,270.0,580.0,1557.8853,25.78669,0.0,False,False,-371.05454090061494
290.0,580.0,290.0,580.0,1510.4624,25.02958,0.0,False,False,-353.1443723471685
310.0,580.0,310.0,580.0,1464.416,24.282373,0.0,False,False,-335.29353728138346
330.0,580.0,330.0,580.0,1419.7494,23.54521,0.0,False,False,-317.50444742932314
350.0,580.0,350.0,580.0,1376.4614,22.817953,0.0,False,False,-299.77963797201505
370.0,580.0,370.0,580.0,1334.5507,22.100447,0.0,False,False,-282.12177486277744
390.0,580.0,390.0,580.0,1294.0181,21.392712,0.0,False,False,-264.5336626076411
410.0,580.0,410.0,580.0,1254.8674,20.694952,0.0,False,False,-247.0182525362297
430.0,580.0,430.0,580.0,1217.1011,20.007221,0.0,False,False,-229.57865159131984
450.0,580.0,450.0,580.0,1180.7212,19.329685,0.0,False,False,-212.21813166597425
470.00000000000006,580.0,470.00000000000006,580.0,1145.7312,18.662539,0.0,False,False,-194.9401395176084
490.0,580.0,490.0,580.0,1112.131,18.005722,0.0,False,False,-177.74830728852174
510.00000000000006,580.0,510.00000000000006,580.0,1079.9182,17.359123,0.0,False,False,-160.64646366221035
530.0,580.0,530.0,580.0,1049.093,16.722715,0.0,False,False,-143.63864568412114
550.0,580.0,550.0,580.0,1019.66,16.096792,0.0,False,False,-126.72911127423525
570.0,580.0,570.0,580.0,991.62244,15.481547,0.0,False,False,-109.92235245689331
590.0,580.0,590.0,580.0,964.98254,14.877102,0.0,False,False,-93.22310933041517
610.0,580.0,610.0,580.0,939.7407,14.283453,0.0,False,False,-76.63638479510688
630.0,580.0,630.0,580.0,915.8956,13.700519,0.0,False,False,-60.167460053030254
650.0,580.0,650.0,580.0,893.44653,13.128233,0.0,False,False,-43.82191088610049
670.0,580.0,670.0,580.0,872.3932,12.566562,0.0,False,False,-27.605624710436704
690.0,580.0,690.0,580.0,852.73706,12.015638,0.0,False,False,-11.524818394063441
710.0,580.0,710.0,580.0,834.48047,11.47564,0.0,False,True,4.413943188354919
730.0,580.0,730.0,580.0,817.6229,10.946529,0.0,False,True,20.203727906471126
750.0,580.0,750.0,580.0,802.1646,10.42835,0.0,False,True,35.837216493504684
770.0,580.0,770.0,580.0,788.1064,9.921216,0.0,False,True,35.99792531343582
789.9999999999999,580.0,789.9999999999999,580.0,775.4503,9.425346,0.0,False,True,19.948980919870685
810.0,580.0,810.0,580.0,764.1985,8.940983,0.0,False,True,3.7570577414361983
830.0,580.0,830.0,580.0,754.5054,8.462848,3.9597508e-06,False,False,-12.570985165978376
850.0,580.0,850.0,580.0,747.66223,7.9993052,4.4759625e-05,False,False,-29.02866821094929
869.9999999999999,580.0,869.9999999999999,580.0,742.51495,7.688005,9.303127e-05,False,False,-45.60986988455695
890.0000000000001,580.0,890.0000000000001,580.0,741.5237,7.5350223,0.00021167257,False,False,-62.30880632704922
910.0,580.0,910.0,580.0,746.7979,7.8360405,0.00045473492,False,False,-79.12001186151684
930.0,580.0,930.0,580.0,756.4426,8.895663,0.0007739203,False,False,-96.03832049796507
950.0,580.0,950.0,580.0,770.92444,10.675773,0.0011813209,False,False,-113.05884839931079
969.9999999999999,580.0,969.9999999999999,580.0,790.50055,13.042874,0.0016836564,False,False,-130.17697729160977
990.0,580.0,990.0,580.0,818.14404,15.893293,0.002357449,False,False,-147.38833879380192
1010.0,580.0,1010.0,580.0,854.9275,19.245964,0.0032305242,False,False,-164.68879963705325
1030.0,580.0,1030.0,580.0,900.3813,23.081755,0.004291154,False,False,-182.07444774007365
1050.0,580.0,1050.0,580.0,959.056,27.388422,0.00565686,False,False,-199.54157910428427
1070.0,580.0,1070.0,580.0,1026.8988,32.177746,0.007223622,False,False,-217.08668549121856
1090.0,580.0,1090.0,580.0,1102.3691,37.390907,0.008952099,False,False,-234.7064428438041
1110.0,580.0,1110.0,580.0,1193.8713,42.94538,0.011059925,False,False,-252.39770041309163
1130.0,580.0,1130.0,580.0,1298.6274,48.9114,0.013476007,False,False,-270.1574705523721
1150.0,580.0,1150.0,580.0,1414.3387,55.26695,0.016141519,False,False,-287.98291914139924
1170.0,580.0,1170.0,580.0,1541.6249,61.969074,0.019073203,False,False,-305.8713566044705
1190.0,580.0,1190.0,580.0,1683.7258,68.98814,0.022355825,False,False,-323.8202294873727
1210.0,580.0,1210.0,580.0,1841.2589,76.32276,0.026006266,False,False,-341.8271125595876
1230.0,580.0,1230.0,580.0,2009.863,83.9805,0.029912002,False,False,-359.88970140964
1250.0,580.0,1250.0,580.0,2191.526,91.92035,0.03412556,False,False,-378.0058055030103
1270.0,580.0,1270.0,580.0,2387.545,100.12072,0.038681693,False,False,-396.17334167359047
1290.0,580.0,1290.0,580.0,2598.5737,108.57119,0.043598577,False,False,-414.3903280212291
1310.0,580.0,1310.0,580.0,2823.886,117.26265,0.04885838,False,False,-432.6548781894402
1330.0,580.0,1330.0,580.0,3070.3384,126.149216,0.054641802,False,False,-450.96519599885653
1350.0,580.0,1350.0,580.0,3330.5854,135.28177,0.060758047,False,False,-469.3195704134619
1370.0,580.0,1370.0,580.0,3611.7678,144.59857,0.06739573,False,False,-487.7163708180401
1390.0,580.0,1390.0,580.0,3912.077,154.11243,0.07450927,False,False,-506.1540425866142
1410.0,580.0,1410.0,580.0,4230.582,163.70337,0.08207683,False,False,-524.6311029229332
1430.0,580.0,1430.0,580.0,4570.765,173.35182,0.09019196,False,False,-543.1461369552788
1450.0,580.0,1450.0,580.0,4935.0312,183.06264,0.098920114,False,False,-561.6977940690064
1470.0,580.0,1470.0,580.0,5319.548,192.44838,0.108165786,False,False,-580.2847844613325
1490.0,580.0,1490.0,580.0,5722.6455,201.71794,0.11788617,False,False,-598.9058759038946
1510.0,580.0,1510.0,580.0,6144.6885,210.90387,0.12809303,False,False,-617.5598906995684
1530.0,580.0,1530.0,580.0,6585.8813,220.02943,0.13879427,False,False,-636.2457028209425
1550.0000000000002,580.0,1550.0000000000002,580.0,7043.264,228.9993,0.1499149,False,False,-654.9622352186772
1570.0,580.0,1570.0,580.0,7517.3145,237.5508,0.16147238,False,False,-673.7084572887835
1590.0,580.0,1590.0,580.0,8012.964,245.774,0.17359957,False,False,-692.4833824885847
1609.9999999999998,580.0,1609.9999999999998,580.0,8528.768,253.3959,0.186263,False,False,-711.2860660918149
1630.0,580.0,1630.0,580.0,9068.758,260.57742,0.19957195,False,False,-730.1156030739683
1650.0000000000002,580.0,1650.0000000000002,580.0,9628.413,267.5299,0.21340898,False,False,-748.9711261195827
1670.0,580.0,1670.0,580.0,10212.508,274.05975,0.22790563,False,False,-767.8518037437412
1690.0,580.0,1690.0,580.0,10808.68,279.88266,0.24273756,False,False,-786.756838520564
1709.9999999999998,580.0,1709.9999999999998,580.0,11427.391,285.30963,0.25818563,False,False,-805.6854654119583
1730.0,580.0,1730.0,580.0,12064.098,290.47443,0.2741316,False,False,-824.6369501903661
1750.0,580.0,1750.0,580.0,12721.434,295.07285,0.29065078,False,False,-843.6105879496356
-250.0,600.0,-250.0,600.0,21095.686,325.05087,0.51744246,False,False,-858.4402338935744
-229.99999999999997,600.0,-229.99999999999997,600.0,20288.35,323.9531,0.49580193,False,False,-839.6220376058282
-210.00000000000003,600.0,-210.00000000000003,600.0,19461.178,321.9012,0.4736094,False,False,-820.8290363281329
-190.00000000000003,600.0,-190.00000000000003,600.0,18618.135,318.88058,0.4509781,False,False,-802.0620183074313
-170.0,600.0,-170.0,600.0,17758.107,314.66382,0.4278648,False,False,-783.3218038584259
-150.0,600.0,-150.0,600.0,16885.715,309.30417,0.40440577,False,False,-764.6092469460444
-130.0,600.0,-130.0,600.0,15996.916,302.68625,0.38048178,False,False,-745.9252368581259
-110.0,600.0,-110.0,600.0,15084.203,294.83176,0.3558938,False,False,-727.2706999740138
-90.0,600.0,-90.0,600.0,14157.197,285.6823,0.33090886,False,False,-708.6466016351466
-70.0,600.0,-70.0,600.0,13210.984,275.19733,0.30539227,False,False,-690.053948124128
-50.0,600.0,-50.0,600.0,12245.819,263.2922,0.2793513,False,False,-671.4937887591951
-30.0,600.0,-30.0,600.0,11270.619,249.65332,0.25302786,False,False,-652.9672181114738
-10.0,600.0,-10.0,600.0,10288.275,234.0637,0.22650757,False,False,-634.4753783528838
10.0,600.0,10.0,600.0,9298.85,216.6322,0.19980198,False,False,-616.0194617430874
30.0,600.0,30.0,600.0,8299.602,196.98886,0.17283994,False,False,-597.6007132644362
50.0,600.0,50.0,600.0,7300.0107,175.38673,0.1458961,False,False,-579.2204334144271
70.0,600.0,70.0,600.0,6276.8384,150.08386,0.11833471,False,False,-560.8799811658383
90.0,600.0,90.0,600.0,5245.5996,121.72009,0.09062275,False,False,-542.5807771053303
110.0,600.0,110.0,600.0,4209.7324,91.51259,0.06285316,False,False,-524.3243067620161
130.0,600.0,130.0,600.0,3203.0654,62.615414,0.03594987,False,False,-506.1121241382121
150.0,600.0,150.0,600.0,2448.7969,43.158676,0.016379677,False,False,-487.9458554553436
170.0,600.0,170.0,600.0,1989.0104,32.547802,0.0052321423,False,False,-469.8272031287728
190.00000000000003,600.0,190.00000000000003,600.0,1770.9717,28.614689,0.00074448175,False,False,-451.7579499861424
210.00000000000003,600.0,210.00000000000003,600.0,1692.2195,27.51487,2.8425711e-06,False,False,-433.73996374467555
229.99999999999997,600.0,229.99999999999997,600.0,1642.2626,26.752577,0.0,False,False,-415.7752017637547
250.0,600.0,250.0,600.0,1593.7399,26.000166,0.0,False,False,-397.86571609000305
270.0,600.0,270.0,600.0,1546.5448,25.257214,0.0,False,False,-380.0136588129964
290.0,600.0,290.0,600.0,1500.6814,24.52389,0.0,False,False,-362.2212877506538
310.0,600.0,310.0,600.0,1456.1511,23.80024,0.0,False,False,-344.49097248425824
330.0,600.0,330.0,600.0,1412.953,23.086163,0.0,False,False,-326.82520076394496
350.0,600.0,350.0,600.0,1371.0854,22.381493,0.0,False,False,-309.2265853063401
370.0,600.0,370.0,600.0,1330.5503,21.686302,0.0,False,False,-291.6978710068063
390.0,600.0,390.0,600.0,1291.3513,21.000761,0.0,False,False,-274.241942589449
410.0,600.0,410.0,600.0,1253.4899,20.32492,0.0,False,False,-256.8618327185965
430.0,600.0,430.0,600.0,1216.9692,19.658947,0.0,False,False,-239.5607305958693
450.0,600.0,450.0,600.0,1181.7925,19.00303,0.0,False,False,-222.34199106714092
470.00000000000006,600.0,470.00000000000006,600.0,1147.959,18.357105,0.0,False,False,-205.20914426359988
490.0,600.0,490.0,600.0,1115.4672,17.721056,0.0,False,False,-188.1659058007073
510.00000000000006,600.0,510.00000000000006,600.0,1084.3159,17.09484,0.0,False,False,-171.21618755797252
530.0,600.0,530.0,600.0,1054.51,16.47872,0.0,False,False,-154.36410906110908
550.0,600.0,550.0,600.0,1026.0525,15.872905,0.0,False,False,-137.61400948611086
570.0,600.0,570.0,600.0,998.946,15.277542,0.0,False,False,-120.97046030200148
590.0,600.0,590.0,600.0,973.1907,14.692611,0.0,False,False,-104.43827856530663
610.0,600.0,610.0,600.0,948.7856,14.118053,0.0,False,False,-88.02254087445927
630.0,600.0,630.0,600.0,925.72986,13.5537815,0.0,False,False,-71.72859798623021
650.0,600.0,650.0,600.0,904.0231,12.999771,0.0,False,False,-55.562090088568496
670.0,600.0,670.0,600.0,883.66583,12.456053,0.0,False,False,-39.52896271473067
690.0,600.0,690.0,600.0,864.66156,11.922863,0.0,False,False,-23.635483271941094
710.0,600.0,710.0,600.0,847.0095,11.400156,0.0,False,False,-7.888258143727511
730.0,600.0,730.0,600.0,830.70953,10.887935,0.0,False,True,7.705749691849951
750.0,600.0,750.0,600.0,815.7623,10.386265,0.0,False,True,23.13920260600588
770.0,600.0,770.0,600.0,802.1692,9.895311,0.0,False,True,23.834030505057946
789.9999999999999,600.0,789.9999999999999,600.0,789.9333,9.415356,0.0,False,True,7.981855004657701
810.0,600.0,810.0,600.0,779.0543,8.946446,0.0,False,False,-8.017856984686711
830.0,600.0,830.0,600.0,770.76013,8.470342,3.1277334e-05,False,False,-24.158190906072907
850.0,600.0,850.0,600.0,764.45294,8.106291,7.862417e-05,False,False,-40.43260233424068
869.9999999999999,600.0,869.9999999999999,600.0,761.0476,7.8787246,0.0001654716,False,False,-56.83489722851232
890.0000000000001,600.0,890.0000000000001,600.0,763.71497,7.9637074,0.00037293287,False,False,-73.35921293852049
910.0,600.0,910.0,600.0,771.0789,8.719467,0.0006659826,False,False,-90.00000000000009
930.0,600.0,930.0,600.0,783.175,10.195641,0.0010456765,False,False,-106.75200474180313
950.0,600.0,950.0,600.0,799.99084,12.304251,0.0015118318,False,False,-123.6102527122116
969.9999999999999,600.0,969.9999999999999,600.0,823.64856,14.923477,0.0021190543,False,False,-140.570032922135
990.0,600.0,990.0,600.0,856.5317,18.040312,0.0029287776,False,False,-157.62688289448445
1010.0,600.0,1010.0,600.0,897.5267,21.660685,0.0039127227,False,False,-174.7765745025734
1030.0,600.0,1030.0,600.0,951.1527,25.73875,0.0051875385,False,False,-192.01510057549186
1050.0,600.0,1050.0,600.0,1014.272,30.314705,0.006672756,False,False,-209.33866224478243
1070.0,600.0,1070.0,600.0,1085.7098,35.330063,0.008338466,False,False,-226.7436570041846
1090.0,600.0,1090.0,600.0,1169.3931,40.70106,0.010286522,False,False,-244.22666745251865
1110.0,600.0,1110.0,600.0,1268.5366,46.46271,0.012600599,False,False,-261.7844506887855
1130.0,600.0,1130.0,600.0,1378.6816,52.622658,0.015166067,False,False,-279.41392832812323
1150.0,600.0,1150.0,600.0,1499.4128,59.14306,0.017972793,False,False,-297.11217710728494
1170.0,600.0,1170.0,600.0,1634.2102,65.98292,0.021111678,False,False,-314.8764200486676
1190.0,600.0,1190.0,600.0,1784.663,73.133934,0.02462475,False,False,-332.704018152568
1210.0,600.0,1210.0,600.0,1946.7803,80.61221,0.028409114,False,False,-350.5924625881783
1230.0,600.0,1230.0,600.0,2120.9714,88.38337,0.03247618,False,False,-368.53936735484524
1250.0,600.0,1250.0,600.0,2309.1143,96.41952,0.036875673,False,False,-386.54246238620493
1270.0,600.0,1270.0,600.0,2512.5864,104.70409,0.041644514,False,False,-404.59958707099156
1290.0,600.0,1290.0,600.0,2729.1196,113.24201,0.046724588,False,False,-422.70868416552526
1310.0,600.0,1310.0,600.0,2965.8625,121.976524,0.052303847,False,False,-440.8677940741129
1330.0,600.0,1330.0,600.0,3217.2778,130.95528,0.058238916,False,False,-459.0750494748378
1350.0,600.0,1350.0,600.0,3488.4856,140.12485,0.0646652,False,False,-477.3286702694158
1370.0,600.0,1370.0,600.0,3778.5942,149.49442,0.071561046,False,False,-495.62695883699564
1390.0,600.0,1390.0,600.0,4087.0098,159.04271,0.07891265,False,False,-513.9682955729292
1410.0,600.0,1410.0,600.0,4416.04,168.58533,0.08678357,False,False,-532.351134694656
1430.0,600.0,1430.0,600.0,4768.0938,178.25916,0.09523822,False,False,-550.7740002979158
1450.0,600.0,1450.0,600.0,5144.044,187.79472,0.10430373,False,False,-569.2354826475216
1470.0,600.0,1470.0,600.0,5536.786,197.06325,0.11379674,False,False,-587.734234687909
1490.0,600.0,1490.0,600.0,5948.065,206.2821,0.12376397,False,False,-606.2689687595911
1510.0,600.0,1510.0,600.0,6379.4995,215.40544,0.13425073,False,False,-624.8384535085327
1530.0,600.0,1530.0,600.0,6827.4844,224.4674,0.14516434,False,False,-643.4415109762806
1550.0000000000002,600.0,1550.0000000000002,600.0,7292.604,233.22057,0.1565243,False,False,-662.0770138594662
1570.0,600.0,1570.0,600.0,7777.083,241.55832,0.16839334,False,False,-680.7438829280325
1590.0,600.0,1590.0,600.0,8284.952,249.53444,0.18088055,False,False,-699.4410845922257
1609.9999999999998,600.0,1609.9999999999998,600.0,8813.788,256.84348,0.19392675,False,False,-718.1676286090366
1630.0,600.0,1630.0,600.0,9361.318,263.8885,0.20747283,False,False,-736.9225659193906
1650.0000000000002,600.0,1650.0000000000002,600.0,9936.471,270.67767,0.22175896,False,False,-755.7049866079441
1670.0,600.0,1670.0,600.0,10526.064,276.7842,0.23644078,False,False,-774.5140179778799
1690.0,600.0,1690.0,600.0,11132.544,282.39883,0.25158536,False,False,-793.348822733603
1709.9999999999998,600.0,1709.9999999999998,600.0,11759.806,287.66254,0.26729932,False,False,-812.2085972646745
1730.0,600.0,1730.0,600.0,12407.691,292.54312,0.28358185,False,False,-831.0925700247928
1750.0,600.0,1750.0,600.0,13069.949,296.90863,0.30027065,False,False,-850.0000000000001
-250.0,620.0,-250.0,620.0,21523.668,324.38773,0.52947867,False,False,-865.2740408156224
-229.99999999999997,620.0,-229.99999999999997,620.0,20721.215,323.75,0.50800264,False,False,-846.5254901114298
-210.00000000000003,620.0,-210.00000000000003,620.0,19904.564,322.15137,0.48613083,False,False,-827.8034697203836
-190.00000000000003,620.0,-190.00000000000003,620.0,19070.234,319.66818,0.46377334,False,False,-809.1088033096543
-170.0,620.0,-170.0,620.0,18218.781,316.09894,0.44093758,False,False,-790.4423477183248
-150.0,620.0,-150.0,620.0,17351.648,311.3605,0.41765994,False,False,-771.8049945729703
-130.0,620.0,-130.0,620.0,16470.295,305.37802,0.3939817,False,False,-753.1976719937601
-110.0,620.0,-110.0,620.0,15571.348,298.13608,0.36980838,False,False,-734.6213463966585
-90.0,620.0,-90.0,620.0,14649.793,289.64917,0.34501252,False,False,-716.0770243976732
-70.0,620.0,-70.0,620.0,13714.947,279.8224,0.31984577,False,False,-697.5657548254765
-50.0,620.0,-50.0,620.0,12760.133,268.6458,0.29412815,False,False,-679.0886308491299
-30.0,620.0,-30.0,620.0,11788.32,255.95929,0.26794162,False,False,-660.646792228083
-10.0,620.0,-10.0,620.0,10805.463,241.27591,0.2414419,False,False,-642.2414276920549
10.0,620.0,10.0,620.0,9821.042,224.9095,0.21491207,False,False,-623.8737774589056
30.0,620.0,30.0,620.0,8824.316,206.40686,0.18804654,False,False,-605.5451358991037
50.0,620.0,50.0,620.0,7825.8047,185.98077,0.16115767,False,False,-587.256854355932
70.0,620.0,70.0,620.0,6815.621,162.67528,0.1339634,False,False,-569.0103441311358
90.0,620.0,90.0,620.0,5785.082,135.68481,0.106261164,False,False,-550.8070796463116
110.0,620.0,110.0,620.0,4756.5444,106.99371,0.07869606,False,False,-532.6486017909449
130.0,620.0,130.0,620.0,3715.0327,76.33953,0.05080789,False,False,-514.5365214686487
150.0,620.0,150.0,620.0,2819.178,52.66219,0.027121034,False,False,-496.4725233538273
170.0,620.0,170.0,620.0,2212.1743,37.67363,0.011777174,False,False,-478.45836987166734
190.00000000000003,620.0,190.00000000000003,620.0,1852.8479,29.797575,0.0033730064,False,False,-460.49590541507644
210.00000000000003,620.0,210.00000000000003,620.0,1691.9014,27.104338,0.0003680916,False,False,-442.5870608129066
229.99999999999997,620.0,229.99999999999997,620.0,1629.904,26.221327,0.0,False,False,-424.7338580645289
250.0,620.0,250.0,620.0,1582.9237,25.491703,0.0,False,False,-406.9384153565691
270.0,620.0,270.0,620.0,1537.2317,24.771414,0.0,False,False,-389.20295237833056
290.0,620.0,290.0,620.0,1492.8293,24.060453,0.0,False,False,-371.529795953149
310.0,620.0,310.0,620.0,1449.7158,23.358738,0.0,False,False,-353.92138600359783
330.0,620.0,330.0,620.0,1407.8899,22.666151,0.0,False,False,-336.38028186909435
350.0,620.0,350.0,620.0,1367.353,21.98274,0.0,False,False,-318.90916899502093
370.0,620.0,370.0,620.0,1328.1094,21.308693,0.0,False,False,-301.51086601293986
390.0,620.0,390.0,620.0,1290.1597,20.644022,0.0,False,False,-284.1883322318302
410.0,620.0,410.0,620.0,1253.5076,19.98892,0.0,False,False,-266.9446755604548
430.0,620.0,430.0,620.0,1218.1562,19.343557,0.0,False,False,-249.78316088095949
450.0,620.0,450.0,620.0,1184.105,18.707878,0.0,False,False,-232.70721889352913
470.00000000000006,620.0,470.00000000000006,620.0,1151.3522,18.081758,0.0,False,False,-215.72045545134898
490.0,620.0,490.0,620.0,1119.897,17.46514,0.0,False,False,-198.82666140416316
510.00000000000006,620.0,510.00000000000006,620.0,1089.7422,16.858255,0.0,False,False,-182.029822967284
530.0,620.0,530.0,620.0,1060.8922,16.261324,0.0,False,False,-165.33413263093126
550.0,620.0,550.0,620.0,1033.3495,15.674514,0.0,False,False,-148.74400062211512
570.0,620.0,570.0,620.0,1007.1139,15.097807,0.0,False,False,-132.26406692781617
590.0,620.0,590.0,620.0,982.18475,14.531138,0.0,False,False,-115.89921388382324
610.0,620.0,610.0,620.0,958.56146,13.974445,0.0,False,False,-99.65457932805045
630.0,620.0,630.0,620.0,936.24384,13.427703,0.0,False,False,-83.53557031034647
650.0,620.0,650.0,620.0,915.23145,12.890857,0.0,False,False,-67.54787734245632
670.0,620.0,670.0,620.0,895.5279,12.364155,0.0,False,False,-51.697489161689035
690.0,620.0,690.0,620.0,877.13293,11.84759,0.0,False,False,-35.990707969727474
710.0,620.0,710.0,620.0,860.04614,11.341117,0.0,False,False,-20.434165093581147
730.0,620.0,730.0,620.0,844.268,10.844784,0.0,False,False,-5.034836998623781
750.0,620.0,750.0,620.0,829.7991,10.358673,0.0,False,True,10.19993843631889
770.0,620.0,770.0,620.0,816.6428,9.883077,0.0,False,True,11.415152857378597
789.9999999999999,620.0,789.9999999999999,620.0,804.7998,9.418109,0.0,False,False,-4.2410069301094255
810.0,620.0,810.0,620.0,795.05756,8.94652,2.0061998e-05,False,False,-20.049018429996845
830.0,620.0,830.0,620.0,787.661,8.544056,6.644029e-05,False,False,-36.00193050013195
850.0,620.0,850.0,620.0,782.2313,8.27612,0.00012953454,False,False,-52.093151769366855
869.9999999999999,620.0,869.9999999999999,620.0,782.66736,8.206798,0.00030901362,False,False,-68.31643252362262
890.0000000000001,620.0,890.0000000000001,620.0,788.03357,8.706113,0.00058111106,False,False,-84.66584716215719
910.0,620.0,910.0,620.0,797.90826,9.902509,0.00093519094,False,False,-101.13577727726214
930.0,620.0,930.0,620.0,812.25366,11.758598,0.0013703995,False,False,-117.72089539383673
950.0,620.0,950.0,620.0,832.52234,14.156332,0.0019241304,False,False,-134.41614939139518
969.9999999999999,620.0,969.9999999999999,620.0,861.7216,17.049437,0.002673761,False,False,-151.21674761966526
990.0,620.0,990.0,620.0,899.021,20.45875,0.0035982626,False,False,-168.11814470968656
1010.0,620.0,1010.0,620.0,947.8432,24.325068,0.004786059,False,False,-185.1160280748886
1030.0,620.0,1030.0,620.0,1006.8513,28.693207,0.0062030572,False,False,-202.20630509076938
1050.0,620.0,1050.0,620.0,1074.4818,33.514595,0.007809275,False,False,-219.3850909372313
1070.0,620.0,1070.0,620.0,1151.5068,38.715565,0.009625066,False,False,-236.64869708418018
1090.0,620.0,1090.0,620.0,1245.4872,44.28087,0.011846218,False,False,-253.9936203984453
1110.0,620.0,1110.0,620.0,1350.3472,50.252785,0.014316348,False,False,-271.4165328483031
1130.0,620.0,1130.0,620.0,1465.3625,56.59583,0.017017286,False,False,-288.9142717807107
1150.0,620.0,1150.0,620.0,1593.7502,63.26158,0.020032993,False,False,-306.48383074571586
1170.0,620.0,1170.0,620.0,1737.126,70.23929,0.023406152,False,False,-324.1223508422476
1190.0,620.0,1190.0,620.0,1893.3369,77.54069,0.027081605,False,False,-341.8271125595876
1210.0,620.0,1210.0,620.0,2060.8564,85.14493,0.031020373,False,False,-359.5955280891446
1230.0,620.0,1230.0,620.0,2241.7969,93.019356,0.03527818,False,False,-377.42513408170396
1250.0,620.0,1250.0,620.0,2437.7883,101.14368,0.03989838,False,False,-395.3135848260062
1270.0,620.0,1270.0,620.0,2646.8442,109.52468,0.044830192,False,False,-413.258645825314
1290.0,620.0,1290.0,620.0,2873.913,118.115005,0.050203837,False,False,-431.258187749506
1310.0,620.0,1310.0,620.0,3117.7397,126.93517,0.05598782,False,False,-449.31018074116906
1330.0,620.0,1330.0,620.0,3379.1855,135.96251,0.062206015,False,False,-467.41268905512743
1350.0,620.0,1350.0,620.0,3659.914,145.18666,0.068903476,False,False,-485.5638660118252
1370.0,620.0,1370.0,620.0,3958.9673,154.61047,0.0760567,False,False,-503.761949245957
1390.0,620.0,1390.0,620.0,4278.1055,164.1213,0.08371413,False,False,-522.0052562327111
1410.0,620.0,1410.0,620.0,4618.491,173.66386,0.09190856,False,False,-540.2921800749361
1430.0,620.0,1430.0,620.0,4985.043,183.29231,0.100770846,False,False,-558.6211855354721
1450.0,620.0,1450.0,620.0,5369.2646,192.64655,0.110082775,False,False,-576.9908052997647
1470.0,620.0,1470.0,620.0,5770.4062,201.85085,0.11982593,False,False,-595.3996364547663
1490.0,620.0,1490.0,620.0,6191.9707,210.96907,0.13009426,False,False,-613.8463371709215
1510.0,620.0,1510.0,620.0,6630.8467,220.0507,0.14080796,False,False,-632.3296235748463
1530.0,620.0,1530.0,620.0,7087.7896,228.974,0.15199003,False,False,-650.8482668010407
1550.0000000000002,620.0,1550.0000000000002,620.0,7563.0312,237.48007,0.16365114,False,False,-669.4010902116963
1570.0,620.0,1570.0,620.0,8060.4277,245.62854,0.17589578,False,False,-687.986966774329
1590.0,620.0,1590.0,620.0,8580.8125,253.18498,0.18875042,False,False,-706.6048165876014
1609.9999999999998,620.0,1609.9999999999998,620.0,9118.518,260.34775,0.20206675,False,False,-725.2536045462997
1630.0,620.0,1630.0,620.0,9680.932,267.18045,0.21604353,False,False,-743.9323381370048
1650.0000000000002,620.0,1650.0000000000002,620.0,10266.443,273.70538,0.2306414,False,False,-762.6400653565096
1670.0,620.0,1670.0,620.0,10861.918,279.49365,0.24551672,False,False,-781.3758727455584
1690.0,620.0,1690.0,620.0,11480.748,284.86063,0.261027,False,False,-800.1388835309347
1709.9999999999998,620.0,1709.9999999999998,620.0,12118.17,289.93524,0.27704832,False,False,-818.9282558693732
1730.0,620.0,1730.0,620.0,12774.096,294.51462,0.29358262,False,False,-837.7431811871865
1750.0,620.0,1750.0,620.0,13440.831,298.61328,0.31042787,False,False,-856.5828826098771
-250.0,640.0,-250.0,640.0,21967.04,323.46854,0.54185104,False,False,-872.2965554972527
-229.99999999999997,640.0,-229.99999999999997,640.0,21172.219,323.14996,0.5206052,False,False,-853.6190358370551
-210.00000000000003,640.0,-210.00000000000003,640.0,20364.29,322.15286,0.49900767,False,False,-834.9693916542888
-190.00000000000003,640.0,-190.00000000000003,640.0,19539.934,320.11133,0.4769501,False,False,-816.3484815967244
-170.0,640.0,-170.0,640.0,18697.125,317.1565,0.4543868,False,False,-797.7571985363719
-150.0,640.0,-150.0,640.0,17836.842,313.02505,0.43133125,False,False,-779.1964712138906
-130.0,640.0,-130.0,640.0,16963.418,307.77554,0.40791148,False,False,-760.6672659734936
-110.0,640.0,-110.0,640.0,16074.268,301.21042,0.38404444,False,False,-742.1705885937789
-90.0,640.0,-90.0,640.0,15165.234,293.33307,0.3596233,False,False,-723.7074862202721
-70.0,640.0,-70.0,640.0,14237.574,284.2865,0.3346933,False,False,-705.2790494058229
-50.0,640.0,-50.0,640.0,13295.02,273.77515,0.30934533,False,False,-686.8864142653598
-30.0,640.0,-30.0,640.0,12332.4795,261.90433,0.28344935,False,False,-668.5307647519295
-10.0,640.0,-10.0,640.0,11353.723,248.39212,0.25710627,False,False,-650.2133350613417
10.0,640.0,10.0,640.0,10368.503,232.94762,0.23058358,False,False,-631.935412173194
30.0,640.0,30.0,640.0,9378.154,215.60382,0.20392358,False,False,-613.698338536515
50.0,640.0,50.0,640.0,8377.427,196.1948,0.17699444,False,False,-595.5035149087342
70.0,640.0,70.0,640.0,7376.65,174.7902,0.1500827,False,False,-577.3524033572024
90.0,640.0,90.0,640.0,6353.427,149.4984,0.12258075,False,False,-559.2465304330035
110.0,640.0,110.0,640.0,5323.5244,121.65613,0.09496282,False,False,-541.1874905273451
130.0,640.0,130.0,640.0,4289.878,92.036156,0.06729564,False,False,-523.1769494213703
150.0,640.0,150.0,640.0,3294.9014,64.76518,0.040760443,False,False,-505.21664804080876
170.0,640.0,170.0,640.0,2533.4102,45.734776,0.020966496,False,False,-487.3084064274716
190.00000000000003,640.0,190.00000000000003,640.0,2035.6166,33.742603,0.008681033,False,False,-469.4541279401821
210.00000000000003,640.0,210.00000000000003,640.0,1751.2882,27.77943,0.0022819676,False,False,-451.65580369833464
229.99999999999997,640.0,229.99999999999997,640.0,1626.97,25.802382,0.00019787645,False,False,-433.91551728184965
250.0,640.0,250.0,640.0,1574.0398,25.024343,0.0,False,False,-416.2354497018816
270.0,640.0,270.0,640.0,1529.758,24.325321,0.0,False,False,-398.61788465717365
290.0,640.0,290.0,640.0,1486.7245,23.63526,0.0,False,False,-381.06521409147217
310.0,640.0,310.0,640.0,1444.9379,22.954039,0.0,False,False,-363.57994406787185
330.0,640.0,330.0,640.0,1404.4006,22.281733,0.0,False,False,-346.1647009763541
350.0,640.0,350.0,640.0,1365.1151,21.618486,0.0,False,False,-328.822238091075
370.0,640.0,370.0,640.0,1327.0834,20.96434,0.0,False,False,-311.55544249413634
390.0,640.0,390.0,640.0,1290.3086,20.319485,0.0,False,False,-294.36734238260453
410.0,640.0,410.0,640.0,1254.794,19.684053,0.0,False,False,-277.26111477537086
430.0,640.0,430.0,640.0,1220.5388,19.058018,0.0,False,False,-260.24009363606564
450.0,640.0,450.0,640.0,1187.5417,18.441269,0.0,False,False,-243.3077784275526
470.00000000000006,640.0,470.00000000000006,640.0,1155.8015,17.833702,0.0,False,False,-226.4678431125182
490.0,640.0,490.0,640.0,1125.3208,17.235529,0.0,False,False,-209.72414561324237
510.00000000000006,640.0,510.00000000000006,640.0,1096.1029,16.646967,0.0,False,False,-193.08073774171115
530.0,640.0,530.0,640.0,1068.151,16.06821,0.0,False,False,-176.5418756087358
550.0,640.0,550.0,640.0,1041.4652,15.49926,0.0,False,False,-160.112030517544
570.0,640.0,570.0,640.0,1016.0447,14.940038,0.0,False,False,-143.79590034330653
590.0,640.0,590.0,640.0,991.8898,14.390525,0.0,False,False,-127.59842139512229
610.0,640.0,610.0,640.0,968.99976,13.850662,0.0,False,False,-111.52478075092348
630.0,640.0,630.0,640.0,947.37384,13.320373,0.0,False,False,-95.5804290484586
650.0,640.0,650.0,640.0,927.0148,12.799834,0.0,False,False,-79.77109370672703
670.0,640.0,670.0,640.0,907.9237,12.289125,0.0,False,False,-64.10279254179108
690.0,640.0,690.0,640.0,890.1,11.788192,0.0,False,False,-48.58184772856633
710.0,640.0,710.0,640.0,873.5434,11.297017,0.0,False,False,-33.214900045712255
730.0,640.0,730.0,640.0,858.2542,10.815655,0.0,False,False,-18.00892332390064
750.0,640.0,750.0,640.0,844.2352,10.344323,0.0,False,False,-2.971238998259629
770.0,640.0,770.0,640.0,831.48846,9.88323,0.0,False,False,-1.2492197250393855
789.9999999999999,640.0,789.9999999999999,640.0,820.52966,9.418196,1.3135927e-05,False,False,-16.71038157382859
810.0,640.0,810.0,640.0,812.0295,8.992474,5.650695e-05,False,False,-32.327467424944636
830.0,640.0,830.0,640.0,805.06604,8.695329,0.00010664103,False,False,-48.09350727881151
850.0,640.0,850.0,640.0,803.30457,8.532679,0.00025720193,False,False,-64.00187969758787
869.9999999999999,640.0,869.9999999999999,640.0,807.05286,8.819931,0.00051620253,False,False,-80.0462953040485
890.0000000000001,640.0,890.0000000000001,640.0,814.8977,9.771586,0.00084764336,False,False,-96.2207806824319
910.0,640.0,910.0,640.0,826.9881,11.391299,0.001255434,False,False,-112.5196627475849
930.0,640.0,930.0,640.0,844.5818,13.57293,0.0017719505,False,False,-128.93755363173227
950.0,640.0,950.0,640.0,870.572,16.254858,0.0024715916,False,False,-145.46933612384404
969.9999999999999,640.0,969.9999999999999,640.0,904.7516,19.4598,0.0033493005,False,False,-162.11014968461572
990.0,640.0,990.0,640.0,949.1713,23.132395,0.0044582007,False,False,-178.85537705012828
1010.0,640.0,1010.0,640.0,1004.36346,27.30325,0.005812303,False,False,-195.7006314291216
1030.0,640.0,1030.0,640.0,1068.2986,31.938997,0.0073596304,False,False,-212.641744292188
1050.0,640.0,1050.0,640.0,1140.0835,36.9769,0.009077476,False,False,-229.67475374588375
1070.0,640.0,1070.0,640.0,1228.9216,42.359695,0.011203913,False,False,-246.79589348056496
1090.0,640.0,1090.0,640.0,1328.7867,48.15312,0.013583851,False,False,-264.00158227749074
1110.0,640.0,1110.0,640.0,1438.9529,54.322735,0.016199058,False,False,-281.28841405828695
1130.0,640.0,1130.0,640.0,1561.3564,60.822754,0.01910025,False,False,-298.65314845804767
1150.0,640.0,1150.0,640.0,1698.343,67.63422,0.022348903,False,False,-316.0927019021116
1170.0,640.0,1170.0,640.0,1848.9436,74.764725,0.025920672,False,False,-333.6041391657422
1190.0,640.0,1190.0,640.0,2010.428,82.205345,0.029745296,False,False,-351.1846653955189
1210.0,640.0,1210.0,640.0,2184.7937,89.9211,0.033875346,False,False,-368.8316185711084
1230.0,640.0,1230.0,640.0,2373.5635,97.89092,0.038351275,False,False,-386.54246238620476
1250.0,640.0,1250.0,640.0,2575.897,106.11549,0.04315215,False,False,-404.3147795277241
1270.0,640.0,1270.0,640.0,2794.349,114.562035,0.04834556,False,False,-422.1462653327893
1290.0,640.0,1290.0,640.0,3031.3901,123.22261,0.053997166,False,False,-440.03472180360995
1310.0,640.0,1310.0,640.0,3283.7617,132.10931,0.06002316,False,False,-457.9780519610026
1330.0,640.0,1330.0,640.0,3555.5444,141.1909,0.066531554,False,False,-475.9742545180117
1350.0,640.0,1350.0,640.0,3846.1099,150.46814,0.073507436,False,False,-494.0214188558343
1370.0,640.0,1370.0,640.0,4155.7017,159.91945,0.08095884,False,False,-512.1177202850314
1390.0,640.0,1390.0,640.0,4486.385,169.36858,0.08894274,False,False,-530.2614155757834
1410.0,640.0,1410.0,640.0,4842.159,178.913,0.09756532,False,False,-548.4508387417408
1430.0,640.0,1430.0,640.0,5218.8037,188.39482,0.10671921,False,False,-566.6843970627908
1450.0,640.0,1450.0,640.0,5611.1904,197.61945,0.116273195,False,False,-584.9605673328282
1470.0,640.0,1470.0,640.0,6023.334,206.75899,0.12633371,False,False,-603.2778923193572
1490.0,640.0,1490.0,640.0,6453.0957,215.81538,0.13684672,False,False,-621.6349774224777
1510.0,640.0,1510.0,640.0,6901.329,224.8003,0.1478369,False,False,-640.0304875214973
1530.0,640.0,1530.0,640.0,7368.4424,233.47943,0.1593189,False,False,-658.4631439980813
1550.0000000000002,640.0,1550.0000000000002,640.0,7855.8223,241.72504,0.17133322,False,False,-676.9317219254937
1570.0,640.0,1570.0,640.0,8368.97,249.59828,0.18402761,False,False,-695.4350474140847
1590.0,640.0,1590.0,640.0,8898.348,256.8599,0.19715437,False,False,-713.9719951037708
1609.9999999999998,640.0,1609.9999999999998,640.0,9449.578,263.79388,0.21086343,False,False,-732.5414857947845
1630.0,640.0,1630.0,640.0,10026.243,270.47968,0.22525251,False,False,-751.1424842085239
1650.0000000000002,640.0,1650.0000000000002,640.0,10615.756,276.59024,0.2399928,False,False,-769.7739968707871
1670.0,640.0,1670.0,640.0,11225.968,282.08368,0.2552956,False,False,-788.4350701101788
1690.0,640.0,1690.0,640.0,11852.605,287.2728,0.2710492,False,False,-807.1247881648906
1709.9999999999998,640.0,1709.9999999999998,640.0,12502.191,292.0586,0.28743047,False,False,-825.8422713914803
1730.0,640.0,1730.0,640.0,13162.25,296.39352,0.3041111,False,False,-844.5866745696719
1750.0,640.0,1750.0,640.0,13845.061,300.03976,0.32142192,False,False,-863.357185297548
-250.0,660.0,-250.0,660.0,22423.717,322.2757,0.5545078,False,False,-879.5056626978048
-229.99999999999997,660.0,-229.99999999999997,660.0,21641.0,322.32095,0.53361505,False,False,-860.90050094134
-210.00000000000003,660.0,-210.00000000000003,660.0,20842.434,321.7414,0.51229686,False,False,-842.324567684627
-190.00000000000003,660.0,-190.00000000000003,660.0,20025.943,320.28854,0.4904855,False,False,-823.7787560405905
-170.0,660.0,-170.0,660.0,19195.459,317.85626,0.46828678,False,False,-805.2639943442016
-150.0,660.0,-150.0,660.0,18344.3,314.41318,0.44551712,False,False,-786.7812478213996
-130.0,660.0,-130.0,660.0,17478.422,309.8303,0.4223356,False,False,-768.3315203481541
-110.0,660.0,-110.0,660.0,16596.438,304.013,0.39870328,False,False,-749.9158563049339
-90.0,660.0,-90.0,660.0,15699.677,296.87085,0.3746523,False,False,-731.5353425321837
-70.0,660.0,-70.0,660.0,14782.765,288.4349,0.35004514,False,False,-713.1911103927266
-50.0,660.0,-50.0,660.0,13848.451,278.75925,0.32496,False,False,-694.8843379473658
-30.0,660.0,-30.0,660.0,12899.516,267.6281,0.29946685,False,False,-676.6162522503162
-10.0,660.0,-10.0,660.0,11930.047,255.06812,0.27341256,False,False,-658.3881317714839
10.0,660.0,10.0,660.0,10943.625,240.63684,0.24688856,False,False,-640.2013089529983
30.0,660.0,30.0,660.0,9956.9795,224.52827,0.22036695,False,False,-622.0571729078313
50.0,660.0,50.0,660.0,8961.34,206.24365,0.19359674,False,False,-603.9571722687496
70.0,660.0,70.0,660.0,7960.705,186.15915,0.1667133,False,False,-585.9028181963039
90.0,660.0,90.0,660.0,6950.135,163.11703,0.13956794,False,False,-567.8956875550094
110.0,660.0,110.0,660.0,5920.7085,136.48248,0.111948274,False,False,-549.9374262673355
130.0,660.0,130.0,660.0,4894.295,108.40958,0.08448267,False,False,-532.0297528556124
150.0,660.0,150.0,660.0,3856.9636,79.10451,0.056749016,False,False,-514.1744621824282
170.0,660.0,170.0,660.0,2963.2964,56.40634,0.033131983,False,False,-496.3734294005831
190.00000000000003,660.0,190.00000000000003,660.0,2322.911,40.815907,0.016794365,False,False,-478.62861412414105
210.00000000000003,660.0,210.00000000000003,660.0,1903.6958,30.899565,0.0066547645,False,False,-460.9420648325842
229.99999999999997,660.0,229.99999999999997,660.0,1671.5195,26.189709,0.0016193084,False,False,-443.3159235205268
250.0,660.0,250.0,660.0,1571.3291,24.63263,0.00011783495,False,False,-425.75243060586365
270.0,660.0,270.0,660.0,1523.9562,23.915339,0.0,False,False,-408.2539301096036
290.0,660.0,290.0,660.0,1482.2076,23.244848,0.0,False,False,-390.82287512096985
310.0,660.0,310.0,660.0,1441.6702,22.583004,0.0,False,False,-373.46183356159463
330.0,660.0,330.0,660.0,1402.3464,21.929958,0.0,False,False,-356.1734942628078
350.0,660.0,350.0,660.0,1364.2378,21.285725,0.0,False,False,-338.96067337006224
370.0,660.0,370.0,660.0,1327.3484,20.650534,0.0,False,False,-321.82632108845036
390.0,660.0,390.0,660.0,1291.6803,20.024473,0.0,False,False,-304.77352878300053
410.0,660.0,410.0,660.0,1257.2336,19.407524,0.0,False,False,-287.8055364469668
430.0,660.0,430.0,660.0,1224.0076,18.799612,0.0,False,False,-270.9257405505941
450.0,660.0,450.0,660.0,1192.0001,18.200615,0.0,False,False,-254.1377022818082
470.00000000000006,660.0,470.00000000000006,660.0,1161.213,17.610659,0.0,False,False,-237.44515618887513
490.0,660.0,490.0,660.0,1131.6497,17.029999,0.0,False,False,-220.85201923325909
510.00000000000006,660.0,510.00000000000006,660.0,1103.3135,16.458838,0.0,False,False,-204.36240025855295
530.0,660.0,530.0,660.0,1076.2048,15.897201,0.0,False,False,-187.98060987844372
550.0,660.0,550.0,660.0,1050.3232,15.345028,0.0,False,False,-171.71117078304582
570.0,660.0,570.0,660.0,1025.669,14.802297,0.0,False,False,-155.55882845850476
590.0,660.0,590.0,660.0,1002.2414,14.268944,0.0,False,False,-139.5285623094354
610.0,660.0,610.0,660.0,980.04,13.744901,0.0,False,False,-123.62559716732396
630.0,660.0,630.0,660.0,959.0654,13.230219,0.0,False,False,-107.85541516040887
650.0,660.0,650.0,660.0,939.3207,12.725084,0.0,False,False,-92.22376791152942
670.0,660.0,670.0,660.0,920.80493,12.229442,0.0,False,False,-76.73668901987124
690.0,660.0,690.0,660.0,903.5176,11.743234,0.0,False,False,-61.40050677022535
710.0,660.0,710.0,660.0,887.45886,11.266499,0.0,False,False,-46.221856999130004
730.0,660.0,730.0,660.0,872.63,10.799328,0.0,False,False,-31.207696030884136
750.0,660.0,750.0,660.0,859.0344,10.342018,0.0,False,False,-16.365313577721917
770.0,660.0,770.0,660.0,847.00977,9.883962,8.588919e-06,False,False,-14.149890302217582
789.9999999999999,660.0,789.9999999999999,660.0,837.46155,9.445218,4.8846676e-05,False,False,-29.417310909429006
810.0,660.0,810.0,660.0,829.3434,9.122371,9.4114715e-05,False,False,-44.844486036079935
830.0,660.0,830.0,660.0,825.8248,8.897096,0.00022538379,False,False,-60.42444332446434
850.0,660.0,850.0,660.0,827.834,9.032747,0.0004664901,False,False,-76.15054708902136
869.9999999999999,660.0,869.9999999999999,660.0,833.82117,9.781176,0.000777939,False,False,-92.0164833920778
890.0000000000001,660.0,890.0000000000001,660.0,844.03424,11.182681,0.0011661717,False,False,-108.01624536827087
910.0,660.0,910.0,660.0,859.38434,13.159789,0.0016546609,False,False,-124.1441188744441
930.0,660.0,930.0,660.0,882.5598,15.645271,0.0023125284,False,False,-140.3946685248928
950.0,660.0,950.0,660.0,913.9957,18.656916,0.0031511518,False,False,-156.76272415737878
969.9999999999999,660.0,969.9999999999999,660.0,954.47754,22.152758,0.0041910773,False,False,-173.2433677630571
990.0,660.0,990.0,660.0,1006.3921,26.136637,0.0054940544,False,False,-189.83192090311653
1010.0,660.0,1010.0,660.0,1066.8615,30.597527,0.006986293,False,False,-206.52393262628667
1030.0,660.0,1030.0,660.0,1134.7006,35.475655,0.008637495,False,False,-223.31516789419402
1050.0,660.0,1050.0,660.0,1218.6194,40.69123,0.010672804,False,False,-240.2015965156632
1070.0,660.0,1070.0,660.0,1313.9669,46.315983,0.012972734,False,False,-257.179382586272
1090.0,660.0,1090.0,660.0,1419.642,52.320457,0.015509291,False,False,-274.2448744256342
1110.0,660.0,1110.0,660.0,1536.7683,58.661716,0.018312097,False,False,-291.394595001853
1130.0,660.0,1130.0,660.0,1667.9004,65.31521,0.02144793,False,False,-308.62523283024007
1150.0,660.0,1150.0,660.0,1813.3455,72.281136,0.024925504,False,False,-325.9336333316235
1170.0,660.0,1170.0,660.0,1969.2278,79.56344,0.028644972,False,False,-343.31679063428675
1190.0,660.0,1190.0,660.0,2137.6638,87.12398,0.03266182,False,False,-360.7718398026909
1210.0,660.0,1210.0,660.0,2319.9246,94.94229,0.037009865,False,False,-378.2960494755835
1230.0,660.0,1230.0,660.0,2516.146,103.012505,0.041693494,False,False,-395.88681489582103
1250.0,660.0,1250.0,660.0,2726.9023,111.31609,0.046728604,False,False,-413.5416513141734
1270.0,660.0,1270.0,660.0,2957.3044,119.822426,0.052249532,False,False,-431.258187749506
1290.0,660.0,1290.0,660.0,3201.6304,128.56735,0.058108203,False,False,-449.0341610879987
1310.0,660.0,1310.0,660.0,3465.5195,137.50433,0.06445313,False,False,-466.86741050443953
1330.0,660.0,1330.0,660.0,3747.679,146.64072,0.07125195,False,False,-484.75587218909504
1350.0,660.0,1350.0,660.0,4048.541,155.96591,0.078517444,False,False,-502.6975743641832
1370.0,660.0,1370.0,660.0,4370.543,165.37732,0.08631557,False,False,-520.6906325745551
1390.0,660.0,1390.0,660.0,4716.091,174.7935,0.094711795,False,False,-538.7332452377832
1410.0,660.0,1410.0,660.0,5084.8853,184.3332,0.103699595,False,False,-556.8236894394945
1430.0,660.0,1430.0,660.0,5469.9526,193.62994,0.11310056,False,False,-574.9603169603988
1450.0,660.0,1450.0,660.0,5872.9917,202.73807,0.12296086,False,False,-593.1415505221124
1470.0,660.0,1470.0,660.0,6294.227,211.78644,0.13328762,False,False,-611.3658802394942
1490.0,660.0,1490.0,660.0,6733.8096,220.7836,0.14408694,False,False,-629.6318602678338
1510.0,660.0,1510.0,660.0,7193.4453,229.59743,0.15540683,False,False,-647.9381056338251
1530.0,660.0,1530.0,660.0,7672.831,237.99362,0.16724348,False,False,-666.283289239858
1550.0000000000002,660.0,1550.0000000000002,660.0,8176.3877,245.99307,0.17971645,False,False,-684.6661390317074
1570.0,660.0,1570.0,660.0,8700.256,253.46964,0.19272734,False,False,-703.0854353202601
1590.0,660.0,1590.0,660.0,9241.77,260.52127,0.2062079,False,False,-721.5400082484289
1609.9999999999998,660.0,1609.9999999999998,660.0,9807.471,267.2277,0.22033355,False,False,-740.0287353949071
1630.0,660.0,1630.0,660.0,10393.381,273.69565,0.23500162,False,False,-758.5505395068974
1650.0000000000002,660.0,1650.0000000000002,660.0,10995.093,279.32626,0.25010106,False,False,-777.1043863543865
1670.0,660.0,1670.0,660.0,11612.396,284.64047,0.2656268,False,False,-795.6892826989862
1690.0,660.0,1690.0,660.0,12254.043,289.54654,0.28181446,False,False,-814.3042743707574
1709.9999999999998,660.0,1709.9999999999998,660.0,12907.934,294.08133,0.29834563,False,False,-832.9484444468151
1730.0,660.0,1730.0,660.0,13581.907,297.9585,0.3154328,False,False,-851.6209115258988
1750.0,660.0,1750.0,660.0,14280.49,301.22406,0.33320016,False,False,-870.3208280934052
-250.0,680.0,-250.0,680.0,22895.297,320.6426,0.56749165,False,False,-886.899223726416
-229.99999999999997,680.0,-229.99999999999997,680.0,22123.988,321.22372,0.5469386,False,False,-868.3676883284957
-210.00000000000003,680.0,-210.00000000000003,680.0,21335.379,320.95636,0.5259081,False,False,-849.8667403574194
-190.00000000000003,680.0,-190.00000000000003,680.0,20531.824,320.06403,0.50447774,False,False,-831.3973068046162
-170.0,680.0,-170.0,680.0,19708.896,318.21735,0.48251197,False,False,-812.9603508245341
-150.0,680.0,-150.0,680.0,18871.129,315.3637,0.4601364,False,False,-794.5568734237524
-130.0,680.0,-130.0,680.0,18012.027,311.4355,0.43716934,False,False,-776.1879152395593
-110.0,680.0,-110.0,680.0,17140.277,306.39746,0.41385257,False,False,-757.8545584130866
-90.0,680.0,-90.0,680.0,16251.328,300.06796,0.39005125,False,False,-739.5579285623929
-70.0,680.0,-70.0,680.0,15346.72,292.3393,0.36580902,False,False,-721.2991968611675
-50.0,680.0,-50.0,680.0,14424.615,283.42264,0.3410885,False,False,-703.079582229062
-30.0,680.0,-30.0,680.0,13483.832,273.12604,0.31585112,False,False,-684.900353639981
-10.0,680.0,-10.0,680.0,12528.997,261.3892,0.2902251,False,False,-666.7628325549949
10.0,680.0,10.0,680.0,11552.642,248.0949,0.26401025,False,False,-648.6683954869051
30.0,680.0,30.0,680.0,10564.01,233.03098,0.23746172,False,False,-630.6184767038495
50.0,680.0,50.0,680.0,9572.014,216.05728,0.21082073,False,False,-612.6145710797108
70.0,680.0,70.0,680.0,8573.804,197.00821,0.18401861,False,False,-594.6582370994785
90.0,680.0,90.0,680.0,7571.22,176.06937,0.15711446,False,False,-576.7511000281029
110.0,680.0,110.0,680.0,6549.5615,151.26411,0.12970597,False,False,-558.8948552517738
130.0,680.0,130.0,680.0,5521.0947,124.13407,0.1021703,False,False,-541.0912718009487
150.0,680.0,150.0,680.0,4490.8623,95.420044,0.07463,False,False,-523.3421960648507
170.0,680.0,170.0,680.0,3496.3796,69.38656,0.04813514,False,False,-505.6495557075353
190.00000000000003,680.0,190.00000000000003,680.0,2710.275,50.45167,0.027617473,False,False,-488.0153637959908
210.00000000000003,680.0,210.00000000000003,680.0,2164.4182,37.21213,0.013925085,False,False,-470.4417231510849
229.99999999999997,680.0,229.99999999999997,680.0,1805.6104,28.810917,0.0054029394,False,False,-452.93083093248043
250.0,680.0,250.0,680.0,1607.6095,24.881117,0.0012354862,False,False,-435.4849834689197
270.0,680.0,270.0,680.0,1522.6326,23.563147,7.869935e-05,False,False,-418.10658134548584
290.0,680.0,290.0,680.0,1479.1414,22.886316,0.0,False,False,-400.79813475960833
310.0,680.0,310.0,680.0,1439.7823,22.242908,0.0,False,False,-383.5622691576314
330.0,680.0,330.0,680.0,1401.602,21.608046,0.0,False,False,-366.40173116372733
350.0,680.0,350.0,680.0,1364.605,20.981972,0.0,False,False,-349.31939481275066
370.0,680.0,370.0,680.0,1328.7935,20.364775,0.0,False,False,-332.3182680983038
390.0,680.0,390.0,680.0,1294.1666,19.75641,0.0,False,False,-315.40149984675037
410.0,680.0,410.0,680.0,1260.7246,19.156837,0.0,False,False,-298.57238692715816
430.0,680.0,430.0,680.0,1228.4661,18.565948,0.0,False,False,-281.8343818061339
450.0,680.0,450.0,680.0,1197.3906,17.983757,0.0,False,False,-265.1911004551567
470.00000000000006,680.0,470.00000000000006,680.0,1167.5024,17.410566,0.0,False,False,-248.64633061629854
490.0,680.0,490.0,680.0,1138.8047,16.846575,0.0,False,False,-232.20404043005928
510.00000000000006,680.0,510.00000000000006,680.0,1111.298,16.29185,0.0,False,False,-215.86838742636104
530.0,680.0,530.0,680.0,1084.9829,15.746343,0.0,False,False,-199.64372787648742
550.0,680.0,550.0,680.0,1059.859,15.210029,0.0,False,False,-183.53462649979656
570.0,680.0,570.0,680.0,1035.926,14.682849,0.0,False,False,-167.54586651430066
590.0,680.0,590.0,680.0,1013.1828,14.164726,0.0,False,False,-151.68246001458485
610.0,680.0,610.0,680.0,991.62976,13.655641,0.0,False,False,-135.94965865387815
630.0,680.0,630.0,680.0,971.26984,13.155801,0.0,False,False,-120.3529645993171
650.0,680.0,650.0,680.0,952.103,12.665191,0.0,False,False,-104.89814172035578
670.0,680.0,670.0,680.0,934.12854,12.183758,0.0,False,False,-89.59122695977683
690.0,680.0,690.0,680.0,917.346,11.711476,0.0,False,False,-74.43854182467241
710.0,680.0,710.0,680.0,901.75635,11.248392,0.0,False,False,-59.44670392094059
730.0,680.0,730.0,680.0,887.3617,10.794741,0.0,False,False,-44.622638439145376
750.0,680.0,750.0,680.0,874.3844,10.343292,5.590293e-06,False,False,-29.973589481875063
770.0,680.0,770.0,680.0,863.8718,9.897977,4.3477194e-05,False,False,-27.27795654340792
789.9999999999999,680.0,789.9999999999999,680.0,854.7864,9.554636,8.722051e-05,False,False,-42.3531071570708
810.0,680.0,810.0,680.0,849.72925,9.291605,0.00020327957,False,False,-57.59160359753235
830.0,680.0,830.0,680.0,850.2118,9.318708,0.00043037388,False,False,-72.98648640139
850.0,680.0,850.0,680.0,854.576,9.904432,0.00072623126,False,False,-88.53112036358435
869.9999999999999,680.0,869.9999999999999,680.0,863.1645,11.114447,0.0010997225,False,False,-104.21918114113559
890.0000000000001,680.0,890.0000000000001,680.0,876.5648,12.90493,0.0015660046,False,False,-120.04464196745313
910.0,680.0,910.0,680.0,897.37976,15.209101,0.0021919995,False,False,-136.00176056201602
930.0,680.0,930.0,680.0,926.3738,18.042212,0.0029974873,False,False,-152.08506630369968
950.0,680.0,950.0,680.0,963.6001,21.374767,0.0039841607,False,False,-168.289347721702
969.9999999999999,680.0,969.9999999999999,680.0,1012.6209,25.185738,0.005243964,False,False,-184.6096403457132
990.0,680.0,990.0,680.0,1070.0085,29.483364,0.0066890405,False,False,-201.0412149464314
1010.0,680.0,1010.0,680.0,1134.4913,34.209457,0.008286833,False,False,-217.57956618859208
1030.0,680.0,1030.0,680.0,1214.111,39.27065,0.010245071,False,False,-234.22040171113684
1050.0,680.0,1050.0,680.0,1305.437,44.737614,0.012475774,False,False,-250.95963164284396
1070.0,680.0,1070.0,680.0,1406.9651,50.586746,0.014940564,False,False,-267.7933585565118
1090.0,680.0,1090.0,680.0,1519.4944,56.776318,0.017660579,False,False,-284.71786786048864
1110.0,680.0,1110.0,680.0,1645.6426,63.277813,0.020704124,False,False,-301.72961862285376
1130.0,680.0,1130.0,680.0,1786.1409,70.08855,0.024090867,False,False,-318.82523482074754
1150.0,680.0,1150.0,680.0,1936.8397,77.21899,0.027713906,False,False,-336.0014970051495
1170.0,680.0,1170.0,680.0,2099.934,84.62851,0.031630777,False,False,-353.2553343696822
1190.0,680.0,1190.0,680.0,2276.475,92.29784,0.035869397,False,False,-370.5838172107535
1210.0,680.0,1210.0,680.0,2466.9663,100.21826,0.040443696,False,False,-387.9841497654071
1230.0,680.0,1230.0,680.0,2671.0596,108.3788,0.04534545,False,False,-405.4536634126362
1250.0,680.0,1250.0,680.0,2895.0295,116.73676,0.050739136,False,False,-422.98981022353075
1270.0,680.0,1270.0,680.0,3132.2383,125.33964,0.05645283,False,False,-440.5901568454507
1290.0,680.0,1290.0,680.0,3389.0645,134.1321,0.06265415,False,False,-458.2523787054146
1310.0,680.0,1310.0,680.0,3663.4585,143.1291,0.069290906,False,False,-475.97425451801155
1330.0,680.0,1330.0,680.0,3956.3252,152.31627,0.0763881,False,False,-493.7536610833797
1350.0,680.0,1350.0,680.0,4270.429,161.65596,0.08401969,False,False,-511.5885683611133
1370.0,680.0,1370.0,680.0,4606.995,170.98254,0.09222049,False,False,-529.4770348063421
1390.0,680.0,1390.0,680.0,4966.927,180.41728,0.10101543,False,False,-547.4172029546523
1410.0,680.0,1410.0,680.0,5345.5693,189.8149,0.11028539,False,False,-565.4072952429985
1430.0,680.0,1430.0,680.0,5740.9277,198.94484,0.119981475,False,False,-583.445610054226
1450.0,680.0,1450.0,680.0,6154.3267,207.99794,0.13013917,False,False,-601.5305179733542
1470.0,680.0,1470.0,680.0,6585.2783,216.96161,0.1407477,False,False,-619.6604582442582
1490.0,680.0,1490.0,680.0,7037.0537,225.82124,0.15189534,False,False,-637.8339354159199
1510.0,680.0,1510.0,680.0,7509.6797,234.35933,0.16358657,False,False,-656.0495161679195
1530.0,680.0,1530.0,680.0,8004.2,242.44308,0.17585273,False,False,-674.305826305338
1550.0000000000002,680.0,1550.0000000000002,680.0,8523.35,250.17126,0.1887682,False,False,-692.6015479137437
1570.0,680.0,1570.0,680.0,9056.105,257.32068,0.20204595,False,False,-710.9354166653982
1590.0,680.0,1590.0,680.0,9613.104,264.10165,0.21596822,False,False,-729.3062192682938
1609.9999999999998,680.0,1609.9999999999998,680.0,10191.477,270.6765,0.23046146,False,False,-747.7127910500626
1630.0,680.0,1630.0,680.0,10788.223,276.6057,0.24545132,False,False,-766.1540136692497
1650.0000000000002,680.0,1650.0000000000002,680.0,11397.695,282.029,0.26079023,False,False,-784.6288129468268
1670.0,680.0,1670.0,680.0,12030.488,287.01773,0.27676147,False,False,-803.1361568112377
1690.0,680.0,1690.0,680.0,12678.532,291.72696,0.2931533,False,False,-821.6750533506244
1709.9999999999998,680.0,1709.9999999999998,680.0,13345.536,295.82568,0.31006843,False,False,-840.2445489662508
1730.0,680.0,1730.0,680.0,14035.242,299.22183,0.32761014,False,False,-858.8437266214715
1750.0,680.0,1750.0,680.0,14739.835,302.3251,0.34557262,False,False,-877.471704180918
-250.0,700.0,-250.0,700.0,23379.428,318.70703,0.5807514,False,False,-894.4750789824573
-229.99999999999997,700.0,-229.99999999999997,700.0,22623.459,319.6949,0.56063646,False,False,-876.018380287412
-210.00000000000003,700.0,-210.00000000000003,700.0,21844.586,319.92758,0.5398936,False,False,-857.5936319515155
-190.00000000000003,700.0,-190.00000000000003,700.0,21053.355,319.43103,0.5188167,False,False,-839.2017941915557
-170.0,700.0,-170.0,700.0,20242.09,318.14456,0.49719346,False,False,-820.8438642695467
-150.0,700.0,-150.0,700.0,19414.355,315.95135,0.47511882,False,False,-802.5208781977177
-130.0,700.0,-130.0,700.0,18569.332,312.67383,0.45256403,False,False,-784.233912532011
-110.0,700.0,-110.0,700.0,17705.45,308.36493,0.42948997,False,False,-765.9840862589631
-90.0,700.0,-90.0,700.0,16825.885,302.81555,0.40597785,False,False,-747.7725627811305
-70.0,700.0,-70.0,700.0,15930.555,295.99533,0.38202375,False,False,-729.6005520064849
-50.0,700.0,-50.0,700.0,15019.65,287.75446,0.35763335,False,False,-711.469312547483
-30.0,700.0,-30.0,700.0,14091.46,278.299,0.33276975,False,False,-693.3801540358177
-10.0,700.0,-10.0,700.0,13145.943,267.4594,0.30742782,False,False,-675.3344395591549
10.0,700.0,10.0,700.0,12185.556,255.11238,0.28167546,False,False,-657.3335882264629
30.0,700.0,30.0,700.0,11201.85,241.02745,0.25528452,False,False,-639.3790778688801
50.0,700.0,50.0,700.0,10212.117,225.4087,0.22874002,False,False,-621.4724478833541
70.0,700.0,70.0,700.0,9215.923,207.63657,0.20201364,False,False,-603.6153022266448
90.0,700.0,90.0,700.0,8217.904,188.04172,0.17525262,False,False,-585.809312567583
110.0,700.0,110.0,700.0,7206.3574,165.66835,0.1481327,False,False,-568.0562216058091
130.0,700.0,130.0,700.0,6180.1665,139.76024,0.120642394,False,False,-550.3578465655285
150.0,700.0,150.0,700.0,5154.827,112.56696,0.09323913,False,False,-532.7160828731194
170.0,700.0,170.0,700.0,4122.787,84.488815,0.0656783,False,False,-515.1329080277202
190.00000000000003,700.0,190.00000000000003,700.0,3212.0989,62.372307,0.041585267,False,False,-497.6103856741753
210.00000000000003,700.0,210.00000000000003,700.0,2526.2324,46.22364,0.023918156,False,False,-480.15066988795735
229.99999999999997,700.0,229.99999999999997,700.0,2045.009,34.56127,0.011993483,False,False,-462.7560096818558
250.0,700.0,250.0,700.0,1731.6656,27.233356,0.004667077,False,False,-445.4287537443697
270.0,700.0,270.0,700.0,1556.3965,23.776539,0.0010565912,False,False,-428.1713554197963
290.0,700.0,290.0,700.0,1479.9182,22.578611,6.68687e-05,False,False,-410.986377939998
310.0,700.0,310.0,700.0,1439.1578,21.931187,0.0,False,False,-393.87649991771195
330.0,700.0,330.0,700.0,1402.0596,21.313736,0.0,False,False,-376.8445211110323
350.0,700.0,350.0,700.0,1366.1125,20.704924,0.0,False,False,-359.89336846830923
370.0,700.0,370.0,700.0,1331.3164,20.104677,0.0,False,False,-343.0261024621603
390.0,700.0,390.0,700.0,1297.6709,19.51298,0.0,False,False,-326.2459237205284
410.0,700.0,410.0,700.0,1265.1753,18.929762,0.0,False,False,-309.5561799617206
430.0,700.0,430.0,700.0,1233.8286,18.354956,0.0,False,False,-292.9603732390836
450.0,700.0,450.0,700.0,1203.6343,17.788824,0.0,False,False,-276.46216749936127
470.00000000000006,700.0,470.00000000000006,700.0,1174.5955,17.23161,0.0,False,False,-260.0653964567805
490.0,700.0,490.0,700.0,1146.7144,16.683424,0.0,False,False,-243.77407178249229
510.00000000000006,700.0,510.00000000000006,700.0,1119.9905,16.144224,0.0,False,False,-227.59239160603173
530.0,700.0,530.0,700.0,1094.4241,15.613988,0.0,False,False,-211.52474932195804
550.0,700.0,550.0,700.0,1070.0144,15.092648,0.0,False,False,-195.57574269062943
570.0,700.0,570.0,700.0,1046.761,14.58014,0.0,False,False,-179.75018321713614
590.0,700.0,590.0,700.0,1024.6632,14.0764,0.0,False,False,-164.05310578662298
610.0,700.0,610.0,700.0,1003.7236,13.581589,0.0,False,False,-148.48977852747976
630.0,700.0,630.0,700.0,983.9428,13.095759,0.0,False,False,-133.06571286607894
650.0,700.0,650.0,700.0,965.3208,12.6188755,0.0,False,False,-117.78667372774332
670.0,700.0,670.0,700.0,947.85675,12.150887,0.0,False,False,-102.65868982833892
690.0,700.0,690.0,700.0,931.5504,11.691789,0.0,False,False,-87.68806398919592
710.0,700.0,710.0,700.0,916.40344,11.241693,0.0,False,False,-72.8813833948197
730.0,700.0,730.0,700.0,902.5819,10.795281,4.1465973e-06,False,False,-58.24552969799901
750.0,700.0,750.0,700.0,891.18427,10.348021,4.041064e-05,False,False,-43.787688860342456
770.0,700.0,770.0,700.0,881.20026,9.991425,8.305916e-05,False,False,-40.624812312295475
789.9999999999999,700.0,789.9999999999999,700.0,874.9184,9.702981,0.00019055724,False,False,-55.50935571410265
810.0,700.0,810.0,700.0,874.09827,9.655847,0.0004079351,False,False,-70.5606008068857
830.0,700.0,830.0,700.0,877.0701,10.11697,0.0006926338,False,False,-85.77161502776454
850.0,700.0,850.0,700.0,884.2323,11.167495,0.0010549357,False,False,-101.13577727726214
869.9999999999999,700.0,869.9999999999999,700.0,895.9557,12.793466,0.0015044477,False,False,-116.64676599182438
890.0000000000001,700.0,890.0000000000001,700.0,914.8694,14.9331665,0.0021087313,False,False,-132.29854720387252
910.0,700.0,910.0,700.0,941.7466,17.605396,0.0028877798,False,False,-148.0853626799708
930.0,700.0,930.0,700.0,976.44666,20.786621,0.0038382742,False,False,-164.00171821179026
950.0,700.0,950.0,700.0,1022.8609,24.442827,0.005060556,False,False,-180.0423721205947
969.9999999999999,700.0,969.9999999999999,700.0,1077.5247,28.59096,0.006465875,False,False,-196.20232402382493
990.0,700.0,990.0,700.0,1139.1511,33.17421,0.008021307,False,False,-212.4768039018315
1010.0,700.0,1010.0,700.0,1215.1791,38.092957,0.009918915,False,False,-228.86126149374581
1030.0,700.0,1030.0,700.0,1302.9619,43.414104,0.012090882,False,False,-245.35135604374724
1050.0,700.0,1050.0,700.0,1400.7837,49.11816,0.014493417,False,False,-261.9429464123963
1070.0,700.0,1070.0,700.0,1509.314,55.163967,0.017144231,False,False,-278.6320815621671
1090.0,700.0,1090.0,700.0,1631.1193,61.521214,0.020110216,False,False,-295.414991421668
1110.0,700.0,1110.0,700.0,1767.1359,68.185295,0.0234163,False,False,-312.2880781291889
1130.0,700.0,1130.0,700.0,1913.1556,75.17024,0.026954077,False,False,-329.2479076530457
1150.0,700.0,1150.0,700.0,2071.4011,82.43433,0.030781765,False,False,-346.2912017836262
1170.0,700.0,1170.0,700.0,2242.8486,89.95858,0.03492535,False,False,-363.41483048997236
1190.0,700.0,1190.0,700.0,2428.0186,97.73429,0.039399043,False,False,-380.6158046321214
1210.0,700.0,1210.0,700.0,2626.3433,105.75259,0.04418888,False,False,-397.89126901916086
1230.0,700.0,1230.0,700.0,2844.3828,113.9666,0.049466584,False,False,-415.2384958020327
1250.0,700.0,1250.0,700.0,3075.312,122.42785,0.055055387,False,False,-432.65487818944035
1270.0,700.0,1270.0,700.0,3325.686,131.07825,0.061127305,False,False,-450.1379244747723
1290.0,700.0,1290.0,700.0,3593.1523,139.93594,0.067622215,False,False,-467.6852523616909
1310.0,700.0,1310.0,700.0,3878.7854,148.9852,0.074569434,False,False,-485.2945835759316
1330.0,700.0,1330.0,700.0,4185.3604,158.19823,0.08204298,False,False,-502.9637387508724
1350.0,700.0,1350.0,700.0,4514.586,167.47873,0.09008974,False,False,-520.6906325745551
1370.0,700.0,1370.0,700.0,4866.1523,176.77995,0.098703764,False,False,-538.4732691860462
1390.0,700.0,1390.0,700.0,5238.234,186.2177,0.1078384,False,False,-556.3097378092834
1410.0,700.0,1410.0,700.0,5626.9644,195.40236,0.11739662,False,False,-574.1982086128799
1430.0,700.0,1430.0,700.0,6032.724,204.41441,0.12738976,False,False,-592.1369287847074
1450.0,700.0,1450.0,700.0,6455.9946,213.36214,0.13783161,False,False,-610.124218810462
1470.0,700.0,1470.0,700.0,6900.1255,222.22168,0.1488123,False,False,-628.1584689458209
1490.0,700.0,1490.0,700.0,7366.4453,230.86874,0.16036987,False,False,-646.2381358722074
1510.0,700.0,1510.0,700.0,7854.08,239.07689,0.17248543,False,False,-664.3617395265971
1530.0,700.0,1530.0,700.0,8366.247,246.88763,0.1852464,False,False,-682.5278600962303
1550.0000000000002,700.0,1550.0000000000002,700.0,8893.371,254.23541,0.1984034,False,False,-700.735135169495
1570.0,700.0,1570.0,700.0,9442.69,261.09787,0.21214968,False,False,-718.9822570346677
1590.0,700.0,1590.0,700.0,10012.102,267.66815,0.22643156,False,False,-737.2679701185997
1609.9999999999998,700.0,1609.9999999999998,700.0,10605.436,273.92017,0.24135323,False,False,-755.5910685578234
1630.0,700.0,1630.0,700.0,11207.963,279.4431,0.25652972,False,False,-773.9503938949365
1650.0000000000002,700.0,1650.0000000000002,700.0,11832.853,284.52704,0.2723108,False,False,-792.3448328934921
1670.0,700.0,1670.0,700.0,12473.941,289.33365,0.28853548,False,False,-810.7733154649702
1690.0,700.0,1690.0,700.0,13134.66,293.612,0.30529845,False,False,-829.2348127017484
1709.9999999999998,700.0,1709.9999999999998,700.0,13817.871,297.18027,0.32267964,False,False,-847.7283350103174
1730.0,700.0,1730.0,700.0,14514.069,300.3553,0.34042868,False,False,-866.2529303392936
1750.0,700.0,1750.0,700.0,15217.908,303.3763,0.35840532,False,False,-884.8076824970765
-250.0,720.0,-250.0,720.0,23882.688,316.44116,0.5944719,False,False,-902.2310504436167
-229.99999999999997,720.0,-229.99999999999997,720.0,23133.438,317.7833,0.5745523,False,False,-883.8503410734203
-210.00000000000003,720.0,-210.00000000000003,720.0,22371.336,318.46918,0.5542864,False,False,-865.5029471574305
-190.00000000000003,720.0,-190.00000000000003,720.0,21587.586,318.42017,0.53342974,False,False,-847.1898614229332
-170.0,720.0,-170.0,720.0,20792.78,317.6584,0.5122758,False,False,-828.9121144643042
-150.0,720.0,-150.0,720.0,19975.775,316.02725,0.49051404,False,False,-810.6707764596268
-130.0,720.0,-130.0,720.0,19142.227,313.4723,0.4682998,False,False,-792.4669589745652
-110.0,720.0,-110.0,720.0,18290.219,309.7657,0.44557092,False,False,-774.3018168581527
-90.0,720.0,-90.0,720.0,17421.71,305.08102,0.4223928,False,False,-756.1765502354134
-70.0,720.0,-70.0,720.0,16536.324,299.0933,0.39874005,False,False,-738.0924066019548
-50.0,720.0,-50.0,720.0,15634.08,291.76984,0.37461704,False,False,-720.0506830259366
-30.0,720.0,-30.0,720.0,14719.182,283.10913,0.3501415,False,False,-702.0527284630776
-10.0,720.0,-10.0,720.0,13785.731,273.12857,0.32515535,False,False,-684.0999461906125
10.0,720.0,10.0,720.0,12835.861,261.7748,0.29971862,False,False,-666.1937963663893
30.0,720.0,30.0,720.0,11870.069,248.79301,0.27384117,False,False,-648.3357987195621
50.0,720.0,50.0,720.0,10884.0,234.17392,0.2474154,False,False,-630.5275353796001
70.0,720.0,70.0,720.0,9890.193,217.85806,0.2207838,False,False,-612.7706538505994
90.0,720.0,90.0,720.0,8891.502,199.42569,0.19402029,False,False,-595.0668701381477
110.0,720.0,110.0,720.0,7891.987,179.16905,0.16724616,False,False,-577.4179720362397
130.0,720.0,130.0,720.0,6870.7295,155.31879,0.139894,False,False,-559.8258225819765
150.0,720.0,150.0,720.0,5845.346,129.01393,0.11247255,False,False,-542.2923636860022
170.0,720.0,170.0,720.0,4817.2686,101.45877,0.08501958,False,False,-524.8196199468229
190.00000000000003,720.0,190.00000000000003,720.0,3819.5884,76.29285,0.05844754,False,False,-507.4097026573065
210.00000000000003,720.0,210.00000000000003,720.0,2993.838,57.37702,0.036790185,False,False,-490.0648140117951
229.99999999999997,720.0,229.99999999999997,720.0,2389.626,43.17828,0.021410603,False,False,-472.7872515223041
250.0,720.0,250.0,720.0,1957.6143,32.66985,0.010807641,False,False,-455.57941265230835
270.0,720.0,270.0,720.0,1676.1517,26.038767,0.004300461,False,False,-438.4437996765307
290.0,720.0,290.0,720.0,1514.7205,22.826998,0.0010079117,False,False,-421.3830247749801
310.0,720.0,310.0,720.0,1442.5049,21.670815,7.4685464e-05,False,False,-404.39981536921607
330.0,720.0,330.0,720.0,1403.6206,21.04488,0.0,False,False,-387.4970197084046
350.0,720.0,350.0,720.0,1368.6647,20.452343,0.0,False,False,-370.67761271216557
370.0,720.0,370.0,720.0,1334.8273,19.868107,0.0,False,False,-353.9447020764688
390.0,720.0,390.0,720.0,1302.1077,19.292135,0.0,False,False,-337.30153464787224
410.0,720.0,410.0,720.0,1270.5046,18.72434,0.0,False,False,-320.751503070192
430.0,720.0,430.0,720.0,1240.0211,18.164911,0.0,False,False,-304.29815270619287
450.0,720.0,450.0,720.0,1210.661,17.614119,0.0,False,False,-287.94518883507016
470.00000000000006,720.0,470.00000000000006,720.0,1182.426,17.072123,0.0,False,False,-271.69648412426636
490.0,720.0,490.0,720.0,1155.3163,16.53889,0.0,False,False,-255.5560863715476
510.00000000000006,720.0,510.00000000000006,720.0,1129.3323,16.014404,0.0,False,False,-239.52822651009186
530.0,720.0,530.0,720.0,1104.4729,15.49861,0.0,False,False,-223.61732686566276
550.0,720.0,550.0,720.0,1080.7378,14.991424,0.0,False,False,-207.82800965058217
570.0,720.0,570.0,720.0,1058.1262,14.492792,0.0,False,False,-192.16510567416933
590.0,720.0,590.0,720.0,1036.6392,14.002754,0.0,False,False,-176.63366324345813
610.0,720.0,610.0,720.0,1016.27893,13.521474,0.0,False,False,-161.2389572212673
630.0,720.0,630.0,720.0,997.0454,13.048911,0.0,False,False,-145.98649820098342
650.0,720.0,650.0,720.0,978.9379,12.585026,0.0,False,False,-130.88204174863844
670.0,720.0,670.0,720.0,961.9557,12.129768,0.0,False,False,-115.93159765291439
690.0,720.0,690.0,720.0,946.09924,11.683179,0.0,False,False,-101.14143911252476
710.0,720.0,710.0,720.0,931.53894,11.23972,4.261674e-06,False,False,-86.51811177790275
730.0,720.0,730.0,720.0,919.3314,10.793889,3.965426e-05,False,False,-72.06844255021122
750.0,720.0,750.0,720.0,908.4949,10.430529,8.1173406e-05,False,False,-57.799548025358085
770.0,720.0,770.0,720.0,901.29755,10.123445,0.00018674156,False,False,-54.182147448912254
789.9999999999999,720.0,789.9999999999999,720.0,899.4141,10.0286875,0.0003992236,False,False,-68.87791632159745
810.0,720.0,810.0,720.0,901.2206,10.39931,0.00067722145,False,False,-83.74351209130666
830.0,720.0,830.0,720.0,907.09827,11.32533,0.0010305715,False,False,-98.7720418721984
850.0,720.0,850.0,720.0,917.4541,12.810565,0.0014697987,False,False,-113.95691119540174
869.9999999999999,720.0,869.9999999999999,720.0,934.84106,14.806739,0.0020604858,False,False,-129.2918134831227
890.0000000000001,720.0,890.0000000000001,720.0,959.97095,17.337461,0.0028210627,False,False,-144.7707194019247
910.0,720.0,910.0,720.0,992.78577,20.380728,0.003750296,False,False,-160.38786618957724
930.0,720.0,930.0,720.0,1037.0105,23.90089,0.004944203,False,False,-176.13774703475949
950.0,720.0,950.0,720.0,1089.3063,27.915257,0.0063172625,False,False,-192.01510057549186
969.9999999999999,720.0,969.9999999999999,720.0,1148.4468,32.36716,0.00783818,False,False,-208.01490057035298
990.0,720.0,990.0,720.0,1221.6917,37.154385,0.009694308,False,False,-224.13234578618994
1010.0,720.0,1010.0,720.0,1306.3857,42.3428,0.011817588,False,False,-240.3628501370073
1030.0,720.0,1030.0,720.0,1400.9519,47.912746,0.014167745,False,False,-256.70203310092563
1050.0,720.0,1050.0,720.0,1506.0472,53.823505,0.0167622,False,False,-273.1457104353767
1070.0,720.0,1070.0,720.0,1624.1313,60.04461,0.019664984,False,False,-289.6898852049667
1090.0,720.0,1090.0,720.0,1756.1897,66.570786,0.022902213,False,False,-306.33073913155704
1110.0,720.0,1110.0,720.0,1898.0441,73.41703,0.026366286,False,False,-323.06462427199676
1130.0,720.0,1130.0,720.0,2051.9517,80.54155,0.030116271,False,False,-339.88805502549354
1150.0,720.0,1150.0,720.0,2218.8372,87.92588,0.034176774,False,False,-356.7977004697496
1170.0,720.0,1170.0,720.0,2399.194,95.56155,0.03856131,False,False,-373.79037702263736
1190.0,720.0,1190.0,720.0,2592.5166,103.4396,0.043257426,False,False,-390.8630414242806
1210.0,720.0,1210.0,720.0,2805.2163,111.51364,0.048432816,False,False,-408.01278403287233
1230.0,720.0,1230.0,720.0,3030.6597,119.83444,0.053915724,False,False,-425.23682242636437
1250.0,720.0,1250.0,720.0,3275.228,128.34514,0.05987349,False,False,-442.5324953012324
1270.0,720.0,1270.0,720.0,3536.525,137.06458,0.06624479,False,False,-459.89725665883776
1290.0,720.0,1290.0,720.0,3815.7378,145.97588,0.07306181,False,False,-477.3286702694158
1310.0,720.0,1310.0,720.0,4115.545,155.0523,0.080395855,False,False,-494.8244044034069
1330.0,720.0,1330.0,720.0,4438.2227,164.25755,0.088308126,False,False,-512.3822268196623
1350.0,720.0,1350.0,720.0,4782.6187,173.45708,0.09677111,False,False,-530.0000000000001
1370.0,720.0,1370.0,720.0,5147.215,182.79407,0.105745986,False,False,-547.6756766196206
1390.0,720.0,1390.0,720.0,5530.446,192.06166,0.1151947,False,False,-565.4072952429985
1410.0,720.0,1410.0,720.0,5929.5957,201.07027,0.12504914,False,False,-583.1929762350512
1430.0,720.0,1430.0,720.0,6346.2637,210.01257,0.13535175,False,False,-601.0309178776031
1450.0,720.0,1450.0,720.0,6783.048,218.82823,0.14617297,False,False,-618.919392681427
1470.0,720.0,1470.0,720.0,7242.77,227.50516,0.15758917,False,False,-636.8567438844489
1490.0,720.0,1490.0,720.0,7724.7275,235.8222,0.16958573,False,False,-654.8413821270001
1510.0,720.0,1510.0,720.0,8230.035,243.68063,0.18219545,False,False,-672.8717822953438
1530.0,720.0,1530.0,720.0,8753.193,251.25644,0.19527522,False,False,-690.9464805250342
1550.0000000000002,720.0,1550.0000000000002,720.0,9295.514,258.18015,0.2088638,False,False,-709.0640713560157
1570.0,720.0,1570.0,720.0,9857.557,264.79602,0.22297662,False,False,-727.2232050317065
1590.0,720.0,1590.0,720.0,10444.486,271.1471,0.23775238,False,False,-745.4225849346628
1609.9999999999998,720.0,1609.9999999999998,720.0,11043.298,276.90216,0.252852,False,False,-763.6609651517492
1630.0,720.0,1630.0,720.0,11661.277,282.0713,0.26847032,False,False,-781.9371481620781
1650.0000000000002,720.0,1650.0000000000002,720.0,12294.984,286.9298,0.28451782,False,False,-800.2499826412998
1670.0,720.0,1670.0,720.0,12950.416,291.35892,0.3011564,False,False,-818.598361376145
1690.0,720.0,1690.0,720.0,13628.168,295.10205,0.31840622,False,False,-836.98121928342
1709.9999999999998,720.0,1709.9999999999998,720.0,14316.686,298.3655,0.33596277,False,False,-855.3975315279471
1730.0,720.0,1730.0,720.0,15013.031,301.47327,0.3537495,False,False,-873.846311734236
1750.0,720.0,1750.0,720.0,15715.487,304.37448,0.37172306,False,False,-892.3266102869242
-250.0,740.0,-250.0,740.0,24398.02,313.81146,0.60846174,False,False,-910.1649440972532
-229.99999999999997,740.0,-229.99999999999997,740.0,23659.18,315.42615,0.588834,False,False,-891.8613194282183
-210.00000000000003,740.0,-210.00000000000003,740.0,22910.215,316.63776,0.568945,False,False,-873.5923756888251
-190.00000000000003,740.0,-190.00000000000003,740.0,22141.516,317.00348,0.5485124,False,False,-855.3591373450888
-170.0,740.0,-170.0,740.0,21356.213,316.75848,0.5276345,False,False,-837.1626674904235
-150.0,740.0,-150.0,740.0,20555.664,315.66724,0.5063394,False,False,-819.0040695697041
-130.0,740.0,-130.0,740.0,19735.11,313.7464,0.48449972,False,False,-800.8844891890659
-110.0,740.0,-110.0,740.0,18895.734,310.84482,0.4621435,False,False,-782.8051160158751
-90.0,740.0,-90.0,740.0,18039.664,306.7994,0.43932265,False,False,-764.7671857735215
-70.0,740.0,-70.0,740.0,17164.309,301.66956,0.41597298,False,False,-746.7719823358777
-50.0,740.0,-50.0,740.0,16274.03,295.28665,0.39220583,False,False,-728.820839926517
-30.0,740.0,-30.0,740.0,15366.023,287.5155,0.36794528,False,False,-710.9151454279796
-10.0,740.0,-10.0,740.0,14446.775,278.42432,0.3433715,False,False,-693.0563408066079
10.0,740.0,10.0,740.0,13509.414,267.9642,0.31829858,False,False,-675.2459256587007
30.0,740.0,30.0,740.0,12554.811,256.0883,0.29275346,False,False,-657.4854598839455
50.0,740.0,50.0,740.0,11583.445,242.43466,0.2667438,False,False,-639.7765664923104
70.0,740.0,70.0,740.0,10597.373,227.39062,0.24034745,False,False,-622.1209345507895
90.0,740.0,90.0,740.0,9599.441,210.41019,0.21362734,False,False,-604.520322276581
110.0,740.0,110.0,740.0,8601.086,191.54121,0.18690279,False,False,-586.9765602834717
130.0,740.0,130.0,740.0,7594.3203,170.1738,0.15995593,False,False,-569.4915549883588
150.0,740.0,150.0,740.0,6568.706,145.40805,0.13251743,False,False,-552.0672921849725
170.0,740.0,170.0,740.0,5547.208,119.26797,0.10524319,False,False,-534.7058407919773
190.00000000000003,740.0,190.00000000000003,740.0,4517.141,92.35205,0.07775882,False,False,-517.4093567826798
210.00000000000003,740.0,210.00000000000003,740.0,3583.5952,70.42698,0.053015277,False,False,-500.1800873036019
229.99999999999997,740.0,229.99999999999997,740.0,2837.0076,53.92518,0.0336072,False,False,-483.0203749891163
250.0,740.0,250.0,740.0,2292.081,41.066986,0.019857815,False,False,-465.93266247924095
270.0,740.0,270.0,740.0,1896.0713,31.394033,0.010203288,False,False,-448.91949714747506
290.0,740.0,290.0,740.0,1636.172,25.16767,0.004232746,False,False,-431.98353604526784
310.0,740.0,310.0,740.0,1481.5327,22.018795,0.0010704593,False,False,-415.12755106927557
330.0,740.0,330.0,740.0,1410.1044,20.837374,0.000103802915,False,False,-398.3544343570202
350.0,740.0,350.0,740.0,1372.1758,20.222254,0.0,False,False,-381.66720391581936
370.0,740.0,370.0,740.0,1339.2444,19.653152,0.0,False,False,-365.0690094889617
390.0,740.0,390.0,740.0,1307.3994,19.092018,0.0,False,False,-348.56313866195796
410.0,740.0,410.0,740.0,1276.6427,18.53897,0.0,False,False,-332.1530232103248
430.0,740.0,430.0,740.0,1246.9783,17.994267,0.0,False,False,-315.8422456886785
450.0,740.0,450.0,740.0,1218.4088,17.45813,0.0,False,False,-299.63454625892484
470.00000000000006,740.0,470.00000000000006,740.0,1190.9346,16.930555,0.0,False,False,-283.53382975294323
490.0,740.0,490.0,740.0,1164.5554,16.41152,0.0,False,False,-267.5441729623761
510.00000000000006,740.0,510.00000000000006,740.0,1139.271,15.900971,0.0,False,False,-251.66983214483946
530.0,740.0,530.0,740.0,1115.0804,15.398837,0.0,False,False,-235.91525073206654
550.0,740.0,550.0,740.0,1091.9832,14.905058,0.0,False,False,-220.285067221067
570.0,740.0,570.0,740.0,1069.979,14.419593,0.0,False,False,-204.78412322429796
590.0,740.0,590.0,740.0,1049.0708,13.942626,0.0,False,False,-189.417471649024
610.0,740.0,610.0,740.0,1029.259,13.47418,0.0,False,False,-174.19038496939393
630.0,740.0,630.0,740.0,1010.54297,13.014198,0.0,False,False,-159.10836354725257
650.0,740.0,650.0,740.0,992.92194,12.5626335,0.0,False,False,-144.17714394922527
670.0,740.0,670.0,740.0,976.39575,12.11947,0.0,False,False,-129.40270719811141
690.0,740.0,690.0,740.0,961.1985,11.676957,5.9352606e-06,False,False,-114.79128688604267
710.0,740.0,710.0,740.0,948.2528,11.235108,4.1209976e-05,False,False,-100.34937706514657
730.0,740.0,730.0,740.0,936.60645,10.870318,8.156779e-05,False,False,-86.08373981856138
750.0,740.0,750.0,740.0,928.81226,10.548356,0.00019219346,False,False,-72.00141240060354
770.0,740.0,770.0,740.0,926.08777,10.427957,0.0004042611,False,False,-67.94194598770208
789.9999999999999,740.0,789.9999999999999,740.0,926.9523,10.738022,0.0006800271,False,False,-82.45092267501897
810.0,740.0,810.0,740.0,931.6885,11.573538,0.0010268071,False,False,-97.1326264403955
830.0,740.0,830.0,740.0,940.97766,12.943708,0.0014621331,False,False,-111.9802156513398
850.0,740.0,850.0,740.0,957.2083,14.819723,0.002047362,False,False,-126.9871339105873
869.9999999999999,740.0,869.9999999999999,740.0,980.96185,17.230627,0.0027975775,False,False,-142.14710085872912
890.0000000000001,740.0,890.0000000000001,740.0,1012.55615,20.150393,0.003721187,False,False,-157.4541027617468
910.0,740.0,910.0,740.0,1054.9757,23.555386,0.0048951413,False,False,-172.90238297993082
930.0,740.0,930.0,740.0,1105.2548,27.453165,0.0062434967,False,False,-188.48643240047136
950.0,740.0,950.0,740.0,1162.2744,31.786516,0.0077377283,False,False,-204.20097990327184
969.9999999999999,740.0,969.9999999999999,740.0,1233.547,36.453396,0.009571683,False,False,-220.04098291819685
990.0,740.0,990.0,740.0,1315.6191,41.522747,0.0116567165,False,False,-236.00161812191828
1010.0,740.0,1010.0,740.0,1407.3655,46.97031,0.013964168,False,False,-252.07827231367608
1030.0,740.0,1030.0,740.0,1509.59,52.755177,0.016515192,False,False,-268.266533501535
1050.0,740.0,1050.0,740.0,1624.626,58.848248,0.01937056,False,False,-284.5621822239669
1070.0,740.0,1070.0,740.0,1753.1849,65.24612,0.0225492,False,False,-300.9611831257689
1090.0,740.0,1090.0,740.0,1891.3884,71.960815,0.02595128,False,False,-317.45967680229217
1110.0,740.0,1110.0,740.0,2041.4812,78.95192,0.029635463,False,False,-334.05397192167607
1130.0,740.0,1130.0,740.0,2204.379,86.20142,0.03362613,False,False,-350.7405376311174
1150.0,740.0,1150.0,740.0,2380.3906,93.70248,0.03793197,False,False,-367.51599625013546
1170.0,740.0,1170.0,740.0,2569.565,101.44164,0.042554937,False,False,-384.37711625120426
1190.0,740.0,1190.0,740.0,2777.4473,109.380646,0.04763999,False,False,-401.32080552598666
1210.0,740.0,1210.0,740.0,2998.224,117.56212,0.053036798,False,False,-418.34410493363697
1230.0,740.0,1230.0,740.0,3237.6575,125.9358,0.058896355,False,False,-435.4441821262156
1250.0,740.0,1250.0,740.0,3493.5105,134.51834,0.06516149,False,False,-452.61832564510917
1270.0,740.0,1270.0,740.0,3767.1377,143.29176,0.071868636,False,False,-469.86393928145617
1290.0,740.0,1290.0,740.0,4061.0342,152.23117,0.07908423,False,False,-487.1785366928882
1310.0,740.0,1310.0,740.0,4377.845,161.3109,0.08687888,False,False,-504.5597362683877
1330.0,740.0,1330.0,740.0,4716.257,170.4525,0.0952204,False,False,-522.0052562327111
1350.0,740.0,1350.0,740.0,5073.704,179.6539,0.10404347,False,False,-539.5129099815955
1370.0,740.0,1370.0,740.0,5451.7495,188.95262,0.113390215,False,False,-557.0806016388491
1390.0,740.0,1390.0,740.0,5845.285,197.99094,0.12313095,False,False,-574.7063218263905
1410.0,740.0,1410.0,740.0,6255.711,206.88565,0.13330324,False,False,-592.3881436383531
1430.0,740.0,1430.0,740.0,6686.1914,215.66873,0.14399162,False,False,-610.124218810462
1450.0,740.0,1450.0,740.0,7139.506,224.32565,0.15527122,False,False,-627.9127740760559
1470.0,740.0,1470.0,740.0,7616.953,232.73335,0.16717923,False,False,-645.7521077003063
1490.0,740.0,1490.0,740.0,8116.799,240.67436,0.17967406,False,False,-663.640586184408
1510.0,740.0,1510.0,740.0,8634.533,248.3148,0.19263895,False,False,-681.5766411317684
1530.0,740.0,1530.0,740.0,9172.34,255.38585,0.20613495,False,False,-699.5587662684688
1550.0000000000002,740.0,1550.0000000000002,740.0,9727.927,262.05368,0.22010294,False,False,-717.5855146105538
1570.0,740.0,1570.0,740.0,10307.352,268.38037,0.23470493,False,False,-735.6554957709781
1590.0,740.0,1590.0,740.0,10904.129,274.4161,0.2497722,False,False,-753.7673733993346
1609.9999999999998,740.0,1609.9999999999998,740.0,11516.057,279.65085,0.2652513,False,False,-771.9198627477483
1630.0,740.0,1630.0,740.0,12143.094,284.56415,0.28114152,False,False,-790.1117283566409
1650.0000000000002,740.0,1650.0000000000002,740.0,12793.145,289.06927,0.29765475,False,False,-808.3417818543045
1670.0,740.0,1670.0,740.0,13465.598,292.9516,0.31477886,False,False,-826.6088798645427
1690.0,740.0,1690.0,740.0,14147.857,296.35202,0.33218235,False,False,-844.9119220168751
1709.9999999999998,740.0,1709.9999999999998,740.0,14835.936,299.52142,0.34976053,False,False,-863.249849054066
1730.0,740.0,1730.0,740.0,15531.351,302.5234,0.3675558,False,False,-881.6216410320114
1750.0,740.0,1750.0,740.0,16226.965,305.3866,0.3853801,False,False,-900.026315607234
-250.0,760.0000000000001,-250.0,760.0000000000001,24922.986,310.7424,0.62265664,False,False,-918.2745523110865
-229.99999999999997,760.0000000000001,-229.99999999999997,760.0000000000001,24201.734,312.76465,0.6035205,False,False,-900.0490510339242
-210.00000000000003,760.0000000000001,-210.00000000000003,760.0000000000001,23461.691,314.2425,0.58387935,False,False,-881.8595948225078
-190.00000000000003,760.0000000000001,-190.00000000000003,760.0000000000001,22708.824,315.2025,0.5638981,False,False,-863.7072390577199
-170.0,760.0000000000001,-170.0,760.0000000000001,21936.068,315.32526,0.5433707,False,False,-845.5930784457246
-150.0,760.0000000000001,-150.0,760.0000000000001,21149.355,314.86856,0.52247214,False,False,-827.5182487453804
-130.0,760.0000000000001,-130.0,760.0000000000001,20343.488,313.46933,0.50104636,False,False,-809.4839285796378
-110.0,760.0000000000001,-110.0,760.0000000000001,19519.27,311.2459,0.47912294,False,False,-791.4913413350945
-90.0,760.0000000000001,-90.0,760.0000000000001,18673.488,307.97964,0.4566059,False,False,-773.5417571540941
-70.0,760.0000000000001,-70.0,760.0000000000001,17814.992,303.65414,0.4337386,False,False,-755.6364950239127
-50.0,760.0000000000001,-50.0,760.0000000000001,16934.771,298.1485,0.41027164,False,False,-737.7769249677775
-30.0,760.0000000000001,-30.0,760.0000000000001,16039.18,291.36304,0.38637674,False,False,-719.9644703426526
-10.0,760.0000000000001,-10.0,760.0000000000001,15127.391,283.22925,0.36203283,False,False,-702.2006102488915
10.0,760.0000000000001,10.0,760.0000000000001,14203.564,273.71497,0.33735234,False,False,-684.4868820570598
30.0,760.0000000000001,30.0,760.0000000000001,13264.155,262.84222,0.31224346,False,False,-666.82488405739
50.0,760.0000000000001,50.0,760.0000000000001,12305.578,250.48756,0.28661007,False,False,-649.2162782374988
70.0,760.0000000000001,70.0,760.0000000000001,11331.772,236.3334,0.26055592,False,False,-631.6627931941589
90.0,760.0000000000001,90.0,760.0000000000001,10344.199,220.75089,0.23413947,False,False,-614.1662271850385
110.0,760.0000000000001,110.0,760.0000000000001,9343.467,203.23137,0.20736822,False,False,-596.7284513264606
130.0,760.0000000000001,130.0,760.0000000000001,8345.252,183.9568,0.18067273,False,False,-579.351412943305
150.0,760.0000000000001,150.0,760.0000000000001,7329.8877,161.42848,0.15351787,False,False,-562.0371390772468
170.0,760.0000000000001,170.0,760.0000000000001,6302.837,136.16637,0.12607603,False,False,-544.7877401595492
190.00000000000003,760.0000000000001,190.00000000000003,760.0000000000001,5280.45,109.94838,0.098800175,False,False,-527.6054138545933
210.00000000000003,760.0000000000001,210.00000000000003,760.0000000000001,4272.6406,85.43401,0.071958795,False,False,-510.4924490802594
229.99999999999997,760.0000000000001,229.99999999999997,760.0000000000001,3407.955,66.41396,0.049179196,False,False,-493.45123021111624
250.0,760.0000000000001,250.0,760.0000000000001,2729.7974,51.608192,0.031689152,False,False,-476.48424147015976
270.0,760.0000000000001,270.0,760.0000000000001,2225.1396,39.72241,0.019026753,False,False,-459.5940715145185
290.0,760.0000000000001,290.0,760.0000000000001,1856.751,30.649948,0.0100868065,False,False,-442.7834182201242
310.0,760.0000000000001,310.0,760.0000000000001,1610.2996,24.602066,0.0044328393,False,False,-426.05509366979317
330.0,760.0000000000001,330.0,760.0000000000001,1456.9458,21.36345,0.0012556829,False,False,-409.41202934847234
350.0,760.0000000000001,350.0,760.0000000000001,1382.6782,20.08063,0.00016206855,False,False,-392.8572815485425
370.0,760.0000000000001,370.0,760.0000000000001,1344.4952,19.45809,0.0,False,False,-376.3940369870148
390.0,760.0000000000001,390.0,760.0000000000001,1313.4797,18.911116,0.0,False,False,-360.02561863518906
410.0,760.0000000000001,410.0,760.0000000000001,1283.5272,18.37221,0.0,False,False,-343.7554917598087
430.0,760.0000000000001,430.0,760.0000000000001,1254.6409,17.841618,0.0,False,False,-327.5872701729486
450.0,760.0000000000001,450.0,760.0000000000001,1226.8214,17.319407,0.0,False,False,-311.5247226857291
470.00000000000006,760.0000000000001,470.00000000000006,760.0000000000001,1200.0684,16.805546,0.0,False,False,-295.5717797584565
490.0,760.0000000000001,490.0,760.0000000000001,1174.3812,16.299973,0.0,False,False,-279.73254033689057
510.00000000000006,760.0000000000001,510.00000000000006,760.0000000000001,1149.7593,15.8026285,0.0,False,False,-264.0112788609633
530.0,760.0000000000001,530.0,760.0000000000001,1126.2023,15.313455,0.0,False,False,-248.41245242842086
550.0,760.0000000000001,550.0,760.0000000000001,1103.7092,14.83238,0.0,False,False,-232.9407080914156
570.0,760.0000000000001,570.0,760.0000000000001,1082.282,14.359516,0.0,False,False,-217.600890259028
590.0,760.0000000000001,590.0,760.0000000000001,1061.9222,13.894969,0.0,False,False,-202.39804817298085
610.0,760.0000000000001,610.0,760.0000000000001,1042.6296,13.438693,0.0,False,False,-187.33744341733387
630.0,760.0000000000001,630.0,760.0000000000001,1024.4038,12.990655,0.0,False,False,-172.42455741571143
650.0,760.0000000000001,650.0,760.0000000000001,1007.24384,12.550797,0.0,False,False,-157.66509886151601
670.0,760.0000000000001,670.0,760.0000000000001,991.5095,12.107777,9.162992e-06,False,False,-143.06501101759733
690.0,760.0000000000001,690.0,760.0000000000001,977.89386,11.672037,4.507386e-05,False,False,-128.63047881194328
710.0,760.0000000000001,710.0,760.0000000000001,965.5325,11.308246,8.565711e-05,False,False,-114.36793564508719
730.0,760.0000000000001,730.0,760.0000000000001,957.4025,10.977128,0.0002069347,False,False,-100.284069813114
750.0,760.0000000000001,750.0,760.0000000000001,954.05426,10.849848,0.00042303352,False,False,-86.38583043738474
770.0,760.0000000000001,770.0,760.0000000000001,954.1964,11.125817,0.00070104504,False,False,-81.89648303338154
789.9999999999999,760.0000000000001,789.9999999999999,760.0000000000001,958.00037,11.900414,0.0010454222,False,False,-96.22078068243172
810.0,760.0000000000001,810.0,760.0000000000001,966.4928,13.183169,0.0014825445,False,False,-110.72048689127922
830.0,760.0000000000001,830.0,760.0000000000001,982.0216,14.962644,0.0020727103,False,False,-125.38882169675047
850.0,760.0000000000001,850.0,760.0000000000001,1004.70776,17.278824,0.002819194,False,False,-140.21927715681088
869.9999999999999,760.0000000000001,869.9999999999999,760.0000000000001,1035.7981,20.091507,0.0037542596,False,False,-155.2056094046635
890.0000000000001,760.0000000000001,890.0000000000001,760.0000000000001,1076.6914,23.40477,0.0049140826,False,False,-170.34183040682626
910.0,760.0000000000001,910.0,760.0000000000001,1125.3176,27.203917,0.0062457216,False,False,-185.62219952225934
930.0,760.0000000000001,930.0,760.0000000000001,1180.7188,31.430864,0.0077247773,False,False,-201.0412149464314
950.0,760.0000000000001,950.0,760.0000000000001,1250.7117,35.990955,0.009552927,False,False,-216.5936051122413
969.9999999999999,760.0000000000001,969.9999999999999,760.0000000000001,1330.6882,40.954674,0.011611801,False,False,-232.27432010896027
990.0,760.0000000000001,990.0,760.0000000000001,1419.9951,46.29243,0.013884872,False,False,-248.078523170718
1010.0,760.0000000000001,1010.0,760.0000000000001,1519.9917,51.960316,0.016407575,False,False,-264.00158227749074
1030.0,760.0000000000001,1030.0,760.0000000000001,1632.6167,57.93418,0.019230463,False,False,-280.03906190397186
1050.0,760.0000000000001,1050.0,760.0000000000001,1758.068,64.214195,0.022359146,False,False,-296.18671494503457
1070.0,760.0000000000001,1070.0,760.0000000000001,1893.1228,70.80471,0.025710715,False,False,-312.44047484066897
1090.0,760.0000000000001,1090.0,760.0000000000001,2039.9098,77.668945,0.029340792,False,False,-328.7964479181904
1110.0,760.0000000000001,1110.0,760.0000000000001,2199.542,84.787796,0.03327883,False,False,-345.25090596512905
1130.0,760.0000000000001,1130.0,760.0000000000001,2371.5586,92.160736,0.037513506,False,False,-361.8002790424153
1150.0,760.0000000000001,1150.0,760.0000000000001,2557.5996,99.76156,0.042088095,False,False,-378.44114854425345
1170.0,760.0000000000001,1170.0,760.0000000000001,2761.0444,107.57165,0.0470912,False,False,-395.1702405083045
1190.0,760.0000000000001,1190.0,760.0000000000001,2978.0732,115.61448,0.0524243,False,False,-411.9844191774922
1210.0,760.0000000000001,1210.0,760.0000000000001,3213.0024,123.85428,0.058200665,False,False,-428.88068081278226
1230.0,760.0000000000001,1230.0,760.0000000000001,3464.224,132.30084,0.06437941,False,False,-445.856147754679
1250.0,760.0000000000001,1250.0,760.0000000000001,3733.0688,140.9368,0.07099631,False,False,-462.90806272984923
1270.0,760.0000000000001,1270.0,760.0000000000001,4022.0205,149.7379,0.07811738,False,False,-480.0337833982035
1290.0,760.0000000000001,1290.0,760.0000000000001,4333.9453,158.67654,0.08581887,False,False,-497.23077713490784
1310.0,760.0000000000001,1310.0,760.0000000000001,4666.965,167.74448,0.09405342,False,False,-514.4966160411187
1330.0,760.0000000000001,1330.0,760.0000000000001,5018.5166,176.83267,0.10275626,False,False,-531.8289721767246
1350.0,760.0000000000001,1350.0,760.0000000000001,5390.7197,186.05328,0.11198361,False,False,-549.2256130079958
1370.0,760.0000000000001,1370.0,760.0000000000001,5779.6387,195.15219,0.12163567,False,False,-566.6843970627908
1390.0,760.0000000000001,1390.0,760.0000000000001,6184.612,203.99895,0.13169755,False,False,-584.2032697857936
1410.0,760.0000000000001,1410.0,760.0000000000001,6609.797,212.7533,0.14227888,False,False,-601.7802595861892
1430.0,760.0000000000001,1430.0,760.0000000000001,7057.501,221.3684,0.15344238,False,False,-619.4134740701649
1450.0,760.0000000000001,1450.0,760.0000000000001,7530.6504,229.7755,0.16526754,False,False,-637.1010964506745
1470.0,760.0000000000001,1470.0,760.0000000000001,8025.755,237.80196,0.17766626,False,False,-654.8413821270001
1490.0,760.0000000000001,1490.0,760.0000000000001,8538.475,245.45445,0.19052708,False,False,-672.6326554267677
1510.0,760.0000000000001,1510.0,760.0000000000001,9073.561,252.70963,0.2039773,False,False,-690.4733065032408
1530.0,760.0000000000001,1530.0,760.0000000000001,9623.285,259.4119,0.21781652,False,False,-708.3617883809038
1550.0000000000002,760.0000000000001,1550.0000000000002,760.0000000000001,10196.705,265.741,0.23228452,False,False,-726.296614142541
1570.0,760.0000000000001,1570.0,760.0000000000001,10789.57,271.879,0.24727099,False,False,-744.2763542512408
1590.0,760.0000000000001,1590.0,760.0000000000001,11397.537,277.271,0.2626664,False,False,-762.2996340009834
1609.9999999999998,760.0000000000001,1609.9999999999998,760.0000000000001,12018.847,282.24112,0.27842507,False,False,-780.3651310896873
1630.0,760.0000000000001,1630.0,760.0000000000001,12663.71,286.75027,0.29481936,False,False,-798.4715733088472
1650.0000000000002,760.0000000000001,1650.0000000000002,760.0000000000001,13331.348,290.75433,0.31183183,False,False,-816.6177363441105
1670.0,760.0000000000001,1670.0,760.0000000000001,14008.0,294.31888,0.32910073,False,False,-834.8024416813926
1690.0,760.0000000000001,1690.0,760.0000000000001,14687.879,297.5508,0.34647405,False,False,-853.0245546133491
1709.9999999999998,760.0000000000001,1709.9999999999998,760.0000000000001,15375.446,300.6332,0.3640716,False,False,-871.28298234126
1730.0,760.0000000000001,1730.0,760.0000000000001,16063.829,303.6039,0.38171244,False,False,-889.576672167605
1750.0,760.0000000000001,1750.0,760.0000000000001,16750.926,306.4321,0.3993423,False,False,-907.9046097748179
-250.0,780.0,-250.0,780.0,25461.3,307.34018,0.6371663,False,False,-926.557656139711
-229.99999999999997,780.0,-229.99999999999997,780.0,24753.79,309.66995,0.61841035,False,False,-908.411260897701
-210.00000000000003,780.0,-210.00000000000003,780.0,24028.205,311.44852,0.5991687,False,False,-890.3022718633572
-190.00000000000003,780.0,-190.00000000000003,780.0,23290.066,312.84778,0.5795991,False,False,-872.2317744612675
-170.0,780.0,-170.0,780.0,22532.236,313.51285,0.5594928,False,False,-854.2008940762064
-150.0,780.0,-150.0,780.0,21758.027,313.49203,0.538944,False,False,-836.2107977799332
-130.0,780.0,-130.0,780.0,20968.543,312.7676,0.51798284,False,False,-818.2626961399819
-110.0,780.0,-110.0,780.0,20159.512,311.13498,0.49648657,False,False,-800.3578451143684
-90.0,780.0,-90.0,780.0,19332.312,308.61032,0.4744956,False,False,-782.4975480363131
-70.0,780.0,-70.0,780.0,18482.504,305.04434,0.45188332,False,False,-764.683157693212
-50.0,780.0,-50.0,780.0,17618.938,300.38132,0.42889223,False,False,-746.9160785042602
-30.0,780.0,-30.0,780.0,16735.879,294.55823,0.4053635,False,False,-729.197768801278
-10.0,780.0,-10.0,780.0,15834.779,287.39447,0.38133457,False,False,-711.5297432174341
10.0,780.0,10.0,780.0,14920.527,278.9532,0.35694215,False,False,-693.9135751886965
30.0,780.0,30.0,780.0,13992.943,269.07254,0.33217698,False,False,-676.3508995729887
50.0,780.0,50.0,780.0,13051.0,257.75555,0.30701503,False,False,-658.8434153921173
70.0,780.0,70.0,780.0,12087.881,244.8862,0.28127465,False,False,-641.3928887016666
90.0,780.0,90.0,780.0,11114.869,230.40643,0.25526598,False,False,-624.0011555941142
110.0,780.0,110.0,780.0,10125.444,214.2675,0.22881696,False,False,-606.6701253404924
130.0,780.0,130.0,780.0,9125.121,196.42111,0.20208187,False,False,-589.4017836759372
150.0,780.0,150.0,780.0,8122.9316,176.48369,0.17529985,False,False,-572.1981962344529
170.0,780.0,170.0,780.0,7101.157,153.06502,0.14799406,False,False,-555.0615121381804
190.00000000000003,780.0,190.00000000000003,780.0,6078.304,128.06194,0.120703086,False,False,-537.9939677463303
210.00000000000003,780.0,210.00000000000003,780.0,5054.946,102.49012,0.093419746,False,False,-520.9978905687927
229.99999999999997,780.0,229.99999999999997,780.0,4090.534,80.57619,0.06780964,False,False,-504.075703349181
250.0,780.0,250.0,780.0,3285.107,63.765156,0.046713322,False,False,-487.22992832176084
270.0,780.0,270.0,780.0,2661.7249,50.214886,0.030739168,False,False,-470.4631916462806
290.0,780.0,290.0,780.0,2186.0818,39.069996,0.018845618,False,False,-453.7782280242001
310.0,780.0,310.0,780.0,1837.1738,30.39261,0.010396324,False,False,-437.1778854991471
330.0,780.0,330.0,780.0,1598.0806,24.362232,0.0048959428,False,False,-420.66513044362995
350.0,780.0,350.0,780.0,1441.7886,20.89625,0.0015935397,False,False,-404.24305273304907
370.0,780.0,370.0,780.0,1360.8591,19.41444,0.0002742026,False,False,-387.9148711068878
390.0,780.0,390.0,780.0,1320.51,18.749338,5.809561e-06,False,False,-371.68393871557225
410.0,780.0,410.0,780.0,1291.1028,18.222761,0.0,False,False,-355.55374884985
430.0,780.0,430.0,780.0,1262.9558,17.705635,0.0,False,False,-339.52794084763246
450.0,780.0,450.0,780.0,1235.8481,17.19668,0.0,False,False,-323.6103061710103
470.00000000000006,780.0,470.00000000000006,780.0,1209.7793,16.695833,0.0,False,False,-307.80479464357825
490.0,780.0,490.0,780.0,1184.7483,16.203035,0.0,False,False,-292.1155208352495
510.00000000000006,780.0,510.00000000000006,780.0,1160.7551,15.718226,0.0,False,False,-276.5467705783306
530.0,780.0,530.0,780.0,1137.7988,15.241356,0.0,False,False,-261.10300759477263
550.0,780.0,550.0,780.0,1115.8799,14.7724085,0.0,False,False,-245.78888021012534
570.0,780.0,570.0,780.0,1095.0005,14.311567,0.0,False,False,-230.60922812475877
590.0,780.0,590.0,780.0,1075.1611,13.858818,0.0,False,False,-215.5690892073684
610.0,780.0,610.0,780.0,1056.3616,13.41412,0.0,False,False,-200.6737062695458
630.0,780.0,630.0,780.0,1038.6005,12.977431,0.0,False,False,-185.92853377328933
650.0,780.0,650.0,780.0,1022.42615,12.533205,1.3963989e-05,False,False,-171.33924441567328
670.0,780.0,670.0,780.0,1008.20557,12.105674,5.1236828e-05,False,False,-156.91173552648212
690.0,780.0,690.0,780.0,995.4375,11.737637,9.89667e-05,False,False,-142.6521352054234
710.0,780.0,710.0,780.0,987.2805,11.403216,0.00023779355,False,False,-128.5668081155542
730.0,780.0,730.0,780.0,983.2764,11.29439,0.00045608825,False,False,-114.66236083880871
750.0,780.0,750.0,780.0,982.8893,11.560991,0.0007402258,False,False,-100.94564668804745
770.0,780.0,770.0,780.0,986.0676,12.298982,0.0010889522,False,False,-96.03832049796507
789.9999999999999,780.0,789.9999999999999,780.0,994.0919,13.520987,0.0015351616,False,False,-110.18016555872595
810.0,780.0,810.0,780.0,1009.28674,15.232029,0.00213853,False,False,-124.49988883947883
830.0,780.0,830.0,780.0,1031.2568,17.478996,0.002889107,False,False,-138.9907813498756
850.0,780.0,850.0,780.0,1062.37,20.207752,0.0038479138,False,False,-153.64639296449946
869.9999999999999,780.0,869.9999999999999,780.0,1102.2253,23.449919,0.005004906,False,False,-168.4605256490268
890.0000000000001,780.0,890.0000000000001,780.0,1149.5399,27.169024,0.0063273227,False,False,-183.4272263219231
910.0,780.0,910.0,780.0,1204.3851,31.296652,0.00781727,False,False,-198.54077944807545
930.0,780.0,930.0,780.0,1273.2998,35.77008,0.009643449,False,False,-213.7956994486346
950.0,780.0,950.0,780.0,1351.7317,40.641796,0.011688994,False,False,-229.18672300021214
969.9999999999999,780.0,969.9999999999999,780.0,1439.1074,45.88114,0.013939401,False,False,-244.70880128646965
990.0,780.0,990.0,780.0,1537.4286,51.442326,0.016446667,False,False,-260.35709225600044
1010.0,780.0,1010.0,780.0,1648.3818,57.30531,0.019254755,False,False,-276.12695293219167
1030.0,780.0,1030.0,780.0,1770.9985,63.47866,0.02233913,False,False,-292.01393181343053
1050.0,780.0,1050.0,780.0,1903.418,69.95249,0.025652075,False,False,-308.01376139549853
1070.0,780.0,1070.0,780.0,2047.4866,76.69582,0.029241849,False,False,-324.1223508422476
1090.0,780.0,1090.0,780.0,2204.5747,83.68857,0.033144534,False,False,-340.3357788255897
1110.0,780.0,1110.0,780.0,2373.1414,90.93814,0.037320793,False,False,-356.6502865514016
1130.0,780.0,1130.0,780.0,2557.0432,98.40183,0.041871384,False,False,-373.0622709840949
1150.0,780.0,1150.0,780.0,2756.095,106.091965,0.04679225,False,False,-389.56827827926486
1170.0,780.0,1170.0,780.0,2970.6846,113.993774,0.052094296,False,False,-406.16499743095585
1190.0,780.0,1190.0,780.0,3201.6165,122.104004,0.05779929,False,False,-422.84925413762653
1210.0,780.0,1210.0,780.0,3448.8345,130.41725,0.06390669,False,False,-439.6180048887969
1230.0,780.0,1230.0,780.0,3713.8328,138.91519,0.070456475,False,False,-456.4683312726027
1250.0,780.0,1250.0,780.0,3998.8262,147.57658,0.07750753,False,False,-473.39743450299267
1270.0,780.0,1270.0,780.0,4306.8066,156.37334,0.08513932,False,False,-490.40263016407766
1290.0,780.0,1290.0,780.0,4634.747,165.33556,0.0932742,False,False,-507.4813431681335
1310.0,780.0,1310.0,780.0,4981.582,174.33836,0.10188645,False,False,-524.6311029229332
1330.0,780.0,1330.0,780.0,5348.3257,183.41838,0.11100386,False,False,-541.8495387034365
1350.0,780.0,1350.0,780.0,5733.0903,192.54388,0.120578706,False,False,-559.1343752223542
1370.0,780.0,1370.0,780.0,6133.784,201.39432,0.13055982,False,False,-576.4834283937145
1390.0,780.0,1390.0,780.0,6554.9346,210.09131,0.14106663,False,False,-593.8946012832844
1410.0,780.0,1410.0,780.0,6997.5635,218.6437,0.15212771,False,False,-611.3658802394942
1430.0,780.0,1430.0,780.0,7467.251,227.00334,0.16389175,False,False,-628.8953311984168
1450.0,780.0,1450.0,780.0,7958.0312,235.10374,0.17620513,False,False,-646.4810961562845
1470.0,780.0,1470.0,780.0,8467.38,242.77484,0.18900488,False,False,-664.1213898030397
1490.0,780.0,1490.0,780.0,8998.768,250.1008,0.20238408,False,False,-681.814496310458
1510.0,780.0,1510.0,780.0,9544.91,256.8777,0.21615441,False,False,-699.5587662684688
1530.0,780.0,1530.0,780.0,10113.61,263.22754,0.23052251,False,False,-717.3526137634054
1550.0000000000002,780.0,1550.0000000000002,780.0,10700.941,269.3247,0.24538654,False,False,-735.1945135920641
1570.0,780.0,1570.0,780.0,11306.869,274.95218,0.26074904,False,False,-753.0829986055995
1590.0,780.0,1590.0,780.0,11923.193,279.9504,0.2763966,False,False,-771.0166571774532
1609.9999999999998,780.0,1609.9999999999998,780.0,12564.527,284.43976,0.29271674,False,False,-788.9941307897014
1630.0,780.0,1630.0,780.0,13226.889,288.5278,0.30960667,False,False,-807.0141117323905
1650.0000000000002,780.0,1650.0000000000002,780.0,13896.827,292.23465,0.32671303,False,False,-825.0753409106158
1670.0,780.0,1670.0,780.0,14569.521,295.57217,0.34390986,False,False,-843.1766057543156
1690.0,780.0,1690.0,780.0,15248.467,298.71707,0.36129087,False,False,-861.3167382259262
1709.9999999999998,780.0,1709.9999999999998,780.0,15929.099,301.79532,0.3787363,False,False,-879.4946129212501
1730.0,780.0,1730.0,780.0,16609.012,304.72766,0.3961839,False,False,-897.7091452590939
1750.0,780.0,1750.0,780.0,17288.629,307.4404,0.41364646,False,False,-915.9592897553958
-250.0,800.0,-250.0,800.0,26015.082,303.46503,0.6520473,False,False,-935.0120275638529
-229.99999999999997,800.0,-229.99999999999997,800.0,25316.254,306.1024,0.63353175,False,False,-916.9456656638417
-210.00000000000003,800.0,-210.00000000000003,800.0,24608.371,308.3217,0.61478126,False,False,-898.9180665310463
-190.00000000000003,800.0,-190.00000000000003,800.0,23881.654,309.94336,0.59552276,False,False,-880.9303447200331
-170.0,800.0,-170.0,800.0,23142.883,311.16516,0.5759489,False,False,-862.9836553172548
-150.0,800.0,-150.0,800.0,22382.805,311.60196,0.5557929,False,False,-845.0791956633882
-130.0,800.0,-130.0,800.0,21608.416,311.45465,0.53525525,False,False,-827.2182071554763
-110.0,800.0,-110.0,800.0,20815.219,310.43286,0.51420295,False,False,-809.4019771325246
-90.0,800.0,-90.0,800.0,20003.863,308.6107,0.49265873,False,False,-791.6318408483662
-70.0,800.0,-70.0,800.0,19173.094,305.75882,0.47058052,False,False,-773.909183535708
-50.0,800.0,-50.0,800.0,18323.246,302.00742,0.44798434,False,False,-756.235442565415
-30.0,800.0,-30.0,800.0,17454.54,297.0239,0.42486554,False,False,-738.6121097051966
-10.0,800.0,-10.0,800.0,16568.562,290.88138,0.4012711,False,False,-721.0407334819745
10.0,800.0,10.0,800.0,15663.606,283.40842,0.37715295,False,False,-703.5229216523002
30.0,800.0,30.0,800.0,14746.348,274.6547,0.35269442,False,False,-686.0603437853001
50.0,800.0,50.0,800.0,13816.215,264.48944,0.32787737,False,False,-668.6547339626677
70.0,800.0,70.0,800.0,12872.924,252.82008,0.30269516,False,False,-651.3078936002935
90.0,800.0,90.0,800.0,11907.548,239.4583,0.27690804,False,False,-634.0216943961468
110.0,800.0,110.0,800.0,10934.338,224.67659,0.250915,False,False,-616.7980814090148
130.0,800.0,130.0,800.0,9945.142,208.09987,0.22449002,False,False,-599.639076272672
150.0,800.0,150.0,800.0,8946.658,190.00679,0.19782597,False,False,-582.5467805499794
170.0,800.0,170.0,800.0,7936.51,169.21335,0.17084882,False,False,-565.5233792312785
190.00000000000003,800.0,190.00000000000003,800.0,6911.7124,145.28358,0.1434876,False,False,-548.5711443812769
210.00000000000003,800.0,210.00000000000003,800.0,5892.616,120.69347,0.116322264,False,False,-531.6924389383641
229.99999999999997,800.0,229.99999999999997,800.0,4873.8037,96.65013,0.089184865,False,False,-514.8897206699802
250.0,800.0,250.0,800.0,3964.872,77.40254,0.06514456,False,False,-498.1655462872543
270.0,800.0,270.0,800.0,3213.3572,62.260574,0.045564186,False,False,-481.52257572161324
290.0,800.0,290.0,800.0,2629.9878,49.639164,0.03067917,False,False,-464.9635765654448
310.0,800.0,310.0,800.0,2174.1914,39.06279,0.019298505,False,False,-448.49142867813913
330.0,800.0,330.0,800.0,1837.5681,30.62552,0.011143591,False,False,-432.1091289579343
350.0,800.0,350.0,800.0,1599.9797,24.498222,0.005641273,False,False,-415.8197962789155
370.0,800.0,370.0,800.0,1437.6501,20.68155,0.002133171,False,False,-399.6266765912566
390.0,800.0,390.0,800.0,1346.5205,18.877987,0.00049655524,False,False,-383.5331481813157
410.0,800.0,410.0,800.0,1300.4622,18.099913,3.0238269e-05,False,False,-367.5427270864772
430.0,800.0,430.0,800.0,1271.8746,17.585108,0.0,False,False,-351.6590726576489
450.0,800.0,450.0,800.0,1245.4429,17.088747,0.0,False,False,-335.8859932600358
470.00000000000006,800.0,470.00000000000006,800.0,1220.0238,16.600266,0.0,False,False,-320.22745210019343
490.0,800.0,490.0,800.0,1195.6165,16.11961,0.0,False,False,-304.6875731643899
510.00000000000006,800.0,510.00000000000006,800.0,1172.2202,15.646723,0.0,False,False,-289.2706472499099
530.0,800.0,530.0,800.0,1149.8347,15.181556,0.0,False,False,-273.9811380671294
550.0,800.0,550.0,800.0,1128.4622,14.7242365,0.0,False,False,-258.8236883858815
570.0,800.0,570.0,800.0,1108.1035,14.274836,0.0,False,False,-243.80312619483763
590.0,800.0,590.0,800.0,1088.7585,13.833316,0.0,False,False,-228.92447083727163
610.0,800.0,610.0,800.0,1070.4268,13.399633,0.0,False,False,-214.19293908064068
630.0,800.0,630.0,800.0,1054.0374,12.950332,2.3681845e-05,False,False,-199.61395107088552
650.0,800.0,650.0,800.0,1039.1436,12.537513,5.9685524e-05,False,False,-185.19313611517242
670.0,800.0,670.0,800.0,1026.4722,12.156943,0.00012652701,False,False,-170.93633822899784
690.0,800.0,690.0,800.0,1018.376,11.836111,0.00028423444,False,False,-156.84962137511644
710.0,800.0,710.0,800.0,1013.94727,11.758881,0.00050968764,False,False,-142.9392743126676
730.0,800.0,730.0,800.0,1013.1081,12.042582,0.00080095185,False,False,-129.21181496519213
750.0,800.0,750.0,800.0,1015.96875,12.767687,0.001160911,False,False,-115.67399420601365
770.0,800.0,770.0,800.0,1024.2523,13.947344,0.0016337935,False,False,-110.36030188403268
789.9999999999999,800.0,789.9999999999999,800.0,1039.488,15.620485,0.002258907,False,False,-124.32201792902731
810.0,800.0,810.0,800.0,1061.1371,17.82452,0.0030226144,False,False,-138.46387733647487
830.0,800.0,830.0,800.0,1092.6868,20.499067,0.0040146583,False,False,-152.77925033373162
850.0,800.0,850.0,800.0,1131.8671,23.692774,0.005176985,False,False,-167.26175299287516
869.9999999999999,800.0,869.9999999999999,800.0,1177.994,27.353361,0.006492193,False,False,-181.90524154857695
890.0000000000001,800.0,890.0000000000001,800.0,1233.7495,31.387827,0.008029571,False,False,-196.70380629460698
910.0,800.0,910.0,800.0,1301.5934,35.796696,0.009852752,False,False,-211.65176515366824
930.0,800.0,930.0,800.0,1378.7612,40.59235,0.011890918,False,False,-226.74365700418443
950.0,800.0,950.0,800.0,1464.8805,45.74294,0.014134781,False,False,-241.97423483742202
969.9999999999999,800.0,969.9999999999999,800.0,1562.0624,51.20818,0.016639113,False,False,-257.3384588089238
990.0,800.0,990.0,800.0,1672.186,56.968422,0.019452881,False,False,-272.83148923964023
1010.0,800.0,1010.0,800.0,1792.1067,63.04675,0.022495195,False,False,-288.4486796143649
1030.0,800.0,1030.0,800.0,1922.5867,69.409775,0.025786206,False,False,-304.18556961806627
1050.0,800.0,1050.0,800.0,2064.4932,76.03832,0.029348768,False,False,-320.0378782444086
1070.0,800.0,1070.0,800.0,2219.3828,82.91283,0.03322375,False,False,-336.0014970051495
1090.0,800.0,1090.0,800.0,2385.1602,90.04265,0.037357405,False,False,-352.0724832641185
1110.0,800.0,1110.0,800.0,2568.1394,97.36956,0.041914247,False,False,-368.2470537150812
1130.0,800.0,1130.0,800.0,2763.5474,104.94173,0.046771042,False,False,-384.52157801891997
1150.0,800.0,1150.0,800.0,2976.1807,112.708336,0.052053213,False,False,-400.89257261219
1170.0,800.0,1170.0,800.0,3204.0398,120.689354,0.05770965,False,False,-417.35669469615175
1190.0,800.0,1190.0,800.0,3447.8425,128.87222,0.063759804,False,False,-433.91073641283543
1210.0,800.0,1210.0,800.0,3710.0986,137.2302,0.07027002,False,False,-450.5516192124981
1230.0,800.0,1230.0,800.0,3992.4478,145.74754,0.07728419,False,False,-467.2763884149435
1250.0,800.0,1250.0,800.0,4297.0874,154.40486,0.08486092,False,False,-484.08220796558305
1270.0,800.0,1270.0,800.0,4620.7935,163.23169,0.09291733,False,False,-500.96635538575634
1290.0,800.0,1290.0,800.0,4963.786,172.15993,0.10146087,False,False,-517.9262169156971
1310.0,800.0,1310.0,800.0,5325.527,181.11311,0.11047931,False,False,-534.9592828475938
1330.0,800.0,1330.0,800.0,5706.255,190.20056,0.11997961,False,False,-552.063143045411
1350.0,800.0,1350.0,800.0,6104.0967,199.06192,0.12991652,False,False,-569.2354826475216
1370.0,800.0,1370.0,800.0,6521.7383,207.6601,0.14036214,False,False,-586.4740779476986
1390.0,800.0,1390.0,800.0,6961.177,216.14476,0.15136963,False,False,-603.7767924496225
1410.0,800.0,1410.0,800.0,7428.3184,224.43631,0.16309628,False,False,-621.141573089778
1430.0,800.0,1430.0,800.0,7914.5757,232.56277,0.17531908,False,False,-638.5664466233893
1450.0,800.0,1450.0,800.0,8421.73,240.26405,0.18808843,False,False,-656.0495161679195
1470.0,800.0,1470.0,800.0,8949.02,247.59227,0.20138645,False,False,-673.5889578985638
1490.0,800.0,1490.0,800.0,9494.12,254.45926,0.21515453,False,False,-691.1830178901397
1510.0,800.0,1510.0,800.0,10057.988,260.82248,0.22942002,False,False,-708.8300090997935
1530.0,800.0,1530.0,800.0,10641.165,266.8614,0.2441985,False,False,-726.5283084849782
1550.0000000000002,800.0,1550.0000000000002,800.0,11244.406,272.64233,0.2595117,False,False,-744.2763542512411
1570.0,800.0,1570.0,800.0,11858.284,277.67017,0.27511582,False,False,-762.07264322445
1590.0,800.0,1590.0,800.0,12496.838,282.138,0.2913824,False,False,-779.9157283422159
1609.9999999999998,800.0,1609.9999999999998,800.0,13152.003,286.26447,0.30810022,False,False,-797.8042162593789
1630.0,800.0,1630.0,800.0,13814.984,290.10388,0.32503885,False,False,-815.7367650626012
1650.0000000000002,800.0,1650.0000000000002,800.0,14481.373,293.58344,0.34208354,False,False,-833.7120820892251
1670.0,800.0,1670.0,800.0,15151.085,296.78918,0.35923344,False,False,-851.7289218457436
1690.0,800.0,1690.0,800.0,15822.87,299.94702,0.37645608,False,False,-869.7860840213782
1709.9999999999998,800.0,1709.9999999999998,800.0,16495.105,302.98624,0.39371014,False,False,-887.8824115924169
1730.0,800.0,1730.0,800.0,17168.855,305.789,0.41102546,False,False,-906.0167890131504
1750.0,800.0,1750.0,800.0,17846.773,308.3366,0.4284744,False,False,-924.1881404893858
-250.0,820.0,-250.0,820.0,26583.77,298.93164,0.66728145,False,False,-943.6354316597057
-229.99999999999997,820.0,-229.99999999999997,820.0,25896.176,301.98288,0.6490779,False,False,-925.6499758506546
-210.00000000000003,820.0,-210.00000000000003,820.0,25198.055,304.61554,0.63059914,False,False,-907.7046332659161
-190.00000000000003,820.0,-190.00000000000003,820.0,24488.484,306.6896,0.61181474,False,False,-889.8005466384169
-170.0,820.0,-170.0,820.0,23763.984,308.21698,0.59263074,False,False,-871.938899741516
-150.0,820.0,-150.0,820.0,23023.465,309.20193,0.57301795,False,False,-854.1209191031994
-130.0,820.0,-130.0,820.0,22262.385,309.48248,0.55284727,False,False,-836.3478757976959
-110.0,820.0,-110.0,820.0,21487.148,309.17157,0.5322988,False,False,-818.6210873178961
-90.0,820.0,-90.0,820.0,20692.896,307.92538,0.5112285,False,False,-800.9419195320937
-70.0,820.0,-70.0,820.0,19879.398,305.88882,0.48963803,False,False,-783.3117887286451
-50.0,820.0,-50.0,820.0,19045.893,302.77567,0.46749595,False,False,-765.7321637522424
-30.0,820.0,-30.0,820.0,18195.148,298.77072,0.44488764,False,False,-748.2045682355919
-10.0,820.0,-10.0,820.0,17322.785,293.57892,0.42168325,False,False,-730.7305829303441
10.0,820.0,10.0,820.0,16434.775,287.1136,0.3980449,False,False,-713.311848141203
30.0,820.0,30.0,820.0,15528.652,279.43857,0.3739114,False,False,-695.9500662671769
50.0,820.0,50.0,820.0,14608.935,270.40005,0.3493999,False,False,-678.6470044539615
70.0,820.0,70.0,820.0,13676.916,260.01593,0.32454926,False,False,-661.4044973614568
90.0,820.0,90.0,820.0,12730.557,247.97926,0.2992971,False,False,-644.2244500503851
110.0,820.0,110.0,820.0,11767.51,234.31366,0.27358937,False,False,-627.108840991932
130.0,820.0,130.0,820.0,10791.943,219.20746,0.24754933,False,False,-610.0597252042312
150.0,820.0,150.0,820.0,9805.534,202.30992,0.22121704,False,False,-593.0792375193837
170.0,820.0,170.0,820.0,8808.763,183.89508,0.19461586,False,False,-576.1695959845051
190.00000000000003,820.0,190.00000000000003,820.0,7789.6943,162.29741,0.16741583,False,False,-559.3331054000535
210.00000000000003,820.0,210.00000000000003,820.0,6767.88,138.65436,0.14016584,False,False,-542.5721609983731
229.99999999999997,820.0,229.99999999999997,820.0,5746.906,114.31075,0.11296317,False,False,-525.8892522649888
250.0,820.0,250.0,820.0,4754.715,92.66798,0.086582005,False,False,-509.2869669047117
270.0,820.0,270.0,820.0,3894.2905,75.58233,0.06391594,False,False,-492.76799495401843
290.0,820.0,290.0,820.0,3185.6023,61.680046,0.045525566,False,False,-476.3351330404817
310.0,820.0,310.0,820.0,2630.403,49.80463,0.031395398,False,False,-459.9912887891741
330.0,820.0,330.0,820.0,2189.21,39.66539,0.020381294,False,False,-443.73948537500706
350.0,820.0,350.0,820.0,1858.2031,31.380026,0.012341164,False,False,-427.58286621880785
370.0,820.0,370.0,820.0,1616.9645,25.079845,0.0067004114,False,False,-411.52469982360674
390.0,820.0,390.0,820.0,1447.346,20.819448,0.0029549717,False,False,-395.56838474606445
410.0,820.0,410.0,820.0,1341.5491,18.540905,0.0008848047,False,False,-379.7174546961984
430.0,820.0,430.0,820.0,1286.1465,17.535692,0.00012677634,False,False,-363.975583756532
450.0,820.0,450.0,820.0,1255.5928,16.99464,7.5044227e-07,False,False,-348.3465917094868
470.00000000000006,820.0,470.00000000000006,820.0,1230.763,16.517813,0.0,False,False,-332.83444945919877
490.0,820.0,490.0,820.0,1206.9485,16.04872,0.0,False,False,-317.4432845309973
510.00000000000006,820.0,510.00000000000006,820.0,1184.1201,15.587177,0.0,False,False,-302.1773866284266
530.0,820.0,530.0,820.0,1162.2783,15.133219,0.0,False,False,-287.04121322398026
550.0,820.0,550.0,820.0,1141.426,14.687002,0.0,False,False,-272.0393951555399
570.0,820.0,570.0,820.0,1121.5626,14.248501,0.0,False,False,-257.1767421958967
590.0,820.0,590.0,820.0,1102.8977,13.810517,5.340582e-06,False,False,-242.45824855763453
610.0,820.0,610.0,820.0,1086.2024,13.365908,3.5684032e-05,False,False,-227.88909829003745
630.0,820.0,630.0,820.0,1070.6659,12.969424,7.039943e-05,False,False,-213.47467051856418
650.0,820.0,650.0,820.0,1058.53,12.5777445,0.00016669973,False,False,-199.22054447076349
670.0,820.0,670.0,820.0,1050.7972,12.281968,0.00035017994,False,False,-185.1325042253169
690.0,820.0,690.0,820.0,1046.2174,12.249331,0.00058890483,False,False,-171.21654311317997
710.0,820.0,710.0,820.0,1045.0212,12.57392,0.0008888169,False,False,-157.47886769158947
730.0,820.0,730.0,820.0,1047.8987,13.30875,0.0012676367,False,False,-143.92590120305448
750.0,820.0,750.0,820.0,1056.9058,14.476733,0.001778121,False,False,-130.5642864224205
770.0,820.0,770.0,820.0,1072.3967,16.145683,0.002429482,False,False,-124.85554628138806
789.9999999999999,820.0,789.9999999999999,820.0,1094.8826,18.318893,0.0032350195,False,False,-138.63953909918297
810.0,820.0,810.0,820.0,1126.8472,20.978077,0.0042587006,False,False,-152.6057435220423
830.0,820.0,830.0,820.0,1165.8645,24.143068,0.005438441,False,False,-166.747616239262
850.0,820.0,850.0,820.0,1211.0513,27.7624,0.006751719,False,False,-181.05884696741504
869.9999999999999,820.0,869.9999999999999,820.0,1268.7516,31.72088,0.008362023,False,False,-195.53335377980986
890.0000000000001,820.0,890.0000000000001,820.0,1336.0203,36.079853,0.010193855,False,False,-210.16527796826168
910.0,820.0,910.0,820.0,1412.0835,40.81529,0.012227597,False,False,-224.94897852931
930.0,820.0,930.0,820.0,1497.7014,45.88653,0.014483182,False,False,-239.8790263570072
950.0,820.0,950.0,820.0,1594.7485,51.26253,0.017009322,False,False,-254.9501982150526
969.9999999999999,820.0,969.9999999999999,820.0,1704.0288,56.936466,0.01982716,False,False,-270.1574705523721
990.0,820.0,990.0,820.0,1822.0299,62.924133,0.022846296,False,False,-285.4960132182441
1010.0,820.0,1010.0,820.0,1951.0486,69.184265,0.026126489,False,False,-300.96118312576874
1030.0,820.0,1030.0,820.0,2091.8015,75.70061,0.029686734,False,False,-316.54851790581574
1050.0,820.0,1050.0,820.0,2244.3674,82.46835,0.033529546,False,False,-332.2537295875737
1070.0,820.0,1070.0,820.0,2409.1816,89.472015,0.037666753,False,False,-348.0726983364066
1090.0,820.0,1090.0,820.0,2590.7566,96.678185,0.042216096,False,False,-364.00146627487175
1110.0,820.0,1110.0,820.0,2784.6035,104.12265,0.047061738,False,False,-380.03623140843655
1130.0,820.0,1130.0,820.0,2995.4253,111.76285,0.05232659,False,False,-396.1733416735903
1150.0,820.0,1150.0,820.0,3220.7832,119.618034,0.057948068,False,False,-412.40928912266793
1170.0,820.0,1170.0,820.0,3462.6138,127.66529,0.063977376,False,False,-428.7407042567241
1190.0,820.0,1190.0,820.0,3722.9153,135.88437,0.07046744,False,False,-445.1643505151931
1210.0,820.0,1210.0,820.0,4004.1438,144.25151,0.07748337,False,False,-461.6771189288009
1230.0,820.0,1230.0,820.0,4305.5576,152.77661,0.085007,False,False,-478.27602294023563
1250.0,820.0,1250.0,820.0,4626.0146,161.46533,0.09300974,False,False,-494.9581933953873
1270.0,820.0,1270.0,820.0,4965.8726,170.2946,0.10150224,False,False,-511.7208737065187
1290.0,820.0,1290.0,820.0,5323.426,179.13751,0.11044212,False,False,-528.5614151874959
1310.0,820.0,1310.0,820.0,5700.374,188.08835,0.119874455,False,False,-545.4772725601629
1330.0,820.0,1330.0,820.0,6096.5625,196.94423,0.12979785,False,False,-562.465999630072
1350.0,820.0,1350.0,820.0,6512.047,205.49794,0.14021668,False,False,-579.5252451290545
1370.0,820.0,1370.0,820.0,6950.6353,213.89766,0.15123147,False,False,-596.6527487215247
1390.0,820.0,1390.0,820.0,7414.4194,222.09477,0.16289918,False,False,-613.8463371709215
1410.0,820.0,1410.0,820.0,7897.7383,230.17966,0.1750731,False,False,-631.1039206623224
1430.0,820.0,1430.0,820.0,8403.152,237.89232,0.18782385,False,False,-648.4234892769515
1450.0,820.0,1450.0,820.0,8926.729,245.20525,0.2010508,False,False,-665.8031096140983
1470.0,820.0,1470.0,820.0,9472.367,252.14854,0.21485813,False,False,-683.2409215557944
1490.0,820.0,1490.0,820.0,10031.814,258.51035,0.22903216,False,False,-700.7351351694948
1510.0,820.0,1510.0,820.0,10611.823,264.5109,0.24375118,False,False,-718.2840277439582
1530.0,820.0,1530.0,820.0,11210.965,270.28696,0.25897908,False,False,-735.8859409534947
1550.0000000000002,820.0,1550.0000000000002,820.0,11826.341,275.3803,0.27464396,False,False,-753.5392781457737
1570.0,820.0,1570.0,820.0,12460.7,279.85342,0.29082027,False,False,-771.2425017484195
1590.0,820.0,1590.0,820.0,13108.521,284.01355,0.3073631,False,False,-788.9941307897018
1609.9999999999998,820.0,1609.9999999999998,820.0,13764.162,287.96506,0.32412493,False,False,-806.792738528689
1630.0,820.0,1630.0,820.0,14423.822,291.56662,0.3410076,False,False,-824.6369501903661
1650.0000000000002,820.0,1650.0000000000002,820.0,15084.025,294.86752,0.3579204,False,False,-842.5254408012933
1670.0,820.0,1670.0,820.0,15746.777,298.10892,0.37491685,False,False,-860.4569331215382
1690.0,820.0,1690.0,820.0,16410.414,301.2355,0.39195445,False,False,-878.430195668713
1709.9999999999998,820.0,1709.9999999999998,820.0,17077.762,304.10626,0.40911016,False,False,-896.4440408301004
1730.0,820.0,1730.0,820.0,17747.322,306.71857,0.42634553,False,False,-914.4973230589799
1750.0,820.0,1750.0,820.0,18416.129,309.22577,0.44358283,False,False,-932.5889371514058
-250.0,840.0000000000001,-250.0,840.0000000000001,27159.871,293.89786,0.68267375,False,False,-952.4256286960709
-229.99999999999997,840.0000000000001,-229.99999999999997,840.0000000000001,26491.07,297.2843,0.6649835,False,False,-934.5218980099098
-210.00000000000003,840.0000000000001,-210.00000000000003,840.0000000000001,25804.777,300.21536,0.6468271,False,False,-916.6596234518222
-190.00000000000003,840.0000000000001,-190.00000000000003,840.0000000000001,25108.402,302.82825,0.62841034,False,False,-898.8399749481517
-170.0,840.0000000000001,-170.0,840.0000000000001,24396.457,304.74655,0.60957134,False,False,-881.0641639114054
-150.0,840.0000000000001,-150.0,840.0000000000001,23675.21,306.22662,0.5904895,False,False,-863.3334449427806
-130.0,840.0000000000001,-130.0,840.0000000000001,22932.85,306.98578,0.5708335,False,False,-845.6491176095599
-110.0,840.0000000000001,-110.0,840.0000000000001,22173.203,307.16058,0.55071414,False,False,-828.012528300494
-90.0,840.0000000000001,-90.0,840.0000000000001,21397.885,306.63153,0.5301715,False,False,-810.4250721623857
-70.0,840.0000000000001,-70.0,840.0000000000001,20602.398,305.27005,0.5090807,False,False,-792.8881951211563
-50.0,840.0000000000001,-50.0,840.0000000000001,19788.7,302.99075,0.48749304,False,False,-775.403395990729
-30.0,840.0000000000001,-30.0,840.0000000000001,18953.719,299.7135,0.46532315,False,False,-757.9722286731464
-10.0,840.0000000000001,-10.0,840.0000000000001,18101.617,295.40796,0.44268543,False,False,-740.5963044533465
10.0,840.0000000000001,10.0,840.0000000000001,17228.898,290.042,0.41948432,False,False,-723.2772943920726
30.0,840.0000000000001,30.0,840.0000000000001,16338.086,283.3374,0.39578205,False,False,-706.0169318203964
50.0,840.0000000000001,50.0,840.0000000000001,15431.819,275.45267,0.37165746,False,False,-688.8170149393025
70.0,840.0000000000001,70.0,840.0000000000001,14510.279,266.21902,0.34711087,False,False,-671.6794095277695
90.0,840.0000000000001,90.0,840.0000000000001,13575.611,255.55406,0.32220048,False,False,-654.6060517626934
110.0,840.0000000000001,110.0,840.0000000000001,12626.764,243.23131,0.29689512,False,False,-637.5989511538976
130.0,840.0000000000001,130.0,840.0000000000001,11667.318,229.4031,0.27130243,False,False,-620.6601935973383
150.0,840.0000000000001,150.0,840.0000000000001,10691.732,214.01108,0.24527654,False,False,-603.7919445494103
170.0,840.0000000000001,170.0,840.0000000000001,9708.156,196.91978,0.21903643,False,False,-586.9964523250187
190.00000000000003,840.0000000000001,190.00000000000003,840.0000000000001,8711.213,177.99707,0.19244546,False,False,-570.2760515217734
210.00000000000003,840.0000000000001,210.00000000000003,840.0000000000001,7689.3564,156.05716,0.16518699,False,False,-553.6331665722857
229.99999999999997,840.0000000000001,229.99999999999997,840.0000000000001,6670.1104,132.88818,0.13803184,False,False,-537.070315426085
250.0,840.0000000000001,250.0,840.0000000000001,5650.2363,109.759926,0.11087493,False,False,-520.5901133621321
270.0,840.0000000000001,270.0,840.0000000000001,4693.3936,90.20507,0.085490495,False,False,-504.1952769322464
290.0,840.0000000000001,290.0,840.0000000000001,3871.7222,74.81712,0.06391649,False,False,-487.88862803500655
310.0,840.0000000000001,310.0,840.0000000000001,3199.537,61.91323,0.046530157,False,False,-471.673098118774
330.0,840.0000000000001,330.0,840.0000000000001,2663.5522,50.655922,0.03290414,False,False,-455.55173251146493
350.0,840.0000000000001,350.0,840.0000000000001,2231.5408,40.875305,0.022108078,False,False,-439.5276948734761
370.0,840.0000000000001,370.0,840.0000000000001,1899.7583,32.6986,0.014011879,False,False,-423.60427176879466
390.0,840.0000000000001,390.0,840.0000000000001,1652.2966,26.183666,0.008164946,False,False,-407.7848773477348
410.0,840.0000000000001,410.0,840.0000000000001,1474.0281,21.44493,0.0041477834,False,False,-392.07305813293914
430.0,840.0000000000001,430.0,840.0000000000001,1349.6698,18.538015,0.0015432567,False,False,-376.47249789823604
450.0,840.0000000000001,450.0,840.0000000000001,1280.3467,17.124218,0.00037466089,False,False,-360.987022627632
470.00000000000006,840.0000000000001,470.00000000000006,840.0000000000001,1242.9355,16.457117,2.5720918e-05,False,False,-345.62060553911056
490.0,840.0000000000001,490.0,840.0000000000001,1218.7114,15.989464,0.0,False,False,-330.377372155006
510.00000000000006,840.0000000000001,510.00000000000006,840.0000000000001,1196.4241,15.538756,0.0,False,False,-315.26160539744944
530.0,840.0000000000001,530.0,840.0000000000001,1175.1016,15.095562,0.0,False,False,-300.2777506837885
550.0,840.0000000000001,550.0,840.0000000000001,1154.7445,14.65993,0.0,False,False,-285.4304209928708
570.0,840.0000000000001,570.0,840.0000000000001,1136.0327,14.212388,1.7317536e-05,False,False,-270.72440186868437
590.0,840.0000000000001,590.0,840.0000000000001,1118.8865,13.782676,4.994322e-05,False,False,-256.1646563230245
610.0,840.0000000000001,610.0,840.0000000000001,1103.4419,13.381286,0.00010138741,False,False,-241.75632959359578
630.0,840.0000000000001,630.0,840.0000000000001,1092.2134,12.991476,0.0002358685,False,False,-227.5047537082596
650.0,840.0000000000001,650.0,840.0000000000001,1084.4514,12.75841,0.00043427627,False,False,-213.41545179999733
670.0,840.0000000000001,670.0,840.0000000000001,1080.0162,12.785419,0.0006930195,False,False,-199.49414211058496
690.0,840.0000000000001,690.0,840.0000000000001,1078.8864,13.161684,0.0010115746,False,False,-185.74674161400267
710.0,840.0000000000001,710.0,840.0000000000001,1082.5112,13.921614,0.0014271023,False,False,-172.17936918324972
730.0,840.0000000000001,730.0,840.0000000000001,1092.4974,15.116607,0.0019808516,False,False,-158.7983482165728
750.0,840.0000000000001,750.0,840.0000000000001,1108.4629,16.81487,0.0026631705,False,False,-145.61020863122297
770.0,840.0000000000001,770.0,840.0000000000001,1133.1942,18.976892,0.0035457462,False,False,-139.51744172697948
789.9999999999999,840.0000000000001,789.9999999999999,840.0000000000001,1165.3181,21.65805,0.0045935344,False,False,-153.12618563624696
810.0,840.0000000000001,810.0,840.0000000000001,1204.2693,24.818731,0.005792198,False,False,-166.91902032660366
830.0,840.0000000000001,830.0,840.0000000000001,1251.0403,28.384657,0.007167477,False,False,-180.88949525347226
850.0,840.0000000000001,850.0,840.0000000000001,1309.7291,32.312828,0.008825054,False,False,-195.03138034111893
869.9999999999999,840.0000000000001,869.9999999999999,840.0000000000001,1377.1498,36.633827,0.010683229,False,False,-209.3386622447826
890.0000000000001,840.0000000000001,890.0000000000001,840.0000000000001,1452.8909,41.317123,0.012731675,False,False,-223.80554010839504
910.0,840.0000000000001,910.0,840.0000000000001,1538.8241,46.318287,0.015018971,False,False,-238.42642090678945
930.0,840.0000000000001,930.0,840.0000000000001,1636.5762,51.614784,0.017587475,False,False,-253.1959144523254
950.0,840.0000000000001,950.0,840.0000000000001,1744.2971,57.222622,0.020389747,False,False,-268.10882813739624
969.9999999999999,840.0000000000001,969.9999999999999,840.0000000000001,1861.6711,63.11962,0.023417976,False,False,-283.16016147634514
990.0,840.0000000000001,990.0,840.0000000000001,1989.7439,69.28382,0.026699565,False,False,-298.3451005029442
1010.0,840.0000000000001,1010.0,840.0000000000001,2129.9834,75.69434,0.030272901,False,False,-313.6590120727678
1030.0,840.0000000000001,1030.0,840.0000000000001,2280.6914,82.36,0.034094486,False,False,-329.0974381135494
1050.0,840.0000000000001,1050.0,840.0000000000001,2446.733,89.23037,0.038290944,False,False,-344.65608986089825
1070.0,840.0000000000001,1070.0,840.0000000000001,2625.533,96.33711,0.042796087,False,False,-360.33084211157995
1090.0,840.0000000000001,1090.0,840.0000000000001,2820.026,103.64512,0.047686763,False,False,-376.11772752188614
1110.0,840.0000000000001,1110.0,840.0000000000001,3028.917,111.16909,0.052930087,False,False,-392.0129309744217
1130.0,840.0000000000001,1130.0,840.0000000000001,3252.9326,118.89621,0.058545664,False,False,-408.01278403287233
1150.0,840.0000000000001,1150.0,840.0000000000001,3493.9297,126.80598,0.06458262,False,False,-424.1137595009749
1170.0,840.0000000000001,1170.0,840.0000000000001,3753.6885,134.88101,0.07108825,False,False,-440.31246609893657
1190.0,840.0000000000001,1190.0,840.0000000000001,4034.5068,143.1004,0.07812343,False,False,-456.60564326793695
1210.0,840.0000000000001,1210.0,840.0000000000001,4333.599,151.4913,0.0856166,False,False,-472.99015611103124
1230.0,840.0000000000001,1230.0,840.0000000000001,4651.6914,160.04001,0.09358784,False,False,-489.46299047676916
1250.0,840.0000000000001,1250.0,840.0000000000001,4988.8604,168.7388,0.10204032,False,False,-506.0212481900778
1270.0,840.0000000000001,1270.0,840.0000000000001,5343.659,177.4892,0.11093815,False,False,-522.6621424334422
1290.0,840.0000000000001,1290.0,840.0000000000001,5717.592,186.28711,0.120321855,False,False,-539.3829932801
1310.0,840.0000000000001,1310.0,840.0000000000001,6113.5854,195.09415,0.13026947,False,False,-556.1812233798478
1330.0,840.0000000000001,1330.0,840.0000000000001,6527.44,203.59999,0.14067475,False,False,-573.0543537970965
1350.0,840.0000000000001,1350.0,840.0000000000001,6967.085,211.8685,0.15174642,False,False,-590.0000000000001
1370.0,840.0000000000001,1370.0,840.0000000000001,7427.1084,219.99687,0.16334416,False,False,-607.0158679988199
1390.0,840.0000000000001,1390.0,840.0000000000001,7909.481,227.97752,0.17552145,False,False,-624.0997506310998
1410.0,840.0000000000001,1410.0,840.0000000000001,8413.657,235.68945,0.18826668,False,False,-641.2495239907918
1430.0,840.0000000000001,1430.0,840.0000000000001,8935.916,242.9748,0.20148543,False,False,-658.4631439980813
1450.0,840.0000000000001,1450.0,840.0000000000001,9479.963,249.89381,0.2152766,False,False,-675.7386431063765
1470.0,840.0000000000001,1470.0,840.0000000000001,10038.482,256.27264,0.22945106,False,False,-693.0741271426955
1490.0,840.0000000000001,1490.0,840.0000000000001,10615.089,262.24844,0.24410468,False,False,-710.4677722775135
1510.0,840.0000000000001,1510.0,840.0000000000001,11210.305,267.92953,0.25925273,False,False,-727.917822120022
1530.0,840.0000000000001,1530.0,840.0000000000001,11828.985,273.09027,0.27502632,False,False,-745.4225849346628
1550.0000000000002,840.0000000000001,1550.0000000000002,840.0000000000001,12458.189,277.5654,0.2910877,False,False,-762.9804309747741
1570.0,840.0000000000001,1570.0,840.0000000000001,13097.639,281.77325,0.30742916,False,False,-780.5897899291683
1590.0,840.0000000000001,1590.0,840.0000000000001,13745.227,285.80487,0.32399657,False,False,-798.2491484774854
1609.9999999999998,840.0000000000001,1609.9999999999998,840.0000000000001,14397.019,289.52145,0.3406881,False,False,-815.9570479501987
1630.0,840.0000000000001,1630.0,840.0000000000001,15047.738,292.9559,0.3573656,False,False,-833.7120820892251
1650.0000000000002,840.0000000000001,1650.0000000000002,840.0000000000001,15700.178,296.25613,0.37410343,False,False,-851.5128949051369
1670.0,840.0000000000001,1670.0,840.0000000000001,16355.336,299.46417,0.39092934,False,False,-869.3581786270922
1690.0,840.0000000000001,1690.0,840.0000000000001,17016.072,302.38895,0.40792125,False,False,-887.2466717416675
1709.9999999999998,840.0000000000001,1709.9999999999998,840.0000000000001,17676.926,305.0817,0.42493552,False,False,-905.1771571168913
1730.0,840.0000000000001,1730.0,840.0000000000001,18337.93,307.6855,0.44197398,False,False,-923.1484602078956
1750.0,840.0000000000001,1750.0,840.0000000000001,18995.035,309.967,0.4589304,False,False,-941.1594473406868
-250.0,860.0,-250.0,860.0,27749.377,287.91208,0.69837606,False,False,-961.380376157436
-229.99999999999997,860.0,-229.99999999999997,860.0,27095.922,291.9591,0.68111444,False,False,-943.5591368070335
-210.00000000000003,860.0,-210.00000000000003,860.0,26425.68,295.28998,0.66339684,False,False,-925.7806875541976
-190.00000000000003,860.0,-190.00000000000003,860.0,25742.418,298.131,0.6453334,False,False,-908.0462245048818
-170.0,860.0,-170.0,860.0,25048.146,300.63913,0.62698334,False,False,-890.356985634711
-150.0,860.0,-150.0,860.0,24335.748,302.54474,0.6081449,False,False,-872.714252476487
-130.0,860.0,-130.0,860.0,23615.076,303.91,0.5890875,False,False,-855.1193518798689
-110.0,860.0,-110.0,860.0,22873.252,304.51816,0.5694543,False,False,-837.5736578460741
-90.0,860.0,-90.0,860.0,22117.508,304.5679,0.54945,False,False,-820.0785934405187
-70.0,860.0,-70.0,860.0,21340.85,303.84973,0.5288784,False,False,-802.635632786347
-50.0,860.0,-50.0,860.0,20546.14,302.35223,0.50781846,False,False,-785.2463031418523
-30.0,860.0,-30.0,860.0,19732.168,299.86185,0.48623055,False,False,-767.9121870648062
-10.0,860.0,-10.0,860.0,18899.38,296.49887,0.46413288,False,False,-750.6349246667287
10.0,860.0,10.0,860.0,18045.64,291.96786,0.4414587,False,False,-733.4162159601193
30.0,860.0,30.0,860.0,17173.654,286.38055,0.4182862,False,False,-716.2578233016494
50.0,860.0,50.0,860.0,16280.311,279.52728,0.3945282,False,False,-699.1615739342544
70.0,860.0,70.0,860.0,15374.837,271.4344,0.37043512,False,False,-682.1293626309927
90.0,860.0,90.0,860.0,14453.492,262.0753,0.34590742,False,False,-665.1631544434214
110.0,860.0,110.0,860.0,13518.875,251.25676,0.3210117,False,False,-648.2649875570925
130.0,860.0,130.0,860.0,12567.08,238.71025,0.29563987,False,False,-631.4369762565758
150.0,860.0,150.0,860.0,11609.252,224.77666,0.27010724,False,False,-614.6813140021827
170.0,860.0,170.0,860.0,10637.891,209.12146,0.24420604,False,False,-598.0002766202613
190.00000000000003,860.0,190.00000000000003,860.0,9656.058,192.05693,0.2180306,False,False,-581.3962256085754
210.00000000000003,860.0,210.00000000000003,860.0,8658.92,172.57475,0.19144496,False,False,-564.8716115578509
229.99999999999997,860.0,229.99999999999997,860.0,7638.1846,150.42561,0.16423339,False,False,-548.4289776900592
250.0,860.0,250.0,860.0,6619.752,127.94899,0.1371187,False,False,-532.0709635134067
270.0,860.0,270.0,860.0,5606.2925,106.45828,0.110152915,False,False,-515.8003085932902
290.0,860.0,290.0,860.0,4687.2153,88.995605,0.085832044,False,False,-499.6198564376677
310.0,860.0,310.0,860.0,3898.8838,74.977745,0.06518979,False,False,-483.532558494335
330.0,860.0,330.0,860.0,3253.8906,62.89127,0.048541687,False,False,-467.5414782565309
350.0,860.0,350.0,860.0,2730.444,52.16635,0.035233825,False,False,-451.649795472028
370.0,860.0,370.0,860.0,2301.9229,42.70929,0.024501888,False,False,-435.8608104494659
390.0,860.0,390.0,860.0,1966.467,34.607925,0.016272115,False,False,-420.17794845407093
410.0,860.0,410.0,860.0,1709.814,27.898006,0.010141483,False,False,-404.6047641830888
430.0,860.0,430.0,860.0,1519.0688,22.695202,0.005753085,False,False,-389.14494630922024
450.0,860.0,450.0,860.0,1378.3499,19.071058,0.0026744648,False,False,-373.8023220780578
470.00000000000006,860.0,470.00000000000006,860.0,1288.6428,17.027708,0.0009262762,False,False,-358.58086194296135
490.0,860.0,490.0,860.0,1237.6187,16.031963,0.00017803363,False,False,-343.484684217984
510.00000000000006,860.0,510.00000000000006,860.0,1209.426,15.503173,8.47748e-06,False,False,-328.51805972629256
530.0,860.0,530.0,860.0,1188.5461,15.058833,6.8523805e-06,False,False,-313.68541641807434
550.0,860.0,550.0,860.0,1169.772,14.612045,3.514104e-05,False,False,-298.9913439281056
570.0,860.0,570.0,860.0,1152.0994,14.202141,6.7478075e-05,False,False,-284.4405980389916
590.0,860.0,590.0,860.0,1137.8225,13.7805805,0.00016244687,False,False,-270.03810501156966
610.0,860.0,610.0,860.0,1127.4915,13.424659,0.00033415548,False,False,-255.788965739067
630.0,860.0,630.0,860.0,1120.0607,13.263051,0.00055595156,False,False,-241.69845967634674
650.0,860.0,650.0,860.0,1115.6614,13.378049,0.00083116425,False,False,-227.77204848995837
670.0,860.0,670.0,860.0,1115.2197,13.8178215,0.001183504,False,False,-214.01537936874792
690.0,860.0,690.0,860.0,1120.52,14.625242,0.0016587053,False,False,-200.43428792852353
710.0,860.0,710.0,860.0,1131.7253,15.886235,0.00226105,False,False,-187.03480063773958
730.0,860.0,730.0,860.0,1149.7642,17.617943,0.003014516,False,False,-173.82313668443882
750.0,860.0,750.0,860.0,1176.1001,19.834661,0.003956835,False,False,-160.80570919784475
770.0,860.0,770.0,860.0,1209.0103,22.55436,0.0050439406,False,False,-154.33963806151957
789.9999999999999,860.0,789.9999999999999,860.0,1247.7993,25.732672,0.0062581496,False,False,-167.7756633874505
810.0,860.0,810.0,860.0,1298.4973,29.253994,0.0077547636,False,False,-181.39747756629328
830.0,860.0,830.0,860.0,1357.806,33.17915,0.009449202,False,False,-195.19872824564217
850.0,860.0,850.0,860.0,1425.2354,37.481216,0.01132906,False,False,-209.17327128910685
869.9999999999999,860.0,869.9999999999999,860.0,1501.7842,42.116997,0.013420362,False,False,-223.31516789419402
890.0000000000001,860.0,890.0000000000001,860.0,1588.9762,47.056557,0.015762726,False,False,-237.61868117768825
910.0,860.0,910.0,860.0,1687.441,52.292625,0.018372755,False,False,-252.07827231367625
930.0,860.0,930.0,860.0,1794.2081,57.837307,0.021174084,False,False,-266.6885963013957
950.0,860.0,950.0,860.0,1911.5398,63.650654,0.024225473,False,False,-281.44449743248737
969.9999999999999,860.0,969.9999999999999,860.0,2039.9865,69.71808,0.027541522,False,False,-296.3410045200299
990.0,860.0,990.0,860.0,2179.1826,76.03871,0.031113174,False,False,-311.3733259449806
1010.0,860.0,1010.0,860.0,2330.554,82.588684,0.034977823,False,False,-326.5368445693472
1030.0,860.0,1030.0,860.0,2497.144,89.34672,0.039214857,False,False,-341.8271125595876
1050.0,860.0,1050.0,860.0,2676.2246,96.33343,0.043754097,False,False,-357.2398461583716
1070.0,860.0,1070.0,860.0,2870.6191,103.523865,0.048669472,False,False,-372.7709204379296
1090.0,860.0,1090.0,860.0,3078.7634,110.92852,0.053921025,False,False,-388.41636406374874
1110.0,860.0,1110.0,860.0,3302.7004,118.52397,0.059562556,False,False,-404.1723540933285
1130.0,860.0,1130.0,860.0,3544.0935,126.2932,0.06563817,False,False,-420.0352108310554
1150.0,860.0,1150.0,860.0,3805.272,134.21413,0.072209455,False,False,-436.00139275698484
1170.0,860.0,1170.0,860.0,4084.971,142.30139,0.07924445,False,False,-452.06749154438427
1190.0,860.0,1190.0,860.0,4383.145,150.55037,0.08674291,False,False,-468.2302271782856
1210.0,860.0,1210.0,860.0,4699.68,158.95682,0.0947029,False,False,-484.48644318498253
1230.0,860.0,1230.0,860.0,5034.519,167.51436,0.10312402,False,False,-500.8331019803634
1250.0,860.0,1250.0,860.0,5387.75,176.1599,0.112010136,False,False,-517.2672803431835
1270.0,860.0,1270.0,860.0,5761.0273,184.79366,0.12140622,False,False,-533.7861650177967
1290.0,860.0,1290.0,860.0,6156.3433,193.5023,0.1313651,False,False,-550.3870484495154
1310.0,860.0,1310.0,860.0,6573.1123,201.92941,0.14187531,False,False,-567.0673246545599
1330.0,860.0,1330.0,860.0,7011.998,210.06197,0.15295598,False,False,-583.8244852255569
1350.0,860.0,1350.0,860.0,7470.2344,218.09848,0.16453516,False,False,-600.6561154726522
1370.0,860.0,1370.0,860.0,7952.1055,225.97166,0.17672719,False,False,-617.5598906995684
1390.0,860.0,1390.0,860.0,8455.105,233.6292,0.1894687,False,False,-634.5335726133006
1410.0,860.0,1410.0,860.0,8978.773,240.85162,0.20275092,False,False,-651.5750058656132
1430.0,860.0,1430.0,860.0,9520.12,247.71829,0.21649711,False,False,-668.6821147240719
1450.0,860.0,1450.0,860.0,10079.047,254.11382,0.23070699,False,False,-685.8528998699741
1470.0,860.0,1470.0,860.0,10653.105,260.03842,0.24531814,False,False,-703.0854353202601
1490.0,860.0,1490.0,860.0,11248.914,265.56375,0.2605059,False,False,-720.3778654702577
1510.0,860.0,1510.0,860.0,11866.531,270.76492,0.27627367,False,False,-737.7284022539309
1530.0,860.0,1530.0,860.0,12489.801,275.29694,0.29219994,False,False,-755.1353224181889
1550.0000000000002,860.0,1550.0000000000002,860.0,13120.237,279.57028,0.30832398,False,False,-772.5969649077032
1570.0,860.0,1570.0,860.0,13758.752,283.63925,0.32467103,False,False,-790.1117283566409
1590.0,860.0,1590.0,860.0,14401.333,287.48514,0.3411369,False,False,-807.6780686836914
1609.9999999999998,860.0,1609.9999999999998,860.0,15043.097,291.05865,0.35759404,False,False,-825.2944967867514
1630.0,860.0,1630.0,860.0,15684.809,294.4233,0.3740636,False,False,-842.9595763336753
1650.0000000000002,860.0,1650.0000000000002,860.0,16331.753,297.66058,0.39068627,False,False,-860.6719216455115
1670.0,860.0,1670.0,860.0,16984.55,300.64697,0.40748054,False,False,-878.430195668713
1690.0,860.0,1690.0,860.0,17636.715,303.45367,0.42427564,False,False,-896.2331080328706
1709.9999999999998,860.0,1709.9999999999998,860.0,18288.525,306.11984,0.44107997,False,False,-914.0794131905812
1730.0,860.0,1730.0,860.0,18940.797,308.52213,0.45791674,False,False,-931.9679086361658
1750.0,860.0,1750.0,860.0,19592.314,310.50812,0.474755,False,False,-949.8974332000132
-250.0,880.0,-250.0,880.0,28341.893,281.11115,0.71411514,False,False,-970.4974306914793
-229.99999999999997,880.0,-229.99999999999997,880.0,27715.766,285.5937,0.6975979,False,False,-952.7593970206204
-210.00000000000003,880.0,-210.00000000000003,880.0,27061.984,289.51138,0.68033457,False,False,-935.0654771720141
-190.00000000000003,880.0,-190.00000000000003,880.0,26390.287,292.88928,0.66259086,False,False,-917.4168923928805
-170.0,880.0,-170.0,880.0,25710.652,295.72275,0.64463687,False,False,-899.8149061222222
-150.0,880.0,-150.0,880.0,25018.637,298.09955,0.6263547,False,False,-882.2608256601433
-130.0,880.0,-130.0,880.0,24309.66,299.97855,0.6076194,False,False,-864.7560039065221
-110.0,880.0,-110.0,880.0,23588.11,301.26004,0.5885463,False,False,-847.3018411716146
-90.0,880.0,-90.0,880.0,22848.016,301.77872,0.5689683,False,False,-829.8997870612078
-70.0,880.0,-70.0,880.0,22094.904,301.7108,0.54904276,False,False,-812.5513424389586
-50.0,880.0,-50.0,880.0,21320.11,300.83594,0.5285281,False,False,-795.2580614685698
-30.0,880.0,-30.0,880.0,20527.582,299.18317,0.5075343,False,False,-778.0215537384531
-10.0,880.0,-10.0,880.0,19712.395,296.57162,0.48592204,False,False,-760.8434864715038
10.0,880.0,10.0,880.0,18883.105,293.03967,0.4639262,False,False,-743.7255868225759
30.0,880.0,30.0,880.0,18029.248,288.39017,0.44125798,False,False,-726.6696442661964
50.0,880.0,50.0,880.0,17158.988,282.613,0.41813976,False,False,-709.6775130769456
70.0,880.0,70.0,880.0,16268.219,275.64664,0.39446208,False,False,-692.7511149048422
90.0,880.0,90.0,880.0,15361.422,267.45987,0.37034482,False,False,-675.8924414479001
110.0,880.0,110.0,880.0,14443.097,257.98993,0.34590986,False,False,-659.103557223846
130.0,880.0,130.0,880.0,13507.174,247.03265,0.3209899,False,False,-642.3866024427488
150.0,880.0,150.0,880.0,12556.762,234.41081,0.29566938,False,False,-625.7437959820275
170.0,880.0,170.0,880.0,11598.348,220.37593,0.2701341,False,False,-609.1774384649658
190.00000000000003,880.0,190.00000000000003,880.0,10630.467,204.67375,0.24434054,False,False,-592.6899154434567
210.00000000000003,880.0,210.00000000000003,880.0,9654.564,187.54895,0.21833627,False,False,-576.2837006852232
229.99999999999997,880.0,229.99999999999997,880.0,8653.859,167.6369,0.19166473,False,False,-559.9613595652036
250.0,880.0,250.0,880.0,7640.8315,145.8626,0.16467884,False,False,-543.7255525601483
270.0,880.0,270.0,880.0,6623.336,123.903404,0.13759825,False,False,-527.5790388447175
290.0,880.0,290.0,880.0,5627.3906,104.474525,0.11113184,False,False,-511.52467998652526
310.0,880.0,310.0,880.0,4739.2305,88.8227,0.08768204,False,False,-495.565443736577
330.0,880.0,330.0,880.0,3977.5942,75.91357,0.06777924,False,False,-479.7044079104451
350.0,880.0,350.0,880.0,3349.4663,64.55189,0.05157952,False,False,-463.94476435424906
370.0,880.0,370.0,880.0,2833.3042,54.31764,0.038445473,False,False,-448.2898229880766
390.0,880.0,390.0,880.0,2404.3145,45.16339,0.02767104,False,False,-432.7430159178758
410.0,880.0,410.0,880.0,2062.2163,37.14552,0.019228924,False,False,-417.30790160503494
430.0,880.0,430.0,880.0,1792.3456,30.293253,0.012709523,False,False,-401.9881690808533
450.0,880.0,450.0,880.0,1587.1443,24.674805,0.007898752,False,False,-386.7876421908657
470.00000000000006,880.0,470.00000000000006,880.0,1430.1202,20.369085,0.0043496713,False,False,-371.71028385148327
490.0,880.0,490.0,880.0,1316.668,17.496515,0.0019349138,False,False,-356.76020029868704
510.00000000000006,880.0,510.00000000000006,880.0,1248.434,15.882791,0.00069313333,False,False,-341.94164530546925
530.0,880.0,530.0,880.0,1208.4001,15.07562,0.00017261878,False,False,-327.2590243414306
550.0,880.0,550.0,880.0,1187.4585,14.587293,0.00013041456,False,False,-312.71689864432807
570.0,880.0,570.0,880.0,1174.4817,14.1738,0.0002715597,False,False,-298.319989169465
590.0,880.0,590.0,880.0,1164.4875,13.899974,0.00046553745,False,False,-284.0731803786013
610.0,880.0,610.0,880.0,1157.5537,13.832133,0.00071425945,False,False,-269.98152382553684
630.0,880.0,630.0,880.0,1153.941,14.036529,0.0010244335,False,False,-256.05024149070124
650.0,880.0,650.0,880.0,1155.531,14.54472,0.0014442233,False,False,-242.2847288119843
670.0,880.0,670.0,880.0,1162.6285,15.4507265,0.0019814929,False,False,-228.69055735367394
690.0,880.0,690.0,880.0,1175.5436,16.8083,0.0026442832,False,False,-215.27347704979482
710.0,880.0,710.0,880.0,1196.8408,18.610933,0.0034985365,False,False,-202.03941795238774
730.0,880.0,730.0,880.0,1224.4609,20.921535,0.0044915667,False,False,-188.99449140941417
750.0,880.0,750.0,880.0,1257.8748,23.7078,0.005609929,False,False,-176.14499059110406
770.0,880.0,770.0,880.0,1301.0798,26.862722,0.006956599,False,False,-169.31603940081152
789.9999999999999,880.0,789.9999999999999,880.0,1353.3401,30.414732,0.008512862,False,False,-182.5819210524064
810.0,880.0,810.0,880.0,1413.542,34.352577,0.0102503225,False,False,-196.0351165413164
830.0,880.0,830.0,880.0,1482.2224,38.635773,0.012183014,False,False,-209.66937631734734
850.0,880.0,850.0,880.0,1560.6794,43.230415,0.01434467,False,False,-223.478647136925
869.9999999999999,880.0,869.9999999999999,880.0,1650.3674,48.116512,0.01677314,False,False,-237.457069962429
890.0000000000001,880.0,890.0000000000001,880.0,1747.9957,53.31856,0.019383777,False,False,-251.59897730862667
910.0,880.0,910.0,880.0,1855.632,58.793243,0.022230312,False,False,-265.89889011721635
930.0,880.0,930.0,880.0,1973.573,64.52777,0.02532075,False,False,-280.3515142334937
950.0,880.0,950.0,880.0,2102.5269,70.51019,0.02867376,False,False,-294.95173655237056
969.9999999999999,880.0,969.9999999999999,880.0,2241.9702,76.7361,0.0322762,False,False,-309.6946208945045
990.0,880.0,990.0,880.0,2396.6436,83.161995,0.036251314,False,False,-324.5754036671526
1010.0,880.0,1010.0,880.0,2562.5833,89.82646,0.04049688,False,False,-339.5894893585872
1030.0,880.0,1030.0,880.0,2743.901,96.68838,0.04512007,False,False,-354.7324459095235
1050.0,880.0,1050.0,880.0,2938.0098,103.77092,0.05005434,False,False,-370.00000000000006
1070.0,880.0,1070.0,880.0,3146.978,111.049385,0.05535404,False,False,-385.3880322855399
1090.0,880.0,1090.0,880.0,3372.3064,118.50785,0.061058883,False,False,-400.89257261219
1110.0,880.0,1110.0,880.0,3616.2456,126.12453,0.06722825,False,False,-416.5097952361643
1130.0,880.0,1130.0,880.0,3878.585,133.90395,0.073857576,False,False,-432.2360140703068
1150.0,880.0,1150.0,880.0,4158.3936,141.85243,0.08092348,False,False,-448.067677976413
1170.0,880.0,1170.0,880.0,4456.3115,149.95866,0.0884437,False,False,-464.0013661195813
1190.0,880.0,1190.0,880.0,4771.9893,158.22035,0.09640995,False,False,-480.0337833982035
1210.0,880.0,1210.0,880.0,5106.0054,166.62416,0.10483842,False,False,-496.16175596089874
1230.0,880.0,1230.0,880.0,5459.3467,175.1351,0.113756105,False,False,-512.3822268196623
1250.0,880.0,1250.0,880.0,5833.216,183.60359,0.12319654,False,False,-528.6922515666782
1270.0,880.0,1270.0,880.0,6229.6533,192.12486,0.13321376,False,False,-545.0889942006579
1290.0,880.0,1290.0,880.0,6650.6045,200.44841,0.1438616,False,False,-561.5697230671451
1310.0,880.0,1310.0,880.0,7088.077,208.50435,0.1549334,False,False,-578.1318069160131
1330.0,880.0,1330.0,880.0,7547.94,216.40616,0.16658336,False,False,-594.7727110782903
1350.0,880.0,1350.0,880.0,8029.13,224.13974,0.17878544,False,False,-611.4899937635357
1370.0,880.0,1370.0,880.0,8533.729,231.66646,0.19159622,False,False,-628.2813024781684
1390.0,880.0,1390.0,880.0,9057.102,238.83398,0.20489714,False,False,-645.1443705644804
1410.0,880.0,1410.0,880.0,9598.19,245.59816,0.21866274,False,False,-662.0770138594662
1430.0,880.0,1430.0,880.0,10157.527,252.01076,0.23290834,False,False,-679.0771274721124
1450.0,880.0,1450.0,880.0,10732.075,257.80847,0.24755743,False,False,-696.1426826773743
1470.0,880.0,1470.0,880.0,11327.896,263.20087,0.26276994,False,False,-713.2717239247253
1490.0,880.0,1490.0,880.0,11940.273,268.3851,0.27842268,False,False,-730.4623659588785
1510.0,880.0,1510.0,880.0,12556.289,273.0546,0.29417926,False,False,-747.7127910500626
1530.0,880.0,1530.0,880.0,13177.924,277.3758,0.3100922,False,False,-765.0212463310463
1550.0000000000002,880.0,1550.0000000000002,880.0,13806.324,281.49918,0.32619226,False,False,-782.3860412379806
1570.0,880.0,1570.0,880.0,14437.943,285.47583,0.34238708,False,False,-799.8055450520202
1590.0,880.0,1590.0,880.0,15069.891,289.17944,0.35860217,False,False,-817.278184538625
1609.9999999999998,880.0,1609.9999999999998,880.0,15701.31,292.61063,0.374816,False,False,-834.8024416813926
1630.0,880.0,1630.0,880.0,16340.764,295.85757,0.3912558,False,False,-852.3768515072735
1650.0000000000002,880.0,1650.0000000000002,880.0,16983.742,298.91617,0.40780386,False,False,-870.0000000000002
1670.0,880.0,1670.0,880.0,17626.59,301.81128,0.42436463,False,False,-887.6705220985998
1690.0,880.0,1690.0,880.0,18269.027,304.5249,0.44093174,False,False,-905.3870997778905
1709.9999999999998,880.0,1709.9999999999998,880.0,18915.68,306.9953,0.4576293,False,False,-923.1484602078956
1730.0,880.0,1730.0,880.0,19558.293,309.0543,0.4742398,False,False,-940.9533739891848
1750.0,880.0,1750.0,880.0,20202.285,310.99783,0.49090752,False,False,-958.800653461194
-250.0,900.0,-250.0,900.0,28940.203,273.3448,0.72996604,False,False,-979.7745499798602
-229.99999999999997,900.0,-229.99999999999997,900.0,28337.754,278.4401,0.7140976,False,False,-962.120385460223
-210.00000000000003,900.0,-210.00000000000003,900.0,27709.918,282.83228,0.6975404,False,False,-944.51164700271
-190.00000000000003,900.0,-190.00000000000003,900.0,27059.076,286.60333,0.68036175,False,False,-926.9495799371109
-170.0,900.0,-170.0,900.0,26390.047,289.95474,0.66269916,False,False,-909.4354720467578
-150.0,900.0,-150.0,900.0,25712.08,292.90274,0.64480335,False,False,-891.9706552166818
-130.0,900.0,-130.0,900.0,25020.973,295.17834,0.62655175,False,False,-874.5565071481997
-110.0,900.0,-110.0,900.0,24318.887,297.00507,0.60801035,False,False,-857.1944531422323
-90.0,900.0,-90.0,900.0,23596.797,298.20496,0.5889288,False,False,-839.8859679536911
-70.0,900.0,-70.0,900.0,22859.82,298.7115,0.5694444,False,False,-822.6325777192471
-50.0,900.0,-50.0,900.0,22109.035,298.5504,0.54958797,False,False,-805.4358619607964
-30.0,900.0,-30.0,900.0,21338.238,297.56595,0.5291877,False,False,-788.2974556669091
-10.0,900.0,-10.0,900.0,20548.07,295.7805,0.50826305,False,False,-771.2190514544939
10.0,900.0,10.0,900.0,19736.377,293.037,0.48675114,False,False,-754.2024018128507
30.0,900.0,30.0,900.0,18906.805,289.40915,0.46475512,False,False,-737.2493214321856
50.0,900.0,50.0,900.0,18058.533,284.65015,0.44224477,False,False,-720.3616896185542
70.0,900.0,70.0,900.0,17188.148,278.75903,0.41913134,False,False,-703.5414527970322
90.0,900.0,90.0,900.0,16302.054,271.68842,0.39558762,False,False,-686.7906271047511
110.0,900.0,110.0,900.0,15397.934,263.42484,0.37155193,False,False,-670.1113010751876
130.0,900.0,130.0,900.0,14479.17,253.88338,0.34711498,False,False,-653.5056384148415
150.0,900.0,150.0,900.0,13545.525,242.80766,0.32226533,False,False,-636.9758808731086
170.0,900.0,170.0,900.0,12597.589,230.26183,0.29702675,False,False,-620.5243512057776
190.00000000000003,900.0,190.00000000000003,900.0,11640.712,216.21773,0.27154487,False,False,-604.1534562321407
210.00000000000003,900.0,210.00000000000003,900.0,10674.546,200.56628,0.24581024,False,False,-587.8656899851885
229.99999999999997,900.0,229.99999999999997,900.0,9701.682,183.30481,0.21989842,False,False,-571.6636369537711
250.0,900.0,250.0,900.0,8704.033,163.3304,0.19331744,False,False,-555.5499754149243
270.0,900.0,270.0,900.0,7697.4385,142.1077,0.1665211,False,False,-539.5274808537806
290.0,900.0,290.0,900.0,6687.098,121.15088,0.13964023,False,False,-523.5990294675973
310.0,900.0,310.0,900.0,5713.543,103.54844,0.11380242,False,False,-507.76760174942785
330.0,900.0,330.0,900.0,4851.729,89.427895,0.091093495,False,False,-492.036286145829
350.0,900.0,350.0,900.0,4108.781,77.50913,0.07170297,False,False,-476.4082827817158
370.0,900.0,370.0,900.0,3489.8025,66.83793,0.055737913,False,False,-460.88690724404495
390.0,900.0,390.0,900.0,2976.4531,57.07891,0.042655814,False,False,-445.4755944144084
410.0,900.0,410.0,900.0,2543.6416,48.236164,0.031749368,False,False,-430.17790233883284
430.0,900.0,430.0,900.0,2190.8936,40.34439,0.022989139,False,False,-414.99751612111334
450.0,900.0,450.0,900.0,1907.165,33.402706,0.016065165,False,False,-399.93825182382153
470.00000000000006,900.0,470.00000000000006,900.0,1684.2202,27.458057,0.010745788,False,False,-385.00406035872464
490.0,900.0,490.0,900.0,1512.318,22.575565,0.0067648487,False,False,-370.1990313457276
510.00000000000006,900.0,510.00000000000006,900.0,1380.3253,18.845592,0.0038204894,False,False,-355.5273969165605
530.0,900.0,530.0,900.0,1288.795,16.350878,0.0019231177,False,False,-340.9935354363209
550.0,900.0,550.0,900.0,1236.1714,15.010022,0.0010296113,False,False,-326.60197511258815
570.0,900.0,570.0,900.0,1208.5432,14.492571,0.00077095383,False,False,-312.3573974581911
590.0,900.0,590.0,900.0,1198.1367,14.479821,0.00094108045,False,False,-298.26464056980814
610.0,900.0,610.0,900.0,1196.614,14.768792,0.0013187117,False,False,-284.3287021804307
630.0,900.0,630.0,900.0,1200.502,15.402416,0.0018121129,False,False,-270.5547424393354
650.0,900.0,650.0,900.0,1209.8335,16.444908,0.002421975,False,False,-256.94808636860665
670.0,900.0,670.0,900.0,1226.994,17.90265,0.0032095872,False,False,-243.51422594046713
690.0,900.0,690.0,900.0,1250.1855,19.855076,0.0041289283,False,False,-230.258821714738
710.0,900.0,710.0,900.0,1279.0405,22.283394,0.0051706885,False,False,-217.18770397073612
730.0,900.0,730.0,900.0,1316.7032,25.094454,0.006415872,False,False,-204.30687326286085
750.0,900.0,750.0,900.0,1363.1311,28.302217,0.007863564,False,False,-191.62250032415255
770.0,900.0,770.0,900.0,1417.2137,31.9004,0.00948543,False,False,-184.44079632542204
789.9999999999999,900.0,789.9999999999999,900.0,1479.2754,35.851078,0.011290029,False,False,-197.53914341035212
810.0,900.0,810.0,900.0,1550.5128,40.117992,0.013308432,False,False,-210.82616423663404
830.0,900.0,830.0,900.0,1632.4275,44.676952,0.015579632,False,False,-224.29571591180542
850.0,900.0,850.0,900.0,1722.1284,49.55162,0.01802929,False,False,-237.94184031399473
869.9999999999999,900.0,869.9999999999999,900.0,1821.3411,54.700897,0.020702254,False,False,-251.758762701504
890.0000000000001,900.0,890.0000000000001,900.0,1930.3296,60.111958,0.023605645,False,False,-265.74088975587745
910.0,900.0,910.0,900.0,2049.9272,65.770485,0.02676136,False,False,-279.8828071350909
930.0,900.0,930.0,900.0,2179.5059,71.67415,0.030153526,False,False,-294.17927660737945
950.0,900.0,950.0,900.0,2323.4434,77.7797,0.033895902,False,False,-308.62523283024007
969.9999999999999,900.0,969.9999999999999,900.0,2478.4102,84.12202,0.037902646,False,False,-323.2157798333574
990.0,900.0,990.0,900.0,2648.0654,90.662994,0.042269148,False,False,-337.9461872586656
1010.0,900.0,1010.0,900.0,2829.8455,97.42645,0.04692938,False,False,-352.8118864054973
1030.0,900.0,1030.0,900.0,3025.8892,104.38669,0.05193941,False,False,-367.80846612382095
1050.0,900.0,1050.0,900.0,3237.3455,111.53126,0.0573297,False,False,-382.931668593933
1070.0,900.0,1070.0,900.0,3466.537,118.83743,0.06316139,False,False,-398.17738502666396
1090.0,900.0,1090.0,900.0,3713.3281,126.30892,0.06943171,False,False,-413.5416513141734
1110.0,900.0,1110.0,900.0,3976.9985,133.9507,0.07612274,False,False,-429.02064365774646
1130.0,900.0,1130.0,900.0,4258.173,141.75249,0.08325164,False,False,-444.61067419564637
1150.0,900.0,1150.0,900.0,4556.466,149.71306,0.09080926,False,False,-460.30818665102333
1170.0,900.0,1170.0,900.0,4872.536,157.81946,0.09881376,False,False,-476.1097520171054
1190.0,900.0,1190.0,900.0,5207.1816,166.0557,0.107286915,False,False,-492.01206429438776
1210.0,900.0,1210.0,900.0,5562.9136,174.38657,0.11629539,False,False,-508.01193629228277
1230.0,900.0,1230.0,900.0,5939.1353,182.68658,0.12582567,False,False,-524.1062955056645
1250.0,900.0,1250.0,900.0,6340.8394,190.9608,0.13600937,False,False,-540.2921800749365
1270.0,900.0,1270.0,900.0,6762.0225,199.20265,0.1466912,False,False,-556.5667348366406
1290.0,900.0,1290.0,900.0,7202.2954,207.13394,0.15786426,False,False,-572.9272074701995
1310.0,900.0,1310.0,900.0,7663.232,214.88379,0.16957036,False,False,-589.3709447451215
1330.0,900.0,1330.0,900.0,8147.202,222.42896,0.18187323,False,False,-605.8953888718904
1350.0,900.0,1350.0,900.0,8652.547,229.80518,0.19473107,False,False,-622.4980739587953
1370.0,900.0,1370.0,900.0,9176.932,236.88782,0.20808518,False,False,-639.176622576103
1390.0,900.0,1390.0,900.0,9718.528,243.53983,0.22189042,False,False,-655.9287424282484
1410.0,900.0,1410.0,900.0,10279.298,249.83536,0.23619944,False,False,-672.7522231340779
1430.0,900.0,1430.0,900.0,10856.341,255.51262,0.25093946,False,False,-689.6449331146472
1450.0,900.0,1450.0,900.0,11447.621,260.85962,0.26605687,False,False,-706.6048165876014
1470.0,900.0,1470.0,900.0,12050.406,266.0231,0.28148073,False,False,-723.6298906667871
1490.0,900.0,1490.0,900.0,12659.563,270.84836,0.2970783,False,False,-740.7182425654071
1510.0,900.0,1510.0,900.0,13270.971,275.22318,0.31274313,False,False,-757.8680269007681
1530.0,900.0,1530.0,900.0,13887.123,279.42297,0.32854056,False,False,-775.0774630984417
1550.0000000000002,900.0,1550.0000000000002,900.0,14507.839,283.49362,0.34446684,False,False,-792.3448328934921
1570.0,900.0,1570.0,900.0,15129.029,287.31747,0.36041594,False,False,-809.6684779262747
1590.0,900.0,1590.0,900.0,15752.096,290.78394,0.37642646,False,False,-827.0467974302136
1609.9999999999998,900.0,1609.9999999999998,900.0,16381.96,294.04553,0.39262894,False,False,-844.4782460088812
1630.0,900.0,1630.0,900.0,17014.264,297.19366,0.40890932,False,False,-861.9613314996637
1650.0000000000002,900.0,1650.0000000000002,900.0,17646.928,300.17804,0.42521387,False,False,-879.4946129212505
1670.0,900.0,1670.0,900.0,18280.71,302.9102,0.4415642,False,False,-897.076698502198
1690.0,900.0,1690.0,900.0,18920.414,305.41306,0.45808882,False,False,-914.7062437878038
1709.9999999999998,900.0,1709.9999999999998,900.0,19554.695,307.58636,0.474488,False,False,-932.38194982255
1730.0,900.0,1730.0,900.0,20191.037,309.56155,0.49096125,False,False,-950.1025614054251
1750.0,900.0,1750.0,900.0,20825.121,311.18073,0.50739527,False,False,-967.8668654154427
-250.0,919.9999999999999,-250.0,919.9999999999999,29551.023,264.6438,0.7461151,False,False,-989.2094945314825
-229.99999999999997,919.9999999999999,-229.99999999999997,919.9999999999999,28965.785,270.1087,0.73071253,False,False,-971.6398128017224
-210.00000000000003,919.9999999999999,-210.00000000000003,919.9999999999999,28364.78,275.1248,0.71488714,False,False,-954.1168567195332
-190.00000000000003,919.9999999999999,-190.00000000000003,919.9999999999999,27736.621,279.49106,0.6983277,False,False,-936.6418946222466
-170.0,919.9999999999999,-170.0,919.9999999999999,27087.873,283.25327,0.68121326,False,False,-919.2162375033884
-150.0,919.9999999999999,-150.0,919.9999999999999,26424.79,286.50037,0.66371614,False,False,-901.8412406368935
-130.0,919.9999999999999,-130.0,919.9999999999999,25751.867,289.44727,0.6459639,False,False,-884.518305264742
-110.0,919.9999999999999,-110.0,919.9999999999999,25060.707,291.80276,0.62772083,False,False,-867.2488803500488
-90.0,919.9999999999999,-90.0,919.9999999999999,24362.93,293.6224,0.60930264,False,False,-850.0344643976575
-70.0,919.9999999999999,-70.0,919.9999999999999,23645.387,294.6985,0.59034705,False,False,-832.8766073442436
-50.0,919.9999999999999,-50.0,919.9999999999999,22912.352,295.21582,0.570977,False,False,-815.7769125199166
-30.0,919.9999999999999,-30.0,919.9999999999999,22163.371,295.01993,0.5511756,False,False,-798.737038683247
-10.0,919.9999999999999,-10.0,919.9999999999999,21396.746,293.9801,0.53089386,False,False,-781.758702131575
10.0,919.9999999999999,10.0,919.9999999999999,20610.777,292.07285,0.5100863,False,False,-764.8436788883628
30.0,919.9999999999999,30.0,919.9999999999999,19804.484,289.2608,0.488726,False,False,-747.9938069692429
50.0,919.9999999999999,50.0,919.9999999999999,18978.266,285.49695,0.46682426,False,False,-731.2109887282496
70.0,919.9999999999999,70.0,919.9999999999999,18132.938,280.72897,0.4444016,False,False,-714.4971932855592
90.0,919.9999999999999,90.0,919.9999999999999,17267.26,274.71017,0.42141986,False,False,-697.8544590378402
110.0,919.9999999999999,110.0,919.9999999999999,16384.438,267.63422,0.39797306,False,False,-681.2848962520577
130.0,919.9999999999999,130.0,919.9999999999999,15485.725,259.31995,0.37409014,False,False,-664.790689743281
150.0,919.9999999999999,150.0,919.9999999999999,14570.839,249.73174,0.34976512,False,False,-648.3741016366785
170.0,919.9999999999999,170.0,919.9999999999999,13638.036,238.64754,0.32494798,False,False,-632.0374742134885
190.00000000000003,919.9999999999999,190.00000000000003,919.9999999999999,12696.016,226.2026,0.29988068,False,False,-615.7832328402717
210.00000000000003,919.9999999999999,210.00000000000003,919.9999999999999,11741.192,212.23598,0.27446514,False,False,-599.613888980205
229.99999999999997,919.9999999999999,229.99999999999997,919.9999999999999,10779.02,196.77553,0.24884991,False,False,-583.5320432845659
250.0,919.9999999999999,250.0,919.9999999999999,9805.68,179.5055,0.22293691,False,False,-567.5403887618363
270.0,919.9999999999999,270.0,919.9999999999999,8811.1,159.54071,0.19644718,False,False,-551.641714021064
290.0,919.9999999999999,290.0,919.9999999999999,7814.4287,139.10861,0.1699281,False,False,-535.8389065852064
310.0,919.9999999999999,310.0,919.9999999999999,6811.841,119.64168,0.1432648,False,False,-520.1349562691657
330.0,919.9999999999999,330.0,919.9999999999999,5868.3545,103.46377,0.11825744,False,False,-504.53295861608655
350.0,919.9999999999999,350.0,919.9999999999999,5027.359,90.635796,0.0961271,False,False,-489.0361183842021
370.0,919.9999999999999,370.0,919.9999999999999,4297.4985,79.64075,0.07709117,False,False,-473.6477530751058
390.0,919.9999999999999,390.0,919.9999999999999,3682.159,69.649254,0.061209302,False,False,-458.3712964927431
410.0,919.9999999999999,410.0,919.9999999999999,3165.8105,60.407272,0.04802348,False,False,-443.2103023206774
430.0,919.9999999999999,430.0,919.9999999999999,2727.6624,51.88199,0.036943905,False,False,-428.1684477032663
450.0,919.9999999999999,450.0,919.9999999999999,2361.8025,44.16294,0.027799763,False,False,-413.249536814279
470.00000000000006,919.9999999999999,470.00000000000006,919.9999999999999,2066.3496,37.181496,0.020527057,False,False,-398.4575043941773
490.0,919.9999999999999,490.0,919.9999999999999,1827.5139,31.003887,0.014746202,False,False,-383.796419234783
510.00000000000006,919.9999999999999,510.00000000000006,919.9999999999999,1640.5095,25.722452,0.010324597,False,False,-369.27048758732246
530.0,919.9999999999999,530.0,919.9999999999999,1494.9008,21.433498,0.006979552,False,False,-354.8840564669141
550.0,919.9999999999999,550.0,919.9999999999999,1385.1052,18.349285,0.004560025,False,False,-340.64161682339886
570.0,919.9999999999999,570.0,919.9999999999999,1311.5753,16.578655,0.0030744122,False,False,-326.54780654504617
590.0,919.9999999999999,590.0,919.9999999999999,1273.2351,16.060383,0.0024924523,False,False,-312.6074132580883
610.0,919.9999999999999,610.0,919.9999999999999,1259.8673,16.50891,0.0025429474,False,False,-298.82537688124444
630.0,919.9999999999999,630.0,919.9999999999999,1267.1895,17.63041,0.0031112866,False,False,-285.2067918904423
650.0,919.9999999999999,650.0,919.9999999999999,1286.0565,19.285648,0.003957406,False,False,-271.7569092448208
670.0,919.9999999999999,670.0,919.9999999999999,1311.0383,21.410385,0.004938544,False,False,-258.48113792084945
690.0,919.9999999999999,690.0,919.9999999999999,1345.188,23.90413,0.006132772,False,False,-245.38504599708932
710.0,919.9999999999999,710.0,919.9999999999999,1387.0166,26.805914,0.0075020003,False,False,-232.47436122776577
730.0,919.9999999999999,730.0,919.9999999999999,1435.963,30.099495,0.00903197,False,False,-219.75497103902202
750.0,919.9999999999999,750.0,919.9999999999999,1492.5747,33.744873,0.010736957,False,False,-207.23292187755627
770.0,919.9999999999999,770.0,919.9999999999999,1558.1188,37.704575,0.012649842,False,False,-199.70829787911364
789.9999999999999,919.9999999999999,789.9999999999999,919.9999999999999,1633.6003,41.959526,0.014796782,False,False,-212.64174429218784
810.0,919.9999999999999,810.0,919.9999999999999,1716.4047,46.528233,0.017110545,False,False,-225.7650672131263
830.0,919.9999999999999,830.0,919.9999999999999,1808.5122,51.368023,0.019642498,False,False,-239.0722335683259
850.0,919.9999999999999,850.0,919.9999999999999,1910.126,56.466743,0.022398157,False,False,-252.55738391500444
869.9999999999999,919.9999999999999,869.9999999999999,919.9999999999999,2021.3556,61.817493,0.025380675,False,False,-266.21483169326353
890.0000000000001,919.9999999999999,890.0000000000001,919.9999999999999,2142.9707,67.40357,0.028610302,False,False,-280.03906190397186
910.0,919.9999999999999,910.0,919.9999999999999,2277.7385,73.1985,0.03215907,False,False,-294.0247292845682
930.0,919.9999999999999,930.0,919.9999999999999,2423.947,79.219666,0.035983052,False,False,-308.1666560496029
950.0,919.9999999999999,950.0,919.9999999999999,2583.1895,85.450676,0.040123966,False,False,-322.45982925758466
969.9999999999999,919.9999999999999,969.9999999999999,919.9999999999999,2754.336,91.89945,0.044552937,False,False,-336.8993978605869
990.0,919.9999999999999,990.0,919.9999999999999,2939.3208,98.54325,0.049320683,False,False,-351.4806694880989
1010.0,919.9999999999999,1010.0,919.9999999999999,3139.3105,105.36943,0.054458022,False,False,-366.1991070118587
1030.0,919.9999999999999,1030.0,919.9999999999999,3356.3547,112.358406,0.06001887,False,False,-381.0503249338888
1050.0,919.9999999999999,1050.0,919.9999999999999,3589.5994,119.52068,0.06598167,False,False,-396.0300856356929
1070.0,919.9999999999999,1070.0,919.9999999999999,3839.2603,126.85164,0.0723528,False,False,-411.1342955225772
1090.0,919.9999999999999,1090.0,919.9999999999999,4105.462,134.34724,0.07913625,False,False,-426.35900109334335
1110.0,919.9999999999999,1110.0,919.9999999999999,4388.4844,141.99919,0.08634014,False,False,-441.70038496214596
1130.0,919.9999999999999,1130.0,919.9999999999999,4688.4375,149.80193,0.09396818,False,False,-457.1547618561317
1150.0,919.9999999999999,1150.0,919.9999999999999,5007.1035,157.72841,0.10206785,False,False,-472.71857460955516
1170.0,919.9999999999999,1170.0,919.9999999999999,5345.233,165.76552,0.11065973,False,False,-488.3883901724039
1190.0,919.9999999999999,1190.0,919.9999999999999,5705.414,173.87491,0.11981253,False,False,-504.1608956491325
1210.0,919.9999999999999,1210.0,919.9999999999999,6088.722,181.95917,0.12955612,False,False,-520.0328943809077
1230.0,919.9999999999999,1230.0,919.9999999999999,6491.409,190.04224,0.13979386,False,False,-536.0013020827813
1250.0,919.9999999999999,1250.0,919.9999999999999,6915.8984,198.13379,0.15059014,False,False,-552.063143045411
1270.0,919.9999999999999,1270.0,919.9999999999999,7359.7695,205.90686,0.16188529,False,False,-568.2155464093578
1290.0,919.9999999999999,1290.0,919.9999999999999,7825.523,213.43468,0.17374578,False,False,-584.4557425185471
1310.0,919.9999999999999,1310.0,919.9999999999999,8311.674,220.79459,0.18613377,False,False,-600.7810593582122
1330.0,919.9999999999999,1330.0,919.9999999999999,8818.482,227.99332,0.19905761,False,False,-617.1889190815031
1350.0,919.9999999999999,1350.0,919.9999999999999,9344.9795,234.937,0.21249416,False,False,-633.6768346279507
1370.0,919.9999999999999,1370.0,919.9999999999999,9889.1875,241.43492,0.22639467,False,False,-650.2424064360969
1390.0,919.9999999999999,1390.0,919.9999999999999,10451.696,247.56232,0.24077573,False,False,-666.8833192518306
1410.0,919.9999999999999,1410.0,919.9999999999999,11025.055,253.22191,0.25544402,False,False,-683.5973390332975
1430.0,919.9999999999999,1430.0,919.9999999999999,11607.42,258.5698,0.27035153,False,False,-700.3823099526767
1450.0,919.9999999999999,1450.0,919.9999999999999,12199.68,263.7224,0.28552222,False,False,-717.2361514946043
1470.0,919.9999999999999,1470.0,919.9999999999999,12799.904,268.6854,0.30090684,False,False,-734.1568556506068
1490.0,919.9999999999999,1490.0,919.9999999999999,13399.111,273.138,0.31627202,False,False,-751.1424842085239
1510.0,919.9999999999999,1510.0,919.9999999999999,14002.822,277.41177,0.33176234,False,False,-768.1911661356075
1530.0,919.9999999999999,1530.0,919.9999999999999,14611.072,281.57104,0.34737962,False,False,-785.3010950537166
1550.0000000000002,919.9999999999999,1550.0000000000002,919.9999999999999,15222.333,285.45547,0.36308554,False,False,-802.4705268048076
1570.0,919.9999999999999,1570.0,919.9999999999999,15837.6455,288.95926,0.3789093,False,False,-819.6977771047586
1590.0,919.9999999999999,1590.0,919.9999999999999,16455.652,292.26678,0.39481544,False,False,-836.98121928342
1609.9999999999998,919.9999999999999,1609.9999999999998,919.9999999999999,17076.695,295.48373,0.41081375,False,False,-854.3192821086665
1630.0,919.9999999999999,1630.0,919.9999999999999,17699.295,298.5268,0.42686647,False,False,-871.7104476921638
1650.0000000000002,919.9999999999999,1650.0000000000002,919.9999999999999,18325.363,301.26276,0.44302624,False,False,-889.1532494744837
1670.0,919.9999999999999,1670.0,919.9999999999999,18955.154,303.81647,0.4593004,False,False,-906.6462702871763
1690.0,919.9999999999999,1690.0,919.9999999999999,19582.38,306.0841,0.4755236,False,False,-924.1881404893858
1709.9999999999998,919.9999999999999,1709.9999999999998,919.9999999999999,20209.992,308.06177,0.49177527,False,False,-941.7775361765827
1730.0,919.9999999999999,1730.0,919.9999999999999,20836.844,309.76404,0.50802594,False,False,-959.4131774590064
1750.0,919.9999999999999,1750.0,919.9999999999999,21464.18,311.05835,0.52430993,False,False,-977.093826807418
-250.0,940.0000000000001,-250.0,940.0000000000001,30164.576,255.17194,0.76230645,False,False,-998.8000293977467
-229.99999999999997,940.0000000000001,-229.99999999999997,940.0000000000001,29601.707,260.8347,0.74750245,False,False,-981.3153953399366
-210.00000000000003,940.0000000000001,-210.00000000000003,940.0000000000001,29023.656,266.1896,0.7322955,False,False,-963.8787727611057
-190.00000000000003,940.0000000000001,-190.00000000000003,940.0000000000001,28424.96,271.13474,0.7165356,False,False,-946.4914519186265
-170.0,940.0000000000001,-170.0,940.0000000000001,27798.992,275.46606,0.70004004,False,False,-929.1547658710276
-150.0,940.0000000000001,-150.0,940.0000000000001,27154.066,279.21347,0.6830344,False,False,-911.8700920756922
-130.0,940.0000000000001,-130.0,940.0000000000001,26495.621,282.53204,0.6656705,False,False,-894.6388540468954
-110.0,940.0000000000001,-110.0,940.0000000000001,25828.86,285.41678,0.64808816,False,False,-877.4625230759597
-90.0,940.0000000000001,-90.0,940.0000000000001,25144.375,287.71875,0.6300291,False,False,-860.3426200152929
-70.0,940.0000000000001,-70.0,940.0000000000001,24448.47,289.62283,0.61166906,False,False,-843.2807171280184
-50.0,940.0000000000001,-50.0,940.0000000000001,23733.727,290.7296,0.5927954,False,False,-826.2784400048636
-30.0,940.0000000000001,-30.0,940.0000000000001,23008.111,291.20847,0.5736296,False,False,-809.3374695498941
-10.0,940.0000000000001,-10.0,940.0000000000001,22263.29,290.9361,0.5539433,False,False,-792.4595440365819
10.0,940.0000000000001,10.0,940.0000000000001,21500.64,289.93777,0.5337758,False,False,-775.6464612355825
30.0,940.0000000000001,30.0,940.0000000000001,20719.074,287.9949,0.5130913,False,False,-758.9000806154578
50.0,940.0000000000001,50.0,940.0000000000001,19920.133,285.18927,0.4919353,False,False,-742.2223256173942
70.0,940.0000000000001,70.0,940.0000000000001,19098.969,281.31424,0.47017208,False,False,-725.6151860047759
90.0,940.0000000000001,90.0,940.0000000000001,18259.951,276.49097,0.44792366,False,False,-709.0807202882239
110.0,940.0000000000001,110.0,940.0000000000001,17398.762,270.4593,0.42506903,False,False,-692.6210582264215
130.0,940.0000000000001,130.0,940.0000000000001,16521.805,263.36362,0.40178555,False,False,-676.2384034027342
150.0,940.0000000000001,150.0,940.0000000000001,15629.827,255.08592,0.37809104,False,False,-659.9350358772368
170.0,940.0000000000001,170.0,940.0000000000001,14720.948,245.55002,0.35393512,False,False,-643.7133149133338
190.00000000000003,940.0000000000001,190.00000000000003,940.0000000000001,13793.774,234.42796,0.3292746,False,False,-627.5756817776545
210.00000000000003,940.0000000000001,210.00000000000003,940.0000000000001,12856.357,222.16562,0.30434245,False,False,-611.5246626113462
229.99999999999997,940.0000000000001,229.99999999999997,940.0000000000001,11906.816,208.35744,0.279078,False,False,-595.5628713702351
250.0,940.0000000000001,250.0,940.0000000000001,10950.115,193.18971,0.25362077,False,False,-579.6930128306088
270.0,940.0000000000001,270.0,940.0000000000001,9977.85,175.98651,0.2277456,False,False,-563.9178856565528
290.0,940.0000000000001,290.0,940.0000000000001,8985.227,156.42717,0.2013208,False,False,-548.2403855238629
310.0,940.0000000000001,310.0,940.0000000000001,7995.343,136.82108,0.17499192,False,False,-532.6635082945297
330.0,940.0000000000001,330.0,940.0000000000001,7006.777,118.8465,0.14871338,False,False,-517.1903532346599
350.0,940.0000000000001,350.0,940.0000000000001,6089.747,104.11184,0.124436006,False,False,-501.82412626742973
370.0,940.0000000000001,370.0,940.0000000000001,5270.3867,92.3311,0.10289274,False,False,-486.56814325127556
390.0,940.0000000000001,390.0,940.0000000000001,4552.9497,82.13496,0.08418384,False,False,-471.42583327198713
410.0,940.0000000000001,410.0,940.0000000000001,3938.397,72.81458,0.06830446,False,False,-456.40074193567295
430.0,940.0000000000001,430.0,940.0000000000001,3419.7507,64.05072,0.05502925,False,False,-441.4965346477232
450.0,940.0000000000001,450.0,940.0000000000001,2974.099,55.908188,0.04371743,False,False,-426.71699986087344
470.00000000000006,940.0000000000001,470.00000000000006,940.0000000000001,2598.4487,48.400307,0.034274034,False,False,-412.06605227327367
490.0,940.0000000000001,490.0,940.0000000000001,2291.5571,41.548058,0.026658036,False,False,-397.54773595510665
510.00000000000006,940.0000000000001,510.00000000000006,940.0000000000001,2038.2559,35.41174,0.020453397,False,False,-383.16622737972506
530.0,940.0000000000001,530.0,940.0000000000001,1836.0923,30.094421,0.015589206,False,False,-368.9258383325509
550.0,940.0000000000001,550.0,940.0000000000001,1678.4697,25.730074,0.011884916,False,False,-354.83101866804566
570.0,940.0000000000001,570.0,940.0000000000001,1559.2288,22.495304,0.009172197,False,False,-340.8863588819563
590.0,940.0000000000001,590.0,940.0000000000001,1474.1926,20.692541,0.007339785,False,False,-327.09659246278187
610.0,940.0000000000001,610.0,940.0000000000001,1420.6427,20.41336,0.006314351,False,False,-313.466597982965
630.0,940.0000000000001,630.0,940.0000000000001,1398.8766,21.421982,0.0061018607,False,False,-300.00140088676835
650.0,940.0000000000001,650.0,940.0000000000001,1404.2546,23.340015,0.0065777823,False,False,-286.70617492812886
670.0,940.0000000000001,670.0,940.0000000000001,1429.8767,25.906141,0.0075607686,False,False,-273.5862432080496
690.0,940.0000000000001,690.0,940.0000000000001,1471.2406,28.92684,0.00893217,False,False,-260.64707875733785
710.0,940.0000000000001,710.0,940.0000000000001,1523.37,32.296917,0.010560686,False,False,-247.89430460677497
730.0,940.0000000000001,730.0,940.0000000000001,1585.0873,35.971436,0.01241466,False,False,-235.3336932831722
750.0,940.0000000000001,750.0,940.0000000000001,1654.7268,39.959362,0.014451068,False,False,-222.97116566632886
770.0,940.0000000000001,770.0,940.0000000000001,1732.2959,44.23961,0.016670335,False,False,-215.1131634543345
789.9999999999999,940.0000000000001,789.9999999999999,940.0000000000001,1818.3065,48.792427,0.019085865,False,False,-227.8843593759145
810.0,940.0000000000001,810.0,940.0000000000001,1913.824,53.59619,0.021725435,False,False,-240.8464852672148
830.0,940.0000000000001,830.0,940.0000000000001,2018.3198,58.649925,0.024575647,False,False,-253.9936203984453
850.0,940.0000000000001,850.0,940.0000000000001,2134.311,63.92132,0.027701959,False,False,-267.3200069437869
869.9999999999999,940.0000000000001,869.9999999999999,940.0000000000001,2261.4297,69.4171,0.031095173,False,False,-280.8200498118383
890.0000000000001,940.0000000000001,890.0000000000001,940.0000000000001,2400.7998,75.1237,0.034784816,False,False,-294.4883158993752
910.0,940.0000000000001,910.0,940.0000000000001,2551.0493,81.05473,0.038735703,False,False,-308.3195328359201
930.0,940.0000000000001,930.0,940.0000000000001,2713.5935,87.19058,0.04298494,False,False,-322.30858728210654
950.0,940.0000000000001,950.0,940.0000000000001,2889.504,93.51925,0.047560766,False,False,-336.4505228402585
969.9999999999999,940.0000000000001,969.9999999999999,940.0000000000001,3080.755,100.020065,0.052514978,False,False,-350.7405376311174
990.0,940.0000000000001,990.0,940.0000000000001,3287.4678,106.694275,0.0578513,False,False,-365.1739815862301
1010.0,940.0000000000001,1010.0,940.0000000000001,3509.4395,113.54345,0.06356502,False,False,-379.74635350125135
1030.0,940.0000000000001,1030.0,940.0000000000001,3747.5044,120.5565,0.069678485,False,False,-394.4532978913279
1050.0,940.0000000000001,1050.0,940.0000000000001,4000.7317,127.741325,0.07616809,False,False,-409.29060168582697
1070.0,940.0000000000001,1070.0,940.0000000000001,4270.49,135.07887,0.08307028,False,False,-424.25419079601113
1090.0,940.0000000000001,1090.0,940.0000000000001,4556.881,142.56346,0.09038839,False,False,-439.34012658579087
1110.0,940.0000000000001,1110.0,940.0000000000001,4861.7744,150.16808,0.09817213,False,False,-454.5446022724776
1130.0,940.0000000000001,1130.0,940.0000000000001,5185.4863,157.88493,0.10643063,False,False,-469.86393928145617
1150.0,940.0000000000001,1150.0,940.0000000000001,5531.8506,165.66156,0.115265146,False,False,-485.29458357593177
1170.0,940.0000000000001,1170.0,940.0000000000001,5898.771,173.52092,0.12462196,False,False,-500.8331019803634
1190.0,940.0000000000001,1190.0,940.0000000000001,6284.885,181.42438,0.13446677,False,False,-516.47617851386
1210.0,940.0000000000001,1210.0,940.0000000000001,6691.8467,189.27402,0.14484453,False,False,-532.220610747682
1230.0,940.0000000000001,1230.0,940.0000000000001,7122.983,197.12192,0.15584302,False,False,-548.0633061990713
1250.0,940.0000000000001,1250.0,940.0000000000001,7573.486,204.69604,0.16733989,False,False,-564.0012787718557
1270.0,940.0000000000001,1270.0,940.0000000000001,8042.4263,211.99529,0.17931226,False,False,-580.0316452527145
1290.0,940.0000000000001,1290.0,940.0000000000001,8531.835,219.138,0.19181381,False,False,-596.151621870554
1310.0,940.0000000000001,1310.0,940.0000000000001,9041.693,226.11378,0.20484565,False,False,-612.3585209251695
1330.0,940.0000000000001,1330.0,940.0000000000001,9571.057,232.8479,0.21838507,False,False,-628.6497474902332
1350.0,940.0000000000001,1350.0,940.0000000000001,10115.393,239.20143,0.23231584,False,False,-645.0227961946304
1370.0,940.0000000000001,1370.0,940.0000000000001,10671.909,245.25589,0.24656574,False,False,-661.4752480852671
1390.0,940.0000000000001,1390.0,940.0000000000001,11236.332,250.9778,0.26102418,False,False,-678.0047675736799
1410.0,940.0000000000001,1410.0,940.0000000000001,11808.486,256.33472,0.27568787,False,False,-694.609099468075
1430.0,940.0000000000001,1430.0,940.0000000000001,12388.511,261.5094,0.29056066,False,False,-711.2860660918152
1450.0,940.0000000000001,1450.0,940.0000000000001,12976.494,266.58557,0.30564564,False,False,-728.0335644888382
1470.0,940.0000000000001,1470.0,940.0000000000001,13563.176,271.13904,0.3207029,False,False,-744.8495637160241
1490.0,940.0000000000001,1490.0,940.0000000000001,14153.576,275.49872,0.3358637,False,False,-761.7321022221284
1510.0,940.0000000000001,1510.0,940.0000000000001,14750.0,279.68152,0.3511898,False,False,-778.6792853125603
1530.0,940.0000000000001,1530.0,940.0000000000001,15353.152,283.57547,0.36670148,False,False,-795.6892826989865
1550.0000000000002,940.0000000000001,1550.0000000000002,940.0000000000001,15957.525,287.16418,0.38225496,False,False,-812.760326132498
1570.0,940.0000000000001,1570.0,940.0000000000001,16562.9,290.5268,0.3978451,False,False,-829.8907071188704
1590.0,940.0000000000001,1590.0,940.0000000000001,17171.832,293.8027,0.4135397,False,False,-847.0787747142784
1609.9999999999998,940.0000000000001,1609.9999999999998,940.0000000000001,17785.63,296.84772,0.42937547,False,False,-864.3229333996832
1630.0,940.0000000000001,1630.0,940.0000000000001,18403.25,299.60773,0.4453262,False,False,-881.6216410320118
1650.0000000000002,940.0000000000001,1650.0000000000002,940.0000000000001,19021.934,302.2083,0.46131945,False,False,-898.9734068701439
1670.0,940.0000000000001,1670.0,940.0000000000001,19641.49,304.54263,0.4773516,False,False,-916.3767896736799
1690.0,940.0000000000001,1690.0,940.0000000000001,20259.516,306.51044,0.49336022,False,False,-933.8303958723993
1709.9999999999998,940.0000000000001,1709.9999999999998,940.0000000000001,20879.594,308.25732,0.50944126,False,False,-951.332877804297
1730.0,940.0000000000001,1730.0,940.0000000000001,21500.33,309.57385,0.525559,False,False,-968.8829320200833
1750.0,940.0000000000001,1750.0,940.0000000000001,22118.896,310.59647,0.54163885,False,False,-986.4792976520046
-250.0,960.0,-250.0,960.0,30779.812,244.96916,0.7785163,False,False,-1008.5439258096073
-229.99999999999997,960.0,-229.99999999999997,960.0,30239.783,250.81065,0.7643221,False,False,-991.1448566584216
-210.00000000000003,960.0,-210.00000000000003,960.0,29683.39,256.39572,0.7496941,False,False,-973.7950700333363
-190.00000000000003,960.0,-190.00000000000003,960.0,29112.883,261.6478,0.73469096,False,False,-956.4958770154662
-170.0,960.0,-170.0,960.0,28519.682,266.43774,0.71907866,False,False,-939.248631575935
-150.0,960.0,-150.0,960.0,27900.02,270.64044,0.7027536,False,False,-922.0547321446786
-130.0,960.0,-130.0,960.0,27260.795,274.38184,0.6859058,False,False,-904.915623236465
-110.0,960.0,-110.0,960.0,26609.54,277.7503,0.6687412,False,False,-887.832797135643
-90.0,960.0,-90.0,960.0,25948.012,280.6656,0.65130436,False,False,-870.8077956411241
-70.0,960.0,-70.0,960.0,25270.389,283.02444,0.6334355,False,False,-853.8422118730114
-50.0,960.0,-50.0,960.0,24581.377,284.84348,0.61526173,False,False,-836.9376921422336
-30.0,960.0,-30.0,960.0,23873.137,285.9614,0.5965671,False,False,-820.0959378844432
-10.0,960.0,-10.0,960.0,23151.531,286.55923,0.57751644,False,False,-803.3187076593166
10.0,960.0,10.0,960.0,22411.627,286.3186,0.55796695,False,False,-786.6078192162613
30.0,960.0,30.0,960.0,21656.863,285.28574,0.53801423,False,False,-769.9651516273707
50.0,960.0,50.0,960.0,20880.797,283.3366,0.51748115,False,False,-753.392647488268
70.0,960.0,70.0,960.0,20088.547,280.6106,0.49651137,False,False,-736.8923151872525
90.0,960.0,90.0,960.0,19273.531,276.72644,0.47491682,False,False,-720.4662312429008
110.0,960.0,110.0,960.0,18442.338,271.89355,0.45288226,False,False,-704.1165427099661
130.0,960.0,130.0,960.0,17589.906,265.87326,0.43026754,False,False,-687.8454696530674
150.0,960.0,150.0,960.0,16721.035,258.78607,0.4072049,False,False,-671.6553076872639
170.0,960.0,170.0,960.0,15837.161,250.6254,0.38373518,False,False,-655.5484305841424
190.00000000000003,960.0,190.00000000000003,960.0,14936.0,241.1428,0.3597911,False,False,-639.5272929415459
210.00000000000003,960.0,210.00000000000003,960.0,14016.578,230.14375,0.3353458,False,False,-623.5944329144672
229.99999999999997,960.0,229.99999999999997,960.0,13086.945,217.98784,0.31062812,False,False,-607.7524750039936
250.0,960.0,250.0,960.0,12145.837,204.4172,0.2855978,False,False,-592.0041329004405
270.0,960.0,270.0,960.0,11196.341,189.62735,0.26034397,False,False,-576.3522123759967
290.0,960.0,290.0,960.0,10227.012,172.5819,0.23455368,False,False,-560.7996142212863
310.0,960.0,310.0,960.0,9241.804,153.64085,0.20833759,False,False,-545.3493372192361
330.0,960.0,330.0,960.0,8257.159,134.90857,0.18215463,False,False,-530.004481148519
350.0,960.0,350.0,960.0,7282.4,118.53851,0.15625799,False,False,-514.7682498075956
370.0,960.0,370.0,960.0,6390.462,105.09541,0.13266274,False,False,-499.6439540490209
390.0,960.0,390.0,960.0,5593.297,94.19684,0.11171037,False,False,-484.6350148121925
410.0,960.0,410.0,960.0,4892.204,84.66012,0.09342118,False,False,-469.74496614107005
430.0,960.0,430.0,960.0,4285.401,75.89707,0.07772033,False,False,-454.9774581716486
450.0,960.0,450.0,960.0,3765.831,67.673615,0.06438826,False,False,-440.33626007201826
470.00000000000006,960.0,470.00000000000006,960.0,3316.3396,59.993546,0.052938692,False,False,-425.82526291578404
490.0,960.0,490.0,960.0,2930.4302,52.91553,0.04318396,False,False,-411.44848246738405
510.00000000000006,960.0,510.00000000000006,960.0,2611.3428,46.428265,0.035201237,False,False,-397.21006185544553
530.0,960.0,530.0,960.0,2351.33,40.589245,0.02877498,False,False,-383.1142741077884
550.0,960.0,550.0,960.0,2139.0679,35.627594,0.023599055,False,False,-369.16552451897917
570.0,960.0,570.0,960.0,1972.6775,31.68048,0.019618966,False,False,-355.36835281850495
590.0,960.0,590.0,960.0,1845.5989,28.956842,0.016656775,False,False,-341.7274351046729
610.0,960.0,610.0,960.0,1751.4423,27.66423,0.014541056,False,False,-328.2475855062492
630.0,960.0,630.0,960.0,1689.8135,27.847263,0.013260417,False,False,-314.93375753069677
650.0,960.0,650.0,960.0,1656.8641,29.33201,0.012711735,False,False,-301.79104505462533
670.0,960.0,670.0,960.0,1653.2142,31.802547,0.012909926,False,False,-288.82468290882383
690.0,960.0,690.0,960.0,1674.8344,34.98246,0.013748492,False,False,-276.0400470070078
710.0,960.0,710.0,960.0,1718.2478,38.65308,0.015135628,False,False,-263.4426539642641
730.0,960.0,730.0,960.0,1779.7744,42.671772,0.016974203,False,False,-251.03816014815456
750.0,960.0,750.0,960.0,1855.6958,46.970417,0.019166023,False,False,-238.8323601026477
770.0,960.0,770.0,960.0,1945.1787,51.503605,0.021689234,False,False,-230.6502346320827
789.9999999999999,960.0,789.9999999999999,960.0,2045.7886,56.260258,0.02447948,False,False,-243.26183887385528
810.0,960.0,810.0,960.0,2157.6047,61.233498,0.027538734,False,False,-256.0652849274995
830.0,960.0,830.0,960.0,2279.9053,66.430176,0.03084854,False,False,-269.05476635171266
850.0,960.0,850.0,960.0,2412.4976,71.84946,0.034404226,False,False,-282.2246293064254
869.9999999999999,960.0,869.9999999999999,960.0,2556.3984,77.47653,0.038232513,False,False,-295.5693729013511
890.0000000000001,960.0,890.0000000000001,960.0,2712.6968,83.29853,0.042362027,False,False,-309.08364896976695
910.0,960.0,910.0,960.0,2883.1157,89.297005,0.04683794,False,False,-322.7622613304329
930.0,960.0,930.0,960.0,3067.457,95.47634,0.051655576,False,False,-336.600164596728
950.0,960.0,950.0,960.0,3265.7544,101.83586,0.05681626,False,False,-350.5924625881783
969.9999999999999,960.0,969.9999999999999,960.0,3479.1191,108.36221,0.062349435,False,False,-364.73440639561807
990.0,960.0,990.0,960.0,3707.2134,115.05788,0.068246886,False,False,-379.0213921473446
1010.0,960.0,1010.0,960.0,3950.5554,121.91443,0.074522674,False,False,-393.4489585198305
1030.0,960.0,1030.0,960.0,4209.462,128.92503,0.08118567,False,False,-408.01278403287233
1050.0,960.0,1050.0,960.0,4485.3867,136.06851,0.08827445,False,False,-422.7086841655251
1070.0,960.0,1070.0,960.0,4779.152,143.33217,0.09581124,False,False,-437.5326083258078
1090.0,960.0,1090.0,960.0,5093.406,150.67923,0.103866085,False,False,-452.48063670398034
1110.0,960.0,1110.0,960.0,5426.8623,158.12268,0.11240627,False,False,-467.5489770362011
1130.0,960.0,1130.0,960.0,5778.5684,165.67044,0.121407814,False,False,-482.7339613025663
1150.0,960.0,1150.0,960.0,6150.8906,173.28366,0.1309336,False,False,-498.0320423809367
1170.0,960.0,1170.0,960.0,6546.3945,180.8929,0.14105222,False,False,-513.4397906755328
1190.0,960.0,1190.0,960.0,6962.322,188.43011,0.1516932,False,False,-528.953890737062
1210.0,960.0,1210.0,960.0,7399.4614,195.99266,0.16287762,False,False,-544.5711378890906
1230.0,960.0,1230.0,960.0,7855.909,203.33505,0.17455867,False,False,-560.2884348735013
1250.0,960.0,1250.0,960.0,8329.561,210.38725,0.18668309,False,False,-576.10278852618
1270.0,960.0,1270.0,960.0,8821.752,217.29506,0.1992861,False,False,-592.0113064925138
1290.0,960.0,1290.0,960.0,9331.971,224.04721,0.21235569,False,False,-608.0111939908877
1310.0,960.0,1310.0,960.0,9856.88,230.6538,0.22580573,False,False,-624.0997506310995
1330.0,960.0,1330.0,960.0,10392.543,236.98398,0.23953536,False,False,-640.2743672934722
1350.0,960.0,1350.0,960.0,10938.053,243.02419,0.2535223,False,False,-656.5325230734229
1370.0,960.0,1370.0,960.0,11491.804,248.815,0.2677253,False,False,-672.8717822953438
1390.0,960.0,1390.0,960.0,12050.327,254.20738,0.28205538,False,False,-689.2897915988244
1410.0,960.0,1410.0,960.0,12615.684,259.43875,0.2965663,False,False,-705.7842770995397
1430.0,960.0,1430.0,960.0,13189.904,264.57504,0.31131217,False,False,-722.3530416264839
1450.0,960.0,1450.0,960.0,13763.365,269.24774,0.32604343,False,False,-738.9939620366714
1470.0,960.0,1470.0,960.0,14342.025,273.63113,0.3409168,False,False,-755.7049866079437
1490.0,960.0,1490.0,960.0,14928.554,277.78403,0.3560033,False,False,-772.4841325100771
1510.0,960.0,1510.0,960.0,15519.645,281.73737,0.37121695,False,False,-789.32948335403
1530.0,960.0,1530.0,960.0,16111.729,285.4195,0.3864651,False,False,-806.2391868188445
1550.0000000000002,960.0,1550.0000000000002,960.0,16703.707,288.84344,0.40171966,False,False,-823.2114523554311
1570.0,960.0,1570.0,960.0,17302.68,292.11133,0.41716883,False,False,-840.2445489662508
1590.0,960.0,1590.0,960.0,17907.336,295.13367,0.4327795,False,False,-857.3368030596928
1609.9999999999998,960.0,1609.9999999999998,960.0,18513.578,297.95862,0.44844437,False,False,-874.4865963777924
1630.0,960.0,1630.0,960.0,19121.768,300.56366,0.46417424,False,False,-891.6923639957953
1650.0000000000002,960.0,1650.0000000000002,960.0,19733.453,302.92813,0.48001128,False,False,-908.9525923919641
1670.0,960.0,1670.0,960.0,20340.914,304.92673,0.49575213,False,False,-926.2658175859322
1690.0,960.0,1690.0,960.0,20955.27,306.63852,0.51169276,False,False,-943.6306233438493
1709.9999999999998,960.0,1709.9999999999998,960.0,21566.709,308.00146,0.5275738,False,False,-961.045639448506
1730.0,960.0,1730.0,960.0,22177.834,309.04846,0.54346514,False,False,-978.5095400325976
1750.0,960.0,1750.0,960.0,22788.262,309.7735,0.5593575,False,False,-996.0210419732555
-250.0,980.0,-250.0,980.0,31385.268,234.27942,0.7944445,False,False,-1018.4389627365267
-229.99999999999997,980.0,-229.99999999999997,980.0,30875.955,240.20694,0.78106916,False,False,-1001.1259292167306
-210.00000000000003,980.0,-210.00000000000003,980.0,30344.775,245.82478,0.7671101,False,False,-983.8634335241275
-190.00000000000003,980.0,-190.00000000000003,980.0,29798.113,251.21349,0.7527412,False,False,-966.6528064619735
-170.0,980.0,-170.0,980.0,29236.47,256.332,0.7379752,False,False,-949.4954217579926
-150.0,980.0,-150.0,980.0,28650.455,260.9769,0.7225548,False,False,-932.3926976021177
-130.0,980.0,-130.0,980.0,28038.637,265.0823,0.706441,False,False,-915.3460982382809
-110.0,980.0,-110.0,980.0,27409.691,268.72208,0.68986964,False,False,-898.3571356115325
-90.0,980.0,-90.0,980.0,26769.49,272.02762,0.67300284,False,False,-881.4273710717188
-70.0,980.0,-70.0,980.0,26115.934,274.90186,0.65578103,False,False,-864.5584171348603
-50.0,980.0,-50.0,980.0,25447.957,277.3046,0.6381747,False,False,-847.7519393032907
-30.0,980.0,-30.0,980.0,24764.84,279.16016,0.62016195,False,False,-831.0096579454976
-10.0,980.0,-10.0,980.0,24064.887,280.33914,0.60169363,False,False,-814.3333502364732
10.0,980.0,10.0,980.0,23352.41,280.9385,0.5828897,False,False,-797.7248521592288
30.0,980.0,30.0,980.0,22620.715,280.72522,0.5635632,False,False,-781.1860605679401
50.0,980.0,50.0,980.0,21872.674,279.76773,0.54379493,False,False,-764.7189353129735
70.0,980.0,70.0,980.0,21103.182,277.91116,0.523443,False,False,-748.3255014278008
90.0,980.0,90.0,980.0,20319.273,275.22736,0.50269985,False,False,-732.0078513775243
110.0,980.0,110.0,980.0,19513.424,271.4171,0.4813553,False,False,-715.7681473684036
130.0,980.0,130.0,980.0,18690.828,266.64996,0.4595551,False,False,-699.6086237174195
150.0,980.0,150.0,980.0,17847.59,260.72836,0.43719158,False,False,-683.5315892804736
170.0,980.0,170.0,980.0,16988.844,253.73521,0.41440457,False,False,-667.5394299373714
190.00000000000003,980.0,190.00000000000003,980.0,16115.771,245.6669,0.39122796,False,False,-651.6346111311877
210.00000000000003,980.0,210.00000000000003,980.0,15224.677,236.25201,0.3675562,False,False,-635.8196804590312
229.99999999999997,980.0,229.99999999999997,980.0,14316.582,225.42761,0.3434199,False,False,-620.0972703105526
250.0,980.0,250.0,980.0,13398.061,213.44359,0.3190038,False,False,-604.4701005498108
270.0,980.0,270.0,980.0,12468.948,200.13889,0.29429966,False,False,-588.9409812352806
290.0,980.0,290.0,980.0,11532.441,185.57478,0.26939663,False,False,-573.512815371884
310.0,980.0,310.0,980.0,10574.203,168.70345,0.24390197,False,False,-558.1886016879245
330.0,980.0,330.0,980.0,9603.789,150.46523,0.21808666,False,False,-542.9714374286992
350.0,980.0,350.0,980.0,8631.904,132.57327,0.19224304,False,False,-527.8645211573579
370.0,980.0,370.0,980.0,7680.676,117.57057,0.1669805,False,False,-512.8711555522564
390.0,980.0,390.0,980.0,6810.6807,105.35524,0.14397445,False,False,-497.9947501886098
410.0,980.0,410.0,980.0,6032.06,95.40017,0.123508625,False,False,-483.23882429069806
430.0,980.0,430.0,980.0,5346.6904,86.59257,0.10561474,False,False,-468.6070094391721
450.0,980.0,450.0,980.0,4752.927,78.408676,0.09022552,False,False,-454.10305221620575
470.00000000000006,980.0,470.00000000000006,980.0,4243.202,70.69753,0.077113494,False,False,-439.7308167692673
490.0,980.0,490.0,980.0,3800.2896,63.535774,0.06579613,False,False,-425.49428727221425
510.00000000000006,980.0,510.00000000000006,980.0,3415.5664,57.021732,0.056028664,False,False,-411.3975702601783
530.0,980.0,530.0,980.0,3088.4146,51.228443,0.047787413,False,False,-397.4448968123757
550.0,980.0,550.0,980.0,2821.0327,46.161892,0.041124016,False,False,-383.64062455450045
570.0,980.0,570.0,980.0,2599.0876,42.039223,0.035648864,False,False,-369.9892394497792
590.0,980.0,590.0,980.0,2423.463,38.996468,0.031381894,False,False,-356.4953573450965
610.0,980.0,610.0,980.0,2289.5005,37.164658,0.028195966,False,False,-343.16372523583937
630.0,980.0,630.0,980.0,2190.489,36.666718,0.025911923,False,False,-329.99922221031164
650.0,980.0,650.0,980.0,2121.691,37.4711,0.024402475,False,False,-317.00686003173524
670.0,980.0,670.0,980.0,2081.0679,39.43096,0.023612566,False,False,-304.1917833130475
690.0,980.0,690.0,980.0,2067.2578,42.318142,0.023505447,False,False,-291.5592692369497
710.0,980.0,710.0,980.0,2081.6553,45.878807,0.024116646,False,False,-279.1147267710197
730.0,980.0,730.0,980.0,2121.0906,49.943214,0.02536224,False,False,-266.86369532523764
750.0,980.0,750.0,980.0,2182.8992,54.39189,0.027172185,False,False,-254.81184279705192
770.0,980.0,770.0,980.0,2265.0103,59.133423,0.02949158,False,False,-246.31456703353993
789.9999999999999,980.0,789.9999999999999,980.0,2366.0479,64.109146,0.032284386,False,False,-258.7692401707313
810.0,980.0,810.0,980.0,2485.0151,69.27465,0.035523962,False,False,-271.4165328483031
830.0,980.0,830.0,980.0,2620.183,74.6181,0.039164767,False,False,-284.25075433110027
850.0,980.0,850.0,980.0,2770.0479,80.14104,0.043167695,False,False,-297.2663566130126
869.9999999999999,980.0,869.9999999999999,980.0,2934.5479,85.834114,0.047531277,False,False,-310.45793522722425
890.0000000000001,980.0,890.0000000000001,980.0,3114.005,91.68804,0.052264094,False,False,-323.8202294873727
910.0,980.0,910.0,980.0,3307.3704,97.71212,0.057339095,False,False,-337.3481222179961
930.0,980.0,930.0,980.0,3514.2256,103.908775,0.062745735,False,False,-351.0366390294529
950.0,980.0,950.0,980.0,3735.5225,110.26499,0.0685093,False,False,-364.8809471891679
969.9999999999999,980.0,969.9999999999999,980.0,3971.7896,116.77241,0.07464409,False,False,-378.8763541376724
990.0,980.0,990.0,980.0,4224.3384,123.41309,0.081184864,False,False,-393.0183056945089
1010.0,980.0,1010.0,980.0,4495.0693,130.16092,0.0881819,False,False,-407.302383995707
1030.0,980.0,1030.0,980.0,4782.087,137.03798,0.09558628,False,False,-421.7243052012581
1050.0,980.0,1050.0,980.0,5086.8394,144.02205,0.10343659,False,False,-436.2799170078233
1070.0,980.0,1070.0,980.0,5409.9404,151.10074,0.111749694,False,False,-450.96519599885653
1090.0,980.0,1090.0,980.0,5753.449,158.24129,0.12058026,False,False,-465.7762448614046
1110.0,980.0,1110.0,980.0,6117.382,165.43816,0.12992969,False,False,-480.7092894960847
1130.0,980.0,1130.0,980.0,6501.0537,172.69595,0.13978097,False,False,-495.7606760441324
1150.0,980.0,1150.0,980.0,6904.753,179.9918,0.1501428,False,False,-510.9268678529746
1170.0,980.0,1170.0,980.0,7326.5625,187.22911,0.1609668,False,False,-526.2044423995104
1190.0,980.0,1190.0,980.0,7766.9346,194.50197,0.17226507,False,False,-541.5900881881669
1210.0,980.0,1210.0,980.0,8224.624,201.63835,0.18400729,False,False,-557.0806016388491
1230.0,980.0,1230.0,980.0,8696.066,208.51724,0.19610228,False,False,-572.6728839781018
1250.0,980.0,1250.0,980.0,9182.177,215.29462,0.20857397,False,False,-588.3639381451596
1270.0,980.0,1270.0,980.0,9681.932,221.96323,0.22139671,False,False,-604.1508657230469
1290.0,980.0,1290.0,980.0,10195.4375,228.52959,0.23457465,False,False,-620.0308639035244
1310.0,980.0,1310.0,980.0,10718.094,234.8663,0.2479892,False,False,-636.0012224934309
1330.0,980.0,1330.0,980.0,11249.266,240.93166,0.26162538,False,False,-652.0593209688327
1350.0,980.0,1350.0,980.0,11788.421,246.80156,0.27546978,False,False,-668.202625582396
1370.0,980.0,1370.0,980.0,12331.846,252.248,0.28942764,False,False,-684.4286865284621
1390.0,980.0,1390.0,980.0,12882.01,257.526,0.303563,False,False,-700.7351351694948
1410.0,980.0,1410.0,980.0,13441.369,262.69324,0.31794128,False,False,-717.1196813268434
1430.0,980.0,1430.0,980.0,14004.428,267.4009,0.3324214,False,False,-733.5801106380982
1450.0,980.0,1450.0,980.0,14571.9375,271.7667,0.34702337,False,False,-750.114281982751
1470.0,980.0,1470.0,980.0,15144.613,275.95963,0.36176622,False,False,-766.7201249773549
1490.0,980.0,1490.0,980.0,15721.903,279.98087,0.3766363,False,False,-783.3956375409242
1510.0,980.0,1510.0,980.0,16300.485,283.73965,0.3915478,False,False,-800.1388835309347
1530.0,980.0,1530.0,980.0,16882.027,287.14844,0.40654612,False,False,-816.9479904499194
1550.0000000000002,980.0,1550.0000000000002,980.0,17471.082,290.38574,0.4217515,False,False,-833.8211472223785
1570.0,980.0,1570.0,980.0,18063.453,293.44308,0.43705463,False,False,-850.7566020414463
1590.0,980.0,1590.0,980.0,18658.549,296.28717,0.45244095,False,False,-867.7526602845466
1609.9999999999998,980.0,1609.9999999999998,980.0,19256.691,298.87628,0.4679203,False,False,-884.8076824970765
1630.0,980.0,1630.0,980.0,19857.87,301.28345,0.4834932,False,False,-901.9200824430034
1650.0000000000002,980.0,1650.0000000000002,980.0,20458.012,303.2241,0.4990538,False,False,-919.0883252211192
1670.0,980.0,1670.0,980.0,21063.07,304.96515,0.5147602,False,False,-936.3109254456011
1690.0,980.0,1690.0,980.0,21665.912,306.32178,0.53042454,False,False,-953.5864454894235
1709.9999999999998,980.0,1709.9999999999998,980.0,22268.777,307.379,0.5461068,False,False,-970.9134937891109
1730.0,980.0,1730.0,980.0,22871.326,308.12552,0.56179905,False,False,-988.2907232092597
1750.0,980.0,1750.0,980.0,23468.598,308.55078,0.57737005,False,False,-1005.7168294652164
-250.0,1000.0,-250.0,1000.0,31980.348,223.48314,0.810086,False,False,-1028.4829283676863
-229.99999999999997,1000.0,-229.99999999999997,1000.0,31495.742,229.33405,0.797364,False,False,-1011.2563558556525
-210.00000000000003,1000.0,-210.00000000000003,1000.0,30996.684,235.01605,0.7842599,False,False,-994.0815598315874
-190.00000000000003,1000.0,-190.00000000000003,1000.0,30476.727,240.392,0.7705982,False,False,-976.9598897172882
-170.0,1000.0,-170.0,1000.0,29941.592,245.53008,0.75653434,False,False,-959.8927378409282
-150.0,1000.0,-150.0,1000.0,29391.867,250.40984,0.74208343,False,False,-942.8815409417597
-130.0,1000.0,-130.0,1000.0,28817.016,254.79716,0.72695774,False,False,-925.9277817256917
-110.0,1000.0,-110.0,1000.0,28217.924,258.67422,0.71118116,False,False,-909.0329904727836
-90.0,1000.0,-90.0,1000.0,27601.979,262.15176,0.694956,False,False,-892.1987466976283
-70.0,1000.0,-70.0,1000.0,26975.627,265.32886,0.67845833,False,False,-875.4266808635023
-50.0,1000.0,-50.0,1000.0,26334.25,268.06165,0.6615598,False,False,-858.7184761510573
-30.0,1000.0,-30.0,1000.0,25680.518,270.38,0.6443336,False,False,-842.0758702822002
-10.0,1000.0,-10.0,1000.0,25009.518,272.12027,0.6266422,False,False,-825.5006573996466
10.0,1000.0,10.0,1000.0,24322.426,273.27603,0.6085181,False,False,-808.994690002477
30.0,1000.0,30.0,1000.0,23621.672,273.8653,0.59002763,False,False,-792.5598809378098
50.0,1000.0,50.0,1000.0,22901.709,273.69034,0.57101643,False,False,-776.1982054484776
70.0,1000.0,70.0,1000.0,22164.371,272.75604,0.55153507,False,False,-759.9117032763345
90.0,1000.0,90.0,1000.0,21407.4,270.93924,0.5315193,False,False,-743.7024808205168
110.0,1000.0,110.0,1000.0,20634.861,268.3035,0.5110814,False,False,-727.572713349641
130.0,1000.0,130.0,1000.0,19841.324,264.60635,0.49006912,False,False,-711.5246472665411
150.0,1000.0,150.0,1000.0,19030.59,259.89203,0.46858716,False,False,-695.5606024237159
170.0,1000.0,170.0,1000.0,18201.45,254.05167,0.44660214,False,False,-679.682974487177
190.00000000000003,1000.0,190.00000000000003,1000.0,17357.582,247.1464,0.4242141,False,False,-663.8942373458437
210.00000000000003,1000.0,210.00000000000003,1000.0,16499.879,239.12457,0.40144747,False,False,-648.1969455630367
229.99999999999997,1000.0,229.99999999999997,1000.0,15625.998,229.75314,0.3782344,False,False,-632.593736865954
250.0,1000.0,250.0,1000.0,14737.117,219.0036,0.35461006,False,False,-617.0873346682785
270.0,1000.0,270.0,1000.0,13839.85,207.07985,0.330758,False,False,-601.6805506202458
290.0,1000.0,290.0,1000.0,12933.53,193.81773,0.30665678,False,False,-586.376287179618
310.0,1000.0,310.0,1000.0,12019.73,179.278,0.28235397,False,False,-571.1775401960169
330.0,1000.0,330.0,1000.0,11085.584,162.54303,0.25749433,False,False,-556.0874015000003
350.0,1000.0,350.0,1000.0,10141.294,144.6184,0.23236842,False,False,-541.1090614870965
370.0,1000.0,370.0,1000.0,9197.52,127.407845,0.20726395,False,False,-526.2458116857374
390.0,1000.0,390.0,1000.0,8281.551,113.38681,0.18293612,False,False,-511.5010472966509
410.0,1000.0,410.0,1000.0,7443.868,102.11476,0.1607801,False,False,-496.87826968978646
430.0,1000.0,430.0,1000.0,6693.871,92.979866,0.14105567,False,False,-482.3810888432521
450.0,1000.0,450.0,1000.0,6028.8413,85.033875,0.12367136,False,False,-468.0132257070173
470.00000000000006,1000.0,470.00000000000006,1000.0,5450.479,77.70351,0.1086545,False,False,-453.7785144723176
490.0,1000.0,490.0,1000.0,4952.5273,70.83572,0.095813245,False,False,-439.6809047257504
510.00000000000006,1000.0,510.00000000000006,1000.0,4520.1123,64.525604,0.08473108,False,False,-425.72446346500345
530.0,1000.0,530.0,1000.0,4144.1665,58.91527,0.075152814,False,False,-411.913376951004
550.0,1000.0,550.0,1000.0,3821.4553,54.11562,0.066984445,False,False,-398.2519523690304
570.0,1000.0,570.0,1000.0,3553.0215,50.161125,0.060247872,False,False,-384.7446192689905
590.0,1000.0,590.0,1000.0,3333.8525,47.15638,0.05480445,False,False,-371.39593075269045
610.0,1000.0,610.0,1000.0,3153.014,45.348713,0.050358593,False,False,-358.2105643734532
630.0,1000.0,630.0,1000.0,3013.6191,44.700535,0.046990022,False,False,-345.1933227110039
650.0,1000.0,650.0,1000.0,2909.7488,45.23441,0.0445396,False,False,-332.34913358206813
670.0,1000.0,670.0,1000.0,2839.272,46.838234,0.042948544,False,False,-319.68304984473605
690.0,1000.0,690.0,1000.0,2800.0178,49.363045,0.042157963,False,False,-307.2002487523174
710.0,1000.0,710.0,1000.0,2787.504,52.68214,0.042048685,False,False,-294.90603081024267
730.0,1000.0,730.0,1000.0,2802.329,56.61143,0.04263615,False,False,-282.8058180875832
750.0,1000.0,750.0,1000.0,2841.6846,61.0307,0.043845892,False,False,-270.9051519330505
770.0,1000.0,770.0,1000.0,2905.8242,65.8123,0.045684103,False,False,-262.1014222319853
789.9999999999999,1000.0,789.9999999999999,1000.0,2993.1602,70.881874,0.048108846,False,False,-274.40182046323207
810.0,1000.0,810.0,1000.0,3103.2583,76.172615,0.05110862,False,False,-286.89548915209116
830.0,1000.0,830.0,1000.0,3234.833,81.64764,0.054649644,False,False,-299.57685421063115
850.0,1000.0,850.0,1000.0,3385.6816,87.2952,0.058674175,False,False,-312.4404748406688
869.9999999999999,1000.0,869.9999999999999,1000.0,3555.294,93.0952,0.06316897,False,False,-325.48104475318695
890.0000000000001,1000.0,890.0000000000001,1000.0,3743.826,99.025246,0.06813839,False,False,-338.6933928274989
910.0,1000.0,910.0,1000.0,3950.3057,105.08228,0.0735572,False,False,-352.0724832641185
930.0,1000.0,930.0,1000.0,4173.6504,111.27008,0.07939732,False,False,-365.61341528267076
950.0,1000.0,950.0,1000.0,4414.4033,117.57328,0.08567336,False,False,-379.31142241337216
969.9999999999999,1000.0,969.9999999999999,1000.0,4672.851,123.98204,0.092393264,False,False,-393.1618714277247
990.0,1000.0,990.0,1000.0,4949.341,130.48665,0.09956664,False,False,-407.1602609511114
1010.0,1000.0,1010.0,1000.0,5243.742,137.0845,0.107190624,False,False,-421.3022197970424
1030.0,1000.0,1030.0,1000.0,5555.575,143.77876,0.115253255,False,False,-435.58350505987636
1050.0,1000.0,1050.0,1000.0,5884.917,150.56422,0.12375724,False,False,-449.9999999999999
1070.0,1000.0,1070.0,1000.0,6231.751,157.43718,0.13270283,False,False,-464.5477117526763
1090.0,1000.0,1090.0,1000.0,6595.9263,164.39595,0.14208686,False,False,-479.2227688891218
1110.0,1000.0,1110.0,1000.0,6977.542,171.43442,0.15191276,False,False,-494.02141885583416
1130.0,1000.0,1130.0,1000.0,7376.759,178.54109,0.16218564,False,False,-508.94002531578445
1150.0,1000.0,1150.0,1000.0,7791.786,185.622,0.17286031,False,False,-523.9750654128171
1170.0,1000.0,1170.0,1000.0,8223.712,192.73964,0.18396565,False,False,-539.1231269784754
1190.0,1000.0,1190.0,1000.0,8670.576,199.79906,0.19545211,False,False,-554.3809056984715
1210.0,1000.0,1210.0,1000.0,9129.415,206.63313,0.2072443,False,False,-569.7452022541747
1230.0,1000.0,1230.0,1000.0,9600.908,213.37383,0.21936011,False,False,-585.2129194527779
1250.0,1000.0,1250.0,1000.0,10085.18,220.02078,0.2318038,False,False,-600.7810593582122
1270.0,1000.0,1270.0,1000.0,10581.904,226.59341,0.2445679,False,False,-616.4467204334326
1290.0,1000.0,1290.0,1000.0,11088.295,232.9679,0.25758144,False,False,-632.2070947033653
1310.0,1000.0,1310.0,1000.0,11603.1,239.06454,0.27081332,False,False,-648.0594649465776
1330.0,1000.0,1330.0,1000.0,12126.105,244.9765,0.28425843,False,False,-664.0012019226431
1350.0,1000.0,1350.0,1000.0,12653.883,250.4636,0.2978295,False,False,-680.0297616411444
1370.0,1000.0,1370.0,1000.0,13190.734,255.72452,0.3116392,False,False,-696.1426826773743
1390.0,1000.0,1390.0,1000.0,13737.394,260.83337,0.32570732,False,False,-712.337583538947
1410.0,1000.0,1410.0,1000.0,14287.675,265.5969,0.3398738,False,False,-728.6121600868137
1430.0,1000.0,1430.0,1000.0,14840.297,270.00418,0.35410604,False,False,-744.9641830135083
1450.0,1000.0,1450.0,1000.0,15397.47,274.2431,0.36846197,False,False,-761.3914953808537
1470.0,1000.0,1470.0,1000.0,15960.768,278.30075,0.38298404,False,False,-777.8920102188434
1490.0,1000.0,1490.0,1000.0,16528.91,282.03418,0.39764056,False,False,-794.4637081869336
1510.0,1000.0,1510.0,1000.0,17099.4,285.41983,0.41236687,False,False,-811.1046352985794
1530.0,1000.0,1530.0,1000.0,17675.371,288.67218,0.4272455,False,False,-827.8129007094793
1550.0000000000002,1000.0,1550.0000000000002,1000.0,18255.645,291.7409,0.44224668,False,False,-844.5866745696719
1570.0,1000.0,1570.0,1000.0,18840.078,294.57285,0.45736822,False,False,-861.4241859393575
1590.0,1000.0,1590.0,1000.0,19426.41,297.1663,0.4725513,False,False,-878.3237207680685
1609.9999999999998,1000.0,1609.9999999999998,1000.0,20018.799,299.5275,0.4879068,False,False,-895.2836199366045
1630.0,1000.0,1630.0,1000.0,20609.959,301.44983,0.503244,False,False,-912.3022773609824
1650.0000000000002,1000.0,1650.0000000000002,1000.0,21205.215,303.1813,0.5187038,False,False,-929.3781381574738
1670.0,1000.0,1670.0,1000.0,21798.943,304.5286,0.5341388,False,False,-946.5096968677036
1690.0,1000.0,1690.0,1000.0,22392.578,305.5907,0.5495875,False,False,-963.6954957426572
1709.9999999999998,1000.0,1709.9999999999998,1000.0,22985.527,306.38324,0.56503505,False,False,-980.9341230843592
1730.0,1000.0,1730.0,1000.0,23573.21,306.86493,0.5803604,False,False,-998.2242116439286
1750.0,1000.0,1750.0,1000.0,24154.742,307.0091,0.5955404,False,False,-1015.5644370746377
