along_m,lateral_m,expected_area_m2,no_signal
-200.0,-900.0,39270.906,1.0
-190.0,-900.0,39270.906,1.0
-180.0,-900.0,39270.906,1.0
-170.0,-900.0,39270.906,1.0
-160.0,-900.0,39270.906,1.0
-150.0,-900.0,39270.906,1.0
-140.0,-900.0,39270.906,1.0
-130.0,-900.0,39270.906,1.0
-120.0,-900.0,39270.906,1.0
-110.0,-900.0,39270.906,1.0
-100.0,-900.0,39270.906,1.0
-90.0,-900.0,39270.906,1.0
-80.0,-900.0,39270.906,1.0
-70.0,-900.0,39270.906,1.0
-60.0,-900.0,39270.906,1.0
-50.0,-900.0,39270.906,1.0
-40.0,-900.0,39270.906,1.0
-30.0,-900.0,39270.906,1.0
-20.0,-900.0,39270.906,1.0
-10.0,-900.0,39270.906,1.0
0.0,-900.0,39270.906,1.0
10.0,-900.0,39270.906,1.0
20.0,-900.0,39270.906,1.0
30.0,-900.0,39270.906,1.0
40.0,-900.0,39270.906,1.0
50.0,-900.0,39270.906,1.0
60.0,-900.0,39270.906,1.0
70.0,-900.0,39270.906,1.0
80.0,-900.0,39270.906,1.0
90.0,-900.0,39270.906,1.0
100.0,-900.0,39270.906,1.0
110.0,-900.0,39270.906,1.0
120.0,-900.0,39270.906,1.0
130.0,-900.0,39270.906,1.0
140.0,-900.0,39270.906,1.0
150.0,-900.0,39270.906,1.0
160.0,-900.0,39270.906,1.0
170.0,-900.0,39270.906,1.0
180.0,-900.0,39270.906,1.0
190.0,-900.0,39270.906,1.0
200.0,-900.0,39270.906,1.0
210.0,-900.0,39270.906,1.0
220.0,-900.0,39270.906,1.0
230.0,-900.0,39270.906,1.0
240.0,-900.0,39270.906,1.0
250.0,-900.0,39270.906,1.0
260.0,-900.0,39270.906,1.0
270.0,-900.0,39270.906,1.0
280.0,-900.0,39270.906,1.0
290.0,-900.0,39270.906,1.0
300.0,-900.0,39270.906,1.0
310.0,-900.0,39270.906,1.0
320.0,-900.0,39270.906,1.0
330.0,-900.0,39270.906,1.0
340.0,-900.0,2523.4895,0.0
350.0,-900.0,2495.5354,0.0
360.0,-900.0,2467.9111,0.0
370.0,-900.0,2440.6157,0.0
380.0,-900.0,2413.6501,0.0
390.0,-900.0,2387.0137,0.0
400.0,-900.0,2360.7056,0.0
410.0,-900.0,2334.727,0.0
420.0,-900.0,2309.078,0.0
430.0,-900.0,2283.7566,0.0
440.0,-900.0,2258.7642,0.0
450.0,-900.0,2234.101,0.0
460.0,-900.0,2209.7659,0.0
470.0,-900.0,2185.7588,0.0
480.0,-900.0,2162.0806,0.0
490.0,-900.0,2138.73,0.0
500.0,-900.0,2115.7085,0.0
510.0,-900.0,2093.0142,0.0
520.0,-900.0,2070.6484,0.0
530.0,-900.0,2048.6106,0.0
540.0,-900.0,2026.8999,0.0
550.0,-900.0,2005.5173,0.0
560.0,-900.0,1984.4635,0.0
570.0,-900.0,1963.7367,0.0
580.0,-900.0,1943.3375,0.0
590.0,-900.0,1923.266,0.0
600.0,-900.0,1903.5212,0.0
610.0,-900.0,1884.105,0.0
620.0,-900.0,1865.016,0.0
630.0,-900.0,1846.2535,0.0
640.0,-900.0,1827.8193,0.0
650.0,-900.0,1809.7122,0.0
660.0,-900.0,1791.9316,0.0
670.0,-900.0,1774.4783,0.0
680.0,-900.0,1757.3517,0.0
690.0,-900.0,1740.5518,0.0
700.0,-900.0,1724.0789,0.0
710.0,-900.0,1707.933,0.0
720.0,-900.0,1692.1143,0.0
730.0,-900.0,1676.6226,0.0
740.0,-900.0,1661.4576,0.0
750.0,-900.0,1646.6194,0.0
760.0,-900.0,1632.1074,0.0
770.0,-900.0,1617.9219,0.0
780.0,-900.0,1604.0627,0.0
790.0,-900.0,1590.53,0.0
800.0,-900.0,1577.323,0.0
810.0,-900.0,1564.4432,0.0
820.0,-900.0,1551.8903,0.0
830.0,-900.0,1539.6631,0.0
840.0,-900.0,1527.7622,0.0
850.0,-900.0,1516.1875,0.0
860.0,-900.0,1504.9387,0.0
870.0,-900.0,1494.0164,0.0
880.0,-900.0,1483.4203,0.0
890.0,-900.0,1473.1504,0.0
900.0,-900.0,1463.2062,0.0
910.0,-900.0,1453.5876,0.0
920.0,-900.0,1444.2954,0.0
930.0,-900.0,1435.3293,0.0
940.0,-900.0,1426.689,0.0
950.0,-900.0,1418.3744,0.0
960.0,-900.0,1410.3865,0.0
970.0,-900.0,1402.7238,0.0
980.0,-900.0,1395.3865,0.0
990.0,-900.0,1388.3754,0.0
1000.0,-900.0,1381.6895,0.0
1010.0,-900.0,1375.3296,0.0
1020.0,-900.0,1369.2954,0.0
1030.0,-900.0,1363.5872,0.0
1040.0,-900.0,1358.2048,0.0
1050.0,-900.0,1353.1477,0.0
1060.0,-900.0,1348.4158,0.0
1070.0,-900.0,1344.0095,0.0
1080.0,-900.0,1339.9294,0.0
1090.0,-900.0,1336.1746,0.0
1100.0,-900.0,1332.7451,0.0
1110.0,-900.0,1329.6411,0.0
1120.0,-900.0,1326.8623,0.0
1130.0,-900.0,1324.4093,0.0
1140.0,-900.0,1322.282,0.0
1150.0,-900.0,1320.4799,0.0
1160.0,-900.0,1319.003,0.0
1170.0,-900.0,1317.8518,0.0
1180.0,-900.0,1317.0256,0.0
1190.0,-900.0,1316.5254,0.0
1200.0,-900.0,1316.3501,0.0
1210.0,-900.0,1316.5,0.0
1220.0,-900.0,1316.9756,0.0
1230.0,-900.0,1317.7761,0.0
1240.0,-900.0,1318.9023,0.0
1250.0,-900.0,1320.353,0.0
1260.0,-900.0,1322.1294,0.0
1270.0,-900.0,1324.2311,0.0
1280.0,-900.0,1326.6578,0.0
1290.0,-900.0,1329.4106,0.0
1300.0,-900.0,1332.4877,0.0
1310.0,-900.0,1335.8899,0.0
1320.0,-900.0,1339.6177,0.0
1330.0,-900.0,1343.6704,0.0
1340.0,-900.0,1348.0488,0.0
1350.0,-900.0,1352.7517,0.0
1360.0,-900.0,1357.7805,0.0
1370.0,-900.0,1363.134,0.0
1380.0,-900.0,1368.8127,0.0
1390.0,-900.0,1374.8167,0.0
1400.0,-900.0,1381.145,0.0
1410.0,-900.0,1387.7992,0.0
1420.0,-900.0,1394.778,0.0
1430.0,-900.0,1402.082,0.0
1440.0,-900.0,1409.7109,0.0
1450.0,-900.0,1417.6655,0.0
1460.0,-900.0,1425.9453,0.0
1470.0,-900.0,1434.55,0.0
1480.0,-900.0,1443.4797,0.0
1490.0,-900.0,1452.7346,0.0
1500.0,-900.0,1462.314,0.0
1510.0,-900.0,1472.2183,0.0
1520.0,-900.0,1482.4485,0.0
1530.0,-900.0,1493.0027,0.0
1540.0,-900.0,1503.8824,0.0
1550.0,-900.0,1515.0872,0.0
1560.0,-900.0,1526.6172,0.0
1570.0,-900.0,1538.4717,0.0
1580.0,-900.0,1550.6511,0.0
1590.0,-900.0,1563.155,0.0
1600.0,-900.0,1575.9838,0.0
1610.0,-900.0,1589.1368,0.0
1620.0,-900.0,1602.6152,0.0
1630.0,-900.0,1616.4172,0.0
1640.0,-900.0,1630.5447,0.0
1650.0,-900.0,1644.998,0.0
1660.0,-900.0,1659.7773,0.0
1670.0,-900.0,1674.8823,0.0
1680.0,-900.0,1690.3113,0.0
1690.0,-900.0,1706.0659,0.0
1700.0,-900.0,1722.1449,0.0
1710.0,-900.0,1738.5483,0.0
1720.0,-900.0,1755.2764,0.0
1730.0,-900.0,1772.3298,0.0
1740.0,-900.0,1789.7085,0.0
1750.0,-900.0,1807.4119,0.0
1760.0,-900.0,1825.4401,0.0
1770.0,-900.0,1843.7935,0.0
1780.0,-900.0,1862.4707,0.0
1790.0,-900.0,1881.4744,0.0
1800.0,-900.0,1900.8027,0.0
-200.0,-890.0,39270.906,1.0
-190.0,-890.0,39270.906,1.0
-180.0,-890.0,39270.906,1.0
-170.0,-890.0,39270.906,1.0
-160.0,-890.0,39270.906,1.0
-150.0,-890.0,39270.906,1.0
-140.0,-890.0,39270.906,1.0
-130.0,-890.0,39270.906,1.0
-120.0,-890.0,39270.906,1.0
-110.0,-890.0,39270.906,1.0
-100.0,-890.0,39270.906,1.0
-90.0,-890.0,39270.906,1.0
-80.0,-890.0,39270.906,1.0
-70.0,-890.0,39270.906,1.0
-60.0,-890.0,39270.906,1.0
-50.0,-890.0,39270.906,1.0
-40.0,-890.0,39270.906,1.0
-30.0,-890.0,39270.906,1.0
-20.0,-890.0,39270.906,1.0
-10.0,-890.0,39270.906,1.0
0.0,-890.0,39270.906,1.0
10.0,-890.0,39270.906,1.0
20.0,-890.0,39270.906,1.0
30.0,-890.0,39270.906,1.0
40.0,-890.0,39270.906,1.0
50.0,-890.0,39270.906,1.0
60.0,-890.0,39270.906,1.0
70.0,-890.0,39270.906,1.0
80.0,-890.0,39270.906,1.0
90.0,-890.0,39270.906,1.0
100.0,-890.0,39270.906,1.0
110.0,-890.0,39270.906,1.0
120.0,-890.0,39270.906,1.0
130.0,-890.0,39270.906,1.0
140.0,-890.0,39270.906,1.0
150.0,-890.0,39270.906,1.0
160.0,-890.0,39270.906,1.0
170.0,-890.0,39270.906,1.0
180.0,-890.0,39270.906,1.0
190.0,-890.0,39270.906,1.0
200.0,-890.0,39270.906,1.0
210.0,-890.0,39270.906,1.0
220.0,-890.0,39270.906,1.0
230.0,-890.0,39270.906,1.0
240.0,-890.0,39270.906,1.0
250.0,-890.0,39270.906,1.0
260.0,-890.0,39270.906,1.0
270.0,-890.0,39270.906,1.0
280.0,-890.0,39270.906,1.0
290.0,-890.0,39270.906,1.0
300.0,-890.0,39270.906,1.0
310.0,-890.0,39270.906,1.0
320.0,-890.0,39270.906,1.0
330.0,-890.0,2551.063,0.0
340.0,-890.0,2522.458,0.0
350.0,-890.0,2494.1885,0.0
360.0,-890.0,2466.2517,0.0
370.0,-890.0,2438.6484,0.0
380.0,-890.0,2411.378,0.0
390.0,-890.0,2384.441,0.0
400.0,-890.0,2357.8354,0.0
410.0,-890.0,2331.564,0.0
420.0,-890.0,2305.6243,0.0
430.0,-890.0,2280.0176,0.0
440.0,-890.0,2254.7434,0.0
450.0,-890.0,2229.8008,0.0
460.0,-890.0,2205.1912,0.0
470.0,-890.0,2180.9136,0.0
480.0,-890.0,2156.9678,0.0
490.0,-890.0,2133.354,0.0
500.0,-890.0,2110.0725,0.0
510.0,-890.0,2087.123,0.0
520.0,-890.0,2064.505,0.0
530.0,-890.0,2042.2185,0.0
540.0,-890.0,2020.2637,0.0
550.0,-890.0,1998.6409,0.0
560.0,-890.0,1977.3491,0.0
570.0,-890.0,1956.3889,0.0
580.0,-890.0,1935.7595,0.0
590.0,-890.0,1915.4614,0.0
600.0,-890.0,1895.4948,0.0
610.0,-890.0,1875.8593,0.0
620.0,-890.0,1856.5554,0.0
630.0,-890.0,1837.5823,0.0
640.0,-890.0,1818.9393,0.0
650.0,-890.0,1800.6289,0.0
660.0,-890.0,1782.6486,0.0
670.0,-890.0,1764.9983,0.0
680.0,-890.0,1747.679,0.0
690.0,-890.0,1730.6902,0.0
700.0,-890.0,1714.0327,0.0
710.0,-890.0,1697.7042,0.0
720.0,-890.0,1681.7078,0.0
730.0,-890.0,1666.042,0.0
740.0,-890.0,1650.7064,0.0
750.0,-890.0,1635.7009,0.0
760.0,-890.0,1621.0255,0.0
770.0,-890.0,1606.6807,0.0
780.0,-890.0,1592.6656,0.0
790.0,-890.0,1578.9807,0.0
800.0,-890.0,1565.6262,0.0
810.0,-890.0,1552.6012,0.0
820.0,-890.0,1539.9067,0.0
830.0,-890.0,1527.5421,0.0
840.0,-890.0,1515.5076,0.0
850.0,-890.0,1503.803,0.0
860.0,-890.0,1492.428,0.0
870.0,-890.0,1481.383,0.0
880.0,-890.0,1470.6674,0.0
890.0,-890.0,1460.282,0.0
900.0,-890.0,1450.2263,0.0
910.0,-890.0,1440.5002,0.0
920.0,-890.0,1431.1033,0.0
930.0,-890.0,1422.0364,0.0
940.0,-890.0,1413.2991,0.0
950.0,-890.0,1404.8916,0.0
960.0,-890.0,1396.8137,0.0
970.0,-890.0,1389.065,0.0
980.0,-890.0,1381.6458,0.0
990.0,-890.0,1374.5552,0.0
1000.0,-890.0,1367.7946,0.0
1010.0,-890.0,1361.3635,0.0
1020.0,-890.0,1355.2617,0.0
1030.0,-890.0,1349.4893,0.0
1040.0,-890.0,1344.0461,0.0
1050.0,-890.0,1338.9325,0.0
1060.0,-890.0,1334.1478,0.0
1070.0,-890.0,1329.6924,0.0
1080.0,-890.0,1325.5663,0.0
1090.0,-890.0,1321.769,0.0
1100.0,-890.0,1318.3018,0.0
1110.0,-890.0,1315.163,0.0
1120.0,-890.0,1312.3535,0.0
1130.0,-890.0,1309.8728,0.0
1140.0,-890.0,1307.7218,0.0
1150.0,-890.0,1305.8998,0.0
1160.0,-890.0,1304.4062,0.0
1170.0,-890.0,1303.242,0.0
1180.0,-890.0,1302.4072,0.0
1190.0,-890.0,1301.9009,0.0
1200.0,-890.0,1301.7241,0.0
1210.0,-890.0,1301.8757,0.0
1220.0,-890.0,1302.3569,0.0
1230.0,-890.0,1303.1667,0.0
1240.0,-890.0,1304.3049,0.0
1250.0,-890.0,1305.7721,0.0
1260.0,-890.0,1307.5691,0.0
1270.0,-890.0,1309.6945,0.0
1280.0,-890.0,1312.1489,0.0
1290.0,-890.0,1314.9321,0.0
1300.0,-890.0,1318.0444,0.0
1310.0,-890.0,1321.4851,0.0
1320.0,-890.0,1325.2549,0.0
1330.0,-890.0,1329.3533,0.0
1340.0,-890.0,1333.7808,0.0
1350.0,-890.0,1338.5371,0.0
1360.0,-890.0,1343.6221,0.0
1370.0,-890.0,1349.0358,0.0
1380.0,-890.0,1354.7786,0.0
1390.0,-890.0,1360.8499,0.0
1400.0,-890.0,1367.2498,0.0
1410.0,-890.0,1373.9788,0.0
1420.0,-890.0,1381.036,0.0
1430.0,-890.0,1388.422,0.0
1440.0,-890.0,1396.1376,0.0
1450.0,-890.0,1404.1821,0.0
1460.0,-890.0,1412.5544,0.0
1470.0,-890.0,1421.2559,0.0
1480.0,-890.0,1430.2858,0.0
1490.0,-890.0,1439.6447,0.0
1500.0,-890.0,1449.332,0.0
1510.0,-890.0,1459.3479,0.0
1520.0,-890.0,1469.6929,0.0
1530.0,-890.0,1480.3665,0.0
1540.0,-890.0,1491.3682,0.0
1550.0,-890.0,1502.699,0.0
1560.0,-890.0,1514.3584,0.0
1570.0,-890.0,1526.3469,0.0
1580.0,-890.0,1538.6626,0.0
1590.0,-890.0,1551.3073,0.0
1600.0,-890.0,1564.28,0.0
1610.0,-890.0,1577.5808,0.0
1620.0,-890.0,1591.2102,0.0
1630.0,-890.0,1605.1677,0.0
1640.0,-890.0,1619.4553,0.0
1650.0,-890.0,1634.0713,0.0
1660.0,-890.0,1649.0172,0.0
1670.0,-890.0,1664.2917,0.0
1680.0,-890.0,1679.8945,0.0
1690.0,-890.0,1695.8259,0.0
1700.0,-890.0,1712.0858,0.0
1710.0,-890.0,1728.6736,0.0
1720.0,-890.0,1745.59,0.0
1730.0,-890.0,1762.8351,0.0
1740.0,-890.0,1780.409,0.0
1750.0,-890.0,1798.312,0.0
1760.0,-890.0,1816.5422,0.0
1770.0,-890.0,1835.1018,0.0
1780.0,-890.0,1853.9896,0.0
1790.0,-890.0,1873.207,0.0
1800.0,-890.0,1892.7524,0.0
-200.0,-880.0,39270.906,1.0
-190.0,-880.0,39270.906,1.0
-180.0,-880.0,39270.906,1.0
-170.0,-880.0,39270.906,1.0
-160.0,-880.0,39270.906,1.0
-150.0,-880.0,39270.906,1.0
-140.0,-880.0,39270.906,1.0
-130.0,-880.0,39270.906,1.0
-120.0,-880.0,39270.906,1.0
-110.0,-880.0,39270.906,1.0
-100.0,-880.0,39270.906,1.0
-90.0,-880.0,39270.906,1.0
-80.0,-880.0,39270.906,1.0
-70.0,-880.0,39270.906,1.0
-60.0,-880.0,39270.906,1.0
-50.0,-880.0,39270.906,1.0
-40.0,-880.0,39270.906,1.0
-30.0,-880.0,39270.906,1.0
-20.0,-880.0,39270.906,1.0
-10.0,-880.0,39270.906,1.0
0.0,-880.0,39270.906,1.0
10.0,-880.0,39270.906,1.0
20.0,-880.0,39270.906,1.0
30.0,-880.0,39270.906,1.0
40.0,-880.0,39270.906,1.0
50.0,-880.0,39270.906,1.0
60.0,-880.0,39270.906,1.0
70.0,-880.0,39270.906,1.0
80.0,-880.0,39270.906,1.0
90.0,-880.0,39270.906,1.0
100.0,-880.0,39270.906,1.0
110.0,-880.0,39270.906,1.0
120.0,-880.0,39270.906,1.0
130.0,-880.0,39270.906,1.0
140.0,-880.0,39270.906,1.0
150.0,-880.0,39270.906,1.0
160.0,-880.0,39270.906,1.0
170.0,-880.0,39270.906,1.0
180.0,-880.0,39270.906,1.0
190.0,-880.0,39270.906,1.0
200.0,-880.0,39270.906,1.0
210.0,-880.0,39270.906,1.0
220.0,-880.0,39270.906,1.0
230.0,-880.0,39270.906,1.0
240.0,-880.0,39270.906,1.0
250.0,-880.0,39270.906,1.0
260.0,-880.0,39270.906,1.0
270.0,-880.0,39270.906,1.0
280.0,-880.0,39270.906,1.0
290.0,-880.0,39270.906,1.0
300.0,-880.0,39270.906,1.0
310.0,-880.0,39270.906,1.0
320.0,-880.0,2579.937,0.0
330.0,-880.0,2550.669,0.0
340.0,-880.0,2521.7388,0.0
350.0,-880.0,2493.1455,0.0
360.0,-880.0,2464.8892,0.0
370.0,-880.0,2436.9707,0.0
380.0,-880.0,2409.3882,0.0
390.0,-880.0,2382.143,0.0
400.0,-880.0,2355.2336,0.0
410.0,-880.0,2328.6619,0.0
420.0,-880.0,2302.426,0.0
430.0,-880.0,2276.5269,0.0
440.0,-880.0,2250.9634,0.0
450.0,-880.0,2225.7368,0.0
460.0,-880.0,2200.8457,0.0
470.0,-880.0,2176.2915,0.0
480.0,-880.0,2152.073,0.0
490.0,-880.0,2128.19,0.0
500.0,-880.0,2104.642,0.0
510.0,-880.0,2081.4312,0.0
520.0,-880.0,2058.5552,0.0
530.0,-880.0,2036.015,0.0
540.0,-880.0,2013.8093,0.0
550.0,-880.0,1991.9397,0.0
560.0,-880.0,1970.4058,0.0
570.0,-880.0,1949.206,0.0
580.0,-880.0,1928.342,0.0
590.0,-880.0,1907.8134,0.0
600.0,-880.0,1887.6193,0.0
610.0,-880.0,1867.7598,0.0
620.0,-880.0,1848.2354,0.0
630.0,-880.0,1829.0464,0.0
640.0,-880.0,1810.1917,0.0
650.0,-880.0,1791.6719,0.0
660.0,-880.0,1773.4868,0.0
670.0,-880.0,1755.6365,0.0
680.0,-880.0,1738.1199,0.0
690.0,-880.0,1720.9377,0.0
700.0,-880.0,1704.0901,0.0
710.0,-880.0,1687.5767,0.0
720.0,-880.0,1671.3976,0.0
730.0,-880.0,1655.5532,0.0
740.0,-880.0,1640.0427,0.0
750.0,-880.0,1624.8668,0.0
760.0,-880.0,1610.0253,0.0
770.0,-880.0,1595.5166,0.0
780.0,-880.0,1581.3424,0.0
790.0,-880.0,1567.5022,0.0
800.0,-880.0,1553.9956,0.0
810.0,-880.0,1540.8228,0.0
820.0,-880.0,1527.9839,0.0
830.0,-880.0,1515.4785,0.0
840.0,-880.0,1503.3076,0.0
850.0,-880.0,1491.4695,0.0
860.0,-880.0,1479.9653,0.0
870.0,-880.0,1468.7952,0.0
880.0,-880.0,1457.9576,0.0
890.0,-880.0,1447.4537,0.0
900.0,-880.0,1437.2839,0.0
910.0,-880.0,1427.447,0.0
920.0,-880.0,1417.9438,0.0
930.0,-880.0,1408.7742,0.0
940.0,-880.0,1399.9376,0.0
950.0,-880.0,1391.4343,0.0
960.0,-880.0,1383.2646,0.0
970.0,-880.0,1375.4283,0.0
980.0,-880.0,1367.9247,0.0
990.0,-880.0,1360.754,0.0
1000.0,-880.0,1353.9165,0.0
1010.0,-880.0,1347.4125,0.0
1020.0,-880.0,1341.2415,0.0
1030.0,-880.0,1335.4033,0.0
1040.0,-880.0,1329.8986,0.0
1050.0,-880.0,1324.7268,0.0
1060.0,-880.0,1319.8883,0.0
1070.0,-880.0,1315.3821,0.0
1080.0,-880.0,1311.2094,0.0
1090.0,-880.0,1307.3695,0.0
1100.0,-880.0,1303.862,0.0
1110.0,-880.0,1300.6879,0.0
1120.0,-880.0,1297.8467,0.0
1130.0,-880.0,1295.3384,0.0
1140.0,-880.0,1293.163,0.0
1150.0,-880.0,1291.3203,0.0
1160.0,-880.0,1289.8099,0.0
1170.0,-880.0,1288.6326,0.0
1180.0,-880.0,1287.7883,0.0
1190.0,-880.0,1287.2769,0.0
1200.0,-880.0,1287.098,0.0
1210.0,-880.0,1287.2515,0.0
1220.0,-880.0,1287.7378,0.0
1230.0,-880.0,1288.5574,0.0
1240.0,-880.0,1289.7087,0.0
1250.0,-880.0,1291.1931,0.0
1260.0,-880.0,1293.0103,0.0
1270.0,-880.0,1295.1597,0.0
1280.0,-880.0,1297.6426,0.0
1290.0,-880.0,1300.4576,0.0
1300.0,-880.0,1303.605,0.0
1310.0,-880.0,1307.0851,0.0
1320.0,-880.0,1310.8977,0.0
1330.0,-880.0,1315.043,0.0
1340.0,-880.0,1319.521,0.0
1350.0,-880.0,1324.3317,0.0
1360.0,-880.0,1329.4744,0.0
1370.0,-880.0,1334.9501,0.0
1380.0,-880.0,1340.7577,0.0
1390.0,-880.0,1346.8984,0.0
1400.0,-880.0,1353.3712,0.0
1410.0,-880.0,1360.1768,0.0
1420.0,-880.0,1367.3146,0.0
1430.0,-880.0,1374.7849,0.0
1440.0,-880.0,1382.5881,0.0
1450.0,-880.0,1390.7236,0.0
1460.0,-880.0,1399.1915,0.0
1470.0,-880.0,1407.992,0.0
1480.0,-880.0,1417.1248,0.0
1490.0,-880.0,1426.5901,0.0
1500.0,-880.0,1436.3877,0.0
1510.0,-880.0,1446.5173,0.0
1520.0,-880.0,1456.98,0.0
1530.0,-880.0,1467.7749,0.0
1540.0,-880.0,1478.9021,0.0
1550.0,-880.0,1490.3616,0.0
1560.0,-880.0,1502.1537,0.0
1570.0,-880.0,1514.2781,0.0
1580.0,-880.0,1526.7341,0.0
1590.0,-880.0,1539.5223,0.0
1600.0,-880.0,1552.6425,0.0
1610.0,-880.0,1566.095,0.0
1620.0,-880.0,1579.8785,0.0
1630.0,-880.0,1593.9956,0.0
1640.0,-880.0,1608.4448,0.0
1650.0,-880.0,1623.229,0.0
1660.0,-880.0,1638.3444,0.0
1670.0,-880.0,1653.7928,0.0
1680.0,-880.0,1669.573,0.0
1690.0,-880.0,1685.6854,0.0
1700.0,-880.0,1702.1304,0.0
1710.0,-880.0,1718.9067,0.0
1720.0,-880.0,1736.0151,0.0
1730.0,-880.0,1753.4573,0.0
1740.0,-880.0,1771.231,0.0
1750.0,-880.0,1789.3368,0.0
1760.0,-880.0,1807.7749,0.0
1770.0,-880.0,1826.5459,0.0
1780.0,-880.0,1845.6487,0.0
1790.0,-880.0,1865.084,0.0
1800.0,-880.0,1884.8514,0.0
-200.0,-870.0,39270.906,1.0
-190.0,-870.0,39270.906,1.0
-180.0,-870.0,39270.906,1.0
-170.0,-870.0,39270.906,1.0
-160.0,-870.0,39270.906,1.0
-150.0,-870.0,39270.906,1.0
-140.0,-870.0,39270.906,1.0
-130.0,-870.0,39270.906,1.0
-120.0,-870.0,39270.906,1.0
-110.0,-870.0,39270.906,1.0
-100.0,-870.0,39270.906,1.0
-90.0,-870.0,39270.906,1.0
-80.0,-870.0,39270.906,1.0
-70.0,-870.0,39270.906,1.0
-60.0,-870.0,39270.906,1.0
-50.0,-870.0,39270.906,1.0
-40.0,-870.0,39270.906,1.0
-30.0,-870.0,39270.906,1.0
-20.0,-870.0,39270.906,1.0
-10.0,-870.0,39270.906,1.0
0.0,-870.0,39270.906,1.0
10.0,-870.0,39270.906,1.0
20.0,-870.0,39270.906,1.0
30.0,-870.0,39270.906,1.0
40.0,-870.0,39270.906,1.0
50.0,-870.0,39270.906,1.0
60.0,-870.0,39270.906,1.0
70.0,-870.0,39270.906,1.0
80.0,-870.0,39270.906,1.0
90.0,-870.0,39270.906,1.0
100.0,-870.0,39270.906,1.0
110.0,-870.0,39270.906,1.0
120.0,-870.0,39270.906,1.0
130.0,-870.0,39270.906,1.0
140.0,-870.0,39270.906,1.0
150.0,-870.0,39270.906,1.0
160.0,-870.0,39270.906,1.0
170.0,-870.0,39270.906,1.0
180.0,-870.0,39270.906,1.0
190.0,-870.0,39270.906,1.0
200.0,-870.0,39270.906,1.0
210.0,-870.0,39270.906,1.0
220.0,-870.0,39270.906,1.0
230.0,-870.0,39270.906,1.0
240.0,-870.0,39270.906,1.0
250.0,-870.0,39270.906,1.0
260.0,-870.0,39270.906,1.0
270.0,-870.0,39270.906,1.0
280.0,-870.0,39270.906,1.0
290.0,-870.0,39270.906,1.0
300.0,-870.0,39270.906,1.0
310.0,-870.0,2610.1592,0.0
320.0,-870.0,2580.2114,0.0
330.0,-870.0,2550.6057,0.0
340.0,-870.0,2521.3408,0.0
350.0,-870.0,2492.4165,0.0
360.0,-870.0,2463.8335,0.0
370.0,-870.0,2435.5918,0.0
380.0,-870.0,2407.69,0.0
390.0,-870.0,2380.1304,0.0
400.0,-870.0,2352.9106,0.0
410.0,-870.0,2326.0308,0.0
420.0,-870.0,2299.4922,0.0
430.0,-870.0,2273.293,0.0
440.0,-870.0,2247.435,0.0
450.0,-870.0,2221.9175,0.0
460.0,-870.0,2196.7385,0.0
470.0,-870.0,2171.9014,0.0
480.0,-870.0,2147.4028,0.0
490.0,-870.0,2123.2441,0.0
500.0,-870.0,2099.4248,0.0
510.0,-870.0,2075.9456,0.0
520.0,-870.0,2052.8057,0.0
530.0,-870.0,2030.0051,0.0
540.0,-870.0,2007.544,0.0
550.0,-870.0,1985.4219,0.0
560.0,-870.0,1963.6393,0.0
570.0,-870.0,1942.1956,0.0
580.0,-870.0,1921.0908,0.0
590.0,-870.0,1900.3257,0.0
600.0,-870.0,1879.8987,0.0
610.0,-870.0,1859.81,0.0
620.0,-870.0,1840.0614,0.0
630.0,-870.0,1820.6498,0.0
640.0,-870.0,1801.5786,0.0
650.0,-870.0,1782.846,0.0
660.0,-870.0,1764.4513,0.0
670.0,-870.0,1746.3953,0.0
680.0,-870.0,1728.6768,0.0
690.0,-870.0,1711.2976,0.0
700.0,-870.0,1694.2552,0.0
710.0,-870.0,1677.5522,0.0
720.0,-870.0,1661.1863,0.0
730.0,-870.0,1645.1597,0.0
740.0,-870.0,1629.4706,0.0
750.0,-870.0,1614.1201,0.0
760.0,-870.0,1599.1074,0.0
770.0,-870.0,1584.4321,0.0
780.0,-870.0,1570.0947,0.0
790.0,-870.0,1556.0957,0.0
800.0,-870.0,1542.4338,0.0
810.0,-870.0,1529.1094,0.0
820.0,-870.0,1516.123,0.0
830.0,-870.0,1503.4741,0.0
840.0,-870.0,1491.163,0.0
850.0,-870.0,1479.189,0.0
860.0,-870.0,1467.5525,0.0
870.0,-870.0,1456.2534,0.0
880.0,-870.0,1445.2916,0.0
890.0,-870.0,1434.6674,0.0
900.0,-870.0,1424.3806,0.0
910.0,-870.0,1414.4309,0.0
920.0,-870.0,1404.8182,0.0
930.0,-870.0,1395.5432,0.0
940.0,-870.0,1386.605,0.0
950.0,-870.0,1378.0046,0.0
960.0,-870.0,1369.7407,0.0
970.0,-870.0,1361.8138,0.0
980.0,-870.0,1354.2249,0.0
990.0,-870.0,1346.9717,0.0
1000.0,-870.0,1340.0562,0.0
1010.0,-870.0,1333.477,0.0
1020.0,-870.0,1327.2351,0.0
1030.0,-870.0,1321.3306,0.0
1040.0,-870.0,1315.7625,0.0
1050.0,-870.0,1310.5312,0.0
1060.0,-870.0,1305.6367,0.0
1070.0,-870.0,1301.0793,0.0
1080.0,-870.0,1296.8582,0.0
1090.0,-870.0,1292.9746,0.0
1100.0,-870.0,1289.4277,0.0
1110.0,-870.0,1286.217,0.0
1120.0,-870.0,1283.3428,0.0
1130.0,-870.0,1280.8063,0.0
1140.0,-870.0,1278.6055,0.0
1150.0,-870.0,1276.7415,0.0
1160.0,-870.0,1275.2146,0.0
1170.0,-870.0,1274.0239,0.0
1180.0,-870.0,1273.1697,0.0
1190.0,-870.0,1272.6526,0.0
1200.0,-870.0,1272.4714,0.0
1210.0,-870.0,1272.6274,0.0
1220.0,-870.0,1273.1196,0.0
1230.0,-870.0,1273.9481,0.0
1240.0,-870.0,1275.1135,0.0
1250.0,-870.0,1276.615,0.0
1260.0,-870.0,1278.453,0.0
1270.0,-870.0,1280.6277,0.0
1280.0,-870.0,1283.1387,0.0
1290.0,-870.0,1285.9863,0.0
1300.0,-870.0,1289.1698,0.0
1310.0,-870.0,1292.6902,0.0
1320.0,-870.0,1296.5472,0.0
1330.0,-870.0,1300.74,0.0
1340.0,-870.0,1305.2698,0.0
1350.0,-870.0,1310.1356,0.0
1360.0,-870.0,1315.3376,0.0
1370.0,-870.0,1320.8762,0.0
1380.0,-870.0,1326.7512,0.0
1390.0,-870.0,1332.9623,0.0
1400.0,-870.0,1339.5098,0.0
1410.0,-870.0,1346.3937,0.0
1420.0,-870.0,1353.6133,0.0
1430.0,-870.0,1361.1699,0.0
1440.0,-870.0,1369.0632,0.0
1450.0,-870.0,1377.2925,0.0
1460.0,-870.0,1385.8578,0.0
1470.0,-870.0,1394.7593,0.0
1480.0,-870.0,1403.9972,0.0
1490.0,-870.0,1413.5715,0.0
1500.0,-870.0,1423.4819,0.0
1510.0,-870.0,1433.728,0.0
1520.0,-870.0,1444.3109,0.0
1530.0,-870.0,1455.2302,0.0
1540.0,-870.0,1466.4858,0.0
1550.0,-870.0,1478.0773,0.0
1560.0,-870.0,1490.0052,0.0
1570.0,-870.0,1502.2683,0.0
1580.0,-870.0,1514.8678,0.0
1590.0,-870.0,1527.803,0.0
1600.0,-870.0,1541.0739,0.0
1610.0,-870.0,1554.6804,0.0
1620.0,-870.0,1568.6228,0.0
1630.0,-870.0,1582.9026,0.0
1640.0,-870.0,1597.519,0.0
1650.0,-870.0,1612.4731,0.0
1660.0,-870.0,1627.7628,0.0
1670.0,-870.0,1643.3884,0.0
1680.0,-870.0,1659.3503,0.0
1690.0,-870.0,1675.648,0.0
1700.0,-870.0,1692.2817,0.0
1710.0,-870.0,1709.2515,0.0
1720.0,-870.0,1726.5571,0.0
1730.0,-870.0,1744.1992,0.0
1740.0,-870.0,1762.1777,0.0
1750.0,-870.0,1780.4922,0.0
1760.0,-870.0,1799.1422,0.0
1770.0,-870.0,1818.1292,0.0
1780.0,-870.0,1837.4517,0.0
1790.0,-870.0,1857.1101,0.0
1800.0,-870.0,1877.1053,0.0
-200.0,-860.0,39270.906,1.0
-190.0,-860.0,39270.906,1.0
-180.0,-860.0,39270.906,1.0
-170.0,-860.0,39270.906,1.0
-160.0,-860.0,39270.906,1.0
-150.0,-860.0,39270.906,1.0
-140.0,-860.0,39270.906,1.0
-130.0,-860.0,39270.906,1.0
-120.0,-860.0,39270.906,1.0
-110.0,-860.0,39270.906,1.0
-100.0,-860.0,39270.906,1.0
-90.0,-860.0,39270.906,1.0
-80.0,-860.0,39270.906,1.0
-70.0,-860.0,39270.906,1.0
-60.0,-860.0,39270.906,1.0
-50.0,-860.0,39270.906,1.0
-40.0,-860.0,39270.906,1.0
-30.0,-860.0,39270.906,1.0
-20.0,-860.0,39270.906,1.0
-10.0,-860.0,39270.906,1.0
0.0,-860.0,39270.906,1.0
10.0,-860.0,39270.906,1.0
20.0,-860.0,39270.906,1.0
30.0,-860.0,39270.906,1.0
40.0,-860.0,39270.906,1.0
50.0,-860.0,39270.906,1.0
60.0,-860.0,39270.906,1.0
70.0,-860.0,39270.906,1.0
80.0,-860.0,39270.906,1.0
90.0,-860.0,39270.906,1.0
100.0,-860.0,39270.906,1.0
110.0,-860.0,39270.906,1.0
120.0,-860.0,39270.906,1.0
130.0,-860.0,39270.906,1.0
140.0,-860.0,39270.906,1.0
150.0,-860.0,39270.906,1.0
160.0,-860.0,39270.906,1.0
170.0,-860.0,39270.906,1.0
180.0,-860.0,39270.906,1.0
190.0,-860.0,39270.906,1.0
200.0,-860.0,39270.906,1.0
210.0,-860.0,39270.906,1.0
220.0,-860.0,39270.906,1.0
230.0,-860.0,39270.906,1.0
240.0,-860.0,39270.906,1.0
250.0,-860.0,39270.906,1.0
260.0,-860.0,39270.906,1.0
270.0,-860.0,39270.906,1.0
280.0,-860.0,39270.906,1.0
290.0,-860.0,39270.906,1.0
300.0,-860.0,2641.7766,0.0
310.0,-860.0,2611.1328,0.0
320.0,-860.0,2580.8347,0.0
330.0,-860.0,2550.883,0.0
340.0,-860.0,2521.2744,0.0
350.0,-860.0,2492.0127,0.0
360.0,-860.0,2463.0947,0.0
370.0,-860.0,2434.5227,0.0
380.0,-860.0,2406.295,0.0
390.0,-860.0,2378.412,0.0
400.0,-860.0,2350.8738,0.0
410.0,-860.0,2323.6802,0.0
420.0,-860.0,2296.8313,0.0
430.0,-860.0,2270.327,0.0
440.0,-860.0,2244.166,0.0
450.0,-860.0,2218.35,0.0
460.0,-860.0,2192.8774,0.0
470.0,-860.0,2167.7495,0.0
480.0,-860.0,2142.9644,0.0
490.0,-860.0,2118.524,0.0
500.0,-860.0,2094.4268,0.0
510.0,-860.0,2070.673,0.0
520.0,-860.0,2047.2627,0.0
530.0,-860.0,2024.1965,0.0
540.0,-860.0,2001.4735,0.0
550.0,-860.0,1979.0933,0.0
560.0,-860.0,1957.0564,0.0
570.0,-860.0,1935.3627,0.0
580.0,-860.0,1914.0121,0.0
590.0,-860.0,1893.0043,0.0
600.0,-860.0,1872.3391,0.0
610.0,-860.0,1852.0171,0.0
620.0,-860.0,1832.0375,0.0
630.0,-860.0,1812.4006,0.0
640.0,-860.0,1793.1062,0.0
650.0,-860.0,1774.1549,0.0
660.0,-860.0,1755.5459,0.0
670.0,-860.0,1737.28,0.0
680.0,-860.0,1719.355,0.0
690.0,-860.0,1701.7732,0.0
700.0,-860.0,1684.5327,0.0
710.0,-860.0,1667.6348,0.0
720.0,-860.0,1651.0789,0.0
730.0,-860.0,1634.8644,0.0
740.0,-860.0,1618.9929,0.0
750.0,-860.0,1603.4641,0.0
760.0,-860.0,1588.2771,0.0
770.0,-860.0,1573.4314,0.0
780.0,-860.0,1558.9272,0.0
790.0,-860.0,1544.7646,0.0
800.0,-860.0,1530.9436,0.0
810.0,-860.0,1517.4642,0.0
820.0,-860.0,1504.3269,0.0
830.0,-860.0,1491.5306,0.0
840.0,-860.0,1479.0762,0.0
850.0,-860.0,1466.9629,0.0
860.0,-860.0,1455.1914,0.0
870.0,-860.0,1443.7605,0.0
880.0,-860.0,1432.6715,0.0
890.0,-860.0,1421.9242,0.0
900.0,-860.0,1411.5171,0.0
910.0,-860.0,1401.4515,0.0
920.0,-860.0,1391.728,0.0
930.0,-860.0,1382.3446,0.0
940.0,-860.0,1373.3029,0.0
950.0,-860.0,1364.6023,0.0
960.0,-860.0,1356.2428,0.0
970.0,-860.0,1348.2241,0.0
980.0,-860.0,1340.5463,0.0
990.0,-860.0,1333.2087,0.0
1000.0,-860.0,1326.2131,0.0
1010.0,-860.0,1319.5575,0.0
1020.0,-860.0,1313.2433,0.0
1030.0,-860.0,1307.27,0.0
1040.0,-860.0,1301.6373,0.0
1050.0,-860.0,1296.3455,0.0
1060.0,-860.0,1291.3945,0.0
1070.0,-860.0,1286.7839,0.0
1080.0,-860.0,1282.5148,0.0
1090.0,-860.0,1278.5856,0.0
1100.0,-860.0,1274.9968,0.0
1110.0,-860.0,1271.7494,0.0
1120.0,-860.0,1268.8425,0.0
1130.0,-860.0,1266.2759,0.0
1140.0,-860.0,1264.0496,0.0
1150.0,-860.0,1262.1646,0.0
1160.0,-860.0,1260.6199,0.0
1170.0,-860.0,1259.4153,0.0
1180.0,-860.0,1258.5518,0.0
1190.0,-860.0,1258.0283,0.0
1200.0,-860.0,1257.8457,0.0
1210.0,-860.0,1258.0032,0.0
1220.0,-860.0,1258.5013,0.0
1230.0,-860.0,1259.34,0.0
1240.0,-860.0,1260.5186,0.0
1250.0,-860.0,1262.0376,0.0
1260.0,-860.0,1263.8975,0.0
1270.0,-860.0,1266.0974,0.0
1280.0,-860.0,1268.6375,0.0
1290.0,-860.0,1271.5188,0.0
1300.0,-860.0,1274.7395,0.0
1310.0,-860.0,1278.3008,0.0
1320.0,-860.0,1282.2029,0.0
1330.0,-860.0,1286.4447,0.0
1340.0,-860.0,1291.0269,0.0
1350.0,-860.0,1295.9492,0.0
1360.0,-860.0,1301.2122,0.0
1370.0,-860.0,1306.8156,0.0
1380.0,-860.0,1312.7589,0.0
1390.0,-860.0,1319.0424,0.0
1400.0,-860.0,1325.6661,0.0
1410.0,-860.0,1332.6301,0.0
1420.0,-860.0,1339.9338,0.0
1430.0,-860.0,1347.5789,0.0
1440.0,-860.0,1355.5636,0.0
1450.0,-860.0,1363.8887,0.0
1460.0,-860.0,1372.5537,0.0
1470.0,-860.0,1381.5596,0.0
1480.0,-860.0,1390.9045,0.0
1490.0,-860.0,1400.5902,0.0
1500.0,-860.0,1410.616,0.0
1510.0,-860.0,1420.9819,0.0
1520.0,-860.0,1431.6881,0.0
1530.0,-860.0,1442.7339,0.0
1540.0,-860.0,1454.1202,0.0
1550.0,-860.0,1465.847,0.0
1560.0,-860.0,1477.9133,0.0
1570.0,-860.0,1490.3193,0.0
1580.0,-860.0,1503.0652,0.0
1590.0,-860.0,1516.1509,0.0
1600.0,-860.0,1529.5762,0.0
1610.0,-860.0,1543.3406,0.0
1620.0,-860.0,1557.4462,0.0
1630.0,-860.0,1571.8921,0.0
1640.0,-860.0,1586.6793,0.0
1650.0,-860.0,1601.8069,0.0
1660.0,-860.0,1617.2748,0.0
1670.0,-860.0,1633.0823,0.0
1680.0,-860.0,1649.2297,0.0
1690.0,-860.0,1665.7168,0.0
1700.0,-860.0,1682.544,0.0
1710.0,-860.0,1699.7112,0.0
1720.0,-860.0,1717.2189,0.0
1730.0,-860.0,1735.0664,0.0
1740.0,-860.0,1753.2534,0.0
1750.0,-860.0,1771.781,0.0
1760.0,-860.0,1790.649,0.0
1770.0,-860.0,1809.8557,0.0
1780.0,-860.0,1829.4038,0.0
1790.0,-860.0,1849.2915,0.0
1800.0,-860.0,1869.5184,0.0
-200.0,-850.0,39270.906,1.0
-190.0,-850.0,39270.906,1.0
-180.0,-850.0,39270.906,1.0
-170.0,-850.0,39270.906,1.0
-160.0,-850.0,39270.906,1.0
-150.0,-850.0,39270.906,1.0
-140.0,-850.0,39270.906,1.0
-130.0,-850.0,39270.906,1.0
-120.0,-850.0,39270.906,1.0
-110.0,-850.0,39270.906,1.0
-100.0,-850.0,39270.906,1.0
-90.0,-850.0,39270.906,1.0
-80.0,-850.0,39270.906,1.0
-70.0,-850.0,39270.906,1.0
-60.0,-850.0,39270.906,1.0
-50.0,-850.0,39270.906,1.0
-40.0,-850.0,39270.906,1.0
-30.0,-850.0,39270.906,1.0
-20.0,-850.0,39270.906,1.0
-10.0,-850.0,39270.906,1.0
0.0,-850.0,39270.906,1.0
10.0,-850.0,39270.906,1.0
20.0,-850.0,39270.906,1.0
30.0,-850.0,39270.906,1.0
40.0,-850.0,39270.906,1.0
50.0,-850.0,39270.906,1.0
60.0,-850.0,39270.906,1.0
70.0,-850.0,39270.906,1.0
80.0,-850.0,39270.906,1.0
90.0,-850.0,39270.906,1.0
100.0,-850.0,39270.906,1.0
110.0,-850.0,39270.906,1.0
120.0,-850.0,39270.906,1.0
130.0,-850.0,39270.906,1.0
140.0,-850.0,39270.906,1.0
150.0,-850.0,39270.906,1.0
160.0,-850.0,39270.906,1.0
170.0,-850.0,39270.906,1.0
180.0,-850.0,39270.906,1.0
190.0,-850.0,39270.906,1.0
200.0,-850.0,39270.906,1.0
210.0,-850.0,39270.906,1.0
220.0,-850.0,39270.906,1.0
230.0,-850.0,39270.906,1.0
240.0,-850.0,39270.906,1.0
250.0,-850.0,39270.906,1.0
260.0,-850.0,39270.906,1.0
270.0,-850.0,39270.906,1.0
280.0,-850.0,39270.906,1.0
290.0,-850.0,2674.8394,0.0
300.0,-850.0,2643.4824,0.0
310.0,-850.0,2612.476,0.0
320.0,-850.0,2581.819,0.0
330.0,-850.0,2551.512,0.0
340.0,-850.0,2521.5535,0.0
350.0,-850.0,2491.9443,0.0
360.0,-850.0,2462.685,0.0
370.0,-850.0,2433.7744,0.0
380.0,-850.0,2405.2124,0.0
390.0,-850.0,2377.0,0.0
400.0,-850.0,2349.1353,0.0
410.0,-850.0,2321.6199,0.0
420.0,-850.0,2294.4531,0.0
430.0,-850.0,2267.6353,0.0
440.0,-850.0,2241.1655,0.0
450.0,-850.0,2215.044,0.0
460.0,-850.0,2189.2703,0.0
470.0,-850.0,2163.845,0.0
480.0,-850.0,2138.7676,0.0
490.0,-850.0,2114.0376,0.0
500.0,-850.0,2089.6562,0.0
510.0,-850.0,2065.6223,0.0
520.0,-850.0,2041.9353,0.0
530.0,-850.0,2018.5967,0.0
540.0,-850.0,1995.605,0.0
550.0,-850.0,1972.9604,0.0
560.0,-850.0,1950.6631,0.0
570.0,-850.0,1928.7135,0.0
580.0,-850.0,1907.1108,0.0
590.0,-850.0,1885.8555,0.0
600.0,-850.0,1864.9467,0.0
610.0,-850.0,1844.3851,0.0
620.0,-850.0,1824.1692,0.0
630.0,-850.0,1804.3011,0.0
640.0,-850.0,1784.779,0.0
650.0,-850.0,1765.6042,0.0
660.0,-850.0,1746.7764,0.0
670.0,-850.0,1728.2937,0.0
680.0,-850.0,1710.1582,0.0
690.0,-850.0,1692.3689,0.0
700.0,-850.0,1674.9261,0.0
710.0,-850.0,1657.8284,0.0
720.0,-850.0,1641.0776,0.0
730.0,-850.0,1624.672,0.0
740.0,-850.0,1608.6139,0.0
750.0,-850.0,1592.9014,0.0
760.0,-850.0,1577.5356,0.0
770.0,-850.0,1562.5149,0.0
780.0,-850.0,1547.8401,0.0
790.0,-850.0,1533.5107,0.0
800.0,-850.0,1519.5273,0.0
810.0,-850.0,1505.8892,0.0
820.0,-850.0,1492.5972,0.0
830.0,-850.0,1479.65,0.0
840.0,-850.0,1467.0488,0.0
850.0,-850.0,1454.7935,0.0
860.0,-850.0,1442.8832,0.0
870.0,-850.0,1431.319,0.0
880.0,-850.0,1420.0989,0.0
890.0,-850.0,1409.2249,0.0
900.0,-850.0,1398.6958,0.0
910.0,-850.0,1388.512,0.0
920.0,-850.0,1378.6735,0.0
930.0,-850.0,1369.1799,0.0
940.0,-850.0,1360.0323,0.0
950.0,-850.0,1351.2289,0.0
960.0,-850.0,1342.771,0.0
970.0,-850.0,1334.6576,0.0
980.0,-850.0,1326.8904,0.0
990.0,-850.0,1319.4669,0.0
1000.0,-850.0,1312.3887,0.0
1010.0,-850.0,1305.6554,0.0
1020.0,-850.0,1299.2661,0.0
1030.0,-850.0,1293.2229,0.0
1040.0,-850.0,1287.5242,0.0
1050.0,-850.0,1282.1702,0.0
1060.0,-850.0,1277.1611,0.0
1070.0,-850.0,1272.4965,0.0
1080.0,-850.0,1268.1768,0.0
1090.0,-850.0,1264.2017,0.0
1100.0,-850.0,1260.571,0.0
1110.0,-850.0,1257.2855,0.0
1120.0,-850.0,1254.3445,0.0
1130.0,-850.0,1251.748,0.0
1140.0,-850.0,1249.4958,0.0
1150.0,-850.0,1247.5886,0.0
1160.0,-850.0,1246.0254,0.0
1170.0,-850.0,1244.8071,0.0
1180.0,-850.0,1243.9336,0.0
1190.0,-850.0,1243.404,0.0
1200.0,-850.0,1243.2192,0.0
1210.0,-850.0,1243.3792,0.0
1220.0,-850.0,1243.8837,0.0
1230.0,-850.0,1244.7319,0.0
1240.0,-850.0,1245.9246,0.0
1250.0,-850.0,1247.4617,0.0
1260.0,-850.0,1249.3433,0.0
1270.0,-850.0,1251.5693,0.0
1280.0,-850.0,1254.1399,0.0
1290.0,-850.0,1257.0549,0.0
1300.0,-850.0,1260.3137,0.0
1310.0,-850.0,1263.9172,0.0
1320.0,-850.0,1267.8649,0.0
1330.0,-850.0,1272.157,0.0
1340.0,-850.0,1276.7937,0.0
1350.0,-850.0,1281.7742,0.0
1360.0,-850.0,1287.0989,0.0
1370.0,-850.0,1292.768,0.0
1380.0,-850.0,1298.7815,0.0
1390.0,-850.0,1305.1392,0.0
1400.0,-850.0,1311.8407,0.0
1410.0,-850.0,1318.8867,0.0
1420.0,-850.0,1326.2772,0.0
1430.0,-850.0,1334.0116,0.0
1440.0,-850.0,1342.0908,0.0
1450.0,-850.0,1350.5138,0.0
1460.0,-850.0,1359.2808,0.0
1470.0,-850.0,1368.3921,0.0
1480.0,-850.0,1377.8481,0.0
1490.0,-850.0,1387.6472,0.0
1500.0,-850.0,1397.7915,0.0
1510.0,-850.0,1408.279,0.0
1520.0,-850.0,1419.1118,0.0
1530.0,-850.0,1430.2876,0.0
1540.0,-850.0,1441.8082,0.0
1550.0,-850.0,1453.673,0.0
1560.0,-850.0,1465.8811,0.0
1570.0,-850.0,1478.4332,0.0
1580.0,-850.0,1491.3289,0.0
1590.0,-850.0,1504.568,0.0
1600.0,-850.0,1518.1511,0.0
1610.0,-850.0,1532.0789,0.0
1620.0,-850.0,1546.3501,0.0
1630.0,-850.0,1560.967,0.0
1640.0,-850.0,1575.929,0.0
1650.0,-850.0,1591.2349,0.0
1660.0,-850.0,1606.8848,0.0
1670.0,-850.0,1622.8777,0.0
1680.0,-850.0,1639.215,0.0
1690.0,-850.0,1655.896,0.0
1700.0,-850.0,1672.9216,0.0
1710.0,-850.0,1690.291,0.0
1720.0,-850.0,1708.0046,0.0
1730.0,-850.0,1726.0624,0.0
1740.0,-850.0,1744.4646,0.0
1750.0,-850.0,1763.2095,0.0
1760.0,-850.0,1782.2996,0.0
1770.0,-850.0,1801.7329,0.0
1780.0,-850.0,1821.5103,0.0
1790.0,-850.0,1841.6323,0.0
1800.0,-850.0,1862.0983,0.0
-200.0,-840.0,39270.906,1.0
-190.0,-840.0,39270.906,1.0
-180.0,-840.0,39270.906,1.0
-170.0,-840.0,39270.906,1.0
-160.0,-840.0,39270.906,1.0
-150.0,-840.0,39270.906,1.0
-140.0,-840.0,39270.906,1.0
-130.0,-840.0,39270.906,1.0
-120.0,-840.0,39270.906,1.0
-110.0,-840.0,39270.906,1.0
-100.0,-840.0,39270.906,1.0
-90.0,-840.0,39270.906,1.0
-80.0,-840.0,39270.906,1.0
-70.0,-840.0,39270.906,1.0
-60.0,-840.0,39270.906,1.0
-50.0,-840.0,39270.906,1.0
-40.0,-840.0,39270.906,1.0
-30.0,-840.0,39270.906,1.0
-20.0,-840.0,39270.906,1.0
-10.0,-840.0,39270.906,1.0
0.0,-840.0,39270.906,1.0
10.0,-840.0,39270.906,1.0
20.0,-840.0,39270.906,1.0
30.0,-840.0,39270.906,1.0
40.0,-840.0,39270.906,1.0
50.0,-840.0,39270.906,1.0
60.0,-840.0,39270.906,1.0
70.0,-840.0,39270.906,1.0
80.0,-840.0,39270.906,1.0
90.0,-840.0,39270.906,1.0
100.0,-840.0,39270.906,1.0
110.0,-840.0,39270.906,1.0
120.0,-840.0,39270.906,1.0
130.0,-840.0,39270.906,1.0
140.0,-840.0,39270.906,1.0
150.0,-840.0,39270.906,1.0
160.0,-840.0,39270.906,1.0
170.0,-840.0,39270.906,1.0
180.0,-840.0,39270.906,1.0
190.0,-840.0,39270.906,1.0
200.0,-840.0,39270.906,1.0
210.0,-840.0,39270.906,1.0
220.0,-840.0,39270.906,1.0
230.0,-840.0,39270.906,1.0
240.0,-840.0,39270.906,1.0
250.0,-840.0,39270.906,1.0
260.0,-840.0,39270.906,1.0
270.0,-840.0,39270.906,1.0
280.0,-840.0,2709.4006,0.0
290.0,-840.0,2677.3135,0.0
300.0,-840.0,2645.5806,0.0
310.0,-840.0,2614.2017,0.0
320.0,-840.0,2583.1777,0.0
330.0,-840.0,2552.5063,0.0
340.0,-840.0,2522.1892,0.0
350.0,-840.0,2492.2256,0.0
360.0,-840.0,2462.6152,0.0
370.0,-840.0,2433.358,0.0
380.0,-840.0,2404.4546,0.0
390.0,-840.0,2375.9043,0.0
400.0,-840.0,2347.7058,0.0
410.0,-840.0,2319.8608,0.0
420.0,-840.0,2292.3684,0.0
430.0,-840.0,2265.229,0.0
440.0,-840.0,2238.4424,0.0
450.0,-840.0,2212.0088,0.0
460.0,-840.0,2185.9263,0.0
470.0,-840.0,2160.1973,0.0
480.0,-840.0,2134.8196,0.0
490.0,-840.0,2109.795,0.0
500.0,-840.0,2085.121,0.0
510.0,-840.0,2060.7996,0.0
520.0,-840.0,2036.8303,0.0
530.0,-840.0,2013.2124,0.0
540.0,-840.0,1989.9457,0.0
550.0,-840.0,1967.031,0.0
560.0,-840.0,1944.4678,0.0
570.0,-840.0,1922.2559,0.0
580.0,-840.0,1900.3948,0.0
590.0,-840.0,1878.8854,0.0
600.0,-840.0,1857.7268,0.0
610.0,-840.0,1836.9194,0.0
620.0,-840.0,1816.4629,0.0
630.0,-840.0,1796.3574,0.0
640.0,-840.0,1776.6024,0.0
650.0,-840.0,1757.1982,0.0
660.0,-840.0,1738.1453,0.0
670.0,-840.0,1719.4427,0.0
680.0,-840.0,1701.0913,0.0
690.0,-840.0,1683.0898,0.0
700.0,-840.0,1665.4385,0.0
710.0,-840.0,1648.1377,0.0
720.0,-840.0,1631.1865,0.0
730.0,-840.0,1614.5864,0.0
740.0,-840.0,1598.3357,0.0
750.0,-840.0,1582.4368,0.0
760.0,-840.0,1566.887,0.0
770.0,-840.0,1551.6874,0.0
780.0,-840.0,1536.8379,0.0
790.0,-840.0,1522.3376,0.0
800.0,-840.0,1508.1874,0.0
810.0,-840.0,1494.3875,0.0
820.0,-840.0,1480.9364,0.0
830.0,-840.0,1467.8357,0.0
840.0,-840.0,1455.0846,0.0
850.0,-840.0,1442.6829,0.0
860.0,-840.0,1430.6307,0.0
870.0,-840.0,1418.928,0.0
880.0,-840.0,1407.5752,0.0
890.0,-840.0,1396.5712,0.0
900.0,-840.0,1385.9169,0.0
910.0,-840.0,1375.6124,0.0
920.0,-840.0,1365.6565,0.0
930.0,-840.0,1356.0503,0.0
940.0,-840.0,1346.7933,0.0
950.0,-840.0,1337.8853,0.0
960.0,-840.0,1329.3267,0.0
970.0,-840.0,1321.1174,0.0
980.0,-840.0,1313.2571,0.0
990.0,-840.0,1305.7456,0.0
1000.0,-840.0,1298.5833,0.0
1010.0,-840.0,1291.7694,0.0
1020.0,-840.0,1285.3049,0.0
1030.0,-840.0,1279.1897,0.0
1040.0,-840.0,1273.4232,0.0
1050.0,-840.0,1268.006,0.0
1060.0,-840.0,1262.9368,0.0
1070.0,-840.0,1258.217,0.0
1080.0,-840.0,1253.846,0.0
1090.0,-840.0,1249.824,0.0
1100.0,-840.0,1246.15,0.0
1110.0,-840.0,1242.8253,0.0
1120.0,-840.0,1239.8496,0.0
1130.0,-840.0,1237.2224,0.0
1140.0,-840.0,1234.9436,0.0
1150.0,-840.0,1233.0139,0.0
1160.0,-840.0,1231.4324,0.0
1170.0,-840.0,1230.1995,0.0
1180.0,-840.0,1229.3157,0.0
1190.0,-840.0,1228.7803,0.0
1200.0,-840.0,1228.5935,0.0
1210.0,-840.0,1228.7554,0.0
1220.0,-840.0,1229.2651,0.0
1230.0,-840.0,1230.1244,0.0
1240.0,-840.0,1231.3308,0.0
1250.0,-840.0,1232.887,0.0
1260.0,-840.0,1234.7914,0.0
1270.0,-840.0,1237.0438,0.0
1280.0,-840.0,1239.645,0.0
1290.0,-840.0,1242.5946,0.0
1300.0,-840.0,1245.8923,0.0
1310.0,-840.0,1249.539,0.0
1320.0,-840.0,1253.5342,0.0
1330.0,-840.0,1257.8774,0.0
1340.0,-840.0,1262.5688,0.0
1350.0,-840.0,1267.6091,0.0
1360.0,-840.0,1272.9971,0.0
1370.0,-840.0,1278.7344,0.0
1380.0,-840.0,1284.8197,0.0
1390.0,-840.0,1291.2524,0.0
1400.0,-840.0,1298.0344,0.0
1410.0,-840.0,1305.1646,0.0
1420.0,-840.0,1312.643,0.0
1430.0,-840.0,1320.4696,0.0
1440.0,-840.0,1328.645,0.0
1450.0,-840.0,1337.1687,0.0
1460.0,-840.0,1346.0403,0.0
1470.0,-840.0,1355.26,0.0
1480.0,-840.0,1364.8286,0.0
1490.0,-840.0,1374.7449,0.0
1500.0,-840.0,1385.0098,0.0
1510.0,-840.0,1395.6224,0.0
1520.0,-840.0,1406.584,0.0
1530.0,-840.0,1417.8934,0.0
1540.0,-840.0,1429.5513,0.0
1550.0,-840.0,1441.5571,0.0
1560.0,-840.0,1453.9106,0.0
1570.0,-840.0,1466.6116,0.0
1580.0,-840.0,1479.661,0.0
1590.0,-840.0,1493.0583,0.0
1600.0,-840.0,1506.8032,0.0
1610.0,-840.0,1520.8967,0.0
1620.0,-840.0,1535.3384,0.0
1630.0,-840.0,1550.1299,0.0
1640.0,-840.0,1565.2703,0.0
1650.0,-840.0,1580.7587,0.0
1660.0,-840.0,1596.5945,0.0
1670.0,-840.0,1612.7781,0.0
1680.0,-840.0,1629.31,0.0
1690.0,-840.0,1646.1897,0.0
1700.0,-840.0,1663.4181,0.0
1710.0,-840.0,1680.9948,0.0
1720.0,-840.0,1698.9198,0.0
1730.0,-840.0,1717.1921,0.0
1740.0,-840.0,1735.8134,0.0
1750.0,-840.0,1754.7822,0.0
1760.0,-840.0,1774.0999,0.0
1770.0,-840.0,1793.7646,0.0
1780.0,-840.0,1813.7778,0.0
1790.0,-840.0,1834.1387,0.0
1800.0,-840.0,1854.8492,0.0
-200.0,-830.0,39270.906,1.0
-190.0,-830.0,39270.906,1.0
-180.0,-830.0,39270.906,1.0
-170.0,-830.0,39270.906,1.0
-160.0,-830.0,39270.906,1.0
-150.0,-830.0,39270.906,1.0
-140.0,-830.0,39270.906,1.0
-130.0,-830.0,39270.906,1.0
-120.0,-830.0,39270.906,1.0
-110.0,-830.0,39270.906,1.0
-100.0,-830.0,39270.906,1.0
-90.0,-830.0,39270.906,1.0
-80.0,-830.0,39270.906,1.0
-70.0,-830.0,39270.906,1.0
-60.0,-830.0,39270.906,1.0
-50.0,-830.0,39270.906,1.0
-40.0,-830.0,39270.906,1.0
-30.0,-830.0,39270.906,1.0
-20.0,-830.0,39270.906,1.0
-10.0,-830.0,39270.906,1.0
0.0,-830.0,39270.906,1.0
10.0,-830.0,39270.906,1.0
20.0,-830.0,39270.906,1.0
30.0,-830.0,39270.906,1.0
40.0,-830.0,39270.906,1.0
50.0,-830.0,39270.906,1.0
60.0,-830.0,39270.906,1.0
70.0,-830.0,39270.906,1.0
80.0,-830.0,39270.906,1.0
90.0,-830.0,39270.906,1.0
100.0,-830.0,39270.906,1.0
110.0,-830.0,39270.906,1.0
120.0,-830.0,39270.906,1.0
130.0,-830.0,39270.906,1.0
140.0,-830.0,39270.906,1.0
150.0,-830.0,39270.906,1.0
160.0,-830.0,39270.906,1.0
170.0,-830.0,39270.906,1.0
180.0,-830.0,39270.906,1.0
190.0,-830.0,39270.906,1.0
200.0,-830.0,39270.906,1.0
210.0,-830.0,39270.906,1.0
220.0,-830.0,39270.906,1.0
230.0,-830.0,39270.906,1.0
240.0,-830.0,39270.906,1.0
250.0,-830.0,39270.906,1.0
260.0,-830.0,39270.906,1.0
270.0,-830.0,2745.5151,0.0
280.0,-830.0,2712.6794,0.0
290.0,-830.0,2680.2026,0.0
300.0,-830.0,2648.084,0.0
310.0,-830.0,2616.3247,0.0
320.0,-830.0,2584.923,0.0
330.0,-830.0,2553.88,0.0
340.0,-830.0,2523.1948,0.0
350.0,-830.0,2492.8682,0.0
360.0,-830.0,2462.899,0.0
370.0,-830.0,2433.2866,0.0
380.0,-830.0,2404.0327,0.0
390.0,-830.0,2375.1355,0.0
400.0,-830.0,2346.5952,0.0
410.0,-830.0,2318.412,0.0
420.0,-830.0,2290.5874,0.0
430.0,-830.0,2263.1196,0.0
440.0,-830.0,2236.008,0.0
450.0,-830.0,2209.254,0.0
460.0,-830.0,2182.8564,0.0
470.0,-830.0,2156.8154,0.0
480.0,-830.0,2131.1309,0.0
490.0,-830.0,2105.8027,0.0
500.0,-830.0,2080.83,0.0
510.0,-830.0,2056.2139,0.0
520.0,-830.0,2031.9551,0.0
530.0,-830.0,2008.0513,0.0
540.0,-830.0,1984.5037,0.0
550.0,-830.0,1961.3115,0.0
560.0,-830.0,1938.4757,0.0
570.0,-830.0,1915.9951,0.0
580.0,-830.0,1893.8699,0.0
590.0,-830.0,1872.0999,0.0
600.0,-830.0,1850.6863,0.0
610.0,-830.0,1829.6274,0.0
620.0,-830.0,1808.9235,0.0
630.0,-830.0,1788.5754,0.0
640.0,-830.0,1768.5813,0.0
650.0,-830.0,1748.9426,0.0
660.0,-830.0,1729.6603,0.0
670.0,-830.0,1710.7308,0.0
680.0,-830.0,1692.1581,0.0
690.0,-830.0,1673.9397,0.0
700.0,-830.0,1656.0759,0.0
710.0,-830.0,1638.5657,0.0
720.0,-830.0,1621.4105,0.0
730.0,-830.0,1604.6094,0.0
740.0,-830.0,1588.1633,0.0
750.0,-830.0,1572.0713,0.0
760.0,-830.0,1556.3339,0.0
770.0,-830.0,1540.9519,0.0
780.0,-830.0,1525.9229,0.0
790.0,-830.0,1511.248,0.0
800.0,-830.0,1496.927,0.0
810.0,-830.0,1482.9602,0.0
820.0,-830.0,1469.3479,0.0
830.0,-830.0,1456.0891,0.0
840.0,-830.0,1443.1837,0.0
850.0,-830.0,1430.6328,0.0
860.0,-830.0,1418.435,0.0
870.0,-830.0,1406.5918,0.0
880.0,-830.0,1395.1017,0.0
890.0,-830.0,1383.9656,0.0
900.0,-830.0,1373.1832,0.0
910.0,-830.0,1362.7542,0.0
920.0,-830.0,1352.6785,0.0
930.0,-830.0,1342.9563,0.0
940.0,-830.0,1333.5886,0.0
950.0,-830.0,1324.5726,0.0
960.0,-830.0,1315.9111,0.0
970.0,-830.0,1307.6029,0.0
980.0,-830.0,1299.6483,0.0
990.0,-830.0,1292.0459,0.0
1000.0,-830.0,1284.7976,0.0
1010.0,-830.0,1277.9023,0.0
1020.0,-830.0,1271.3597,0.0
1030.0,-830.0,1265.1707,0.0
1040.0,-830.0,1259.335,0.0
1050.0,-830.0,1253.8523,0.0
1060.0,-830.0,1248.7229,0.0
1070.0,-830.0,1243.9457,0.0
1080.0,-830.0,1239.5225,0.0
1090.0,-830.0,1235.4519,0.0
1100.0,-830.0,1231.7344,0.0
1110.0,-830.0,1228.3691,0.0
1120.0,-830.0,1225.3577,0.0
1130.0,-830.0,1222.6995,0.0
1140.0,-830.0,1220.3931,0.0
1150.0,-830.0,1218.4402,0.0
1160.0,-830.0,1216.84,0.0
1170.0,-830.0,1215.5923,0.0
1180.0,-830.0,1214.6981,0.0
1190.0,-830.0,1214.1564,0.0
1200.0,-830.0,1213.9674,0.0
1210.0,-830.0,1214.1309,0.0
1220.0,-830.0,1214.6472,0.0
1230.0,-830.0,1215.5168,0.0
1240.0,-830.0,1216.7385,0.0
1250.0,-830.0,1218.3135,0.0
1260.0,-830.0,1220.2405,0.0
1270.0,-830.0,1222.5205,0.0
1280.0,-830.0,1225.1533,0.0
1290.0,-830.0,1228.1387,0.0
1300.0,-830.0,1231.4766,0.0
1310.0,-830.0,1235.1671,0.0
1320.0,-830.0,1239.2102,0.0
1330.0,-830.0,1243.6061,0.0
1340.0,-830.0,1248.3542,0.0
1350.0,-830.0,1253.4551,0.0
1360.0,-830.0,1258.9087,0.0
1370.0,-830.0,1264.7148,0.0
1380.0,-830.0,1270.8735,0.0
1390.0,-830.0,1277.3843,0.0
1400.0,-830.0,1284.2474,0.0
1410.0,-830.0,1291.464,0.0
1420.0,-830.0,1299.0322,0.0
1430.0,-830.0,1306.9541,0.0
1440.0,-830.0,1315.2283,0.0
1450.0,-830.0,1323.8545,0.0
1460.0,-830.0,1332.8333,0.0
1470.0,-830.0,1342.1643,0.0
1480.0,-830.0,1351.8477,0.0
1490.0,-830.0,1361.884,0.0
1500.0,-830.0,1372.2725,0.0
1510.0,-830.0,1383.0132,0.0
1520.0,-830.0,1394.1072,0.0
1530.0,-830.0,1405.5527,0.0
1540.0,-830.0,1417.351,0.0
1550.0,-830.0,1429.5016,0.0
1560.0,-830.0,1442.0038,0.0
1570.0,-830.0,1454.8586,0.0
1580.0,-830.0,1468.0645,0.0
1590.0,-830.0,1481.6228,0.0
1600.0,-830.0,1495.5339,0.0
1610.0,-830.0,1509.7975,0.0
1620.0,-830.0,1524.4138,0.0
1630.0,-830.0,1539.3844,0.0
1640.0,-830.0,1554.707,0.0
1650.0,-830.0,1570.3821,0.0
1660.0,-830.0,1586.4084,0.0
1670.0,-830.0,1602.7874,0.0
1680.0,-830.0,1619.519,0.0
1690.0,-830.0,1636.6023,0.0
1700.0,-830.0,1654.038,0.0
1710.0,-830.0,1671.8271,0.0
1720.0,-830.0,1689.9677,0.0
1730.0,-830.0,1708.4608,0.0
1740.0,-830.0,1727.3065,0.0
1750.0,-830.0,1746.5042,0.0
1760.0,-830.0,1766.054,0.0
1770.0,-830.0,1785.9563,0.0
1780.0,-830.0,1806.2107,0.0
1790.0,-830.0,1826.8179,0.0
1800.0,-830.0,1847.7769,0.0
-200.0,-820.0,39270.906,1.0
-190.0,-820.0,39270.906,1.0
-180.0,-820.0,39270.906,1.0
-170.0,-820.0,39270.906,1.0
-160.0,-820.0,39270.906,1.0
-150.0,-820.0,39270.906,1.0
-140.0,-820.0,39270.906,1.0
-130.0,-820.0,39270.906,1.0
-120.0,-820.0,39270.906,1.0
-110.0,-820.0,39270.906,1.0
-100.0,-820.0,39270.906,1.0
-90.0,-820.0,39270.906,1.0
-80.0,-820.0,39270.906,1.0
-70.0,-820.0,39270.906,1.0
-60.0,-820.0,39270.906,1.0
-50.0,-820.0,39270.906,1.0
-40.0,-820.0,39270.906,1.0
-30.0,-820.0,39270.906,1.0
-20.0,-820.0,39270.906,1.0
-10.0,-820.0,39270.906,1.0
0.0,-820.0,39270.906,1.0
10.0,-820.0,39270.906,1.0
20.0,-820.0,39270.906,1.0
30.0,-820.0,39270.906,1.0
40.0,-820.0,39270.906,1.0
50.0,-820.0,39270.906,1.0
60.0,-820.0,39270.906,1.0
70.0,-820.0,39270.906,1.0
80.0,-820.0,39270.906,1.0
90.0,-820.0,39270.906,1.0
100.0,-820.0,39270.906,1.0
110.0,-820.0,39270.906,1.0
120.0,-820.0,39270.906,1.0
130.0,-820.0,39270.906,1.0
140.0,-820.0,39270.906,1.0
150.0,-820.0,39270.906,1.0
160.0,-820.0,39270.906,1.0
170.0,-820.0,39270.906,1.0
180.0,-820.0,39270.906,1.0
190.0,-820.0,39270.906,1.0
200.0,-820.0,39270.906,1.0
210.0,-820.0,39270.906,1.0
220.0,-820.0,39270.906,1.0
230.0,-820.0,39270.906,1.0
240.0,-820.0,39270.906,1.0
250.0,-820.0,39270.906,1.0
260.0,-820.0,2783.2402,0.0
270.0,-820.0,2749.6375,0.0
280.0,-820.0,2716.3982,0.0
290.0,-820.0,2683.522,0.0
300.0,-820.0,2651.0088,0.0
310.0,-820.0,2618.8586,0.0
320.0,-820.0,2587.071,0.0
330.0,-820.0,2555.646,0.0
340.0,-820.0,2524.5833,0.0
350.0,-820.0,2493.8843,0.0
360.0,-820.0,2463.5474,0.0
370.0,-820.0,2433.5715,0.0
380.0,-820.0,2403.9587,0.0
390.0,-820.0,2374.7065,0.0
400.0,-820.0,2345.8164,0.0
410.0,-820.0,2317.2886,0.0
420.0,-820.0,2289.1213,0.0
430.0,-820.0,2261.3164,0.0
440.0,-820.0,2233.8726,0.0
450.0,-820.0,2206.791,0.0
460.0,-820.0,2180.0686,0.0
470.0,-820.0,2153.7087,0.0
480.0,-820.0,2127.7095,0.0
490.0,-820.0,2102.0708,0.0
500.0,-820.0,2076.7925,0.0
510.0,-820.0,2051.8755,0.0
520.0,-820.0,2027.3187,0.0
530.0,-820.0,2003.1217,0.0
540.0,-820.0,1979.286,0.0
550.0,-820.0,1955.8099,0.0
560.0,-820.0,1932.6946,0.0
570.0,-820.0,1909.9386,0.0
580.0,-820.0,1887.543,0.0
590.0,-820.0,1865.507,0.0
600.0,-820.0,1843.8308,0.0
610.0,-820.0,1822.5146,0.0
620.0,-820.0,1801.5575,0.0
630.0,-820.0,1780.9604,0.0
640.0,-820.0,1760.723,0.0
650.0,-820.0,1740.8436,0.0
660.0,-820.0,1721.3247,0.0
670.0,-820.0,1702.1654,0.0
680.0,-820.0,1683.3644,0.0
690.0,-820.0,1664.9236,0.0
700.0,-820.0,1646.8413,0.0
710.0,-820.0,1629.1174,0.0
720.0,-820.0,1611.7529,0.0
730.0,-820.0,1594.7467,0.0
740.0,-820.0,1578.0994,0.0
750.0,-820.0,1561.8108,0.0
760.0,-820.0,1545.8811,0.0
770.0,-820.0,1530.3105,0.0
780.0,-820.0,1515.0986,0.0
790.0,-820.0,1500.2449,0.0
800.0,-820.0,1485.749,0.0
810.0,-820.0,1471.6119,0.0
820.0,-820.0,1457.8333,0.0
830.0,-820.0,1444.4124,0.0
840.0,-820.0,1431.35,0.0
850.0,-820.0,1418.6455,0.0
860.0,-820.0,1406.2996,0.0
870.0,-820.0,1394.3118,0.0
880.0,-820.0,1382.6816,0.0
890.0,-820.0,1371.4094,0.0
900.0,-820.0,1360.4955,0.0
910.0,-820.0,1349.9388,0.0
920.0,-820.0,1339.7411,0.0
930.0,-820.0,1329.9004,0.0
940.0,-820.0,1320.4177,0.0
950.0,-820.0,1311.2922,0.0
960.0,-820.0,1302.5254,0.0
970.0,-820.0,1294.1158,0.0
980.0,-820.0,1286.064,0.0
990.0,-820.0,1278.3694,0.0
1000.0,-820.0,1271.0325,0.0
1010.0,-820.0,1264.0532,0.0
1020.0,-820.0,1257.4307,0.0
1030.0,-820.0,1251.1665,0.0
1040.0,-820.0,1245.2595,0.0
1050.0,-820.0,1239.7107,0.0
1060.0,-820.0,1234.5182,0.0
1070.0,-820.0,1229.6833,0.0
1080.0,-820.0,1225.2058,0.0
1090.0,-820.0,1221.0863,0.0
1100.0,-820.0,1217.3235,0.0
1110.0,-820.0,1213.9177,0.0
1120.0,-820.0,1210.8696,0.0
1130.0,-820.0,1208.1786,0.0
1140.0,-820.0,1205.8445,0.0
1150.0,-820.0,1203.8677,0.0
1160.0,-820.0,1202.2483,0.0
1170.0,-820.0,1200.9858,0.0
1180.0,-820.0,1200.0803,0.0
1190.0,-820.0,1199.5325,0.0
1200.0,-820.0,1199.3413,0.0
1210.0,-820.0,1199.5074,0.0
1220.0,-820.0,1200.0303,0.0
1230.0,-820.0,1200.9104,0.0
1240.0,-820.0,1202.1475,0.0
1250.0,-820.0,1203.7412,0.0
1260.0,-820.0,1205.6919,0.0
1270.0,-820.0,1208.0,0.0
1280.0,-820.0,1210.665,0.0
1290.0,-820.0,1213.6868,0.0
1300.0,-820.0,1217.0654,0.0
1310.0,-820.0,1220.8008,0.0
1320.0,-820.0,1224.8936,0.0
1330.0,-820.0,1229.3433,0.0
1340.0,-820.0,1234.1497,0.0
1350.0,-820.0,1239.3129,0.0
1360.0,-820.0,1244.8333,0.0
1370.0,-820.0,1250.7102,0.0
1380.0,-820.0,1256.9441,0.0
1390.0,-820.0,1263.5343,0.0
1400.0,-820.0,1270.4813,0.0
1410.0,-820.0,1277.786,0.0
1420.0,-820.0,1285.4473,0.0
1430.0,-820.0,1293.465,0.0
1440.0,-820.0,1301.8405,0.0
1450.0,-820.0,1310.5719,0.0
1460.0,-820.0,1319.6602,0.0
1470.0,-820.0,1329.1057,0.0
1480.0,-820.0,1338.9069,0.0
1490.0,-820.0,1349.0658,0.0
1500.0,-820.0,1359.581,0.0
1510.0,-820.0,1370.4531,0.0
1520.0,-820.0,1381.6819,0.0
1530.0,-820.0,1393.2675,0.0
1540.0,-820.0,1405.2097,0.0
1550.0,-820.0,1417.5085,0.0
1560.0,-820.0,1430.1632,0.0
1570.0,-820.0,1443.1744,0.0
1580.0,-820.0,1456.5417,0.0
1590.0,-820.0,1470.265,0.0
1600.0,-820.0,1484.3467,0.0
1610.0,-820.0,1498.7842,0.0
1620.0,-820.0,1513.5803,0.0
1630.0,-820.0,1528.7336,0.0
1640.0,-820.0,1544.2427,0.0
1650.0,-820.0,1560.1086,0.0
1660.0,-820.0,1576.3307,0.0
1670.0,-820.0,1592.91,0.0
1680.0,-820.0,1609.8447,0.0
1690.0,-820.0,1627.1375,0.0
1700.0,-820.0,1644.7861,0.0
1710.0,-820.0,1662.7917,0.0
1720.0,-820.0,1681.1544,0.0
1730.0,-820.0,1699.8729,0.0
1740.0,-820.0,1718.9482,0.0
1750.0,-820.0,1738.3804,0.0
1760.0,-820.0,1758.1691,0.0
1770.0,-820.0,1778.314,0.0
1780.0,-820.0,1798.8162,0.0
1790.0,-820.0,1819.6743,0.0
1800.0,-820.0,1840.8889,0.0
-200.0,-810.0,39270.906,1.0
-190.0,-810.0,39270.906,1.0
-180.0,-810.0,39270.906,1.0
-170.0,-810.0,39270.906,1.0
-160.0,-810.0,39270.906,1.0
-150.0,-810.0,39270.906,1.0
-140.0,-810.0,39270.906,1.0
-130.0,-810.0,39270.906,1.0
-120.0,-810.0,39270.906,1.0
-110.0,-810.0,39270.906,1.0
-100.0,-810.0,39270.906,1.0
-90.0,-810.0,39270.906,1.0
-80.0,-810.0,39270.906,1.0
-70.0,-810.0,39270.906,1.0
-60.0,-810.0,39270.906,1.0
-50.0,-810.0,39270.906,1.0
-40.0,-810.0,39270.906,1.0
-30.0,-810.0,39270.906,1.0
-20.0,-810.0,39270.906,1.0
-10.0,-810.0,39270.906,1.0
0.0,-810.0,39270.906,1.0
10.0,-810.0,39270.906,1.0
20.0,-810.0,39270.906,1.0
30.0,-810.0,39270.906,1.0
40.0,-810.0,39270.906,1.0
50.0,-810.0,39270.906,1.0
60.0,-810.0,39270.906,1.0
70.0,-810.0,39270.906,1.0
80.0,-810.0,39270.906,1.0
90.0,-810.0,39270.906,1.0
100.0,-810.0,39270.906,1.0
110.0,-810.0,39270.906,1.0
120.0,-810.0,39270.906,1.0
130.0,-810.0,39270.906,1.0
140.0,-810.0,39270.906,1.0
150.0,-810.0,39270.906,1.0
160.0,-810.0,39270.906,1.0
170.0,-810.0,39270.906,1.0
180.0,-810.0,39270.906,1.0
190.0,-810.0,39270.906,1.0
200.0,-810.0,39270.906,1.0
210.0,-810.0,39270.906,1.0
220.0,-810.0,39270.906,1.0
230.0,-810.0,39270.906,1.0
240.0,-810.0,39270.906,1.0
250.0,-810.0,2822.6372,0.0
260.0,-810.0,2788.2485,0.0
270.0,-810.0,2754.2266,0.0
280.0,-810.0,2720.5725,0.0
290.0,-810.0,2687.2878,0.0
300.0,-810.0,2654.3694,0.0
310.0,-810.0,2621.8196,0.0
320.0,-810.0,2589.6357,0.0
330.0,-810.0,2557.8198,0.0
340.0,-810.0,2526.3716,0.0
350.0,-810.0,2495.2893,0.0
360.0,-810.0,2464.5747,0.0
370.0,-810.0,2434.2275,0.0
380.0,-810.0,2404.2456,0.0
390.0,-810.0,2374.6313,0.0
400.0,-810.0,2345.3818,0.0
410.0,-810.0,2316.4993,0.0
420.0,-810.0,2287.9824,0.0
430.0,-810.0,2259.8315,0.0
440.0,-810.0,2232.047,0.0
450.0,-810.0,2204.6292,0.0
460.0,-810.0,2177.5754,0.0
470.0,-810.0,2150.8877,0.0
480.0,-810.0,2124.566,0.0
490.0,-810.0,2098.6094,0.0
500.0,-810.0,2073.0178,0.0
510.0,-810.0,2047.791,0.0
520.0,-810.0,2022.93,0.0
530.0,-810.0,1998.4336,0.0
540.0,-810.0,1974.3022,0.0
550.0,-810.0,1950.5354,0.0
560.0,-810.0,1927.1329,0.0
570.0,-810.0,1904.0952,0.0
580.0,-810.0,1881.4222,0.0
590.0,-810.0,1859.1138,0.0
600.0,-810.0,1837.1683,0.0
610.0,-810.0,1815.5879,0.0
620.0,-810.0,1794.3716,0.0
630.0,-810.0,1773.5195,0.0
640.0,-810.0,1753.0315,0.0
650.0,-810.0,1732.9062,0.0
660.0,-810.0,1713.1455,0.0
670.0,-810.0,1693.7485,0.0
680.0,-810.0,1674.7151,0.0
690.0,-810.0,1656.0459,0.0
700.0,-810.0,1637.7401,0.0
710.0,-810.0,1619.7975,0.0
720.0,-810.0,1602.2184,0.0
730.0,-810.0,1585.0015,0.0
740.0,-810.0,1568.1482,0.0
750.0,-810.0,1551.6586,0.0
760.0,-810.0,1535.5321,0.0
770.0,-810.0,1519.7686,0.0
780.0,-810.0,1504.3685,0.0
790.0,-810.0,1489.3313,0.0
800.0,-810.0,1474.6562,0.0
810.0,-810.0,1460.3442,0.0
820.0,-810.0,1446.3955,0.0
830.0,-810.0,1432.809,0.0
840.0,-810.0,1419.585,0.0
850.0,-810.0,1406.7244,0.0
860.0,-810.0,1394.2255,0.0
870.0,-810.0,1382.0898,0.0
880.0,-810.0,1370.3153,0.0
890.0,-810.0,1358.9045,0.0
900.0,-810.0,1347.8555,0.0
910.0,-810.0,1337.1687,0.0
920.0,-810.0,1326.8445,0.0
930.0,-810.0,1316.8826,0.0
940.0,-810.0,1307.283,0.0
950.0,-810.0,1298.0457,0.0
960.0,-810.0,1289.1704,0.0
970.0,-810.0,1280.657,0.0
980.0,-810.0,1272.5056,0.0
990.0,-810.0,1264.7162,0.0
1000.0,-810.0,1257.2888,0.0
1010.0,-810.0,1250.2235,0.0
1020.0,-810.0,1243.5199,0.0
1030.0,-810.0,1237.1782,0.0
1040.0,-810.0,1231.1987,0.0
1050.0,-810.0,1225.5806,0.0
1060.0,-810.0,1220.3245,0.0
1070.0,-810.0,1215.4303,0.0
1080.0,-810.0,1210.8977,0.0
1090.0,-810.0,1206.7266,0.0
1100.0,-810.0,1202.9177,0.0
1110.0,-810.0,1199.4705,0.0
1120.0,-810.0,1196.3848,0.0
1130.0,-810.0,1193.6604,0.0
1140.0,-810.0,1191.2981,0.0
1150.0,-810.0,1189.2966,0.0
1160.0,-810.0,1187.6577,0.0
1170.0,-810.0,1186.3796,0.0
1180.0,-810.0,1185.4629,0.0
1190.0,-810.0,1184.9086,0.0
1200.0,-810.0,1184.7151,0.0
1210.0,-810.0,1184.8835,0.0
1220.0,-810.0,1185.4131,0.0
1230.0,-810.0,1186.3042,0.0
1240.0,-810.0,1187.5562,0.0
1250.0,-810.0,1189.1699,0.0
1260.0,-810.0,1191.1453,0.0
1270.0,-810.0,1193.4819,0.0
1280.0,-810.0,1196.1799,0.0
1290.0,-810.0,1199.2391,0.0
1300.0,-810.0,1202.6593,0.0
1310.0,-810.0,1206.4419,0.0
1320.0,-810.0,1210.585,0.0
1330.0,-810.0,1215.0896,0.0
1340.0,-810.0,1219.9552,0.0
1350.0,-810.0,1225.1826,0.0
1360.0,-810.0,1230.771,0.0
1370.0,-810.0,1236.7206,0.0
1380.0,-810.0,1243.0315,0.0
1390.0,-810.0,1249.7036,0.0
1400.0,-810.0,1256.7367,0.0
1410.0,-810.0,1264.1311,0.0
1420.0,-810.0,1271.8873,0.0
1430.0,-810.0,1280.0046,0.0
1440.0,-810.0,1288.4827,0.0
1450.0,-810.0,1297.3221,0.0
1460.0,-810.0,1306.5233,0.0
1470.0,-810.0,1316.0852,0.0
1480.0,-810.0,1326.0079,0.0
1490.0,-810.0,1336.2922,0.0
1500.0,-810.0,1346.9375,0.0
1510.0,-810.0,1357.9438,0.0
1520.0,-810.0,1369.3119,0.0
1530.0,-810.0,1381.0403,0.0
1540.0,-810.0,1393.13,0.0
1550.0,-810.0,1405.5802,0.0
1560.0,-810.0,1418.3912,0.0
1570.0,-810.0,1431.5632,0.0
1580.0,-810.0,1445.0956,0.0
1590.0,-810.0,1458.989,0.0
1600.0,-810.0,1473.2441,0.0
1610.0,-810.0,1487.8608,0.0
1620.0,-810.0,1502.8403,0.0
1630.0,-810.0,1518.1799,0.0
1640.0,-810.0,1533.8818,0.0
1650.0,-810.0,1549.943,0.0
1660.0,-810.0,1566.3655,0.0
1670.0,-810.0,1583.1494,0.0
1680.0,-810.0,1600.2937,0.0
1690.0,-810.0,1617.7998,0.0
1700.0,-810.0,1635.6669,0.0
1710.0,-810.0,1653.8953,0.0
1720.0,-810.0,1672.4845,0.0
1730.0,-810.0,1691.4341,0.0
1740.0,-810.0,1710.7451,0.0
1750.0,-810.0,1730.4174,0.0
1760.0,-810.0,1750.4503,0.0
1770.0,-810.0,1770.8441,0.0
1780.0,-810.0,1791.5999,0.0
1790.0,-810.0,1812.7156,0.0
1800.0,-810.0,1834.1926,0.0
-200.0,-800.0,39270.906,1.0
-190.0,-800.0,39270.906,1.0
-180.0,-800.0,39270.906,1.0
-170.0,-800.0,39270.906,1.0
-160.0,-800.0,39270.906,1.0
-150.0,-800.0,39270.906,1.0
-140.0,-800.0,39270.906,1.0
-130.0,-800.0,39270.906,1.0
-120.0,-800.0,39270.906,1.0
-110.0,-800.0,39270.906,1.0
-100.0,-800.0,39270.906,1.0
-90.0,-800.0,39270.906,1.0
-80.0,-800.0,39270.906,1.0
-70.0,-800.0,39270.906,1.0
-60.0,-800.0,39270.906,1.0
-50.0,-800.0,39270.906,1.0
-40.0,-800.0,39270.906,1.0
-30.0,-800.0,39270.906,1.0
-20.0,-800.0,39270.906,1.0
-10.0,-800.0,39270.906,1.0
0.0,-800.0,39270.906,1.0
10.0,-800.0,39270.906,1.0
20.0,-800.0,39270.906,1.0
30.0,-800.0,39270.906,1.0
40.0,-800.0,39270.906,1.0
50.0,-800.0,39270.906,1.0
60.0,-800.0,39270.906,1.0
70.0,-800.0,39270.906,1.0
80.0,-800.0,39270.906,1.0
90.0,-800.0,39270.906,1.0
100.0,-800.0,39270.906,1.0
110.0,-800.0,39270.906,1.0
120.0,-800.0,39270.906,1.0
130.0,-800.0,39270.906,1.0
140.0,-800.0,39270.906,1.0
150.0,-800.0,39270.906,1.0
160.0,-800.0,39270.906,1.0
170.0,-800.0,39270.906,1.0
180.0,-800.0,39270.906,1.0
190.0,-800.0,39270.906,1.0
200.0,-800.0,39270.906,1.0
210.0,-800.0,39270.906,1.0
220.0,-800.0,39270.906,1.0
230.0,-800.0,39270.906,1.0
240.0,-800.0,2863.771,0.0
250.0,-800.0,2828.5737,0.0
260.0,-800.0,2793.751,0.0
270.0,-800.0,2759.2996,0.0
280.0,-800.0,2725.2217,0.0
290.0,-800.0,2691.516,0.0
300.0,-800.0,2658.183,0.0
310.0,-800.0,2625.2217,0.0
320.0,-800.0,2592.6338,0.0
330.0,-800.0,2560.4165,0.0
340.0,-800.0,2528.571,0.0
350.0,-800.0,2497.0984,0.0
360.0,-800.0,2465.9966,0.0
370.0,-800.0,2435.2666,0.0
380.0,-800.0,2404.9084,0.0
390.0,-800.0,2374.921,0.0
400.0,-800.0,2345.3032,0.0
410.0,-800.0,2316.0571,0.0
420.0,-800.0,2287.182,0.0
430.0,-800.0,2258.6775,0.0
440.0,-800.0,2230.5435,0.0
450.0,-800.0,2202.7803,0.0
460.0,-800.0,2175.3872,0.0
470.0,-800.0,2148.3638,0.0
480.0,-800.0,2121.7114,0.0
490.0,-800.0,2095.4285,0.0
500.0,-800.0,2069.5154,0.0
510.0,-800.0,2043.972,0.0
520.0,-800.0,2018.7993,0.0
530.0,-800.0,1993.9946,0.0
540.0,-800.0,1969.5599,0.0
550.0,-800.0,1945.4949,0.0
560.0,-800.0,1921.7993,0.0
570.0,-800.0,1898.4719,0.0
580.0,-800.0,1875.5144,0.0
590.0,-800.0,1852.9258,0.0
600.0,-800.0,1830.7058,0.0
610.0,-800.0,1808.8547,0.0
620.0,-800.0,1787.3726,0.0
630.0,-800.0,1766.2585,0.0
640.0,-800.0,1745.5134,0.0
650.0,-800.0,1725.1372,0.0
660.0,-800.0,1705.1284,0.0
670.0,-800.0,1685.4879,0.0
680.0,-800.0,1666.2158,0.0
690.0,-800.0,1647.313,0.0
700.0,-800.0,1628.7778,0.0
710.0,-800.0,1610.6101,0.0
720.0,-800.0,1592.8104,0.0
730.0,-800.0,1575.3789,0.0
740.0,-800.0,1558.3142,0.0
750.0,-800.0,1541.6185,0.0
760.0,-800.0,1525.2893,0.0
770.0,-800.0,1509.3286,0.0
780.0,-800.0,1493.7358,0.0
790.0,-800.0,1478.5104,0.0
800.0,-800.0,1463.6522,0.0
810.0,-800.0,1449.1614,0.0
820.0,-800.0,1435.0376,0.0
830.0,-800.0,1421.2809,0.0
840.0,-800.0,1407.892,0.0
850.0,-800.0,1394.8696,0.0
860.0,-800.0,1382.2151,0.0
870.0,-800.0,1369.9272,0.0
880.0,-800.0,1358.0063,0.0
890.0,-800.0,1346.4526,0.0
900.0,-800.0,1335.2654,0.0
910.0,-800.0,1324.4454,0.0
920.0,-800.0,1313.9922,0.0
930.0,-800.0,1303.9055,0.0
940.0,-800.0,1294.1857,0.0
950.0,-800.0,1284.833,0.0
960.0,-800.0,1275.8464,0.0
970.0,-800.0,1267.2272,0.0
980.0,-800.0,1258.9739,0.0
990.0,-800.0,1251.0874,0.0
1000.0,-800.0,1243.5674,0.0
1010.0,-800.0,1236.4138,0.0
1020.0,-800.0,1229.6267,0.0
1030.0,-800.0,1223.2057,0.0
1040.0,-800.0,1217.1512,0.0
1050.0,-800.0,1211.4631,0.0
1060.0,-800.0,1206.1415,0.0
1070.0,-800.0,1201.1863,0.0
1080.0,-800.0,1196.5972,0.0
1090.0,-800.0,1192.3745,0.0
1100.0,-800.0,1188.5178,0.0
1110.0,-800.0,1185.0276,0.0
1120.0,-800.0,1181.9031,0.0
1130.0,-800.0,1179.145,0.0
1140.0,-800.0,1176.7534,0.0
1150.0,-800.0,1174.7272,0.0
1160.0,-800.0,1173.0674,0.0
1170.0,-800.0,1171.7739,0.0
1180.0,-800.0,1170.8462,0.0
1190.0,-800.0,1170.2844,0.0
1200.0,-800.0,1170.0891,0.0
1210.0,-800.0,1170.2595,0.0
1220.0,-800.0,1170.7959,0.0
1230.0,-800.0,1171.6985,0.0
1240.0,-800.0,1172.966,0.0
1250.0,-800.0,1174.6002,0.0
1260.0,-800.0,1176.6003,0.0
1270.0,-800.0,1178.966,0.0
1280.0,-800.0,1181.6981,0.0
1290.0,-800.0,1184.7957,0.0
1300.0,-800.0,1188.2593,0.0
1310.0,-800.0,1192.0889,0.0
1320.0,-800.0,1196.2838,0.0
1330.0,-800.0,1200.845,0.0
1340.0,-800.0,1205.7716,0.0
1350.0,-800.0,1211.0645,0.0
1360.0,-800.0,1216.7227,0.0
1370.0,-800.0,1222.7473,0.0
1380.0,-800.0,1229.1368,0.0
1390.0,-800.0,1235.8927,0.0
1400.0,-800.0,1243.0135,0.0
1410.0,-800.0,1250.5012,0.0
1420.0,-800.0,1258.3541,0.0
1430.0,-800.0,1266.573,0.0
1440.0,-800.0,1275.1576,0.0
1450.0,-800.0,1284.1074,0.0
1460.0,-800.0,1293.4235,0.0
1470.0,-800.0,1303.1045,0.0
1480.0,-800.0,1313.1521,0.0
1490.0,-800.0,1323.5651,0.0
1500.0,-800.0,1334.3435,0.0
1510.0,-800.0,1345.4875,0.0
1520.0,-800.0,1356.9978,0.0
1530.0,-800.0,1368.8732,0.0
1540.0,-800.0,1381.1135,0.0
1550.0,-800.0,1393.7197,0.0
1560.0,-800.0,1406.6907,0.0
1570.0,-800.0,1420.0266,0.0
1580.0,-800.0,1433.7285,0.0
1590.0,-800.0,1447.7963,0.0
1600.0,-800.0,1462.23,0.0
1610.0,-800.0,1477.0304,0.0
1620.0,-800.0,1492.1968,0.0
1630.0,-800.0,1507.7288,0.0
1640.0,-800.0,1523.6262,0.0
1650.0,-800.0,1539.8887,0.0
1660.0,-800.0,1556.5164,0.0
1670.0,-800.0,1573.5105,0.0
1680.0,-800.0,1590.8694,0.0
1690.0,-800.0,1608.5945,0.0
1700.0,-800.0,1626.6853,0.0
1710.0,-800.0,1645.1414,0.0
1720.0,-800.0,1663.9626,0.0
1730.0,-800.0,1683.1498,0.0
1740.0,-800.0,1702.7028,0.0
1750.0,-800.0,1722.6208,0.0
1760.0,-800.0,1742.9045,0.0
1770.0,-800.0,1763.5538,0.0
1780.0,-800.0,1784.5685,0.0
1790.0,-800.0,1805.9481,0.0
1800.0,-800.0,1827.6945,0.0
-200.0,-790.0,39270.906,1.0
-190.0,-790.0,39270.906,1.0
-180.0,-790.0,39270.906,1.0
-170.0,-790.0,39270.906,1.0
-160.0,-790.0,39270.906,1.0
-150.0,-790.0,39270.906,1.0
-140.0,-790.0,39270.906,1.0
-130.0,-790.0,39270.906,1.0
-120.0,-790.0,39270.906,1.0
-110.0,-790.0,39270.906,1.0
-100.0,-790.0,39270.906,1.0
-90.0,-790.0,39270.906,1.0
-80.0,-790.0,39270.906,1.0
-70.0,-790.0,39270.906,1.0
-60.0,-790.0,39270.906,1.0
-50.0,-790.0,39270.906,1.0
-40.0,-790.0,39270.906,1.0
-30.0,-790.0,39270.906,1.0
-20.0,-790.0,39270.906,1.0
-10.0,-790.0,39270.906,1.0
0.0,-790.0,39270.906,1.0
10.0,-790.0,39270.906,1.0
20.0,-790.0,39270.906,1.0
30.0,-790.0,39270.906,1.0
40.0,-790.0,39270.906,1.0
50.0,-790.0,39270.906,1.0
60.0,-790.0,39270.906,1.0
70.0,-790.0,39270.906,1.0
80.0,-790.0,39270.906,1.0
90.0,-790.0,39270.906,1.0
100.0,-790.0,39270.906,1.0
110.0,-790.0,39270.906,1.0
120.0,-790.0,39270.906,1.0
130.0,-790.0,39270.906,1.0
140.0,-790.0,39270.906,1.0
150.0,-790.0,39270.906,1.0
160.0,-790.0,39270.906,1.0
170.0,-790.0,39270.906,1.0
180.0,-790.0,39270.906,1.0
190.0,-790.0,39270.906,1.0
200.0,-790.0,39270.906,1.0
210.0,-790.0,39270.906,1.0
220.0,-790.0,39270.906,1.0
230.0,-790.0,39270.906,1.0
240.0,-790.0,2870.6821,0.0
250.0,-790.0,2835.0356,0.0
260.0,-790.0,2799.7668,0.0
270.0,-790.0,2764.8743,0.0
280.0,-790.0,2730.3618,0.0
290.0,-790.0,2696.226,0.0
300.0,-790.0,2662.4668,0.0
310.0,-790.0,2629.0854,0.0
320.0,-790.0,2596.0806,0.0
330.0,-790.0,2563.4524,0.0
340.0,-790.0,2531.2007,0.0
350.0,-790.0,2499.3262,0.0
360.0,-790.0,2467.8276,0.0
370.0,-790.0,2436.706,0.0
380.0,-790.0,2405.9604,0.0
390.0,-790.0,2375.5903,0.0
400.0,-790.0,2345.5955,0.0
410.0,-790.0,2315.9775,0.0
420.0,-790.0,2286.7344,0.0
430.0,-790.0,2257.8662,0.0
440.0,-790.0,2229.3735,0.0
450.0,-790.0,2201.2568,0.0
460.0,-790.0,2173.5142,0.0
470.0,-790.0,2146.148,0.0
480.0,-790.0,2119.1562,0.0
490.0,-790.0,2092.5386,0.0
500.0,-790.0,2066.2957,0.0
510.0,-790.0,2040.4275,0.0
520.0,-790.0,2014.9337,0.0
530.0,-790.0,1989.8146,0.0
540.0,-790.0,1965.0698,0.0
550.0,-790.0,1940.6978,0.0
560.0,-790.0,1916.701,0.0
570.0,-790.0,1893.0779,0.0
580.0,-790.0,1869.8281,0.0
590.0,-790.0,1846.9528,0.0
600.0,-790.0,1824.4504,0.0
610.0,-790.0,1802.322,0.0
620.0,-790.0,1780.5667,0.0
630.0,-790.0,1759.185,0.0
640.0,-790.0,1738.1765,0.0
650.0,-790.0,1717.5415,0.0
660.0,-790.0,1697.2787,0.0
670.0,-790.0,1677.3892,0.0
680.0,-790.0,1657.8726,0.0
690.0,-790.0,1638.7292,0.0
700.0,-790.0,1619.9587,0.0
710.0,-790.0,1601.5607,0.0
720.0,-790.0,1583.5361,0.0
730.0,-790.0,1565.883,0.0
740.0,-790.0,1548.6028,0.0
750.0,-790.0,1531.6941,0.0
760.0,-790.0,1515.1587,0.0
770.0,-790.0,1498.9949,0.0
780.0,-790.0,1483.2047,0.0
790.0,-790.0,1467.7861,0.0
800.0,-790.0,1452.7397,0.0
810.0,-790.0,1438.0654,0.0
820.0,-790.0,1423.763,0.0
830.0,-790.0,1409.832,0.0
840.0,-790.0,1396.2731,0.0
850.0,-790.0,1383.0863,0.0
860.0,-790.0,1370.2715,0.0
870.0,-790.0,1357.8273,0.0
880.0,-790.0,1345.7559,0.0
890.0,-790.0,1334.0558,0.0
900.0,-790.0,1322.7269,0.0
910.0,-790.0,1311.7698,0.0
920.0,-790.0,1301.1844,0.0
930.0,-790.0,1290.9707,0.0
940.0,-790.0,1281.1276,0.0
950.0,-790.0,1271.6562,0.0
960.0,-790.0,1262.5565,0.0
970.0,-790.0,1253.8274,0.0
980.0,-790.0,1245.4698,0.0
990.0,-790.0,1237.4838,0.0
1000.0,-790.0,1229.8684,0.0
1010.0,-790.0,1222.6241,0.0
1020.0,-790.0,1215.7512,0.0
1030.0,-790.0,1209.2495,0.0
1040.0,-790.0,1203.1188,0.0
1050.0,-790.0,1197.3586,0.0
1060.0,-790.0,1191.9696,0.0
1070.0,-790.0,1186.9521,0.0
1080.0,-790.0,1182.3048,0.0
1090.0,-790.0,1178.0283,0.0
1100.0,-790.0,1174.1234,0.0
1110.0,-790.0,1170.5891,0.0
1120.0,-790.0,1167.4254,0.0
1130.0,-790.0,1164.6326,0.0
1140.0,-790.0,1162.2103,0.0
1150.0,-790.0,1160.159,0.0
1160.0,-790.0,1158.4783,0.0
1170.0,-790.0,1157.1687,0.0
1180.0,-790.0,1156.2297,0.0
1190.0,-790.0,1155.6602,0.0
1200.0,-790.0,1155.4629,0.0
1210.0,-790.0,1155.6357,0.0
1220.0,-790.0,1156.179,0.0
1230.0,-790.0,1157.0928,0.0
1240.0,-790.0,1158.3772,0.0
1250.0,-790.0,1160.0317,0.0
1260.0,-790.0,1162.0574,0.0
1270.0,-790.0,1164.4535,0.0
1280.0,-790.0,1167.2202,0.0
1290.0,-790.0,1170.3567,0.0
1300.0,-790.0,1173.8646,0.0
1310.0,-790.0,1177.7426,0.0
1320.0,-790.0,1181.9907,0.0
1330.0,-790.0,1186.6101,0.0
1340.0,-790.0,1191.5992,0.0
1350.0,-790.0,1196.9587,0.0
1360.0,-790.0,1202.6893,0.0
1370.0,-790.0,1208.7899,0.0
1380.0,-790.0,1215.2605,0.0
1390.0,-790.0,1222.1016,0.0
1400.0,-790.0,1229.3134,0.0
1410.0,-790.0,1236.8955,0.0
1420.0,-790.0,1244.8484,0.0
1430.0,-790.0,1253.1713,0.0
1440.0,-790.0,1261.8645,0.0
1450.0,-790.0,1270.9282,0.0
1460.0,-790.0,1280.3619,0.0
1470.0,-790.0,1290.1658,0.0
1480.0,-790.0,1300.3406,0.0
1490.0,-790.0,1310.8854,0.0
1500.0,-790.0,1321.8004,0.0
1510.0,-790.0,1333.0858,0.0
1520.0,-790.0,1344.7415,0.0
1530.0,-790.0,1356.7676,0.0
1540.0,-790.0,1369.1628,0.0
1550.0,-790.0,1381.9287,0.0
1560.0,-790.0,1395.0638,0.0
1570.0,-790.0,1408.5691,0.0
1580.0,-790.0,1422.444,0.0
1590.0,-790.0,1436.6903,0.0
1600.0,-790.0,1451.3076,0.0
1610.0,-790.0,1466.2959,0.0
1620.0,-790.0,1481.6542,0.0
1630.0,-790.0,1497.383,0.0
1640.0,-790.0,1513.4811,0.0
1650.0,-790.0,1529.9497,0.0
1660.0,-790.0,1546.7888,0.0
1670.0,-790.0,1563.9972,0.0
1680.0,-790.0,1581.5768,0.0
1690.0,-790.0,1599.5262,0.0
1700.0,-790.0,1617.8467,0.0
1710.0,-790.0,1636.5359,0.0
1720.0,-790.0,1655.5962,0.0
1730.0,-790.0,1675.0261,0.0
1740.0,-790.0,1694.8265,0.0
1750.0,-790.0,1714.9967,0.0
1760.0,-790.0,1735.5376,0.0
1770.0,-790.0,1756.4482,0.0
1780.0,-790.0,1777.729,0.0
1790.0,-790.0,1799.3805,0.0
1800.0,-790.0,1821.4016,0.0
-200.0,-780.0,39270.906,1.0
-190.0,-780.0,39270.906,1.0
-180.0,-780.0,39270.906,1.0
-170.0,-780.0,39270.906,1.0
-160.0,-780.0,39270.906,1.0
-150.0,-780.0,39270.906,1.0
-140.0,-780.0,39270.906,1.0
-130.0,-780.0,39270.906,1.0
-120.0,-780.0,39270.906,1.0
-110.0,-780.0,39270.906,1.0
-100.0,-780.0,39270.906,1.0
-90.0,-780.0,39270.906,1.0
-80.0,-780.0,39270.906,1.0
-70.0,-780.0,39270.906,1.0
-60.0,-780.0,39270.906,1.0
-50.0,-780.0,39270.906,1.0
-40.0,-780.0,39270.906,1.0
-30.0,-780.0,39270.906,1.0
-20.0,-780.0,39270.906,1.0
-10.0,-780.0,39270.906,1.0
0.0,-780.0,39270.906,1.0
10.0,-780.0,39270.906,1.0
20.0,-780.0,39270.906,1.0
30.0,-780.0,39270.906,1.0
40.0,-780.0,39270.906,1.0
50.0,-780.0,39270.906,1.0
60.0,-780.0,39270.906,1.0
70.0,-780.0,39270.906,1.0
80.0,-780.0,39270.906,1.0
90.0,-780.0,39270.906,1.0
100.0,-780.0,39270.906,1.0
110.0,-780.0,39270.906,1.0
120.0,-780.0,39270.906,1.0
130.0,-780.0,39270.906,1.0
140.0,-780.0,39270.906,1.0
150.0,-780.0,39270.906,1.0
160.0,-780.0,39270.906,1.0
170.0,-780.0,39270.906,1.0
180.0,-780.0,39270.906,1.0
190.0,-780.0,39270.906,1.0
200.0,-780.0,39270.906,1.0
210.0,-780.0,39270.906,1.0
220.0,-780.0,39270.906,1.0
230.0,-780.0,2914.6418,0.0
240.0,-780.0,2878.1497,0.0
250.0,-780.0,2842.0415,0.0
260.0,-780.0,2806.3157,0.0
270.0,-780.0,2770.9727,0.0
280.0,-780.0,2736.0122,0.0
290.0,-780.0,2701.4346,0.0
300.0,-780.0,2667.2385,0.0
310.0,-780.0,2633.4253,0.0
320.0,-780.0,2599.9941,0.0
330.0,-780.0,2566.9448,0.0
340.0,-780.0,2534.275,0.0
350.0,-780.0,2501.9885,0.0
360.0,-780.0,2470.0825,0.0
370.0,-780.0,2438.559,0.0
380.0,-780.0,2407.416,0.0
390.0,-780.0,2376.6538,0.0
400.0,-780.0,2346.273,0.0
410.0,-780.0,2316.2715,0.0
420.0,-780.0,2286.6514,0.0
430.0,-780.0,2257.4116,0.0
440.0,-780.0,2228.5508,0.0
450.0,-780.0,2200.0715,0.0
460.0,-780.0,2171.9712,0.0
470.0,-780.0,2144.2512,0.0
480.0,-780.0,2116.9114,0.0
490.0,-780.0,2089.9512,0.0
500.0,-780.0,2063.3699,0.0
510.0,-780.0,2037.1686,0.0
520.0,-780.0,2011.3466,0.0
530.0,-780.0,1985.9033,0.0
540.0,-780.0,1960.8396,0.0
550.0,-780.0,1936.155,0.0
560.0,-780.0,1911.849,0.0
570.0,-780.0,1887.9209,0.0
580.0,-780.0,1864.3726,0.0
590.0,-780.0,1841.2026,0.0
600.0,-780.0,1818.4106,0.0
610.0,-780.0,1795.9974,0.0
620.0,-780.0,1773.9626,0.0
630.0,-780.0,1752.3054,0.0
640.0,-780.0,1731.0271,0.0
650.0,-780.0,1710.1261,0.0
660.0,-780.0,1689.6035,0.0
670.0,-780.0,1669.4573,0.0
680.0,-780.0,1649.6908,0.0
690.0,-780.0,1630.3014,0.0
700.0,-780.0,1611.2888,0.0
710.0,-780.0,1592.655,0.0
720.0,-780.0,1574.3986,0.0
730.0,-780.0,1556.519,0.0
740.0,-780.0,1539.0172,0.0
750.0,-780.0,1521.8914,0.0
760.0,-780.0,1505.1433,0.0
770.0,-780.0,1488.772,0.0
780.0,-780.0,1472.7781,0.0
790.0,-780.0,1457.1628,0.0
800.0,-780.0,1441.9229,0.0
810.0,-780.0,1427.0602,0.0
820.0,-780.0,1412.5745,0.0
830.0,-780.0,1398.4646,0.0
840.0,-780.0,1384.7317,0.0
850.0,-780.0,1371.3757,0.0
860.0,-780.0,1358.3959,0.0
870.0,-780.0,1345.7935,0.0
880.0,-780.0,1333.5664,0.0
890.0,-780.0,1321.7164,0.0
900.0,-780.0,1310.2421,0.0
910.0,-780.0,1299.1448,0.0
920.0,-780.0,1288.4233,0.0
930.0,-780.0,1278.0781,0.0
940.0,-780.0,1268.1096,0.0
950.0,-780.0,1258.517,0.0
960.0,-780.0,1249.3002,0.0
970.0,-780.0,1240.4592,0.0
980.0,-780.0,1231.9949,0.0
990.0,-780.0,1223.906,0.0
1000.0,-780.0,1216.1936,0.0
1010.0,-780.0,1208.8568,0.0
1020.0,-780.0,1201.896,0.0
1030.0,-780.0,1195.3105,0.0
1040.0,-780.0,1189.1016,0.0
1050.0,-780.0,1183.2678,0.0
1060.0,-780.0,1177.8098,0.0
1070.0,-780.0,1172.7275,0.0
1080.0,-780.0,1168.021,0.0
1090.0,-780.0,1163.6903,0.0
1100.0,-780.0,1159.7352,0.0
1110.0,-780.0,1156.155,0.0
1120.0,-780.0,1152.9512,0.0
1130.0,-780.0,1150.1228,0.0
1140.0,-780.0,1147.6703,0.0
1150.0,-780.0,1145.5923,0.0
1160.0,-780.0,1143.8904,0.0
1170.0,-780.0,1142.5637,0.0
1180.0,-780.0,1141.6128,0.0
1190.0,-780.0,1141.0371,0.0
1200.0,-780.0,1140.8367,0.0
1210.0,-780.0,1141.012,0.0
1220.0,-780.0,1141.5621,0.0
1230.0,-780.0,1142.488,0.0
1240.0,-780.0,1143.7888,0.0
1250.0,-780.0,1145.4652,0.0
1260.0,-780.0,1147.5164,0.0
1270.0,-780.0,1149.9438,0.0
1280.0,-780.0,1152.7456,0.0
1290.0,-780.0,1155.9231,0.0
1300.0,-780.0,1159.476,0.0
1310.0,-780.0,1163.4037,0.0
1320.0,-780.0,1167.7065,0.0
1330.0,-780.0,1172.3853,0.0
1340.0,-780.0,1177.4384,0.0
1350.0,-780.0,1182.8667,0.0
1360.0,-780.0,1188.6709,0.0
1370.0,-780.0,1194.8501,0.0
1380.0,-780.0,1201.4039,0.0
1390.0,-780.0,1208.333,0.0
1400.0,-780.0,1215.6371,0.0
1410.0,-780.0,1223.3164,0.0
1420.0,-780.0,1231.3713,0.0
1430.0,-780.0,1239.8008,0.0
1440.0,-780.0,1248.6062,0.0
1450.0,-780.0,1257.7859,0.0
1460.0,-780.0,1267.3407,0.0
1470.0,-780.0,1277.271,0.0
1480.0,-780.0,1287.576,0.0
1490.0,-780.0,1298.2559,0.0
1500.0,-780.0,1309.3113,0.0
1510.0,-780.0,1320.7411,0.0
1520.0,-780.0,1332.5469,0.0
1530.0,-780.0,1344.7266,0.0
1540.0,-780.0,1357.2812,0.0
1550.0,-780.0,1370.2098,0.0
1560.0,-780.0,1383.5134,0.0
1570.0,-780.0,1397.1924,0.0
1580.0,-780.0,1411.2456,0.0
1590.0,-780.0,1425.6746,0.0
1600.0,-780.0,1440.4805,0.0
1610.0,-780.0,1455.6606,0.0
1620.0,-780.0,1471.2166,0.0
1630.0,-780.0,1487.1467,0.0
1640.0,-780.0,1503.4514,0.0
1650.0,-780.0,1520.1312,0.0
1660.0,-780.0,1537.186,0.0
1670.0,-780.0,1554.6156,0.0
1680.0,-780.0,1572.4207,0.0
1690.0,-780.0,1590.6,0.0
1700.0,-780.0,1609.155,0.0
1710.0,-780.0,1628.0847,0.0
1720.0,-780.0,1647.3896,0.0
1730.0,-780.0,1667.0688,0.0
1740.0,-780.0,1687.1237,0.0
1750.0,-780.0,1707.5525,0.0
1760.0,-780.0,1728.3569,0.0
1770.0,-780.0,1749.5356,0.0
1780.0,-780.0,1771.0896,0.0
1790.0,-780.0,1793.0186,0.0
1800.0,-780.0,1815.322,0.0
-200.0,-770.0,39270.906,1.0
-190.0,-770.0,39270.906,1.0
-180.0,-770.0,39270.906,1.0
-170.0,-770.0,39270.906,1.0
-160.0,-770.0,39270.906,1.0
-150.0,-770.0,39270.906,1.0
-140.0,-770.0,39270.906,1.0
-130.0,-770.0,39270.906,1.0
-120.0,-770.0,39270.906,1.0
-110.0,-770.0,39270.906,1.0
-100.0,-770.0,39270.906,1.0
-90.0,-770.0,39270.906,1.0
-80.0,-770.0,39270.906,1.0
-70.0,-770.0,39270.906,1.0
-60.0,-770.0,39270.906,1.0
-50.0,-770.0,39270.906,1.0
-40.0,-770.0,39270.906,1.0
-30.0,-770.0,39270.906,1.0
-20.0,-770.0,39270.906,1.0
-10.0,-770.0,39270.906,1.0
0.0,-770.0,39270.906,1.0
10.0,-770.0,39270.906,1.0
20.0,-770.0,39270.906,1.0
30.0,-770.0,39270.906,1.0
40.0,-770.0,39270.906,1.0
50.0,-770.0,39270.906,1.0
60.0,-770.0,39270.906,1.0
70.0,-770.0,39270.906,1.0
80.0,-770.0,39270.906,1.0
90.0,-770.0,39270.906,1.0
100.0,-770.0,39270.906,1.0
110.0,-770.0,39270.906,1.0
120.0,-770.0,39270.906,1.0
130.0,-770.0,39270.906,1.0
140.0,-770.0,39270.906,1.0
150.0,-770.0,39270.906,1.0
160.0,-770.0,39270.906,1.0
170.0,-770.0,39270.906,1.0
180.0,-770.0,39270.906,1.0
190.0,-770.0,39270.906,1.0
200.0,-770.0,39270.906,1.0
210.0,-770.0,39270.906,1.0
220.0,-770.0,2960.5269,0.0
230.0,-770.0,2923.1675,0.0
240.0,-770.0,2886.197,0.0
250.0,-770.0,2849.614,0.0
260.0,-770.0,2813.4204,0.0
270.0,-770.0,2777.6128,0.0
280.0,-770.0,2742.194,0.0
290.0,-770.0,2707.1626,0.0
300.0,-770.0,2672.5186,0.0
310.0,-770.0,2638.2625,0.0
320.0,-770.0,2604.3923,0.0
330.0,-770.0,2570.9092,0.0
340.0,-770.0,2537.813,0.0
350.0,-770.0,2505.1028,0.0
360.0,-770.0,2472.78,0.0
370.0,-770.0,2440.8428,0.0
380.0,-770.0,2409.2922,0.0
390.0,-770.0,2378.128,0.0
400.0,-770.0,2347.3486,0.0
410.0,-770.0,2316.9556,0.0
420.0,-770.0,2286.9487,0.0
430.0,-770.0,2257.3267,0.0
440.0,-770.0,2228.0884,0.0
450.0,-770.0,2199.237,0.0
460.0,-770.0,2170.77,0.0
470.0,-770.0,2142.6877,0.0
480.0,-770.0,2114.9902,0.0
490.0,-770.0,2087.6782,0.0
500.0,-770.0,2060.75,0.0
510.0,-770.0,2034.2065,0.0
520.0,-770.0,2008.0469,0.0
530.0,-770.0,1982.2722,0.0
540.0,-770.0,1956.8809,0.0
550.0,-770.0,1931.8738,0.0
560.0,-770.0,1907.2507,0.0
570.0,-770.0,1883.0114,0.0
580.0,-770.0,1859.1553,0.0
590.0,-770.0,1835.6835,0.0
600.0,-770.0,1812.5945,0.0
610.0,-770.0,1789.8893,0.0
620.0,-770.0,1767.5669,0.0
630.0,-770.0,1745.6279,0.0
640.0,-770.0,1724.072,0.0
650.0,-770.0,1702.8992,0.0
660.0,-770.0,1682.1088,0.0
670.0,-770.0,1661.7014,0.0
680.0,-770.0,1641.6763,0.0
690.0,-770.0,1622.0344,0.0
700.0,-770.0,1602.7747,0.0
710.0,-770.0,1583.8983,0.0
720.0,-770.0,1565.4039,0.0
730.0,-770.0,1547.2917,0.0
740.0,-770.0,1529.562,0.0
750.0,-770.0,1512.214,0.0
760.0,-770.0,1495.2478,0.0
770.0,-770.0,1478.664,0.0
780.0,-770.0,1462.4622,0.0
790.0,-770.0,1446.6431,0.0
800.0,-770.0,1431.205,0.0
810.0,-770.0,1416.1494,0.0
820.0,-770.0,1401.4749,0.0
830.0,-770.0,1387.1819,0.0
840.0,-770.0,1373.2706,0.0
850.0,-770.0,1359.7412,0.0
860.0,-770.0,1346.5933,0.0
870.0,-770.0,1333.8256,0.0
880.0,-770.0,1321.4407,0.0
890.0,-770.0,1309.4363,0.0
900.0,-770.0,1297.8135,0.0
910.0,-770.0,1286.5718,0.0
920.0,-770.0,1275.711,0.0
930.0,-770.0,1265.2318,0.0
940.0,-770.0,1255.1335,0.0
950.0,-770.0,1245.416,0.0
960.0,-770.0,1236.0796,0.0
970.0,-770.0,1227.1243,0.0
980.0,-770.0,1218.5499,0.0
990.0,-770.0,1210.3564,0.0
1000.0,-770.0,1202.5438,0.0
1010.0,-770.0,1195.1116,0.0
1020.0,-770.0,1188.0603,0.0
1030.0,-770.0,1181.3898,0.0
1040.0,-770.0,1175.1,0.0
1050.0,-770.0,1169.1903,0.0
1060.0,-770.0,1163.6616,0.0
1070.0,-770.0,1158.5137,0.0
1080.0,-770.0,1153.7463,0.0
1090.0,-770.0,1149.3593,0.0
1100.0,-770.0,1145.353,0.0
1110.0,-770.0,1141.7268,0.0
1120.0,-770.0,1138.4812,0.0
1130.0,-770.0,1135.6166,0.0
1140.0,-770.0,1133.1318,0.0
1150.0,-770.0,1131.0273,0.0
1160.0,-770.0,1129.3032,0.0
1170.0,-770.0,1127.9595,0.0
1180.0,-770.0,1126.9966,0.0
1190.0,-770.0,1126.4133,0.0
1200.0,-770.0,1126.2107,0.0
1210.0,-770.0,1126.3882,0.0
1220.0,-770.0,1126.9457,0.0
1230.0,-770.0,1127.8835,0.0
1240.0,-770.0,1129.2014,0.0
1250.0,-770.0,1130.8999,0.0
1260.0,-770.0,1132.9783,0.0
1270.0,-770.0,1135.4368,0.0
1280.0,-770.0,1138.2754,0.0
1290.0,-770.0,1141.4944,0.0
1300.0,-770.0,1145.0935,0.0
1310.0,-770.0,1149.0723,0.0
1320.0,-770.0,1153.4312,0.0
1330.0,-770.0,1158.1708,0.0
1340.0,-770.0,1163.29,0.0
1350.0,-770.0,1168.7888,0.0
1360.0,-770.0,1174.6683,0.0
1370.0,-770.0,1180.9275,0.0
1380.0,-770.0,1187.5664,0.0
1390.0,-770.0,1194.5859,0.0
1400.0,-770.0,1201.9856,0.0
1410.0,-770.0,1209.7646,0.0
1420.0,-770.0,1217.9242,0.0
1430.0,-770.0,1226.4634,0.0
1440.0,-770.0,1235.3829,0.0
1450.0,-770.0,1244.6819,0.0
1460.0,-770.0,1254.3613,0.0
1470.0,-770.0,1264.4202,0.0
1480.0,-770.0,1274.8594,0.0
1490.0,-770.0,1285.6783,0.0
1500.0,-770.0,1296.8774,0.0
1510.0,-770.0,1308.456,0.0
1520.0,-770.0,1320.4148,0.0
1530.0,-770.0,1332.7529,0.0
1540.0,-770.0,1345.4702,0.0
1550.0,-770.0,1358.5669,0.0
1560.0,-770.0,1372.0437,0.0
1570.0,-770.0,1385.8997,0.0
1580.0,-770.0,1400.1362,0.0
1590.0,-770.0,1414.7532,0.0
1600.0,-770.0,1429.7512,0.0
1610.0,-770.0,1445.1295,0.0
1620.0,-770.0,1460.887,0.0
1630.0,-770.0,1477.0239,0.0
1640.0,-770.0,1493.5409,0.0
1650.0,-770.0,1510.4375,0.0
1660.0,-770.0,1527.7137,0.0
1670.0,-770.0,1545.3701,0.0
1680.0,-770.0,1563.407,0.0
1690.0,-770.0,1581.8225,0.0
1700.0,-770.0,1600.6189,0.0
1710.0,-770.0,1619.7944,0.0
1720.0,-770.0,1639.3499,0.0
1730.0,-770.0,1659.2853,0.0
1740.0,-770.0,1679.5999,0.0
1750.0,-770.0,1700.2947,0.0
1760.0,-770.0,1721.3691,0.0
1770.0,-770.0,1742.8237,0.0
1780.0,-770.0,1764.6575,0.0
1790.0,-770.0,1786.8718,0.0
1800.0,-770.0,1809.4647,0.0
-200.0,-760.0,39270.906,1.0
-190.0,-760.0,39270.906,1.0
-180.0,-760.0,39270.906,1.0
-170.0,-760.0,39270.906,1.0
-160.0,-760.0,39270.906,1.0
-150.0,-760.0,39270.906,1.0
-140.0,-760.0,39270.906,1.0
-130.0,-760.0,39270.906,1.0
-120.0,-760.0,39270.906,1.0
-110.0,-760.0,39270.906,1.0
-100.0,-760.0,39270.906,1.0
-90.0,-760.0,39270.906,1.0
-80.0,-760.0,39270.906,1.0
-70.0,-760.0,39270.906,1.0
-60.0,-760.0,39270.906,1.0
-50.0,-760.0,39270.906,1.0
-40.0,-760.0,39270.906,1.0
-30.0,-760.0,39270.906,1.0
-20.0,-760.0,39270.906,1.0
-10.0,-760.0,39270.906,1.0
0.0,-760.0,39270.906,1.0
10.0,-760.0,39270.906,1.0
20.0,-760.0,39270.906,1.0
30.0,-760.0,39270.906,1.0
40.0,-760.0,39270.906,1.0
50.0,-760.0,39270.906,1.0
60.0,-760.0,39270.906,1.0
70.0,-760.0,39270.906,1.0
80.0,-760.0,39270.906,1.0
90.0,-760.0,39270.906,1.0
100.0,-760.0,39270.906,1.0
110.0,-760.0,39270.906,1.0
120.0,-760.0,39270.906,1.0
130.0,-760.0,39270.906,1.0
140.0,-760.0,39270.906,1.0
150.0,-760.0,39270.906,1.0
160.0,-760.0,39270.906,1.0
170.0,-760.0,39270.906,1.0
180.0,-760.0,39270.906,1.0
190.0,-760.0,39270.906,1.0
200.0,-760.0,39270.906,1.0
210.0,-760.0,3008.415,0.0
220.0,-760.0,2970.1653,0.0
230.0,-760.0,2932.308,0.0
240.0,-760.0,2894.8457,0.0
250.0,-760.0,2857.7754,0.0
260.0,-760.0,2821.1006,0.0
270.0,-760.0,2784.8167,0.0
280.0,-760.0,2748.928,0.0
290.0,-760.0,2713.4312,0.0
300.0,-760.0,2678.3262,0.0
310.0,-760.0,2643.6147,0.0
320.0,-760.0,2609.2954,0.0
330.0,-760.0,2575.3682,0.0
340.0,-760.0,2541.832,0.0
350.0,-760.0,2508.6882,0.0
360.0,-760.0,2475.9363,0.0
370.0,-760.0,2443.5754,0.0
380.0,-760.0,2411.6064,0.0
390.0,-760.0,2380.0288,0.0
400.0,-760.0,2348.842,0.0
410.0,-760.0,2318.0454,0.0
420.0,-760.0,2287.6401,0.0
430.0,-760.0,2257.626,0.0
440.0,-760.0,2228.001,0.0
450.0,-760.0,2198.7676,0.0
460.0,-760.0,2169.923,0.0
470.0,-760.0,2141.4697,0.0
480.0,-760.0,2113.405,0.0
490.0,-760.0,2085.7317,0.0
500.0,-760.0,2058.4468,0.0
510.0,-760.0,2031.5525,0.0
520.0,-760.0,2005.0471,0.0
530.0,-760.0,1978.9315,0.0
540.0,-760.0,1953.2048,0.0
550.0,-760.0,1927.8672,0.0
560.0,-760.0,1902.9185,0.0
570.0,-760.0,1878.3586,0.0
580.0,-760.0,1854.1877,0.0
590.0,-760.0,1830.4055,0.0
600.0,-760.0,1807.0112,0.0
610.0,-760.0,1784.0061,0.0
620.0,-760.0,1761.3894,0.0
630.0,-760.0,1739.1609,0.0
640.0,-760.0,1717.3203,0.0
650.0,-760.0,1695.8674,0.0
660.0,-760.0,1674.8035,0.0
670.0,-760.0,1654.1267,0.0
680.0,-760.0,1633.8372,0.0
690.0,-760.0,1613.9363,0.0
700.0,-760.0,1594.4224,0.0
710.0,-760.0,1575.2961,0.0
720.0,-760.0,1556.558,0.0
730.0,-760.0,1538.2072,0.0
740.0,-760.0,1520.2433,0.0
750.0,-760.0,1502.667,0.0
760.0,-760.0,1485.4783,0.0
770.0,-760.0,1468.675,0.0
780.0,-760.0,1452.2595,0.0
790.0,-760.0,1436.2313,0.0
800.0,-760.0,1420.5901,0.0
810.0,-760.0,1405.3367,0.0
820.0,-760.0,1390.4689,0.0
830.0,-760.0,1375.9878,0.0
840.0,-760.0,1361.8933,0.0
850.0,-760.0,1348.185,0.0
860.0,-760.0,1334.8638,0.0
870.0,-760.0,1321.9287,0.0
880.0,-760.0,1309.3805,0.0
890.0,-760.0,1297.2183,0.0
900.0,-760.0,1285.4419,0.0
910.0,-760.0,1274.0525,0.0
920.0,-760.0,1263.0496,0.0
930.0,-760.0,1252.4316,0.0
940.0,-760.0,1242.2009,0.0
950.0,-760.0,1232.3555,0.0
960.0,-760.0,1222.8965,0.0
970.0,-760.0,1213.8232,0.0
980.0,-760.0,1205.1359,0.0
990.0,-760.0,1196.8347,0.0
1000.0,-760.0,1188.9194,0.0
1010.0,-760.0,1181.3896,0.0
1020.0,-760.0,1174.2454,0.0
1030.0,-760.0,1167.4868,0.0
1040.0,-760.0,1161.1146,0.0
1050.0,-760.0,1155.1276,0.0
1060.0,-760.0,1149.5264,0.0
1070.0,-760.0,1144.311,0.0
1080.0,-760.0,1139.4806,0.0
1090.0,-760.0,1135.0364,0.0
1100.0,-760.0,1130.9774,0.0
1110.0,-760.0,1127.3037,0.0
1120.0,-760.0,1124.0156,0.0
1130.0,-760.0,1121.1132,0.0
1140.0,-760.0,1118.5957,0.0
1150.0,-760.0,1116.4637,0.0
1160.0,-760.0,1114.7172,0.0
1170.0,-760.0,1113.356,0.0
1180.0,-760.0,1112.3801,0.0
1190.0,-760.0,1111.7903,0.0
1200.0,-760.0,1111.5847,0.0
1210.0,-760.0,1111.7646,0.0
1220.0,-760.0,1112.3293,0.0
1230.0,-760.0,1113.2799,0.0
1240.0,-760.0,1114.6155,0.0
1250.0,-760.0,1116.3363,0.0
1260.0,-760.0,1118.4419,0.0
1270.0,-760.0,1120.9333,0.0
1280.0,-760.0,1123.8092,0.0
1290.0,-760.0,1127.0706,0.0
1300.0,-760.0,1130.7168,0.0
1310.0,-760.0,1134.749,0.0
1320.0,-760.0,1139.1653,0.0
1330.0,-760.0,1143.9669,0.0
1340.0,-760.0,1149.1538,0.0
1350.0,-760.0,1154.7252,0.0
1360.0,-760.0,1160.6824,0.0
1370.0,-760.0,1167.0239,0.0
1380.0,-760.0,1173.7502,0.0
1390.0,-760.0,1180.8625,0.0
1400.0,-760.0,1188.359,0.0
1410.0,-760.0,1196.2413,0.0
1420.0,-760.0,1204.5082,0.0
1430.0,-760.0,1213.1597,0.0
1440.0,-760.0,1222.1968,0.0
1450.0,-760.0,1231.6179,0.0
1460.0,-760.0,1241.4248,0.0
1470.0,-760.0,1251.6167,0.0
1480.0,-760.0,1262.1934,0.0
1490.0,-760.0,1273.1545,0.0
1500.0,-760.0,1284.5012,0.0
1510.0,-760.0,1296.2322,0.0
1520.0,-760.0,1308.3483,0.0
1530.0,-760.0,1320.8484,0.0
1540.0,-760.0,1333.7329,0.0
1550.0,-760.0,1347.0024,0.0
1560.0,-760.0,1360.6555,0.0
1570.0,-760.0,1374.6951,0.0
1580.0,-760.0,1389.1189,0.0
1590.0,-760.0,1403.9293,0.0
1600.0,-760.0,1419.1254,0.0
1610.0,-760.0,1434.7056,0.0
1620.0,-760.0,1450.6707,0.0
1630.0,-760.0,1467.0201,0.0
1640.0,-760.0,1483.7543,0.0
1650.0,-760.0,1500.8726,0.0
1660.0,-760.0,1518.3767,0.0
1670.0,-760.0,1536.2665,0.0
1680.0,-760.0,1554.5398,0.0
1690.0,-760.0,1573.1989,0.0
1700.0,-760.0,1592.242,0.0
1710.0,-760.0,1611.6704,0.0
1720.0,-760.0,1631.4828,0.0
1730.0,-760.0,1651.6804,0.0
1740.0,-760.0,1672.2632,0.0
1750.0,-760.0,1693.2308,0.0
1760.0,-760.0,1714.5826,0.0
1770.0,-760.0,1736.3195,0.0
1780.0,-760.0,1758.4406,0.0
1790.0,-760.0,1780.9471,0.0
1800.0,-760.0,1803.8386,0.0
-200.0,-750.0,39270.906,1.0
-190.0,-750.0,39270.906,1.0
-180.0,-750.0,39270.906,1.0
-170.0,-750.0,39270.906,1.0
-160.0,-750.0,39270.906,1.0
-150.0,-750.0,39270.906,1.0
-140.0,-750.0,39270.906,1.0
-130.0,-750.0,39270.906,1.0
-120.0,-750.0,39270.906,1.0
-110.0,-750.0,39270.906,1.0
-100.0,-750.0,39270.906,1.0
-90.0,-750.0,39270.906,1.0
-80.0,-750.0,39270.906,1.0
-70.0,-750.0,39270.906,1.0
-60.0,-750.0,39270.906,1.0
-50.0,-750.0,39270.906,1.0
-40.0,-750.0,39270.906,1.0
-30.0,-750.0,39270.906,1.0
-20.0,-750.0,39270.906,1.0
-10.0,-750.0,39270.906,1.0
0.0,-750.0,39270.906,1.0
10.0,-750.0,39270.906,1.0
20.0,-750.0,39270.906,1.0
30.0,-750.0,39270.906,1.0
40.0,-750.0,39270.906,1.0
50.0,-750.0,39270.906,1.0
60.0,-750.0,39270.906,1.0
70.0,-750.0,39270.906,1.0
80.0,-750.0,39270.906,1.0
90.0,-750.0,39270.906,1.0
100.0,-750.0,39270.906,1.0
110.0,-750.0,39270.906,1.0
120.0,-750.0,39270.906,1.0
130.0,-750.0,39270.906,1.0
140.0,-750.0,39270.906,1.0
150.0,-750.0,39270.906,1.0
160.0,-750.0,39270.906,1.0
170.0,-750.0,39270.906,1.0
180.0,-750.0,39270.906,1.0
190.0,-750.0,39270.906,1.0
200.0,-750.0,39270.906,1.0
210.0,-750.0,3019.2217,0.0
220.0,-750.0,2980.456,0.0
230.0,-750.0,2942.088,0.0
240.0,-750.0,2904.12,0.0
250.0,-750.0,2866.5513,0.0
260.0,-750.0,2829.3813,0.0
270.0,-750.0,2792.6094,0.0
280.0,-750.0,2756.2356,0.0
290.0,-750.0,2720.2607,0.0
300.0,-750.0,2684.6836,0.0
310.0,-750.0,2649.5042,0.0
320.0,-750.0,2614.7217,0.0
330.0,-750.0,2580.3389,0.0
340.0,-750.0,2546.352,0.0
350.0,-750.0,2512.7617,0.0
360.0,-750.0,2479.5698,0.0
370.0,-750.0,2446.774,0.0
380.0,-750.0,2414.3748,0.0
390.0,-750.0,2382.3726,0.0
400.0,-750.0,2350.766,0.0
410.0,-750.0,2319.5566,0.0
420.0,-750.0,2288.7432,0.0
430.0,-750.0,2258.3254,0.0
440.0,-750.0,2228.3037,0.0
450.0,-750.0,2198.6777,0.0
460.0,-750.0,2169.4463,0.0
470.0,-750.0,2140.6104,0.0
480.0,-750.0,2112.1704,0.0
490.0,-750.0,2084.1245,0.0
500.0,-750.0,2056.4744,0.0
510.0,-750.0,2029.2194,0.0
520.0,-750.0,2002.3586,0.0
530.0,-750.0,1975.8931,0.0
540.0,-750.0,1949.8212,0.0
550.0,-750.0,1924.1442,0.0
560.0,-750.0,1898.8613,0.0
570.0,-750.0,1873.9727,0.0
580.0,-750.0,1849.478,0.0
590.0,-750.0,1825.3772,0.0
600.0,-750.0,1801.6702,0.0
610.0,-750.0,1778.357,0.0
620.0,-750.0,1755.4375,0.0
630.0,-750.0,1732.9109,0.0
640.0,-750.0,1710.7783,0.0
650.0,-750.0,1689.0392,0.0
660.0,-750.0,1667.6931,0.0
670.0,-750.0,1646.7395,0.0
680.0,-750.0,1626.1799,0.0
690.0,-750.0,1606.0122,0.0
700.0,-750.0,1586.2377,0.0
710.0,-750.0,1566.856,0.0
720.0,-750.0,1547.867,0.0
730.0,-750.0,1529.2714,0.0
740.0,-750.0,1511.0679,0.0
750.0,-750.0,1493.2563,0.0
760.0,-750.0,1475.8376,0.0
770.0,-750.0,1458.81,0.0
780.0,-750.0,1442.1757,0.0
790.0,-750.0,1425.9327,0.0
800.0,-750.0,1410.083,0.0
810.0,-750.0,1394.6245,0.0
820.0,-750.0,1379.5593,0.0
830.0,-750.0,1364.8845,0.0
840.0,-750.0,1350.6023,0.0
850.0,-750.0,1336.7114,0.0
860.0,-750.0,1323.2123,0.0
870.0,-750.0,1310.1047,0.0
880.0,-750.0,1297.389,0.0
890.0,-750.0,1285.0647,0.0
900.0,-750.0,1273.1313,0.0
910.0,-750.0,1261.5898,0.0
920.0,-750.0,1250.4402,0.0
930.0,-750.0,1239.6807,0.0
940.0,-750.0,1229.3134,0.0
950.0,-750.0,1219.3367,0.0
960.0,-750.0,1209.752,0.0
970.0,-750.0,1200.5569,0.0
980.0,-750.0,1191.7542,0.0
990.0,-750.0,1183.3428,0.0
1000.0,-750.0,1175.3218,0.0
1010.0,-750.0,1167.6921,0.0
1020.0,-750.0,1160.4526,0.0
1030.0,-750.0,1153.6042,0.0
1040.0,-750.0,1147.147,0.0
1050.0,-750.0,1141.08,0.0
1060.0,-750.0,1135.4043,0.0
1070.0,-750.0,1130.1191,0.0
1080.0,-750.0,1125.2251,0.0
1090.0,-750.0,1120.7212,0.0
1100.0,-750.0,1116.6084,0.0
1110.0,-750.0,1112.8861,0.0
1120.0,-750.0,1109.5542,0.0
1130.0,-750.0,1106.613,0.0
1140.0,-750.0,1104.0625,0.0
1150.0,-750.0,1101.9021,0.0
1160.0,-750.0,1100.1321,0.0
1170.0,-750.0,1098.7534,0.0
1180.0,-750.0,1097.7644,0.0
1190.0,-750.0,1097.1658,0.0
1200.0,-750.0,1096.9585,0.0
1210.0,-750.0,1097.1409,0.0
1220.0,-750.0,1097.7141,0.0
1230.0,-750.0,1098.677,0.0
1240.0,-750.0,1100.0305,0.0
1250.0,-750.0,1101.7742,0.0
1260.0,-750.0,1103.9083,0.0
1270.0,-750.0,1106.4329,0.0
1280.0,-750.0,1109.3474,0.0
1290.0,-750.0,1112.6523,0.0
1300.0,-750.0,1116.3473,0.0
1310.0,-750.0,1120.4329,0.0
1320.0,-750.0,1124.9084,0.0
1330.0,-750.0,1129.7744,0.0
1340.0,-750.0,1135.0303,0.0
1350.0,-750.0,1140.677,0.0
1360.0,-750.0,1146.7133,0.0
1370.0,-750.0,1153.1394,0.0
1380.0,-750.0,1159.956,0.0
1390.0,-750.0,1167.1626,0.0
1400.0,-750.0,1174.76,0.0
1410.0,-750.0,1182.7466,0.0
1420.0,-750.0,1191.124,0.0
1430.0,-750.0,1199.8914,0.0
1440.0,-750.0,1209.0485,0.0
1450.0,-750.0,1218.5961,0.0
1460.0,-750.0,1228.5337,0.0
1470.0,-750.0,1238.8616,0.0
1480.0,-750.0,1249.5787,0.0
1490.0,-750.0,1260.687,0.0
1500.0,-750.0,1272.1848,0.0
1510.0,-750.0,1284.0725,0.0
1520.0,-750.0,1296.3497,0.0
1530.0,-750.0,1309.0166,0.0
1540.0,-750.0,1322.0728,0.0
1550.0,-750.0,1335.5193,0.0
1560.0,-750.0,1349.3547,0.0
1570.0,-750.0,1363.5815,0.0
1580.0,-750.0,1378.1989,0.0
1590.0,-750.0,1393.2067,0.0
1600.0,-750.0,1408.6055,0.0
1610.0,-750.0,1424.3939,0.0
1620.0,-750.0,1440.5713,0.0
1630.0,-750.0,1457.1389,0.0
1640.0,-750.0,1474.0964,0.0
1650.0,-750.0,1491.4438,0.0
1660.0,-750.0,1509.1816,0.0
1670.0,-750.0,1527.3093,0.0
1680.0,-750.0,1545.8269,0.0
1690.0,-750.0,1564.7344,0.0
1700.0,-750.0,1584.0321,0.0
1710.0,-750.0,1603.7197,0.0
1720.0,-750.0,1623.7961,0.0
1730.0,-750.0,1644.2638,0.0
1740.0,-750.0,1665.1212,0.0
1750.0,-750.0,1686.3684,0.0
1760.0,-750.0,1708.0045,0.0
1770.0,-750.0,1730.032,0.0
1780.0,-750.0,1752.4479,0.0
1790.0,-750.0,1775.2555,0.0
1800.0,-750.0,1798.4513,0.0
-200.0,-740.0,39270.906,1.0
-190.0,-740.0,39270.906,1.0
-180.0,-740.0,39270.906,1.0
-170.0,-740.0,39270.906,1.0
-160.0,-740.0,39270.906,1.0
-150.0,-740.0,39270.906,1.0
-140.0,-740.0,39270.906,1.0
-130.0,-740.0,39270.906,1.0
-120.0,-740.0,39270.906,1.0
-110.0,-740.0,39270.906,1.0
-100.0,-740.0,39270.906,1.0
-90.0,-740.0,39270.906,1.0
-80.0,-740.0,39270.906,1.0
-70.0,-740.0,39270.906,1.0
-60.0,-740.0,39270.906,1.0
-50.0,-740.0,39270.906,1.0
-40.0,-740.0,39270.906,1.0
-30.0,-740.0,39270.906,1.0
-20.0,-740.0,39270.906,1.0
-10.0,-740.0,39270.906,1.0
0.0,-740.0,39270.906,1.0
10.0,-740.0,39270.906,1.0
20.0,-740.0,39270.906,1.0
30.0,-740.0,39270.906,1.0
40.0,-740.0,39270.906,1.0
50.0,-740.0,39270.906,1.0
60.0,-740.0,39270.906,1.0
70.0,-740.0,39270.906,1.0
80.0,-740.0,39270.906,1.0
90.0,-740.0,39270.906,1.0
100.0,-740.0,39270.906,1.0
110.0,-740.0,39270.906,1.0
120.0,-740.0,39270.906,1.0
130.0,-740.0,39270.906,1.0
140.0,-740.0,39270.906,1.0
150.0,-740.0,39270.906,1.0
160.0,-740.0,39270.906,1.0
170.0,-740.0,39270.906,1.0
180.0,-740.0,39270.906,1.0
190.0,-740.0,39270.906,1.0
200.0,-740.0,3070.4255,0.0
210.0,-740.0,3030.7236,0.0
220.0,-740.0,2991.4268,0.0
230.0,-740.0,2952.534,0.0
240.0,-740.0,2914.0466,0.0
250.0,-740.0,2875.9644,0.0
260.0,-740.0,2838.2861,0.0
270.0,-740.0,2801.0117,0.0
280.0,-740.0,2764.1416,0.0
290.0,-740.0,2727.6748,0.0
300.0,-740.0,2691.6118,0.0
310.0,-740.0,2655.9526,0.0
320.0,-740.0,2620.6963,0.0
330.0,-740.0,2585.8433,0.0
340.0,-740.0,2551.3926,0.0
350.0,-740.0,2517.3452,0.0
360.0,-740.0,2483.7002,0.0
370.0,-740.0,2450.4578,0.0
380.0,-740.0,2417.6174,0.0
390.0,-740.0,2385.1787,0.0
400.0,-740.0,2353.1418,0.0
410.0,-740.0,2321.5068,0.0
420.0,-740.0,2290.2742,0.0
430.0,-740.0,2259.442,0.0
440.0,-740.0,2229.0117,0.0
450.0,-740.0,2198.983,0.0
460.0,-740.0,2169.354,0.0
470.0,-740.0,2140.126,0.0
480.0,-740.0,2111.2986,0.0
490.0,-740.0,2082.8726,0.0
500.0,-740.0,2054.846,0.0
510.0,-740.0,2027.2195,0.0
520.0,-740.0,1999.994,0.0
530.0,-740.0,1973.1693,0.0
540.0,-740.0,1946.7434,0.0
550.0,-740.0,1920.718,0.0
560.0,-740.0,1895.0918,0.0
570.0,-740.0,1869.865,0.0
580.0,-740.0,1845.0378,0.0
590.0,-740.0,1820.6096,0.0
600.0,-740.0,1796.5813,0.0
610.0,-740.0,1772.9519,0.0
620.0,-740.0,1749.7211,0.0
630.0,-740.0,1726.8898,0.0
640.0,-740.0,1704.4564,0.0
650.0,-740.0,1682.4222,0.0
660.0,-740.0,1660.7866,0.0
670.0,-740.0,1639.5496,0.0
680.0,-740.0,1618.7107,0.0
690.0,-740.0,1598.2705,0.0
700.0,-740.0,1578.2275,0.0
710.0,-740.0,1558.5833,0.0
720.0,-740.0,1539.3372,0.0
730.0,-740.0,1520.489,0.0
740.0,-740.0,1502.0396,0.0
750.0,-740.0,1483.9867,0.0
760.0,-740.0,1466.3315,0.0
770.0,-740.0,1449.0742,0.0
780.0,-740.0,1432.2144,0.0
790.0,-740.0,1415.752,0.0
800.0,-740.0,1399.6871,0.0
810.0,-740.0,1384.0199,0.0
820.0,-740.0,1368.7505,0.0
830.0,-740.0,1353.8774,0.0
840.0,-740.0,1339.4019,0.0
850.0,-740.0,1325.323,0.0
860.0,-740.0,1311.6416,0.0
870.0,-740.0,1298.3572,0.0
880.0,-740.0,1285.4688,0.0
890.0,-740.0,1272.9779,0.0
900.0,-740.0,1260.8834,0.0
910.0,-740.0,1249.1857,0.0
920.0,-740.0,1237.885,0.0
930.0,-740.0,1226.9807,0.0
940.0,-740.0,1216.4727,0.0
950.0,-740.0,1206.3618,0.0
960.0,-740.0,1196.6472,0.0
970.0,-740.0,1187.3289,0.0
980.0,-740.0,1178.4066,0.0
990.0,-740.0,1169.8812,0.0
1000.0,-740.0,1161.752,0.0
1010.0,-740.0,1154.019,0.0
1020.0,-740.0,1146.6821,0.0
1030.0,-740.0,1139.7412,0.0
1040.0,-740.0,1133.1968,0.0
1050.0,-740.0,1127.0481,0.0
1060.0,-740.0,1121.2957,0.0
1070.0,-740.0,1115.9392,0.0
1080.0,-740.0,1110.979,0.0
1090.0,-740.0,1106.4148,0.0
1100.0,-740.0,1102.2463,0.0
1110.0,-740.0,1098.4735,0.0
1120.0,-740.0,1095.0969,0.0
1130.0,-740.0,1092.1163,0.0
1140.0,-740.0,1089.531,0.0
1150.0,-740.0,1087.3422,0.0
1160.0,-740.0,1085.5486,0.0
1170.0,-740.0,1084.1509,0.0
1180.0,-740.0,1083.1487,0.0
1190.0,-740.0,1082.543,0.0
1200.0,-740.0,1082.3322,0.0
1210.0,-740.0,1082.5178,0.0
1220.0,-740.0,1083.0979,0.0
1230.0,-740.0,1084.0746,0.0
1240.0,-740.0,1085.4459,0.0
1250.0,-740.0,1087.2141,0.0
1260.0,-740.0,1089.3772,0.0
1270.0,-740.0,1091.9358,0.0
1280.0,-740.0,1094.8901,0.0
1290.0,-740.0,1098.2399,0.0
1300.0,-740.0,1101.985,0.0
1310.0,-740.0,1106.1255,0.0
1320.0,-740.0,1110.6617,0.0
1330.0,-740.0,1115.5939,0.0
1340.0,-740.0,1120.9208,0.0
1350.0,-740.0,1126.6433,0.0
1360.0,-740.0,1132.7615,0.0
1370.0,-740.0,1139.2748,0.0
1380.0,-740.0,1146.1836,0.0
1390.0,-740.0,1153.4877,0.0
1400.0,-740.0,1161.1875,0.0
1410.0,-740.0,1169.283,0.0
1420.0,-740.0,1177.7739,0.0
1430.0,-740.0,1186.6594,0.0
1440.0,-740.0,1195.9404,0.0
1450.0,-740.0,1205.6172,0.0
1460.0,-740.0,1215.6895,0.0
1470.0,-740.0,1226.1566,0.0
1480.0,-740.0,1237.019,0.0
1490.0,-740.0,1248.2772,0.0
1500.0,-740.0,1259.9305,0.0
1510.0,-740.0,1271.9789,0.0
1520.0,-740.0,1284.4225,0.0
1530.0,-740.0,1297.2603,0.0
1540.0,-740.0,1310.4933,0.0
1550.0,-740.0,1324.1211,0.0
1560.0,-740.0,1338.1444,0.0
1570.0,-740.0,1352.563,0.0
1580.0,-740.0,1367.3789,0.0
1590.0,-740.0,1382.5897,0.0
1600.0,-740.0,1398.1967,0.0
1610.0,-740.0,1414.1982,0.0
1620.0,-740.0,1430.5942,0.0
1630.0,-740.0,1447.3861,0.0
1640.0,-740.0,1464.5725,0.0
1650.0,-740.0,1482.1548,0.0
1660.0,-740.0,1500.1328,0.0
1670.0,-740.0,1518.5054,0.0
1680.0,-740.0,1537.2734,0.0
1690.0,-740.0,1556.4369,0.0
1700.0,-740.0,1575.9954,0.0
1710.0,-740.0,1595.9486,0.0
1720.0,-740.0,1616.2977,0.0
1730.0,-740.0,1637.0415,0.0
1740.0,-740.0,1658.1804,0.0
1750.0,-740.0,1679.7147,0.0
1760.0,-740.0,1701.6445,0.0
1770.0,-740.0,1723.9685,0.0
1780.0,-740.0,1746.6891,0.0
1790.0,-740.0,1769.8042,0.0
1800.0,-740.0,1793.3141,0.0
-200.0,-730.0,39270.906,1.0
-190.0,-730.0,39270.906,1.0
-180.0,-730.0,39270.906,1.0
-170.0,-730.0,39270.906,1.0
-160.0,-730.0,39270.906,1.0
-150.0,-730.0,39270.906,1.0
-140.0,-730.0,39270.906,1.0
-130.0,-730.0,39270.906,1.0
-120.0,-730.0,39270.906,1.0
-110.0,-730.0,39270.906,1.0
-100.0,-730.0,39270.906,1.0
-90.0,-730.0,39270.906,1.0
-80.0,-730.0,39270.906,1.0
-70.0,-730.0,39270.906,1.0
-60.0,-730.0,39270.906,1.0
-50.0,-730.0,39270.906,1.0
-40.0,-730.0,39270.906,1.0
-30.0,-730.0,39270.906,1.0
-20.0,-730.0,39270.906,1.0
-10.0,-730.0,39270.906,1.0
0.0,-730.0,39270.906,1.0
10.0,-730.0,39270.906,1.0
20.0,-730.0,39270.906,1.0
30.0,-730.0,39270.906,1.0
40.0,-730.0,39270.906,1.0
50.0,-730.0,39270.906,1.0
60.0,-730.0,39270.906,1.0
70.0,-730.0,39270.906,1.0
80.0,-730.0,39270.906,1.0
90.0,-730.0,39270.906,1.0
100.0,-730.0,39270.906,1.0
110.0,-730.0,39270.906,1.0
120.0,-730.0,39270.906,1.0
130.0,-730.0,39270.906,1.0
140.0,-730.0,39270.906,1.0
150.0,-730.0,39270.906,1.0
160.0,-730.0,39270.906,1.0
170.0,-730.0,39270.906,1.0
180.0,-730.0,39270.906,1.0
190.0,-730.0,3123.866,0.0
200.0,-730.0,3083.2017,0.0
210.0,-730.0,3042.9487,0.0
220.0,-730.0,3003.106,0.0
230.0,-730.0,2963.6738,0.0
240.0,-730.0,2924.6533,0.0
250.0,-730.0,2886.0425,0.0
260.0,-730.0,2847.841,0.0
270.0,-730.0,2810.0505,0.0
280.0,-730.0,2772.6702,0.0
290.0,-730.0,2735.6985,0.0
300.0,-730.0,2699.1367,0.0
310.0,-730.0,2662.9834,0.0
320.0,-730.0,2627.239,0.0
330.0,-730.0,2591.9043,0.0
340.0,-730.0,2556.9763,0.0
350.0,-730.0,2522.458,0.0
360.0,-730.0,2488.3481,0.0
370.0,-730.0,2454.6465,0.0
380.0,-730.0,2421.3518,0.0
390.0,-730.0,2388.4653,0.0
400.0,-730.0,2355.9858,0.0
410.0,-730.0,2323.9146,0.0
420.0,-730.0,2292.2495,0.0
430.0,-730.0,2260.9927,0.0
440.0,-730.0,2230.143,0.0
450.0,-730.0,2199.6992,0.0
460.0,-730.0,2169.6616,0.0
470.0,-730.0,2140.0315,0.0
480.0,-730.0,2110.8066,0.0
490.0,-730.0,2081.988,0.0
500.0,-730.0,2053.5752,0.0
510.0,-730.0,2025.569,0.0
520.0,-730.0,1997.9675,0.0
530.0,-730.0,1970.7728,0.0
540.0,-730.0,1943.9835,0.0
550.0,-730.0,1917.5989,0.0
560.0,-730.0,1891.6206,0.0
570.0,-730.0,1866.0471,0.0
580.0,-730.0,1840.8782,0.0
590.0,-730.0,1816.1132,0.0
600.0,-730.0,1791.7546,0.0
610.0,-730.0,1767.7998,0.0
620.0,-730.0,1744.25,0.0
630.0,-730.0,1721.1042,0.0
640.0,-730.0,1698.3622,0.0
650.0,-730.0,1676.0256,0.0
660.0,-730.0,1654.092,0.0
670.0,-730.0,1632.5634,0.0
680.0,-730.0,1611.4382,0.0
690.0,-730.0,1590.7166,0.0
700.0,-730.0,1570.3992,0.0
710.0,-730.0,1550.4845,0.0
720.0,-730.0,1530.9745,0.0
730.0,-730.0,1511.8673,0.0
740.0,-730.0,1493.1641,0.0
750.0,-730.0,1474.8643,0.0
760.0,-730.0,1456.9669,0.0
770.0,-730.0,1439.4728,0.0
780.0,-730.0,1422.3816,0.0
790.0,-730.0,1405.6931,0.0
800.0,-730.0,1389.4075,0.0
810.0,-730.0,1373.5254,0.0
820.0,-730.0,1358.046,0.0
830.0,-730.0,1342.9697,0.0
840.0,-730.0,1328.2952,0.0
850.0,-730.0,1314.0237,0.0
860.0,-730.0,1300.1545,0.0
870.0,-730.0,1286.6871,0.0
880.0,-730.0,1273.6229,0.0
890.0,-730.0,1260.9606,0.0
900.0,-730.0,1248.7007,0.0
910.0,-730.0,1236.8429,0.0
920.0,-730.0,1225.3867,0.0
930.0,-730.0,1214.3335,0.0
940.0,-730.0,1203.6815,0.0
950.0,-730.0,1193.4314,0.0
960.0,-730.0,1183.5842,0.0
970.0,-730.0,1174.1382,0.0
980.0,-730.0,1165.0942,0.0
990.0,-730.0,1156.452,0.0
1000.0,-730.0,1148.2112,0.0
1010.0,-730.0,1140.3726,0.0
1020.0,-730.0,1132.9354,0.0
1030.0,-730.0,1125.8994,0.0
1040.0,-730.0,1119.2655,0.0
1050.0,-730.0,1113.0327,0.0
1060.0,-730.0,1107.2019,0.0
1070.0,-730.0,1101.7717,0.0
1080.0,-730.0,1096.7438,0.0
1090.0,-730.0,1092.1172,0.0
1100.0,-730.0,1087.8916,0.0
1110.0,-730.0,1084.0679,0.0
1120.0,-730.0,1080.6448,0.0
1130.0,-730.0,1077.6233,0.0
1140.0,-730.0,1075.0026,0.0
1150.0,-730.0,1072.7839,0.0
1160.0,-730.0,1070.9662,0.0
1170.0,-730.0,1069.5494,0.0
1180.0,-730.0,1068.5338,0.0
1190.0,-730.0,1067.9198,0.0
1200.0,-730.0,1067.7065,0.0
1210.0,-730.0,1067.8943,0.0
1220.0,-730.0,1068.4827,0.0
1230.0,-730.0,1069.4728,0.0
1240.0,-730.0,1070.863,0.0
1250.0,-730.0,1072.6553,0.0
1260.0,-730.0,1074.8484,0.0
1270.0,-730.0,1077.4424,0.0
1280.0,-730.0,1080.4373,0.0
1290.0,-730.0,1083.8325,0.0
1300.0,-730.0,1087.6296,0.0
1310.0,-730.0,1091.8276,0.0
1320.0,-730.0,1096.4255,0.0
1330.0,-730.0,1101.4249,0.0
1340.0,-730.0,1106.8256,0.0
1350.0,-730.0,1112.6267,0.0
1360.0,-730.0,1118.8286,0.0
1370.0,-730.0,1125.4315,0.0
1380.0,-730.0,1132.4348,0.0
1390.0,-730.0,1139.8391,0.0
1400.0,-730.0,1147.6448,0.0
1410.0,-730.0,1155.851,0.0
1420.0,-730.0,1164.458,0.0
1430.0,-730.0,1173.4656,0.0
1440.0,-730.0,1182.8743,0.0
1450.0,-730.0,1192.6837,0.0
1460.0,-730.0,1202.8936,0.0
1470.0,-730.0,1213.5044,0.0
1480.0,-730.0,1224.5159,0.0
1490.0,-730.0,1235.9285,0.0
1500.0,-730.0,1247.7413,0.0
1510.0,-730.0,1259.9548,0.0
1520.0,-730.0,1272.5686,0.0
1530.0,-730.0,1285.5823,0.0
1540.0,-730.0,1298.9963,0.0
1550.0,-730.0,1312.8105,0.0
1560.0,-730.0,1327.0269,0.0
1570.0,-730.0,1341.6439,0.0
1580.0,-730.0,1356.6628,0.0
1590.0,-730.0,1372.0826,0.0
1600.0,-730.0,1387.9033,0.0
1610.0,-730.0,1404.1238,0.0
1620.0,-730.0,1420.7449,0.0
1630.0,-730.0,1437.7668,0.0
1640.0,-730.0,1455.1891,0.0
1650.0,-730.0,1473.0125,0.0
1660.0,-730.0,1491.2367,0.0
1670.0,-730.0,1509.8608,0.0
1680.0,-730.0,1528.8862,0.0
1690.0,-730.0,1548.312,0.0
1700.0,-730.0,1568.1387,0.0
1710.0,-730.0,1588.3655,0.0
1720.0,-730.0,1608.9932,0.0
1730.0,-730.0,1630.0222,0.0
1740.0,-730.0,1651.4507,0.0
1750.0,-730.0,1673.2804,0.0
1760.0,-730.0,1695.5106,0.0
1770.0,-730.0,1718.1411,0.0
1780.0,-730.0,1741.1721,0.0
1790.0,-730.0,1764.6038,0.0
1800.0,-730.0,1788.4363,0.0
-200.0,-720.0,39270.906,1.0
-190.0,-720.0,39270.906,1.0
-180.0,-720.0,39270.906,1.0
-170.0,-720.0,39270.906,1.0
-160.0,-720.0,39270.906,1.0
-150.0,-720.0,39270.906,1.0
-140.0,-720.0,39270.906,1.0
-130.0,-720.0,39270.906,1.0
-120.0,-720.0,39270.906,1.0
-110.0,-720.0,39270.906,1.0
-100.0,-720.0,39270.906,1.0
-90.0,-720.0,39270.906,1.0
-80.0,-720.0,39270.906,1.0
-70.0,-720.0,39270.906,1.0
-60.0,-720.0,39270.906,1.0
-50.0,-720.0,39270.906,1.0
-40.0,-720.0,39270.906,1.0
-30.0,-720.0,39270.906,1.0
-20.0,-720.0,39270.906,1.0
-10.0,-720.0,39270.906,1.0
0.0,-720.0,39270.906,1.0
10.0,-720.0,39270.906,1.0
20.0,-720.0,39270.906,1.0
30.0,-720.0,39270.906,1.0
40.0,-720.0,39270.906,1.0
50.0,-720.0,39270.906,1.0
60.0,-720.0,39270.906,1.0
70.0,-720.0,39270.906,1.0
80.0,-720.0,39270.906,1.0
90.0,-720.0,39270.906,1.0
100.0,-720.0,39270.906,1.0
110.0,-720.0,39270.906,1.0
120.0,-720.0,39270.906,1.0
130.0,-720.0,39270.906,1.0
140.0,-720.0,39270.906,1.0
150.0,-720.0,39270.906,1.0
160.0,-720.0,39270.906,1.0
170.0,-720.0,39270.906,1.0
180.0,-720.0,3179.6382,0.0
190.0,-720.0,3137.984,0.0
200.0,-720.0,3096.7466,0.0
210.0,-720.0,3055.9258,0.0
220.0,-720.0,3015.523,0.0
230.0,-720.0,2975.5361,0.0
240.0,-720.0,2935.9668,0.0
250.0,-720.0,2896.8135,0.0
260.0,-720.0,2858.0752,0.0
270.0,-720.0,2819.7534,0.0
280.0,-720.0,2781.8474,0.0
290.0,-720.0,2744.356,0.0
300.0,-720.0,2707.2812,0.0
310.0,-720.0,2670.6206,0.0
320.0,-720.0,2634.375,0.0
330.0,-720.0,2598.5442,0.0
340.0,-720.0,2563.1267,0.0
350.0,-720.0,2528.1245,0.0
360.0,-720.0,2493.5361,0.0
370.0,-720.0,2459.3618,0.0
380.0,-720.0,2425.601,0.0
390.0,-720.0,2392.2534,0.0
400.0,-720.0,2359.3188,0.0
410.0,-720.0,2326.798,0.0
420.0,-720.0,2294.691,0.0
430.0,-720.0,2262.9956,0.0
440.0,-720.0,2231.7136,0.0
450.0,-720.0,2200.8438,0.0
460.0,-720.0,2170.3872,0.0
470.0,-720.0,2140.3418,0.0
480.0,-720.0,2110.709,0.0
490.0,-720.0,2081.4875,0.0
500.0,-720.0,2052.6782,0.0
510.0,-720.0,2024.2803,0.0
520.0,-720.0,1996.2931,0.0
530.0,-720.0,1968.7183,0.0
540.0,-720.0,1941.5547,0.0
550.0,-720.0,1914.8022,0.0
560.0,-720.0,1888.4604,0.0
570.0,-720.0,1862.5298,0.0
580.0,-720.0,1837.0099,0.0
590.0,-720.0,1811.9,0.0
600.0,-720.0,1787.2009,0.0
610.0,-720.0,1762.9126,0.0
620.0,-720.0,1739.0337,0.0
630.0,-720.0,1715.5654,0.0
640.0,-720.0,1692.5063,0.0
650.0,-720.0,1669.8582,0.0
660.0,-720.0,1647.6194,0.0
670.0,-720.0,1625.7905,0.0
680.0,-720.0,1604.3707,0.0
690.0,-720.0,1583.3611,0.0
700.0,-720.0,1562.7603,0.0
710.0,-720.0,1542.569,0.0
720.0,-720.0,1522.7864,0.0
730.0,-720.0,1503.4133,0.0
740.0,-720.0,1484.449,0.0
750.0,-720.0,1465.8949,0.0
760.0,-720.0,1447.7485,0.0
770.0,-720.0,1430.0107,0.0
780.0,-720.0,1412.6823,0.0
790.0,-720.0,1395.7611,0.0
800.0,-720.0,1379.2493,0.0
810.0,-720.0,1363.1462,0.0
820.0,-720.0,1347.4509,0.0
830.0,-720.0,1332.1648,0.0
840.0,-720.0,1317.2875,0.0
850.0,-720.0,1302.8169,0.0
860.0,-720.0,1288.7545,0.0
870.0,-720.0,1275.1007,0.0
880.0,-720.0,1261.8544,0.0
890.0,-720.0,1249.0164,0.0
900.0,-720.0,1236.5857,0.0
910.0,-720.0,1224.5634,0.0
920.0,-720.0,1212.948,0.0
930.0,-720.0,1201.741,0.0
940.0,-720.0,1190.9413,0.0
950.0,-720.0,1180.5492,0.0
960.0,-720.0,1170.5645,0.0
970.0,-720.0,1160.9878,0.0
980.0,-720.0,1151.8176,0.0
990.0,-720.0,1143.0557,0.0
1000.0,-720.0,1134.7008,0.0
1010.0,-720.0,1126.7534,0.0
1020.0,-720.0,1119.2126,0.0
1030.0,-720.0,1112.079,0.0
1040.0,-720.0,1105.353,0.0
1050.0,-720.0,1099.0339,0.0
1060.0,-720.0,1093.1221,0.0
1070.0,-720.0,1087.617,0.0
1080.0,-720.0,1082.5194,0.0
1090.0,-720.0,1077.8284,0.0
1100.0,-720.0,1073.5444,0.0
1110.0,-720.0,1069.6674,0.0
1120.0,-720.0,1066.1973,0.0
1130.0,-720.0,1063.1335,0.0
1140.0,-720.0,1060.4772,0.0
1150.0,-720.0,1058.2275,0.0
1160.0,-720.0,1056.3843,0.0
1170.0,-720.0,1054.9484,0.0
1180.0,-720.0,1053.9186,0.0
1190.0,-720.0,1053.296,0.0
1200.0,-720.0,1053.08,0.0
1210.0,-720.0,1053.2706,0.0
1220.0,-720.0,1053.8676,0.0
1230.0,-720.0,1054.8715,0.0
1240.0,-720.0,1056.2816,0.0
1250.0,-720.0,1058.0986,0.0
1260.0,-720.0,1060.3225,0.0
1270.0,-720.0,1062.9526,0.0
1280.0,-720.0,1065.9891,0.0
1290.0,-720.0,1069.4318,0.0
1300.0,-720.0,1073.2817,0.0
1310.0,-720.0,1077.5377,0.0
1320.0,-720.0,1082.2003,0.0
1330.0,-720.0,1087.2695,0.0
1340.0,-720.0,1092.7449,0.0
1350.0,-720.0,1098.6262,0.0
1360.0,-720.0,1104.9148,0.0
1370.0,-720.0,1111.6093,0.0
1380.0,-720.0,1118.7101,0.0
1390.0,-720.0,1126.2177,0.0
1400.0,-720.0,1134.1318,0.0
1410.0,-720.0,1142.4523,0.0
1420.0,-720.0,1151.1788,0.0
1430.0,-720.0,1160.3116,0.0
1440.0,-720.0,1169.8508,0.0
1450.0,-720.0,1179.7968,0.0
1460.0,-720.0,1190.1484,0.0
1470.0,-720.0,1200.9069,0.0
1480.0,-720.0,1212.0717,0.0
1490.0,-720.0,1223.6426,0.0
1500.0,-720.0,1235.6199,0.0
1510.0,-720.0,1248.0027,0.0
1520.0,-720.0,1260.7909,0.0
1530.0,-720.0,1273.9861,0.0
1540.0,-720.0,1287.5865,0.0
1550.0,-720.0,1301.5931,0.0
1560.0,-720.0,1316.0063,0.0
1570.0,-720.0,1330.8279,0.0
1580.0,-720.0,1346.0559,0.0
1590.0,-720.0,1361.6895,0.0
1600.0,-720.0,1377.73,0.0
1610.0,-720.0,1394.1758,0.0
1620.0,-720.0,1411.0277,0.0
1630.0,-720.0,1428.2859,0.0
1640.0,-720.0,1445.9509,0.0
1650.0,-720.0,1464.0217,0.0
1660.0,-720.0,1482.4988,0.0
1670.0,-720.0,1501.3827,0.0
1680.0,-720.0,1520.6726,0.0
1690.0,-720.0,1540.3684,0.0
1700.0,-720.0,1560.4703,0.0
1710.0,-720.0,1580.9788,0.0
1720.0,-720.0,1601.8933,0.0
1730.0,-720.0,1623.2133,0.0
1740.0,-720.0,1644.9402,0.0
1750.0,-720.0,1667.0732,0.0
1760.0,-720.0,1689.612,0.0
1770.0,-720.0,1712.5569,0.0
1780.0,-720.0,1735.9083,0.0
1790.0,-720.0,1759.6664,0.0
1800.0,-720.0,1783.8297,0.0
-200.0,-710.0,39270.906,1.0
-190.0,-710.0,39270.906,1.0
-180.0,-710.0,39270.906,1.0
-170.0,-710.0,39270.906,1.0
-160.0,-710.0,39270.906,1.0
-150.0,-710.0,39270.906,1.0
-140.0,-710.0,39270.906,1.0
-130.0,-710.0,39270.906,1.0
-120.0,-710.0,39270.906,1.0
-110.0,-710.0,39270.906,1.0
-100.0,-710.0,39270.906,1.0
-90.0,-710.0,39270.906,1.0
-80.0,-710.0,39270.906,1.0
-70.0,-710.0,39270.906,1.0
-60.0,-710.0,39270.906,1.0
-50.0,-710.0,39270.906,1.0
-40.0,-710.0,39270.906,1.0
-30.0,-710.0,39270.906,1.0
-20.0,-710.0,39270.906,1.0
-10.0,-710.0,39270.906,1.0
0.0,-710.0,39270.906,1.0
10.0,-710.0,39270.906,1.0
20.0,-710.0,39270.906,1.0
30.0,-710.0,39270.906,1.0
40.0,-710.0,39270.906,1.0
50.0,-710.0,39270.906,1.0
60.0,-710.0,39270.906,1.0
70.0,-710.0,39270.906,1.0
80.0,-710.0,39270.906,1.0
90.0,-710.0,39270.906,1.0
100.0,-710.0,39270.906,1.0
110.0,-710.0,39270.906,1.0
120.0,-710.0,39270.906,1.0
130.0,-710.0,39270.906,1.0
140.0,-710.0,39270.906,1.0
150.0,-710.0,39270.906,1.0
160.0,-710.0,39270.906,1.0
170.0,-710.0,39270.906,1.0
180.0,-710.0,3195.1685,0.0
190.0,-710.0,3152.919,0.0
200.0,-710.0,3111.0928,0.0
210.0,-710.0,3069.6895,0.0
220.0,-710.0,3028.7104,0.0
230.0,-710.0,2988.1523,0.0
240.0,-710.0,2948.0186,0.0
250.0,-710.0,2908.3057,0.0
260.0,-710.0,2869.016,0.0
270.0,-710.0,2830.1477,0.0
280.0,-710.0,2791.7012,0.0
290.0,-710.0,2753.6763,0.0
300.0,-710.0,2716.0728,0.0
310.0,-710.0,2678.8901,0.0
320.0,-710.0,2642.129,0.0
330.0,-710.0,2605.7876,0.0
340.0,-710.0,2569.8665,0.0
350.0,-710.0,2534.3657,0.0
360.0,-710.0,2499.286,0.0
370.0,-710.0,2464.6255,0.0
380.0,-710.0,2430.3848,0.0
390.0,-710.0,2396.5645,0.0
400.0,-710.0,2363.1614,0.0
410.0,-710.0,2330.1787,0.0
420.0,-710.0,2297.6147,0.0
430.0,-710.0,2265.4707,0.0
440.0,-710.0,2233.7441,0.0
450.0,-710.0,2202.437,0.0
460.0,-710.0,2171.5474,0.0
470.0,-710.0,2141.0767,0.0
480.0,-710.0,2111.0227,0.0
490.0,-710.0,2081.3875,0.0
500.0,-710.0,2052.1694,0.0
510.0,-710.0,2023.3689,0.0
520.0,-710.0,1994.9861,0.0
530.0,-710.0,1967.0205,0.0
540.0,-710.0,1939.4712,0.0
550.0,-710.0,1912.3397,0.0
560.0,-710.0,1885.6252,0.0
570.0,-710.0,1859.3274,0.0
580.0,-710.0,1833.446,0.0
590.0,-710.0,1807.9808,0.0
600.0,-710.0,1782.9324,0.0
610.0,-710.0,1758.2999,0.0
620.0,-710.0,1734.0837,0.0
630.0,-710.0,1710.2834,0.0
640.0,-710.0,1686.8989,0.0
650.0,-710.0,1663.93,0.0
660.0,-710.0,1641.3773,0.0
670.0,-710.0,1619.2393,0.0
680.0,-710.0,1597.5175,0.0
690.0,-710.0,1576.2103,0.0
700.0,-710.0,1555.3188,0.0
710.0,-710.0,1534.8422,0.0
720.0,-710.0,1514.7803,0.0
730.0,-710.0,1495.1335,0.0
740.0,-710.0,1475.9019,0.0
750.0,-710.0,1457.0842,0.0
760.0,-710.0,1438.6826,0.0
770.0,-710.0,1420.6951,0.0
780.0,-710.0,1403.1216,0.0
790.0,-710.0,1385.9622,0.0
800.0,-710.0,1369.2169,0.0
810.0,-710.0,1352.8865,0.0
820.0,-710.0,1336.9703,0.0
830.0,-710.0,1321.4685,0.0
840.0,-710.0,1306.3806,0.0
850.0,-710.0,1291.7063,0.0
860.0,-710.0,1277.4462,0.0
870.0,-710.0,1263.5994,0.0
880.0,-710.0,1250.167,0.0
890.0,-710.0,1237.1475,0.0
900.0,-710.0,1224.5417,0.0
910.0,-710.0,1212.3499,0.0
920.0,-710.0,1200.571,0.0
930.0,-710.0,1189.2063,0.0
940.0,-710.0,1178.2543,0.0
950.0,-710.0,1167.7156,0.0
960.0,-710.0,1157.5903,0.0
970.0,-710.0,1147.8788,0.0
980.0,-710.0,1138.5801,0.0
990.0,-710.0,1129.6946,0.0
1000.0,-710.0,1121.2213,0.0
1010.0,-710.0,1113.1626,0.0
1020.0,-710.0,1105.5159,0.0
1030.0,-710.0,1098.2819,0.0
1040.0,-710.0,1091.461,0.0
1050.0,-710.0,1085.0531,0.0
1060.0,-710.0,1079.0579,0.0
1070.0,-710.0,1073.4758,0.0
1080.0,-710.0,1068.3059,0.0
1090.0,-710.0,1063.5493,0.0
1100.0,-710.0,1059.205,0.0
1110.0,-710.0,1055.2732,0.0
1120.0,-710.0,1051.7546,0.0
1130.0,-710.0,1048.6482,0.0
1140.0,-710.0,1045.9541,0.0
1150.0,-710.0,1043.6731,0.0
1160.0,-710.0,1041.8042,0.0
1170.0,-710.0,1040.3481,0.0
1180.0,-710.0,1039.3042,0.0
1190.0,-710.0,1038.6727,0.0
1200.0,-710.0,1038.4543,0.0
1210.0,-710.0,1038.6477,0.0
1220.0,-710.0,1039.2534,0.0
1230.0,-710.0,1040.2714,0.0
1240.0,-710.0,1041.7015,0.0
1250.0,-710.0,1043.5441,0.0
1260.0,-710.0,1045.7991,0.0
1270.0,-710.0,1048.4666,0.0
1280.0,-710.0,1051.5454,0.0
1290.0,-710.0,1055.0374,0.0
1300.0,-710.0,1058.9414,0.0
1310.0,-710.0,1063.2574,0.0
1320.0,-710.0,1067.986,0.0
1330.0,-710.0,1073.1265,0.0
1340.0,-710.0,1078.6792,0.0
1350.0,-710.0,1084.6438,0.0
1360.0,-710.0,1091.0208,0.0
1370.0,-710.0,1097.8102,0.0
1380.0,-710.0,1105.011,0.0
1390.0,-710.0,1112.6243,0.0
1400.0,-710.0,1120.6498,0.0
1410.0,-710.0,1129.0876,0.0
1420.0,-710.0,1137.9373,0.0
1430.0,-710.0,1147.1991,0.0
1440.0,-710.0,1156.8727,0.0
1450.0,-710.0,1166.9587,0.0
1460.0,-710.0,1177.4573,0.0
1470.0,-710.0,1188.3667,0.0
1480.0,-710.0,1199.6888,0.0
1490.0,-710.0,1211.4229,0.0
1500.0,-710.0,1223.5685,0.0
1510.0,-710.0,1236.1262,0.0
1520.0,-710.0,1249.0945,0.0
1530.0,-710.0,1262.4751,0.0
1540.0,-710.0,1276.2666,0.0
1550.0,-710.0,1290.4712,0.0
1560.0,-710.0,1305.0889,0.0
1570.0,-710.0,1320.1189,0.0
1580.0,-710.0,1335.5614,0.0
1590.0,-710.0,1351.4159,0.0
1600.0,-710.0,1367.6816,0.0
1610.0,-710.0,1384.3594,0.0
1620.0,-710.0,1401.4492,0.0
1630.0,-710.0,1418.9502,0.0
1640.0,-710.0,1436.8645,0.0
1650.0,-710.0,1455.19,0.0
1660.0,-710.0,1473.928,0.0
1670.0,-710.0,1493.0773,0.0
1680.0,-710.0,1512.6388,0.0
1690.0,-710.0,1532.6124,0.0
1700.0,-710.0,1552.9977,0.0
1710.0,-710.0,1573.7946,0.0
1720.0,-710.0,1595.0042,0.0
1730.0,-710.0,1616.6248,0.0
1740.0,-710.0,1638.6581,0.0
1750.0,-710.0,1661.1027,0.0
1760.0,-710.0,1683.9595,0.0
1770.0,-710.0,1707.228,0.0
1780.0,-710.0,1730.9081,0.0
1790.0,-710.0,1755.0012,0.0
1800.0,-710.0,1779.5044,0.0
-200.0,-700.0,39270.906,1.0
-190.0,-700.0,39270.906,1.0
-180.0,-700.0,39270.906,1.0
-170.0,-700.0,39270.906,1.0
-160.0,-700.0,39270.906,1.0
-150.0,-700.0,39270.906,1.0
-140.0,-700.0,39270.906,1.0
-130.0,-700.0,39270.906,1.0
-120.0,-700.0,39270.906,1.0
-110.0,-700.0,39270.906,1.0
-100.0,-700.0,39270.906,1.0
-90.0,-700.0,39270.906,1.0
-80.0,-700.0,39270.906,1.0
-70.0,-700.0,39270.906,1.0
-60.0,-700.0,39270.906,1.0
-50.0,-700.0,39270.906,1.0
-40.0,-700.0,39270.906,1.0
-30.0,-700.0,39270.906,1.0
-20.0,-700.0,39270.906,1.0
-10.0,-700.0,39270.906,1.0
0.0,-700.0,39270.906,1.0
10.0,-700.0,39270.906,1.0
20.0,-700.0,39270.906,1.0
30.0,-700.0,39270.906,1.0
40.0,-700.0,39270.906,1.0
50.0,-700.0,39270.906,1.0
60.0,-700.0,39270.906,1.0
70.0,-700.0,39270.906,1.0
80.0,-700.0,39270.906,1.0
90.0,-700.0,39270.906,1.0
100.0,-700.0,39270.906,1.0
110.0,-700.0,39270.906,1.0
120.0,-700.0,39270.906,1.0
130.0,-700.0,39270.906,1.0
140.0,-700.0,39270.906,1.0
150.0,-700.0,39270.906,1.0
160.0,-700.0,39270.906,1.0
170.0,-700.0,3254.865,0.0
180.0,-700.0,3211.571,0.0
190.0,-700.0,3168.7095,0.0
200.0,-700.0,3126.2769,0.0
210.0,-700.0,3084.2734,0.0
220.0,-700.0,3042.7002,0.0
230.0,-700.0,3001.5554,0.0
240.0,-700.0,2960.8403,0.0
250.0,-700.0,2920.5527,0.0
260.0,-700.0,2880.6943,0.0
270.0,-700.0,2841.2637,0.0
280.0,-700.0,2802.2607,0.0
290.0,-700.0,2763.6868,0.0
300.0,-700.0,2725.5396,0.0
310.0,-700.0,2687.8193,0.0
320.0,-700.0,2650.5273,0.0
330.0,-700.0,2613.6616,0.0
340.0,-700.0,2577.222,0.0
350.0,-700.0,2541.2095,0.0
360.0,-700.0,2505.623,0.0
370.0,-700.0,2470.463,0.0
380.0,-700.0,2435.7275,0.0
390.0,-700.0,2401.4192,0.0
400.0,-700.0,2367.5352,0.0
410.0,-700.0,2334.0771,0.0
420.0,-700.0,2301.0447,0.0
430.0,-700.0,2268.4365,0.0
440.0,-700.0,2236.2534,0.0
450.0,-700.0,2204.4949,0.0
460.0,-700.0,2173.161,0.0
470.0,-700.0,2142.2515,0.0
480.0,-700.0,2111.7664,0.0
490.0,-700.0,2081.7046,0.0
500.0,-700.0,2052.066,0.0
510.0,-700.0,2022.8519,0.0
520.0,-700.0,1994.06,0.0
530.0,-700.0,1965.6929,0.0
540.0,-700.0,1937.7483,0.0
550.0,-700.0,1910.2268,0.0
560.0,-700.0,1883.1282,0.0
570.0,-700.0,1856.4531,0.0
580.0,-700.0,1830.1997,0.0
590.0,-700.0,1804.3694,0.0
600.0,-700.0,1778.9609,0.0
610.0,-700.0,1753.9753,0.0
620.0,-700.0,1729.4117,0.0
630.0,-700.0,1705.2701,0.0
640.0,-700.0,1681.5503,0.0
650.0,-700.0,1658.2517,0.0
660.0,-700.0,1635.3748,0.0
670.0,-700.0,1612.9199,0.0
680.0,-700.0,1590.8866,0.0
690.0,-700.0,1569.2742,0.0
700.0,-700.0,1548.0836,0.0
710.0,-700.0,1527.3134,0.0
720.0,-700.0,1506.9644,0.0
730.0,-700.0,1487.0356,0.0
740.0,-700.0,1467.5283,0.0
750.0,-700.0,1448.4417,0.0
760.0,-700.0,1429.7764,0.0
770.0,-700.0,1411.5315,0.0
780.0,-700.0,1393.7062,0.0
790.0,-700.0,1376.3018,0.0
800.0,-700.0,1359.3164,0.0
810.0,-700.0,1342.7524,0.0
820.0,-700.0,1326.608,0.0
830.0,-700.0,1310.8843,0.0
840.0,-700.0,1295.5806,0.0
850.0,-700.0,1280.6971,0.0
860.0,-700.0,1266.2327,0.0
870.0,-700.0,1252.1877,0.0
880.0,-700.0,1238.5636,0.0
890.0,-700.0,1225.3577,0.0
900.0,-700.0,1212.5715,0.0
910.0,-700.0,1200.2054,0.0
920.0,-700.0,1188.2585,0.0
930.0,-700.0,1176.7311,0.0
940.0,-700.0,1165.6228,0.0
950.0,-700.0,1154.9338,0.0
960.0,-700.0,1144.6638,0.0
970.0,-700.0,1134.8132,0.0
980.0,-700.0,1125.3816,0.0
990.0,-700.0,1116.3688,0.0
1000.0,-700.0,1107.7754,0.0
1010.0,-700.0,1099.6011,0.0
1020.0,-700.0,1091.8456,0.0
1030.0,-700.0,1084.5085,0.0
1040.0,-700.0,1077.5898,0.0
1050.0,-700.0,1071.0906,0.0
1060.0,-700.0,1065.0103,0.0
1070.0,-700.0,1059.3479,0.0
1080.0,-700.0,1054.1045,0.0
1090.0,-700.0,1049.2798,0.0
1100.0,-700.0,1044.8738,0.0
1110.0,-700.0,1040.8865,0.0
1120.0,-700.0,1037.3171,0.0
1130.0,-700.0,1034.1667,0.0
1140.0,-700.0,1031.4346,0.0
1150.0,-700.0,1029.121,0.0
1160.0,-700.0,1027.2253,0.0
1170.0,-700.0,1025.7487,0.0
1180.0,-700.0,1024.6901,0.0
1190.0,-700.0,1024.0498,0.0
1200.0,-700.0,1023.82794,0.0
1210.0,-700.0,1024.0239,0.0
1220.0,-700.0,1024.6389,0.0
1230.0,-700.0,1025.6711,0.0
1240.0,-700.0,1027.1221,0.0
1250.0,-700.0,1028.9915,0.0
1260.0,-700.0,1031.2786,0.0
1270.0,-700.0,1033.9844,0.0
1280.0,-700.0,1037.1079,0.0
1290.0,-700.0,1040.6494,0.0
1300.0,-700.0,1044.6096,0.0
1310.0,-700.0,1048.9877,0.0
1320.0,-700.0,1053.7832,0.0
1330.0,-700.0,1058.9974,0.0
1340.0,-700.0,1064.6298,0.0
1350.0,-700.0,1070.6799,0.0
1360.0,-700.0,1077.1482,0.0
1370.0,-700.0,1084.0347,0.0
1380.0,-700.0,1091.3383,0.0
1390.0,-700.0,1099.0608,0.0
1400.0,-700.0,1107.2009,0.0
1410.0,-700.0,1115.7593,0.0
1420.0,-700.0,1124.7354,0.0
1430.0,-700.0,1134.1296,0.0
1440.0,-700.0,1143.9415,0.0
1450.0,-700.0,1154.1716,0.0
1460.0,-700.0,1164.82,0.0
1470.0,-700.0,1175.8857,0.0
1480.0,-700.0,1187.3694,0.0
1490.0,-700.0,1199.2717,0.0
1500.0,-700.0,1211.5905,0.0
1510.0,-700.0,1224.3271,0.0
1520.0,-700.0,1237.4813,0.0
1530.0,-700.0,1251.0529,0.0
1540.0,-700.0,1265.042,0.0
1550.0,-700.0,1279.4498,0.0
1560.0,-700.0,1294.2766,0.0
1570.0,-700.0,1309.5225,0.0
1580.0,-700.0,1325.1852,0.0
1590.0,-700.0,1341.266,0.0
1600.0,-700.0,1357.7642,0.0
1610.0,-700.0,1374.6802,0.0
1620.0,-700.0,1392.0145,0.0
1630.0,-700.0,1409.7661,0.0
1640.0,-700.0,1427.9358,0.0
1650.0,-700.0,1446.5237,0.0
1660.0,-700.0,1465.5294,0.0
1670.0,-700.0,1484.9524,0.0
1680.0,-700.0,1504.7935,0.0
1690.0,-700.0,1525.0526,0.0
1700.0,-700.0,1545.7292,0.0
1710.0,-700.0,1566.8239,0.0
1720.0,-700.0,1588.3359,0.0
1730.0,-700.0,1610.2665,0.0
1740.0,-700.0,1632.6138,0.0
1750.0,-700.0,1655.3799,0.0
1760.0,-700.0,1678.5636,0.0
1770.0,-700.0,1702.1646,0.0
1780.0,-700.0,1726.1836,0.0
1790.0,-700.0,1750.6202,0.0
1800.0,-700.0,1775.4744,0.0
-200.0,-690.0,39270.906,1.0
-190.0,-690.0,39270.906,1.0
-180.0,-690.0,39270.906,1.0
-170.0,-690.0,39270.906,1.0
-160.0,-690.0,39270.906,1.0
-150.0,-690.0,39270.906,1.0
-140.0,-690.0,39270.906,1.0
-130.0,-690.0,39270.906,1.0
-120.0,-690.0,39270.906,1.0
-110.0,-690.0,39270.906,1.0
-100.0,-690.0,39270.906,1.0
-90.0,-690.0,39270.906,1.0
-80.0,-690.0,39270.906,1.0
-70.0,-690.0,39270.906,1.0
-60.0,-690.0,39270.906,1.0
-50.0,-690.0,39270.906,1.0
-40.0,-690.0,39270.906,1.0
-30.0,-690.0,39270.906,1.0
-20.0,-690.0,39270.906,1.0
-10.0,-690.0,39270.906,1.0
0.0,-690.0,39270.906,1.0
10.0,-690.0,39270.906,1.0
20.0,-690.0,39270.906,1.0
30.0,-690.0,39270.906,1.0
40.0,-690.0,39270.906,1.0
50.0,-690.0,39270.906,1.0
60.0,-690.0,39270.906,1.0
70.0,-690.0,39270.906,1.0
80.0,-690.0,39270.906,1.0
90.0,-690.0,39270.906,1.0
100.0,-690.0,39270.906,1.0
110.0,-690.0,39270.906,1.0
120.0,-690.0,39270.906,1.0
130.0,-690.0,39270.906,1.0
140.0,-690.0,39270.906,1.0
150.0,-690.0,39270.906,1.0
160.0,-690.0,3317.1821,0.0
170.0,-690.0,3272.814,0.0
180.0,-690.0,3228.885,0.0
190.0,-690.0,3185.3916,0.0
200.0,-690.0,3142.334,0.0
210.0,-690.0,3099.7131,0.0
220.0,-690.0,3057.528,0.0
230.0,-690.0,3015.7793,0.0
240.0,-690.0,2974.4653,0.0
250.0,-690.0,2933.5862,0.0
260.0,-690.0,2893.1426,0.0
270.0,-690.0,2853.1328,0.0
280.0,-690.0,2813.559,0.0
290.0,-690.0,2774.418,0.0
300.0,-690.0,2735.7114,0.0
310.0,-690.0,2697.4385,0.0
320.0,-690.0,2659.599,0.0
330.0,-690.0,2622.1934,0.0
340.0,-690.0,2585.2202,0.0
350.0,-690.0,2548.6792,0.0
360.0,-690.0,2512.5723,0.0
370.0,-690.0,2476.8975,0.0
380.0,-690.0,2441.6548,0.0
390.0,-690.0,2406.8433,0.0
400.0,-690.0,2372.4639,0.0
410.0,-690.0,2338.5166,0.0
420.0,-690.0,2305.001,0.0
430.0,-690.0,2271.9165,0.0
440.0,-690.0,2239.2627,0.0
450.0,-690.0,2207.041,0.0
460.0,-690.0,2175.249,0.0
470.0,-690.0,2143.8875,0.0
480.0,-690.0,2112.957,0.0
490.0,-690.0,2082.4568,0.0
500.0,-690.0,2052.386,0.0
510.0,-690.0,2022.7458,0.0
520.0,-690.0,1993.5347,0.0
530.0,-690.0,1964.753,0.0
540.0,-690.0,1936.4014,0.0
550.0,-690.0,1908.4785,0.0
560.0,-690.0,1880.9846,0.0
570.0,-690.0,1853.9202,0.0
580.0,-690.0,1827.2849,0.0
590.0,-690.0,1801.0784,0.0
600.0,-690.0,1775.2996,0.0
610.0,-690.0,1749.9504,0.0
620.0,-690.0,1725.0292,0.0
630.0,-690.0,1700.5361,0.0
640.0,-690.0,1676.4705,0.0
650.0,-690.0,1652.8335,0.0
660.0,-690.0,1629.6243,0.0
670.0,-690.0,1606.8428,0.0
680.0,-690.0,1584.4885,0.0
690.0,-690.0,1562.562,0.0
700.0,-690.0,1541.0627,0.0
710.0,-690.0,1519.9905,0.0
720.0,-690.0,1499.3462,0.0
730.0,-690.0,1479.1279,0.0
740.0,-690.0,1459.3369,0.0
750.0,-690.0,1439.9734,0.0
760.0,-690.0,1421.0361,0.0
770.0,-690.0,1402.5256,0.0
780.0,-690.0,1384.4419,0.0
790.0,-690.0,1366.7847,0.0
800.0,-690.0,1349.5537,0.0
810.0,-690.0,1332.7485,0.0
820.0,-690.0,1316.3698,0.0
830.0,-690.0,1300.4175,0.0
840.0,-690.0,1284.8922,0.0
850.0,-690.0,1269.7921,0.0
860.0,-690.0,1255.118,0.0
870.0,-690.0,1240.8699,0.0
880.0,-690.0,1227.0471,0.0
890.0,-690.0,1213.6504,0.0
900.0,-690.0,1200.6787,0.0
910.0,-690.0,1188.1334,0.0
920.0,-690.0,1176.0132,0.0
930.0,-690.0,1164.3184,0.0
940.0,-690.0,1153.049,0.0
950.0,-690.0,1142.2053,0.0
960.0,-690.0,1131.7864,0.0
970.0,-690.0,1121.7932,0.0
980.0,-690.0,1112.2249,0.0
990.0,-690.0,1103.0814,0.0
1000.0,-690.0,1094.363,0.0
1010.0,-690.0,1086.0706,0.0
1020.0,-690.0,1078.2026,0.0
1030.0,-690.0,1070.7593,0.0
1040.0,-690.0,1063.7408,0.0
1050.0,-690.0,1057.1473,0.0
1060.0,-690.0,1050.9788,0.0
1070.0,-690.0,1045.2351,0.0
1080.0,-690.0,1039.9159,0.0
1090.0,-690.0,1035.0212,0.0
1100.0,-690.0,1030.5513,0.0
1110.0,-690.0,1026.506,0.0
1120.0,-690.0,1022.8854,0.0
1130.0,-690.0,1019.6894,0.0
1140.0,-690.0,1016.9181,0.0
1150.0,-690.0,1014.5708,0.0
1160.0,-690.0,1012.6482,0.0
1170.0,-690.0,1011.1497,0.0
1180.0,-690.0,1010.07623,0.0
1190.0,-690.0,1009.4267,0.0
1200.0,-690.0,1009.2018,0.0
1210.0,-690.0,1009.4014,0.0
1220.0,-690.0,1010.02466,0.0
1230.0,-690.0,1011.07275,0.0
1240.0,-690.0,1012.5446,0.0
1250.0,-690.0,1014.4409,0.0
1260.0,-690.0,1016.7613,0.0
1270.0,-690.0,1019.5062,0.0
1280.0,-690.0,1022.67554,0.0
1290.0,-690.0,1026.2688,0.0
1300.0,-690.0,1030.2864,0.0
1310.0,-690.0,1034.7273,0.0
1320.0,-690.0,1039.5935,0.0
1330.0,-690.0,1044.883,0.0
1340.0,-690.0,1050.5967,0.0
1350.0,-690.0,1056.7351,0.0
1360.0,-690.0,1063.297,0.0
1370.0,-690.0,1070.2832,0.0
1380.0,-690.0,1077.6936,0.0
1390.0,-690.0,1085.5277,0.0
1400.0,-690.0,1093.7863,0.0
1410.0,-690.0,1102.4685,0.0
1420.0,-690.0,1111.575,0.0
1430.0,-690.0,1121.1052,0.0
1440.0,-690.0,1131.0599,0.0
1450.0,-690.0,1141.4384,0.0
1460.0,-690.0,1152.2408,0.0
1470.0,-690.0,1163.4673,0.0
1480.0,-690.0,1175.1174,0.0
1490.0,-690.0,1187.1915,0.0
1500.0,-690.0,1199.6897,0.0
1510.0,-690.0,1212.6104,0.0
1520.0,-690.0,1225.9547,0.0
1530.0,-690.0,1239.7229,0.0
1540.0,-690.0,1253.9155,0.0
1550.0,-690.0,1268.5331,0.0
1560.0,-690.0,1283.5757,0.0
1570.0,-690.0,1299.0417,0.0
1580.0,-690.0,1314.9319,0.0
1590.0,-690.0,1331.2454,0.0
1600.0,-690.0,1347.9829,0.0
1610.0,-690.0,1365.1443,0.0
1620.0,-690.0,1382.7302,0.0
1630.0,-690.0,1400.7393,0.0
1640.0,-690.0,1419.1729,0.0
1650.0,-690.0,1438.0302,0.0
1660.0,-690.0,1457.3108,0.0
1670.0,-690.0,1477.0161,0.0
1680.0,-690.0,1497.1447,0.0
1690.0,-690.0,1517.6976,0.0
1700.0,-690.0,1538.6743,0.0
1710.0,-690.0,1560.075,0.0
1720.0,-690.0,1581.899,0.0
1730.0,-690.0,1604.1477,0.0
1740.0,-690.0,1626.8188,0.0
1750.0,-690.0,1649.9148,0.0
1760.0,-690.0,1673.4344,0.0
1770.0,-690.0,1697.3774,0.0
1780.0,-690.0,1721.7449,0.0
1790.0,-690.0,1746.5366,0.0
1800.0,-690.0,1771.7507,0.0
-200.0,-680.0,39270.906,1.0
-190.0,-680.0,39270.906,1.0
-180.0,-680.0,39270.906,1.0
-170.0,-680.0,39270.906,1.0
-160.0,-680.0,39270.906,1.0
-150.0,-680.0,39270.906,1.0
-140.0,-680.0,39270.906,1.0
-130.0,-680.0,39270.906,1.0
-120.0,-680.0,39270.906,1.0
-110.0,-680.0,39270.906,1.0
-100.0,-680.0,39270.906,1.0
-90.0,-680.0,39270.906,1.0
-80.0,-680.0,39270.906,1.0
-70.0,-680.0,39270.906,1.0
-60.0,-680.0,39270.906,1.0
-50.0,-680.0,39270.906,1.0
-40.0,-680.0,39270.906,1.0
-30.0,-680.0,39270.906,1.0
-20.0,-680.0,39270.906,1.0
-10.0,-680.0,39270.906,1.0
0.0,-680.0,39270.906,1.0
10.0,-680.0,39270.906,1.0
20.0,-680.0,39270.906,1.0
30.0,-680.0,39270.906,1.0
40.0,-680.0,39270.906,1.0
50.0,-680.0,39270.906,1.0
60.0,-680.0,39270.906,1.0
70.0,-680.0,39270.906,1.0
80.0,-680.0,39270.906,1.0
90.0,-680.0,39270.906,1.0
100.0,-680.0,39270.906,1.0
110.0,-680.0,39270.906,1.0
120.0,-680.0,39270.906,1.0
130.0,-680.0,39270.906,1.0
140.0,-680.0,39270.906,1.0
150.0,-680.0,39270.906,1.0
160.0,-680.0,3336.7646,0.0
170.0,-680.0,3291.7344,0.0
180.0,-680.0,3247.1482,0.0
190.0,-680.0,3203.005,0.0
200.0,-680.0,3159.3047,0.0
210.0,-680.0,3116.0483,0.0
220.0,-680.0,3073.2341,0.0
230.0,-680.0,3030.8608,0.0
240.0,-680.0,2988.9307,0.0
250.0,-680.0,2947.442,0.0
260.0,-680.0,2906.3953,0.0
270.0,-680.0,2865.7908,0.0
280.0,-680.0,2825.626,0.0
290.0,-680.0,2785.9019,0.0
300.0,-680.0,2746.6191,0.0
310.0,-680.0,2707.7769,0.0
320.0,-680.0,2669.3745,0.0
330.0,-680.0,2631.4119,0.0
340.0,-680.0,2593.889,0.0
350.0,-680.0,2556.8057,0.0
360.0,-680.0,2520.1606,0.0
370.0,-680.0,2483.9558,0.0
380.0,-680.0,2448.19,0.0
390.0,-680.0,2412.8618,0.0
400.0,-680.0,2377.9724,0.0
410.0,-680.0,2343.521,0.0
420.0,-680.0,2309.5083,0.0
430.0,-680.0,2275.9326,0.0
440.0,-680.0,2242.794,0.0
450.0,-680.0,2210.0947,0.0
460.0,-680.0,2177.8315,0.0
470.0,-680.0,2146.0054,0.0
480.0,-680.0,2114.6165,0.0
490.0,-680.0,2083.6643,0.0
500.0,-680.0,2053.149,0.0
510.0,-680.0,2023.0698,0.0
520.0,-680.0,1993.4255,0.0
530.0,-680.0,1964.2183,0.0
540.0,-680.0,1935.447,0.0
550.0,-680.0,1907.1111,0.0
560.0,-680.0,1879.2107,0.0
570.0,-680.0,1851.7455,0.0
580.0,-680.0,1824.7164,0.0
590.0,-680.0,1798.1217,0.0
600.0,-680.0,1771.9635,0.0
610.0,-680.0,1746.2385,0.0
620.0,-680.0,1720.9492,0.0
630.0,-680.0,1696.0945,0.0
640.0,-680.0,1671.674,0.0
650.0,-680.0,1647.687,0.0
660.0,-680.0,1624.1353,0.0
670.0,-680.0,1601.0171,0.0
680.0,-680.0,1578.3333,0.0
690.0,-680.0,1556.0829,0.0
700.0,-680.0,1534.2668,0.0
710.0,-680.0,1512.8838,0.0
720.0,-680.0,1491.9343,0.0
730.0,-680.0,1471.4183,0.0
740.0,-680.0,1451.3353,0.0
750.0,-680.0,1431.6858,0.0
760.0,-680.0,1412.4695,0.0
770.0,-680.0,1393.6863,0.0
780.0,-680.0,1375.3362,0.0
790.0,-680.0,1357.4187,0.0
800.0,-680.0,1339.9338,0.0
810.0,-680.0,1322.8815,0.0
820.0,-680.0,1306.2612,0.0
830.0,-680.0,1290.074,0.0
840.0,-680.0,1274.3193,0.0
850.0,-680.0,1258.9973,0.0
860.0,-680.0,1244.1078,0.0
870.0,-680.0,1229.6488,0.0
880.0,-680.0,1215.6228,0.0
890.0,-680.0,1202.029,0.0
900.0,-680.0,1188.8667,0.0
910.0,-680.0,1176.1365,0.0
920.0,-680.0,1163.8379,0.0
930.0,-680.0,1151.9714,0.0
940.0,-680.0,1140.5364,0.0
950.0,-680.0,1129.5322,0.0
960.0,-680.0,1118.9604,0.0
970.0,-680.0,1108.8203,0.0
980.0,-680.0,1099.1112,0.0
990.0,-680.0,1089.8331,0.0
1000.0,-680.0,1080.9873,0.0
1010.0,-680.0,1072.573,0.0
1020.0,-680.0,1064.5894,0.0
1030.0,-680.0,1057.0366,0.0
1040.0,-680.0,1049.915,0.0
1050.0,-680.0,1043.2245,0.0
1060.0,-680.0,1036.9651,0.0
1070.0,-680.0,1031.1368,0.0
1080.0,-680.0,1025.7393,0.0
1090.0,-680.0,1020.77313,0.0
1100.0,-680.0,1016.2377,0.0
1110.0,-680.0,1012.13336,0.0
1120.0,-680.0,1008.45935,0.0
1130.0,-680.0,1005.21643,0.0
1140.0,-680.0,1002.40405,0.0
1150.0,-680.0,1000.0229,0.0
1160.0,-680.0,998.072,0.0
1170.0,-680.0,996.55176,0.0
1180.0,-680.0,995.4626,0.0
1190.0,-680.0,994.80365,0.0
1200.0,-680.0,994.57587,0.0
1210.0,-680.0,994.77814,0.0
1220.0,-680.0,995.411,0.0
1230.0,-680.0,996.4747,0.0
1240.0,-680.0,997.9684,0.0
1250.0,-680.0,999.89276,0.0
1260.0,-680.0,1002.2477,0.0
1270.0,-680.0,1005.033,0.0
1280.0,-680.0,1008.24854,0.0
1290.0,-680.0,1011.89514,0.0
1300.0,-680.0,1015.97205,0.0
1310.0,-680.0,1020.4784,0.0
1320.0,-680.0,1025.416,0.0
1330.0,-680.0,1030.7836,0.0
1340.0,-680.0,1036.5818,0.0
1350.0,-680.0,1042.8096,0.0
1360.0,-680.0,1049.4688,0.0
1370.0,-680.0,1056.5576,0.0
1380.0,-680.0,1064.077,0.0
1390.0,-680.0,1072.0266,0.0
1400.0,-680.0,1080.4067,0.0
1410.0,-680.0,1089.2168,0.0
1420.0,-680.0,1098.4573,0.0
1430.0,-680.0,1108.1277,0.0
1440.0,-680.0,1118.2286,0.0
1450.0,-680.0,1128.7603,0.0
1460.0,-680.0,1139.7217,0.0
1470.0,-680.0,1151.1136,0.0
1480.0,-680.0,1162.935,0.0
1490.0,-680.0,1175.1868,0.0
1500.0,-680.0,1187.8683,0.0
1510.0,-680.0,1200.9789,0.0
1520.0,-680.0,1214.52,0.0
1530.0,-680.0,1228.491,0.0
1540.0,-680.0,1242.8925,0.0
1550.0,-680.0,1257.7262,0.0
1560.0,-680.0,1272.9894,0.0
1570.0,-680.0,1288.6833,0.0
1580.0,-680.0,1304.8071,0.0
1590.0,-680.0,1321.3601,0.0
1600.0,-680.0,1338.3444,0.0
1610.0,-680.0,1355.7583,0.0
1620.0,-680.0,1373.6029,0.0
1630.0,-680.0,1391.8774,0.0
1640.0,-680.0,1410.5818,0.0
1650.0,-680.0,1429.7166,0.0
1660.0,-680.0,1449.2808,0.0
1670.0,-680.0,1469.2766,0.0
1680.0,-680.0,1489.7014,0.0
1690.0,-680.0,1510.5564,0.0
1700.0,-680.0,1531.8417,0.0
1710.0,-680.0,1553.5571,0.0
1720.0,-680.0,1575.7021,0.0
1730.0,-680.0,1598.2783,0.0
1740.0,-680.0,1621.2832,0.0
1750.0,-680.0,1644.7191,0.0
1760.0,-680.0,1668.5842,0.0
1770.0,-680.0,1692.8806,0.0
1780.0,-680.0,1717.606,0.0
1790.0,-680.0,1742.7625,0.0
1800.0,-680.0,1768.3479,0.0
-200.0,-670.0,39270.906,1.0
-190.0,-670.0,39270.906,1.0
-180.0,-670.0,39270.906,1.0
-170.0,-670.0,39270.906,1.0
-160.0,-670.0,39270.906,1.0
-150.0,-670.0,39270.906,1.0
-140.0,-670.0,39270.906,1.0
-130.0,-670.0,39270.906,1.0
-120.0,-670.0,39270.906,1.0
-110.0,-670.0,39270.906,1.0
-100.0,-670.0,39270.906,1.0
-90.0,-670.0,39270.906,1.0
-80.0,-670.0,39270.906,1.0
-70.0,-670.0,39270.906,1.0
-60.0,-670.0,39270.906,1.0
-50.0,-670.0,39270.906,1.0
-40.0,-670.0,39270.906,1.0
-30.0,-670.0,39270.906,1.0
-20.0,-670.0,39270.906,1.0
-10.0,-670.0,39270.906,1.0
0.0,-670.0,39270.906,1.0
10.0,-670.0,39270.906,1.0
20.0,-670.0,39270.906,1.0
30.0,-670.0,39270.906,1.0
40.0,-670.0,39270.906,1.0
50.0,-670.0,39270.906,1.0
60.0,-670.0,39270.906,1.0
70.0,-670.0,39270.906,1.0
80.0,-670.0,39270.906,1.0
90.0,-670.0,39270.906,1.0
100.0,-670.0,39270.906,1.0
110.0,-670.0,39270.906,1.0
120.0,-670.0,39270.906,1.0
130.0,-670.0,39270.906,1.0
140.0,-670.0,39270.906,1.0
150.0,-670.0,3403.5488,0.0
160.0,-670.0,3357.3828,0.0
170.0,-670.0,3311.6697,0.0
180.0,-670.0,3266.4058,0.0
190.0,-670.0,3221.5928,0.0
200.0,-670.0,3177.2305,0.0
210.0,-670.0,3133.317,0.0
220.0,-670.0,3089.8535,0.0
230.0,-670.0,3046.8396,0.0
240.0,-670.0,3004.2732,0.0
250.0,-670.0,2962.1582,0.0
260.0,-670.0,2920.4897,0.0
270.0,-670.0,2879.2695,0.0
280.0,-670.0,2838.4973,0.0
290.0,-670.0,2798.173,0.0
300.0,-670.0,2758.2964,0.0
310.0,-670.0,2718.8672,0.0
320.0,-670.0,2679.8857,0.0
330.0,-670.0,2641.349,0.0
340.0,-670.0,2603.2588,0.0
350.0,-670.0,2565.6162,0.0
360.0,-670.0,2528.4194,0.0
370.0,-670.0,2491.668,0.0
380.0,-670.0,2455.3618,0.0
390.0,-670.0,2419.502,0.0
400.0,-670.0,2384.086,0.0
410.0,-670.0,2349.116,0.0
420.0,-670.0,2314.5903,0.0
430.0,-670.0,2280.5093,0.0
440.0,-670.0,2246.8723,0.0
450.0,-670.0,2213.6802,0.0
460.0,-670.0,2180.9312,0.0
470.0,-670.0,2148.6265,0.0
480.0,-670.0,2116.7656,0.0
490.0,-670.0,2085.3472,0.0
500.0,-670.0,2054.373,0.0
510.0,-670.0,2023.841,0.0
520.0,-670.0,1993.7526,0.0
530.0,-670.0,1964.1066,0.0
540.0,-670.0,1934.9031,0.0
550.0,-670.0,1906.1418,0.0
560.0,-670.0,1877.8218,0.0
570.0,-670.0,1849.9445,0.0
580.0,-670.0,1822.5095,0.0
590.0,-670.0,1795.5161,0.0
600.0,-670.0,1768.9648,0.0
610.0,-670.0,1742.8545,0.0
620.0,-670.0,1717.1849,0.0
630.0,-670.0,1691.9579,0.0
640.0,-670.0,1667.1711,0.0
650.0,-670.0,1642.825,0.0
660.0,-670.0,1618.9199,0.0
670.0,-670.0,1595.4554,0.0
680.0,-670.0,1572.4315,0.0
690.0,-670.0,1549.8479,0.0
700.0,-670.0,1527.7046,0.0
710.0,-670.0,1506.0022,0.0
720.0,-670.0,1484.7389,0.0
730.0,-670.0,1463.916,0.0
740.0,-670.0,1443.5327,0.0
750.0,-670.0,1423.5886,0.0
760.0,-670.0,1404.085,0.0
770.0,-670.0,1385.02,0.0
780.0,-670.0,1366.3958,0.0
790.0,-670.0,1348.2104,0.0
800.0,-670.0,1330.4639,0.0
810.0,-670.0,1313.1564,0.0
820.0,-670.0,1296.2878,0.0
830.0,-670.0,1279.8582,0.0
840.0,-670.0,1263.868,0.0
850.0,-670.0,1248.3167,0.0
860.0,-670.0,1233.2041,0.0
870.0,-670.0,1218.5304,0.0
880.0,-670.0,1204.2947,0.0
890.0,-670.0,1190.4976,0.0
900.0,-670.0,1177.1388,0.0
910.0,-670.0,1164.2184,0.0
920.0,-670.0,1151.7358,0.0
930.0,-670.0,1139.692,0.0
940.0,-670.0,1128.0862,0.0
950.0,-670.0,1116.9182,0.0
960.0,-670.0,1106.189,0.0
970.0,-670.0,1095.8967,0.0
980.0,-670.0,1086.0432,0.0
990.0,-670.0,1076.627,0.0
1000.0,-670.0,1067.6486,0.0
1010.0,-670.0,1059.1082,0.0
1020.0,-670.0,1051.0056,0.0
1030.0,-670.0,1043.3406,0.0
1040.0,-670.0,1036.1125,0.0
1050.0,-670.0,1029.3225,0.0
1060.0,-670.0,1022.96985,0.0
1070.0,-670.0,1017.05505,0.0
1080.0,-670.0,1011.57666,0.0
1090.0,-670.0,1006.537,0.0
1100.0,-670.0,1001.9333,0.0
1110.0,-670.0,997.76794,0.0
1120.0,-670.0,994.0393,0.0
1130.0,-670.0,990.74805,0.0
1140.0,-670.0,987.8939,0.0
1150.0,-670.0,985.4774,0.0
1160.0,-670.0,983.49744,0.0
1170.0,-670.0,981.9548,0.0
1180.0,-670.0,980.8498,0.0
1190.0,-670.0,980.181,0.0
1200.0,-670.0,979.9495,0.0
1210.0,-670.0,980.15546,0.0
1220.0,-670.0,980.7975,0.0
1230.0,-670.0,981.87714,0.0
1240.0,-670.0,983.39343,0.0
1250.0,-670.0,985.34644,0.0
1260.0,-670.0,987.7366,0.0
1270.0,-670.0,990.56384,0.0
1280.0,-670.0,993.82764,0.0
1290.0,-670.0,997.52856,0.0
1300.0,-670.0,1001.666,0.0
1310.0,-670.0,1006.2403,0.0
1320.0,-670.0,1011.2517,0.0
1330.0,-670.0,1016.6996,0.0
1340.0,-670.0,1022.5843,0.0
1350.0,-670.0,1028.906,0.0
1360.0,-670.0,1035.6638,0.0
1370.0,-670.0,1042.8589,0.0
1380.0,-670.0,1050.4906,0.0
1390.0,-670.0,1058.5591,0.0
1400.0,-670.0,1067.0642,0.0
1410.0,-670.0,1076.0062,0.0
1420.0,-670.0,1085.3845,0.0
1430.0,-670.0,1095.1997,0.0
1440.0,-670.0,1105.4515,0.0
1450.0,-670.0,1116.14,0.0
1460.0,-670.0,1127.2656,0.0
1470.0,-670.0,1138.827,0.0
1480.0,-670.0,1150.8252,0.0
1490.0,-670.0,1163.2601,0.0
1500.0,-670.0,1176.13,0.0
1510.0,-670.0,1189.4368,0.0
1520.0,-670.0,1203.1796,0.0
1530.0,-670.0,1217.3599,0.0
1540.0,-670.0,1231.9773,0.0
1550.0,-670.0,1247.032,0.0
1560.0,-670.0,1262.5242,0.0
1570.0,-670.0,1278.4518,0.0
1580.0,-670.0,1294.8159,0.0
1590.0,-670.0,1311.6167,0.0
1600.0,-670.0,1328.8541,0.0
1610.0,-670.0,1346.5284,0.0
1620.0,-670.0,1364.6394,0.0
1630.0,-670.0,1383.1868,0.0
1640.0,-670.0,1402.1708,0.0
1650.0,-670.0,1421.5908,0.0
1660.0,-670.0,1441.4478,0.0
1670.0,-670.0,1461.7415,0.0
1680.0,-670.0,1482.4717,0.0
1690.0,-670.0,1503.6382,0.0
1700.0,-670.0,1525.241,0.0
1710.0,-670.0,1547.2811,0.0
1720.0,-670.0,1569.757,0.0
1730.0,-670.0,1592.6702,0.0
1740.0,-670.0,1616.0189,0.0
1750.0,-670.0,1639.8042,0.0
1760.0,-670.0,1664.0269,0.0
1770.0,-670.0,1688.6852,0.0
1780.0,-670.0,1713.78,0.0
1790.0,-670.0,1739.3123,0.0
1800.0,-670.0,1765.2803,0.0
-200.0,-660.0,39270.906,1.0
-190.0,-660.0,39270.906,1.0
-180.0,-660.0,39270.906,1.0
-170.0,-660.0,39270.906,1.0
-160.0,-660.0,39270.906,1.0
-150.0,-660.0,39270.906,1.0
-140.0,-660.0,39270.906,1.0
-130.0,-660.0,39270.906,1.0
-120.0,-660.0,39270.906,1.0
-110.0,-660.0,39270.906,1.0
-100.0,-660.0,39270.906,1.0
-90.0,-660.0,39270.906,1.0
-80.0,-660.0,39270.906,1.0
-70.0,-660.0,39270.906,1.0
-60.0,-660.0,39270.906,1.0
-50.0,-660.0,39270.906,1.0
-40.0,-660.0,39270.906,1.0
-30.0,-660.0,39270.906,1.0
-20.0,-660.0,39270.906,1.0
-10.0,-660.0,39270.906,1.0
0.0,-660.0,39270.906,1.0
10.0,-660.0,39270.906,1.0
20.0,-660.0,39270.906,1.0
30.0,-660.0,39270.906,1.0
40.0,-660.0,39270.906,1.0
50.0,-660.0,39270.906,1.0
60.0,-660.0,39270.906,1.0
70.0,-660.0,39270.906,1.0
80.0,-660.0,39270.906,1.0
90.0,-660.0,39270.906,1.0
100.0,-660.0,39270.906,1.0
110.0,-660.0,39270.906,1.0
120.0,-660.0,39270.906,1.0
130.0,-660.0,39270.906,1.0
140.0,-660.0,3473.2988,0.0
150.0,-660.0,3425.9612,0.0
160.0,-660.0,3379.0842,0.0
170.0,-660.0,3332.6646,0.0
180.0,-660.0,3286.704,0.0
190.0,-660.0,3241.1995,0.0
200.0,-660.0,3196.1538,0.0
210.0,-660.0,3151.5654,0.0
220.0,-660.0,3107.4321,0.0
230.0,-660.0,3063.7559,0.0
240.0,-660.0,3020.5356,0.0
250.0,-660.0,2977.772,0.0
260.0,-660.0,2935.4631,0.0
270.0,-660.0,2893.6104,0.0
280.0,-660.0,2852.2114,0.0
290.0,-660.0,2811.2693,0.0
300.0,-660.0,2770.7803,0.0
310.0,-660.0,2730.745,0.0
320.0,-660.0,2691.1655,0.0
330.0,-660.0,2652.0376,0.0
340.0,-660.0,2613.3638,0.0
350.0,-660.0,2575.1438,0.0
360.0,-660.0,2537.3767,0.0
370.0,-660.0,2500.0625,0.0
380.0,-660.0,2463.2007,0.0
390.0,-660.0,2426.791,0.0
400.0,-660.0,2390.8335,0.0
410.0,-660.0,2355.3284,0.0
420.0,-660.0,2320.275,0.0
430.0,-660.0,2285.6726,0.0
440.0,-660.0,2251.5212,0.0
450.0,-660.0,2217.8215,0.0
460.0,-660.0,2184.5718,0.0
470.0,-660.0,2151.7734,0.0
480.0,-660.0,2119.4258,0.0
490.0,-660.0,2087.5283,0.0
500.0,-660.0,2056.0808,0.0
510.0,-660.0,2025.083,0.0
520.0,-660.0,1994.5352,0.0
530.0,-660.0,1964.4368,0.0
540.0,-660.0,1934.7878,0.0
550.0,-660.0,1905.5874,0.0
560.0,-660.0,1876.8369,0.0
570.0,-660.0,1848.5342,0.0
580.0,-660.0,1820.6812,0.0
590.0,-660.0,1793.2761,0.0
600.0,-660.0,1766.3202,0.0
610.0,-660.0,1739.8126,0.0
620.0,-660.0,1713.7527,0.0
630.0,-660.0,1688.1404,0.0
640.0,-660.0,1662.9763,0.0
650.0,-660.0,1638.2598,0.0
660.0,-660.0,1613.9911,0.0
670.0,-660.0,1590.1699,0.0
680.0,-660.0,1566.7959,0.0
690.0,-660.0,1543.8684,0.0
700.0,-660.0,1521.3887,0.0
710.0,-660.0,1499.3557,0.0
720.0,-660.0,1477.7695,0.0
730.0,-660.0,1456.6294,0.0
740.0,-660.0,1435.9366,0.0
750.0,-660.0,1415.6897,0.0
760.0,-660.0,1395.8896,0.0
770.0,-660.0,1376.535,0.0
780.0,-660.0,1357.6277,0.0
790.0,-660.0,1339.1667,0.0
800.0,-660.0,1321.1501,0.0
810.0,-660.0,1303.5804,0.0
820.0,-660.0,1286.4557,0.0
830.0,-660.0,1269.7767,0.0
840.0,-660.0,1253.5435,0.0
850.0,-660.0,1237.7563,0.0
860.0,-660.0,1222.4144,0.0
870.0,-660.0,1207.5183,0.0
880.0,-660.0,1193.0664,0.0
890.0,-660.0,1179.0603,0.0
900.0,-660.0,1165.4988,0.0
910.0,-660.0,1152.3821,0.0
920.0,-660.0,1139.7108,0.0
930.0,-660.0,1127.4841,0.0
940.0,-660.0,1115.702,0.0
950.0,-660.0,1104.3656,0.0
960.0,-660.0,1093.473,0.0
970.0,-660.0,1083.0253,0.0
980.0,-660.0,1073.022,0.0
990.0,-660.0,1063.4634,0.0
1000.0,-660.0,1054.3494,0.0
1010.0,-660.0,1045.6792,0.0
1020.0,-660.0,1037.4536,0.0
1030.0,-660.0,1029.6729,0.0
1040.0,-660.0,1022.33545,0.0
1050.0,-660.0,1015.4422,0.0
1060.0,-660.0,1008.99347,0.0
1070.0,-660.0,1002.9888,0.0
1080.0,-660.0,997.4284,0.0
1090.0,-660.0,992.31177,0.0
1100.0,-660.0,987.6389,0.0
1110.0,-660.0,983.4101,0.0
1120.0,-660.0,979.6255,0.0
1130.0,-660.0,976.28455,0.0
1140.0,-660.0,973.3873,0.0
1150.0,-660.0,970.9343,0.0
1160.0,-660.0,968.92456,0.0
1170.0,-660.0,967.35846,0.0
1180.0,-660.0,966.23645,0.0
1190.0,-660.0,965.5582,0.0
1200.0,-660.0,965.32355,0.0
1210.0,-660.0,965.5324,0.0
1220.0,-660.0,966.18463,0.0
1230.0,-660.0,967.2805,0.0
1240.0,-660.0,968.82007,0.0
1250.0,-660.0,970.8033,0.0
1260.0,-660.0,973.22955,0.0
1270.0,-660.0,976.0995,0.0
1280.0,-660.0,979.41296,0.0
1290.0,-660.0,983.1704,0.0
1300.0,-660.0,987.3703,0.0
1310.0,-660.0,992.0143,0.0
1320.0,-660.0,997.1014,0.0
1330.0,-660.0,1002.63245,0.0
1340.0,-660.0,1008.6062,0.0
1350.0,-660.0,1015.0235,0.0
1360.0,-660.0,1021.88477,0.0
1370.0,-660.0,1029.1881,0.0
1380.0,-660.0,1036.9363,0.0
1390.0,-660.0,1045.1271,0.0
1400.0,-660.0,1053.7609,0.0
1410.0,-660.0,1062.8385,0.0
1420.0,-660.0,1072.359,0.0
1430.0,-660.0,1082.323,0.0
1440.0,-660.0,1092.7301,0.0
1450.0,-660.0,1103.581,0.0
1460.0,-660.0,1114.875,0.0
1470.0,-660.0,1126.6116,0.0
1480.0,-660.0,1138.7917,0.0
1490.0,-660.0,1151.4146,0.0
1500.0,-660.0,1164.48,0.0
1510.0,-660.0,1177.9883,0.0
1520.0,-660.0,1191.9396,0.0
1530.0,-660.0,1206.3345,0.0
1540.0,-660.0,1221.1746,0.0
1550.0,-660.0,1236.4578,0.0
1560.0,-660.0,1252.184,0.0
1570.0,-660.0,1268.3533,0.0
1580.0,-660.0,1284.9653,0.0
1590.0,-660.0,1302.021,0.0
1600.0,-660.0,1319.5198,0.0
1610.0,-660.0,1337.4622,0.0
1620.0,-660.0,1355.8477,0.0
1630.0,-660.0,1374.6768,0.0
1640.0,-660.0,1393.9482,0.0
1650.0,-660.0,1413.6627,0.0
1660.0,-660.0,1433.8208,0.0
1670.0,-660.0,1454.4221,0.0
1680.0,-660.0,1475.4656,0.0
1690.0,-660.0,1496.9536,0.0
1700.0,-660.0,1518.884,0.0
1710.0,-660.0,1541.2579,0.0
1720.0,-660.0,1564.0751,0.0
1730.0,-660.0,1587.3352,0.0
1740.0,-660.0,1611.0381,0.0
1750.0,-660.0,1635.1838,0.0
1760.0,-660.0,1659.7733,0.0
1770.0,-660.0,1684.8059,0.0
1780.0,-660.0,1710.2814,0.0
1790.0,-660.0,1736.2007,0.0
1800.0,-660.0,1762.562,0.0
-200.0,-650.0,39270.906,1.0
-190.0,-650.0,39270.906,1.0
-180.0,-650.0,39270.906,1.0
-170.0,-650.0,39270.906,1.0
-160.0,-650.0,39270.906,1.0
-150.0,-650.0,39270.906,1.0
-140.0,-650.0,39270.906,1.0
-130.0,-650.0,39270.906,1.0
-120.0,-650.0,39270.906,1.0
-110.0,-650.0,39270.906,1.0
-100.0,-650.0,39270.906,1.0
-90.0,-650.0,39270.906,1.0
-80.0,-650.0,39270.906,1.0
-70.0,-650.0,39270.906,1.0
-60.0,-650.0,39270.906,1.0
-50.0,-650.0,39270.906,1.0
-40.0,-650.0,39270.906,1.0
-30.0,-650.0,39270.906,1.0
-20.0,-650.0,39270.906,1.0
-10.0,-650.0,39270.906,1.0
0.0,-650.0,39270.906,1.0
10.0,-650.0,39270.906,1.0
20.0,-650.0,39270.906,1.0
30.0,-650.0,39270.906,1.0
40.0,-650.0,39270.906,1.0
50.0,-650.0,39270.906,1.0
60.0,-650.0,39270.906,1.0
70.0,-650.0,39270.906,1.0
80.0,-650.0,39270.906,1.0
90.0,-650.0,39270.906,1.0
100.0,-650.0,39270.906,1.0
110.0,-650.0,39270.906,1.0
120.0,-650.0,39270.906,1.0
130.0,-650.0,39270.906,1.0
140.0,-650.0,3497.609,0.0
150.0,-650.0,3449.529,0.0
160.0,-650.0,3401.9185,0.0
170.0,-650.0,3354.771,0.0
180.0,-650.0,3308.0906,0.0
190.0,-650.0,3261.8748,0.0
200.0,-650.0,3216.1243,0.0
210.0,-650.0,3170.8364,0.0
220.0,-650.0,3126.0137,0.0
230.0,-650.0,3081.654,0.0
240.0,-650.0,3037.7588,0.0
250.0,-650.0,2994.3271,0.0
260.0,-650.0,2951.3582,0.0
270.0,-650.0,2908.8518,0.0
280.0,-650.0,2866.807,0.0
290.0,-650.0,2825.2258,0.0
300.0,-650.0,2784.106,0.0
310.0,-650.0,2743.4473,0.0
320.0,-650.0,2703.2495,0.0
330.0,-650.0,2663.5122,0.0
340.0,-650.0,2624.2368,0.0
350.0,-650.0,2585.4219,0.0
360.0,-650.0,2547.0667,0.0
370.0,-650.0,2509.1711,0.0
380.0,-650.0,2471.736,0.0
390.0,-650.0,2434.7605,0.0
400.0,-650.0,2398.2441,0.0
410.0,-650.0,2362.1873,0.0
420.0,-650.0,2326.5889,0.0
430.0,-650.0,2291.4495,0.0
440.0,-650.0,2256.7676,0.0
450.0,-650.0,2222.5444,0.0
460.0,-650.0,2188.7793,0.0
470.0,-650.0,2155.472,0.0
480.0,-650.0,2122.6218,0.0
490.0,-650.0,2090.2302,0.0
500.0,-650.0,2058.2942,0.0
510.0,-650.0,2026.8163,0.0
520.0,-650.0,1995.7942,0.0
530.0,-650.0,1965.2301,0.0
540.0,-650.0,1935.1215,0.0
550.0,-650.0,1905.4698,0.0
560.0,-650.0,1876.273,0.0
570.0,-650.0,1847.5331,0.0
580.0,-650.0,1819.2485,0.0
590.0,-650.0,1791.42,0.0
600.0,-650.0,1764.0461,0.0
610.0,-650.0,1737.1283,0.0
620.0,-650.0,1710.6655,0.0
630.0,-650.0,1684.6575,0.0
640.0,-650.0,1659.1042,0.0
650.0,-650.0,1634.0059,0.0
660.0,-650.0,1609.362,0.0
670.0,-650.0,1585.1729,0.0
680.0,-650.0,1561.4375,0.0
690.0,-650.0,1538.1562,0.0
700.0,-650.0,1515.3291,0.0
710.0,-650.0,1492.956,0.0
720.0,-650.0,1471.0365,0.0
730.0,-650.0,1449.5704,0.0
740.0,-650.0,1428.558,0.0
750.0,-650.0,1407.9993,0.0
760.0,-650.0,1387.893,0.0
770.0,-650.0,1368.2402,0.0
780.0,-650.0,1349.0408,0.0
790.0,-650.0,1330.2947,0.0
800.0,-650.0,1312.0012,0.0
810.0,-650.0,1294.1597,0.0
820.0,-650.0,1276.7715,0.0
830.0,-650.0,1259.8357,0.0
840.0,-650.0,1243.3523,0.0
850.0,-650.0,1227.3217,0.0
860.0,-650.0,1211.743,0.0
870.0,-650.0,1196.6173,0.0
880.0,-650.0,1181.9434,0.0
890.0,-650.0,1167.721,0.0
900.0,-650.0,1153.9502,0.0
910.0,-650.0,1140.6323,0.0
920.0,-650.0,1127.7656,0.0
930.0,-650.0,1115.3506,0.0
940.0,-650.0,1103.3877,0.0
950.0,-650.0,1091.876,0.0
960.0,-650.0,1080.8162,0.0
970.0,-650.0,1070.2075,0.0
980.0,-650.0,1060.0505,0.0
990.0,-650.0,1050.3446,0.0
1000.0,-650.0,1041.0903,0.0
1010.0,-650.0,1032.2869,0.0
1020.0,-650.0,1023.93494,0.0
1030.0,-650.0,1016.03436,0.0
1040.0,-650.0,1008.5845,0.0
1050.0,-650.0,1001.58545,0.0
1060.0,-650.0,995.0376,0.0
1070.0,-650.0,988.94055,0.0
1080.0,-650.0,983.29443,0.0
1090.0,-650.0,978.09924,0.0
1100.0,-650.0,973.3548,0.0
1110.0,-650.0,969.06146,0.0
1120.0,-650.0,965.2184,0.0
1130.0,-650.0,961.8266,0.0
1140.0,-650.0,958.8847,0.0
1150.0,-650.0,956.3938,0.0
1160.0,-650.0,954.3535,0.0
1170.0,-650.0,952.7632,0.0
1180.0,-650.0,951.62427,0.0
1190.0,-650.0,950.9354,0.0
1200.0,-650.0,950.69745,0.0
1210.0,-650.0,950.9098,0.0
1220.0,-650.0,951.57227,0.0
1230.0,-650.0,952.6848,0.0
1240.0,-650.0,954.24854,0.0
1250.0,-650.0,956.26184,0.0
1260.0,-650.0,958.7256,0.0
1270.0,-650.0,961.64026,0.0
1280.0,-650.0,965.00464,0.0
1290.0,-650.0,968.81946,0.0
1300.0,-650.0,973.08514,0.0
1310.0,-650.0,977.80066,0.0
1320.0,-650.0,982.9661,0.0
1330.0,-650.0,988.58185,0.0
1340.0,-650.0,994.6481,0.0
1350.0,-650.0,1001.1642,0.0
1360.0,-650.0,1008.1303,0.0
1370.0,-650.0,1015.547,0.0
1380.0,-650.0,1023.41406,0.0
1390.0,-650.0,1031.7312,0.0
1400.0,-650.0,1040.4983,0.0
1410.0,-650.0,1049.7156,0.0
1420.0,-650.0,1059.3823,0.0
1430.0,-650.0,1069.5005,0.0
1440.0,-650.0,1080.0676,0.0
1450.0,-650.0,1091.085,0.0
1460.0,-650.0,1102.553,0.0
1470.0,-650.0,1114.4703,0.0
1480.0,-650.0,1126.8379,0.0
1490.0,-650.0,1139.6545,0.0
1500.0,-650.0,1152.9209,0.0
1510.0,-650.0,1166.6367,0.0
1520.0,-650.0,1180.8033,0.0
1530.0,-650.0,1195.4211,0.0
1540.0,-650.0,1210.4894,0.0
1550.0,-650.0,1226.0078,0.0
1560.0,-650.0,1241.976,0.0
1570.0,-650.0,1258.394,0.0
1580.0,-650.0,1275.2617,0.0
1590.0,-650.0,1292.5796,0.0
1600.0,-650.0,1310.3485,0.0
1610.0,-650.0,1328.5668,0.0
1620.0,-650.0,1347.2351,0.0
1630.0,-650.0,1366.3531,0.0
1640.0,-650.0,1385.9216,0.0
1650.0,-650.0,1405.9404,0.0
1660.0,-650.0,1426.4084,0.0
1670.0,-650.0,1447.3267,0.0
1680.0,-650.0,1468.6948,0.0
1690.0,-650.0,1490.5137,0.0
1700.0,-650.0,1512.7815,0.0
1710.0,-650.0,1535.4999,0.0
1720.0,-650.0,1558.6685,0.0
1730.0,-650.0,1582.2859,0.0
1740.0,-650.0,1606.3536,0.0
1750.0,-650.0,1630.8713,0.0
1760.0,-650.0,1655.8396,0.0
1770.0,-650.0,1681.2576,0.0
1780.0,-650.0,1707.1252,0.0
1790.0,-650.0,1733.4429,0.0
1800.0,-650.0,1760.2102,0.0
-200.0,-640.0,39270.906,1.0
-190.0,-640.0,39270.906,1.0
-180.0,-640.0,39270.906,1.0
-170.0,-640.0,39270.906,1.0
-160.0,-640.0,39270.906,1.0
-150.0,-640.0,39270.906,1.0
-140.0,-640.0,39270.906,1.0
-130.0,-640.0,39270.906,1.0
-120.0,-640.0,39270.906,1.0
-110.0,-640.0,39270.906,1.0
-100.0,-640.0,39270.906,1.0
-90.0,-640.0,39270.906,1.0
-80.0,-640.0,39270.906,1.0
-70.0,-640.0,39270.906,1.0
-60.0,-640.0,39270.906,1.0
-50.0,-640.0,39270.906,1.0
-40.0,-640.0,39270.906,1.0
-30.0,-640.0,39270.906,1.0
-20.0,-640.0,39270.906,1.0
-10.0,-640.0,39270.906,1.0
0.0,-640.0,39270.906,1.0
10.0,-640.0,39270.906,1.0
20.0,-640.0,39270.906,1.0
30.0,-640.0,39270.906,1.0
40.0,-640.0,39270.906,1.0
50.0,-640.0,39270.906,1.0
60.0,-640.0,39270.906,1.0
70.0,-640.0,39270.906,1.0
80.0,-640.0,39270.906,1.0
90.0,-640.0,39270.906,1.0
100.0,-640.0,39270.906,1.0
110.0,-640.0,39270.906,1.0
120.0,-640.0,39270.906,1.0
130.0,-640.0,3572.4727,0.0
140.0,-640.0,3523.1538,0.0
150.0,-640.0,3474.3093,0.0
160.0,-640.0,3425.9395,0.0
170.0,-640.0,3378.0425,0.0
180.0,-640.0,3330.6177,0.0
190.0,-640.0,3283.6665,0.0
200.0,-640.0,3237.1882,0.0
210.0,-640.0,3191.1812,0.0
220.0,-640.0,3145.6462,0.0
230.0,-640.0,3100.582,0.0
240.0,-640.0,3055.99,0.0
250.0,-640.0,3011.8687,0.0
260.0,-640.0,2968.2178,0.0
270.0,-640.0,2925.0369,0.0
280.0,-640.0,2882.3257,0.0
290.0,-640.0,2840.085,0.0
300.0,-640.0,2798.314,0.0
310.0,-640.0,2757.0112,0.0
320.0,-640.0,2716.1768,0.0
330.0,-640.0,2675.8115,0.0
340.0,-640.0,2635.9138,0.0
350.0,-640.0,2596.485,0.0
360.0,-640.0,2557.5237,0.0
370.0,-640.0,2519.029,0.0
380.0,-640.0,2481.0022,0.0
390.0,-640.0,2443.4421,0.0
400.0,-640.0,2406.3494,0.0
410.0,-640.0,2369.7224,0.0
420.0,-640.0,2333.562,0.0
430.0,-640.0,2297.8682,0.0
440.0,-640.0,2262.6396,0.0
450.0,-640.0,2227.8765,0.0
460.0,-640.0,2193.5789,0.0
470.0,-640.0,2159.7466,0.0
480.0,-640.0,2126.3784,0.0
490.0,-640.0,2093.476,0.0
500.0,-640.0,2061.0378,0.0
510.0,-640.0,2029.064,0.0
520.0,-640.0,1997.5535,0.0
530.0,-640.0,1966.508,0.0
540.0,-640.0,1935.9263,0.0
550.0,-640.0,1905.8079,0.0
560.0,-640.0,1876.1525,0.0
570.0,-640.0,1846.9597,0.0
580.0,-640.0,1818.2305,0.0
590.0,-640.0,1789.9644,0.0
600.0,-640.0,1762.1605,0.0
610.0,-640.0,1734.8193,0.0
620.0,-640.0,1707.9409,0.0
630.0,-640.0,1681.5244,0.0
640.0,-640.0,1655.5703,0.0
650.0,-640.0,1630.0771,0.0
660.0,-640.0,1605.0465,0.0
670.0,-640.0,1580.4772,0.0
680.0,-640.0,1556.3699,0.0
690.0,-640.0,1532.7236,0.0
700.0,-640.0,1509.5381,0.0
710.0,-640.0,1486.8142,0.0
720.0,-640.0,1464.5509,0.0
730.0,-640.0,1442.748,0.0
740.0,-640.0,1421.4067,0.0
750.0,-640.0,1400.5251,0.0
760.0,-640.0,1380.1044,0.0
770.0,-640.0,1360.1434,0.0
780.0,-640.0,1340.643,0.0
790.0,-640.0,1321.603,0.0
800.0,-640.0,1303.0234,0.0
810.0,-640.0,1284.903,0.0
820.0,-640.0,1267.2426,0.0
830.0,-640.0,1250.0413,0.0
840.0,-640.0,1233.3,0.0
850.0,-640.0,1217.0176,0.0
860.0,-640.0,1201.1957,0.0
870.0,-640.0,1185.833,0.0
880.0,-640.0,1170.9294,0.0
890.0,-640.0,1156.4844,0.0
900.0,-640.0,1142.4989,0.0
910.0,-640.0,1128.9719,0.0
920.0,-640.0,1115.9047,0.0
930.0,-640.0,1103.2955,0.0
940.0,-640.0,1091.1453,0.0
950.0,-640.0,1079.4539,0.0
960.0,-640.0,1068.2207,0.0
970.0,-640.0,1057.4464,0.0
980.0,-640.0,1047.1309,0.0
990.0,-640.0,1037.2734,0.0
1000.0,-640.0,1027.8746,0.0
1010.0,-640.0,1018.9337,0.0
1020.0,-640.0,1010.45105,0.0
1030.0,-640.0,1002.4269,0.0
1040.0,-640.0,994.86096,0.0
1050.0,-640.0,987.75256,0.0
1060.0,-640.0,981.1024,0.0
1070.0,-640.0,974.9103,0.0
1080.0,-640.0,969.1762,0.0
1090.0,-640.0,963.8999,0.0
1100.0,-640.0,959.08136,0.0
1110.0,-640.0,954.72107,0.0
1120.0,-640.0,950.8178,0.0
1130.0,-640.0,947.373,0.0
1140.0,-640.0,944.38513,0.0
1150.0,-640.0,941.85583,0.0
1160.0,-640.0,939.7837,0.0
1170.0,-640.0,938.1692,0.0
1180.0,-640.0,937.01215,0.0
1190.0,-640.0,936.3131,0.0
1200.0,-640.0,936.0713,0.0
1210.0,-640.0,936.2872,0.0
1220.0,-640.0,936.9602,0.0
1230.0,-640.0,938.0905,0.0
1240.0,-640.0,939.67847,0.0
1250.0,-640.0,941.72327,0.0
1260.0,-640.0,944.2264,0.0
1270.0,-640.0,947.1863,0.0
1280.0,-640.0,950.60364,0.0
1290.0,-640.0,954.47815,0.0
1300.0,-640.0,958.81,0.0
1310.0,-640.0,963.59924,0.0
1320.0,-640.0,968.8458,0.0
1330.0,-640.0,974.54956,0.0
1340.0,-640.0,980.7103,0.0
1350.0,-640.0,987.3285,0.0
1360.0,-640.0,994.4043,0.0
1370.0,-640.0,1001.93677,0.0
1380.0,-640.0,1009.92664,0.0
1390.0,-640.0,1018.37366,0.0
1400.0,-640.0,1027.2778,0.0
1410.0,-640.0,1036.6393,0.0
1420.0,-640.0,1046.4578,0.0
1430.0,-640.0,1056.7333,0.0
1440.0,-640.0,1067.466,0.0
1450.0,-640.0,1078.6558,0.0
1460.0,-640.0,1090.3031,0.0
1470.0,-640.0,1102.4071,0.0
1480.0,-640.0,1114.9677,0.0
1490.0,-640.0,1127.9841,0.0
1500.0,-640.0,1141.4578,0.0
1510.0,-640.0,1155.3881,0.0
1520.0,-640.0,1169.7761,0.0
1530.0,-640.0,1184.6233,0.0
1540.0,-640.0,1199.9271,0.0
1550.0,-640.0,1215.6881,0.0
1560.0,-640.0,1231.9058,0.0
1570.0,-640.0,1248.5808,0.0
1580.0,-640.0,1265.7122,0.0
1590.0,-640.0,1283.301,0.0
1600.0,-640.0,1301.3472,0.0
1610.0,-640.0,1319.8506,0.0
1620.0,-640.0,1338.8105,0.0
1630.0,-640.0,1358.228,0.0
1640.0,-640.0,1378.1025,0.0
1650.0,-640.0,1398.4329,0.0
1660.0,-640.0,1419.2217,0.0
1670.0,-640.0,1440.4667,0.0
1680.0,-640.0,1462.169,0.0
1690.0,-640.0,1484.3286,0.0
1700.0,-640.0,1506.9452,0.0
1710.0,-640.0,1530.0186,0.0
1720.0,-640.0,1553.5483,0.0
1730.0,-640.0,1577.5356,0.0
1740.0,-640.0,1601.9805,0.0
1750.0,-640.0,1626.8811,0.0
1760.0,-640.0,1652.239,0.0
1770.0,-640.0,1678.0544,0.0
1780.0,-640.0,1704.3269,0.0
1790.0,-640.0,1731.0557,0.0
1800.0,-640.0,1758.2412,0.0
-200.0,-630.0,39270.906,1.0
-190.0,-630.0,39270.906,1.0
-180.0,-630.0,39270.906,1.0
-170.0,-630.0,39270.906,1.0
-160.0,-630.0,39270.906,1.0
-150.0,-630.0,39270.906,1.0
-140.0,-630.0,39270.906,1.0
-130.0,-630.0,39270.906,1.0
-120.0,-630.0,39270.906,1.0
-110.0,-630.0,39270.906,1.0
-100.0,-630.0,39270.906,1.0
-90.0,-630.0,39270.906,1.0
-80.0,-630.0,39270.906,1.0
-70.0,-630.0,39270.906,1.0
-60.0,-630.0,39270.906,1.0
-50.0,-630.0,39270.906,1.0
-40.0,-630.0,39270.906,1.0
-30.0,-630.0,39270.906,1.0
-20.0,-630.0,39270.906,1.0
-10.0,-630.0,39270.906,1.0
0.0,-630.0,39270.906,1.0
10.0,-630.0,39270.906,1.0
20.0,-630.0,39270.906,1.0
30.0,-630.0,39270.906,1.0
40.0,-630.0,39270.906,1.0
50.0,-630.0,39270.906,1.0
60.0,-630.0,39270.906,1.0
70.0,-630.0,39270.906,1.0
80.0,-630.0,39270.906,1.0
90.0,-630.0,39270.906,1.0
100.0,-630.0,39270.906,1.0
110.0,-630.0,39270.906,1.0
120.0,-630.0,39270.906,1.0
130.0,-630.0,3600.1113,0.0
140.0,-630.0,3549.9949,0.0
150.0,-630.0,3500.359,0.0
160.0,-630.0,3451.2048,0.0
170.0,-630.0,3402.533,0.0
180.0,-630.0,3354.3418,0.0
190.0,-630.0,3306.6301,0.0
200.0,-630.0,3259.4014,0.0
210.0,-630.0,3212.6514,0.0
220.0,-630.0,3166.3804,0.0
230.0,-630.0,3120.5898,0.0
240.0,-630.0,3075.2773,0.0
250.0,-630.0,3030.444,0.0
260.0,-630.0,2986.0896,0.0
270.0,-630.0,2942.2124,0.0
280.0,-630.0,2898.814,0.0
290.0,-630.0,2855.892,0.0
300.0,-630.0,2813.4475,0.0
310.0,-630.0,2771.4797,0.0
320.0,-630.0,2729.9893,0.0
330.0,-630.0,2688.974,0.0
340.0,-630.0,2648.4348,0.0
350.0,-630.0,2608.3713,0.0
360.0,-630.0,2568.7844,0.0
370.0,-630.0,2529.672,0.0
380.0,-630.0,2491.034,0.0
390.0,-630.0,2452.8706,0.0
400.0,-630.0,2415.1824,0.0
410.0,-630.0,2377.9675,0.0
420.0,-630.0,2341.227,0.0
430.0,-630.0,2304.961,0.0
440.0,-630.0,2269.1675,0.0
450.0,-630.0,2233.8474,0.0
460.0,-630.0,2199.0,0.0
470.0,-630.0,2164.626,0.0
480.0,-630.0,2130.7239,0.0
490.0,-630.0,2097.2947,0.0
500.0,-630.0,2064.3362,0.0
510.0,-630.0,2031.8508,0.0
520.0,-630.0,1999.8367,0.0
530.0,-630.0,1968.294,0.0
540.0,-630.0,1937.2227,0.0
550.0,-630.0,1906.623,0.0
560.0,-630.0,1876.4939,0.0
570.0,-630.0,1846.8352,0.0
580.0,-630.0,1817.6472,0.0
590.0,-630.0,1788.9292,0.0
600.0,-630.0,1760.6812,0.0
610.0,-630.0,1732.9036,0.0
620.0,-630.0,1705.5957,0.0
630.0,-630.0,1678.7579,0.0
640.0,-630.0,1652.3892,0.0
650.0,-630.0,1626.4896,0.0
660.0,-630.0,1601.0605,0.0
670.0,-630.0,1576.0991,0.0
680.0,-630.0,1551.6068,0.0
690.0,-630.0,1527.5836,0.0
700.0,-630.0,1504.0289,0.0
710.0,-630.0,1480.9429,0.0
720.0,-630.0,1458.3243,0.0
730.0,-630.0,1436.1746,0.0
740.0,-630.0,1414.4927,0.0
750.0,-630.0,1393.2793,0.0
760.0,-630.0,1372.5333,0.0
770.0,-630.0,1352.255,0.0
780.0,-630.0,1332.4437,0.0
790.0,-630.0,1313.1003,0.0
800.0,-630.0,1294.2244,0.0
810.0,-630.0,1275.8167,0.0
820.0,-630.0,1257.8749,0.0
830.0,-630.0,1240.4001,0.0
840.0,-630.0,1223.3923,0.0
850.0,-630.0,1206.8513,0.0
860.0,-630.0,1190.7778,0.0
870.0,-630.0,1175.1704,0.0
880.0,-630.0,1160.0308,0.0
890.0,-630.0,1145.356,0.0
900.0,-630.0,1131.1484,0.0
910.0,-630.0,1117.4066,0.0
920.0,-630.0,1104.1313,0.0
930.0,-630.0,1091.3221,0.0
940.0,-630.0,1078.979,0.0
950.0,-630.0,1067.102,0.0
960.0,-630.0,1055.6903,0.0
970.0,-630.0,1044.7451,0.0
980.0,-630.0,1034.2654,0.0
990.0,-630.0,1024.2515,0.0
1000.0,-630.0,1014.70325,0.0
1010.0,-630.0,1005.6205,0.0
1020.0,-630.0,997.00366,0.0
1030.0,-630.0,988.85205,0.0
1040.0,-630.0,981.16614,0.0
1050.0,-630.0,973.94507,0.0
1060.0,-630.0,967.18896,0.0
1070.0,-630.0,960.8988,0.0
1080.0,-630.0,955.0735,0.0
1090.0,-630.0,949.714,0.0
1100.0,-630.0,944.8192,0.0
1110.0,-630.0,940.3894,0.0
1120.0,-630.0,936.4243,0.0
1130.0,-630.0,932.92523,0.0
1140.0,-630.0,929.89026,0.0
1150.0,-630.0,927.3209,0.0
1160.0,-630.0,925.216,0.0
1170.0,-630.0,923.5759,0.0
1180.0,-630.0,922.40076,0.0
1190.0,-630.0,921.6903,0.0
1200.0,-630.0,921.4453,0.0
1210.0,-630.0,921.66455,0.0
1220.0,-630.0,922.3485,0.0
1230.0,-630.0,923.4967,0.0
1240.0,-630.0,925.11017,0.0
1250.0,-630.0,927.1878,0.0
1260.0,-630.0,929.7302,0.0
1270.0,-630.0,932.73755,0.0
1280.0,-630.0,936.20953,0.0
1290.0,-630.0,940.1455,0.0
1300.0,-630.0,944.5466,0.0
1310.0,-630.0,949.412,0.0
1320.0,-630.0,954.7417,0.0
1330.0,-630.0,960.5359,0.0
1340.0,-630.0,966.79517,0.0
1350.0,-630.0,973.51843,0.0
1360.0,-630.0,980.7057,0.0
1370.0,-630.0,988.3585,0.0
1380.0,-630.0,996.47546,0.0
1390.0,-630.0,1005.0565,0.0
1400.0,-630.0,1014.10236,0.0
1410.0,-630.0,1023.6121,0.0
1420.0,-630.0,1033.5869,0.0
1430.0,-630.0,1044.0251,0.0
1440.0,-630.0,1054.929,0.0
1450.0,-630.0,1066.2961,0.0
1460.0,-630.0,1078.1287,0.0
1470.0,-630.0,1090.4243,0.0
1480.0,-630.0,1103.184,0.0
1490.0,-630.0,1116.4072,0.0
1500.0,-630.0,1130.0947,0.0
1510.0,-630.0,1144.2468,0.0
1520.0,-630.0,1158.8643,0.0
1530.0,-630.0,1173.9467,0.0
1540.0,-630.0,1189.4935,0.0
1550.0,-630.0,1205.5049,0.0
1560.0,-630.0,1221.9797,0.0
1570.0,-630.0,1238.9188,0.0
1580.0,-630.0,1256.323,0.0
1590.0,-630.0,1274.1915,0.0
1600.0,-630.0,1292.5242,0.0
1610.0,-630.0,1311.3215,0.0
1620.0,-630.0,1330.5828,0.0
1630.0,-630.0,1350.3086,0.0
1640.0,-630.0,1370.4983,0.0
1650.0,-630.0,1391.1523,0.0
1660.0,-630.0,1412.2709,0.0
1670.0,-630.0,1433.8533,0.0
1680.0,-630.0,1455.8999,0.0
1690.0,-630.0,1478.412,0.0
1700.0,-630.0,1501.387,0.0
1710.0,-630.0,1524.8265,0.0
1720.0,-630.0,1548.731,0.0
1730.0,-630.0,1573.0994,0.0
1740.0,-630.0,1597.9313,0.0
1750.0,-630.0,1623.2279,0.0
1760.0,-630.0,1648.9891,0.0
1770.0,-630.0,1675.2146,0.0
1780.0,-630.0,1701.9031,0.0
1790.0,-630.0,1729.0573,0.0
1800.0,-630.0,1756.6746,0.0
-200.0,-620.0,39270.906,1.0
-190.0,-620.0,39270.906,1.0
-180.0,-620.0,39270.906,1.0
-170.0,-620.0,39270.906,1.0
-160.0,-620.0,39270.906,1.0
-150.0,-620.0,39270.906,1.0
-140.0,-620.0,39270.906,1.0
-130.0,-620.0,39270.906,1.0
-120.0,-620.0,39270.906,1.0
-110.0,-620.0,39270.906,1.0
-100.0,-620.0,39270.906,1.0
-90.0,-620.0,39270.906,1.0
-80.0,-620.0,39270.906,1.0
-70.0,-620.0,39270.906,1.0
-60.0,-620.0,39270.906,1.0
-50.0,-620.0,39270.906,1.0
-40.0,-620.0,39270.906,1.0
-30.0,-620.0,39270.906,1.0
-20.0,-620.0,39270.906,1.0
-10.0,-620.0,39270.906,1.0
0.0,-620.0,39270.906,1.0
10.0,-620.0,39270.906,1.0
20.0,-620.0,39270.906,1.0
30.0,-620.0,39270.906,1.0
40.0,-620.0,39270.906,1.0
50.0,-620.0,39270.906,1.0
60.0,-620.0,39270.906,1.0
70.0,-620.0,39270.906,1.0
80.0,-620.0,39270.906,1.0
90.0,-620.0,39270.906,1.0
100.0,-620.0,39270.906,1.0
110.0,-620.0,39270.906,1.0
120.0,-620.0,3680.57,0.0
130.0,-620.0,3629.1362,0.0
140.0,-620.0,3578.1934,0.0
150.0,-620.0,3527.7388,0.0
160.0,-620.0,3477.7773,0.0
170.0,-620.0,3428.304,0.0
180.0,-620.0,3379.3203,0.0
190.0,-620.0,3330.8252,0.0
200.0,-620.0,3282.819,0.0
210.0,-620.0,3235.3005,0.0
220.0,-620.0,3188.2715,0.0
230.0,-620.0,3141.7273,0.0
240.0,-620.0,3095.673,0.0
250.0,-620.0,3050.1035,0.0
260.0,-620.0,3005.0215,0.0
270.0,-620.0,2960.4265,0.0
280.0,-620.0,2916.3157,0.0
290.0,-620.0,2872.692,0.0
300.0,-620.0,2829.5518,0.0
310.0,-620.0,2786.898,0.0
320.0,-620.0,2744.7285,0.0
330.0,-620.0,2703.042,0.0
340.0,-620.0,2661.8403,0.0
350.0,-620.0,2621.1226,0.0
360.0,-620.0,2580.8882,0.0
370.0,-620.0,2541.1367,0.0
380.0,-620.0,2501.8677,0.0
390.0,-620.0,2463.0825,0.0
400.0,-620.0,2424.7783,0.0
410.0,-620.0,2386.9575,0.0
420.0,-620.0,2349.6177,0.0
430.0,-620.0,2312.7598,0.0
440.0,-620.0,2276.3833,0.0
450.0,-620.0,2240.488,0.0
460.0,-620.0,2205.0728,0.0
470.0,-620.0,2170.139,0.0
480.0,-620.0,2135.685,0.0
490.0,-620.0,2101.7112,0.0
500.0,-620.0,2068.2175,0.0
510.0,-620.0,2035.203,0.0
520.0,-620.0,2002.6685,0.0
530.0,-620.0,1970.6133,0.0
540.0,-620.0,1939.0371,0.0
550.0,-620.0,1907.9396,0.0
560.0,-620.0,1877.3213,0.0
570.0,-620.0,1847.1816,0.0
580.0,-620.0,1817.5193,0.0
590.0,-620.0,1788.3352,0.0
600.0,-620.0,1759.6289,0.0
610.0,-620.0,1731.3997,0.0
620.0,-620.0,1703.6497,0.0
630.0,-620.0,1676.3762,0.0
640.0,-620.0,1649.5795,0.0
650.0,-620.0,1623.2603,0.0
660.0,-620.0,1597.418,0.0
670.0,-620.0,1572.0531,0.0
680.0,-620.0,1547.164,0.0
690.0,-620.0,1522.7509,0.0
700.0,-620.0,1498.8146,0.0
710.0,-620.0,1475.355,0.0
720.0,-620.0,1452.3705,0.0
730.0,-620.0,1429.8616,0.0
740.0,-620.0,1407.8291,0.0
750.0,-620.0,1386.2722,0.0
760.0,-620.0,1365.1909,0.0
770.0,-620.0,1344.5842,0.0
780.0,-620.0,1324.4526,0.0
790.0,-620.0,1304.7965,0.0
800.0,-620.0,1285.6152,0.0
810.0,-620.0,1266.9092,0.0
820.0,-620.0,1248.678,0.0
830.0,-620.0,1230.9209,0.0
840.0,-620.0,1213.6384,0.0
850.0,-620.0,1196.8301,0.0
860.0,-620.0,1180.4963,0.0
870.0,-620.0,1164.6371,0.0
880.0,-620.0,1149.2521,0.0
890.0,-620.0,1134.3411,0.0
900.0,-620.0,1119.904,0.0
910.0,-620.0,1105.9395,0.0
920.0,-620.0,1092.4507,0.0
930.0,-620.0,1079.4343,0.0
940.0,-620.0,1066.8917,0.0
950.0,-620.0,1054.8231,0.0
960.0,-620.0,1043.2277,0.0
970.0,-620.0,1032.1056,0.0
980.0,-620.0,1021.4569,0.0
990.0,-620.0,1011.2813,0.0
1000.0,-620.0,1001.579,0.0
1010.0,-620.0,992.34985,0.0
1020.0,-620.0,983.59375,0.0
1030.0,-620.0,975.311,0.0
1040.0,-620.0,967.501,0.0
1050.0,-620.0,960.16394,0.0
1060.0,-620.0,953.29895,0.0
1070.0,-620.0,946.90704,0.0
1080.0,-620.0,940.9885,0.0
1090.0,-620.0,935.5424,0.0
1100.0,-620.0,930.5685,0.0
1110.0,-620.0,926.0674,0.0
1120.0,-620.0,922.039,0.0
1130.0,-620.0,918.48315,0.0
1140.0,-620.0,915.39966,0.0
1150.0,-620.0,912.7885,0.0
1160.0,-620.0,910.65,0.0
1170.0,-620.0,908.9835,0.0
1180.0,-620.0,907.78986,0.0
1190.0,-620.0,907.0683,0.0
1200.0,-620.0,906.8188,0.0
1210.0,-620.0,907.042,0.0
1220.0,-620.0,907.73706,0.0
1230.0,-620.0,908.9043,0.0
1240.0,-620.0,910.54346,0.0
1250.0,-620.0,912.6552,0.0
1260.0,-620.0,915.2388,0.0
1270.0,-620.0,918.29456,0.0
1280.0,-620.0,921.8227,0.0
1290.0,-620.0,925.8226,0.0
1300.0,-620.0,930.2947,0.0
1310.0,-620.0,935.2384,0.0
1320.0,-620.0,940.65466,0.0
1330.0,-620.0,946.5425,0.0
1340.0,-620.0,952.90234,0.0
1350.0,-620.0,959.7339,0.0
1360.0,-620.0,967.0381,0.0
1370.0,-620.0,974.8141,0.0
1380.0,-620.0,983.06213,0.0
1390.0,-620.0,991.7818,0.0
1400.0,-620.0,1000.9734,0.0
1410.0,-620.0,1010.63696,0.0
1420.0,-620.0,1020.7719,0.0
1430.0,-620.0,1031.3794,0.0
1440.0,-620.0,1042.4586,0.0
1450.0,-620.0,1054.0094,0.0
1460.0,-620.0,1066.0322,0.0
1470.0,-620.0,1078.5266,0.0
1480.0,-620.0,1091.492,0.0
1490.0,-620.0,1104.9285,0.0
1500.0,-620.0,1118.8367,0.0
1510.0,-620.0,1133.2175,0.0
1520.0,-620.0,1148.0717,0.0
1530.0,-620.0,1163.3977,0.0
1540.0,-620.0,1179.1956,0.0
1550.0,-620.0,1195.4648,0.0
1560.0,-620.0,1212.2059,0.0
1570.0,-620.0,1229.4186,0.0
1580.0,-620.0,1247.1033,0.0
1590.0,-620.0,1265.2598,0.0
1600.0,-620.0,1283.8889,0.0
1610.0,-620.0,1302.9893,0.0
1620.0,-620.0,1322.5609,0.0
1630.0,-620.0,1342.6047,0.0
1640.0,-620.0,1363.1208,0.0
1650.0,-620.0,1384.1079,0.0
1660.0,-620.0,1405.567,0.0
1670.0,-620.0,1427.498,0.0
1680.0,-620.0,1449.9009,0.0
1690.0,-620.0,1472.7756,0.0
1700.0,-620.0,1496.1216,0.0
1710.0,-620.0,1519.9397,0.0
1720.0,-620.0,1544.2301,0.0
1730.0,-620.0,1568.9913,0.0
1740.0,-620.0,1594.2244,0.0
1750.0,-620.0,1619.9283,0.0
1760.0,-620.0,1646.1062,0.0
1770.0,-620.0,1672.7543,0.0
1780.0,-620.0,1699.874,0.0
1790.0,-620.0,1727.4658,0.0
1800.0,-620.0,1755.5273,0.0
-200.0,-610.0,39270.906,1.0
-190.0,-610.0,39270.906,1.0
-180.0,-610.0,39270.906,1.0
-170.0,-610.0,39270.906,1.0
-160.0,-610.0,39270.906,1.0
-150.0,-610.0,39270.906,1.0
-140.0,-610.0,39270.906,1.0
-130.0,-610.0,39270.906,1.0
-120.0,-610.0,39270.906,1.0
-110.0,-610.0,39270.906,1.0
-100.0,-610.0,39270.906,1.0
-90.0,-610.0,39270.906,1.0
-80.0,-610.0,39270.906,1.0
-70.0,-610.0,39270.906,1.0
-60.0,-610.0,39270.906,1.0
-50.0,-610.0,39270.906,1.0
-40.0,-610.0,39270.906,1.0
-30.0,-610.0,39270.906,1.0
-20.0,-610.0,39270.906,1.0
-10.0,-610.0,39270.906,1.0
0.0,-610.0,39270.906,1.0
10.0,-610.0,39270.906,1.0
20.0,-610.0,39270.906,1.0
30.0,-610.0,39270.906,1.0
40.0,-610.0,39270.906,1.0
50.0,-610.0,39270.906,1.0
60.0,-610.0,39270.906,1.0
70.0,-610.0,39270.906,1.0
80.0,-610.0,39270.906,1.0
90.0,-610.0,39270.906,1.0
100.0,-610.0,39270.906,1.0
110.0,-610.0,3764.7075,0.0
120.0,-610.0,3711.9114,0.0
130.0,-610.0,3659.6152,0.0
140.0,-610.0,3607.819,0.0
150.0,-610.0,3556.5195,0.0
160.0,-610.0,3505.7214,0.0
170.0,-610.0,3455.421,0.0
180.0,-610.0,3405.6172,0.0
190.0,-610.0,3356.311,0.0
200.0,-610.0,3307.5034,0.0
210.0,-610.0,3259.1914,0.0
220.0,-610.0,3211.3752,0.0
230.0,-610.0,3164.055,0.0
240.0,-610.0,3117.2307,0.0
250.0,-610.0,3070.9019,0.0
260.0,-610.0,3025.069,0.0
270.0,-610.0,2979.7305,0.0
280.0,-610.0,2934.8843,0.0
290.0,-610.0,2890.5332,0.0
300.0,-610.0,2846.6763,0.0
310.0,-610.0,2803.3115,0.0
320.0,-610.0,2760.4404,0.0
330.0,-610.0,2718.0613,0.0
340.0,-610.0,2676.174,0.0
350.0,-610.0,2634.78,0.0
360.0,-610.0,2593.8774,0.0
370.0,-610.0,2553.466,0.0
380.0,-610.0,2513.5457,0.0
390.0,-610.0,2474.1157,0.0
400.0,-610.0,2435.1768,0.0
410.0,-610.0,2396.728,0.0
420.0,-610.0,2358.7695,0.0
430.0,-610.0,2321.3008,0.0
440.0,-610.0,2284.3206,0.0
450.0,-610.0,2247.8318,0.0
460.0,-610.0,2211.8293,0.0
470.0,-610.0,2176.3179,0.0
480.0,-610.0,2141.2937,0.0
490.0,-610.0,2106.7578,0.0
500.0,-610.0,2072.7097,0.0
510.0,-610.0,2039.1499,0.0
520.0,-610.0,2006.0767,0.0
530.0,-610.0,1973.4918,0.0
540.0,-610.0,1941.3936,0.0
550.0,-610.0,1909.7823,0.0
560.0,-610.0,1878.6582,0.0
570.0,-610.0,1848.0212,0.0
580.0,-610.0,1817.8691,0.0
590.0,-610.0,1788.2034,0.0
600.0,-610.0,1759.0237,0.0
610.0,-610.0,1730.3293,0.0
620.0,-610.0,1702.1202,0.0
630.0,-610.0,1674.3978,0.0
640.0,-610.0,1647.159,0.0
650.0,-610.0,1620.4062,0.0
660.0,-610.0,1594.1389,0.0
670.0,-610.0,1568.3545,0.0
680.0,-610.0,1543.0559,0.0
690.0,-610.0,1518.2412,0.0
700.0,-610.0,1493.9106,0.0
710.0,-610.0,1470.0643,0.0
720.0,-610.0,1446.7014,0.0
730.0,-610.0,1423.8225,0.0
740.0,-610.0,1401.4275,0.0
750.0,-610.0,1379.5157,0.0
760.0,-610.0,1358.0876,0.0
770.0,-610.0,1337.1422,0.0
780.0,-610.0,1316.6802,0.0
790.0,-610.0,1296.7004,0.0
800.0,-610.0,1277.2036,0.0
810.0,-610.0,1258.19,0.0
820.0,-610.0,1239.6594,0.0
830.0,-610.0,1221.6106,0.0
840.0,-610.0,1204.0442,0.0
850.0,-610.0,1186.96,0.0
860.0,-610.0,1170.3578,0.0
870.0,-610.0,1154.2375,0.0
880.0,-610.0,1138.6001,0.0
890.0,-610.0,1123.4441,0.0
900.0,-610.0,1108.7706,0.0
910.0,-610.0,1094.5771,0.0
920.0,-610.0,1080.8662,0.0
930.0,-610.0,1067.6365,0.0
940.0,-610.0,1054.8884,0.0
950.0,-610.0,1042.6213,0.0
960.0,-610.0,1030.8358,0.0
970.0,-610.0,1019.5315,0.0
980.0,-610.0,1008.7082,0.0
990.0,-610.0,998.36597,0.0
1000.0,-610.0,988.5046,0.0
1010.0,-610.0,979.1239,0.0
1020.0,-610.0,970.2245,0.0
1030.0,-610.0,961.8057,0.0
1040.0,-610.0,953.8679,0.0
1050.0,-610.0,946.41016,0.0
1060.0,-610.0,939.43304,0.0
1070.0,-610.0,932.9364,0.0
1080.0,-610.0,926.9208,0.0
1090.0,-610.0,921.3854,0.0
1100.0,-610.0,916.33014,0.0
1110.0,-610.0,911.7556,0.0
1120.0,-610.0,907.66113,0.0
1130.0,-610.0,904.04755,0.0
1140.0,-610.0,900.9134,0.0
1150.0,-610.0,898.2593,0.0
1160.0,-610.0,896.086,0.0
1170.0,-610.0,894.39246,0.0
1180.0,-610.0,893.1795,0.0
1190.0,-610.0,892.44586,0.0
1200.0,-610.0,892.19275,0.0
1210.0,-610.0,892.4197,0.0
1220.0,-610.0,893.1261,0.0
1230.0,-610.0,894.3127,0.0
1240.0,-610.0,895.9794,0.0
1250.0,-610.0,898.1253,0.0
1260.0,-610.0,900.75165,0.0
1270.0,-610.0,903.85767,0.0
1280.0,-610.0,907.4436,0.0
1290.0,-610.0,911.50916,0.0
1300.0,-610.0,916.0546,0.0
1310.0,-610.0,921.07983,0.0
1320.0,-610.0,926.5846,0.0
1330.0,-610.0,932.56946,0.0
1340.0,-610.0,939.03345,0.0
1350.0,-610.0,945.9773,0.0
1360.0,-610.0,953.4014,0.0
1370.0,-610.0,961.3048,0.0
1380.0,-610.0,969.6881,0.0
1390.0,-610.0,978.5509,0.0
1400.0,-610.0,987.8934,0.0
1410.0,-610.0,997.7154,0.0
1420.0,-610.0,1008.0171,0.0
1430.0,-610.0,1018.79834,0.0
1440.0,-610.0,1030.0592,0.0
1450.0,-610.0,1041.7998,0.0
1460.0,-610.0,1054.0199,0.0
1470.0,-610.0,1066.7181,0.0
1480.0,-610.0,1079.896,0.0
1490.0,-610.0,1093.5525,0.0
1500.0,-610.0,1107.6898,0.0
1510.0,-610.0,1122.307,0.0
1520.0,-610.0,1137.4048,0.0
1530.0,-610.0,1152.9823,0.0
1540.0,-610.0,1169.0388,0.0
1550.0,-610.0,1185.5745,0.0
1560.0,-610.0,1202.5902,0.0
1570.0,-610.0,1220.0857,0.0
1580.0,-610.0,1238.0603,0.0
1590.0,-610.0,1256.5146,0.0
1600.0,-610.0,1275.4491,0.0
1610.0,-610.0,1294.8628,0.0
1620.0,-610.0,1314.7555,0.0
1630.0,-610.0,1335.1284,0.0
1640.0,-610.0,1355.9802,0.0
1650.0,-610.0,1377.3123,0.0
1660.0,-610.0,1399.1232,0.0
1670.0,-610.0,1421.4143,0.0
1680.0,-610.0,1444.1843,0.0
1690.0,-610.0,1467.4341,0.0
1700.0,-610.0,1491.1632,0.0
1710.0,-610.0,1515.3716,0.0
1720.0,-610.0,1540.06,0.0
1730.0,-610.0,1565.2275,0.0
1740.0,-610.0,1590.8746,0.0
1750.0,-610.0,1617.0011,0.0
1760.0,-610.0,1643.6074,0.0
1770.0,-610.0,1670.6929,0.0
1780.0,-610.0,1698.2573,0.0
1790.0,-610.0,1726.3015,0.0
1800.0,-610.0,1754.8246,0.0
-200.0,-600.0,39270.906,1.0
-190.0,-600.0,39270.906,1.0
-180.0,-600.0,39270.906,1.0
-170.0,-600.0,39270.906,1.0
-160.0,-600.0,39270.906,1.0
-150.0,-600.0,39270.906,1.0
-140.0,-600.0,39270.906,1.0
-130.0,-600.0,39270.906,1.0
-120.0,-600.0,39270.906,1.0
-110.0,-600.0,39270.906,1.0
-100.0,-600.0,39270.906,1.0
-90.0,-600.0,39270.906,1.0
-80.0,-600.0,39270.906,1.0
-70.0,-600.0,39270.906,1.0
-60.0,-600.0,39270.906,1.0
-50.0,-600.0,39270.906,1.0
-40.0,-600.0,39270.906,1.0
-30.0,-600.0,39270.906,1.0
-20.0,-600.0,39270.906,1.0
-10.0,-600.0,39270.906,1.0
0.0,-600.0,39270.906,1.0
10.0,-600.0,39270.906,1.0
20.0,-600.0,39270.906,1.0
30.0,-600.0,39270.906,1.0
40.0,-600.0,39270.906,1.0
50.0,-600.0,39270.906,1.0
60.0,-600.0,39270.906,1.0
70.0,-600.0,39270.906,1.0
80.0,-600.0,39270.906,1.0
90.0,-600.0,39270.906,1.0
100.0,-600.0,39270.906,1.0
110.0,-600.0,3798.5088,0.0
120.0,-600.0,3744.812,0.0
130.0,-600.0,3691.625,0.0
140.0,-600.0,3638.943,0.0
150.0,-600.0,3586.7705,0.0
160.0,-600.0,3535.1074,0.0
170.0,-600.0,3483.9497,0.0
180.0,-600.0,3433.299,0.0
190.0,-600.0,3383.1548,0.0
200.0,-600.0,3333.5168,0.0
210.0,-600.0,3284.3838,0.0
220.0,-600.0,3235.7544,0.0
230.0,-600.0,3187.6316,0.0
240.0,-600.0,3140.0137,0.0
250.0,-600.0,3092.8975,0.0
260.0,-600.0,3046.2864,0.0
270.0,-600.0,3000.1797,0.0
280.0,-600.0,2954.5737,0.0
290.0,-600.0,2909.4702,0.0
300.0,-600.0,2864.8716,0.0
310.0,-600.0,2820.7734,0.0
320.0,-600.0,2777.1763,0.0
330.0,-600.0,2734.08,0.0
340.0,-600.0,2691.485,0.0
350.0,-600.0,2649.3906,0.0
360.0,-600.0,2607.7969,0.0
370.0,-600.0,2566.7024,0.0
380.0,-600.0,2526.1086,0.0
390.0,-600.0,2486.0137,0.0
400.0,-600.0,2446.417,0.0
410.0,-600.0,2407.32,0.0
420.0,-600.0,2368.7217,0.0
430.0,-600.0,2330.621,0.0
440.0,-600.0,2293.0186,0.0
450.0,-600.0,2255.9128,0.0
460.0,-600.0,2219.3054,0.0
470.0,-600.0,2183.1953,0.0
480.0,-600.0,2147.5815,0.0
490.0,-600.0,2112.465,0.0
500.0,-600.0,2077.8438,0.0
510.0,-600.0,2043.7195,0.0
520.0,-600.0,2010.0905,0.0
530.0,-600.0,1976.9576,0.0
540.0,-600.0,1944.3202,0.0
550.0,-600.0,1912.1785,0.0
560.0,-600.0,1880.5312,0.0
570.0,-600.0,1849.3794,0.0
580.0,-600.0,1818.7206,0.0
590.0,-600.0,1788.5576,0.0
600.0,-600.0,1758.8884,0.0
610.0,-600.0,1729.7128,0.0
620.0,-600.0,1701.031,0.0
630.0,-600.0,1672.8424,0.0
640.0,-600.0,1645.1476,0.0
650.0,-600.0,1617.9463,0.0
660.0,-600.0,1591.2385,0.0
670.0,-600.0,1565.023,0.0
680.0,-600.0,1539.2997,0.0
690.0,-600.0,1514.07,0.0
700.0,-600.0,1489.3325,0.0
710.0,-600.0,1465.0865,0.0
720.0,-600.0,1441.3329,0.0
730.0,-600.0,1418.0715,0.0
740.0,-600.0,1395.3011,0.0
750.0,-600.0,1373.0227,0.0
760.0,-600.0,1351.2356,0.0
770.0,-600.0,1329.9404,0.0
780.0,-600.0,1309.136,0.0
790.0,-600.0,1288.8224,0.0
800.0,-600.0,1268.9999,0.0
810.0,-600.0,1249.6685,0.0
820.0,-600.0,1230.8276,0.0
830.0,-600.0,1212.4778,0.0
840.0,-600.0,1194.6179,0.0
850.0,-600.0,1177.2489,0.0
860.0,-600.0,1160.3689,0.0
870.0,-600.0,1143.9795,0.0
880.0,-600.0,1128.0808,0.0
890.0,-600.0,1112.672,0.0
900.0,-600.0,1097.7534,0.0
910.0,-600.0,1083.3235,0.0
920.0,-600.0,1069.3839,0.0
930.0,-600.0,1055.9332,0.0
940.0,-600.0,1042.9727,0.0
950.0,-600.0,1030.5009,0.0
960.0,-600.0,1018.51843,0.0
970.0,-600.0,1007.0259,0.0
980.0,-600.0,996.0219,0.0
990.0,-600.0,985.50745,0.0
1000.0,-600.0,975.4817,0.0
1010.0,-600.0,965.9448,0.0
1020.0,-600.0,956.897,0.0
1030.0,-600.0,948.33765,0.0
1040.0,-600.0,940.2677,0.0
1050.0,-600.0,932.68616,0.0
1060.0,-600.0,925.59265,0.0
1070.0,-600.0,918.9881,0.0
1080.0,-600.0,912.87195,0.0
1090.0,-600.0,907.2445,0.0
1100.0,-600.0,902.1054,0.0
1110.0,-600.0,897.4542,0.0
1120.0,-600.0,893.29193,0.0
1130.0,-600.0,889.61804,0.0
1140.0,-600.0,886.43164,0.0
1150.0,-600.0,883.73376,0.0
1160.0,-600.0,881.5247,0.0
1170.0,-600.0,879.803,0.0
1180.0,-600.0,878.5692,0.0
1190.0,-600.0,877.824,0.0
1200.0,-600.0,877.56665,0.0
1210.0,-600.0,877.7977,0.0
1220.0,-600.0,878.5161,0.0
1230.0,-600.0,879.7225,0.0
1240.0,-600.0,881.41656,0.0
1250.0,-600.0,883.5984,0.0
1260.0,-600.0,886.2693,0.0
1270.0,-600.0,889.427,0.0
1280.0,-600.0,893.07275,0.0
1290.0,-600.0,897.20624,0.0
1300.0,-600.0,901.8282,0.0
1310.0,-600.0,906.9369,0.0
1320.0,-600.0,912.5333,0.0
1330.0,-600.0,918.61816,0.0
1340.0,-600.0,925.19,0.0
1350.0,-600.0,932.25006,0.0
1360.0,-600.0,939.79724,0.0
1370.0,-600.0,947.83264,0.0
1380.0,-600.0,956.35596,0.0
1390.0,-600.0,965.36676,0.0
1400.0,-600.0,974.8655,0.0
1410.0,-600.0,984.85095,0.0
1420.0,-600.0,995.3241,0.0
1430.0,-600.0,1006.28516,0.0
1440.0,-600.0,1017.7341,0.0
1450.0,-600.0,1029.6702,0.0
1460.0,-600.0,1042.0938,0.0
1470.0,-600.0,1055.004,0.0
1480.0,-600.0,1068.4006,0.0
1490.0,-600.0,1082.2854,0.0
1500.0,-600.0,1096.6582,0.0
1510.0,-600.0,1111.5205,0.0
1520.0,-600.0,1126.8702,0.0
1530.0,-600.0,1142.7068,0.0
1540.0,-600.0,1159.031,0.0
1550.0,-600.0,1175.8423,0.0
1560.0,-600.0,1193.1416,0.0
1570.0,-600.0,1210.929,0.0
1580.0,-600.0,1229.2039,0.0
1590.0,-600.0,1247.9655,0.0
1600.0,-600.0,1267.2158,0.0
1610.0,-600.0,1286.9529,0.0
1620.0,-600.0,1307.1775,0.0
1630.0,-600.0,1327.89,0.0
1640.0,-600.0,1349.0896,0.0
1650.0,-600.0,1370.7769,0.0
1660.0,-600.0,1392.952,0.0
1670.0,-600.0,1415.6152,0.0
1680.0,-600.0,1438.7645,0.0
1690.0,-600.0,1462.4021,0.0
1700.0,-600.0,1486.5271,0.0
1710.0,-600.0,1511.1387,0.0
1720.0,-600.0,1536.239,0.0
1730.0,-600.0,1561.8258,0.0
1740.0,-600.0,1587.9001,0.0
1750.0,-600.0,1614.4626,0.0
1760.0,-600.0,1641.5127,0.0
1770.0,-600.0,1669.0494,0.0
1780.0,-600.0,1697.0728,0.0
1790.0,-600.0,1725.5854,0.0
1800.0,-600.0,1754.584,0.0
-200.0,-590.0,39270.906,1.0
-190.0,-590.0,39270.906,1.0
-180.0,-590.0,39270.906,1.0
-170.0,-590.0,39270.906,1.0
-160.0,-590.0,39270.906,1.0
-150.0,-590.0,39270.906,1.0
-140.0,-590.0,39270.906,1.0
-130.0,-590.0,39270.906,1.0
-120.0,-590.0,39270.906,1.0
-110.0,-590.0,39270.906,1.0
-100.0,-590.0,39270.906,1.0
-90.0,-590.0,39270.906,1.0
-80.0,-590.0,39270.906,1.0
-70.0,-590.0,39270.906,1.0
-60.0,-590.0,39270.906,1.0
-50.0,-590.0,39270.906,1.0
-40.0,-590.0,39270.906,1.0
-30.0,-590.0,39270.906,1.0
-20.0,-590.0,39270.906,1.0
-10.0,-590.0,39270.906,1.0
0.0,-590.0,39270.906,1.0
10.0,-590.0,39270.906,1.0
20.0,-590.0,39270.906,1.0
30.0,-590.0,39270.906,1.0
40.0,-590.0,39270.906,1.0
50.0,-590.0,39270.906,1.0
60.0,-590.0,39270.906,1.0
70.0,-590.0,39270.906,1.0
80.0,-590.0,39270.906,1.0
90.0,-590.0,39270.906,1.0
100.0,-590.0,3889.1318,0.0
110.0,-590.0,3833.9834,0.0
120.0,-590.0,3779.3525,0.0
130.0,-590.0,3725.2417,0.0
140.0,-590.0,3671.6475,0.0
150.0,-590.0,3618.5693,0.0
160.0,-590.0,3566.009,0.0
170.0,-590.0,3513.9653,0.0
180.0,-590.0,3462.4377,0.0
190.0,-590.0,3411.4248,0.0
200.0,-590.0,3360.9285,0.0
210.0,-590.0,3310.9448,0.0
220.0,-590.0,3261.4766,0.0
230.0,-590.0,3212.5212,0.0
240.0,-590.0,3164.0796,0.0
250.0,-590.0,3116.152,0.0
260.0,-590.0,3068.7358,0.0
270.0,-590.0,3021.8325,0.0
280.0,-590.0,2975.441,0.0
290.0,-590.0,2929.5613,0.0
300.0,-590.0,2884.1926,0.0
310.0,-590.0,2839.335,0.0
320.0,-590.0,2794.987,0.0
330.0,-590.0,2751.1497,0.0
340.0,-590.0,2707.8218,0.0
350.0,-590.0,2665.0034,0.0
360.0,-590.0,2622.6943,0.0
370.0,-590.0,2580.8936,0.0
380.0,-590.0,2539.602,0.0
390.0,-590.0,2498.8193,0.0
400.0,-590.0,2458.5427,0.0
410.0,-590.0,2418.7744,0.0
420.0,-590.0,2379.5137,0.0
430.0,-590.0,2340.7603,0.0
440.0,-590.0,2302.513,0.0
450.0,-590.0,2264.7715,0.0
460.0,-590.0,2227.5366,0.0
470.0,-590.0,2190.8074,0.0
480.0,-590.0,2154.5847,0.0
490.0,-590.0,2118.8665,0.0
500.0,-590.0,2083.6526,0.0
510.0,-590.0,2048.9448,0.0
520.0,-590.0,2014.741,0.0
530.0,-590.0,1981.0419,0.0
540.0,-590.0,1947.8457,0.0
550.0,-590.0,1915.1543,0.0
560.0,-590.0,1882.9663,0.0
570.0,-590.0,1851.2822,0.0
580.0,-590.0,1820.1008,0.0
590.0,-590.0,1789.4229,0.0
600.0,-590.0,1759.2471,0.0
610.0,-590.0,1729.5737,0.0
620.0,-590.0,1700.4022,0.0
630.0,-590.0,1671.7339,0.0
640.0,-590.0,1643.5664,0.0
650.0,-590.0,1615.9009,0.0
660.0,-590.0,1588.7373,0.0
670.0,-590.0,1562.0754,0.0
680.0,-590.0,1535.9148,0.0
690.0,-590.0,1510.2545,0.0
700.0,-590.0,1485.0955,0.0
710.0,-590.0,1460.4366,0.0
720.0,-590.0,1436.2788,0.0
730.0,-590.0,1412.6215,0.0
740.0,-590.0,1389.4641,0.0
750.0,-590.0,1366.8068,0.0
760.0,-590.0,1344.6492,0.0
770.0,-590.0,1322.9912,0.0
780.0,-590.0,1301.8335,0.0
790.0,-590.0,1281.1743,0.0
800.0,-590.0,1261.0149,0.0
810.0,-590.0,1241.3546,0.0
820.0,-590.0,1222.1935,0.0
830.0,-590.0,1203.5317,0.0
840.0,-590.0,1185.3691,0.0
850.0,-590.0,1167.7045,0.0
860.0,-590.0,1150.5383,0.0
870.0,-590.0,1133.8706,0.0
880.0,-590.0,1117.7014,0.0
890.0,-590.0,1102.0309,0.0
900.0,-590.0,1086.8584,0.0
910.0,-590.0,1072.1841,0.0
920.0,-590.0,1058.0076,0.0
930.0,-590.0,1044.3293,0.0
940.0,-590.0,1031.1484,0.0
950.0,-590.0,1018.4657,0.0
960.0,-590.0,1006.28015,0.0
970.0,-590.0,994.59204,0.0
980.0,-590.0,983.40186,0.0
990.0,-590.0,972.7086,0.0
1000.0,-590.0,962.5132,0.0
1010.0,-590.0,952.81445,0.0
1020.0,-590.0,943.6131,0.0
1030.0,-590.0,934.9092,0.0
1040.0,-590.0,926.70264,0.0
1050.0,-590.0,918.9923,0.0
1060.0,-590.0,911.7786,0.0
1070.0,-590.0,905.0624,0.0
1080.0,-590.0,898.84265,0.0
1090.0,-590.0,893.1196,0.0
1100.0,-590.0,887.89374,0.0
1110.0,-590.0,883.164,0.0
1120.0,-590.0,878.93134,0.0
1130.0,-590.0,875.1953,0.0
1140.0,-590.0,871.95496,0.0
1150.0,-590.0,869.21204,0.0
1160.0,-590.0,866.9648,0.0
1170.0,-590.0,865.21423,0.0
1180.0,-590.0,863.9599,0.0
1190.0,-590.0,863.2019,0.0
1200.0,-590.0,862.9405,0.0
1210.0,-590.0,863.17554,0.0
1220.0,-590.0,863.9065,0.0
1230.0,-590.0,865.1334,0.0
1240.0,-590.0,866.8564,0.0
1250.0,-590.0,869.0758,0.0
1260.0,-590.0,871.79144,0.0
1270.0,-590.0,875.0029,0.0
1280.0,-590.0,878.7108,0.0
1290.0,-590.0,882.9148,0.0
1300.0,-590.0,887.61426,0.0
1310.0,-590.0,892.81006,0.0
1320.0,-590.0,898.50183,0.0
1330.0,-590.0,904.6898,0.0
1340.0,-590.0,911.3728,0.0
1350.0,-590.0,918.5525,0.0
1360.0,-590.0,926.2285,0.0
1370.0,-590.0,934.40027,0.0
1380.0,-590.0,943.06775,0.0
1390.0,-590.0,952.2312,0.0
1400.0,-590.0,961.89056,0.0
1410.0,-590.0,972.04553,0.0
1420.0,-590.0,982.69696,0.0
1430.0,-590.0,993.8438,0.0
1440.0,-590.0,1005.48663,0.0
1450.0,-590.0,1017.6246,0.0
1460.0,-590.0,1030.2585,0.0
1470.0,-590.0,1043.388,0.0
1480.0,-590.0,1057.0121,0.0
1490.0,-590.0,1071.1323,0.0
1500.0,-590.0,1085.7498,0.0
1510.0,-590.0,1100.8634,0.0
1520.0,-590.0,1116.4735,0.0
1530.0,-590.0,1132.5786,0.0
1540.0,-590.0,1149.1792,0.0
1550.0,-590.0,1166.276,0.0
1560.0,-590.0,1183.8693,0.0
1570.0,-590.0,1201.9575,0.0
1580.0,-590.0,1220.5421,0.0
1590.0,-590.0,1239.6222,0.0
1600.0,-590.0,1259.1989,0.0
1610.0,-590.0,1279.271,0.0
1620.0,-590.0,1299.8383,0.0
1630.0,-590.0,1320.9021,0.0
1640.0,-590.0,1342.4609,0.0
1650.0,-590.0,1364.516,0.0
1660.0,-590.0,1387.0667,0.0
1670.0,-590.0,1410.1143,0.0
1680.0,-590.0,1433.6567,0.0
1690.0,-590.0,1457.6943,0.0
1700.0,-590.0,1482.228,0.0
1710.0,-590.0,1507.2585,0.0
1720.0,-590.0,1532.7839,0.0
1730.0,-590.0,1558.805,0.0
1740.0,-590.0,1585.322,0.0
1750.0,-590.0,1612.3347,0.0
1760.0,-590.0,1639.8425,0.0
1770.0,-590.0,1667.8461,0.0
1780.0,-590.0,1696.3457,0.0
1790.0,-590.0,1725.341,0.0
1800.0,-590.0,1754.8328,0.0
-200.0,-580.0,39270.906,1.0
-190.0,-580.0,39270.906,1.0
-180.0,-580.0,39270.906,1.0
-170.0,-580.0,39270.906,1.0
-160.0,-580.0,39270.906,1.0
-150.0,-580.0,39270.906,1.0
-140.0,-580.0,39270.906,1.0
-130.0,-580.0,39270.906,1.0
-120.0,-580.0,39270.906,1.0
-110.0,-580.0,39270.906,1.0
-100.0,-580.0,39270.906,1.0
-90.0,-580.0,39270.906,1.0
-80.0,-580.0,39270.906,1.0
-70.0,-580.0,39270.906,1.0
-60.0,-580.0,39270.906,1.0
-50.0,-580.0,39270.906,1.0
-40.0,-580.0,39270.906,1.0
-30.0,-580.0,39270.906,1.0
-20.0,-580.0,39270.906,1.0
-10.0,-580.0,39270.906,1.0
0.0,-580.0,39270.906,1.0
10.0,-580.0,39270.906,1.0
20.0,-580.0,39270.906,1.0
30.0,-580.0,39270.906,1.0
40.0,-580.0,39270.906,1.0
50.0,-580.0,39270.906,1.0
60.0,-580.0,39270.906,1.0
70.0,-580.0,39270.906,1.0
80.0,-580.0,39270.906,1.0
90.0,-580.0,39270.906,1.0
100.0,-580.0,3927.3425,0.0
110.0,-580.0,3871.2173,0.0
120.0,-580.0,3815.6206,0.0
130.0,-580.0,3760.5525,0.0
140.0,-580.0,3706.011,0.0
150.0,-580.0,3651.997,0.0
160.0,-580.0,3598.5085,0.0
170.0,-580.0,3545.5466,0.0
180.0,-580.0,3493.1113,0.0
190.0,-580.0,3441.1997,0.0
200.0,-580.0,3389.8118,0.0
210.0,-580.0,3338.9502,0.0
220.0,-580.0,3288.6106,0.0
230.0,-580.0,3238.7944,0.0
240.0,-580.0,3189.5015,0.0
250.0,-580.0,3140.7297,0.0
260.0,-580.0,3092.4822,0.0
270.0,-580.0,3044.7546,0.0
280.0,-580.0,2997.5493,0.0
290.0,-580.0,2950.8643,0.0
300.0,-580.0,2904.7,0.0
310.0,-580.0,2859.0547,0.0
320.0,-580.0,2813.9302,0.0
330.0,-580.0,2769.3254,0.0
340.0,-580.0,2725.2393,0.0
350.0,-580.0,2681.6714,0.0
360.0,-580.0,2638.6216,0.0
370.0,-580.0,2596.091,0.0
380.0,-580.0,2554.0767,0.0
390.0,-580.0,2512.58,0.0
400.0,-580.0,2471.6006,0.0
410.0,-580.0,2431.138,0.0
420.0,-580.0,2391.1914,0.0
430.0,-580.0,2351.7615,0.0
440.0,-580.0,2312.8467,0.0
450.0,-580.0,2274.4468,0.0
460.0,-580.0,2236.563,0.0
470.0,-580.0,2199.1943,0.0
480.0,-580.0,2162.3394,0.0
490.0,-580.0,2125.9993,0.0
500.0,-580.0,2090.1729,0.0
510.0,-580.0,2054.8604,0.0
520.0,-580.0,2020.0615,0.0
530.0,-580.0,1985.7751,0.0
540.0,-580.0,1952.0021,0.0
550.0,-580.0,1918.7418,0.0
560.0,-580.0,1885.9946,0.0
570.0,-580.0,1853.7598,0.0
580.0,-580.0,1822.036,0.0
590.0,-580.0,1790.8251,0.0
600.0,-580.0,1760.1252,0.0
610.0,-580.0,1729.9376,0.0
620.0,-580.0,1700.2595,0.0
630.0,-580.0,1671.0935,0.0
640.0,-580.0,1642.4375,0.0
650.0,-580.0,1614.2922,0.0
660.0,-580.0,1586.6575,0.0
670.0,-580.0,1559.5332,0.0
680.0,-580.0,1532.9182,0.0
690.0,-580.0,1506.8138,0.0
700.0,-580.0,1481.2189,0.0
710.0,-580.0,1456.1328,0.0
720.0,-580.0,1431.5566,0.0
730.0,-580.0,1407.4894,0.0
740.0,-580.0,1383.9304,0.0
750.0,-580.0,1360.8811,0.0
760.0,-580.0,1338.3401,0.0
770.0,-580.0,1316.3079,0.0
780.0,-580.0,1294.7837,0.0
790.0,-580.0,1273.7678,0.0
800.0,-580.0,1253.2595,0.0
810.0,-580.0,1233.2593,0.0
820.0,-580.0,1213.7666,0.0
830.0,-580.0,1194.782,0.0
840.0,-580.0,1176.3054,0.0
850.0,-580.0,1158.3357,0.0
860.0,-580.0,1140.8735,0.0
870.0,-580.0,1123.917,0.0
880.0,-580.0,1107.4685,0.0
890.0,-580.0,1091.5273,0.0
900.0,-580.0,1076.0925,0.0
910.0,-580.0,1061.1658,0.0
920.0,-580.0,1046.7441,0.0
930.0,-580.0,1032.8297,0.0
940.0,-580.0,1019.42126,0.0
950.0,-580.0,1006.5195,0.0
960.0,-580.0,994.12384,0.0
970.0,-580.0,982.23444,0.0
980.0,-580.0,970.85077,0.0
990.0,-580.0,959.9734,0.0
1000.0,-580.0,949.6018,0.0
1010.0,-580.0,939.73596,0.0
1020.0,-580.0,930.3764,0.0
1030.0,-580.0,921.522,0.0
1040.0,-580.0,913.1733,0.0
1050.0,-580.0,905.3305,0.0
1060.0,-580.0,897.9928,0.0
1070.0,-580.0,891.1609,0.0
1080.0,-580.0,884.834,0.0
1090.0,-580.0,879.0122,0.0
1100.0,-580.0,873.6963,0.0
1110.0,-580.0,868.8854,0.0
1120.0,-580.0,864.5796,0.0
1130.0,-580.0,860.779,0.0
1140.0,-580.0,857.48364,0.0
1150.0,-580.0,854.6931,0.0
1160.0,-580.0,852.4076,0.0
1170.0,-580.0,850.6269,0.0
1180.0,-580.0,849.35095,0.0
1190.0,-580.0,848.58057,0.0
1200.0,-580.0,848.3145,0.0
1210.0,-580.0,848.5535,0.0
1220.0,-580.0,849.297,0.0
1230.0,-580.0,850.5453,0.0
1240.0,-580.0,852.2982,0.0
1250.0,-580.0,854.5563,0.0
1260.0,-580.0,857.3186,0.0
1270.0,-580.0,860.5862,0.0
1280.0,-580.0,864.3573,0.0
1290.0,-580.0,868.6341,0.0
1300.0,-580.0,873.41455,0.0
1310.0,-580.0,878.7006,0.0
1320.0,-580.0,884.4907,0.0
1330.0,-580.0,890.7849,0.0
1340.0,-580.0,897.5841,0.0
1350.0,-580.0,904.88745,0.0
1360.0,-580.0,912.6958,0.0
1370.0,-580.0,921.00836,0.0
1380.0,-580.0,929.8251,0.0
1390.0,-580.0,939.1471,0.0
1400.0,-580.0,948.973,0.0
1410.0,-580.0,959.3034,0.0
1420.0,-580.0,970.1384,0.0
1430.0,-580.0,981.4774,0.0
1440.0,-580.0,993.3214,0.0
1450.0,-580.0,1005.66833,0.0
1460.0,-580.0,1018.52014,0.0
1470.0,-580.0,1031.8749,0.0
1480.0,-580.0,1045.7347,0.0
1490.0,-580.0,1060.0984,0.0
1500.0,-580.0,1074.9695,0.0
1510.0,-580.0,1090.3434,0.0
1520.0,-580.0,1106.2227,0.0
1530.0,-580.0,1122.6055,0.0
1540.0,-580.0,1139.4921,0.0
1550.0,-580.0,1156.8844,0.0
1560.0,-580.0,1174.7803,0.0
1570.0,-580.0,1193.1809,0.0
1580.0,-580.0,1212.0862,0.0
1590.0,-580.0,1231.4961,0.0
1600.0,-580.0,1251.4099,0.0
1610.0,-580.0,1271.8275,0.0
1620.0,-580.0,1292.75,0.0
1630.0,-580.0,1314.1765,0.0
1640.0,-580.0,1336.1083,0.0
1650.0,-580.0,1358.5433,0.0
1660.0,-580.0,1381.484,0.0
1670.0,-580.0,1404.9276,0.0
1680.0,-580.0,1428.8765,0.0
1690.0,-580.0,1453.3291,0.0
1700.0,-580.0,1478.2856,0.0
1710.0,-580.0,1503.748,0.0
1720.0,-580.0,1529.7131,0.0
1730.0,-580.0,1556.184,0.0
1740.0,-580.0,1583.1582,0.0
1750.0,-580.0,1610.6364,0.0
1760.0,-580.0,1638.6184,0.0
1770.0,-580.0,1667.1055,0.0
1780.0,-580.0,1696.0966,0.0
1790.0,-580.0,1725.5933,0.0
1800.0,-580.0,1755.5939,0.0
-200.0,-570.0,39270.906,1.0
-190.0,-570.0,39270.906,1.0
-180.0,-570.0,39270.906,1.0
-170.0,-570.0,39270.906,1.0
-160.0,-570.0,39270.906,1.0
-150.0,-570.0,39270.906,1.0
-140.0,-570.0,39270.906,1.0
-130.0,-570.0,39270.906,1.0
-120.0,-570.0,39270.906,1.0
-110.0,-570.0,39270.906,1.0
-100.0,-570.0,39270.906,1.0
-90.0,-570.0,39270.906,1.0
-80.0,-570.0,39270.906,1.0
-70.0,-570.0,39270.906,1.0
-60.0,-570.0,39270.906,1.0
-50.0,-570.0,39270.906,1.0
-40.0,-570.0,39270.906,1.0
-30.0,-570.0,39270.906,1.0
-20.0,-570.0,39270.906,1.0
-10.0,-570.0,39270.906,1.0
0.0,-570.0,39270.906,1.0
10.0,-570.0,39270.906,1.0
20.0,-570.0,39270.906,1.0
30.0,-570.0,39270.906,1.0
40.0,-570.0,39270.906,1.0
50.0,-570.0,39270.906,1.0
60.0,-570.0,39270.906,1.0
70.0,-570.0,39270.906,1.0
80.0,-570.0,39270.906,1.0
90.0,-570.0,4025.1196,0.0
100.0,-570.0,3967.4436,0.0
110.0,-570.0,3910.3074,0.0
120.0,-570.0,3853.71,0.0
130.0,-570.0,3797.649,0.0
140.0,-570.0,3742.126,0.0
150.0,-570.0,3687.1401,0.0
160.0,-570.0,3632.6914,0.0
170.0,-570.0,3578.7773,0.0
180.0,-570.0,3525.4004,0.0
190.0,-570.0,3472.5562,0.0
200.0,-570.0,3420.249,0.0
210.0,-570.0,3368.474,0.0
220.0,-570.0,3317.233,0.0
230.0,-570.0,3266.5244,0.0
240.0,-570.0,3216.349,0.0
250.0,-570.0,3166.7048,0.0
260.0,-570.0,3117.5938,0.0
270.0,-570.0,3069.013,0.0
280.0,-570.0,3020.9634,0.0
290.0,-570.0,2973.4443,0.0
300.0,-570.0,2926.4556,0.0
310.0,-570.0,2879.9968,0.0
320.0,-570.0,2834.0667,0.0
330.0,-570.0,2788.6665,0.0
340.0,-570.0,2743.794,0.0
350.0,-570.0,2699.4492,0.0
360.0,-570.0,2655.6333,0.0
370.0,-570.0,2612.3452,0.0
380.0,-570.0,2569.5837,0.0
390.0,-570.0,2527.3486,0.0
400.0,-570.0,2485.6396,0.0
410.0,-570.0,2444.4585,0.0
420.0,-570.0,2403.801,0.0
430.0,-570.0,2363.6704,0.0
440.0,-570.0,2324.0647,0.0
450.0,-570.0,2284.9834,0.0
460.0,-570.0,2246.4277,0.0
470.0,-570.0,2208.395,0.0
480.0,-570.0,2170.8867,0.0
490.0,-570.0,2133.9014,0.0
500.0,-570.0,2097.4404,0.0
510.0,-570.0,2061.502,0.0
520.0,-570.0,2026.0859,0.0
530.0,-570.0,1991.1931,0.0
540.0,-570.0,1956.8224,0.0
550.0,-570.0,1922.9734,0.0
560.0,-570.0,1889.6469,0.0
570.0,-570.0,1856.8413,0.0
580.0,-570.0,1824.557,0.0
590.0,-570.0,1792.7935,0.0
600.0,-570.0,1761.551,0.0
610.0,-570.0,1730.8297,0.0
620.0,-570.0,1700.6282,0.0
630.0,-570.0,1670.9465,0.0
640.0,-570.0,1641.7843,0.0
650.0,-570.0,1613.1426,0.0
660.0,-570.0,1585.0198,0.0
670.0,-570.0,1557.4167,0.0
680.0,-570.0,1530.332,0.0
690.0,-570.0,1503.7673,0.0
700.0,-570.0,1477.7207,0.0
710.0,-570.0,1452.1929,0.0
720.0,-570.0,1427.1836,0.0
730.0,-570.0,1402.6918,0.0
740.0,-570.0,1378.7183,0.0
750.0,-570.0,1355.2625,0.0
760.0,-570.0,1332.3248,0.0
770.0,-570.0,1309.904,0.0
780.0,-570.0,1288.0012,0.0
790.0,-570.0,1266.6152,0.0
800.0,-570.0,1245.7457,0.0
810.0,-570.0,1225.3936,0.0
820.0,-570.0,1205.5581,0.0
830.0,-570.0,1186.2396,0.0
840.0,-570.0,1167.4375,0.0
850.0,-570.0,1149.1519,0.0
860.0,-570.0,1131.3821,0.0
870.0,-570.0,1114.1289,0.0
880.0,-570.0,1097.3909,0.0
890.0,-570.0,1081.1697,0.0
900.0,-570.0,1065.4637,0.0
910.0,-570.0,1050.2742,0.0
920.0,-570.0,1035.5994,0.0
930.0,-570.0,1021.44,0.0
940.0,-570.0,1007.79645,0.0
950.0,-570.0,994.6681,0.0
960.0,-570.0,982.05457,0.0
970.0,-570.0,969.9568,0.0
980.0,-570.0,958.3729,0.0
990.0,-570.0,947.3047,0.0
1000.0,-570.0,936.7508,0.0
1010.0,-570.0,926.712,0.0
1020.0,-570.0,917.188,0.0
1030.0,-570.0,908.1783,0.0
1040.0,-570.0,899.6834,0.0
1050.0,-570.0,891.7028,0.0
1060.0,-570.0,884.2367,0.0
1070.0,-570.0,877.2844,0.0
1080.0,-570.0,870.84656,0.0
1090.0,-570.0,864.92346,0.0
1100.0,-570.0,859.51416,0.0
1110.0,-570.0,854.61896,0.0
1120.0,-570.0,850.2375,0.0
1130.0,-570.0,846.3706,0.0
1140.0,-570.0,843.0173,0.0
1150.0,-570.0,840.17786,0.0
1160.0,-570.0,837.8525,0.0
1170.0,-570.0,836.04065,0.0
1180.0,-570.0,834.7427,0.0
1190.0,-570.0,833.95886,0.0
1200.0,-570.0,833.6884,0.0
1210.0,-570.0,833.93207,0.0
1220.0,-570.0,834.68854,0.0
1230.0,-570.0,835.9586,0.0
1240.0,-570.0,837.7429,0.0
1250.0,-570.0,840.0404,0.0
1260.0,-570.0,842.8512,0.0
1270.0,-570.0,846.17566,0.0
1280.0,-570.0,850.01404,0.0
1290.0,-570.0,854.36584,0.0
1300.0,-570.0,859.23083,0.0
1310.0,-570.0,864.60876,0.0
1320.0,-570.0,870.50073,0.0
1330.0,-570.0,876.90564,0.0
1340.0,-570.0,883.8237,0.0
1350.0,-570.0,891.2558,0.0
1360.0,-570.0,899.2012,0.0
1370.0,-570.0,907.6601,0.0
1380.0,-570.0,916.63153,0.0
1390.0,-570.0,926.1169,0.0
1400.0,-570.0,936.11536,0.0
1410.0,-570.0,946.627,0.0
1420.0,-570.0,957.65247,0.0
1430.0,-570.0,969.1902,0.0
1440.0,-570.0,981.2418,0.0
1450.0,-570.0,993.8058,0.0
1460.0,-570.0,1006.88245,0.0
1470.0,-570.0,1020.47174,0.0
1480.0,-570.0,1034.5745,0.0
1490.0,-570.0,1049.1914,0.0
1500.0,-570.0,1064.3231,0.0
1510.0,-570.0,1079.9675,0.0
1520.0,-570.0,1096.1249,0.0
1530.0,-570.0,1112.7952,0.0
1540.0,-570.0,1129.9789,0.0
1550.0,-570.0,1147.6761,0.0
1560.0,-570.0,1165.8857,0.0
1570.0,-570.0,1184.6099,0.0
1580.0,-570.0,1203.8464,0.0
1590.0,-570.0,1223.5967,0.0
1600.0,-570.0,1243.8605,0.0
1610.0,-570.0,1264.6364,0.0
1620.0,-570.0,1285.9266,0.0
1630.0,-570.0,1307.7291,0.0
1640.0,-570.0,1330.0452,0.0
1650.0,-570.0,1352.874,0.0
1660.0,-570.0,1376.2172,0.0
1670.0,-570.0,1400.0731,0.0
1680.0,-570.0,1424.4419,0.0
1690.0,-570.0,1449.3239,0.0
1700.0,-570.0,1474.7186,0.0
1710.0,-570.0,1500.6271,0.0
1720.0,-570.0,1527.0488,0.0
1730.0,-570.0,1553.9836,0.0
1740.0,-570.0,1581.4309,0.0
1750.0,-570.0,1609.3915,0.0
1760.0,-570.0,1637.8652,0.0
1770.0,-570.0,1666.8519,0.0
1780.0,-570.0,1696.3525,0.0
1790.0,-570.0,1726.3672,0.0
1800.0,-570.0,1756.8943,0.0
-200.0,-560.0,39270.906,1.0
-190.0,-560.0,39270.906,1.0
-180.0,-560.0,39270.906,1.0
-170.0,-560.0,39270.906,1.0
-160.0,-560.0,39270.906,1.0
-150.0,-560.0,39270.906,1.0
-140.0,-560.0,39270.906,1.0
-130.0,-560.0,39270.906,1.0
-120.0,-560.0,39270.906,1.0
-110.0,-560.0,39270.906,1.0
-100.0,-560.0,39270.906,1.0
-90.0,-560.0,39270.906,1.0
-80.0,-560.0,39270.906,1.0
-70.0,-560.0,39270.906,1.0
-60.0,-560.0,39270.906,1.0
-50.0,-560.0,39270.906,1.0
-40.0,-560.0,39270.906,1.0
-30.0,-560.0,39270.906,1.0
-20.0,-560.0,39270.906,1.0
-10.0,-560.0,39270.906,1.0
0.0,-560.0,39270.906,1.0
10.0,-560.0,39270.906,1.0
20.0,-560.0,39270.906,1.0
30.0,-560.0,39270.906,1.0
40.0,-560.0,39270.906,1.0
50.0,-560.0,39270.906,1.0
60.0,-560.0,39270.906,1.0
70.0,-560.0,39270.906,1.0
80.0,-560.0,39270.906,1.0
90.0,-560.0,4068.2764,0.0
100.0,-560.0,4009.5405,0.0
110.0,-560.0,3951.355,0.0
120.0,-560.0,3893.7183,0.0
130.0,-560.0,3836.6294,0.0
140.0,-560.0,3780.0898,0.0
150.0,-560.0,3724.0947,0.0
160.0,-560.0,3668.649,0.0
170.0,-560.0,3613.749,0.0
180.0,-560.0,3559.3958,0.0
190.0,-560.0,3505.5852,0.0
200.0,-560.0,3452.321,0.0
210.0,-560.0,3399.6006,0.0
220.0,-560.0,3347.4246,0.0
230.0,-560.0,3295.7905,0.0
240.0,-560.0,3244.6995,0.0
250.0,-560.0,3194.1519,0.0
260.0,-560.0,3144.1458,0.0
270.0,-560.0,3094.681,0.0
280.0,-560.0,3045.7573,0.0
290.0,-560.0,2997.373,0.0
300.0,-560.0,2949.5298,0.0
310.0,-560.0,2902.226,0.0
320.0,-560.0,2855.4614,0.0
330.0,-560.0,2809.2356,0.0
340.0,-560.0,2763.548,0.0
350.0,-560.0,2718.4,0.0
360.0,-560.0,2673.7888,0.0
370.0,-560.0,2629.7153,0.0
380.0,-560.0,2586.1782,0.0
390.0,-560.0,2543.1787,0.0
400.0,-560.0,2500.7144,0.0
410.0,-560.0,2458.7861,0.0
420.0,-560.0,2417.394,0.0
430.0,-560.0,2376.5366,0.0
440.0,-560.0,2336.2148,0.0
450.0,-560.0,2296.4268,0.0
460.0,-560.0,2257.1743,0.0
470.0,-560.0,2218.4546,0.0
480.0,-560.0,2180.268,0.0
490.0,-560.0,2142.6162,0.0
500.0,-560.0,2105.4963,0.0
510.0,-560.0,2068.91,0.0
520.0,-560.0,2032.8552,0.0
530.0,-560.0,1997.3331,0.0
540.0,-560.0,1962.3425,0.0
550.0,-560.0,1927.8838,0.0
560.0,-560.0,1893.9567,0.0
570.0,-560.0,1860.5598,0.0
580.0,-560.0,1827.6936,0.0
590.0,-560.0,1795.3589,0.0
600.0,-560.0,1763.554,0.0
610.0,-560.0,1732.2799,0.0
620.0,-560.0,1701.5344,0.0
630.0,-560.0,1671.3191,0.0
640.0,-560.0,1641.6338,0.0
650.0,-560.0,1612.4763,0.0
660.0,-560.0,1583.8494,0.0
670.0,-560.0,1555.7493,0.0
680.0,-560.0,1528.1788,0.0
690.0,-560.0,1501.1365,0.0
700.0,-560.0,1474.6229,0.0
710.0,-560.0,1448.6362,0.0
720.0,-560.0,1423.178,0.0
730.0,-560.0,1398.2468,0.0
740.0,-560.0,1373.843,0.0
750.0,-560.0,1349.9669,0.0
760.0,-560.0,1326.6174,0.0
770.0,-560.0,1303.7954,0.0
780.0,-560.0,1281.4996,0.0
790.0,-560.0,1259.7301,0.0
800.0,-560.0,1238.487,0.0
810.0,-560.0,1217.7708,0.0
820.0,-560.0,1197.5797,0.0
830.0,-560.0,1177.9149,0.0
840.0,-560.0,1158.7758,0.0
850.0,-560.0,1140.1631,0.0
860.0,-560.0,1122.0757,0.0
870.0,-560.0,1104.5135,0.0
880.0,-560.0,1087.4766,0.0
890.0,-560.0,1070.9636,0.0
900.0,-560.0,1054.9773,0.0
910.0,-560.0,1039.5156,0.0
920.0,-560.0,1024.5789,0.0
930.0,-560.0,1010.1665,0.0
940.0,-560.0,996.27856,0.0
950.0,-560.0,982.91565,0.0
960.0,-560.0,970.0768,0.0
970.0,-560.0,957.76263,0.0
980.0,-560.0,945.97186,0.0
990.0,-560.0,934.70544,0.0
1000.0,-560.0,923.96313,0.0
1010.0,-560.0,913.7452,0.0
1020.0,-560.0,904.0512,0.0
1030.0,-560.0,894.8805,0.0
1040.0,-560.0,886.23413,0.0
1050.0,-560.0,878.1111,0.0
1060.0,-560.0,870.51184,0.0
1070.0,-560.0,863.43536,0.0
1080.0,-560.0,856.8827,0.0
1090.0,-560.0,850.8533,0.0
1100.0,-560.0,845.3476,0.0
1110.0,-560.0,840.36536,0.0
1120.0,-560.0,835.90607,0.0
1130.0,-560.0,831.9699,0.0
1140.0,-560.0,828.55664,0.0
1150.0,-560.0,825.6673,0.0
1160.0,-560.0,823.30005,0.0
1170.0,-560.0,821.45636,0.0
1180.0,-560.0,820.1352,0.0
1190.0,-560.0,819.33704,0.0
1200.0,-560.0,819.0624,0.0
1210.0,-560.0,819.31055,0.0
1220.0,-560.0,820.08057,0.0
1230.0,-560.0,821.3737,0.0
1240.0,-560.0,823.18964,0.0
1250.0,-560.0,825.52844,0.0
1260.0,-560.0,828.3899,0.0
1270.0,-560.0,831.7742,0.0
1280.0,-560.0,835.68066,0.0
1290.0,-560.0,840.11005,0.0
1300.0,-560.0,845.06226,0.0
1310.0,-560.0,850.5365,0.0
1320.0,-560.0,856.53357,0.0
1330.0,-560.0,863.05304,0.0
1340.0,-560.0,870.09503,0.0
1350.0,-560.0,877.6598,0.0
1360.0,-560.0,885.74725,0.0
1370.0,-560.0,894.3571,0.0
1380.0,-560.0,903.48944,0.0
1390.0,-560.0,913.1436,0.0
1400.0,-560.0,923.32104,0.0
1410.0,-560.0,934.02026,0.0
1420.0,-560.0,945.24243,0.0
1430.0,-560.0,956.9867,0.0
1440.0,-560.0,969.25323,0.0
1450.0,-560.0,982.0413,0.0
1460.0,-560.0,995.3513,0.0
1470.0,-560.0,1009.1835,0.0
1480.0,-560.0,1023.53864,0.0
1490.0,-560.0,1038.4175,0.0
1500.0,-560.0,1053.819,0.0
1510.0,-560.0,1069.7427,0.0
1520.0,-560.0,1086.1888,0.0
1530.0,-560.0,1103.1564,0.0
1540.0,-560.0,1120.6472,0.0
1550.0,-560.0,1138.6606,0.0
1560.0,-560.0,1157.1962,0.0
1570.0,-560.0,1176.2545,0.0
1580.0,-560.0,1195.8352,0.0
1590.0,-560.0,1215.9381,0.0
1600.0,-560.0,1236.5635,0.0
1610.0,-560.0,1257.7106,0.0
1620.0,-560.0,1279.3811,0.0
1630.0,-560.0,1301.5732,0.0
1640.0,-560.0,1324.2878,0.0
1650.0,-560.0,1347.5248,0.0
1660.0,-560.0,1371.2847,0.0
1670.0,-560.0,1395.5667,0.0
1680.0,-560.0,1420.3711,0.0
1690.0,-560.0,1445.6973,0.0
1700.0,-560.0,1471.5464,0.0
1710.0,-560.0,1497.9175,0.0
1720.0,-560.0,1524.811,0.0
1730.0,-560.0,1552.2266,0.0
1740.0,-560.0,1580.1643,0.0
1750.0,-560.0,1608.6244,0.0
1760.0,-560.0,1637.6069,0.0
1770.0,-560.0,1667.1125,0.0
1780.0,-560.0,1697.1407,0.0
1790.0,-560.0,1727.6913,0.0
1800.0,-560.0,1758.7635,0.0
-200.0,-550.0,39270.906,1.0
-190.0,-550.0,39270.906,1.0
-180.0,-550.0,39270.906,1.0
-170.0,-550.0,39270.906,1.0
-160.0,-550.0,39270.906,1.0
-150.0,-550.0,39270.906,1.0
-140.0,-550.0,39270.906,1.0
-130.0,-550.0,39270.906,1.0
-120.0,-550.0,39270.906,1.0
-110.0,-550.0,39270.906,1.0
-100.0,-550.0,39270.906,1.0
-90.0,-550.0,39270.906,1.0
-80.0,-550.0,39270.906,1.0
-70.0,-550.0,39270.906,1.0
-60.0,-550.0,39270.906,1.0
-50.0,-550.0,39270.906,1.0
-40.0,-550.0,39270.906,1.0
-30.0,-550.0,39270.906,1.0
-20.0,-550.0,39270.906,1.0
-10.0,-550.0,39270.906,1.0
0.0,-550.0,39270.906,1.0
10.0,-550.0,39270.906,1.0
20.0,-550.0,39270.906,1.0
30.0,-550.0,39270.906,1.0
40.0,-550.0,39270.906,1.0
50.0,-550.0,39270.906,1.0
60.0,-550.0,39270.906,1.0
70.0,-550.0,39270.906,1.0
80.0,-550.0,4173.977,0.0
90.0,-550.0,4113.5806,0.0
100.0,-550.0,4053.7456,0.0
110.0,-550.0,3994.4702,0.0
120.0,-550.0,3935.7559,0.0
130.0,-550.0,3877.6,0.0
140.0,-550.0,3820.0032,0.0
150.0,-550.0,3762.9634,0.0
160.0,-550.0,3706.4824,0.0
170.0,-550.0,3650.558,0.0
180.0,-550.0,3595.19,0.0
190.0,-550.0,3540.3782,0.0
200.0,-550.0,3486.1223,0.0
210.0,-550.0,3432.4207,0.0
220.0,-550.0,3379.2744,0.0
230.0,-550.0,3326.68,0.0
240.0,-550.0,3274.6406,0.0
250.0,-550.0,3223.1523,0.0
260.0,-550.0,3172.219,0.0
270.0,-550.0,3121.835,0.0
280.0,-550.0,3072.004,0.0
290.0,-550.0,3022.723,0.0
300.0,-550.0,2973.9934,0.0
310.0,-550.0,2925.8137,0.0
320.0,-550.0,2878.184,0.0
330.0,-550.0,2831.1035,0.0
340.0,-550.0,2784.5708,0.0
350.0,-550.0,2738.5857,0.0
360.0,-550.0,2693.1511,0.0
370.0,-550.0,2648.2637,0.0
380.0,-550.0,2603.9224,0.0
390.0,-550.0,2560.129,0.0
400.0,-550.0,2516.8809,0.0
410.0,-550.0,2474.1792,0.0
420.0,-550.0,2432.0242,0.0
430.0,-550.0,2390.414,0.0
440.0,-550.0,2349.3486,0.0
450.0,-550.0,2308.8286,0.0
460.0,-550.0,2268.852,0.0
470.0,-550.0,2229.4204,0.0
480.0,-550.0,2190.5322,0.0
490.0,-550.0,2152.1865,0.0
500.0,-550.0,2114.3848,0.0
510.0,-550.0,2077.1257,0.0
520.0,-550.0,2040.4082,0.0
530.0,-550.0,2004.2341,0.0
540.0,-550.0,1968.6006,0.0
550.0,-550.0,1933.5095,0.0
560.0,-550.0,1898.9595,0.0
570.0,-550.0,1864.95,0.0
580.0,-550.0,1831.4817,0.0
590.0,-550.0,1798.5535,0.0
600.0,-550.0,1766.1661,0.0
610.0,-550.0,1734.3184,0.0
620.0,-550.0,1703.01,0.0
630.0,-550.0,1672.2417,0.0
640.0,-550.0,1642.0126,0.0
650.0,-550.0,1612.3213,0.0
660.0,-550.0,1583.1696,0.0
670.0,-550.0,1554.5564,0.0
680.0,-550.0,1526.4813,0.0
690.0,-550.0,1498.9443,0.0
700.0,-550.0,1471.9452,0.0
710.0,-550.0,1445.4844,0.0
720.0,-550.0,1419.5603,0.0
730.0,-550.0,1394.1741,0.0
740.0,-550.0,1369.3247,0.0
750.0,-550.0,1345.012,0.0
760.0,-550.0,1321.2366,0.0
770.0,-550.0,1297.9973,0.0
780.0,-550.0,1275.2944,0.0
790.0,-550.0,1253.1279,0.0
800.0,-550.0,1231.4973,0.0
810.0,-550.0,1210.4028,0.0
820.0,-550.0,1189.8435,0.0
830.0,-550.0,1169.8201,0.0
840.0,-550.0,1150.3322,0.0
850.0,-550.0,1131.3798,0.0
860.0,-550.0,1112.9626,0.0
870.0,-550.0,1095.0807,0.0
880.0,-550.0,1077.7329,0.0
890.0,-550.0,1060.9197,0.0
900.0,-550.0,1044.6415,0.0
910.0,-550.0,1028.898,0.0
920.0,-550.0,1013.68933,0.0
930.0,-550.0,999.01526,0.0
940.0,-550.0,984.8745,0.0
950.0,-550.0,971.2678,0.0
960.0,-550.0,958.19556,0.0
970.0,-550.0,945.65704,0.0
980.0,-550.0,933.652,0.0
990.0,-550.0,922.18054,0.0
1000.0,-550.0,911.2433,0.0
1010.0,-550.0,900.83923,0.0
1020.0,-550.0,890.96857,0.0
1030.0,-550.0,881.63135,0.0
1040.0,-550.0,872.82764,0.0
1050.0,-550.0,864.557,0.0
1060.0,-550.0,856.8192,0.0
1070.0,-550.0,849.61456,0.0
1080.0,-550.0,842.94275,0.0
1090.0,-550.0,836.8043,0.0
1100.0,-550.0,831.19836,0.0
1110.0,-550.0,826.12524,0.0
1120.0,-550.0,821.5853,0.0
1130.0,-550.0,817.5776,0.0
1140.0,-550.0,814.10266,0.0
1150.0,-550.0,811.16034,0.0
1160.0,-550.0,808.75024,0.0
1170.0,-550.0,806.8733,0.0
1180.0,-550.0,805.52875,0.0
1190.0,-550.0,804.71606,0.0
1200.0,-550.0,804.4364,0.0
1210.0,-550.0,804.6888,0.0
1220.0,-550.0,805.4733,0.0
1230.0,-550.0,806.7899,0.0
1240.0,-550.0,808.6393,0.0
1250.0,-550.0,811.0209,0.0
1260.0,-550.0,813.9341,0.0
1270.0,-550.0,817.3799,0.0
1280.0,-550.0,821.3576,0.0
1290.0,-550.0,825.86804,0.0
1300.0,-550.0,830.9098,0.0
1310.0,-550.0,836.48444,0.0
1320.0,-550.0,842.5905,0.0
1330.0,-550.0,849.22876,0.0
1340.0,-550.0,856.39886,0.0
1350.0,-550.0,864.1009,0.0
1360.0,-550.0,872.33545,0.0
1370.0,-550.0,881.10205,0.0
1380.0,-550.0,890.40045,0.0
1390.0,-550.0,900.2311,0.0
1400.0,-550.0,910.5929,0.0
1410.0,-550.0,921.4871,0.0
1420.0,-550.0,932.91296,0.0
1430.0,-550.0,944.871,0.0
1440.0,-550.0,957.36066,0.0
1450.0,-550.0,970.381,0.0
1460.0,-550.0,983.93274,0.0
1470.0,-550.0,998.0167,0.0
1480.0,-550.0,1012.63354,0.0
1490.0,-550.0,1027.7832,0.0
1500.0,-550.0,1043.4648,0.0
1510.0,-550.0,1059.6782,0.0
1520.0,-550.0,1076.4229,0.0
1530.0,-550.0,1093.6997,0.0
1540.0,-550.0,1111.5084,0.0
1550.0,-550.0,1129.8496,0.0
1560.0,-550.0,1148.7222,0.0
1570.0,-550.0,1168.1272,0.0
1580.0,-550.0,1188.0632,0.0
1590.0,-550.0,1208.532,0.0
1600.0,-550.0,1229.5328,0.0
1610.0,-550.0,1251.0652,0.0
1620.0,-550.0,1273.129,0.0
1630.0,-550.0,1295.7249,0.0
1640.0,-550.0,1318.8525,0.0
1650.0,-550.0,1342.513,0.0
1660.0,-550.0,1366.7048,0.0
1670.0,-550.0,1391.4275,0.0
1680.0,-550.0,1416.6831,0.0
1690.0,-550.0,1442.4708,0.0
1700.0,-550.0,1468.7894,0.0
1710.0,-550.0,1495.6414,0.0
1720.0,-550.0,1523.0234,0.0
1730.0,-550.0,1550.9369,0.0
1740.0,-550.0,1579.3835,0.0
1750.0,-550.0,1608.3613,0.0
1760.0,-550.0,1637.8721,0.0
1770.0,-550.0,1667.914,0.0
1780.0,-550.0,1698.4885,0.0
1790.0,-550.0,1729.5952,0.0
1800.0,-550.0,1761.2324,0.0
-200.0,-540.0,39270.906,1.0
-190.0,-540.0,39270.906,1.0
-180.0,-540.0,39270.906,1.0
-170.0,-540.0,39270.906,1.0
-160.0,-540.0,39270.906,1.0
-150.0,-540.0,39270.906,1.0
-140.0,-540.0,39270.906,1.0
-130.0,-540.0,39270.906,1.0
-120.0,-540.0,39270.906,1.0
-110.0,-540.0,39270.906,1.0
-100.0,-540.0,39270.906,1.0
-90.0,-540.0,39270.906,1.0
-80.0,-540.0,39270.906,1.0
-70.0,-540.0,39270.906,1.0
-60.0,-540.0,39270.906,1.0
-50.0,-540.0,39270.906,1.0
-40.0,-540.0,39270.906,1.0
-30.0,-540.0,39270.906,1.0
-20.0,-540.0,39270.906,1.0
-10.0,-540.0,39270.906,1.0
0.0,-540.0,39270.906,1.0
10.0,-540.0,39270.906,1.0
20.0,-540.0,39270.906,1.0
30.0,-540.0,39270.906,1.0
40.0,-540.0,39270.906,1.0
50.0,-540.0,39270.906,1.0
60.0,-540.0,39270.906,1.0
70.0,-540.0,39270.906,1.0
80.0,-540.0,4222.706,0.0
90.0,-540.0,4161.155,0.0
100.0,-540.0,4100.177,0.0
110.0,-540.0,4039.7708,0.0
120.0,-540.0,3979.936,0.0
130.0,-540.0,3920.6729,0.0
140.0,-540.0,3861.978,0.0
150.0,-540.0,3803.8525,0.0
160.0,-540.0,3746.2966,0.0
170.0,-540.0,3689.309,0.0
180.0,-540.0,3632.8887,0.0
190.0,-540.0,3577.0356,0.0
200.0,-540.0,3521.7488,0.0
210.0,-540.0,3467.0288,0.0
220.0,-540.0,3412.8743,0.0
230.0,-540.0,3359.2832,0.0
240.0,-540.0,3306.2578,0.0
250.0,-540.0,3253.7961,0.0
260.0,-540.0,3201.897,0.0
270.0,-540.0,3150.5618,0.0
280.0,-540.0,3099.7886,0.0
290.0,-540.0,3049.5767,0.0
300.0,-540.0,2999.9263,0.0
310.0,-540.0,2950.838,0.0
320.0,-540.0,2902.308,0.0
330.0,-540.0,2854.3398,0.0
340.0,-540.0,2806.9302,0.0
350.0,-540.0,2760.0796,0.0
360.0,-540.0,2713.7878,0.0
370.0,-540.0,2668.055,0.0
380.0,-540.0,2622.88,0.0
390.0,-540.0,2578.2622,0.0
400.0,-540.0,2534.2007,0.0
410.0,-540.0,2490.6973,0.0
420.0,-540.0,2447.7493,0.0
430.0,-540.0,2405.3584,0.0
440.0,-540.0,2363.5215,0.0
450.0,-540.0,2322.2412,0.0
460.0,-540.0,2281.5151,0.0
470.0,-540.0,2241.3433,0.0
480.0,-540.0,2201.726,0.0
490.0,-540.0,2162.662,0.0
500.0,-540.0,2124.1519,0.0
510.0,-540.0,2086.1948,0.0
520.0,-540.0,2048.7905,0.0
530.0,-540.0,2011.9385,0.0
540.0,-540.0,1975.6387,0.0
550.0,-540.0,1939.8916,0.0
560.0,-540.0,1904.6948,0.0
570.0,-540.0,1870.0505,0.0
580.0,-540.0,1835.9556,0.0
590.0,-540.0,1802.4128,0.0
600.0,-540.0,1769.4203,0.0
610.0,-540.0,1736.9778,0.0
620.0,-540.0,1705.0853,0.0
630.0,-540.0,1673.743,0.0
640.0,-540.0,1642.9497,0.0
650.0,-540.0,1612.7054,0.0
660.0,-540.0,1583.01,0.0
670.0,-540.0,1553.8635,0.0
680.0,-540.0,1525.2646,0.0
690.0,-540.0,1497.2148,0.0
700.0,-540.0,1469.713,0.0
710.0,-540.0,1442.7589,0.0
720.0,-540.0,1416.3528,0.0
730.0,-540.0,1390.4935,0.0
740.0,-540.0,1365.1816,0.0
750.0,-540.0,1340.4167,0.0
760.0,-540.0,1316.1987,0.0
770.0,-540.0,1292.5276,0.0
780.0,-540.0,1269.4027,0.0
790.0,-540.0,1246.824,0.0
800.0,-540.0,1224.7911,0.0
810.0,-540.0,1203.3042,0.0
820.0,-540.0,1182.364,0.0
830.0,-540.0,1161.968,0.0
840.0,-540.0,1142.1182,0.0
850.0,-540.0,1122.8135,0.0
860.0,-540.0,1104.0544,0.0
870.0,-540.0,1085.8401,0.0
880.0,-540.0,1068.1707,0.0
890.0,-540.0,1051.046,0.0
900.0,-540.0,1034.4658,0.0
910.0,-540.0,1018.4297,0.0
920.0,-540.0,1002.9391,0.0
930.0,-540.0,987.9922,0.0
940.0,-540.0,973.5897,0.0
950.0,-540.0,959.7306,0.0
960.0,-540.0,946.4162,0.0
970.0,-540.0,933.6452,0.0
980.0,-540.0,921.4176,0.0
990.0,-540.0,909.7341,0.0
1000.0,-540.0,898.5939,0.0
1010.0,-540.0,887.9968,0.0
1020.0,-540.0,877.94354,0.0
1030.0,-540.0,868.433,0.0
1040.0,-540.0,859.4662,0.0
1050.0,-540.0,851.04254,0.0
1060.0,-540.0,843.16174,0.0
1070.0,-540.0,835.8237,0.0
1080.0,-540.0,829.0281,0.0
1090.0,-540.0,822.7759,0.0
1100.0,-540.0,817.06635,0.0
1110.0,-540.0,811.89966,0.0
1120.0,-540.0,807.2754,0.0
1130.0,-540.0,803.1936,0.0
1140.0,-540.0,799.65454,0.0
1150.0,-540.0,796.6582,0.0
1160.0,-540.0,794.2036,0.0
1170.0,-540.0,792.2918,0.0
1180.0,-540.0,790.9227,0.0
1190.0,-540.0,790.095,0.0
1200.0,-540.0,789.81024,0.0
1210.0,-540.0,790.06757,0.0
1220.0,-540.0,790.86664,0.0
1230.0,-540.0,792.20776,0.0
1240.0,-540.0,794.09155,0.0
1250.0,-540.0,796.5172,0.0
1260.0,-540.0,799.48505,0.0
1270.0,-540.0,802.99475,0.0
1280.0,-540.0,807.0463,0.0
1290.0,-540.0,811.6399,0.0
1300.0,-540.0,816.7754,0.0
1310.0,-540.0,822.45306,0.0
1320.0,-540.0,828.67224,0.0
1330.0,-540.0,835.43384,0.0
1340.0,-540.0,842.737,0.0
1350.0,-540.0,850.58203,0.0
1360.0,-540.0,858.96906,0.0
1370.0,-540.0,867.8981,0.0
1380.0,-540.0,877.36865,0.0
1390.0,-540.0,887.38086,0.0
1400.0,-540.0,897.9352,0.0
1410.0,-540.0,909.0309,0.0
1420.0,-540.0,920.6688,0.0
1430.0,-540.0,932.84814,0.0
1440.0,-540.0,945.5681,0.0
1450.0,-540.0,958.82996,0.0
1460.0,-540.0,972.63275,0.0
1470.0,-540.0,986.97797,0.0
1480.0,-540.0,1001.8665,0.0
1490.0,-540.0,1017.29675,0.0
1500.0,-540.0,1033.2687,0.0
1510.0,-540.0,1049.782,0.0
1520.0,-540.0,1066.8369,0.0
1530.0,-540.0,1084.4344,0.0
1540.0,-540.0,1102.5728,0.0
1550.0,-540.0,1121.2532,0.0
1560.0,-540.0,1140.4761,0.0
1570.0,-540.0,1160.24,0.0
1580.0,-540.0,1180.5457,0.0
1590.0,-540.0,1201.3936,0.0
1600.0,-540.0,1222.7827,0.0
1610.0,-540.0,1244.7141,0.0
1620.0,-540.0,1267.1874,0.0
1630.0,-540.0,1290.2017,0.0
1640.0,-540.0,1313.7583,0.0
1650.0,-540.0,1337.856,0.0
1660.0,-540.0,1362.4961,0.0
1670.0,-540.0,1387.6775,0.0
1680.0,-540.0,1413.4006,0.0
1690.0,-540.0,1439.6661,0.0
1700.0,-540.0,1466.4722,0.0
1710.0,-540.0,1493.8203,0.0
1720.0,-540.0,1521.7106,0.0
1730.0,-540.0,1550.1421,0.0
1740.0,-540.0,1579.1152,0.0
1750.0,-540.0,1608.6306,0.0
1760.0,-540.0,1638.6881,0.0
1770.0,-540.0,1669.2871,0.0
1780.0,-540.0,1700.4282,0.0
1790.0,-540.0,1732.1104,0.0
1800.0,-540.0,1764.3342,0.0
-200.0,-530.0,39270.906,1.0
-190.0,-530.0,39270.906,1.0
-180.0,-530.0,39270.906,1.0
-170.0,-530.0,39270.906,1.0
-160.0,-530.0,39270.906,1.0
-150.0,-530.0,39270.906,1.0
-140.0,-530.0,39270.906,1.0
-130.0,-530.0,39270.906,1.0
-120.0,-530.0,39270.906,1.0
-110.0,-530.0,39270.906,1.0
-100.0,-530.0,39270.906,1.0
-90.0,-530.0,39270.906,1.0
-80.0,-530.0,39270.906,1.0
-70.0,-530.0,39270.906,1.0
-60.0,-530.0,39270.906,1.0
-50.0,-530.0,39270.906,1.0
-40.0,-530.0,39270.906,1.0
-30.0,-530.0,39270.906,1.0
-20.0,-530.0,39270.906,1.0
-10.0,-530.0,39270.906,1.0
0.0,-530.0,39270.906,1.0
10.0,-530.0,39270.906,1.0
20.0,-530.0,39270.906,1.0
30.0,-530.0,39270.906,1.0
40.0,-530.0,39270.906,1.0
50.0,-530.0,39270.906,1.0
60.0,-530.0,39270.906,1.0
70.0,-530.0,4337.2173,0.0
80.0,-530.0,4273.882,0.0
90.0,-530.0,4211.132,0.0
100.0,-530.0,4148.967,0.0
110.0,-530.0,4087.3857,0.0
120.0,-530.0,4026.3855,0.0
130.0,-530.0,3965.9702,0.0
140.0,-530.0,3906.1353,0.0
150.0,-530.0,3846.8813,0.0
160.0,-530.0,3788.208,0.0
170.0,-530.0,3730.1147,0.0
180.0,-530.0,3672.601,0.0
190.0,-530.0,3615.6665,0.0
200.0,-530.0,3559.309,0.0
210.0,-530.0,3503.5308,0.0
220.0,-530.0,3448.3276,0.0
230.0,-530.0,3393.7002,0.0
240.0,-530.0,3339.652,0.0
250.0,-530.0,3286.1768,0.0
260.0,-530.0,3233.2764,0.0
270.0,-530.0,3180.9507,0.0
280.0,-530.0,3129.1987,0.0
290.0,-530.0,3078.02,0.0
300.0,-530.0,3027.4146,0.0
310.0,-530.0,2977.38,0.0
320.0,-530.0,2927.917,0.0
330.0,-530.0,2879.0261,0.0
340.0,-530.0,2830.7046,0.0
350.0,-530.0,2782.9546,0.0
360.0,-530.0,2735.774,0.0
370.0,-530.0,2689.163,0.0
380.0,-530.0,2643.121,0.0
390.0,-530.0,2597.6477,0.0
400.0,-530.0,2552.7417,0.0
410.0,-530.0,2508.4043,0.0
420.0,-530.0,2464.6338,0.0
430.0,-530.0,2421.4307,0.0
440.0,-530.0,2378.7942,0.0
450.0,-530.0,2336.723,0.0
460.0,-530.0,2295.218,0.0
470.0,-530.0,2254.2783,0.0
480.0,-530.0,2213.9043,0.0
490.0,-530.0,2174.0942,0.0
500.0,-530.0,2134.8481,0.0
510.0,-530.0,2096.1663,0.0
520.0,-530.0,2058.048,0.0
530.0,-530.0,2020.4938,0.0
540.0,-530.0,1983.5013,0.0
550.0,-530.0,1947.0723,0.0
560.0,-530.0,1911.2058,0.0
570.0,-530.0,1875.9004,0.0
580.0,-530.0,1841.1567,0.0
590.0,-530.0,1806.9752,0.0
600.0,-530.0,1773.3552,0.0
610.0,-530.0,1740.2954,0.0
620.0,-530.0,1707.7954,0.0
630.0,-530.0,1675.8569,0.0
640.0,-530.0,1644.4777,0.0
650.0,-530.0,1613.6587,0.0
660.0,-530.0,1583.3999,0.0
670.0,-530.0,1553.6992,0.0
680.0,-530.0,1524.5573,0.0
690.0,-530.0,1495.9746,0.0
700.0,-530.0,1467.9512,0.0
710.0,-530.0,1440.4851,0.0
720.0,-530.0,1413.5779,0.0
730.0,-530.0,1387.2283,0.0
740.0,-530.0,1361.4363,0.0
750.0,-530.0,1336.2018,0.0
760.0,-530.0,1311.525,0.0
770.0,-530.0,1287.4045,0.0
780.0,-530.0,1263.8416,0.0
790.0,-530.0,1240.8353,0.0
800.0,-530.0,1218.385,0.0
810.0,-530.0,1196.491,0.0
820.0,-530.0,1175.1536,0.0
830.0,-530.0,1154.3728,0.0
840.0,-530.0,1134.1469,0.0
850.0,-530.0,1114.4766,0.0
860.0,-530.0,1095.3629,0.0
870.0,-530.0,1076.8042,0.0
880.0,-530.0,1058.8008,0.0
890.0,-530.0,1041.3524,0.0
900.0,-530.0,1024.4578,0.0
910.0,-530.0,1008.11896,0.0
920.0,-530.0,992.335,0.0
930.0,-530.0,977.10614,0.0
940.0,-530.0,962.4314,0.0
950.0,-530.0,948.31055,0.0
960.0,-530.0,934.74445,0.0
970.0,-530.0,921.7317,0.0
980.0,-530.0,909.2738,0.0
990.0,-530.0,897.36914,0.0
1000.0,-530.0,886.01874,0.0
1010.0,-530.0,875.2217,0.0
1020.0,-530.0,864.9783,0.0
1030.0,-530.0,855.2892,0.0
1040.0,-530.0,846.15283,0.0
1050.0,-530.0,837.56995,0.0
1060.0,-530.0,829.5404,0.0
1070.0,-530.0,822.0642,0.0
1080.0,-530.0,815.14056,0.0
1090.0,-530.0,808.77057,0.0
1100.0,-530.0,802.953,0.0
1110.0,-530.0,797.68896,0.0
1120.0,-530.0,792.97766,0.0
1130.0,-530.0,788.8193,0.0
1140.0,-530.0,785.21356,0.0
1150.0,-530.0,782.16016,0.0
1160.0,-530.0,779.66016,0.0
1170.0,-530.0,777.7125,0.0
1180.0,-530.0,776.317,0.0
1190.0,-530.0,775.4739,0.0
1200.0,-530.0,775.1841,0.0
1210.0,-530.0,775.44666,0.0
1220.0,-530.0,776.26086,0.0
1230.0,-530.0,777.6274,0.0
1240.0,-530.0,779.54675,0.0
1250.0,-530.0,782.01825,0.0
1260.0,-530.0,785.042,0.0
1270.0,-530.0,788.6185,0.0
1280.0,-530.0,792.7466,0.0
1290.0,-530.0,797.427,0.0
1300.0,-530.0,802.6595,0.0
1310.0,-530.0,808.44434,0.0
1320.0,-530.0,814.7814,0.0
1330.0,-530.0,821.6703,0.0
1340.0,-530.0,829.11145,0.0
1350.0,-530.0,837.10425,0.0
1360.0,-530.0,845.65015,0.0
1370.0,-530.0,854.7471,0.0
1380.0,-530.0,864.397,0.0
1390.0,-530.0,874.59814,0.0
1400.0,-530.0,885.3515,0.0
1410.0,-530.0,896.65704,0.0
1420.0,-530.0,908.5143,0.0
1430.0,-530.0,920.923,0.0
1440.0,-530.0,933.88336,0.0
1450.0,-530.0,947.39453,0.0
1460.0,-530.0,961.4584,0.0
1470.0,-530.0,976.07495,0.0
1480.0,-530.0,991.2445,0.0
1490.0,-530.0,1006.96594,0.0
1500.0,-530.0,1023.2394,0.0
1510.0,-530.0,1040.0642,0.0
1520.0,-530.0,1057.4412,0.0
1530.0,-530.0,1075.3702,0.0
1540.0,-530.0,1093.8518,0.0
1550.0,-530.0,1112.8848,0.0
1560.0,-530.0,1132.4702,0.0
1570.0,-530.0,1152.607,0.0
1580.0,-530.0,1173.2961,0.0
1590.0,-530.0,1194.5376,0.0
1600.0,-530.0,1216.3306,0.0
1610.0,-530.0,1238.6758,0.0
1620.0,-530.0,1261.5724,0.0
1630.0,-530.0,1285.0216,0.0
1640.0,-530.0,1309.0226,0.0
1650.0,-530.0,1333.5758,0.0
1660.0,-530.0,1358.6807,0.0
1670.0,-530.0,1384.3369,0.0
1680.0,-530.0,1410.5463,0.0
1690.0,-530.0,1437.3068,0.0
1700.0,-530.0,1464.6191,0.0
1710.0,-530.0,1492.4836,0.0
1720.0,-530.0,1520.8999,0.0
1730.0,-530.0,1549.8678,0.0
1740.0,-530.0,1579.3885,0.0
1750.0,-530.0,1609.4622,0.0
1760.0,-530.0,1640.0864,0.0
1770.0,-530.0,1671.2639,0.0
1780.0,-530.0,1702.9917,0.0
1790.0,-530.0,1735.2725,0.0
1800.0,-530.0,1768.1041,0.0
-200.0,-520.0,39270.906,1.0
-190.0,-520.0,39270.906,1.0
-180.0,-520.0,39270.906,1.0
-170.0,-520.0,39270.906,1.0
-160.0,-520.0,39270.906,1.0
-150.0,-520.0,39270.906,1.0
-140.0,-520.0,39270.906,1.0
-130.0,-520.0,39270.906,1.0
-120.0,-520.0,39270.906,1.0
-110.0,-520.0,39270.906,1.0
-100.0,-520.0,39270.906,1.0
-90.0,-520.0,39270.906,1.0
-80.0,-520.0,39270.906,1.0
-70.0,-520.0,39270.906,1.0
-60.0,-520.0,39270.906,1.0
-50.0,-520.0,39270.906,1.0
-40.0,-520.0,39270.906,1.0
-30.0,-520.0,39270.906,1.0
-20.0,-520.0,39270.906,1.0
-10.0,-520.0,39270.906,1.0
0.0,-520.0,39270.906,1.0
10.0,-520.0,39270.906,1.0
20.0,-520.0,39270.906,1.0
30.0,-520.0,39270.906,1.0
40.0,-520.0,39270.906,1.0
50.0,-520.0,39270.906,1.0
60.0,-520.0,39270.906,1.0
70.0,-520.0,4392.25,0.0
80.0,-520.0,4327.6533,0.0
90.0,-520.0,4263.6562,0.0
100.0,-520.0,4200.254,0.0
110.0,-520.0,4137.4497,0.0
120.0,-520.0,4075.2397,0.0
130.0,-520.0,4013.6245,0.0
140.0,-520.0,3952.604,0.0
150.0,-520.0,3892.1758,0.0
160.0,-520.0,3832.3403,0.0
170.0,-520.0,3773.0977,0.0
180.0,-520.0,3714.4473,0.0
190.0,-520.0,3656.3867,0.0
200.0,-520.0,3598.9163,0.0
210.0,-520.0,3542.0356,0.0
220.0,-520.0,3485.7441,0.0
230.0,-520.0,3430.0405,0.0
240.0,-520.0,3374.9248,0.0
250.0,-520.0,3320.397,0.0
260.0,-520.0,3266.4553,0.0
270.0,-520.0,3213.1008,0.0
280.0,-520.0,3160.3303,0.0
290.0,-520.0,3108.1465,0.0
300.0,-520.0,3056.5457,0.0
310.0,-520.0,3005.529,0.0
320.0,-520.0,2955.0972,0.0
330.0,-520.0,2905.2466,0.0
340.0,-520.0,2855.9785,0.0
350.0,-520.0,2807.291,0.0
360.0,-520.0,2759.188,0.0
370.0,-520.0,2711.6633,0.0
380.0,-520.0,2664.7207,0.0
390.0,-520.0,2618.358,0.0
400.0,-520.0,2572.5742,0.0
410.0,-520.0,2527.3699,0.0
420.0,-520.0,2482.7444,0.0
430.0,-520.0,2438.6978,0.0
440.0,-520.0,2395.2285,0.0
450.0,-520.0,2352.3372,0.0
460.0,-520.0,2310.023,0.0
470.0,-520.0,2268.2852,0.0
480.0,-520.0,2227.1238,0.0
490.0,-520.0,2186.5376,0.0
500.0,-520.0,2146.528,0.0
510.0,-520.0,2107.0933,0.0
520.0,-520.0,2068.2336,0.0
530.0,-520.0,2029.9481,0.0
540.0,-520.0,1992.2369,0.0
550.0,-520.0,1955.0994,0.0
560.0,-520.0,1918.5352,0.0
570.0,-520.0,1882.5447,0.0
580.0,-520.0,1847.1265,0.0
590.0,-520.0,1812.2809,0.0
600.0,-520.0,1778.0083,0.0
610.0,-520.0,1744.3065,0.0
620.0,-520.0,1711.177,0.0
630.0,-520.0,1678.6189,0.0
640.0,-520.0,1646.6318,0.0
650.0,-520.0,1615.2158,0.0
660.0,-520.0,1584.3698,0.0
670.0,-520.0,1554.0942,0.0
680.0,-520.0,1524.3885,0.0
690.0,-520.0,1495.2532,0.0
700.0,-520.0,1466.6865,0.0
710.0,-520.0,1438.689,0.0
720.0,-520.0,1411.2612,0.0
730.0,-520.0,1384.4021,0.0
740.0,-520.0,1358.1113,0.0
750.0,-520.0,1332.3889,0.0
760.0,-520.0,1307.2347,0.0
770.0,-520.0,1282.649,0.0
780.0,-520.0,1258.6307,0.0
790.0,-520.0,1235.1796,0.0
800.0,-520.0,1212.2965,0.0
810.0,-520.0,1189.9802,0.0
820.0,-520.0,1168.2308,0.0
830.0,-520.0,1147.0483,0.0
840.0,-520.0,1126.4327,0.0
850.0,-520.0,1106.383,0.0
860.0,-520.0,1086.9004,0.0
870.0,-520.0,1067.983,0.0
880.0,-520.0,1049.6328,0.0
890.0,-520.0,1031.8478,0.0
900.0,-520.0,1014.62854,0.0
910.0,-520.0,997.9745,0.0
920.0,-520.0,981.88635,0.0
930.0,-520.0,966.36414,0.0
940.0,-520.0,951.4065,0.0
950.0,-520.0,937.01385,0.0
960.0,-520.0,923.1863,0.0
970.0,-520.0,909.92334,0.0
980.0,-520.0,897.2254,0.0
990.0,-520.0,885.0919,0.0
1000.0,-520.0,873.5227,0.0
1010.0,-520.0,862.5181,0.0
1020.0,-520.0,852.07776,0.0
1030.0,-520.0,842.20166,0.0
1040.0,-520.0,832.88995,0.0
1050.0,-520.0,824.14185,0.0
1060.0,-520.0,815.958,0.0
1070.0,-520.0,808.3384,0.0
1080.0,-520.0,801.28125,0.0
1090.0,-520.0,794.789,0.0
1100.0,-520.0,788.85974,0.0
1110.0,-520.0,783.4944,0.0
1120.0,-520.0,778.69293,0.0
1130.0,-520.0,774.45447,0.0
1140.0,-520.0,770.77936,0.0
1150.0,-520.0,767.66766,0.0
1160.0,-520.0,765.1189,0.0
1170.0,-520.0,763.13403,0.0
1180.0,-520.0,761.7123,0.0
1190.0,-520.0,760.8533,0.0
1200.0,-520.0,760.55786,0.0
1210.0,-520.0,760.82544,0.0
1220.0,-520.0,761.6556,0.0
1230.0,-520.0,763.0486,0.0
1240.0,-520.0,765.00525,0.0
1250.0,-520.0,767.52423,0.0
1260.0,-520.0,770.60657,0.0
1270.0,-520.0,774.2513,0.0
1280.0,-520.0,778.45935,0.0
1290.0,-520.0,783.22986,0.0
1300.0,-520.0,788.5633,0.0
1310.0,-520.0,794.45966,0.0
1320.0,-520.0,800.9182,0.0
1330.0,-520.0,807.9398,0.0
1340.0,-520.0,815.5239,0.0
1350.0,-520.0,823.6714,0.0
1360.0,-520.0,832.3811,0.0
1370.0,-520.0,841.6533,0.0
1380.0,-520.0,851.4885,0.0
1390.0,-520.0,861.8861,0.0
1400.0,-520.0,872.8467,0.0
1410.0,-520.0,884.36914,0.0
1420.0,-520.0,896.4546,0.0
1430.0,-520.0,909.10187,0.0
1440.0,-520.0,922.31055,0.0
1450.0,-520.0,936.08246,0.0
1460.0,-520.0,950.41675,0.0
1470.0,-520.0,965.3158,0.0
1480.0,-520.0,980.77686,0.0
1490.0,-520.0,996.80054,0.0
1500.0,-520.0,1013.38654,0.0
1510.0,-520.0,1030.5349,0.0
1520.0,-520.0,1048.2465,0.0
1530.0,-520.0,1066.521,0.0
1540.0,-520.0,1085.3577,0.0
1550.0,-520.0,1104.7566,0.0
1560.0,-520.0,1124.7188,0.0
1570.0,-520.0,1145.2433,0.0
1580.0,-520.0,1166.33,0.0
1590.0,-520.0,1187.9796,0.0
1600.0,-520.0,1210.1921,0.0
1610.0,-520.0,1232.9673,0.0
1620.0,-520.0,1256.3046,0.0
1630.0,-520.0,1280.2046,0.0
1640.0,-520.0,1304.6674,0.0
1650.0,-520.0,1329.6931,0.0
1660.0,-520.0,1355.2806,0.0
1670.0,-520.0,1381.4307,0.0
1680.0,-520.0,1408.144,0.0
1690.0,-520.0,1435.4192,0.0
1700.0,-520.0,1463.2572,0.0
1710.0,-520.0,1491.6578,0.0
1720.0,-520.0,1520.6206,0.0
1730.0,-520.0,1550.1466,0.0
1740.0,-520.0,1580.2361,0.0
1750.0,-520.0,1610.8884,0.0
1760.0,-520.0,1642.1017,0.0
1770.0,-520.0,1673.8779,0.0
1780.0,-520.0,1706.2169,0.0
1790.0,-520.0,1739.1183,0.0
1800.0,-520.0,1772.5825,0.0
-200.0,-510.0,39270.906,1.0
-190.0,-510.0,39270.906,1.0
-180.0,-510.0,39270.906,1.0
-170.0,-510.0,39270.906,1.0
-160.0,-510.0,39270.906,1.0
-150.0,-510.0,39270.906,1.0
-140.0,-510.0,39270.906,1.0
-130.0,-510.0,39270.906,1.0
-120.0,-510.0,39270.906,1.0
-110.0,-510.0,39270.906,1.0
-100.0,-510.0,39270.906,1.0
-90.0,-510.0,39270.906,1.0
-80.0,-510.0,39270.906,1.0
-70.0,-510.0,39270.906,1.0
-60.0,-510.0,39270.906,1.0
-50.0,-510.0,39270.906,1.0
-40.0,-510.0,39270.906,1.0
-30.0,-510.0,39270.906,1.0
-20.0,-510.0,39270.906,1.0
-10.0,-510.0,39270.906,1.0
0.0,-510.0,39270.906,1.0
10.0,-510.0,39270.906,1.0
20.0,-510.0,39270.906,1.0
30.0,-510.0,39270.906,1.0
40.0,-510.0,39270.906,1.0
50.0,-510.0,39270.906,1.0
60.0,-510.0,4516.605,0.0
70.0,-510.0,4450.0845,0.0
80.0,-510.0,4384.177,0.0
90.0,-510.0,4318.8794,0.0
100.0,-510.0,4254.1914,0.0
110.0,-510.0,4190.113,0.0
120.0,-510.0,4126.643,0.0
130.0,-510.0,4063.7795,0.0
140.0,-510.0,4001.523,0.0
150.0,-510.0,3939.8735,0.0
160.0,-510.0,3878.829,0.0
170.0,-510.0,3818.3896,0.0
180.0,-510.0,3758.5542,0.0
190.0,-510.0,3699.3232,0.0
200.0,-510.0,3640.6943,0.0
210.0,-510.0,3582.667,0.0
220.0,-510.0,3525.2417,0.0
230.0,-510.0,3468.417,0.0
240.0,-510.0,3412.1934,0.0
250.0,-510.0,3356.569,0.0
260.0,-510.0,3301.544,0.0
270.0,-510.0,3247.1167,0.0
280.0,-510.0,3193.288,0.0
290.0,-510.0,3140.0579,0.0
300.0,-510.0,3087.4224,0.0
310.0,-510.0,3035.3835,0.0
320.0,-510.0,2983.9412,0.0
330.0,-510.0,2933.0933,0.0
340.0,-510.0,2882.839,0.0
350.0,-510.0,2833.18,0.0
360.0,-510.0,2784.1138,0.0
370.0,-510.0,2735.641,0.0
380.0,-510.0,2687.7605,0.0
390.0,-510.0,2640.4731,0.0
400.0,-510.0,2593.7754,0.0
410.0,-510.0,2547.67,0.0
420.0,-510.0,2502.1548,0.0
430.0,-510.0,2457.231,0.0
440.0,-510.0,2412.8958,0.0
450.0,-510.0,2369.151,0.0
460.0,-510.0,2325.9946,0.0
470.0,-510.0,2283.4268,0.0
480.0,-510.0,2241.4463,0.0
490.0,-510.0,2200.0552,0.0
500.0,-510.0,2159.2495,0.0
510.0,-510.0,2119.0322,0.0
520.0,-510.0,2079.401,0.0
530.0,-510.0,2040.3558,0.0
540.0,-510.0,2001.8959,0.0
550.0,-510.0,1964.0227,0.0
560.0,-510.0,1926.7335,0.0
570.0,-510.0,1890.03,0.0
580.0,-510.0,1853.9104,0.0
590.0,-510.0,1818.3752,0.0
600.0,-510.0,1783.4235,0.0
610.0,-510.0,1749.0554,0.0
620.0,-510.0,1715.2703,0.0
630.0,-510.0,1682.0682,0.0
640.0,-510.0,1649.4482,0.0
650.0,-510.0,1617.4108,0.0
660.0,-510.0,1585.956,0.0
670.0,-510.0,1555.0825,0.0
680.0,-510.0,1524.79,0.0
690.0,-510.0,1495.0792,0.0
700.0,-510.0,1465.9485,0.0
710.0,-510.0,1437.3992,0.0
720.0,-510.0,1409.4297,0.0
730.0,-510.0,1382.0406,0.0
740.0,-510.0,1355.2314,0.0
750.0,-510.0,1329.0022,0.0
760.0,-510.0,1303.3527,0.0
770.0,-510.0,1278.2821,0.0
780.0,-510.0,1253.7908,0.0
790.0,-510.0,1229.878,0.0
800.0,-510.0,1206.5444,0.0
810.0,-510.0,1183.7881,0.0
820.0,-510.0,1161.6108,0.0
830.0,-510.0,1140.0117,0.0
840.0,-510.0,1118.99,0.0
850.0,-510.0,1098.5465,0.0
860.0,-510.0,1078.6799,0.0
870.0,-510.0,1059.3912,0.0
880.0,-510.0,1040.6799,0.0
890.0,-510.0,1022.54517,0.0
900.0,-510.0,1004.9878,0.0
910.0,-510.0,988.00604,0.0
920.0,-510.0,971.6019,0.0
930.0,-510.0,955.77386,0.0
940.0,-510.0,940.5233,0.0
950.0,-510.0,925.84814,0.0
960.0,-510.0,911.74915,0.0
970.0,-510.0,898.22595,0.0
980.0,-510.0,885.2784,0.0
990.0,-510.0,872.9067,0.0
1000.0,-510.0,861.1106,0.0
1010.0,-510.0,849.8901,0.0
1020.0,-510.0,839.24475,0.0
1030.0,-510.0,829.17505,0.0
1040.0,-510.0,819.68054,0.0
1050.0,-510.0,810.7608,0.0
1060.0,-510.0,802.4165,0.0
1070.0,-510.0,794.6471,0.0
1080.0,-510.0,787.45264,0.0
1090.0,-510.0,780.83246,0.0
1100.0,-510.0,774.78735,0.0
1110.0,-510.0,769.317,0.0
1120.0,-510.0,764.42096,0.0
1130.0,-510.0,760.09955,0.0
1140.0,-510.0,756.3526,0.0
1150.0,-510.0,753.18024,0.0
1160.0,-510.0,750.58215,0.0
1170.0,-510.0,748.5578,0.0
1180.0,-510.0,747.1085,0.0
1190.0,-510.0,746.2329,0.0
1200.0,-510.0,745.9319,0.0
1210.0,-510.0,746.2047,0.0
1220.0,-510.0,747.05133,0.0
1230.0,-510.0,748.4719,0.0
1240.0,-510.0,750.4668,0.0
1250.0,-510.0,753.0355,0.0
1260.0,-510.0,756.17865,0.0
1270.0,-510.0,759.895,0.0
1280.0,-510.0,764.18555,0.0
1290.0,-510.0,769.04974,0.0
1300.0,-510.0,774.48755,0.0
1310.0,-510.0,780.49976,0.0
1320.0,-510.0,787.0852,0.0
1330.0,-510.0,794.244,0.0
1340.0,-510.0,801.9776,0.0
1350.0,-510.0,810.28455,0.0
1360.0,-510.0,819.16516,0.0
1370.0,-510.0,828.61945,0.0
1380.0,-510.0,838.6472,0.0
1390.0,-510.0,849.249,0.0
1400.0,-510.0,860.42444,0.0
1410.0,-510.0,872.1731,0.0
1420.0,-510.0,884.49506,0.0
1430.0,-510.0,897.3903,0.0
1440.0,-510.0,910.85834,0.0
1450.0,-510.0,924.8997,0.0
1460.0,-510.0,939.5165,0.0
1470.0,-510.0,954.70715,0.0
1480.0,-510.0,970.47205,0.0
1490.0,-510.0,986.8093,0.0
1500.0,-510.0,1003.72095,0.0
1510.0,-510.0,1021.20575,0.0
1520.0,-510.0,1039.2645,0.0
1530.0,-510.0,1057.897,0.0
1540.0,-510.0,1077.1033,0.0
1550.0,-510.0,1096.8826,0.0
1560.0,-510.0,1117.2363,0.0
1570.0,-510.0,1138.1633,0.0
1580.0,-510.0,1159.6641,0.0
1590.0,-510.0,1181.7383,0.0
1600.0,-510.0,1204.3868,0.0
1610.0,-510.0,1227.6086,0.0
1620.0,-510.0,1251.4036,0.0
1630.0,-510.0,1275.7722,0.0
1640.0,-510.0,1300.715,0.0
1650.0,-510.0,1326.2313,0.0
1660.0,-510.0,1352.3206,0.0
1670.0,-510.0,1378.984,0.0
1680.0,-510.0,1406.221,0.0
1690.0,-510.0,1434.031,0.0
1700.0,-510.0,1462.4154,0.0
1710.0,-510.0,1491.3721,0.0
1720.0,-510.0,1520.9044,0.0
1730.0,-510.0,1551.0098,0.0
1740.0,-510.0,1581.6895,0.0
1750.0,-510.0,1612.9419,0.0
1760.0,-510.0,1644.7678,0.0
1770.0,-510.0,1677.1682,0.0
1780.0,-510.0,1710.1414,0.0
1790.0,-510.0,1743.6884,0.0
1800.0,-510.0,1777.8091,0.0
-200.0,-500.0,39270.906,1.0
-190.0,-500.0,39270.906,1.0
-180.0,-500.0,39270.906,1.0
-170.0,-500.0,39270.906,1.0
-160.0,-500.0,39270.906,1.0
-150.0,-500.0,39270.906,1.0
-140.0,-500.0,39270.906,1.0
-130.0,-500.0,39270.906,1.0
-120.0,-500.0,39270.906,1.0
-110.0,-500.0,39270.906,1.0
-100.0,-500.0,39270.906,1.0
-90.0,-500.0,39270.906,1.0
-80.0,-500.0,39270.906,1.0
-70.0,-500.0,39270.906,1.0
-60.0,-500.0,39270.906,1.0
-50.0,-500.0,39270.906,1.0
-40.0,-500.0,39270.906,1.0
-30.0,-500.0,39270.906,1.0
-20.0,-500.0,39270.906,1.0
-10.0,-500.0,39270.906,1.0
0.0,-500.0,39270.906,1.0
10.0,-500.0,39270.906,1.0
20.0,-500.0,39270.906,1.0
30.0,-500.0,39270.906,1.0
40.0,-500.0,39270.906,1.0
50.0,-500.0,39270.906,1.0
60.0,-500.0,4578.8003,0.0
70.0,-500.0,4510.8994,0.0
80.0,-500.0,4443.623,0.0
90.0,-500.0,4376.9697,0.0
100.0,-500.0,4310.942,0.0
110.0,-500.0,4245.536,0.0
120.0,-500.0,4180.753,0.0
130.0,-500.0,4116.589,0.0
140.0,-500.0,4053.046,0.0
150.0,-500.0,3990.1223,0.0
160.0,-500.0,3927.818,0.0
170.0,-500.0,3866.132,0.0
180.0,-500.0,3805.0635,0.0
190.0,-500.0,3744.6116,0.0
200.0,-500.0,3684.775,0.0
210.0,-500.0,3625.5554,0.0
220.0,-500.0,3566.9492,0.0
230.0,-500.0,3508.9565,0.0
240.0,-500.0,3451.5767,0.0
250.0,-500.0,3394.812,0.0
260.0,-500.0,3338.6582,0.0
270.0,-500.0,3283.1147,0.0
280.0,-500.0,3228.1838,0.0
290.0,-500.0,3173.8618,0.0
300.0,-500.0,3120.1504,0.0
310.0,-500.0,3067.0474,0.0
320.0,-500.0,3014.5527,0.0
330.0,-500.0,2962.6655,0.0
340.0,-500.0,2911.3853,0.0
350.0,-500.0,2860.7134,0.0
360.0,-500.0,2810.647,0.0
370.0,-500.0,2761.185,0.0
380.0,-500.0,2712.3289,0.0
390.0,-500.0,2664.0774,0.0
400.0,-500.0,2616.4292,0.0
410.0,-500.0,2569.3853,0.0
420.0,-500.0,2522.9448,0.0
430.0,-500.0,2477.1064,0.0
440.0,-500.0,2431.871,0.0
450.0,-500.0,2387.2368,0.0
460.0,-500.0,2343.204,0.0
470.0,-500.0,2299.773,0.0
480.0,-500.0,2256.9404,0.0
490.0,-500.0,2214.709,0.0
500.0,-500.0,2173.0774,0.0
510.0,-500.0,2132.0444,0.0
520.0,-500.0,2091.6104,0.0
530.0,-500.0,2051.7747,0.0
540.0,-500.0,2012.5366,0.0
550.0,-500.0,1973.8962,0.0
560.0,-500.0,1935.8535,0.0
570.0,-500.0,1898.4072,0.0
580.0,-500.0,1861.5579,0.0
590.0,-500.0,1825.3042,0.0
600.0,-500.0,1789.6472,0.0
610.0,-500.0,1754.585,0.0
620.0,-500.0,1720.1177,0.0
630.0,-500.0,1686.2458,0.0
640.0,-500.0,1652.9675,0.0
650.0,-500.0,1620.284,0.0
660.0,-500.0,1588.1943,0.0
670.0,-500.0,1556.6982,0.0
680.0,-500.0,1525.7966,0.0
690.0,-500.0,1495.487,0.0
700.0,-500.0,1465.7703,0.0
710.0,-500.0,1436.6458,0.0
720.0,-500.0,1408.1129,0.0
730.0,-500.0,1380.1729,0.0
740.0,-500.0,1352.8246,0.0
750.0,-500.0,1326.0674,0.0
760.0,-500.0,1299.9022,0.0
770.0,-500.0,1274.3276,0.0
780.0,-500.0,1249.3438,0.0
790.0,-500.0,1224.9506,0.0
800.0,-500.0,1201.148,0.0
810.0,-500.0,1177.9353,0.0
820.0,-500.0,1155.3123,0.0
830.0,-500.0,1133.2795,0.0
840.0,-500.0,1111.8363,0.0
850.0,-500.0,1090.9822,0.0
860.0,-500.0,1070.717,0.0
870.0,-500.0,1051.0415,0.0
880.0,-500.0,1031.9541,0.0
890.0,-500.0,1013.4563,0.0
900.0,-500.0,995.5471,0.0
910.0,-500.0,978.22595,0.0
920.0,-500.0,961.4918,0.0
930.0,-500.0,945.3469,0.0
940.0,-500.0,929.79,0.0
950.0,-500.0,914.821,0.0
960.0,-500.0,900.4391,0.0
970.0,-500.0,886.645,0.0
980.0,-500.0,873.4385,0.0
990.0,-500.0,860.81903,0.0
1000.0,-500.0,848.78723,0.0
1010.0,-500.0,837.3422,0.0
1020.0,-500.0,826.4838,0.0
1030.0,-500.0,816.21277,0.0
1040.0,-500.0,806.5278,0.0
1050.0,-500.0,797.4298,0.0
1060.0,-500.0,788.91876,0.0
1070.0,-500.0,780.9939,0.0
1080.0,-500.0,773.65546,0.0
1090.0,-500.0,766.9032,0.0
1100.0,-500.0,760.7374,0.0
1110.0,-500.0,755.1573,0.0
1120.0,-500.0,750.1637,0.0
1130.0,-500.0,745.756,0.0
1140.0,-500.0,741.934,0.0
1150.0,-500.0,738.69836,0.0
1160.0,-500.0,736.0482,0.0
1170.0,-500.0,733.9838,0.0
1180.0,-500.0,732.5055,0.0
1190.0,-500.0,731.6128,0.0
1200.0,-500.0,731.30566,0.0
1210.0,-500.0,731.5845,0.0
1220.0,-500.0,732.448,0.0
1230.0,-500.0,733.8971,0.0
1240.0,-500.0,735.93207,0.0
1250.0,-500.0,738.55237,0.0
1260.0,-500.0,741.7579,0.0
1270.0,-500.0,745.5492,0.0
1280.0,-500.0,749.92523,0.0
1290.0,-500.0,754.8873,0.0
1300.0,-500.0,760.4342,0.0
1310.0,-500.0,766.56616,0.0
1320.0,-500.0,773.28357,0.0
1330.0,-500.0,780.58606,0.0
1340.0,-500.0,788.47424,0.0
1350.0,-500.0,796.9475,0.0
1360.0,-500.0,806.00574,0.0
1370.0,-500.0,815.64905,0.0
1380.0,-500.0,825.8777,0.0
1390.0,-500.0,836.6916,0.0
1400.0,-500.0,848.09033,0.0
1410.0,-500.0,860.074,0.0
1420.0,-500.0,872.6427,0.0
1430.0,-500.0,885.7948,0.0
1440.0,-500.0,899.5321,0.0
1450.0,-500.0,913.8548,0.0
1460.0,-500.0,928.7651,0.0
1470.0,-500.0,944.2602,0.0
1480.0,-500.0,960.33984,0.0
1490.0,-500.0,977.00476,0.0
1500.0,-500.0,994.2535,0.0
1510.0,-500.0,1012.0884,0.0
1520.0,-500.0,1030.5083,0.0
1530.0,-500.0,1049.5139,0.0
1540.0,-500.0,1069.1042,0.0
1550.0,-500.0,1089.2794,0.0
1560.0,-500.0,1110.0399,0.0
1570.0,-500.0,1131.3857,0.0
1580.0,-500.0,1153.3162,0.0
1590.0,-500.0,1175.8318,0.0
1600.0,-500.0,1198.9332,0.0
1610.0,-500.0,1222.6194,0.0
1620.0,-500.0,1246.8909,0.0
1630.0,-500.0,1271.7471,0.0
1640.0,-500.0,1297.1888,0.0
1650.0,-500.0,1323.2156,0.0
1660.0,-500.0,1349.827,0.0
1670.0,-500.0,1377.0234,0.0
1680.0,-500.0,1404.8049,0.0
1690.0,-500.0,1433.1716,0.0
1700.0,-500.0,1462.1235,0.0
1710.0,-500.0,1491.6609,0.0
1720.0,-500.0,1521.7847,0.0
1730.0,-500.0,1552.4929,0.0
1740.0,-500.0,1583.7852,0.0
1750.0,-500.0,1615.6632,0.0
1760.0,-500.0,1648.1265,0.0
1770.0,-500.0,1681.1747,0.0
1780.0,-500.0,1714.8076,0.0
1790.0,-500.0,1749.0262,0.0
1800.0,-500.0,1783.8303,0.0
-200.0,-490.0,39270.906,1.0
-190.0,-490.0,39270.906,1.0
-180.0,-490.0,39270.906,1.0
-170.0,-490.0,39270.906,1.0
-160.0,-490.0,39270.906,1.0
-150.0,-490.0,39270.906,1.0
-140.0,-490.0,39270.906,1.0
-130.0,-490.0,39270.906,1.0
-120.0,-490.0,39270.906,1.0
-110.0,-490.0,39270.906,1.0
-100.0,-490.0,39270.906,1.0
-90.0,-490.0,39270.906,1.0
-80.0,-490.0,39270.906,1.0
-70.0,-490.0,39270.906,1.0
-60.0,-490.0,39270.906,1.0
-50.0,-490.0,39270.906,1.0
-40.0,-490.0,39270.906,1.0
-30.0,-490.0,39270.906,1.0
-20.0,-490.0,39270.906,1.0
-10.0,-490.0,39270.906,1.0
0.0,-490.0,39270.906,1.0
10.0,-490.0,39270.906,1.0
20.0,-490.0,39270.906,1.0
30.0,-490.0,39270.906,1.0
40.0,-490.0,39270.906,1.0
50.0,-490.0,39270.906,1.0
60.0,-490.0,4644.2236,0.0
70.0,-490.0,4574.881,0.0
80.0,-490.0,4506.1777,0.0
90.0,-490.0,4438.113,0.0
100.0,-490.0,4370.6855,0.0
110.0,-490.0,4303.8955,0.0
120.0,-490.0,4237.741,0.0
130.0,-490.0,4172.2217,0.0
140.0,-490.0,4107.3374,0.0
150.0,-490.0,4043.0852,0.0
160.0,-490.0,3979.4673,0.0
170.0,-490.0,3916.4807,0.0
180.0,-490.0,3854.126,0.0
190.0,-490.0,3792.4014,0.0
200.0,-490.0,3731.3071,0.0
210.0,-490.0,3670.8413,0.0
220.0,-490.0,3611.0044,0.0
230.0,-490.0,3551.795,0.0
240.0,-490.0,3493.2114,0.0
250.0,-490.0,3435.2554,0.0
260.0,-490.0,3377.9248,0.0
270.0,-490.0,3321.2192,0.0
280.0,-490.0,3265.1367,0.0
290.0,-490.0,3209.6797,0.0
300.0,-490.0,3154.8457,0.0
310.0,-490.0,3100.6338,0.0
320.0,-490.0,3047.0425,0.0
330.0,-490.0,2994.0728,0.0
340.0,-490.0,2941.7236,0.0
350.0,-490.0,2889.9946,0.0
360.0,-490.0,2838.8843,0.0
370.0,-490.0,2788.3936,0.0
380.0,-490.0,2738.52,0.0
390.0,-490.0,2689.2656,0.0
400.0,-490.0,2640.627,0.0
410.0,-490.0,2592.6045,0.0
420.0,-490.0,2545.1997,0.0
430.0,-490.0,2498.4097,0.0
440.0,-490.0,2452.2354,0.0
450.0,-490.0,2406.6758,0.0
460.0,-490.0,2361.7297,0.0
470.0,-490.0,2317.3977,0.0
480.0,-490.0,2273.6787,0.0
490.0,-490.0,2230.5728,0.0
500.0,-490.0,2188.0786,0.0
510.0,-490.0,2146.1968,0.0
520.0,-490.0,2104.9263,0.0
530.0,-490.0,2064.267,0.0
540.0,-490.0,2024.2185,0.0
550.0,-490.0,1984.7802,0.0
560.0,-490.0,1945.9519,0.0
570.0,-490.0,1907.7319,0.0
580.0,-490.0,1870.1227,0.0
590.0,-490.0,1833.1211,0.0
600.0,-490.0,1796.7272,0.0
610.0,-490.0,1760.9437,0.0
620.0,-490.0,1725.7661,0.0
630.0,-490.0,1691.1958,0.0
640.0,-490.0,1657.2329,0.0
650.0,-490.0,1623.877,0.0
660.0,-490.0,1591.1268,0.0
670.0,-490.0,1558.9827,0.0
680.0,-490.0,1527.4441,0.0
690.0,-490.0,1496.5121,0.0
700.0,-490.0,1466.1846,0.0
710.0,-490.0,1436.4617,0.0
720.0,-490.0,1407.343,0.0
730.0,-490.0,1378.8287,0.0
740.0,-490.0,1350.918,0.0
750.0,-490.0,1323.6128,0.0
760.0,-490.0,1296.9093,0.0
770.0,-490.0,1270.8109,0.0
780.0,-490.0,1245.3146,0.0
790.0,-490.0,1220.4209,0.0
800.0,-490.0,1196.1296,0.0
810.0,-490.0,1172.441,0.0
820.0,-490.0,1149.3551,0.0
830.0,-490.0,1126.8706,0.0
840.0,-490.0,1104.9883,0.0
850.0,-490.0,1083.707,0.0
860.0,-490.0,1063.0271,0.0
870.0,-490.0,1042.9482,0.0
880.0,-490.0,1023.4704,0.0
890.0,-490.0,1004.594,0.0
900.0,-490.0,986.3177,0.0
910.0,-490.0,968.64197,0.0
920.0,-490.0,951.5664,0.0
930.0,-490.0,935.0911,0.0
940.0,-490.0,919.2162,0.0
950.0,-490.0,903.94073,0.0
960.0,-490.0,889.26556,0.0
970.0,-490.0,875.1897,0.0
980.0,-490.0,861.7129,0.0
990.0,-490.0,848.83563,0.0
1000.0,-490.0,836.5577,0.0
1010.0,-490.0,824.8789,0.0
1020.0,-490.0,813.7989,0.0
1030.0,-490.0,803.3176,0.0
1040.0,-490.0,793.4356,0.0
1050.0,-490.0,784.15173,0.0
1060.0,-490.0,775.467,0.0
1070.0,-490.0,767.3801,0.0
1080.0,-490.0,759.8921,0.0
1090.0,-490.0,753.0021,0.0
1100.0,-490.0,746.71014,0.0
1110.0,-490.0,741.0168,0.0
1120.0,-490.0,735.92096,0.0
1130.0,-490.0,731.4236,0.0
1140.0,-490.0,727.52405,0.0
1150.0,-490.0,724.2222,0.0
1160.0,-490.0,721.5183,0.0
1170.0,-490.0,719.4123,0.0
1180.0,-490.0,717.9038,0.0
1190.0,-490.0,716.99243,0.0
1200.0,-490.0,716.6798,0.0
1210.0,-490.0,716.9642,0.0
1220.0,-490.0,717.8457,0.0
1230.0,-490.0,719.3241,0.0
1240.0,-490.0,721.40106,0.0
1250.0,-490.0,724.0749,0.0
1260.0,-490.0,727.3461,0.0
1270.0,-490.0,731.2142,0.0
1280.0,-490.0,735.6806,0.0
1290.0,-490.0,740.7434,0.0
1300.0,-490.0,746.40375,0.0
1310.0,-490.0,752.66125,0.0
1320.0,-490.0,759.51556,0.0
1330.0,-490.0,766.9678,0.0
1340.0,-490.0,775.0165,0.0
1350.0,-490.0,783.66284,0.0
1360.0,-490.0,792.90576,0.0
1370.0,-490.0,802.7464,0.0
1380.0,-490.0,813.18353,0.0
1390.0,-490.0,824.21814,0.0
1400.0,-490.0,835.8498,0.0
1410.0,-490.0,848.07764,0.0
1420.0,-490.0,860.9021,0.0
1430.0,-490.0,874.3233,0.0
1440.0,-490.0,888.3411,0.0
1450.0,-490.0,902.9573,0.0
1460.0,-490.0,918.1719,0.0
1470.0,-490.0,933.98254,0.0
1480.0,-490.0,950.39014,0.0
1490.0,-490.0,967.3948,0.0
1500.0,-490.0,984.9962,0.0
1510.0,-490.0,1003.1957,0.0
1520.0,-490.0,1021.9919,0.0
1530.0,-490.0,1041.3844,0.0
1540.0,-490.0,1061.3748,0.0
1550.0,-490.0,1081.9612,0.0
1560.0,-490.0,1103.1462,0.0
1570.0,-490.0,1124.9275,0.0
1580.0,-490.0,1147.3057,0.0
1590.0,-490.0,1170.2814,0.0
1600.0,-490.0,1193.8545,0.0
1610.0,-490.0,1218.0242,0.0
1620.0,-490.0,1242.791,0.0
1630.0,-490.0,1268.1549,0.0
1640.0,-490.0,1294.1152,0.0
1650.0,-490.0,1320.6733,0.0
1660.0,-490.0,1347.8279,0.0
1670.0,-490.0,1375.5802,0.0
1680.0,-490.0,1403.9288,0.0
1690.0,-490.0,1432.8745,0.0
1700.0,-490.0,1462.4182,0.0
1710.0,-490.0,1492.5591,0.0
1720.0,-490.0,1523.2976,0.0
1730.0,-490.0,1554.632,0.0
1740.0,-490.0,1586.5642,0.0
1750.0,-490.0,1619.093,0.0
1760.0,-490.0,1652.2191,0.0
1770.0,-490.0,1685.9417,0.0
1780.0,-490.0,1720.2612,0.0
1790.0,-490.0,1755.179,0.0
1800.0,-490.0,1790.6934,0.0
-200.0,-480.0,39270.906,1.0
-190.0,-480.0,39270.906,1.0
-180.0,-480.0,39270.906,1.0
-170.0,-480.0,39270.906,1.0
-160.0,-480.0,39270.906,1.0
-150.0,-480.0,39270.906,1.0
-140.0,-480.0,39270.906,1.0
-130.0,-480.0,39270.906,1.0
-120.0,-480.0,39270.906,1.0
-110.0,-480.0,39270.906,1.0
-100.0,-480.0,39270.906,1.0
-90.0,-480.0,39270.906,1.0
-80.0,-480.0,39270.906,1.0
-70.0,-480.0,39270.906,1.0
-60.0,-480.0,39270.906,1.0
-50.0,-480.0,39270.906,1.0
-40.0,-480.0,39270.906,1.0
-30.0,-480.0,39270.906,1.0
-20.0,-480.0,39270.906,1.0
-10.0,-480.0,39270.906,1.0
0.0,-480.0,39270.906,1.0
10.0,-480.0,39270.906,1.0
20.0,-480.0,39270.906,1.0
30.0,-480.0,39270.906,1.0
40.0,-480.0,39270.906,1.0
50.0,-480.0,4784.588,0.0
60.0,-480.0,4713.084,0.0
70.0,-480.0,4642.2354,0.0
80.0,-480.0,4572.042,0.0
90.0,-480.0,4502.502,0.0
100.0,-480.0,4433.6143,0.0
110.0,-480.0,4365.379,0.0
120.0,-480.0,4297.7935,0.0
130.0,-480.0,4230.8594,0.0
140.0,-480.0,4164.573,0.0
150.0,-480.0,4098.9355,0.0
160.0,-480.0,4033.9458,0.0
170.0,-480.0,3969.6035,0.0
180.0,-480.0,3905.906,0.0
190.0,-480.0,3842.8538,0.0
200.0,-480.0,3780.4456,0.0
210.0,-480.0,3718.6802,0.0
220.0,-480.0,3657.5588,0.0
230.0,-480.0,3597.079,0.0
240.0,-480.0,3537.2402,0.0
250.0,-480.0,3478.042,0.0
260.0,-480.0,3419.484,0.0
270.0,-480.0,3361.5647,0.0
280.0,-480.0,3304.2832,0.0
290.0,-480.0,3247.6396,0.0
300.0,-480.0,3191.6338,0.0
310.0,-480.0,3136.2642,0.0
320.0,-480.0,3081.5305,0.0
330.0,-480.0,3027.431,0.0
340.0,-480.0,2973.9658,0.0
350.0,-480.0,2921.1353,0.0
360.0,-480.0,2868.9375,0.0
370.0,-480.0,2817.3718,0.0
380.0,-480.0,2766.4387,0.0
390.0,-480.0,2716.1372,0.0
400.0,-480.0,2666.4653,0.0
410.0,-480.0,2617.424,0.0
420.0,-480.0,2569.0127,0.0
430.0,-480.0,2521.2305,0.0
440.0,-480.0,2474.0771,0.0
450.0,-480.0,2427.5515,0.0
460.0,-480.0,2381.654,0.0
470.0,-480.0,2336.383,0.0
480.0,-480.0,2291.7393,0.0
490.0,-480.0,2247.7212,0.0
500.0,-480.0,2204.3286,0.0
510.0,-480.0,2161.5615,0.0
520.0,-480.0,2119.4192,0.0
530.0,-480.0,2077.902,0.0
540.0,-480.0,2037.0076,0.0
550.0,-480.0,1996.737,0.0
560.0,-480.0,1957.09,0.0
570.0,-480.0,1918.0647,0.0
580.0,-480.0,1879.6626,0.0
590.0,-480.0,1841.8811,0.0
600.0,-480.0,1804.7216,0.0
610.0,-480.0,1768.1833,0.0
620.0,-480.0,1732.2656,0.0
630.0,-480.0,1696.9692,0.0
640.0,-480.0,1662.2913,0.0
650.0,-480.0,1628.2339,0.0
660.0,-480.0,1594.7952,0.0
670.0,-480.0,1561.9761,0.0
680.0,-480.0,1529.7754,0.0
690.0,-480.0,1498.1934,0.0
700.0,-480.0,1467.2288,0.0
710.0,-480.0,1436.8828,0.0
720.0,-480.0,1407.1538,0.0
730.0,-480.0,1378.041,0.0
740.0,-480.0,1349.5461,0.0
750.0,-480.0,1321.6675,0.0
760.0,-480.0,1294.4045,0.0
770.0,-480.0,1267.7589,0.0
780.0,-480.0,1241.7284,0.0
790.0,-480.0,1216.3137,0.0
800.0,-480.0,1191.5143,0.0
810.0,-480.0,1167.3301,0.0
820.0,-480.0,1143.7605,0.0
830.0,-480.0,1120.8057,0.0
840.0,-480.0,1098.4656,0.0
850.0,-480.0,1076.7393,0.0
860.0,-480.0,1055.6272,0.0
870.0,-480.0,1035.1287,0.0
880.0,-480.0,1015.24365,0.0
890.0,-480.0,995.9722,0.0
900.0,-480.0,977.3143,0.0
910.0,-480.0,959.2699,0.0
920.0,-480.0,941.83777,0.0
930.0,-480.0,925.01843,0.0
940.0,-480.0,908.81116,0.0
950.0,-480.0,893.2179,0.0
960.0,-480.0,878.2361,0.0
970.0,-480.0,863.86615,0.0
980.0,-480.0,850.1086,0.0
990.0,-480.0,836.9629,0.0
1000.0,-480.0,824.42834,0.0
1010.0,-480.0,812.50635,0.0
1020.0,-480.0,801.1953,0.0
1030.0,-480.0,790.4955,0.0
1040.0,-480.0,780.40717,0.0
1050.0,-480.0,770.9303,0.0
1060.0,-480.0,762.0643,0.0
1070.0,-480.0,753.8092,0.0
1080.0,-480.0,746.1653,0.0
1090.0,-480.0,739.1316,0.0
1100.0,-480.0,732.70856,0.0
1110.0,-480.0,726.89636,0.0
1120.0,-480.0,721.69525,0.0
1130.0,-480.0,717.104,0.0
1140.0,-480.0,713.1229,0.0
1150.0,-480.0,709.75256,0.0
1160.0,-480.0,706.99274,0.0
1170.0,-480.0,704.84216,0.0
1180.0,-480.0,703.30273,0.0
1190.0,-480.0,702.373,0.0
1200.0,-480.0,702.0532,0.0
1210.0,-480.0,702.34375,0.0
1220.0,-480.0,703.2439,0.0
1230.0,-480.0,704.7542,0.0
1240.0,-480.0,706.8737,0.0
1250.0,-480.0,709.6036,0.0
1260.0,-480.0,712.94293,0.0
1270.0,-480.0,716.89215,0.0
1280.0,-480.0,721.4516,0.0
1290.0,-480.0,726.62,0.0
1300.0,-480.0,732.3982,0.0
1310.0,-480.0,738.7859,0.0
1320.0,-480.0,745.78406,0.0
1330.0,-480.0,753.39087,0.0
1340.0,-480.0,761.6081,0.0
1350.0,-480.0,770.43384,0.0
1360.0,-480.0,779.86993,0.0
1370.0,-480.0,789.9154,0.0
1380.0,-480.0,800.5699,0.0
1390.0,-480.0,811.8347,0.0
1400.0,-480.0,823.7086,0.0
1410.0,-480.0,836.1909,0.0
1420.0,-480.0,849.2824,0.0
1430.0,-480.0,862.9827,0.0
1440.0,-480.0,877.293,0.0
1450.0,-480.0,892.214,0.0
1460.0,-480.0,907.7457,0.0
1470.0,-480.0,923.88586,0.0
1480.0,-480.0,940.63513,0.0
1490.0,-480.0,957.9942,0.0
1500.0,-480.0,975.96295,0.0
1510.0,-480.0,994.54114,0.0
1520.0,-480.0,1013.7289,0.0
1530.0,-480.0,1033.5264,0.0
1540.0,-480.0,1053.9324,0.0
1550.0,-480.0,1074.949,0.0
1560.0,-480.0,1096.5742,0.0
1570.0,-480.0,1118.81,0.0
1580.0,-480.0,1141.654,0.0
1590.0,-480.0,1165.1085,0.0
1600.0,-480.0,1189.1729,0.0
1610.0,-480.0,1213.8466,0.0
1620.0,-480.0,1239.1287,0.0
1630.0,-480.0,1265.0212,0.0
1640.0,-480.0,1291.523,0.0
1650.0,-480.0,1318.6344,0.0
1660.0,-480.0,1346.3547,0.0
1670.0,-480.0,1374.685,0.0
1680.0,-480.0,1403.6244,0.0
1690.0,-480.0,1433.1748,0.0
1700.0,-480.0,1463.3345,0.0
1710.0,-480.0,1494.1035,0.0
1720.0,-480.0,1525.482,0.0
1730.0,-480.0,1557.4702,0.0
1740.0,-480.0,1590.0673,0.0
1750.0,-480.0,1623.2739,0.0
1760.0,-480.0,1657.0905,0.0
1770.0,-480.0,1691.5159,0.0
1780.0,-480.0,1726.5516,0.0
1790.0,-480.0,1762.1963,0.0
1800.0,-480.0,1798.4526,0.0
-200.0,-470.0,39270.906,1.0
-190.0,-470.0,39270.906,1.0
-180.0,-470.0,39270.906,1.0
-170.0,-470.0,39270.906,1.0
-160.0,-470.0,39270.906,1.0
-150.0,-470.0,39270.906,1.0
-140.0,-470.0,39270.906,1.0
-130.0,-470.0,39270.906,1.0
-120.0,-470.0,39270.906,1.0
-110.0,-470.0,39270.906,1.0
-100.0,-470.0,39270.906,1.0
-90.0,-470.0,39270.906,1.0
-80.0,-470.0,39270.906,1.0
-70.0,-470.0,39270.906,1.0
-60.0,-470.0,39270.906,1.0
-50.0,-470.0,39270.906,1.0
-40.0,-470.0,39270.906,1.0
-30.0,-470.0,39270.906,1.0
-20.0,-470.0,39270.906,1.0
-10.0,-470.0,39270.906,1.0
0.0,-470.0,39270.906,1.0
10.0,-470.0,39270.906,1.0
20.0,-470.0,39270.906,1.0
30.0,-470.0,39270.906,1.0
40.0,-470.0,39270.906,1.0
50.0,-470.0,4858.702,0.0
60.0,-470.0,4785.609,0.0
70.0,-470.0,4713.1875,0.0
80.0,-470.0,4641.4346,0.0
90.0,-470.0,4570.3535,0.0
100.0,-470.0,4499.941,0.0
110.0,-470.0,4430.1943,0.0
120.0,-470.0,4361.115,0.0
130.0,-470.0,4292.701,0.0
140.0,-470.0,4224.952,0.0
150.0,-470.0,4157.865,0.0
160.0,-470.0,4091.4424,0.0
170.0,-470.0,4025.681,0.0
180.0,-470.0,3960.582,0.0
190.0,-470.0,3896.1426,0.0
200.0,-470.0,3832.3625,0.0
210.0,-470.0,3769.2412,0.0
220.0,-470.0,3706.7778,0.0
230.0,-470.0,3644.97,0.0
240.0,-470.0,3583.8198,0.0
250.0,-470.0,3523.3242,0.0
260.0,-470.0,3463.4834,0.0
270.0,-470.0,3404.2969,0.0
280.0,-470.0,3345.763,0.0
290.0,-470.0,3287.8828,0.0
300.0,-470.0,3230.6528,0.0
310.0,-470.0,3174.0747,0.0
320.0,-470.0,3118.1462,0.0
330.0,-470.0,3062.8682,0.0
340.0,-470.0,3008.2383,0.0
350.0,-470.0,2954.2566,0.0
360.0,-470.0,2900.9229,0.0
370.0,-470.0,2848.2363,0.0
380.0,-470.0,2796.1963,0.0
390.0,-470.0,2744.8022,0.0
400.0,-470.0,2694.0515,0.0
410.0,-470.0,2643.946,0.0
420.0,-470.0,2594.4854,0.0
430.0,-470.0,2545.6667,0.0
440.0,-470.0,2497.4912,0.0
450.0,-470.0,2449.959,0.0
460.0,-470.0,2403.0674,0.0
470.0,-470.0,2356.817,0.0
480.0,-470.0,2311.2078,0.0
490.0,-470.0,2266.238,0.0
500.0,-470.0,2221.908,0.0
510.0,-470.0,2178.218,0.0
520.0,-470.0,2135.1655,0.0
530.0,-470.0,2092.7517,0.0
540.0,-470.0,2050.9756,0.0
550.0,-470.0,2009.8364,0.0
560.0,-470.0,1969.3351,0.0
570.0,-470.0,1929.4692,0.0
580.0,-470.0,1890.2397,0.0
590.0,-470.0,1851.6459,0.0
600.0,-470.0,1813.6863,0.0
610.0,-470.0,1776.3623,0.0
620.0,-470.0,1739.6726,0.0
630.0,-470.0,1703.6162,0.0
640.0,-470.0,1668.1941,0.0
650.0,-470.0,1633.405,0.0
660.0,-470.0,1599.2487,0.0
670.0,-470.0,1565.7246,0.0
680.0,-470.0,1532.8328,0.0
690.0,-470.0,1500.5735,0.0
700.0,-470.0,1468.945,0.0
710.0,-470.0,1437.9473,0.0
720.0,-470.0,1407.582,0.0
730.0,-470.0,1377.846,0.0
740.0,-470.0,1348.74,0.0
750.0,-470.0,1320.2644,0.0
760.0,-470.0,1292.419,0.0
770.0,-470.0,1265.2026,0.0
780.0,-470.0,1238.6149,0.0
790.0,-470.0,1212.6565,0.0
800.0,-470.0,1187.3264,0.0
810.0,-470.0,1162.6252,0.0
820.0,-470.0,1138.552,0.0
830.0,-470.0,1115.1064,0.0
840.0,-470.0,1092.2886,0.0
850.0,-470.0,1070.0983,0.0
860.0,-470.0,1048.5358,0.0
870.0,-470.0,1027.5996,0.0
880.0,-470.0,1007.2902,0.0
890.0,-470.0,987.60754,0.0
900.0,-470.0,968.5511,0.0
910.0,-470.0,950.1217,0.0
920.0,-470.0,932.31805,0.0
930.0,-470.0,915.13934,0.0
940.0,-470.0,898.5867,0.0
950.0,-470.0,882.6601,0.0
960.0,-470.0,867.3598,0.0
970.0,-470.0,852.68384,0.0
980.0,-470.0,838.6332,0.0
990.0,-470.0,825.2068,0.0
1000.0,-470.0,812.40594,0.0
1010.0,-470.0,800.2298,0.0
1020.0,-470.0,788.67773,0.0
1030.0,-470.0,777.75037,0.0
1040.0,-470.0,767.44727,0.0
1050.0,-470.0,757.76843,0.0
1060.0,-470.0,748.7134,0.0
1070.0,-470.0,740.28284,0.0
1080.0,-470.0,732.4763,0.0
1090.0,-470.0,725.29333,0.0
1100.0,-470.0,718.73346,0.0
1110.0,-470.0,712.7976,0.0
1120.0,-470.0,707.4854,0.0
1130.0,-470.0,702.7969,0.0
1140.0,-470.0,698.7318,0.0
1150.0,-470.0,695.2897,0.0
1160.0,-470.0,692.4712,0.0
1170.0,-470.0,690.2753,0.0
1180.0,-470.0,688.70325,0.0
1190.0,-470.0,687.75323,0.0
1200.0,-470.0,687.42737,0.0
1210.0,-470.0,687.724,0.0
1220.0,-470.0,688.6434,0.0
1230.0,-470.0,690.18567,0.0
1240.0,-470.0,692.3508,0.0
1250.0,-470.0,695.13855,0.0
1260.0,-470.0,698.5497,0.0
1270.0,-470.0,702.583,0.0
1280.0,-470.0,707.239,0.0
1290.0,-470.0,712.51807,0.0
1300.0,-470.0,718.4191,0.0
1310.0,-470.0,724.94293,0.0
1320.0,-470.0,732.0892,0.0
1330.0,-470.0,739.8586,0.0
1340.0,-470.0,748.2504,0.0
1350.0,-470.0,757.26447,0.0
1360.0,-470.0,766.9012,0.0
1370.0,-470.0,777.1605,0.0
1380.0,-470.0,788.04205,0.0
1390.0,-470.0,799.54614,0.0
1400.0,-470.0,811.67267,0.0
1410.0,-470.0,824.42053,0.0
1420.0,-470.0,837.7903,0.0
1430.0,-470.0,851.7821,0.0
1440.0,-470.0,866.3982,0.0
1450.0,-470.0,881.6371,0.0
1460.0,-470.0,897.49854,0.0
1470.0,-470.0,913.9821,0.0
1480.0,-470.0,931.0879,0.0
1490.0,-470.0,948.8163,0.0
1500.0,-470.0,967.1674,0.0
1510.0,-470.0,986.14087,0.0
1520.0,-470.0,1005.73694,0.0
1530.0,-470.0,1025.9553,0.0
1540.0,-470.0,1046.7961,0.0
1550.0,-470.0,1068.2599,0.0
1560.0,-470.0,1090.3453,0.0
1570.0,-470.0,1113.0542,0.0
1580.0,-470.0,1136.3844,0.0
1590.0,-470.0,1160.3379,0.0
1600.0,-470.0,1184.9142,0.0
1610.0,-470.0,1210.1127,0.0
1620.0,-470.0,1235.9336,0.0
1630.0,-470.0,1262.3765,0.0
1640.0,-470.0,1289.4429,0.0
1650.0,-470.0,1317.1305,0.0
1660.0,-470.0,1345.4409,0.0
1670.0,-470.0,1374.3743,0.0
1680.0,-470.0,1403.9307,0.0
1690.0,-470.0,1434.1095,0.0
1700.0,-470.0,1464.9116,0.0
1710.0,-470.0,1496.3352,0.0
1720.0,-470.0,1528.3811,0.0
1730.0,-470.0,1561.0503,0.0
1740.0,-470.0,1594.3413,0.0
1750.0,-470.0,1628.2556,0.0
1760.0,-470.0,1662.7913,0.0
1770.0,-470.0,1697.95,0.0
1780.0,-470.0,1733.731,0.0
1790.0,-470.0,1770.1354,0.0
1800.0,-470.0,1807.163,0.0
-200.0,-460.0,39270.906,1.0
-190.0,-460.0,39270.906,1.0
-180.0,-460.0,39270.906,1.0
-170.0,-460.0,39270.906,1.0
-160.0,-460.0,39270.906,1.0
-150.0,-460.0,39270.906,1.0
-140.0,-460.0,39270.906,1.0
-130.0,-460.0,39270.906,1.0
-120.0,-460.0,39270.906,1.0
-110.0,-460.0,39270.906,1.0
-100.0,-460.0,39270.906,1.0
-90.0,-460.0,39270.906,1.0
-80.0,-460.0,39270.906,1.0
-70.0,-460.0,39270.906,1.0
-60.0,-460.0,39270.906,1.0
-50.0,-460.0,39270.906,1.0
-40.0,-460.0,39270.906,1.0
-30.0,-460.0,39270.906,1.0
-20.0,-460.0,39270.906,1.0
-10.0,-460.0,39270.906,1.0
0.0,-460.0,39270.906,1.0
10.0,-460.0,39270.906,1.0
20.0,-460.0,39270.906,1.0
30.0,-460.0,39270.906,1.0
40.0,-460.0,5012.252,0.0
50.0,-460.0,4936.8066,0.0
60.0,-460.0,4862.0493,0.0
70.0,-460.0,4787.9805,0.0
80.0,-460.0,4714.5996,0.0
90.0,-460.0,4641.9043,0.0
100.0,-460.0,4569.8955,0.0
110.0,-460.0,4498.5684,0.0
120.0,-460.0,4427.9253,0.0
130.0,-460.0,4357.964,0.0
140.0,-460.0,4288.682,0.0
150.0,-460.0,4220.082,0.0
160.0,-460.0,4152.1597,0.0
170.0,-460.0,4084.9167,0.0
180.0,-460.0,4018.3503,0.0
190.0,-460.0,3952.4595,0.0
200.0,-460.0,3887.2446,0.0
210.0,-460.0,3822.7048,0.0
220.0,-460.0,3758.8381,0.0
230.0,-460.0,3695.6428,0.0
240.0,-460.0,3633.121,0.0
250.0,-460.0,3571.2705,0.0
260.0,-460.0,3510.0894,0.0
270.0,-460.0,3449.5776,0.0
280.0,-460.0,3389.7349,0.0
290.0,-460.0,3330.56,0.0
300.0,-460.0,3272.0525,0.0
310.0,-460.0,3214.2097,0.0
320.0,-460.0,3157.0347,0.0
330.0,-460.0,3100.524,0.0
340.0,-460.0,3044.6758,0.0
350.0,-460.0,2989.4922,0.0
360.0,-460.0,2934.9712,0.0
370.0,-460.0,2881.113,0.0
380.0,-460.0,2827.916,0.0
390.0,-460.0,2775.38,0.0
400.0,-460.0,2723.5022,0.0
410.0,-460.0,2672.2856,0.0
420.0,-460.0,2621.7278,0.0
430.0,-460.0,2571.8274,0.0
440.0,-460.0,2522.585,0.0
450.0,-460.0,2473.999,0.0
460.0,-460.0,2426.0693,0.0
470.0,-460.0,2378.7966,0.0
480.0,-460.0,2332.1777,0.0
490.0,-460.0,2286.2144,0.0
500.0,-460.0,2240.9058,0.0
510.0,-460.0,2196.25,0.0
520.0,-460.0,2152.2483,0.0
530.0,-460.0,2108.8984,0.0
540.0,-460.0,2066.2012,0.0
550.0,-460.0,2024.1545,0.0
560.0,-460.0,1982.761,0.0
570.0,-460.0,1942.0176,0.0
580.0,-460.0,1901.924,0.0
590.0,-460.0,1862.481,0.0
600.0,-460.0,1823.6866,0.0
610.0,-460.0,1785.5421,0.0
620.0,-460.0,1748.0454,0.0
630.0,-460.0,1711.1969,0.0
640.0,-460.0,1674.9968,0.0
650.0,-460.0,1639.4436,0.0
660.0,-460.0,1604.538,0.0
670.0,-460.0,1570.2784,0.0
680.0,-460.0,1536.6648,0.0
690.0,-460.0,1503.698,0.0
700.0,-460.0,1471.3763,0.0
710.0,-460.0,1439.7003,0.0
720.0,-460.0,1408.6688,0.0
730.0,-460.0,1378.2825,0.0
740.0,-460.0,1348.5392,0.0
750.0,-460.0,1319.4407,0.0
760.0,-460.0,1290.9849,0.0
770.0,-460.0,1263.1733,0.0
780.0,-460.0,1236.0042,0.0
790.0,-460.0,1209.4786,0.0
800.0,-460.0,1183.5944,0.0
810.0,-460.0,1158.3538,0.0
820.0,-460.0,1133.7544,0.0
830.0,-460.0,1109.7972,0.0
840.0,-460.0,1086.4814,0.0
850.0,-460.0,1063.8066,0.0
860.0,-460.0,1041.7728,0.0
870.0,-460.0,1020.38,0.0
880.0,-460.0,999.628,0.0
890.0,-460.0,979.5159,0.0
900.0,-460.0,960.04346,0.0
910.0,-460.0,941.2124,0.0
920.0,-460.0,923.02026,0.0
930.0,-460.0,905.4679,0.0
940.0,-460.0,888.5546,0.0
950.0,-460.0,872.2809,0.0
960.0,-460.0,856.6467,0.0
970.0,-460.0,841.6515,0.0
980.0,-460.0,827.29456,0.0
990.0,-460.0,813.5763,0.0
1000.0,-460.0,800.4967,0.0
1010.0,-460.0,788.0551,0.0
1020.0,-460.0,776.2517,0.0
1030.0,-460.0,765.0868,0.0
1040.0,-460.0,754.5596,0.0
1050.0,-460.0,744.6704,0.0
1060.0,-460.0,735.41833,0.0
1070.0,-460.0,726.8047,0.0
1080.0,-460.0,718.8279,0.0
1090.0,-460.0,711.4885,0.0
1100.0,-460.0,704.78687,0.0
1110.0,-460.0,698.72205,0.0
1120.0,-460.0,693.29456,0.0
1130.0,-460.0,688.50415,0.0
1140.0,-460.0,684.35046,0.0
1150.0,-460.0,680.8335,0.0
1160.0,-460.0,677.9537,0.0
1170.0,-460.0,675.7107,0.0
1180.0,-460.0,674.1041,0.0
1190.0,-460.0,673.1342,0.0
1200.0,-460.0,672.80133,0.0
1210.0,-460.0,673.1046,0.0
1220.0,-460.0,674.04443,0.0
1230.0,-460.0,675.6201,0.0
1240.0,-460.0,677.8325,0.0
1250.0,-460.0,680.68085,0.0
1260.0,-460.0,684.1663,0.0
1270.0,-460.0,688.2875,0.0
1280.0,-460.0,693.045,0.0
1290.0,-460.0,698.4385,0.0
1300.0,-460.0,704.46814,0.0
1310.0,-460.0,711.1334,0.0
1320.0,-460.0,718.4359,0.0
1330.0,-460.0,726.3741,0.0
1340.0,-460.0,734.94836,0.0
1350.0,-460.0,744.1585,0.0
1360.0,-460.0,754.005,0.0
1370.0,-460.0,764.4868,0.0
1380.0,-460.0,775.60535,0.0
1390.0,-460.0,787.3594,0.0
1400.0,-460.0,799.749,0.0
1410.0,-460.0,812.7738,0.0
1420.0,-460.0,826.4341,0.0
1430.0,-460.0,840.7307,0.0
1440.0,-460.0,855.6648,0.0
1450.0,-460.0,871.23535,0.0
1460.0,-460.0,887.4414,0.0
1470.0,-460.0,904.2831,0.0
1480.0,-460.0,921.76105,0.0
1490.0,-460.0,939.8749,0.0
1500.0,-460.0,958.6251,0.0
1510.0,-460.0,978.01086,0.0
1520.0,-460.0,998.03296,0.0
1530.0,-460.0,1018.69055,0.0
1540.0,-460.0,1039.9849,0.0
1550.0,-460.0,1061.9152,0.0
1560.0,-460.0,1084.4807,0.0
1570.0,-460.0,1107.683,0.0
1580.0,-460.0,1131.521,0.0
1590.0,-460.0,1155.9952,0.0
1600.0,-460.0,1181.1064,0.0
1610.0,-460.0,1206.8517,0.0
1620.0,-460.0,1233.2341,0.0
1630.0,-460.0,1260.2529,0.0
1640.0,-460.0,1287.9066,0.0
1650.0,-460.0,1316.1965,0.0
1660.0,-460.0,1345.1229,0.0
1670.0,-460.0,1374.6859,0.0
1680.0,-460.0,1404.8851,0.0
1690.0,-460.0,1435.7213,0.0
1700.0,-460.0,1467.1921,0.0
1710.0,-460.0,1499.2996,0.0
1720.0,-460.0,1532.0425,0.0
1730.0,-460.0,1565.4216,0.0
1740.0,-460.0,1599.4373,0.0
1750.0,-460.0,1634.0884,0.0
1760.0,-460.0,1669.376,0.0
1770.0,-460.0,1705.2997,0.0
1780.0,-460.0,1741.8594,0.0
1790.0,-460.0,1779.0557,0.0
1800.0,-460.0,1816.8875,0.0
-200.0,-450.0,39270.906,1.0
-190.0,-450.0,39270.906,1.0
-180.0,-450.0,39270.906,1.0
-170.0,-450.0,39270.906,1.0
-160.0,-450.0,39270.906,1.0
-150.0,-450.0,39270.906,1.0
-140.0,-450.0,39270.906,1.0
-130.0,-450.0,39270.906,1.0
-120.0,-450.0,39270.906,1.0
-110.0,-450.0,39270.906,1.0
-100.0,-450.0,39270.906,1.0
-90.0,-450.0,39270.906,1.0
-80.0,-450.0,39270.906,1.0
-70.0,-450.0,39270.906,1.0
-60.0,-450.0,39270.906,1.0
-50.0,-450.0,39270.906,1.0
-40.0,-450.0,39270.906,1.0
-30.0,-450.0,39270.906,1.0
-20.0,-450.0,39270.906,1.0
-10.0,-450.0,39270.906,1.0
0.0,-450.0,39270.906,1.0
10.0,-450.0,39270.906,1.0
20.0,-450.0,39270.906,1.0
30.0,-450.0,39270.906,1.0
40.0,-450.0,5096.382,0.0
50.0,-450.0,5019.175,0.0
60.0,-450.0,4942.6763,0.0
70.0,-450.0,4866.884,0.0
80.0,-450.0,4791.796,0.0
90.0,-450.0,4717.411,0.0
100.0,-450.0,4643.7285,0.0
110.0,-450.0,4570.747,0.0
120.0,-450.0,4498.467,0.0
130.0,-450.0,4426.8843,0.0
140.0,-450.0,4356.0,0.0
150.0,-450.0,4285.8115,0.0
160.0,-450.0,4216.3223,0.0
170.0,-450.0,4147.5254,0.0
180.0,-450.0,4079.4248,0.0
190.0,-450.0,4012.0146,0.0
200.0,-450.0,3945.2983,0.0
210.0,-450.0,3879.2727,0.0
220.0,-450.0,3813.9375,0.0
230.0,-450.0,3749.2913,0.0
240.0,-450.0,3685.3333,0.0
250.0,-450.0,3622.063,0.0
260.0,-450.0,3559.4795,0.0
270.0,-450.0,3497.5815,0.0
280.0,-450.0,3436.368,0.0
290.0,-450.0,3375.8394,0.0
300.0,-450.0,3315.9932,0.0
310.0,-450.0,3256.83,0.0
320.0,-450.0,3198.3486,0.0
330.0,-450.0,3140.5483,0.0
340.0,-450.0,3083.4272,0.0
350.0,-450.0,3026.9858,0.0
360.0,-450.0,2971.223,0.0
370.0,-450.0,2916.1392,0.0
380.0,-450.0,2861.7312,0.0
390.0,-450.0,2808.001,0.0
400.0,-450.0,2754.9456,0.0
410.0,-450.0,2702.5654,0.0
420.0,-450.0,2650.8599,0.0
430.0,-450.0,2599.8281,0.0
440.0,-450.0,2549.4692,0.0
450.0,-450.0,2499.7827,0.0
460.0,-450.0,2450.768,0.0
470.0,-450.0,2402.4248,0.0
480.0,-450.0,2354.753,0.0
490.0,-450.0,2307.7493,0.0
500.0,-450.0,2261.4163,0.0
510.0,-450.0,2215.7522,0.0
520.0,-450.0,2170.7573,0.0
530.0,-450.0,2126.4287,0.0
540.0,-450.0,2082.7686,0.0
550.0,-450.0,2039.7747,0.0
560.0,-450.0,1997.4478,0.0
570.0,-450.0,1955.7859,0.0
580.0,-450.0,1914.7899,0.0
590.0,-450.0,1874.4587,0.0
600.0,-450.0,1834.792,0.0
610.0,-450.0,1795.7892,0.0
620.0,-450.0,1757.45,0.0
630.0,-450.0,1719.7744,0.0
640.0,-450.0,1682.7603,0.0
650.0,-450.0,1646.4088,0.0
660.0,-450.0,1610.7192,0.0
670.0,-450.0,1575.6912,0.0
680.0,-450.0,1541.3242,0.0
690.0,-450.0,1507.6174,0.0
700.0,-450.0,1474.571,0.0
710.0,-450.0,1442.1855,0.0
720.0,-450.0,1410.4589,0.0
730.0,-450.0,1379.3911,0.0
740.0,-450.0,1348.9832,0.0
750.0,-450.0,1319.2334,0.0
760.0,-450.0,1290.1414,0.0
770.0,-450.0,1261.707,0.0
780.0,-450.0,1233.9304,0.0
790.0,-450.0,1206.8116,0.0
800.0,-450.0,1180.3499,0.0
810.0,-450.0,1154.5444,0.0
820.0,-450.0,1129.3962,0.0
830.0,-450.0,1104.9038,0.0
840.0,-450.0,1081.0673,0.0
850.0,-450.0,1057.8865,0.0
860.0,-450.0,1035.3611,0.0
870.0,-450.0,1013.49097,0.0
880.0,-450.0,992.27563,0.0
890.0,-450.0,971.71545,0.0
900.0,-450.0,951.8088,0.0
910.0,-450.0,932.5576,0.0
920.0,-450.0,913.9606,0.0
930.0,-450.0,896.0168,0.0
940.0,-450.0,878.72736,0.0
950.0,-450.0,862.0907,0.0
960.0,-450.0,846.1084,0.0
970.0,-450.0,830.7789,0.0
980.0,-450.0,816.10284,0.0
990.0,-450.0,802.07874,0.0
1000.0,-450.0,788.7079,0.0
1010.0,-450.0,775.9901,0.0
1020.0,-450.0,763.9242,0.0
1030.0,-450.0,752.5107,0.0
1040.0,-450.0,741.7498,0.0
1050.0,-450.0,731.6402,0.0
1060.0,-450.0,722.18286,0.0
1070.0,-450.0,713.3772,0.0
1080.0,-450.0,705.2233,0.0
1090.0,-450.0,697.7211,0.0
1100.0,-450.0,690.8705,0.0
1110.0,-450.0,684.6708,0.0
1120.0,-450.0,679.12286,0.0
1130.0,-450.0,674.2261,0.0
1140.0,-450.0,669.9802,0.0
1150.0,-450.0,666.38544,0.0
1160.0,-450.0,663.4418,0.0
1170.0,-450.0,661.1489,0.0
1180.0,-450.0,659.5067,0.0
1190.0,-450.0,658.5156,0.0
1200.0,-450.0,658.1753,0.0
1210.0,-450.0,658.48553,0.0
1220.0,-450.0,659.4459,0.0
1230.0,-450.0,661.05676,0.0
1240.0,-450.0,663.3191,0.0
1250.0,-450.0,666.23096,0.0
1260.0,-450.0,669.7934,0.0
1270.0,-450.0,674.00635,0.0
1280.0,-450.0,678.8697,0.0
1290.0,-450.0,684.3833,0.0
1300.0,-450.0,690.54724,0.0
1310.0,-450.0,697.361,0.0
1320.0,-450.0,704.82526,0.0
1330.0,-450.0,712.94006,0.0
1340.0,-450.0,721.7051,0.0
1350.0,-450.0,731.1194,0.0
1360.0,-450.0,741.1849,0.0
1370.0,-450.0,751.9004,0.0
1380.0,-450.0,763.26526,0.0
1390.0,-450.0,775.28064,0.0
1400.0,-450.0,787.9452,0.0
1410.0,-450.0,801.2593,0.0
1420.0,-450.0,815.223,0.0
1430.0,-450.0,829.8386,0.0
1440.0,-450.0,845.1049,0.0
1450.0,-450.0,861.0211,0.0
1460.0,-450.0,877.5869,0.0
1470.0,-450.0,894.80273,0.0
1480.0,-450.0,912.6698,0.0
1490.0,-450.0,931.1857,0.0
1500.0,-450.0,950.35254,0.0
1510.0,-450.0,970.16956,0.0
1520.0,-450.0,990.6365,0.0
1530.0,-450.0,1011.75354,0.0
1540.0,-450.0,1033.5208,0.0
1550.0,-450.0,1055.9382,0.0
1560.0,-450.0,1079.0055,0.0
1570.0,-450.0,1102.7234,0.0
1580.0,-450.0,1127.0911,0.0
1590.0,-450.0,1152.1094,0.0
1600.0,-450.0,1177.7783,0.0
1610.0,-450.0,1204.0969,0.0
1620.0,-450.0,1231.0651,0.0
1630.0,-450.0,1258.6835,0.0
1640.0,-450.0,1286.9521,0.0
1650.0,-450.0,1315.8711,0.0
1660.0,-450.0,1345.4415,0.0
1670.0,-450.0,1375.6616,0.0
1680.0,-450.0,1406.5325,0.0
1690.0,-450.0,1438.0532,0.0
1700.0,-450.0,1470.2244,0.0
1710.0,-450.0,1503.0444,0.0
1720.0,-450.0,1536.5159,0.0
1730.0,-450.0,1570.6378,0.0
1740.0,-450.0,1605.4089,0.0
1750.0,-450.0,1640.8306,0.0
1760.0,-450.0,1676.9032,0.0
1770.0,-450.0,1713.6257,0.0
1780.0,-450.0,1750.9983,0.0
1790.0,-450.0,1789.0208,0.0
1800.0,-450.0,1827.6943,0.0
-200.0,-440.0,39270.906,1.0
-190.0,-440.0,39270.906,1.0
-180.0,-440.0,39270.906,1.0
-170.0,-440.0,39270.906,1.0
-160.0,-440.0,39270.906,1.0
-150.0,-440.0,39270.906,1.0
-140.0,-440.0,39270.906,1.0
-130.0,-440.0,39270.906,1.0
-120.0,-440.0,39270.906,1.0
-110.0,-440.0,39270.906,1.0
-100.0,-440.0,39270.906,1.0
-90.0,-440.0,39270.906,1.0
-80.0,-440.0,39270.906,1.0
-70.0,-440.0,39270.906,1.0
-60.0,-440.0,39270.906,1.0
-50.0,-440.0,39270.906,1.0
-40.0,-440.0,39270.906,1.0
-30.0,-440.0,39270.906,1.0
-20.0,-440.0,39270.906,1.0
-10.0,-440.0,39270.906,1.0
0.0,-440.0,39270.906,1.0
10.0,-440.0,39270.906,1.0
20.0,-440.0,39270.906,1.0
30.0,-440.0,39270.906,1.0
40.0,-440.0,5185.1694,0.0
50.0,-440.0,5106.118,0.0
60.0,-440.0,5027.791,0.0
70.0,-440.0,4950.1895,0.0
80.0,-440.0,4873.3096,0.0
90.0,-440.0,4797.1543,0.0
100.0,-440.0,4721.717,0.0
110.0,-440.0,4647.002,0.0
120.0,-440.0,4573.004,0.0
130.0,-440.0,4499.722,0.0
140.0,-440.0,4427.1587,0.0
150.0,-440.0,4355.3066,0.0
160.0,-440.0,4284.172,0.0
170.0,-440.0,4213.748,0.0
180.0,-440.0,4144.0376,0.0
190.0,-440.0,4075.0374,0.0
200.0,-440.0,4006.746,0.0
210.0,-440.0,3939.164,0.0
220.0,-440.0,3872.29,0.0
230.0,-440.0,3806.1216,0.0
240.0,-440.0,3740.6592,0.0
250.0,-440.0,3675.9026,0.0
260.0,-440.0,3611.8489,0.0
270.0,-440.0,3548.4993,0.0
280.0,-440.0,3485.8503,0.0
290.0,-440.0,3423.903,0.0
300.0,-440.0,3362.6562,0.0
310.0,-440.0,3302.1096,0.0
320.0,-440.0,3242.2598,0.0
330.0,-440.0,3183.1086,0.0
340.0,-440.0,3124.6538,0.0
350.0,-440.0,3066.8953,0.0
360.0,-440.0,3009.832,0.0
370.0,-440.0,2953.4644,0.0
380.0,-440.0,2897.79,0.0
390.0,-440.0,2842.8079,0.0
400.0,-440.0,2788.5188,0.0
410.0,-440.0,2734.921,0.0
420.0,-440.0,2682.0142,0.0
430.0,-440.0,2629.7974,0.0
440.0,-440.0,2578.27,0.0
450.0,-440.0,2527.4321,0.0
460.0,-440.0,2477.2817,0.0
470.0,-440.0,2427.8179,0.0
480.0,-440.0,2379.0413,0.0
490.0,-440.0,2330.9507,0.0
500.0,-440.0,2283.5461,0.0
510.0,-440.0,2236.8257,0.0
520.0,-440.0,2190.7905,0.0
530.0,-440.0,2145.439,0.0
540.0,-440.0,2100.771,0.0
550.0,-440.0,2056.7852,0.0
560.0,-440.0,2013.4816,0.0
570.0,-440.0,1970.8599,0.0
580.0,-440.0,1928.9188,0.0
590.0,-440.0,1887.6589,0.0
600.0,-440.0,1847.079,0.0
610.0,-440.0,1807.1787,0.0
620.0,-440.0,1767.9573,0.0
630.0,-440.0,1729.4146,0.0
640.0,-440.0,1691.5498,0.0
650.0,-440.0,1654.3639,0.0
660.0,-440.0,1617.8547,0.0
670.0,-440.0,1582.0226,0.0
680.0,-440.0,1546.8663,0.0
690.0,-440.0,1512.3865,0.0
700.0,-440.0,1478.583,0.0
710.0,-440.0,1445.4539,0.0
720.0,-440.0,1412.9999,0.0
730.0,-440.0,1381.2212,0.0
740.0,-440.0,1350.116,0.0
750.0,-440.0,1319.685,0.0
760.0,-440.0,1289.9279,0.0
770.0,-440.0,1260.8433,0.0
780.0,-440.0,1232.4314,0.0
790.0,-440.0,1204.6918,0.0
800.0,-440.0,1177.6248,0.0
810.0,-440.0,1151.23,0.0
820.0,-440.0,1125.5065,0.0
830.0,-440.0,1100.4545,0.0
840.0,-440.0,1076.0737,0.0
850.0,-440.0,1052.3638,0.0
860.0,-440.0,1029.3239,0.0
870.0,-440.0,1006.95526,0.0
880.0,-440.0,985.2556,0.0
890.0,-440.0,964.22644,0.0
900.0,-440.0,943.86566,0.0
910.0,-440.0,924.1754,0.0
920.0,-440.0,905.1544,0.0
930.0,-440.0,886.80237,0.0
940.0,-440.0,869.1186,0.0
950.0,-440.0,852.1031,0.0
960.0,-440.0,835.7558,0.0
970.0,-440.0,820.07776,0.0
980.0,-440.0,805.06714,0.0
990.0,-440.0,790.72437,0.0
1000.0,-440.0,777.0491,0.0
1010.0,-440.0,764.0416,0.0
1020.0,-440.0,751.70166,0.0
1030.0,-440.0,740.02795,0.0
1040.0,-440.0,729.02167,0.0
1050.0,-440.0,718.6827,0.0
1060.0,-440.0,709.0107,0.0
1070.0,-440.0,700.0045,0.0
1080.0,-440.0,691.66534,0.0
1090.0,-440.0,683.9929,0.0
1100.0,-440.0,676.98596,0.0
1110.0,-440.0,670.646,0.0
1120.0,-440.0,664.97205,0.0
1130.0,-440.0,659.96356,0.0
1140.0,-440.0,655.6215,0.0
1150.0,-440.0,651.94507,0.0
1160.0,-440.0,648.9349,0.0
1170.0,-440.0,646.5897,0.0
1180.0,-440.0,644.91064,0.0
1190.0,-440.0,643.89685,0.0
1200.0,-440.0,643.5493,0.0
1210.0,-440.0,643.86633,0.0
1220.0,-440.0,644.8489,0.0
1230.0,-440.0,646.4968,0.0
1240.0,-440.0,648.8101,0.0
1250.0,-440.0,651.78827,0.0
1260.0,-440.0,655.4323,0.0
1270.0,-440.0,659.74084,0.0
1280.0,-440.0,664.71484,0.0
1290.0,-440.0,670.35376,0.0
1300.0,-440.0,676.6577,0.0
1310.0,-440.0,683.6267,0.0
1320.0,-440.0,691.2608,0.0
1330.0,-440.0,699.56024,0.0
1340.0,-440.0,708.5239,0.0
1350.0,-440.0,718.15314,0.0
1360.0,-440.0,728.4468,0.0
1370.0,-440.0,739.40576,0.0
1380.0,-440.0,751.02924,0.0
1390.0,-440.0,763.3173,0.0
1400.0,-440.0,776.26965,0.0
1410.0,-440.0,789.8862,0.0
1420.0,-440.0,804.1678,0.0
1430.0,-440.0,819.1159,0.0
1440.0,-440.0,834.7294,0.0
1450.0,-440.0,851.0071,0.0
1460.0,-440.0,867.9491,0.0
1470.0,-440.0,885.55695,0.0
1480.0,-440.0,903.8292,0.0
1490.0,-440.0,922.7665,0.0
1500.0,-440.0,942.3685,0.0
1510.0,-440.0,962.6361,0.0
1520.0,-440.0,983.5679,0.0
1530.0,-440.0,1005.1651,0.0
1540.0,-440.0,1027.427,0.0
1550.0,-440.0,1050.3538,0.0
1560.0,-440.0,1073.9453,0.0
1570.0,-440.0,1098.2029,0.0
1580.0,-440.0,1123.1248,0.0
1590.0,-440.0,1148.7112,0.0
1600.0,-440.0,1174.9633,0.0
1610.0,-440.0,1201.8802,0.0
1620.0,-440.0,1229.4614,0.0
1630.0,-440.0,1257.7073,0.0
1640.0,-440.0,1286.6187,0.0
1650.0,-440.0,1316.1968,0.0
1660.0,-440.0,1346.4387,0.0
1670.0,-440.0,1377.3466,0.0
1680.0,-440.0,1408.9187,0.0
1690.0,-440.0,1441.1555,0.0
1700.0,-440.0,1474.0579,0.0
1710.0,-440.0,1507.6251,0.0
1720.0,-440.0,1541.8572,0.0
1730.0,-440.0,1576.7544,0.0
1740.0,-440.0,1612.3169,0.0
1750.0,-440.0,1648.5442,0.0
1760.0,-440.0,1685.4368,0.0
1770.0,-440.0,1722.9943,0.0
1780.0,-440.0,1761.2167,0.0
1790.0,-440.0,1800.1055,0.0
1800.0,-440.0,1839.6573,0.0
-200.0,-430.0,39270.906,1.0
-190.0,-430.0,39270.906,1.0
-180.0,-430.0,39270.906,1.0
-170.0,-430.0,39270.906,1.0
-160.0,-430.0,39270.906,1.0
-150.0,-430.0,39270.906,1.0
-140.0,-430.0,39270.906,1.0
-130.0,-430.0,39270.906,1.0
-120.0,-430.0,39270.906,1.0
-110.0,-430.0,39270.906,1.0
-100.0,-430.0,39270.906,1.0
-90.0,-430.0,39270.906,1.0
-80.0,-430.0,39270.906,1.0
-70.0,-430.0,39270.906,1.0
-60.0,-430.0,39270.906,1.0
-50.0,-430.0,39270.906,1.0
-40.0,-430.0,39270.906,1.0
-30.0,-430.0,39270.906,1.0
-20.0,-430.0,39270.906,1.0
-10.0,-430.0,39270.906,1.0
0.0,-430.0,39270.906,1.0
10.0,-430.0,39270.906,1.0
20.0,-430.0,39270.906,1.0
30.0,-430.0,5360.693,0.0
40.0,-430.0,5278.9556,0.0
50.0,-430.0,5197.964,0.0
60.0,-430.0,5117.7188,0.0
70.0,-430.0,5038.218,0.0
80.0,-430.0,4959.4585,0.0
90.0,-430.0,4881.443,0.0
100.0,-430.0,4804.1646,0.0
110.0,-430.0,4727.627,0.0
120.0,-430.0,4651.827,0.0
130.0,-430.0,4576.763,0.0
140.0,-430.0,4502.4336,0.0
150.0,-430.0,4428.8374,0.0
160.0,-430.0,4355.9766,0.0
170.0,-430.0,4283.8457,0.0
180.0,-430.0,4212.446,0.0
190.0,-430.0,4141.7754,0.0
200.0,-430.0,4071.8335,0.0
210.0,-430.0,4002.6182,0.0
220.0,-430.0,3934.1301,0.0
230.0,-430.0,3866.3652,0.0
240.0,-430.0,3799.3252,0.0
250.0,-430.0,3733.009,0.0
260.0,-430.0,3667.413,0.0
270.0,-430.0,3602.541,0.0
280.0,-430.0,3538.3867,0.0
290.0,-430.0,3474.9524,0.0
300.0,-430.0,3412.2358,0.0
310.0,-430.0,3350.2366,0.0
320.0,-430.0,3288.954,0.0
330.0,-430.0,3228.386,0.0
340.0,-430.0,3168.5327,0.0
350.0,-430.0,3109.3936,0.0
360.0,-430.0,3050.967,0.0
370.0,-430.0,2993.2532,0.0
380.0,-430.0,2936.2502,0.0
390.0,-430.0,2879.9583,0.0
400.0,-430.0,2824.3745,0.0
410.0,-430.0,2769.5005,0.0
420.0,-430.0,2715.3347,0.0
430.0,-430.0,2661.8755,0.0
440.0,-430.0,2609.124,0.0
450.0,-430.0,2557.0781,0.0
460.0,-430.0,2505.7363,0.0
470.0,-430.0,2455.1006,0.0
480.0,-430.0,2405.1672,0.0
490.0,-430.0,2355.937,0.0
500.0,-430.0,2307.4092,0.0
510.0,-430.0,2259.5833,0.0
520.0,-430.0,2212.459,0.0
530.0,-430.0,2166.0342,0.0
540.0,-430.0,2120.3096,0.0
550.0,-430.0,2075.2847,0.0
560.0,-430.0,2030.9586,0.0
570.0,-430.0,1987.3308,0.0
580.0,-430.0,1944.4009,0.0
590.0,-430.0,1902.1672,0.0
600.0,-430.0,1860.6311,0.0
610.0,-430.0,1819.7904,0.0
620.0,-430.0,1779.6454,0.0
630.0,-430.0,1740.1953,0.0
640.0,-430.0,1701.4398,0.0
650.0,-430.0,1663.3788,0.0
660.0,-430.0,1626.0109,0.0
670.0,-430.0,1589.3362,0.0
680.0,-430.0,1553.3545,0.0
690.0,-430.0,1518.0651,0.0
700.0,-430.0,1483.4674,0.0
710.0,-430.0,1449.561,0.0
720.0,-430.0,1416.3464,0.0
730.0,-430.0,1383.821,0.0
740.0,-430.0,1351.9866,0.0
750.0,-430.0,1320.8428,0.0
760.0,-430.0,1290.3882,0.0
770.0,-430.0,1260.6226,0.0
780.0,-430.0,1231.5457,0.0
790.0,-430.0,1203.157,0.0
800.0,-430.0,1175.4564,0.0
810.0,-430.0,1148.4436,0.0
820.0,-430.0,1122.1191,0.0
830.0,-430.0,1096.4813,0.0
840.0,-430.0,1071.53,0.0
850.0,-430.0,1047.2666,0.0
860.0,-430.0,1023.68835,0.0
870.0,-430.0,1000.7965,0.0
880.0,-430.0,978.5905,0.0
890.0,-430.0,957.0703,0.0
900.0,-430.0,936.235,0.0
910.0,-430.0,916.0847,0.0
920.0,-430.0,896.6195,0.0
930.0,-430.0,877.83887,0.0
940.0,-430.0,859.7435,0.0
950.0,-430.0,842.33167,0.0
960.0,-430.0,825.6034,0.0
970.0,-430.0,809.5593,0.0
980.0,-430.0,794.19934,0.0
990.0,-430.0,779.5226,0.0
1000.0,-430.0,765.5287,0.0
1010.0,-430.0,752.218,0.0
1020.0,-430.0,739.5901,0.0
1030.0,-430.0,727.64514,0.0
1040.0,-430.0,716.383,0.0
1050.0,-430.0,705.80286,0.0
1060.0,-430.0,695.9055,0.0
1070.0,-430.0,686.6904,0.0
1080.0,-430.0,678.15735,0.0
1090.0,-430.0,670.3061,0.0
1100.0,-430.0,663.1367,0.0
1110.0,-430.0,656.6489,0.0
1120.0,-430.0,650.843,0.0
1130.0,-430.0,645.71826,0.0
1140.0,-430.0,641.2753,0.0
1150.0,-430.0,637.5137,0.0
1160.0,-430.0,634.433,0.0
1170.0,-430.0,632.03394,0.0
1180.0,-430.0,630.3157,0.0
1190.0,-430.0,629.279,0.0
1200.0,-430.0,628.9231,0.0
1210.0,-430.0,629.2479,0.0
1220.0,-430.0,630.2533,0.0
1230.0,-430.0,631.93964,0.0
1240.0,-430.0,634.3068,0.0
1250.0,-430.0,637.3546,0.0
1260.0,-430.0,641.0833,0.0
1270.0,-430.0,645.4923,0.0
1280.0,-430.0,650.5823,0.0
1290.0,-430.0,656.35205,0.0
1300.0,-430.0,662.80273,0.0
1310.0,-430.0,669.93396,0.0
1320.0,-430.0,677.74585,0.0
1330.0,-430.0,686.23816,0.0
1340.0,-430.0,695.4107,0.0
1350.0,-430.0,705.2637,0.0
1360.0,-430.0,715.797,0.0
1370.0,-430.0,727.0109,0.0
1380.0,-430.0,738.90485,0.0
1390.0,-430.0,751.4779,0.0
1400.0,-430.0,764.7311,0.0
1410.0,-430.0,778.6642,0.0
1420.0,-430.0,793.279,0.0
1430.0,-430.0,808.5751,0.0
1440.0,-430.0,824.55054,0.0
1450.0,-430.0,841.2068,0.0
1460.0,-430.0,858.5432,0.0
1470.0,-430.0,876.5603,0.0
1480.0,-430.0,895.2581,0.0
1490.0,-430.0,914.636,0.0
1500.0,-430.0,934.69354,0.0
1510.0,-430.0,955.4319,0.0
1520.0,-430.0,976.8513,0.0
1530.0,-430.0,998.95044,0.0
1540.0,-430.0,1021.73004,0.0
1550.0,-430.0,1045.19,0.0
1560.0,-430.0,1069.3306,0.0
1570.0,-430.0,1094.1516,0.0
1580.0,-430.0,1119.6532,0.0
1590.0,-430.0,1145.8352,0.0
1600.0,-430.0,1172.6973,0.0
1610.0,-430.0,1200.24,0.0
1620.0,-430.0,1228.4631,0.0
1630.0,-430.0,1257.366,0.0
1640.0,-430.0,1286.9513,0.0
1650.0,-430.0,1317.2164,0.0
1660.0,-430.0,1348.1624,0.0
1670.0,-430.0,1379.7887,0.0
1680.0,-430.0,1412.0947,0.0
1690.0,-430.0,1445.0825,0.0
1700.0,-430.0,1478.7499,0.0
1710.0,-430.0,1513.0983,0.0
1720.0,-430.0,1548.127,0.0
1730.0,-430.0,1583.8362,0.0
1740.0,-430.0,1620.2266,0.0
1750.0,-430.0,1657.2963,0.0
1760.0,-430.0,1695.0474,0.0
1770.0,-430.0,1733.479,0.0
1780.0,-430.0,1772.5903,0.0
1790.0,-430.0,1812.3835,0.0
1800.0,-430.0,1852.8567,0.0
-200.0,-420.0,39270.906,1.0
-190.0,-420.0,39270.906,1.0
-180.0,-420.0,39270.906,1.0
-170.0,-420.0,39270.906,1.0
-160.0,-420.0,39270.906,1.0
-150.0,-420.0,39270.906,1.0
-140.0,-420.0,39270.906,1.0
-130.0,-420.0,39270.906,1.0
-120.0,-420.0,39270.906,1.0
-110.0,-420.0,39270.906,1.0
-100.0,-420.0,39270.906,1.0
-90.0,-420.0,39270.906,1.0
-80.0,-420.0,39270.906,1.0
-70.0,-420.0,39270.906,1.0
-60.0,-420.0,39270.906,1.0
-50.0,-420.0,39270.906,1.0
-40.0,-420.0,39270.906,1.0
-30.0,-420.0,39270.906,1.0
-20.0,-420.0,39270.906,1.0
-10.0,-420.0,39270.906,1.0
0.0,-420.0,39270.906,1.0
10.0,-420.0,39270.906,1.0
20.0,-420.0,39270.906,1.0
30.0,-420.0,5461.915,0.0
40.0,-420.0,5378.117,0.0
50.0,-420.0,5295.0864,0.0
60.0,-420.0,5212.823,0.0
70.0,-420.0,5131.325,0.0
80.0,-420.0,5050.59,0.0
90.0,-420.0,4970.617,0.0
100.0,-420.0,4891.406,0.0
110.0,-420.0,4812.953,0.0
120.0,-420.0,4735.2583,0.0
130.0,-420.0,4658.3193,0.0
140.0,-420.0,4582.136,0.0
150.0,-420.0,4506.708,0.0
160.0,-420.0,4432.0312,0.0
170.0,-420.0,4358.1064,0.0
180.0,-420.0,4284.932,0.0
190.0,-420.0,4212.5073,0.0
200.0,-420.0,4140.831,0.0
210.0,-420.0,4069.9004,0.0
220.0,-420.0,3999.715,0.0
230.0,-420.0,3930.2734,0.0
240.0,-420.0,3861.5776,0.0
250.0,-420.0,3793.6226,0.0
260.0,-420.0,3726.4097,0.0
270.0,-420.0,3659.936,0.0
280.0,-420.0,3594.202,0.0
290.0,-420.0,3529.2053,0.0
300.0,-420.0,3464.9463,0.0
310.0,-420.0,3401.4233,0.0
320.0,-420.0,3338.635,0.0
330.0,-420.0,3276.581,0.0
340.0,-420.0,3215.2598,0.0
350.0,-420.0,3154.671,0.0
360.0,-420.0,3094.8135,0.0
370.0,-420.0,3035.6877,0.0
380.0,-420.0,2977.29,0.0
390.0,-420.0,2919.6216,0.0
400.0,-420.0,2862.6807,0.0
410.0,-420.0,2806.4668,0.0
420.0,-420.0,2750.98,0.0
430.0,-420.0,2696.2183,0.0
440.0,-420.0,2642.1807,0.0
450.0,-420.0,2588.8677,0.0
460.0,-420.0,2536.2773,0.0
470.0,-420.0,2484.41,0.0
480.0,-420.0,2433.2634,0.0
490.0,-420.0,2382.8381,0.0
500.0,-420.0,2333.132,0.0
510.0,-420.0,2284.1465,0.0
520.0,-420.0,2235.879,0.0
530.0,-420.0,2188.3293,0.0
540.0,-420.0,2141.4976,0.0
550.0,-420.0,2095.3818,0.0
560.0,-420.0,2049.9834,0.0
570.0,-420.0,2005.3013,0.0
580.0,-420.0,1961.3325,0.0
590.0,-420.0,1918.0787,0.0
600.0,-420.0,1875.5392,0.0
610.0,-420.0,1833.7128,0.0
620.0,-420.0,1792.5994,0.0
630.0,-420.0,1752.1981,0.0
640.0,-420.0,1712.5083,0.0
650.0,-420.0,1673.5303,0.0
660.0,-420.0,1635.2622,0.0
670.0,-420.0,1597.7047,0.0
680.0,-420.0,1560.8572,0.0
690.0,-420.0,1524.7185,0.0
700.0,-420.0,1489.2887,0.0
710.0,-420.0,1454.5676,0.0
720.0,-420.0,1420.554,0.0
730.0,-420.0,1387.2482,0.0
740.0,-420.0,1354.6494,0.0
750.0,-420.0,1322.7568,0.0
760.0,-420.0,1291.5723,0.0
770.0,-420.0,1261.0923,0.0
780.0,-420.0,1231.3179,0.0
790.0,-420.0,1202.2493,0.0
800.0,-420.0,1173.8844,0.0
810.0,-420.0,1146.2249,0.0
820.0,-420.0,1119.2689,0.0
830.0,-420.0,1093.0173,0.0
840.0,-420.0,1067.4695,0.0
850.0,-420.0,1042.6248,0.0
860.0,-420.0,1018.4829,0.0
870.0,-420.0,995.0431,0.0
880.0,-420.0,972.30646,0.0
890.0,-420.0,950.2715,0.0
900.0,-420.0,928.93835,0.0
910.0,-420.0,908.3069,0.0
920.0,-420.0,888.3767,0.0
930.0,-420.0,869.1471,0.0
940.0,-420.0,850.6192,0.0
950.0,-420.0,832.792,0.0
960.0,-420.0,815.66455,0.0
970.0,-420.0,799.2372,0.0
980.0,-420.0,783.51074,0.0
990.0,-420.0,768.48376,0.0
1000.0,-420.0,754.15625,0.0
1010.0,-420.0,740.5283,0.0
1020.0,-420.0,727.599,0.0
1030.0,-420.0,715.3693,0.0
1040.0,-420.0,703.83875,0.0
1050.0,-420.0,693.0072,0.0
1060.0,-420.0,682.87366,0.0
1070.0,-420.0,673.43835,0.0
1080.0,-420.0,664.70215,0.0
1090.0,-420.0,656.6643,0.0
1100.0,-420.0,649.3241,0.0
1110.0,-420.0,642.68207,0.0
1120.0,-420.0,636.73804,0.0
1130.0,-420.0,631.4911,0.0
1140.0,-420.0,626.9427,0.0
1150.0,-420.0,623.09143,0.0
1160.0,-420.0,619.93756,0.0
1170.0,-420.0,617.4814,0.0
1180.0,-420.0,615.7228,0.0
1190.0,-420.0,614.661,0.0
1200.0,-420.0,614.2968,0.0
1210.0,-420.0,614.6294,0.0
1220.0,-420.0,615.6594,0.0
1230.0,-420.0,617.3859,0.0
1240.0,-420.0,619.80963,0.0
1250.0,-420.0,622.9301,0.0
1260.0,-420.0,626.74756,0.0
1270.0,-420.0,631.2617,0.0
1280.0,-420.0,636.47314,0.0
1290.0,-420.0,642.3805,0.0
1300.0,-420.0,648.9844,0.0
1310.0,-420.0,656.2861,0.0
1320.0,-420.0,664.28357,0.0
1330.0,-420.0,672.97833,0.0
1340.0,-420.0,682.3691,0.0
1350.0,-420.0,692.45654,0.0
1360.0,-420.0,703.2406,0.0
1370.0,-420.0,714.72156,0.0
1380.0,-420.0,726.8986,0.0
1390.0,-420.0,739.771,0.0
1400.0,-420.0,753.33905,0.0
1410.0,-420.0,767.6043,0.0
1420.0,-420.0,782.5679,0.0
1430.0,-420.0,798.22784,0.0
1440.0,-420.0,814.58405,0.0
1450.0,-420.0,831.6366,0.0
1460.0,-420.0,849.38586,0.0
1470.0,-420.0,867.83203,0.0
1480.0,-420.0,886.97473,0.0
1490.0,-420.0,906.8137,0.0
1500.0,-420.0,927.34875,0.0
1510.0,-420.0,948.5809,0.0
1520.0,-420.0,970.5104,0.0
1530.0,-420.0,993.1354,0.0
1540.0,-420.0,1016.4573,0.0
1550.0,-420.0,1040.4756,0.0
1560.0,-420.0,1065.1914,0.0
1570.0,-420.0,1090.6034,0.0
1580.0,-420.0,1116.7122,0.0
1590.0,-420.0,1143.5176,0.0
1600.0,-420.0,1171.0195,0.0
1610.0,-420.0,1199.2175,0.0
1620.0,-420.0,1228.1125,0.0
1630.0,-420.0,1257.7052,0.0
1640.0,-420.0,1287.995,0.0
1650.0,-420.0,1318.9816,0.0
1660.0,-420.0,1350.6638,0.0
1670.0,-420.0,1383.0425,0.0
1680.0,-420.0,1416.1194,0.0
1690.0,-420.0,1449.8914,0.0
1700.0,-420.0,1484.3612,0.0
1710.0,-420.0,1519.5277,0.0
1720.0,-420.0,1555.3912,0.0
1730.0,-420.0,1591.9503,0.0
1740.0,-420.0,1629.2078,0.0
1750.0,-420.0,1667.1616,0.0
1760.0,-420.0,1705.8118,0.0
1770.0,-420.0,1745.1587,0.0
1780.0,-420.0,1785.2025,0.0
1790.0,-420.0,1825.9441,0.0
1800.0,-420.0,1867.3809,0.0
-200.0,-410.0,39270.906,1.0
-190.0,-410.0,39270.906,1.0
-180.0,-410.0,39270.906,1.0
-170.0,-410.0,39270.906,1.0
-160.0,-410.0,39270.906,1.0
-150.0,-410.0,39270.906,1.0
-140.0,-410.0,39270.906,1.0
-130.0,-410.0,39270.906,1.0
-120.0,-410.0,39270.906,1.0
-110.0,-410.0,39270.906,1.0
-100.0,-410.0,39270.906,1.0
-90.0,-410.0,39270.906,1.0
-80.0,-410.0,39270.906,1.0
-70.0,-410.0,39270.906,1.0
-60.0,-410.0,39270.906,1.0
-50.0,-410.0,39270.906,1.0
-40.0,-410.0,39270.906,1.0
-30.0,-410.0,39270.906,1.0
-20.0,-410.0,39270.906,1.0
-10.0,-410.0,39270.906,1.0
0.0,-410.0,39270.906,1.0
10.0,-410.0,39270.906,1.0
20.0,-410.0,5655.793,0.0
30.0,-410.0,5569.035,0.0
40.0,-410.0,5483.069,0.0
50.0,-410.0,5397.8906,0.0
60.0,-410.0,5313.503,0.0
70.0,-410.0,5229.9023,0.0
80.0,-410.0,5147.087,0.0
90.0,-410.0,5065.055,0.0
100.0,-410.0,4983.806,0.0
110.0,-410.0,4903.338,0.0
120.0,-410.0,4823.6504,0.0
130.0,-410.0,4744.7393,0.0
140.0,-410.0,4666.6055,0.0
150.0,-410.0,4589.246,0.0
160.0,-410.0,4512.661,0.0
170.0,-410.0,4436.8486,0.0
180.0,-410.0,4361.8086,0.0
190.0,-410.0,4287.538,0.0
200.0,-410.0,4214.036,0.0
210.0,-410.0,4141.301,0.0
220.0,-410.0,4069.3325,0.0
230.0,-410.0,3998.1282,0.0
240.0,-410.0,3927.6895,0.0
250.0,-410.0,3858.0107,0.0
260.0,-410.0,3789.096,0.0
270.0,-410.0,3720.9414,0.0
280.0,-410.0,3653.5447,0.0
290.0,-410.0,3586.9062,0.0
300.0,-410.0,3521.0254,0.0
310.0,-410.0,3455.9001,0.0
320.0,-410.0,3391.5298,0.0
330.0,-410.0,3327.9138,0.0
340.0,-410.0,3265.0488,0.0
350.0,-410.0,3202.9365,0.0
360.0,-410.0,3141.576,0.0
370.0,-410.0,3080.9648,0.0
380.0,-410.0,3021.1025,0.0
390.0,-410.0,2961.9883,0.0
400.0,-410.0,2903.621,0.0
410.0,-410.0,2846.0005,0.0
420.0,-410.0,2789.1245,0.0
430.0,-410.0,2732.994,0.0
440.0,-410.0,2677.607,0.0
450.0,-410.0,2622.9624,0.0
460.0,-410.0,2569.06,0.0
470.0,-410.0,2515.8987,0.0
480.0,-410.0,2463.478,0.0
490.0,-410.0,2411.7969,0.0
500.0,-410.0,2360.854,0.0
510.0,-410.0,2310.6504,0.0
520.0,-410.0,2261.1821,0.0
530.0,-410.0,2212.4517,0.0
540.0,-410.0,2164.4565,0.0
550.0,-410.0,2117.1968,0.0
560.0,-410.0,2070.6719,0.0
570.0,-410.0,2024.8804,0.0
580.0,-410.0,1979.8235,0.0
590.0,-410.0,1935.498,0.0
600.0,-410.0,1891.9052,0.0
610.0,-410.0,1849.044,0.0
620.0,-410.0,1806.9136,0.0
630.0,-410.0,1765.5137,0.0
640.0,-410.0,1724.8433,0.0
650.0,-410.0,1684.902,0.0
660.0,-410.0,1645.6898,0.0
670.0,-410.0,1607.2051,0.0
680.0,-410.0,1569.4485,0.0
690.0,-410.0,1532.4187,0.0
700.0,-410.0,1496.116,0.0
710.0,-410.0,1460.5396,0.0
720.0,-410.0,1425.6881,0.0
730.0,-410.0,1391.5624,0.0
740.0,-410.0,1358.1616,0.0
750.0,-410.0,1325.4852,0.0
760.0,-410.0,1293.532,0.0
770.0,-410.0,1262.303,0.0
780.0,-410.0,1231.7979,0.0
790.0,-410.0,1202.0143,0.0
800.0,-410.0,1172.9532,0.0
810.0,-410.0,1144.6143,0.0
820.0,-410.0,1116.9971,0.0
830.0,-410.0,1090.1016,0.0
840.0,-410.0,1063.9265,0.0
850.0,-410.0,1038.4724,0.0
860.0,-410.0,1013.7385,0.0
870.0,-410.0,989.725,0.0
880.0,-410.0,966.431,0.0
890.0,-410.0,943.85614,0.0
900.0,-410.0,922.00073,0.0
910.0,-410.0,900.8639,0.0
920.0,-410.0,880.4459,0.0
930.0,-410.0,860.7457,0.0
940.0,-410.0,841.7648,0.0
950.0,-410.0,823.501,0.0
960.0,-410.0,805.95514,0.0
970.0,-410.0,789.1257,0.0
980.0,-410.0,773.01416,0.0
990.0,-410.0,757.6204,0.0
1000.0,-410.0,742.9428,0.0
1010.0,-410.0,728.9818,0.0
1020.0,-410.0,715.7368,0.0
1030.0,-410.0,703.2086,0.0
1040.0,-410.0,691.39655,0.0
1050.0,-410.0,680.2996,0.0
1060.0,-410.0,669.91956,0.0
1070.0,-410.0,660.254,0.0
1080.0,-410.0,651.30444,0.0
1090.0,-410.0,643.06995,0.0
1100.0,-410.0,635.55145,0.0
1110.0,-410.0,628.7468,0.0
1120.0,-410.0,622.6581,0.0
1130.0,-410.0,617.2835,0.0
1140.0,-410.0,612.624,0.0
1150.0,-410.0,608.6791,0.0
1160.0,-410.0,605.4491,0.0
1170.0,-410.0,602.9327,0.0
1180.0,-410.0,601.13104,0.0
1190.0,-410.0,600.04395,0.0
1200.0,-410.0,599.6708,0.0
1210.0,-410.0,600.0116,0.0
1220.0,-410.0,601.0665,0.0
1230.0,-410.0,602.8355,0.0
1240.0,-410.0,605.3184,0.0
1250.0,-410.0,608.5152,0.0
1260.0,-410.0,612.42584,0.0
1270.0,-410.0,617.0505,0.0
1280.0,-410.0,622.3883,0.0
1290.0,-410.0,628.4408,0.0
1300.0,-410.0,635.20593,0.0
1310.0,-410.0,642.6851,0.0
1320.0,-410.0,650.8783,0.0
1330.0,-410.0,659.78424,0.0
1340.0,-410.0,669.4048,0.0
1350.0,-410.0,679.73816,0.0
1360.0,-410.0,690.78564,0.0
1370.0,-410.0,702.54614,0.0
1380.0,-410.0,715.0194,0.0
1390.0,-410.0,728.2057,0.0
1400.0,-410.0,742.10486,0.0
1410.0,-410.0,756.71875,0.0
1420.0,-410.0,772.04736,0.0
1430.0,-410.0,788.0894,0.0
1440.0,-410.0,804.8442,0.0
1450.0,-410.0,822.3126,0.0
1460.0,-410.0,840.4951,0.0
1470.0,-410.0,859.39124,0.0
1480.0,-410.0,879.0002,0.0
1490.0,-410.0,899.323,0.0
1500.0,-410.0,920.3596,0.0
1510.0,-410.0,942.1095,0.0
1520.0,-410.0,964.5729,0.0
1530.0,-410.0,987.7506,0.0
1540.0,-410.0,1011.6414,0.0
1550.0,-410.0,1036.2458,0.0
1560.0,-410.0,1061.5637,0.0
1570.0,-410.0,1087.5956,0.0
1580.0,-410.0,1114.341,0.0
1590.0,-410.0,1141.7997,0.0
1600.0,-410.0,1169.9725,0.0
1610.0,-410.0,1198.8583,0.0
1620.0,-410.0,1228.4595,0.0
1630.0,-410.0,1258.7742,0.0
1640.0,-410.0,1289.8025,0.0
1650.0,-410.0,1321.5446,0.0
1660.0,-410.0,1353.9996,0.0
1670.0,-410.0,1387.1697,0.0
1680.0,-410.0,1421.0521,0.0
1690.0,-410.0,1455.6489,0.0
1700.0,-410.0,1490.96,0.0
1710.0,-410.0,1526.9844,0.0
1720.0,-410.0,1563.7223,0.0
1730.0,-410.0,1601.1741,0.0
1740.0,-410.0,1639.3403,0.0
1750.0,-410.0,1678.2203,0.0
1760.0,-410.0,1717.8135,0.0
1770.0,-410.0,1758.1215,0.0
1780.0,-410.0,1799.1432,0.0
1790.0,-410.0,1840.8782,0.0
1800.0,-410.0,1883.3269,0.0
-200.0,-400.0,39270.906,1.0
-190.0,-400.0,39270.906,1.0
-180.0,-400.0,39270.906,1.0
-170.0,-400.0,39270.906,1.0
-160.0,-400.0,39270.906,1.0
-150.0,-400.0,39270.906,1.0
-140.0,-400.0,39270.906,1.0
-130.0,-400.0,39270.906,1.0
-120.0,-400.0,39270.906,1.0
-110.0,-400.0,39270.906,1.0
-100.0,-400.0,39270.906,1.0
-90.0,-400.0,39270.906,1.0
-80.0,-400.0,39270.906,1.0
-70.0,-400.0,39270.906,1.0
-60.0,-400.0,39270.906,1.0
-50.0,-400.0,39270.906,1.0
-40.0,-400.0,39270.906,1.0
-30.0,-400.0,39270.906,1.0
-20.0,-400.0,39270.906,1.0
-10.0,-400.0,39270.906,1.0
0.0,-400.0,39270.906,1.0
10.0,-400.0,39270.906,1.0
20.0,-400.0,5771.594,0.0
30.0,-400.0,5682.5244,0.0
40.0,-400.0,5594.2705,0.0
50.0,-400.0,5506.828,0.0
60.0,-400.0,5420.199,0.0
70.0,-400.0,5334.383,0.0
80.0,-400.0,5249.374,0.0
90.0,-400.0,5165.1714,0.0
100.0,-400.0,5081.7754,0.0
110.0,-400.0,4999.1826,0.0
120.0,-400.0,4917.3926,0.0
130.0,-400.0,4836.403,0.0
140.0,-400.0,4756.214,0.0
150.0,-400.0,4676.8203,0.0
160.0,-400.0,4598.2256,0.0
170.0,-400.0,4520.424,0.0
180.0,-400.0,4443.4175,0.0
190.0,-400.0,4367.202,0.0
200.0,-400.0,4291.7773,0.0
210.0,-400.0,4217.1426,0.0
220.0,-400.0,4143.2944,0.0
230.0,-400.0,4070.234,0.0
240.0,-400.0,3997.96,0.0
250.0,-400.0,3926.468,0.0
260.0,-400.0,3855.7607,0.0
270.0,-400.0,3785.8345,0.0
280.0,-400.0,3716.6885,0.0
290.0,-400.0,3648.3213,0.0
300.0,-400.0,3580.7334,0.0
310.0,-400.0,3513.9216,0.0
320.0,-400.0,3447.8862,0.0
330.0,-400.0,3382.6248,0.0
340.0,-400.0,3318.1367,0.0
350.0,-400.0,3254.4219,0.0
360.0,-400.0,3191.4785,0.0
370.0,-400.0,3129.3057,0.0
380.0,-400.0,3067.9019,0.0
390.0,-400.0,3007.2664,0.0
400.0,-400.0,2947.3982,0.0
410.0,-400.0,2888.2969,0.0
420.0,-400.0,2829.9614,0.0
430.0,-400.0,2772.3896,0.0
440.0,-400.0,2715.5828,0.0
450.0,-400.0,2659.5376,0.0
460.0,-400.0,2604.255,0.0
470.0,-400.0,2549.7336,0.0
480.0,-400.0,2495.9727,0.0
490.0,-400.0,2442.97,0.0
500.0,-400.0,2390.7268,0.0
510.0,-400.0,2339.2407,0.0
520.0,-400.0,2288.5125,0.0
530.0,-400.0,2238.5396,0.0
540.0,-400.0,2189.3215,0.0
550.0,-400.0,2140.8591,0.0
560.0,-400.0,2093.1504,0.0
570.0,-400.0,2046.1938,0.0
580.0,-400.0,1999.9915,0.0
590.0,-400.0,1954.5399,0.0
600.0,-400.0,1909.8402,0.0
610.0,-400.0,1865.8909,0.0
620.0,-400.0,1822.6918,0.0
630.0,-400.0,1780.242,0.0
640.0,-400.0,1738.541,0.0
650.0,-400.0,1697.5872,0.0
660.0,-400.0,1657.3818,0.0
670.0,-400.0,1617.9233,0.0
680.0,-400.0,1579.2114,0.0
690.0,-400.0,1541.2458,0.0
700.0,-400.0,1504.0256,0.0
710.0,-400.0,1467.5494,0.0
720.0,-400.0,1431.8185,0.0
730.0,-400.0,1396.8317,0.0
740.0,-400.0,1362.5872,0.0
750.0,-400.0,1329.0864,0.0
760.0,-400.0,1296.328,0.0
770.0,-400.0,1264.3115,0.0
780.0,-400.0,1233.0371,0.0
790.0,-400.0,1202.504,0.0
800.0,-400.0,1172.711,0.0
810.0,-400.0,1143.6584,0.0
820.0,-400.0,1115.3464,0.0
830.0,-400.0,1087.7737,0.0
840.0,-400.0,1060.9407,0.0
850.0,-400.0,1034.8467,0.0
860.0,-400.0,1009.49146,0.0
870.0,-400.0,984.874,0.0
880.0,-400.0,960.995,0.0
890.0,-400.0,937.8534,0.0
900.0,-400.0,915.44867,0.0
910.0,-400.0,893.78143,0.0
920.0,-400.0,872.8508,0.0
930.0,-400.0,852.65717,0.0
940.0,-400.0,833.1993,0.0
950.0,-400.0,814.47766,0.0
960.0,-400.0,796.4916,0.0
970.0,-400.0,779.2409,0.0
980.0,-400.0,762.72546,0.0
990.0,-400.0,746.9458,0.0
1000.0,-400.0,731.90076,0.0
1010.0,-400.0,717.5896,0.0
1020.0,-400.0,704.0134,0.0
1030.0,-400.0,691.17175,0.0
1040.0,-400.0,679.06335,0.0
1050.0,-400.0,667.68933,0.0
1060.0,-400.0,657.0488,0.0
1070.0,-400.0,647.14166,0.0
1080.0,-400.0,637.9681,0.0
1090.0,-400.0,629.5282,0.0
1100.0,-400.0,621.8214,0.0
1110.0,-400.0,614.8466,0.0
1120.0,-400.0,608.6061,0.0
1130.0,-400.0,603.0968,0.0
1140.0,-400.0,598.3208,0.0
1150.0,-400.0,594.27747,0.0
1160.0,-400.0,590.96606,0.0
1170.0,-400.0,588.3878,0.0
1180.0,-400.0,586.54126,0.0
1190.0,-400.0,585.4269,0.0
1200.0,-400.0,585.04456,0.0
1210.0,-400.0,585.3943,0.0
1220.0,-400.0,586.47546,0.0
1230.0,-400.0,588.2892,0.0
1240.0,-400.0,590.8341,0.0
1250.0,-400.0,594.11096,0.0
1260.0,-400.0,598.1195,0.0
1270.0,-400.0,602.85974,0.0
1280.0,-400.0,608.3313,0.0
1290.0,-400.0,614.5348,0.0
1300.0,-400.0,621.4696,0.0
1310.0,-400.0,629.13574,0.0
1320.0,-400.0,637.53345,0.0
1330.0,-400.0,646.6627,0.0
1340.0,-400.0,656.5233,0.0
1350.0,-400.0,667.1155,0.0
1360.0,-400.0,678.43896,0.0
1370.0,-400.0,690.49316,0.0
1380.0,-400.0,703.27826,0.0
1390.0,-400.0,716.793,0.0
1400.0,-400.0,731.04065,0.0
1410.0,-400.0,746.02075,0.0
1420.0,-400.0,761.7324,0.0
1430.0,-400.0,778.1742,0.0
1440.0,-400.0,795.3485,0.0
1450.0,-400.0,813.25366,0.0
1460.0,-400.0,831.8905,0.0
1470.0,-400.0,851.25867,0.0
1480.0,-400.0,871.35803,0.0
1490.0,-400.0,892.1889,0.0
1500.0,-400.0,913.7511,0.0
1510.0,-400.0,936.0447,0.0
1520.0,-400.0,959.0702,0.0
1530.0,-400.0,982.8268,0.0
1540.0,-400.0,1007.3148,0.0
1550.0,-400.0,1032.534,0.0
1560.0,-400.0,1058.4854,0.0
1570.0,-400.0,1085.1676,0.0
1580.0,-400.0,1112.582,0.0
1590.0,-400.0,1140.7268,0.0
1600.0,-400.0,1169.6034,0.0
1610.0,-400.0,1199.2139,0.0
1620.0,-400.0,1229.5544,0.0
1630.0,-400.0,1260.6263,0.0
1640.0,-400.0,1292.43,0.0
1650.0,-400.0,1324.9661,0.0
1660.0,-400.0,1358.2334,0.0
1670.0,-400.0,1392.2322,0.0
1680.0,-400.0,1426.9622,0.0
1690.0,-400.0,1462.4244,0.0
1700.0,-400.0,1498.618,0.0
1710.0,-400.0,1535.5443,0.0
1720.0,-400.0,1573.2017,0.0
1730.0,-400.0,1611.5903,0.0
1740.0,-400.0,1650.7112,0.0
1750.0,-400.0,1690.5632,0.0
1760.0,-400.0,1731.1477,0.0
1770.0,-400.0,1772.4637,0.0
1780.0,-400.0,1814.5107,0.0
1790.0,-400.0,1857.291,0.0
1800.0,-400.0,1900.8016,0.0
-200.0,-390.0,39270.906,1.0
-190.0,-390.0,39270.906,1.0
-180.0,-390.0,39270.906,1.0
-170.0,-390.0,39270.906,1.0
-160.0,-390.0,39270.906,1.0
-150.0,-390.0,39270.906,1.0
-140.0,-390.0,39270.906,1.0
-130.0,-390.0,39270.906,1.0
-120.0,-390.0,39270.906,1.0
-110.0,-390.0,39270.906,1.0
-100.0,-390.0,39270.906,1.0
-90.0,-390.0,39270.906,1.0
-80.0,-390.0,39270.906,1.0
-70.0,-390.0,39270.906,1.0
-60.0,-390.0,39270.906,1.0
-50.0,-390.0,39270.906,1.0
-40.0,-390.0,39270.906,1.0
-30.0,-390.0,39270.906,1.0
-20.0,-390.0,39270.906,1.0
-10.0,-390.0,39270.906,1.0
0.0,-390.0,39270.906,1.0
10.0,-390.0,39270.906,1.0
20.0,-390.0,5894.417,0.0
30.0,-390.0,5802.903,0.0
40.0,-390.0,5712.2334,0.0
50.0,-390.0,5622.401,0.0
60.0,-390.0,5533.406,0.0
70.0,-390.0,5445.247,0.0
80.0,-390.0,5357.921,0.0
90.0,-390.0,5271.428,0.0
100.0,-390.0,5185.7646,0.0
110.0,-390.0,5100.9307,0.0
120.0,-390.0,5016.921,0.0
130.0,-390.0,4933.7383,0.0
140.0,-390.0,4851.3784,0.0
150.0,-390.0,4769.84,0.0
160.0,-390.0,4689.121,0.0
170.0,-390.0,4609.222,0.0
180.0,-390.0,4530.1396,0.0
190.0,-390.0,4451.873,0.0
200.0,-390.0,4374.421,0.0
210.0,-390.0,4297.7812,0.0
220.0,-390.0,4221.9526,0.0
230.0,-390.0,4146.9336,0.0
240.0,-390.0,4072.7222,0.0
250.0,-390.0,3999.3188,0.0
260.0,-390.0,3926.7217,0.0
270.0,-390.0,3854.9277,0.0
280.0,-390.0,3783.9375,0.0
290.0,-390.0,3713.7488,0.0
300.0,-390.0,3644.3608,0.0
310.0,-390.0,3575.7715,0.0
320.0,-390.0,3507.98,0.0
330.0,-390.0,3440.9858,0.0
340.0,-390.0,3374.7866,0.0
350.0,-390.0,3309.3823,0.0
360.0,-390.0,3244.771,0.0
370.0,-390.0,3180.9517,0.0
380.0,-390.0,3117.9243,0.0
390.0,-390.0,3055.686,0.0
400.0,-390.0,2994.2368,0.0
410.0,-390.0,2933.5762,0.0
420.0,-390.0,2873.7017,0.0
430.0,-390.0,2814.6135,0.0
440.0,-390.0,2756.31,0.0
450.0,-390.0,2698.7908,0.0
460.0,-390.0,2642.0547,0.0
470.0,-390.0,2586.1003,0.0
480.0,-390.0,2530.9272,0.0
490.0,-390.0,2476.5344,0.0
500.0,-390.0,2422.921,0.0
510.0,-390.0,2370.086,0.0
520.0,-390.0,2318.029,0.0
530.0,-390.0,2266.7476,0.0
540.0,-390.0,2216.2437,0.0
550.0,-390.0,2166.514,0.0
560.0,-390.0,2117.558,0.0
570.0,-390.0,2069.3767,0.0
580.0,-390.0,2021.9679,0.0
590.0,-390.0,1975.331,0.0
600.0,-390.0,1929.4661,0.0
610.0,-390.0,1884.3722,0.0
620.0,-390.0,1840.0477,0.0
630.0,-390.0,1796.4929,0.0
640.0,-390.0,1753.7067,0.0
650.0,-390.0,1711.6891,0.0
660.0,-390.0,1670.4396,0.0
670.0,-390.0,1629.9556,0.0
680.0,-390.0,1590.2388,0.0
690.0,-390.0,1551.2877,0.0
700.0,-390.0,1513.1011,0.0
710.0,-390.0,1475.6804,0.0
720.0,-390.0,1439.0225,0.0
730.0,-390.0,1403.1282,0.0
740.0,-390.0,1367.9978,0.0
750.0,-390.0,1333.6298,0.0
760.0,-390.0,1300.0239,0.0
770.0,-390.0,1267.1792,0.0
780.0,-390.0,1235.0955,0.0
790.0,-390.0,1203.7736,0.0
800.0,-390.0,1173.2114,0.0
810.0,-390.0,1143.4087,0.0
820.0,-390.0,1114.3655,0.0
830.0,-390.0,1086.0812,0.0
840.0,-390.0,1058.5553,0.0
850.0,-390.0,1031.7878,0.0
860.0,-390.0,1005.7787,0.0
870.0,-390.0,980.5271,0.0
880.0,-390.0,956.03217,0.0
890.0,-390.0,932.2945,0.0
900.0,-390.0,909.313,0.0
910.0,-390.0,887.0874,0.0
920.0,-390.0,865.61816,0.0
930.0,-390.0,844.90436,0.0
940.0,-390.0,824.9457,0.0
950.0,-390.0,805.7427,0.0
960.0,-390.0,787.29407,0.0
970.0,-390.0,769.59985,0.0
980.0,-390.0,752.6602,0.0
990.0,-390.0,736.47363,0.0
1000.0,-390.0,721.042,0.0
1010.0,-390.0,706.3638,0.0
1020.0,-390.0,692.4389,0.0
1030.0,-390.0,679.2673,0.0
1040.0,-390.0,666.8484,0.0
1050.0,-390.0,655.1817,0.0
1060.0,-390.0,644.26874,0.0
1070.0,-390.0,634.10767,0.0
1080.0,-390.0,624.6985,0.0
1090.0,-390.0,616.04175,0.0
1100.0,-390.0,608.13696,0.0
1110.0,-390.0,600.98376,0.0
1120.0,-390.0,594.5823,0.0
1130.0,-390.0,588.93304,0.0
1140.0,-390.0,584.0343,0.0
1150.0,-390.0,579.88745,0.0
1160.0,-390.0,576.4916,0.0
1170.0,-390.0,573.84686,0.0
1180.0,-390.0,571.9529,0.0
1190.0,-390.0,570.8102,0.0
1200.0,-390.0,570.4186,0.0
1210.0,-390.0,570.77686,0.0
1220.0,-390.0,571.8867,0.0
1230.0,-390.0,573.7464,0.0
1240.0,-390.0,576.35706,0.0
1250.0,-390.0,579.71814,0.0
1260.0,-390.0,583.82965,0.0
1270.0,-390.0,588.6914,0.0
1280.0,-390.0,594.30334,0.0
1290.0,-390.0,600.6659,0.0
1300.0,-390.0,607.77826,0.0
1310.0,-390.0,615.6415,0.0
1320.0,-390.0,624.2546,0.0
1330.0,-390.0,633.61774,0.0
1340.0,-390.0,643.7313,0.0
1350.0,-390.0,654.5946,0.0
1360.0,-390.0,666.20825,0.0
1370.0,-390.0,678.5713,0.0
1380.0,-390.0,691.6839,0.0
1390.0,-390.0,705.546,0.0
1400.0,-390.0,720.1591,0.0
1410.0,-390.0,735.5234,0.0
1420.0,-390.0,751.6378,0.0
1430.0,-390.0,768.50073,0.0
1440.0,-390.0,786.1156,0.0
1450.0,-390.0,804.47955,0.0
1460.0,-390.0,823.5945,0.0
1470.0,-390.0,843.4595,0.0
1480.0,-390.0,864.074,0.0
1490.0,-390.0,885.4387,0.0
1500.0,-390.0,907.5536,0.0
1510.0,-390.0,930.4191,0.0
1520.0,-390.0,954.03424,0.0
1530.0,-390.0,978.3998,0.0
1540.0,-390.0,1003.5159,0.0
1550.0,-390.0,1029.3821,0.0
1560.0,-390.0,1055.998,0.0
1570.0,-390.0,1083.3645,0.0
1580.0,-390.0,1111.4814,0.0
1590.0,-390.0,1140.3483,0.0
1600.0,-390.0,1169.9668,0.0
1610.0,-390.0,1200.3357,0.0
1620.0,-390.0,1231.4547,0.0
1630.0,-390.0,1263.3239,0.0
1640.0,-390.0,1295.9431,0.0
1650.0,-390.0,1329.3132,0.0
1660.0,-390.0,1363.433,0.0
1670.0,-390.0,1398.3038,0.0
1680.0,-390.0,1433.925,0.0
1690.0,-390.0,1470.2975,0.0
1700.0,-390.0,1507.4196,0.0
1710.0,-390.0,1545.2922,0.0
1720.0,-390.0,1583.9158,0.0
1730.0,-390.0,1623.2898,0.0
1740.0,-390.0,1663.4137,0.0
1750.0,-390.0,1704.2892,0.0
1760.0,-390.0,1745.9152,0.0
1770.0,-390.0,1788.291,0.0
1780.0,-390.0,1831.4171,0.0
1790.0,-390.0,1875.2952,0.0
1800.0,-390.0,1919.9216,0.0
-200.0,-380.0,39270.906,1.0
-190.0,-380.0,39270.906,1.0
-180.0,-380.0,39270.906,1.0
-170.0,-380.0,39270.906,1.0
-160.0,-380.0,39270.906,1.0
-150.0,-380.0,39270.906,1.0
-140.0,-380.0,39270.906,1.0
-130.0,-380.0,39270.906,1.0
-120.0,-380.0,39270.906,1.0
-110.0,-380.0,39270.906,1.0
-100.0,-380.0,39270.906,1.0
-90.0,-380.0,39270.906,1.0
-80.0,-380.0,39270.906,1.0
-70.0,-380.0,39270.906,1.0
-60.0,-380.0,39270.906,1.0
-50.0,-380.0,39270.906,1.0
-40.0,-380.0,39270.906,1.0
-30.0,-380.0,39270.906,1.0
-20.0,-380.0,39270.906,1.0
-10.0,-380.0,39270.906,1.0
0.0,-380.0,39270.906,1.0
10.0,-380.0,6119.815,0.0
20.0,-380.0,6024.8496,0.0
30.0,-380.0,5930.7534,0.0
40.0,-380.0,5837.5244,0.0
50.0,-380.0,5745.162,0.0
60.0,-380.0,5653.664,0.0
70.0,-380.0,5563.0303,0.0
80.0,-380.0,5473.256,0.0
90.0,-380.0,5384.3364,0.0
100.0,-380.0,5296.2754,0.0
110.0,-380.0,5209.0693,0.0
120.0,-380.0,5122.7173,0.0
130.0,-380.0,5037.2124,0.0
140.0,-380.0,4952.561,0.0
150.0,-380.0,4868.753,0.0
160.0,-380.0,4785.7925,0.0
170.0,-380.0,4703.675,0.0
180.0,-380.0,4622.4014,0.0
190.0,-380.0,4541.968,0.0
200.0,-380.0,4462.372,0.0
210.0,-380.0,4383.6143,0.0
220.0,-380.0,4305.6934,0.0
230.0,-380.0,4228.6045,0.0
240.0,-380.0,4152.349,0.0
250.0,-380.0,4076.9258,0.0
260.0,-380.0,4002.333,0.0
270.0,-380.0,3928.5667,0.0
280.0,-380.0,3855.6284,0.0
290.0,-380.0,3783.516,0.0
300.0,-380.0,3712.2275,0.0
310.0,-380.0,3641.762,0.0
320.0,-380.0,3572.1177,0.0
330.0,-380.0,3503.2932,0.0
340.0,-380.0,3435.288,0.0
350.0,-380.0,3368.1006,0.0
360.0,-380.0,3301.73,0.0
370.0,-380.0,3236.174,0.0
380.0,-380.0,3171.4326,0.0
390.0,-380.0,3107.5034,0.0
400.0,-380.0,3044.3857,0.0
410.0,-380.0,2982.0803,0.0
420.0,-380.0,2920.5828,0.0
430.0,-380.0,2859.894,0.0
440.0,-380.0,2800.0127,0.0
450.0,-380.0,2740.9385,0.0
460.0,-380.0,2682.669,0.0
470.0,-380.0,2625.2036,0.0
480.0,-380.0,2568.542,0.0
490.0,-380.0,2512.6826,0.0
500.0,-380.0,2457.6235,0.0
510.0,-380.0,2403.3662,0.0
520.0,-380.0,2349.9082,0.0
530.0,-380.0,2297.2488,0.0
540.0,-380.0,2245.3867,0.0
550.0,-380.0,2194.3215,0.0
560.0,-380.0,2144.0525,0.0
570.0,-380.0,2094.5786,0.0
580.0,-380.0,2045.8988,0.0
590.0,-380.0,1998.0125,0.0
600.0,-380.0,1950.919,0.0
610.0,-380.0,1904.6182,0.0
620.0,-380.0,1859.1085,0.0
630.0,-380.0,1814.3894,0.0
640.0,-380.0,1770.4597,0.0
650.0,-380.0,1727.3201,0.0
660.0,-380.0,1684.969,0.0
670.0,-380.0,1643.4059,0.0
680.0,-380.0,1602.6296,0.0
690.0,-380.0,1562.6406,0.0
700.0,-380.0,1523.4365,0.0
710.0,-380.0,1485.0189,0.0
720.0,-380.0,1447.3857,0.0
730.0,-380.0,1410.5371,0.0
740.0,-380.0,1374.4725,0.0
750.0,-380.0,1339.1903,0.0
760.0,-380.0,1304.6917,0.0
770.0,-380.0,1270.9749,0.0
780.0,-380.0,1238.0394,0.0
790.0,-380.0,1205.8857,0.0
800.0,-380.0,1174.5123,0.0
810.0,-380.0,1143.9197,0.0
820.0,-380.0,1114.1069,0.0
830.0,-380.0,1085.0728,0.0
840.0,-380.0,1056.8175,0.0
850.0,-380.0,1029.3418,0.0
860.0,-380.0,1002.64343,0.0
870.0,-380.0,976.7234,0.0
880.0,-380.0,951.5803,0.0
890.0,-380.0,927.21454,0.0
900.0,-380.0,903.62537,0.0
910.0,-380.0,880.8127,0.0
920.0,-380.0,858.7759,0.0
930.0,-380.0,837.515,0.0
940.0,-380.0,817.02893,0.0
950.0,-380.0,797.3188,0.0
960.0,-380.0,778.38275,0.0
970.0,-380.0,760.22217,0.0
980.0,-380.0,742.83514,0.0
990.0,-380.0,726.2219,0.0
1000.0,-380.0,710.3828,0.0
1010.0,-380.0,695.3176,0.0
1020.0,-380.0,681.02563,0.0
1030.0,-380.0,667.5065,0.0
1040.0,-380.0,654.76,0.0
1050.0,-380.0,642.78656,0.0
1060.0,-380.0,631.586,0.0
1070.0,-380.0,621.15674,0.0
1080.0,-380.0,611.5002,0.0
1090.0,-380.0,602.61554,0.0
1100.0,-380.0,594.5027,0.0
1110.0,-380.0,587.1612,0.0
1120.0,-380.0,580.5912,0.0
1130.0,-380.0,574.7931,0.0
1140.0,-380.0,569.76587,0.0
1150.0,-380.0,565.5099,0.0
1160.0,-380.0,562.02466,0.0
1170.0,-380.0,559.3104,0.0
1180.0,-380.0,557.36707,0.0
1190.0,-380.0,556.1942,0.0
1200.0,-380.0,555.79236,0.0
1210.0,-380.0,556.16064,0.0
1220.0,-380.0,557.2993,0.0
1230.0,-380.0,559.2084,0.0
1240.0,-380.0,561.8877,0.0
1250.0,-380.0,565.33765,0.0
1260.0,-380.0,569.55725,0.0
1270.0,-380.0,574.547,0.0
1280.0,-380.0,580.3071,0.0
1290.0,-380.0,586.83685,0.0
1300.0,-380.0,594.1368,0.0
1310.0,-380.0,602.20654,0.0
1320.0,-380.0,611.0461,0.0
1330.0,-380.0,620.65607,0.0
1340.0,-380.0,631.0354,0.0
1350.0,-380.0,642.18494,0.0
1360.0,-380.0,654.1039,0.0
1370.0,-380.0,666.7921,0.0
1380.0,-380.0,680.249,0.0
1390.0,-380.0,694.4762,0.0
1400.0,-380.0,709.47473,0.0
1410.0,-380.0,725.2434,0.0
1420.0,-380.0,741.7811,0.0
1430.0,-380.0,759.08844,0.0
1440.0,-380.0,777.1662,0.0
1450.0,-380.0,796.0138,0.0
1460.0,-380.0,815.6312,0.0
1470.0,-380.0,836.0185,0.0
1480.0,-380.0,857.1757,0.0
1490.0,-380.0,879.1022,0.0
1500.0,-380.0,901.7992,0.0
1510.0,-380.0,925.26587,0.0
1520.0,-380.0,949.50305,0.0
1530.0,-380.0,974.50916,0.0
1540.0,-380.0,1000.28625,0.0
1550.0,-380.0,1026.833,0.0
1560.0,-380.0,1054.1494,0.0
1570.0,-380.0,1082.2363,0.0
1580.0,-380.0,1111.0923,0.0
1590.0,-380.0,1140.7201,0.0
1600.0,-380.0,1171.1184,0.0
1610.0,-380.0,1202.2864,0.0
1620.0,-380.0,1234.2234,0.0
1630.0,-380.0,1266.9314,0.0
1640.0,-380.0,1300.4093,0.0
1650.0,-380.0,1334.658,0.0
1660.0,-380.0,1369.6761,0.0
1670.0,-380.0,1405.4642,0.0
1680.0,-380.0,1442.0244,0.0
1690.0,-380.0,1479.3541,0.0
1700.0,-380.0,1517.4534,0.0
1710.0,-380.0,1556.3235,0.0
1720.0,-380.0,1595.9628,0.0
1730.0,-380.0,1636.3745,0.0
1740.0,-380.0,1677.5555,0.0
1750.0,-380.0,1719.5063,0.0
1760.0,-380.0,1762.228,0.0
1770.0,-380.0,1805.72,0.0
1780.0,-380.0,1849.9829,0.0
1790.0,-380.0,1895.0154,0.0
1800.0,-380.0,1940.8186,0.0
-200.0,-370.0,39270.906,1.0
-190.0,-370.0,39270.906,1.0
-180.0,-370.0,39270.906,1.0
-170.0,-370.0,39270.906,1.0
-160.0,-370.0,39270.906,1.0
-150.0,-370.0,39270.906,1.0
-140.0,-370.0,39270.906,1.0
-130.0,-370.0,39270.906,1.0
-120.0,-370.0,39270.906,1.0
-110.0,-370.0,39270.906,1.0
-100.0,-370.0,39270.906,1.0
-90.0,-370.0,39270.906,1.0
-80.0,-370.0,39270.906,1.0
-70.0,-370.0,39270.906,1.0
-60.0,-370.0,39270.906,1.0
-50.0,-370.0,39270.906,1.0
-40.0,-370.0,39270.906,1.0
-30.0,-370.0,39270.906,1.0
-20.0,-370.0,39270.906,1.0
-10.0,-370.0,39270.906,1.0
0.0,-370.0,39270.906,1.0
10.0,-370.0,6261.2876,0.0
20.0,-370.0,6163.5537,0.0
30.0,-370.0,6066.7197,0.0
40.0,-370.0,5970.782,0.0
50.0,-370.0,5875.7373,0.0
60.0,-370.0,5781.5864,0.0
70.0,-370.0,5688.327,0.0
80.0,-370.0,5595.9565,0.0
90.0,-370.0,5504.4717,0.0
100.0,-370.0,5413.8716,0.0
110.0,-370.0,5324.155,0.0
120.0,-370.0,5235.3154,0.0
130.0,-370.0,5147.358,0.0
140.0,-370.0,5060.2754,0.0
150.0,-370.0,4974.0674,0.0
160.0,-370.0,4888.7305,0.0
170.0,-370.0,4804.2666,0.0
180.0,-370.0,4720.6724,0.0
190.0,-370.0,4637.9434,0.0
200.0,-370.0,4556.081,0.0
210.0,-370.0,4475.0825,0.0
220.0,-370.0,4394.9453,0.0
230.0,-370.0,4315.669,0.0
240.0,-370.0,4237.251,0.0
250.0,-370.0,4159.6904,0.0
260.0,-370.0,4082.9854,0.0
270.0,-370.0,4007.1353,0.0
280.0,-370.0,3932.1375,0.0
290.0,-370.0,3857.9902,0.0
300.0,-370.0,3784.6921,0.0
310.0,-370.0,3712.2427,0.0
320.0,-370.0,3640.6387,0.0
330.0,-370.0,3569.8813,0.0
340.0,-370.0,3499.966,0.0
350.0,-370.0,3430.8938,0.0
360.0,-370.0,3362.6624,0.0
370.0,-370.0,3295.2715,0.0
380.0,-370.0,3228.7183,0.0
390.0,-370.0,3163.003,0.0
400.0,-370.0,3098.122,0.0
410.0,-370.0,3034.0771,0.0
420.0,-370.0,2970.8657,0.0
430.0,-370.0,2908.4868,0.0
440.0,-370.0,2846.9385,0.0
450.0,-370.0,2786.2212,0.0
460.0,-370.0,2726.3315,0.0
470.0,-370.0,2667.271,0.0
480.0,-370.0,2609.036,0.0
490.0,-370.0,2551.6277,0.0
500.0,-370.0,2495.0435,0.0
510.0,-370.0,2439.2834,0.0
520.0,-370.0,2384.3457,0.0
530.0,-370.0,2330.2302,0.0
540.0,-370.0,2276.936,0.0
550.0,-370.0,2224.4602,0.0
560.0,-370.0,2172.804,0.0
570.0,-370.0,2121.9663,0.0
580.0,-370.0,2071.9448,0.0
590.0,-370.0,2022.74,0.0
600.0,-370.0,1974.3502,0.0
610.0,-370.0,1926.7751,0.0
620.0,-370.0,1880.0144,0.0
630.0,-370.0,1834.0667,0.0
640.0,-370.0,1788.9308,0.0
650.0,-370.0,1744.6067,0.0
660.0,-370.0,1701.0934,0.0
670.0,-370.0,1658.3905,0.0
680.0,-370.0,1616.4966,0.0
690.0,-370.0,1575.4119,0.0
700.0,-370.0,1535.1355,0.0
710.0,-370.0,1495.6664,0.0
720.0,-370.0,1457.0042,0.0
730.0,-370.0,1419.1478,0.0
740.0,-370.0,1382.0977,0.0
750.0,-370.0,1345.8518,0.0
760.0,-370.0,1310.4113,0.0
770.0,-370.0,1275.7739,0.0
780.0,-370.0,1241.9407,0.0
790.0,-370.0,1208.9094,0.0
800.0,-370.0,1176.6808,0.0
810.0,-370.0,1145.2544,0.0
820.0,-370.0,1114.6296,0.0
830.0,-370.0,1084.8053,0.0
840.0,-370.0,1055.781,0.0
850.0,-370.0,1027.5571,0.0
860.0,-370.0,1000.13245,0.0
870.0,-370.0,973.5079,0.0
880.0,-370.0,947.6815,0.0
890.0,-370.0,922.6537,0.0
900.0,-370.0,898.4237,0.0
910.0,-370.0,874.9912,0.0
920.0,-370.0,852.35614,0.0
930.0,-370.0,830.5182,0.0
940.0,-370.0,809.47675,0.0
950.0,-370.0,789.2312,0.0
960.0,-370.0,769.7822,0.0
970.0,-370.0,751.1284,0.0
980.0,-370.0,733.27075,0.0
990.0,-370.0,716.20715,0.0
1000.0,-370.0,699.93884,0.0
1010.0,-370.0,684.4652,0.0
1020.0,-370.0,669.786,0.0
1030.0,-370.0,655.90125,0.0
1040.0,-370.0,642.81006,0.0
1050.0,-370.0,630.51184,0.0
1060.0,-370.0,619.0077,0.0
1070.0,-370.0,608.29694,0.0
1080.0,-370.0,598.3789,0.0
1090.0,-370.0,589.2538,0.0
1100.0,-370.0,580.9218,0.0
1110.0,-370.0,573.3821,0.0
1120.0,-370.0,566.635,0.0
1130.0,-370.0,560.67957,0.0
1140.0,-370.0,555.5167,0.0
1150.0,-370.0,551.1456,0.0
1160.0,-370.0,547.5666,0.0
1170.0,-370.0,544.779,0.0
1180.0,-370.0,542.7837,0.0
1190.0,-370.0,541.5792,0.0
1200.0,-370.0,541.16626,0.0
1210.0,-370.0,541.5448,0.0
1220.0,-370.0,542.71375,0.0
1230.0,-370.0,544.6752,0.0
1240.0,-370.0,547.42694,0.0
1250.0,-370.0,550.9699,0.0
1260.0,-370.0,555.304,0.0
1270.0,-370.0,560.42883,0.0
1280.0,-370.0,566.34424,0.0
1290.0,-370.0,573.05096,0.0
1300.0,-370.0,580.5479,0.0
1310.0,-370.0,588.8362,0.0
1320.0,-370.0,597.91455,0.0
1330.0,-370.0,607.784,0.0
1340.0,-370.0,618.4441,0.0
1350.0,-370.0,629.8952,0.0
1360.0,-370.0,642.1356,0.0
1370.0,-370.0,655.166,0.0
1380.0,-370.0,668.98676,0.0
1390.0,-370.0,683.59924,0.0
1400.0,-370.0,699.0031,0.0
1410.0,-370.0,715.1975,0.0
1420.0,-370.0,732.1819,0.0
1430.0,-370.0,749.9573,0.0
1440.0,-370.0,768.5231,0.0
1450.0,-370.0,787.8799,0.0
1460.0,-370.0,808.02783,0.0
1470.0,-370.0,828.9655,0.0
1480.0,-370.0,850.6945,0.0
1490.0,-370.0,873.21344,0.0
1500.0,-370.0,896.5236,0.0
1510.0,-370.0,920.6245,0.0
1520.0,-370.0,945.5162,0.0
1530.0,-370.0,971.1989,0.0
1540.0,-370.0,997.6723,0.0
1550.0,-370.0,1024.9358,0.0
1560.0,-370.0,1052.9902,0.0
1570.0,-370.0,1081.8357,0.0
1580.0,-370.0,1111.473,0.0
1590.0,-370.0,1141.9016,0.0
1600.0,-370.0,1173.1216,0.0
1610.0,-370.0,1205.1311,0.0
1620.0,-370.0,1237.9319,0.0
1630.0,-370.0,1271.5244,0.0
1640.0,-370.0,1305.9071,0.0
1650.0,-370.0,1341.081,0.0
1660.0,-370.0,1377.0461,0.0
1670.0,-370.0,1413.8026,0.0
1680.0,-370.0,1451.3501,0.0
1690.0,-370.0,1489.6888,0.0
1700.0,-370.0,1528.8185,0.0
1710.0,-370.0,1568.7393,0.0
1720.0,-370.0,1609.4528,0.0
1730.0,-370.0,1650.9551,0.0
1740.0,-370.0,1693.2499,0.0
1750.0,-370.0,1736.3367,0.0
1760.0,-370.0,1780.2136,0.0
1770.0,-370.0,1824.8818,0.0
1780.0,-370.0,1870.3406,0.0
1790.0,-370.0,1916.5928,0.0
1800.0,-370.0,1963.634,0.0
-200.0,-360.0,39270.906,1.0
-190.0,-360.0,39270.906,1.0
-180.0,-360.0,39270.906,1.0
-170.0,-360.0,39270.906,1.0
-160.0,-360.0,39270.906,1.0
-150.0,-360.0,39270.906,1.0
-140.0,-360.0,39270.906,1.0
-130.0,-360.0,39270.906,1.0
-120.0,-360.0,39270.906,1.0
-110.0,-360.0,39270.906,1.0
-100.0,-360.0,39270.906,1.0
-90.0,-360.0,39270.906,1.0
-80.0,-360.0,39270.906,1.0
-70.0,-360.0,39270.906,1.0
-60.0,-360.0,39270.906,1.0
-50.0,-360.0,39270.906,1.0
-40.0,-360.0,39270.906,1.0
-30.0,-360.0,39270.906,1.0
-20.0,-360.0,39270.906,1.0
-10.0,-360.0,39270.906,1.0
0.0,-360.0,39270.906,1.0
10.0,-360.0,6411.949,0.0
20.0,-360.0,6311.273,0.0
30.0,-360.0,6211.5283,0.0
40.0,-360.0,6112.713,0.0
50.0,-360.0,6014.822,0.0
60.0,-360.0,5917.8574,0.0
70.0,-360.0,5821.8115,0.0
80.0,-360.0,5726.6836,0.0
90.0,-360.0,5632.4766,0.0
100.0,-360.0,5539.1807,0.0
110.0,-360.0,5446.798,0.0
120.0,-360.0,5355.3237,0.0
130.0,-360.0,5264.76,0.0
140.0,-360.0,5175.101,0.0
150.0,-360.0,5086.3447,0.0
160.0,-360.0,4998.491,0.0
170.0,-360.0,4911.538,0.0
180.0,-360.0,4825.4824,0.0
190.0,-360.0,4740.3223,0.0
200.0,-360.0,4656.0547,0.0
210.0,-360.0,4572.6807,0.0
220.0,-360.0,4490.1973,0.0
230.0,-360.0,4408.5996,0.0
240.0,-360.0,4327.8906,0.0
250.0,-360.0,4248.066,0.0
260.0,-360.0,4169.1255,0.0
270.0,-360.0,4091.0635,0.0
280.0,-360.0,4013.8833,0.0
290.0,-360.0,3937.5806,0.0
300.0,-360.0,3862.1543,0.0
310.0,-360.0,3787.603,0.0
320.0,-360.0,3713.9248,0.0
330.0,-360.0,3641.1187,0.0
340.0,-360.0,3569.1812,0.0
350.0,-360.0,3498.1133,0.0
360.0,-360.0,3427.9138,0.0
370.0,-360.0,3358.5793,0.0
380.0,-360.0,3290.109,0.0
390.0,-360.0,3222.501,0.0
400.0,-360.0,3155.7554,0.0
410.0,-360.0,3089.87,0.0
420.0,-360.0,3024.8447,0.0
430.0,-360.0,2960.6763,0.0
440.0,-360.0,2897.3645,0.0
450.0,-360.0,2834.9082,0.0
460.0,-360.0,2773.3054,0.0
470.0,-360.0,2712.5557,0.0
480.0,-360.0,2652.6577,0.0
490.0,-360.0,2593.6104,0.0
500.0,-360.0,2535.4136,0.0
510.0,-360.0,2478.063,0.0
520.0,-360.0,2421.5615,0.0
530.0,-360.0,2365.9058,0.0
540.0,-360.0,2311.0952,0.0
550.0,-360.0,2257.129,0.0
560.0,-360.0,2204.0059,0.0
570.0,-360.0,2151.726,0.0
580.0,-360.0,2100.2856,0.0
590.0,-360.0,2049.6868,0.0
600.0,-360.0,1999.9275,0.0
610.0,-360.0,1951.0052,0.0
620.0,-360.0,1902.9222,0.0
630.0,-360.0,1855.675,0.0
640.0,-360.0,1809.2642,0.0
650.0,-360.0,1763.6885,0.0
660.0,-360.0,1718.9476,0.0
670.0,-360.0,1675.0404,0.0
680.0,-360.0,1631.9652,0.0
690.0,-360.0,1589.7233,0.0
700.0,-360.0,1548.3127,0.0
710.0,-360.0,1507.7324,0.0
720.0,-360.0,1467.9829,0.0
730.0,-360.0,1429.0618,0.0
740.0,-360.0,1390.9703,0.0
750.0,-360.0,1353.7067,0.0
760.0,-360.0,1317.2703,0.0
770.0,-360.0,1281.6614,0.0
780.0,-360.0,1246.8783,0.0
790.0,-360.0,1212.9218,0.0
800.0,-360.0,1179.7891,0.0
810.0,-360.0,1147.4825,0.0
820.0,-360.0,1115.9998,0.0
830.0,-360.0,1085.3403,0.0
840.0,-360.0,1055.5044,0.0
850.0,-360.0,1026.491,0.0
860.0,-360.0,998.2997,0.0
870.0,-360.0,970.9301,0.0
880.0,-360.0,944.3818,0.0
890.0,-360.0,918.655,0.0
900.0,-360.0,893.748,0.0
910.0,-360.0,869.6612,0.0
920.0,-360.0,846.3943,0.0
930.0,-360.0,823.947,0.0
940.0,-360.0,802.31885,0.0
950.0,-360.0,781.509,0.0
960.0,-360.0,761.51685,0.0
970.0,-360.0,742.3437,0.0
980.0,-360.0,723.98804,0.0
990.0,-360.0,706.4489,0.0
1000.0,-360.0,689.7276,0.0
1010.0,-360.0,673.8232,0.0
1020.0,-360.0,658.7357,0.0
1030.0,-360.0,644.46387,0.0
1040.0,-360.0,631.00836,0.0
1050.0,-360.0,618.36865,0.0
1060.0,-360.0,606.5447,0.0
1070.0,-360.0,595.5355,0.0
1080.0,-360.0,585.3416,0.0
1090.0,-360.0,575.9633,0.0
1100.0,-360.0,567.3997,0.0
1110.0,-360.0,559.64996,0.0
1120.0,-360.0,552.7155,0.0
1130.0,-360.0,546.5948,0.0
1140.0,-360.0,541.28815,0.0
1150.0,-360.0,536.7959,0.0
1160.0,-360.0,533.11755,0.0
1170.0,-360.0,530.25256,0.0
1180.0,-360.0,528.20184,0.0
1190.0,-360.0,526.9644,0.0
1200.0,-360.0,526.5399,0.0
1210.0,-360.0,526.9292,0.0
1220.0,-360.0,528.1314,0.0
1230.0,-360.0,530.14685,0.0
1240.0,-360.0,532.9752,0.0
1250.0,-360.0,536.617,0.0
1260.0,-360.0,541.07104,0.0
1270.0,-360.0,546.33844,0.0
1280.0,-360.0,552.41876,0.0
1290.0,-360.0,559.31165,0.0
1300.0,-360.0,567.01697,0.0
1310.0,-360.0,575.535,0.0
1320.0,-360.0,584.86597,0.0
1330.0,-360.0,595.0099,0.0
1340.0,-360.0,605.9657,0.0
1350.0,-360.0,617.7344,0.0
1360.0,-360.0,630.31476,0.0
1370.0,-360.0,643.70624,0.0
1380.0,-360.0,657.9114,0.0
1390.0,-360.0,672.93066,0.0
1400.0,-360.0,688.7619,0.0
1410.0,-360.0,705.4054,0.0
1420.0,-360.0,722.8617,0.0
1430.0,-360.0,741.1306,0.0
1440.0,-360.0,760.2125,0.0
1450.0,-360.0,780.1063,0.0
1460.0,-360.0,800.8137,0.0
1470.0,-360.0,822.3331,0.0
1480.0,-360.0,844.66547,0.0
1490.0,-360.0,867.8098,0.0
1500.0,-360.0,891.76746,0.0
1510.0,-360.0,916.5372,0.0
1520.0,-360.0,942.1204,0.0
1530.0,-360.0,968.5165,0.0
1540.0,-360.0,995.72424,0.0
1550.0,-360.0,1023.74493,0.0
1560.0,-360.0,1052.5791,0.0
1570.0,-360.0,1082.2258,0.0
1580.0,-360.0,1112.6875,0.0
1590.0,-360.0,1143.9602,0.0
1600.0,-360.0,1176.0472,0.0
1610.0,-360.0,1208.9463,0.0
1620.0,-360.0,1242.6582,0.0
1630.0,-360.0,1277.1838,0.0
1640.0,-360.0,1312.5217,0.0
1650.0,-360.0,1348.6729,0.0
1660.0,-360.0,1385.6377,0.0
1670.0,-360.0,1423.4159,0.0
1680.0,-360.0,1462.0062,0.0
1690.0,-360.0,1501.4106,0.0
1700.0,-360.0,1541.6277,0.0
1710.0,-360.0,1582.6586,0.0
1720.0,-360.0,1624.5017,0.0
1730.0,-360.0,1667.1593,0.0
1740.0,-360.0,1710.6295,0.0
1750.0,-360.0,1754.9131,0.0
1760.0,-360.0,1800.0101,0.0
1770.0,-360.0,1845.9204,0.0
1780.0,-360.0,1892.6432,0.0
1790.0,-360.0,1940.1807,0.0
1800.0,-360.0,1988.5305,0.0
-200.0,-350.0,39270.906,1.0
-190.0,-350.0,39270.906,1.0
-180.0,-350.0,39270.906,1.0
-170.0,-350.0,39270.906,1.0
-160.0,-350.0,39270.906,1.0
-150.0,-350.0,39270.906,1.0
-140.0,-350.0,39270.906,1.0
-130.0,-350.0,39270.906,1.0
-120.0,-350.0,39270.906,1.0
-110.0,-350.0,39270.906,1.0
-100.0,-350.0,39270.906,1.0
-90.0,-350.0,39270.906,1.0
-80.0,-350.0,39270.906,1.0
-70.0,-350.0,39270.906,1.0
-60.0,-350.0,39270.906,1.0
-50.0,-350.0,39270.906,1.0
-40.0,-350.0,39270.906,1.0
-30.0,-350.0,39270.906,1.0
-20.0,-350.0,39270.906,1.0
-10.0,-350.0,39270.906,1.0
0.0,-350.0,39270.906,1.0
10.0,-350.0,6572.6445,0.0
20.0,-350.0,6468.841,0.0
30.0,-350.0,6366.0005,0.0
40.0,-350.0,6264.1196,0.0
50.0,-350.0,6163.2,0.0
60.0,-350.0,6063.2393,0.0
70.0,-350.0,5964.2305,0.0
80.0,-350.0,5866.175,0.0
90.0,-350.0,5769.068,0.0
100.0,-350.0,5672.9067,0.0
110.0,-350.0,5577.6904,0.0
120.0,-350.0,5483.4175,0.0
130.0,-350.0,5390.084,0.0
140.0,-350.0,5297.6855,0.0
150.0,-350.0,5206.222,0.0
160.0,-350.0,5115.6924,0.0
170.0,-350.0,5026.095,0.0
180.0,-350.0,4937.423,0.0
190.0,-350.0,4849.68,0.0
200.0,-350.0,4762.8604,0.0
210.0,-350.0,4676.962,0.0
220.0,-350.0,4591.9854,0.0
230.0,-350.0,4507.9253,0.0
240.0,-350.0,4424.782,0.0
250.0,-350.0,4342.5547,0.0
260.0,-350.0,4261.2373,0.0
270.0,-350.0,4180.833,0.0
280.0,-350.0,4101.335,0.0
290.0,-350.0,4022.7463,0.0
300.0,-350.0,3945.0615,0.0
310.0,-350.0,3868.2798,0.0
320.0,-350.0,3792.4006,0.0
330.0,-350.0,3717.4224,0.0
340.0,-350.0,3643.3389,0.0
350.0,-350.0,3570.155,0.0
360.0,-350.0,3497.8667,0.0
370.0,-350.0,3426.4705,0.0
380.0,-350.0,3355.9675,0.0
390.0,-350.0,3286.3545,0.0
400.0,-350.0,3217.6301,0.0
410.0,-350.0,3149.7944,0.0
420.0,-350.0,3082.8445,0.0
430.0,-350.0,3016.7798,0.0
440.0,-350.0,2951.5986,0.0
450.0,-350.0,2887.3003,0.0
460.0,-350.0,2823.8818,0.0
470.0,-350.0,2761.3428,0.0
480.0,-350.0,2699.6826,0.0
490.0,-350.0,2638.8994,0.0
500.0,-350.0,2578.9912,0.0
510.0,-350.0,2519.959,0.0
520.0,-350.0,2461.799,0.0
530.0,-350.0,2404.512,0.0
540.0,-350.0,2348.0957,0.0
550.0,-350.0,2292.5508,0.0
560.0,-350.0,2237.8735,0.0
570.0,-350.0,2184.0654,0.0
580.0,-350.0,2131.1243,0.0
590.0,-350.0,2079.0483,0.0
600.0,-350.0,2027.8375,0.0
610.0,-350.0,1977.491,0.0
620.0,-350.0,1928.0063,0.0
630.0,-350.0,1879.3845,0.0
640.0,-350.0,1831.624,0.0
650.0,-350.0,1784.7234,0.0
660.0,-350.0,1738.6819,0.0
670.0,-350.0,1693.4999,0.0
680.0,-350.0,1649.1755,0.0
690.0,-350.0,1605.7075,0.0
700.0,-350.0,1563.0967,0.0
710.0,-350.0,1521.3411,0.0
720.0,-350.0,1480.4402,0.0
730.0,-350.0,1440.3933,0.0
740.0,-350.0,1401.1992,0.0
750.0,-350.0,1362.8582,0.0
760.0,-350.0,1325.3689,0.0
770.0,-350.0,1288.7314,0.0
780.0,-350.0,1252.9446,0.0
790.0,-350.0,1218.0072,0.0
800.0,-350.0,1183.9197,0.0
810.0,-350.0,1150.6814,0.0
820.0,-350.0,1118.2906,0.0
830.0,-350.0,1086.748,0.0
840.0,-350.0,1056.0531,0.0
850.0,-350.0,1026.2047,0.0
860.0,-350.0,997.20215,0.0
870.0,-350.0,969.0445,0.0
880.0,-350.0,941.7333,0.0
890.0,-350.0,915.26624,0.0
900.0,-350.0,889.6437,0.0
910.0,-350.0,864.8654,0.0
920.0,-350.0,840.9301,0.0
930.0,-350.0,817.838,0.0
940.0,-350.0,795.58905,0.0
950.0,-350.0,774.1821,0.0
960.0,-350.0,753.617,0.0
970.0,-350.0,733.8935,0.0
980.0,-350.0,715.01166,0.0
990.0,-350.0,696.9705,0.0
1000.0,-350.0,679.7697,0.0
1010.0,-350.0,663.4091,0.0
1020.0,-350.0,647.8897,0.0
1030.0,-350.0,633.2094,0.0
1040.0,-350.0,619.36865,0.0
1050.0,-350.0,606.3672,0.0
1060.0,-350.0,594.2046,0.0
1070.0,-350.0,582.881,0.0
1080.0,-350.0,572.39545,0.0
1090.0,-350.0,562.7484,0.0
1100.0,-350.0,553.9402,0.0
1110.0,-350.0,545.9696,0.0
1120.0,-350.0,538.8362,0.0
1130.0,-350.0,532.54095,0.0
1140.0,-350.0,527.08276,0.0
1150.0,-350.0,522.46246,0.0
1160.0,-350.0,518.67896,0.0
1170.0,-350.0,515.73267,0.0
1180.0,-350.0,513.6228,0.0
1190.0,-350.0,512.35034,0.0
1200.0,-350.0,511.91388,0.0
1210.0,-350.0,512.3143,0.0
1220.0,-350.0,513.55115,0.0
1230.0,-350.0,515.6243,0.0
1240.0,-350.0,518.5338,0.0
1250.0,-350.0,522.2794,0.0
1260.0,-350.0,526.8611,0.0
1270.0,-350.0,532.27905,0.0
1280.0,-350.0,538.5327,0.0
1290.0,-350.0,545.62244,0.0
1300.0,-350.0,553.5482,0.0
1310.0,-350.0,562.3101,0.0
1320.0,-350.0,571.9075,0.0
1330.0,-350.0,582.3408,0.0
1340.0,-350.0,593.60986,0.0
1350.0,-350.0,605.71436,0.0
1360.0,-350.0,618.6535,0.0
1370.0,-350.0,632.42816,0.0
1380.0,-350.0,647.0393,0.0
1390.0,-350.0,662.48737,0.0
1400.0,-350.0,678.771,0.0
1410.0,-350.0,695.88965,0.0
1420.0,-350.0,713.8447,0.0
1430.0,-350.0,732.6351,0.0
1440.0,-350.0,752.2617,0.0
1450.0,-350.0,772.7245,0.0
1460.0,-350.0,794.02277,0.0
1470.0,-350.0,816.15674,0.0
1480.0,-350.0,839.1267,0.0
1490.0,-350.0,862.93225,0.0
1500.0,-350.0,887.5742,0.0
1510.0,-350.0,913.05176,0.0
1520.0,-350.0,939.3652,0.0
1530.0,-350.0,966.5148,0.0
1540.0,-350.0,994.4997,0.0
1550.0,-350.0,1023.3208,0.0
1560.0,-350.0,1052.9792,0.0
1570.0,-350.0,1083.4739,0.0
1580.0,-350.0,1114.805,0.0
1590.0,-350.0,1146.971,0.0
1600.0,-350.0,1179.9746,0.0
1610.0,-350.0,1213.8137,0.0
1620.0,-350.0,1248.4893,0.0
1630.0,-350.0,1284.0005,0.0
1640.0,-350.0,1320.3488,0.0
1650.0,-350.0,1357.5334,0.0
1660.0,-350.0,1395.5549,0.0
1670.0,-350.0,1434.412,0.0
1680.0,-350.0,1474.1057,0.0
1690.0,-350.0,1514.6365,0.0
1700.0,-350.0,1556.0033,0.0
1710.0,-350.0,1598.2068,0.0
1720.0,-350.0,1641.2468,0.0
1730.0,-350.0,1685.124,0.0
1740.0,-350.0,1729.8369,0.0
1750.0,-350.0,1775.3867,0.0
1760.0,-350.0,1821.773,0.0
1770.0,-350.0,1868.996,0.0
1780.0,-350.0,1917.0546,0.0
1790.0,-350.0,1965.9526,0.0
1800.0,-350.0,2015.6844,0.0
-200.0,-340.0,39270.906,1.0
-190.0,-340.0,39270.906,1.0
-180.0,-340.0,39270.906,1.0
-170.0,-340.0,39270.906,1.0
-160.0,-340.0,39270.906,1.0
-150.0,-340.0,39270.906,1.0
-140.0,-340.0,39270.906,1.0
-130.0,-340.0,39270.906,1.0
-120.0,-340.0,39270.906,1.0
-110.0,-340.0,39270.906,1.0
-100.0,-340.0,39270.906,1.0
-90.0,-340.0,39270.906,1.0
-80.0,-340.0,39270.906,1.0
-70.0,-340.0,39270.906,1.0
-60.0,-340.0,39270.906,1.0
-50.0,-340.0,39270.906,1.0
-40.0,-340.0,39270.906,1.0
-30.0,-340.0,39270.906,1.0
-20.0,-340.0,39270.906,1.0
-10.0,-340.0,39270.906,1.0
0.0,-340.0,6852.485,0.0
10.0,-340.0,6744.338,0.0
20.0,-340.0,6637.1943,0.0
30.0,-340.0,6531.0513,0.0
40.0,-340.0,6425.9077,0.0
50.0,-340.0,6321.76,0.0
60.0,-340.0,6218.6025,0.0
70.0,-340.0,6116.438,0.0
80.0,-340.0,6015.259,0.0
90.0,-340.0,5915.0635,0.0
100.0,-340.0,5815.8486,0.0
110.0,-340.0,5717.6143,0.0
120.0,-340.0,5620.3555,0.0
130.0,-340.0,5524.071,0.0
140.0,-340.0,5428.758,0.0
150.0,-340.0,5334.412,0.0
160.0,-340.0,5241.0327,0.0
170.0,-340.0,5148.618,0.0
180.0,-340.0,5057.166,0.0
190.0,-340.0,4966.672,0.0
200.0,-340.0,4877.1343,0.0
210.0,-340.0,4788.5527,0.0
220.0,-340.0,4700.922,0.0
230.0,-340.0,4614.242,0.0
240.0,-340.0,4528.5107,0.0
250.0,-340.0,4443.7256,0.0
260.0,-340.0,4359.884,0.0
270.0,-340.0,4276.9844,0.0
280.0,-340.0,4195.024,0.0
290.0,-340.0,4114.002,0.0
300.0,-340.0,4033.9165,0.0
310.0,-340.0,3954.7644,0.0
320.0,-340.0,3876.5457,0.0
330.0,-340.0,3799.2568,0.0
340.0,-340.0,3722.8948,0.0
350.0,-340.0,3647.4622,0.0
360.0,-340.0,3572.9534,0.0
370.0,-340.0,3499.3682,0.0
380.0,-340.0,3426.7053,0.0
390.0,-340.0,3354.9612,0.0
400.0,-340.0,3284.1357,0.0
410.0,-340.0,3214.228,0.0
420.0,-340.0,3145.236,0.0
430.0,-340.0,3077.1562,0.0
440.0,-340.0,3009.9905,0.0
450.0,-340.0,2943.7349,0.0
460.0,-340.0,2878.3892,0.0
470.0,-340.0,2813.9507,0.0
480.0,-340.0,2750.4194,0.0
490.0,-340.0,2687.793,0.0
500.0,-340.0,2626.0706,0.0
510.0,-340.0,2565.2505,0.0
520.0,-340.0,2505.3325,0.0
530.0,-340.0,2446.315,0.0
540.0,-340.0,2388.1948,0.0
550.0,-340.0,2330.973,0.0
560.0,-340.0,2274.6484,0.0
570.0,-340.0,2219.2192,0.0
580.0,-340.0,2164.6833,0.0
590.0,-340.0,2111.0417,0.0
600.0,-340.0,2058.292,0.0
610.0,-340.0,2006.4329,0.0
620.0,-340.0,1955.4634,0.0
630.0,-340.0,1905.3838,0.0
640.0,-340.0,1856.1907,0.0
650.0,-340.0,1807.8853,0.0
660.0,-340.0,1760.4663,0.0
670.0,-340.0,1713.9321,0.0
680.0,-340.0,1668.282,0.0
690.0,-340.0,1623.5156,0.0
700.0,-340.0,1579.6318,0.0
710.0,-340.0,1536.6296,0.0
720.0,-340.0,1494.5085,0.0
730.0,-340.0,1453.2673,0.0
740.0,-340.0,1412.9059,0.0
750.0,-340.0,1373.4227,0.0
760.0,-340.0,1334.8176,0.0
770.0,-340.0,1297.0895,0.0
780.0,-340.0,1260.2385,0.0
790.0,-340.0,1224.263,0.0
800.0,-340.0,1189.1626,0.0
810.0,-340.0,1154.9368,0.0
820.0,-340.0,1121.5841,0.0
830.0,-340.0,1089.1055,0.0
840.0,-340.0,1057.4998,0.0
850.0,-340.0,1026.7666,0.0
860.0,-340.0,996.9049,0.0
870.0,-340.0,967.9133,0.0
880.0,-340.0,939.79315,0.0
890.0,-340.0,912.5425,0.0
900.0,-340.0,886.1613,0.0
910.0,-340.0,860.65027,0.0
920.0,-340.0,836.0073,0.0
930.0,-340.0,812.2328,0.0
940.0,-340.0,789.3262,0.0
950.0,-340.0,767.2865,0.0
960.0,-340.0,746.11444,0.0
970.0,-340.0,725.8081,0.0
980.0,-340.0,706.3687,0.0
990.0,-340.0,687.79517,0.0
1000.0,-340.0,670.0874,0.0
1010.0,-340.0,653.24426,0.0
1020.0,-340.0,637.26654,0.0
1030.0,-340.0,622.1537,0.0
1040.0,-340.0,607.9049,0.0
1050.0,-340.0,594.5199,0.0
1060.0,-340.0,581.9995,0.0
1070.0,-340.0,570.3423,0.0
1080.0,-340.0,559.5481,0.0
1090.0,-340.0,549.6173,0.0
1100.0,-340.0,540.5493,0.0
1110.0,-340.0,532.3441,0.0
1120.0,-340.0,525.00134,0.0
1130.0,-340.0,518.52057,0.0
1140.0,-340.0,512.9023,0.0
1150.0,-340.0,508.14594,0.0
1160.0,-340.0,504.25095,0.0
1170.0,-340.0,501.21802,0.0
1180.0,-340.0,499.0466,0.0
1190.0,-340.0,497.73648,0.0
1200.0,-340.0,497.28815,0.0
1210.0,-340.0,497.70026,0.0
1220.0,-340.0,498.9736,0.0
1230.0,-340.0,501.10767,0.0
1240.0,-340.0,504.10297,0.0
1250.0,-340.0,507.95898,0.0
1260.0,-340.0,512.6754,0.0
1270.0,-340.0,518.25256,0.0
1280.0,-340.0,524.6905,0.0
1290.0,-340.0,531.9888,0.0
1300.0,-340.0,540.1478,0.0
1310.0,-340.0,549.1668,0.0
1320.0,-340.0,559.04675,0.0
1330.0,-340.0,569.7866,0.0
1340.0,-340.0,581.3873,0.0
1350.0,-340.0,593.84717,0.0
1360.0,-340.0,607.1664,0.0
1370.0,-340.0,621.34625,0.0
1380.0,-340.0,636.3881,0.0
1390.0,-340.0,652.29004,0.0
1400.0,-340.0,669.05164,0.0
1410.0,-340.0,686.6743,0.0
1420.0,-340.0,705.1571,0.0
1430.0,-340.0,724.4999,0.0
1440.0,-340.0,744.70337,0.0
1450.0,-340.0,765.7676,0.0
1460.0,-340.0,787.6916,0.0
1470.0,-340.0,810.47644,0.0
1480.0,-340.0,834.1218,0.0
1490.0,-340.0,858.62756,0.0
1500.0,-340.0,883.9933,0.0
1510.0,-340.0,910.2204,0.0
1520.0,-340.0,937.3074,0.0
1530.0,-340.0,965.2545,0.0
1540.0,-340.0,994.0631,0.0
1550.0,-340.0,1023.732,0.0
1560.0,-340.0,1054.2633,0.0
1570.0,-340.0,1085.654,0.0
1580.0,-340.0,1117.9065,0.0
1590.0,-340.0,1151.0183,0.0
1600.0,-340.0,1184.9922,0.0
1610.0,-340.0,1219.8271,0.0
1620.0,-340.0,1255.5226,0.0
1630.0,-340.0,1292.0785,0.0
1640.0,-340.0,1329.4961,0.0
1650.0,-340.0,1367.7743,0.0
1660.0,-340.0,1406.9143,0.0
1670.0,-340.0,1446.9148,0.0
1680.0,-340.0,1487.7764,0.0
1690.0,-340.0,1529.5,0.0
1700.0,-340.0,1572.0839,0.0
1710.0,-340.0,1615.5295,0.0
1720.0,-340.0,1659.8362,0.0
1730.0,-340.0,1705.0044,0.0
1740.0,-340.0,1751.0334,0.0
1750.0,-340.0,1797.9244,0.0
1760.0,-340.0,1845.6761,0.0
1770.0,-340.0,1894.2886,0.0
1780.0,-340.0,1943.763,0.0
1790.0,-340.0,1994.1008,0.0
1800.0,-340.0,2045.2969,0.0
-200.0,-330.0,39270.906,1.0
-190.0,-330.0,39270.906,1.0
-180.0,-330.0,39270.906,1.0
-170.0,-330.0,39270.906,1.0
-160.0,-330.0,39270.906,1.0
-150.0,-330.0,39270.906,1.0
-140.0,-330.0,39270.906,1.0
-130.0,-330.0,39270.906,1.0
-120.0,-330.0,39270.906,1.0
-110.0,-330.0,39270.906,1.0
-100.0,-330.0,39270.906,1.0
-90.0,-330.0,39270.906,1.0
-80.0,-330.0,39270.906,1.0
-70.0,-330.0,39270.906,1.0
-60.0,-330.0,39270.906,1.0
-50.0,-330.0,39270.906,1.0
-40.0,-330.0,39270.906,1.0
-30.0,-330.0,39270.906,1.0
-20.0,-330.0,39270.906,1.0
-10.0,-330.0,39270.906,1.0
0.0,-330.0,7039.876,0.0
10.0,-330.0,6928.12,0.0
20.0,-330.0,6817.408,0.0
30.0,-330.0,6707.7363,0.0
40.0,-330.0,6599.101,0.0
50.0,-330.0,6491.5,0.0
60.0,-330.0,6384.932,0.0
70.0,-330.0,6279.39,0.0
80.0,-330.0,6174.875,0.0
90.0,-330.0,6071.382,0.0
100.0,-330.0,5968.908,0.0
110.0,-330.0,5867.45,0.0
120.0,-330.0,5767.006,0.0
130.0,-330.0,5667.5703,0.0
140.0,-330.0,5569.1465,0.0
150.0,-330.0,5471.7227,0.0
160.0,-330.0,5375.3047,0.0
170.0,-330.0,5279.8867,0.0
180.0,-330.0,5185.465,0.0
190.0,-330.0,5092.0366,0.0
200.0,-330.0,4999.6006,0.0
210.0,-330.0,4908.155,0.0
220.0,-330.0,4817.6973,0.0
230.0,-330.0,4728.2217,0.0
240.0,-330.0,4639.7305,0.0
250.0,-330.0,4552.2197,0.0
260.0,-330.0,4465.6865,0.0
270.0,-330.0,4380.1284,0.0
280.0,-330.0,4295.544,0.0
290.0,-330.0,4211.9316,0.0
300.0,-330.0,4129.2876,0.0
310.0,-330.0,4047.6113,0.0
320.0,-330.0,3966.8994,0.0
330.0,-330.0,3887.1504,0.0
340.0,-330.0,3808.3618,0.0
350.0,-330.0,3730.5327,0.0
360.0,-330.0,3653.6616,0.0
370.0,-330.0,3577.7456,0.0
380.0,-330.0,3502.7827,0.0
390.0,-330.0,3428.7715,0.0
400.0,-330.0,3355.7104,0.0
410.0,-330.0,3283.597,0.0
420.0,-330.0,3212.431,0.0
430.0,-330.0,3142.209,0.0
440.0,-330.0,3072.9302,0.0
450.0,-330.0,3004.5938,0.0
460.0,-330.0,2937.1968,0.0
470.0,-330.0,2870.7388,0.0
480.0,-330.0,2805.2166,0.0
490.0,-330.0,2740.6306,0.0
500.0,-330.0,2676.9783,0.0
510.0,-330.0,2614.2588,0.0
520.0,-330.0,2552.47,0.0
530.0,-330.0,2491.6113,0.0
540.0,-330.0,2431.681,0.0
550.0,-330.0,2372.6782,0.0
560.0,-330.0,2314.6006,0.0
570.0,-330.0,2257.4482,0.0
580.0,-330.0,2201.2192,0.0
590.0,-330.0,2145.9119,0.0
600.0,-330.0,2091.5264,0.0
610.0,-330.0,2038.0605,0.0
620.0,-330.0,1985.5132,0.0
630.0,-330.0,1933.8843,0.0
640.0,-330.0,1883.1703,0.0
650.0,-330.0,1833.3728,0.0
660.0,-330.0,1784.489,0.0
670.0,-330.0,1736.5193,0.0
680.0,-330.0,1689.4609,0.0
690.0,-330.0,1643.3152,0.0
700.0,-330.0,1598.0793,0.0
710.0,-330.0,1553.754,0.0
720.0,-330.0,1510.337,0.0
730.0,-330.0,1467.8276,0.0
740.0,-330.0,1426.2257,0.0
750.0,-330.0,1385.5306,0.0
760.0,-330.0,1345.7407,0.0
770.0,-330.0,1306.8547,0.0
780.0,-330.0,1268.8735,0.0
790.0,-330.0,1231.7958,0.0
800.0,-330.0,1195.62,0.0
810.0,-330.0,1160.3462,0.0
820.0,-330.0,1125.9731,0.0
830.0,-330.0,1092.5012,0.0
840.0,-330.0,1059.9292,0.0
850.0,-330.0,1028.2556,0.0
860.0,-330.0,997.4821,0.0
870.0,-330.0,967.60565,0.0
880.0,-330.0,938.6267,0.0
890.0,-330.0,910.5449,0.0
900.0,-330.0,883.35925,0.0
910.0,-330.0,857.0698,0.0
920.0,-330.0,831.6757,0.0
930.0,-330.0,807.1766,0.0
940.0,-330.0,783.57196,0.0
950.0,-330.0,760.8616,0.0
960.0,-330.0,739.04456,0.0
970.0,-330.0,718.1213,0.0
980.0,-330.0,698.08984,0.0
990.0,-330.0,678.95135,0.0
1000.0,-330.0,660.7054,0.0
1010.0,-330.0,643.35046,0.0
1020.0,-330.0,626.88684,0.0
1030.0,-330.0,611.31525,0.0
1040.0,-330.0,596.63354,0.0
1050.0,-330.0,582.8425,0.0
1060.0,-330.0,569.9414,0.0
1070.0,-330.0,557.9306,0.0
1080.0,-330.0,546.8087,0.0
1090.0,-330.0,536.577,0.0
1100.0,-330.0,527.23413,0.0
1110.0,-330.0,518.7803,0.0
1120.0,-330.0,511.21448,0.0
1130.0,-330.0,504.53726,0.0
1140.0,-330.0,498.74854,0.0
1150.0,-330.0,493.8485,0.0
1160.0,-330.0,489.83563,0.0
1170.0,-330.0,486.7109,0.0
1180.0,-330.0,484.47363,0.0
1190.0,-330.0,483.12396,0.0
1200.0,-330.0,482.6618,0.0
1210.0,-330.0,483.08673,0.0
1220.0,-330.0,484.3988,0.0
1230.0,-330.0,486.59744,0.0
1240.0,-330.0,489.6834,0.0
1250.0,-330.0,493.65665,0.0
1260.0,-330.0,498.5163,0.0
1270.0,-330.0,504.26257,0.0
1280.0,-330.0,510.89566,0.0
1290.0,-330.0,518.41473,0.0
1300.0,-330.0,526.8213,0.0
1310.0,-330.0,536.11365,0.0
1320.0,-330.0,546.29285,0.0
1330.0,-330.0,557.35834,0.0
1340.0,-330.0,569.3097,0.0
1350.0,-330.0,582.1464,0.0
1360.0,-330.0,595.8694,0.0
1370.0,-330.0,610.47986,0.0
1380.0,-330.0,625.9773,0.0
1390.0,-330.0,642.36017,0.0
1400.0,-330.0,659.62976,0.0
1410.0,-330.0,677.786,0.0
1420.0,-330.0,696.8287,0.0
1430.0,-330.0,716.75757,0.0
1440.0,-330.0,737.5733,0.0
1450.0,-330.0,759.2749,0.0
1460.0,-330.0,781.8633,0.0
1470.0,-330.0,805.3382,0.0
1480.0,-330.0,829.69946,0.0
1490.0,-330.0,854.9471,0.0
1500.0,-330.0,881.0816,0.0
1510.0,-330.0,908.10284,0.0
1520.0,-330.0,936.00977,0.0
1530.0,-330.0,964.80426,0.0
1540.0,-330.0,994.4861,0.0
1550.0,-330.0,1025.0544,0.0
1560.0,-330.0,1056.5098,0.0
1570.0,-330.0,1088.8523,0.0
1580.0,-330.0,1122.0806,0.0
1590.0,-330.0,1156.1962,0.0
1600.0,-330.0,1191.2002,0.0
1610.0,-330.0,1227.0898,0.0
1620.0,-330.0,1263.8671,0.0
1630.0,-330.0,1301.531,0.0
1640.0,-330.0,1340.0829,0.0
1650.0,-330.0,1379.5217,0.0
1660.0,-330.0,1419.848,0.0
1670.0,-330.0,1461.0608,0.0
1680.0,-330.0,1503.1616,0.0
1690.0,-330.0,1546.1495,0.0
1700.0,-330.0,1590.0249,0.0
1710.0,-330.0,1634.7876,0.0
1720.0,-330.0,1680.4381,0.0
1730.0,-330.0,1726.9751,0.0
1740.0,-330.0,1774.4006,0.0
1750.0,-330.0,1822.7131,0.0
1760.0,-330.0,1871.9138,0.0
1770.0,-330.0,1922.0021,0.0
1780.0,-330.0,1972.976,0.0
1790.0,-330.0,2024.8396,0.0
1800.0,-330.0,2077.5903,0.0
-200.0,-320.0,39270.906,1.0
-190.0,-320.0,39270.906,1.0
-180.0,-320.0,39270.906,1.0
-170.0,-320.0,39270.906,1.0
-160.0,-320.0,39270.906,1.0
-150.0,-320.0,39270.906,1.0
-140.0,-320.0,39270.906,1.0
-130.0,-320.0,39270.906,1.0
-120.0,-320.0,39270.906,1.0
-110.0,-320.0,39270.906,1.0
-100.0,-320.0,39270.906,1.0
-90.0,-320.0,39270.906,1.0
-80.0,-320.0,39270.906,1.0
-70.0,-320.0,39270.906,1.0
-60.0,-320.0,39270.906,1.0
-50.0,-320.0,39270.906,1.0
-40.0,-320.0,39270.906,1.0
-30.0,-320.0,39270.906,1.0
-20.0,-320.0,39270.906,1.0
-10.0,-320.0,39270.906,1.0
0.0,-320.0,7240.7705,0.0
10.0,-320.0,7125.224,0.0
20.0,-320.0,7010.6943,0.0
30.0,-320.0,6897.24,0.0
40.0,-320.0,6784.865,0.0
50.0,-320.0,6673.5664,0.0
60.0,-320.0,6563.3433,0.0
70.0,-320.0,6454.189,0.0
80.0,-320.0,6346.0996,0.0
90.0,-320.0,6239.074,0.0
100.0,-320.0,6133.1113,0.0
110.0,-320.0,6028.203,0.0
120.0,-320.0,5924.347,0.0
130.0,-320.0,5821.5444,0.0
140.0,-320.0,5719.786,0.0
150.0,-320.0,5619.073,0.0
160.0,-320.0,5519.4033,0.0
170.0,-320.0,5420.771,0.0
180.0,-320.0,5323.175,0.0
190.0,-320.0,5226.61,0.0
200.0,-320.0,5131.078,0.0
210.0,-320.0,5036.571,0.0
220.0,-320.0,4943.089,0.0
230.0,-320.0,4850.629,0.0
240.0,-320.0,4759.189,0.0
250.0,-320.0,4668.766,0.0
260.0,-320.0,4579.3574,0.0
270.0,-320.0,4490.961,0.0
280.0,-320.0,4403.573,0.0
290.0,-320.0,4317.1934,0.0
300.0,-320.0,4231.818,0.0
310.0,-320.0,4147.4453,0.0
320.0,-320.0,4064.0745,0.0
330.0,-320.0,3981.7007,0.0
340.0,-320.0,3900.3203,0.0
350.0,-320.0,3819.9365,0.0
360.0,-320.0,3740.5435,0.0
370.0,-320.0,3662.1396,0.0
380.0,-320.0,3584.7249,0.0
390.0,-320.0,3508.294,0.0
400.0,-320.0,3432.848,0.0
410.0,-320.0,3358.383,0.0
420.0,-320.0,3284.898,0.0
430.0,-320.0,3212.3918,0.0
440.0,-320.0,3140.862,0.0
450.0,-320.0,3070.3066,0.0
460.0,-320.0,3000.723,0.0
470.0,-320.0,2932.1113,0.0
480.0,-320.0,2864.4683,0.0
490.0,-320.0,2797.7935,0.0
500.0,-320.0,2732.0852,0.0
510.0,-320.0,2667.3403,0.0
520.0,-320.0,2603.5603,0.0
530.0,-320.0,2540.7407,0.0
540.0,-320.0,2478.8809,0.0
550.0,-320.0,2417.9807,0.0
560.0,-320.0,2358.0366,0.0
570.0,-320.0,2299.0498,0.0
580.0,-320.0,2241.0166,0.0
590.0,-320.0,2183.9365,0.0
600.0,-320.0,2127.809,0.0
610.0,-320.0,2072.6323,0.0
620.0,-320.0,2018.4047,0.0
630.0,-320.0,1965.1255,0.0
640.0,-320.0,1912.7932,0.0
650.0,-320.0,1861.4071,0.0
660.0,-320.0,1810.9653,0.0
670.0,-320.0,1761.4666,0.0
680.0,-320.0,1712.9109,0.0
690.0,-320.0,1665.2966,0.0
700.0,-320.0,1618.623,0.0
710.0,-320.0,1572.8889,0.0
720.0,-320.0,1528.0931,0.0
730.0,-320.0,1484.2349,0.0
740.0,-320.0,1441.3134,0.0
750.0,-320.0,1399.3281,0.0
760.0,-320.0,1358.2776,0.0
770.0,-320.0,1318.1611,0.0
780.0,-320.0,1278.9778,0.0
790.0,-320.0,1240.7266,0.0
800.0,-320.0,1203.4072,0.0
810.0,-320.0,1167.0187,0.0
820.0,-320.0,1131.561,0.0
830.0,-320.0,1097.0319,0.0
840.0,-320.0,1063.4319,0.0
850.0,-320.0,1030.7603,0.0
860.0,-320.0,999.0157,0.0
870.0,-320.0,968.1988,0.0
880.0,-320.0,938.3071,0.0
890.0,-320.0,909.341,0.0
900.0,-320.0,881.29974,0.0
910.0,-320.0,854.18335,0.0
920.0,-320.0,827.9911,0.0
930.0,-320.0,802.72156,0.0
940.0,-320.0,778.37573,0.0
950.0,-320.0,754.9518,0.0
960.0,-320.0,732.44977,0.0
970.0,-320.0,710.8694,0.0
980.0,-320.0,690.2096,0.0
990.0,-320.0,670.4707,0.0
1000.0,-320.0,651.6526,0.0
1010.0,-320.0,633.7538,0.0
1020.0,-320.0,616.7738,0.0
1030.0,-320.0,600.71387,0.0
1040.0,-320.0,585.573,0.0
1050.0,-320.0,571.3495,0.0
1060.0,-320.0,558.0445,0.0
1070.0,-320.0,545.6577,0.0
1080.0,-320.0,534.188,0.0
1090.0,-320.0,523.6355,0.0
1100.0,-320.0,514.0001,0.0
1110.0,-320.0,505.28198,0.0
1120.0,-320.0,497.47998,0.0
1130.0,-320.0,490.59424,0.0
1140.0,-320.0,484.62448,0.0
1150.0,-320.0,479.57086,0.0
1160.0,-320.0,475.43323,0.0
1170.0,-320.0,472.21088,0.0
1180.0,-320.0,469.9035,0.0
1190.0,-320.0,468.5126,0.0
1200.0,-320.0,468.03595,0.0
1210.0,-320.0,468.47412,0.0
1220.0,-320.0,469.82733,0.0
1230.0,-320.0,472.09515,0.0
1240.0,-320.0,475.2777,0.0
1250.0,-320.0,479.3746,0.0
1260.0,-320.0,484.3866,0.0
1270.0,-320.0,490.312,0.0
1280.0,-320.0,497.1523,0.0
1290.0,-320.0,504.90723,0.0
1300.0,-320.0,513.57556,0.0
1310.0,-320.0,523.159,0.0
1320.0,-320.0,533.65564,0.0
1330.0,-320.0,545.06665,0.0
1340.0,-320.0,557.39124,0.0
1350.0,-320.0,570.629,0.0
1360.0,-320.0,584.7805,0.0
1370.0,-320.0,599.84766,0.0
1380.0,-320.0,615.8286,0.0
1390.0,-320.0,632.7239,0.0
1400.0,-320.0,650.5329,0.0
1410.0,-320.0,669.2562,0.0
1420.0,-320.0,688.89386,0.0
1430.0,-320.0,709.445,0.0
1440.0,-320.0,730.91034,0.0
1450.0,-320.0,753.2898,0.0
1460.0,-320.0,776.5841,0.0
1470.0,-320.0,800.79193,0.0
1480.0,-320.0,825.9138,0.0
1490.0,-320.0,851.9501,0.0
1500.0,-320.0,878.9012,0.0
1510.0,-320.0,906.766,0.0
1520.0,-320.0,935.5447,0.0
1530.0,-320.0,965.2392,0.0
1540.0,-320.0,995.84766,0.0
1550.0,-320.0,1027.3711,0.0
1560.0,-320.0,1059.8098,0.0
1570.0,-320.0,1093.1616,0.0
1580.0,-320.0,1127.4292,0.0
1590.0,-320.0,1162.6104,0.0
1600.0,-320.0,1198.7085,0.0
1610.0,-320.0,1235.7192,0.0
1620.0,-320.0,1273.6466,0.0
1630.0,-320.0,1312.4875,0.0
1640.0,-320.0,1352.2439,0.0
1650.0,-320.0,1392.9153,0.0
1660.0,-320.0,1434.5013,0.0
1670.0,-320.0,1477.003,0.0
1680.0,-320.0,1520.4203,0.0
1690.0,-320.0,1564.7521,0.0
1700.0,-320.0,1609.999,0.0
1710.0,-320.0,1656.1619,0.0
1720.0,-320.0,1703.2397,0.0
1730.0,-320.0,1751.2319,0.0
1740.0,-320.0,1800.1404,0.0
1750.0,-320.0,1849.9634,0.0
1760.0,-320.0,1900.7041,0.0
1770.0,-320.0,1952.3591,0.0
1780.0,-320.0,2004.929,0.0
1790.0,-320.0,2058.4146,0.0
1800.0,-320.0,2112.8135,0.0
-200.0,-310.0,39270.906,1.0
-190.0,-310.0,39270.906,1.0
-180.0,-310.0,39270.906,1.0
-170.0,-310.0,39270.906,1.0
-160.0,-310.0,39270.906,1.0
-150.0,-310.0,39270.906,1.0
-140.0,-310.0,39270.906,1.0
-130.0,-310.0,39270.906,1.0
-120.0,-310.0,39270.906,1.0
-110.0,-310.0,39270.906,1.0
-100.0,-310.0,39270.906,1.0
-90.0,-310.0,39270.906,1.0
-80.0,-310.0,39270.906,1.0
-70.0,-310.0,39270.906,1.0
-60.0,-310.0,39270.906,1.0
-50.0,-310.0,39270.906,1.0
-40.0,-310.0,39270.906,1.0
-30.0,-310.0,39270.906,1.0
-20.0,-310.0,39270.906,1.0
-10.0,-310.0,7575.8823,0.0
0.0,-310.0,7455.8594,0.0
10.0,-310.0,7336.642,0.0
20.0,-310.0,7218.299,0.0
30.0,-310.0,7100.9033,0.0
40.0,-310.0,6984.5347,0.0
50.0,-310.0,6869.2627,0.0
60.0,-310.0,6755.1123,0.0
70.0,-310.0,6642.078,0.0
80.0,-310.0,6530.154,0.0
90.0,-310.0,6419.339,0.0
100.0,-310.0,6309.627,0.0
110.0,-310.0,6201.0176,0.0
120.0,-310.0,6093.504,0.0
130.0,-310.0,5987.084,0.0
140.0,-310.0,5881.753,0.0
150.0,-310.0,5777.5117,0.0
160.0,-310.0,5674.354,0.0
170.0,-310.0,5572.2754,0.0
180.0,-310.0,5471.278,0.0
190.0,-310.0,5371.3506,0.0
200.0,-310.0,5272.497,0.0
210.0,-310.0,5174.711,0.0
220.0,-310.0,5077.9917,0.0
230.0,-310.0,4982.332,0.0
240.0,-310.0,4887.735,0.0
250.0,-310.0,4794.1934,0.0
260.0,-310.0,4701.706,0.0
270.0,-310.0,4610.269,0.0
280.0,-310.0,4519.882,0.0
290.0,-310.0,4430.54,0.0
300.0,-310.0,4342.242,0.0
310.0,-310.0,4254.9854,0.0
320.0,-310.0,4168.766,0.0
330.0,-310.0,4083.583,0.0
340.0,-310.0,3999.4333,0.0
350.0,-310.0,3916.3145,0.0
360.0,-310.0,3834.226,0.0
370.0,-310.0,3753.1626,0.0
380.0,-310.0,3673.124,0.0
390.0,-310.0,3594.1086,0.0
400.0,-310.0,3516.1118,0.0
410.0,-310.0,3439.1338,0.0
420.0,-310.0,3363.1719,0.0
430.0,-310.0,3288.224,0.0
440.0,-310.0,3214.287,0.0
450.0,-310.0,3141.3606,0.0
460.0,-310.0,3069.4417,0.0
470.0,-310.0,2998.5293,0.0
480.0,-310.0,2928.6223,0.0
490.0,-310.0,2859.7158,0.0
500.0,-310.0,2791.8113,0.0
510.0,-310.0,2724.9058,0.0
520.0,-310.0,2658.9968,0.0
530.0,-310.0,2594.0854,0.0
540.0,-310.0,2530.1655,0.0
550.0,-310.0,2467.2393,0.0
560.0,-310.0,2405.3044,0.0
570.0,-310.0,2344.3584,0.0
580.0,-310.0,2284.401,0.0
590.0,-310.0,2225.429,0.0
600.0,-310.0,2167.4429,0.0
610.0,-310.0,2110.44,0.0
620.0,-310.0,2054.4202,0.0
630.0,-310.0,1999.3811,0.0
640.0,-310.0,1945.3217,0.0
650.0,-310.0,1892.2404,0.0
660.0,-310.0,1840.1368,0.0
670.0,-310.0,1789.0092,0.0
680.0,-310.0,1738.8552,0.0
690.0,-310.0,1689.6758,0.0
700.0,-310.0,1641.4678,0.0
710.0,-310.0,1594.2323,0.0
720.0,-310.0,1547.9663,0.0
730.0,-310.0,1502.6704,0.0
740.0,-310.0,1458.342,0.0
750.0,-310.0,1414.9814,0.0
760.0,-310.0,1372.5876,0.0
770.0,-310.0,1331.1584,0.0
780.0,-310.0,1290.6941,0.0
790.0,-310.0,1251.1937,0.0
800.0,-310.0,1212.6553,0.0
810.0,-310.0,1175.079,0.0
820.0,-310.0,1138.4645,0.0
830.0,-310.0,1102.8103,0.0
840.0,-310.0,1068.1157,0.0
850.0,-310.0,1034.3787,0.0
860.0,-310.0,1001.60144,0.0
870.0,-310.0,969.78076,0.0
880.0,-310.0,938.91705,0.0
890.0,-310.0,909.0093,0.0
900.0,-310.0,880.05725,0.0
910.0,-310.0,852.05884,0.0
920.0,-310.0,825.01624,0.0
930.0,-310.0,798.927,0.0
940.0,-310.0,773.7904,0.0
950.0,-310.0,749.6068,0.0
960.0,-310.0,726.3754,0.0
970.0,-310.0,704.0951,0.0
980.0,-310.0,682.76624,0.0
990.0,-310.0,662.3877,0.0
1000.0,-310.0,642.9597,0.0
1010.0,-310.0,624.4816,0.0
1020.0,-310.0,606.9526,0.0
1030.0,-310.0,590.3722,0.0
1040.0,-310.0,574.7415,0.0
1050.0,-310.0,560.0591,0.0
1060.0,-310.0,546.3241,0.0
1070.0,-310.0,533.5364,0.0
1080.0,-310.0,521.69653,0.0
1090.0,-310.0,510.80304,0.0
1100.0,-310.0,500.85657,0.0
1110.0,-310.0,491.8569,0.0
1120.0,-310.0,483.80344,0.0
1130.0,-310.0,476.695,0.0
1140.0,-310.0,470.53293,0.0
1150.0,-310.0,465.31635,0.0
1160.0,-310.0,461.04495,0.0
1170.0,-310.0,457.71887,0.0
1180.0,-310.0,455.33777,0.0
1190.0,-310.0,453.90088,0.0
1200.0,-310.0,453.40955,0.0
1210.0,-310.0,453.86218,0.0
1220.0,-310.0,455.25906,0.0
1230.0,-310.0,457.60028,0.0
1240.0,-310.0,460.88568,0.0
1250.0,-310.0,465.11493,0.0
1260.0,-310.0,470.28864,0.0
1270.0,-310.0,476.40543,0.0
1280.0,-310.0,483.46683,0.0
1290.0,-310.0,491.47113,0.0
1300.0,-310.0,500.41907,0.0
1310.0,-310.0,510.31155,0.0
1320.0,-310.0,521.147,0.0
1330.0,-310.0,532.92566,0.0
1340.0,-310.0,545.6468,0.0
1350.0,-310.0,559.31116,0.0
1360.0,-310.0,573.92,0.0
1370.0,-310.0,589.47314,0.0
1380.0,-310.0,605.96924,0.0
1390.0,-310.0,623.40845,0.0
1400.0,-310.0,641.79236,0.0
1410.0,-310.0,661.11945,0.0
1420.0,-310.0,681.3896,0.0
1430.0,-310.0,702.60315,0.0
1440.0,-310.0,724.76025,0.0
1450.0,-310.0,747.8614,0.0
1460.0,-310.0,771.9064,0.0
1470.0,-310.0,796.8942,0.0
1480.0,-310.0,822.82654,0.0
1490.0,-310.0,849.7025,0.0
1500.0,-310.0,877.5215,0.0
1510.0,-310.0,906.2843,0.0
1520.0,-310.0,935.99274,0.0
1530.0,-310.0,966.6445,0.0
1540.0,-310.0,998.24066,0.0
1550.0,-310.0,1030.7802,0.0
1560.0,-310.0,1064.2635,0.0
1570.0,-310.0,1098.6917,0.0
1580.0,-310.0,1134.0641,0.0
1590.0,-310.0,1170.3806,0.0
1600.0,-310.0,1207.642,0.0
1610.0,-310.0,1245.8477,0.0
1620.0,-310.0,1284.998,0.0
1630.0,-310.0,1325.0922,0.0
1640.0,-310.0,1366.1313,0.0
1650.0,-310.0,1408.115,0.0
1660.0,-310.0,1451.0437,0.0
1670.0,-310.0,1494.917,0.0
1680.0,-310.0,1539.7343,0.0
1690.0,-310.0,1585.4968,0.0
1700.0,-310.0,1632.2051,0.0
1710.0,-310.0,1679.8574,0.0
1720.0,-310.0,1728.4551,0.0
1730.0,-310.0,1777.9978,0.0
1740.0,-310.0,1828.4855,0.0
1750.0,-310.0,1879.9182,0.0
1760.0,-310.0,1932.2949,0.0
1770.0,-310.0,1985.618,0.0
1780.0,-310.0,2039.8844,0.0
1790.0,-310.0,2095.098,0.0
1800.0,-310.0,2151.254,0.0
-200.0,-300.0,39270.906,1.0
-190.0,-300.0,39270.906,1.0
-180.0,-300.0,39270.906,1.0
-170.0,-300.0,39270.906,1.0
-160.0,-300.0,39270.906,1.0
-150.0,-300.0,39270.906,1.0
-140.0,-300.0,39270.906,1.0
-130.0,-300.0,39270.906,1.0
-120.0,-300.0,39270.906,1.0
-110.0,-300.0,39270.906,1.0
-100.0,-300.0,39270.906,1.0
-90.0,-300.0,39270.906,1.0
-80.0,-300.0,39270.906,1.0
-70.0,-300.0,39270.906,1.0
-60.0,-300.0,39270.906,1.0
-50.0,-300.0,39270.906,1.0
-40.0,-300.0,39270.906,1.0
-30.0,-300.0,39270.906,1.0
-20.0,-300.0,39270.906,1.0
-10.0,-300.0,7808.966,0.0
0.0,-300.0,7685.576,0.0
10.0,-300.0,7562.86,0.0
20.0,-300.0,7440.875,0.0
30.0,-300.0,7319.6973,0.0
40.0,-300.0,7199.3926,0.0
50.0,-300.0,7080.0356,0.0
60.0,-300.0,6961.71,0.0
70.0,-300.0,6844.4995,0.0
80.0,-300.0,6728.4434,0.0
90.0,-300.0,6613.5483,0.0
100.0,-300.0,6499.801,0.0
110.0,-300.0,6387.207,0.0
120.0,-300.0,6275.758,0.0
130.0,-300.0,6165.449,0.0
140.0,-300.0,6056.2773,0.0
150.0,-300.0,5948.238,0.0
160.0,-300.0,5841.331,0.0
170.0,-300.0,5735.548,0.0
180.0,-300.0,5630.8906,0.0
190.0,-300.0,5527.354,0.0
200.0,-300.0,5424.9316,0.0
210.0,-300.0,5323.623,0.0
220.0,-300.0,5223.4224,0.0
230.0,-300.0,5124.3286,0.0
240.0,-300.0,5026.339,0.0
250.0,-300.0,4929.4487,0.0
260.0,-300.0,4833.657,0.0
270.0,-300.0,4738.9575,0.0
280.0,-300.0,4645.3486,0.0
290.0,-300.0,4552.829,0.0
300.0,-300.0,4461.3945,0.0
310.0,-300.0,4371.0435,0.0
320.0,-300.0,4281.7715,0.0
330.0,-300.0,4193.5757,0.0
340.0,-300.0,4106.4536,0.0
350.0,-300.0,4020.4038,0.0
360.0,-300.0,3935.4238,0.0
370.0,-300.0,3851.5103,0.0
380.0,-300.0,3768.661,0.0
390.0,-300.0,3686.8738,0.0
400.0,-300.0,3606.1445,0.0
410.0,-300.0,3526.4727,0.0
420.0,-300.0,3447.8564,0.0
430.0,-300.0,3370.2925,0.0
440.0,-300.0,3293.7793,0.0
450.0,-300.0,3218.3142,0.0
460.0,-300.0,3143.895,0.0
470.0,-300.0,3070.5195,0.0
480.0,-300.0,2998.1863,0.0
490.0,-300.0,2926.892,0.0
500.0,-300.0,2856.636,0.0
510.0,-300.0,2787.4175,0.0
520.0,-300.0,2719.232,0.0
530.0,-300.0,2652.0798,0.0
540.0,-300.0,2585.9568,0.0
550.0,-300.0,2520.8643,0.0
560.0,-300.0,2456.7979,0.0
570.0,-300.0,2393.7568,0.0
580.0,-300.0,2331.7397,0.0
590.0,-300.0,2270.745,0.0
600.0,-300.0,2210.772,0.0
610.0,-300.0,2151.817,0.0
620.0,-300.0,2093.8804,0.0
630.0,-300.0,2036.959,0.0
640.0,-300.0,1981.053,0.0
650.0,-300.0,1926.16,0.0
660.0,-300.0,1872.2798,0.0
670.0,-300.0,1819.4095,0.0
680.0,-300.0,1767.5491,0.0
690.0,-300.0,1716.6964,0.0
700.0,-300.0,1666.8505,0.0
710.0,-300.0,1618.0093,0.0
720.0,-300.0,1570.1733,0.0
730.0,-300.0,1523.3403,0.0
740.0,-300.0,1477.5095,0.0
750.0,-300.0,1432.6799,0.0
760.0,-300.0,1388.8505,0.0
770.0,-300.0,1346.0193,0.0
780.0,-300.0,1304.1873,0.0
790.0,-300.0,1263.3516,0.0
800.0,-300.0,1223.5117,0.0
810.0,-300.0,1184.6677,0.0
820.0,-300.0,1146.8176,0.0
830.0,-300.0,1109.9607,0.0
840.0,-300.0,1074.0967,0.0
850.0,-300.0,1039.2244,0.0
860.0,-300.0,1005.3429,0.0
870.0,-300.0,972.4519,0.0
880.0,-300.0,940.5499,0.0
890.0,-300.0,909.6372,0.0
900.0,-300.0,879.71204,0.0
910.0,-300.0,850.7743,0.0
920.0,-300.0,822.8227,0.0
930.0,-300.0,795.8579,0.0
940.0,-300.0,769.87915,0.0
950.0,-300.0,744.884,0.0
960.0,-300.0,720.8738,0.0
970.0,-300.0,697.8473,0.0
980.0,-300.0,675.804,0.0
990.0,-300.0,654.7429,0.0
1000.0,-300.0,634.6645,0.0
1010.0,-300.0,615.56824,0.0
1020.0,-300.0,597.45337,0.0
1030.0,-300.0,580.31866,0.0
1040.0,-300.0,564.1648,0.0
1050.0,-300.0,548.9917,0.0
1060.0,-300.0,534.79767,0.0
1070.0,-300.0,521.5828,0.0
1080.0,-300.0,509.34766,0.0
1090.0,-300.0,498.09064,0.0
1100.0,-300.0,487.8125,0.0
1110.0,-300.0,478.51172,0.0
1120.0,-300.0,470.18988,0.0
1130.0,-300.0,462.84454,0.0
1140.0,-300.0,456.47726,0.0
1150.0,-300.0,451.08643,0.0
1160.0,-300.0,446.67297,0.0
1170.0,-300.0,443.23596,0.0
1180.0,-300.0,440.77527,0.0
1190.0,-300.0,439.29114,0.0
1200.0,-300.0,438.78342,0.0
1210.0,-300.0,439.2516,0.0
1220.0,-300.0,440.695,0.0
1230.0,-300.0,443.11432,0.0
1240.0,-300.0,446.5095,0.0
1250.0,-300.0,450.87997,0.0
1260.0,-300.0,456.2254,0.0
1270.0,-300.0,462.5463,0.0
1280.0,-300.0,469.84302,0.0
1290.0,-300.0,478.11435,0.0
1300.0,-300.0,487.36084,0.0
1310.0,-300.0,497.5824,0.0
1320.0,-300.0,508.77893,0.0
1330.0,-300.0,520.95013,0.0
1340.0,-300.0,534.0947,0.0
1350.0,-300.0,548.2139,0.0
1360.0,-300.0,563.3104,0.0
1370.0,-300.0,579.3816,0.0
1380.0,-300.0,596.4269,0.0
1390.0,-300.0,614.4479,0.0
1400.0,-300.0,633.44336,0.0
1410.0,-300.0,653.4138,0.0
1420.0,-300.0,674.3589,0.0
1430.0,-300.0,696.2796,0.0
1440.0,-300.0,719.1752,0.0
1450.0,-300.0,743.04517,0.0
1460.0,-300.0,767.89087,0.0
1470.0,-300.0,793.7121,0.0
1480.0,-300.0,820.5073,0.0
1490.0,-300.0,848.27844,0.0
1500.0,-300.0,877.0242,0.0
1510.0,-300.0,906.7463,0.0
1520.0,-300.0,937.444,0.0
1530.0,-300.0,969.1167,0.0
1540.0,-300.0,1001.7655,0.0
1550.0,-300.0,1035.3892,0.0
1560.0,-300.0,1069.9886,0.0
1570.0,-300.0,1105.5646,0.0
1580.0,-300.0,1142.1155,0.0
1590.0,-300.0,1179.6418,0.0
1600.0,-300.0,1218.1458,0.0
1610.0,-300.0,1257.625,0.0
1620.0,-300.0,1298.0797,0.0
1630.0,-300.0,1339.51,0.0
1640.0,-300.0,1381.9177,0.0
1650.0,-300.0,1425.3019,0.0
1660.0,-300.0,1469.6611,0.0
1670.0,-300.0,1514.9976,0.0
1680.0,-300.0,1561.3104,0.0
1690.0,-300.0,1608.5988,0.0
1700.0,-300.0,1656.8644,0.0
1710.0,-300.0,1706.106,0.0
1720.0,-300.0,1756.3251,0.0
1730.0,-300.0,1807.5212,0.0
1740.0,-300.0,1859.6935,0.0
1750.0,-300.0,1912.8413,0.0
1760.0,-300.0,1966.9655,0.0
1770.0,-300.0,2022.0668,0.0
1780.0,-300.0,2078.1448,0.0
1790.0,-300.0,2135.2002,0.0
1800.0,-300.0,2193.2305,0.0
-200.0,-290.0,39270.906,1.0
-190.0,-290.0,39270.906,1.0
-180.0,-290.0,39270.906,1.0
-170.0,-290.0,39270.906,1.0
-160.0,-290.0,39270.906,1.0
-150.0,-290.0,39270.906,1.0
-140.0,-290.0,39270.906,1.0
-130.0,-290.0,39270.906,1.0
-120.0,-290.0,39270.906,1.0
-110.0,-290.0,39270.906,1.0
-100.0,-290.0,39270.906,1.0
-90.0,-290.0,39270.906,1.0
-80.0,-290.0,39270.906,1.0
-70.0,-290.0,39270.906,1.0
-60.0,-290.0,39270.906,1.0
-50.0,-290.0,39270.906,1.0
-40.0,-290.0,39270.906,1.0
-30.0,-290.0,39270.906,1.0
-20.0,-290.0,39270.906,1.0
-10.0,-290.0,8056.9775,0.0
0.0,-290.0,7930.3906,0.0
10.0,-290.0,7804.346,0.0
20.0,-290.0,7678.9014,0.0
30.0,-290.0,7554.1187,0.0
40.0,-290.0,7430.0645,0.0
50.0,-290.0,7306.8066,0.0
60.0,-290.0,7184.4214,0.0
70.0,-290.0,7062.9844,0.0
80.0,-290.0,6942.577,0.0
90.0,-290.0,6823.2886,0.0
100.0,-290.0,6705.1895,0.0
110.0,-290.0,6588.295,0.0
120.0,-290.0,6472.5923,0.0
130.0,-290.0,6358.088,0.0
140.0,-290.0,6244.7705,0.0
150.0,-290.0,6132.6387,0.0
160.0,-290.0,6021.6875,0.0
170.0,-290.0,5911.912,0.0
180.0,-290.0,5803.3105,0.0
190.0,-290.0,5695.879,0.0
200.0,-290.0,5589.6104,0.0
210.0,-290.0,5484.506,0.0
220.0,-290.0,5380.5576,0.0
230.0,-290.0,5277.763,0.0
240.0,-290.0,5176.119,0.0
250.0,-290.0,5075.625,0.0
260.0,-290.0,4976.2725,0.0
270.0,-290.0,4878.0625,0.0
280.0,-290.0,4780.989,0.0
290.0,-290.0,4685.048,0.0
300.0,-290.0,4590.2397,0.0
310.0,-290.0,4496.5576,0.0
320.0,-290.0,4404.001,0.0
330.0,-290.0,4312.5654,0.0
340.0,-290.0,4222.25,0.0
350.0,-290.0,4133.0493,0.0
360.0,-290.0,4044.9604,0.0
370.0,-290.0,3957.9824,0.0
380.0,-290.0,3872.1123,0.0
390.0,-290.0,3787.3472,0.0
400.0,-290.0,3703.6821,0.0
410.0,-290.0,3621.1174,0.0
420.0,-290.0,3539.6504,0.0
430.0,-290.0,3459.277,0.0
440.0,-290.0,3379.996,0.0
450.0,-290.0,3301.8042,0.0
460.0,-290.0,3224.6997,0.0
470.0,-290.0,3148.6807,0.0
480.0,-290.0,3073.7437,0.0
490.0,-290.0,2999.8872,0.0
500.0,-290.0,2927.109,0.0
510.0,-290.0,2855.4067,0.0
520.0,-290.0,2784.7803,0.0
530.0,-290.0,2715.2234,0.0
540.0,-290.0,2646.7378,0.0
550.0,-290.0,2579.32,0.0
560.0,-290.0,2512.9688,0.0
570.0,-290.0,2447.6816,0.0
580.0,-290.0,2383.457,0.0
590.0,-290.0,2320.293,0.0
600.0,-290.0,2258.1887,0.0
610.0,-290.0,2197.1418,0.0
620.0,-290.0,2137.1504,0.0
630.0,-290.0,2078.2124,0.0
640.0,-290.0,2020.3276,0.0
650.0,-290.0,1963.4934,0.0
660.0,-290.0,1907.7092,0.0
670.0,-290.0,1852.9727,0.0
680.0,-290.0,1799.2826,0.0
690.0,-290.0,1746.638,0.0
700.0,-290.0,1695.0361,0.0
710.0,-290.0,1644.4775,0.0
720.0,-290.0,1594.96,0.0
730.0,-290.0,1546.4812,0.0
740.0,-290.0,1499.0408,0.0
750.0,-290.0,1452.6382,0.0
760.0,-290.0,1407.2717,0.0
770.0,-290.0,1362.9409,0.0
780.0,-290.0,1319.6433,0.0
790.0,-290.0,1277.3789,0.0
800.0,-290.0,1236.1459,0.0
810.0,-290.0,1195.9435,0.0
820.0,-290.0,1156.7717,0.0
830.0,-290.0,1118.6284,0.0
840.0,-290.0,1081.5134,0.0
850.0,-290.0,1045.4252,0.0
860.0,-290.0,1010.3629,0.0
870.0,-290.0,976.32605,0.0
880.0,-290.0,943.3135,0.0
890.0,-290.0,911.32495,0.0
900.0,-290.0,880.35925,0.0
910.0,-290.0,850.41504,0.0
920.0,-290.0,821.4929,0.0
930.0,-290.0,793.591,0.0
940.0,-290.0,766.70996,0.0
950.0,-290.0,740.8479,0.0
960.0,-290.0,716.0049,0.0
970.0,-290.0,692.1797,0.0
980.0,-290.0,669.37256,0.0
990.0,-290.0,647.5823,0.0
1000.0,-290.0,626.80853,0.0
1010.0,-290.0,607.0505,0.0
1020.0,-290.0,588.3085,0.0
1030.0,-290.0,570.58136,0.0
1040.0,-290.0,553.8681,0.0
1050.0,-290.0,538.16974,0.0
1060.0,-290.0,523.486,0.0
1070.0,-290.0,509.81424,0.0
1080.0,-290.0,497.15625,0.0
1090.0,-290.0,485.51044,0.0
1100.0,-290.0,474.87674,0.0
1110.0,-290.0,465.2561,0.0
1120.0,-290.0,456.64612,0.0
1130.0,-290.0,449.04767,0.0
1140.0,-290.0,442.46063,0.0
1150.0,-290.0,436.88403,0.0
1160.0,-290.0,432.3183,0.0
1170.0,-290.0,428.763,0.0
1180.0,-290.0,426.21796,0.0
1190.0,-290.0,424.68225,0.0
1200.0,-290.0,424.1573,0.0
1210.0,-290.0,424.6417,0.0
1220.0,-290.0,426.13513,0.0
1230.0,-290.0,428.6382,0.0
1240.0,-290.0,432.1501,0.0
1250.0,-290.0,436.67145,0.0
1260.0,-290.0,442.2016,0.0
1270.0,-290.0,448.74048,0.0
1280.0,-290.0,456.28848,0.0
1290.0,-290.0,464.84515,0.0
1300.0,-290.0,474.41028,0.0
1310.0,-290.0,484.98428,0.0
1320.0,-290.0,496.56628,0.0
1330.0,-290.0,509.1563,0.0
1340.0,-290.0,522.7539,0.0
1350.0,-290.0,537.36096,0.0
1360.0,-290.0,552.9773,0.0
1370.0,-290.0,569.60175,0.0
1380.0,-290.0,587.23486,0.0
1390.0,-290.0,605.876,0.0
1400.0,-290.0,625.52625,0.0
1410.0,-290.0,646.1852,0.0
1420.0,-290.0,667.8517,0.0
1430.0,-290.0,690.52734,0.0
1440.0,-290.0,714.21136,0.0
1450.0,-290.0,738.90424,0.0
1460.0,-290.0,764.6063,0.0
1470.0,-290.0,791.3168,0.0
1480.0,-290.0,819.0359,0.0
1490.0,-290.0,847.7634,0.0
1500.0,-290.0,877.50037,0.0
1510.0,-290.0,908.24695,0.0
1520.0,-290.0,940.0022,0.0
1530.0,-290.0,972.7666,0.0
1540.0,-290.0,1006.54004,0.0
1550.0,-290.0,1041.323,0.0
1560.0,-290.0,1077.1154,0.0
1570.0,-290.0,1113.9167,0.0
1580.0,-290.0,1151.7278,0.0
1590.0,-290.0,1190.5492,0.0
1600.0,-290.0,1230.3794,0.0
1610.0,-290.0,1271.22,0.0
1620.0,-290.0,1313.0701,0.0
1630.0,-290.0,1355.9299,0.0
1640.0,-290.0,1399.7996,0.0
1650.0,-290.0,1444.6798,0.0
1660.0,-290.0,1490.5696,0.0
1670.0,-290.0,1537.4696,0.0
1680.0,-290.0,1585.38,0.0
1690.0,-290.0,1634.3003,0.0
1700.0,-290.0,1684.232,0.0
1710.0,-290.0,1735.1731,0.0
1720.0,-290.0,1787.1241,0.0
1730.0,-290.0,1840.0869,0.0
1740.0,-290.0,1894.0588,0.0
1750.0,-290.0,1949.041,0.0
1760.0,-290.0,2005.0347,0.0
1770.0,-290.0,2062.037,0.0
1780.0,-290.0,2120.052,0.0
1790.0,-290.0,2179.0767,0.0
1800.0,-290.0,2239.1113,0.0
-200.0,-280.0,39270.906,1.0
-190.0,-280.0,39270.906,1.0
-180.0,-280.0,39270.906,1.0
-170.0,-280.0,39270.906,1.0
-160.0,-280.0,39270.906,1.0
-150.0,-280.0,39270.906,1.0
-140.0,-280.0,39270.906,1.0
-130.0,-280.0,39270.906,1.0
-120.0,-280.0,39270.906,1.0
-110.0,-280.0,39270.906,1.0
-100.0,-280.0,39270.906,1.0
-90.0,-280.0,39270.906,1.0
-80.0,-280.0,39270.906,1.0
-70.0,-280.0,39270.906,1.0
-60.0,-280.0,39270.906,1.0
-50.0,-280.0,39270.906,1.0
-40.0,-280.0,39270.906,1.0
-30.0,-280.0,39270.906,1.0
-20.0,-280.0,39270.906,1.0
-10.0,-280.0,8320.4,0.0
0.0,-280.0,8190.79,0.0
10.0,-280.0,8061.596,0.0
20.0,-280.0,7932.8716,0.0
30.0,-280.0,7804.675,0.0
40.0,-280.0,7677.062,0.0
50.0,-280.0,7550.1,0.0
60.0,-280.0,7423.8574,0.0
70.0,-280.0,7298.4023,0.0
80.0,-280.0,7173.81,0.0
90.0,-280.0,7050.1616,0.0
100.0,-280.0,6927.5386,0.0
110.0,-280.0,6806.0317,0.0
120.0,-280.0,6685.734,0.0
130.0,-280.0,6566.682,0.0
140.0,-280.0,6448.8804,0.0
150.0,-280.0,6332.3145,0.0
160.0,-280.0,6216.9893,0.0
170.0,-280.0,6102.894,0.0
180.0,-280.0,5990.0283,0.0
190.0,-280.0,5878.383,0.0
200.0,-280.0,5767.96,0.0
210.0,-280.0,5658.751,0.0
220.0,-280.0,5550.753,0.0
230.0,-280.0,5443.9585,0.0
240.0,-280.0,5338.369,0.0
250.0,-280.0,5233.981,0.0
260.0,-280.0,5130.787,0.0
270.0,-280.0,5028.782,0.0
280.0,-280.0,4927.968,0.0
290.0,-280.0,4828.3364,0.0
300.0,-280.0,4729.8867,0.0
310.0,-280.0,4632.6133,0.0
320.0,-280.0,4536.5117,0.0
330.0,-280.0,4441.583,0.0
340.0,-280.0,4347.8193,0.0
350.0,-280.0,4255.2207,0.0
360.0,-280.0,4163.7817,0.0
370.0,-280.0,4073.5017,0.0
380.0,-280.0,3984.3738,0.0
390.0,-280.0,3896.3997,0.0
400.0,-280.0,3809.5718,0.0
410.0,-280.0,3723.891,0.0
420.0,-280.0,3639.3528,0.0
430.0,-280.0,3555.954,0.0
440.0,-280.0,3473.6929,0.0
450.0,-280.0,3392.5654,0.0
460.0,-280.0,3312.5708,0.0
470.0,-280.0,3233.705,0.0
480.0,-280.0,3155.9663,0.0
490.0,-280.0,3079.352,0.0
500.0,-280.0,3003.8594,0.0
510.0,-280.0,2929.4858,0.0
520.0,-280.0,2856.231,0.0
530.0,-280.0,2784.0903,0.0
540.0,-280.0,2713.0623,0.0
550.0,-280.0,2643.1455,0.0
560.0,-280.0,2574.337,0.0
570.0,-280.0,2506.6345,0.0
580.0,-280.0,2440.0369,0.0
590.0,-280.0,2374.542,0.0
600.0,-280.0,2310.147,0.0
610.0,-280.0,2246.8513,0.0
620.0,-280.0,2184.6514,0.0
630.0,-280.0,2123.5476,0.0
640.0,-280.0,2063.5361,0.0
650.0,-280.0,2004.6165,0.0
660.0,-280.0,1946.7871,0.0
670.0,-280.0,1890.046,0.0
680.0,-280.0,1834.3904,0.0
690.0,-280.0,1779.821,0.0
700.0,-280.0,1726.3345,0.0
710.0,-280.0,1673.9307,0.0
720.0,-280.0,1622.6066,0.0
730.0,-280.0,1572.3618,0.0
740.0,-280.0,1523.1947,0.0
750.0,-280.0,1475.1033,0.0
760.0,-280.0,1428.0876,0.0
770.0,-280.0,1382.1453,0.0
780.0,-280.0,1337.2764,0.0
790.0,-280.0,1293.4785,0.0
800.0,-280.0,1250.7505,0.0
810.0,-280.0,1209.092,0.0
820.0,-280.0,1168.5018,0.0
830.0,-280.0,1128.978,0.0
840.0,-280.0,1090.5201,0.0
850.0,-280.0,1053.1276,0.0
860.0,-280.0,1016.7992,0.0
870.0,-280.0,981.53296,0.0
880.0,-280.0,947.32947,0.0
890.0,-280.0,914.1875,0.0
900.0,-280.0,882.105,0.0
910.0,-280.0,851.0825,0.0
920.0,-280.0,821.119,0.0
930.0,-280.0,792.2135,0.0
940.0,-280.0,764.3651,0.0
950.0,-280.0,737.57306,0.0
960.0,-280.0,711.83685,0.0
970.0,-280.0,687.1558,0.0
980.0,-280.0,663.5296,0.0
990.0,-280.0,640.9568,0.0
1000.0,-280.0,619.437,0.0
1010.0,-280.0,598.9707,0.0
1020.0,-280.0,579.556,0.0
1030.0,-280.0,561.19446,0.0
1040.0,-280.0,543.88226,0.0
1050.0,-280.0,527.6212,0.0
1060.0,-280.0,512.4114,0.0
1070.0,-280.0,498.25055,0.0
1080.0,-280.0,485.1394,0.0
1090.0,-280.0,473.07654,0.0
1100.0,-280.0,462.06323,0.0
1110.0,-280.0,452.0975,0.0
1120.0,-280.0,443.18024,0.0
1130.0,-280.0,435.31055,0.0
1140.0,-280.0,428.48798,0.0
1150.0,-280.0,422.71185,0.0
1160.0,-280.0,417.98343,0.0
1170.0,-280.0,414.3009,0.0
1180.0,-280.0,411.6652,0.0
1190.0,-280.0,410.07507,0.0
1200.0,-280.0,409.5312,0.0
1210.0,-280.0,410.03275,0.0
1220.0,-280.0,411.57968,0.0
1230.0,-280.0,414.1725,0.0
1240.0,-280.0,417.80988,0.0
1250.0,-280.0,422.49265,0.0
1260.0,-280.0,428.22043,0.0
1270.0,-280.0,434.9931,0.0
1280.0,-280.0,442.8103,0.0
1290.0,-280.0,451.67255,0.0
1300.0,-280.0,461.57913,0.0
1310.0,-280.0,472.53033,0.0
1320.0,-280.0,484.52554,0.0
1330.0,-280.0,497.56482,0.0
1340.0,-280.0,511.6477,0.0
1350.0,-280.0,526.777,0.0
1360.0,-280.0,542.95013,0.0
1370.0,-280.0,560.16766,0.0
1380.0,-280.0,578.4304,0.0
1390.0,-280.0,597.73645,0.0
1400.0,-280.0,618.0874,0.0
1410.0,-280.0,639.4833,0.0
1420.0,-280.0,661.9232,0.0
1430.0,-280.0,685.4082,0.0
1440.0,-280.0,709.93713,0.0
1450.0,-280.0,735.511,0.0
1460.0,-280.0,762.1305,0.0
1470.0,-280.0,789.7937,0.0
1480.0,-280.0,818.501,0.0
1490.0,-280.0,848.25543,0.0
1500.0,-280.0,879.05383,0.0
1510.0,-280.0,910.89636,0.0
1520.0,-280.0,943.7855,0.0
1530.0,-280.0,977.7191,0.0
1540.0,-280.0,1012.69836,0.0
1550.0,-280.0,1048.7229,0.0
1560.0,-280.0,1085.7925,0.0
1570.0,-280.0,1123.9077,0.0
1580.0,-280.0,1163.0697,0.0
1590.0,-280.0,1203.2761,0.0
1600.0,-280.0,1244.5295,0.0
1610.0,-280.0,1286.8289,0.0
1620.0,-280.0,1330.1735,0.0
1630.0,-280.0,1374.5638,0.0
1640.0,-280.0,1420.0002,0.0
1650.0,-280.0,1466.4836,0.0
1660.0,-280.0,1514.013,0.0
1670.0,-280.0,1562.5894,0.0
1680.0,-280.0,1612.2108,0.0
1690.0,-280.0,1662.8799,0.0
1700.0,-280.0,1714.5961,0.0
1710.0,-280.0,1767.358,0.0
1720.0,-280.0,1821.1667,0.0
1730.0,-280.0,1876.0214,0.0
1740.0,-280.0,1931.9221,0.0
1750.0,-280.0,1988.8712,0.0
1760.0,-280.0,2046.8656,0.0
1770.0,-280.0,2105.9067,0.0
1780.0,-280.0,2165.996,0.0
1790.0,-280.0,2227.1326,0.0
1800.0,-280.0,2289.315,0.0
-200.0,-270.0,39270.906,1.0
-190.0,-270.0,39270.906,1.0
-180.0,-270.0,39270.906,1.0
-170.0,-270.0,39270.906,1.0
-160.0,-270.0,39270.906,1.0
-150.0,-270.0,39270.906,1.0
-140.0,-270.0,39270.906,1.0
-130.0,-270.0,39270.906,1.0
-120.0,-270.0,39270.906,1.0
-110.0,-270.0,39270.906,1.0
-100.0,-270.0,39270.906,1.0
-90.0,-270.0,39270.906,1.0
-80.0,-270.0,39270.906,1.0
-70.0,-270.0,39270.906,1.0
-60.0,-270.0,39270.906,1.0
-50.0,-270.0,39270.906,1.0
-40.0,-270.0,39270.906,1.0
-30.0,-270.0,39270.906,1.0
-20.0,-270.0,8732.457,0.0
-10.0,-270.0,8599.752,0.0
0.0,-270.0,8467.295,0.0
10.0,-270.0,8335.133,0.0
20.0,-270.0,8203.315,0.0
30.0,-270.0,8071.8955,0.0
40.0,-270.0,7940.924,0.0
50.0,-270.0,7810.459,0.0
60.0,-270.0,7680.5654,0.0
70.0,-270.0,7551.3057,0.0
80.0,-270.0,7422.749,0.0
90.0,-270.0,7294.966,0.0
100.0,-270.0,7168.033,0.0
110.0,-270.0,7042.034,0.0
120.0,-270.0,6917.0547,0.0
130.0,-270.0,6793.1846,0.0
140.0,-270.0,6670.522,0.0
150.0,-270.0,6549.145,0.0
160.0,-270.0,6429.0684,0.0
170.0,-270.0,6310.284,0.0
180.0,-270.0,6192.785,0.0
190.0,-270.0,6076.573,0.0
200.0,-270.0,5961.6396,0.0
210.0,-270.0,5847.9785,0.0
220.0,-270.0,5735.5894,0.0
230.0,-270.0,5624.4604,0.0
240.0,-270.0,5514.594,0.0
250.0,-270.0,5405.9854,0.0
260.0,-270.0,5298.625,0.0
270.0,-270.0,5192.5127,0.0
280.0,-270.0,5087.6455,0.0
290.0,-270.0,4984.0186,0.0
300.0,-270.0,4881.624,0.0
310.0,-270.0,4780.4634,0.0
320.0,-270.0,4680.5273,0.0
330.0,-270.0,4581.8174,0.0
340.0,-270.0,4484.325,0.0
350.0,-270.0,4388.0503,0.0
360.0,-270.0,4292.9883,0.0
370.0,-270.0,4199.1367,0.0
380.0,-270.0,4106.4883,0.0
390.0,-270.0,4015.0447,0.0
400.0,-270.0,3924.7969,0.0
410.0,-270.0,3835.749,0.0
420.0,-270.0,3747.8926,0.0
430.0,-270.0,3661.225,0.0
440.0,-270.0,3575.745,0.0
450.0,-270.0,3491.4478,0.0
460.0,-270.0,3408.3313,0.0
470.0,-270.0,3326.3933,0.0
480.0,-270.0,3245.6296,0.0
490.0,-270.0,3166.0386,0.0
500.0,-270.0,3087.6167,0.0
510.0,-270.0,3010.3618,0.0
520.0,-270.0,2934.271,0.0
530.0,-270.0,2859.3423,0.0
540.0,-270.0,2785.5718,0.0
550.0,-270.0,2712.9597,0.0
560.0,-270.0,2641.5015,0.0
570.0,-270.0,2571.1948,0.0
580.0,-270.0,2502.0386,0.0
590.0,-270.0,2434.0303,0.0
600.0,-270.0,2367.167,0.0
610.0,-270.0,2301.4473,0.0
620.0,-270.0,2236.8691,0.0
630.0,-270.0,2173.4307,0.0
640.0,-270.0,2111.129,0.0
650.0,-270.0,2049.9624,0.0
660.0,-270.0,1989.9297,0.0
670.0,-270.0,1931.029,0.0
680.0,-270.0,1873.2578,0.0
690.0,-270.0,1816.6151,0.0
700.0,-270.0,1761.0991,0.0
710.0,-270.0,1706.708,0.0
720.0,-270.0,1653.4402,0.0
730.0,-270.0,1601.2936,0.0
740.0,-270.0,1550.2676,0.0
750.0,-270.0,1500.3597,0.0
760.0,-270.0,1451.5685,0.0
770.0,-270.0,1403.8938,0.0
780.0,-270.0,1357.3326,0.0
790.0,-270.0,1311.8849,0.0
800.0,-270.0,1267.5486,0.0
810.0,-270.0,1224.3232,0.0
820.0,-270.0,1182.2068,0.0
830.0,-270.0,1141.1987,0.0
840.0,-270.0,1101.2974,0.0
850.0,-270.0,1062.502,0.0
860.0,-270.0,1024.8115,0.0
870.0,-270.0,988.22375,0.0
880.0,-270.0,952.7398,0.0
890.0,-270.0,918.35645,0.0
900.0,-270.0,885.07495,0.0
910.0,-270.0,852.8922,0.0
920.0,-270.0,821.80945,0.0
930.0,-270.0,791.824,0.0
940.0,-270.0,762.93555,0.0
950.0,-270.0,735.14404,0.0
960.0,-270.0,708.448,0.0
970.0,-270.0,682.84705,0.0
980.0,-270.0,658.3404,0.0
990.0,-270.0,634.9268,0.0
1000.0,-270.0,612.60645,0.0
1010.0,-270.0,591.37805,0.0
1020.0,-270.0,571.24133,0.0
1030.0,-270.0,552.1965,0.0
1040.0,-270.0,534.2411,0.0
1050.0,-270.0,517.376,0.0
1060.0,-270.0,501.60028,0.0
1070.0,-270.0,486.9138,0.0
1080.0,-270.0,473.31586,0.0
1090.0,-270.0,460.80618,0.0
1100.0,-270.0,449.38403,0.0
1110.0,-270.0,439.04843,0.0
1120.0,-270.0,429.8003,0.0
1130.0,-270.0,421.6391,0.0
1140.0,-270.0,414.5633,0.0
1150.0,-270.0,408.5737,0.0
1160.0,-270.0,403.66974,0.0
1170.0,-270.0,399.85147,0.0
1180.0,-270.0,397.1177,0.0
1190.0,-270.0,395.4692,0.0
1200.0,-270.0,394.90533,0.0
1210.0,-270.0,395.42535,0.0
1220.0,-270.0,397.0298,0.0
1230.0,-270.0,399.71814,0.0
1240.0,-270.0,403.49118,0.0
1250.0,-270.0,408.34732,0.0
1260.0,-270.0,414.2873,0.0
1270.0,-270.0,421.31027,0.0
1280.0,-270.0,429.41705,0.0
1290.0,-270.0,438.6074,0.0
1300.0,-270.0,448.88086,0.0
1310.0,-270.0,460.23743,0.0
1320.0,-270.0,472.67618,0.0
1330.0,-270.0,486.19714,0.0
1340.0,-270.0,500.80228,0.0
1350.0,-270.0,516.4915,0.0
1360.0,-270.0,533.26306,0.0
1370.0,-270.0,551.118,0.0
1380.0,-270.0,570.05554,0.0
1390.0,-270.0,590.0766,0.0
1400.0,-270.0,611.1803,0.0
1410.0,-270.0,633.3683,0.0
1420.0,-270.0,656.63837,0.0
1430.0,-270.0,680.992,0.0
1440.0,-270.0,706.42834,0.0
1450.0,-270.0,732.94885,0.0
1460.0,-270.0,760.5519,0.0
1470.0,-270.0,789.23865,0.0
1480.0,-270.0,819.0097,0.0
1490.0,-270.0,849.86475,0.0
1500.0,-270.0,881.80255,0.0
1510.0,-270.0,914.8242,0.0
1520.0,-270.0,948.93024,0.0
1530.0,-270.0,984.1197,0.0
1540.0,-270.0,1020.39355,0.0
1550.0,-270.0,1057.7517,0.0
1560.0,-270.0,1096.1941,0.0
1570.0,-270.0,1135.7202,0.0
1580.0,-270.0,1176.3312,0.0
1590.0,-270.0,1218.0273,0.0
1600.0,-270.0,1260.8083,0.0
1610.0,-270.0,1304.6733,0.0
1620.0,-270.0,1349.6235,0.0
1630.0,-270.0,1395.6589,0.0
1640.0,-270.0,1442.7783,0.0
1650.0,-270.0,1490.9836,0.0
1660.0,-270.0,1540.2747,0.0
1670.0,-270.0,1590.6497,0.0
1680.0,-270.0,1642.1116,0.0
1690.0,-270.0,1694.6584,0.0
1700.0,-270.0,1748.2893,0.0
1710.0,-270.0,1803.0067,0.0
1720.0,-270.0,1858.8103,0.0
1730.0,-270.0,1915.6979,0.0
1740.0,-270.0,1973.6724,0.0
1750.0,-270.0,2032.7318,0.0
1760.0,-270.0,2092.877,0.0
1770.0,-270.0,2154.1096,0.0
1780.0,-270.0,2216.4255,0.0
1790.0,-270.0,2279.8303,0.0
1800.0,-270.0,2344.3188,0.0
-200.0,-260.0,39270.906,1.0
-190.0,-260.0,39270.906,1.0
-180.0,-260.0,39270.906,1.0
-170.0,-260.0,39270.906,1.0
-160.0,-260.0,39270.906,1.0
-150.0,-260.0,39270.906,1.0
-140.0,-260.0,39270.906,1.0
-130.0,-260.0,39270.906,1.0
-120.0,-260.0,39270.906,1.0
-110.0,-260.0,39270.906,1.0
-100.0,-260.0,39270.906,1.0
-90.0,-260.0,39270.906,1.0
-80.0,-260.0,39270.906,1.0
-70.0,-260.0,39270.906,1.0
-60.0,-260.0,39270.906,1.0
-50.0,-260.0,39270.906,1.0
-40.0,-260.0,39270.906,1.0
-30.0,-260.0,39270.906,1.0
-20.0,-260.0,9030.836,0.0
-10.0,-260.0,8895.578,0.0
0.0,-260.0,8760.457,0.0
10.0,-260.0,8625.516,0.0
20.0,-260.0,8490.797,0.0
30.0,-260.0,8356.346,0.0
40.0,-260.0,8222.218,0.0
50.0,-260.0,8088.458,0.0
60.0,-260.0,7955.128,0.0
70.0,-260.0,7822.2817,0.0
80.0,-260.0,7689.984,0.0
90.0,-260.0,7558.2983,0.0
100.0,-260.0,7427.295,0.0
110.0,-260.0,7297.0493,0.0
120.0,-260.0,7167.6367,0.0
130.0,-260.0,7039.1396,0.0
140.0,-260.0,6911.65,0.0
150.0,-260.0,6785.257,0.0
160.0,-260.0,6660.0625,0.0
170.0,-260.0,6536.169,0.0
180.0,-260.0,6413.632,0.0
190.0,-260.0,6292.4424,0.0
200.0,-260.0,6172.5967,0.0
210.0,-260.0,6054.0884,0.0
220.0,-260.0,5936.917,0.0
230.0,-260.0,5821.0713,0.0
240.0,-260.0,5706.552,0.0
250.0,-260.0,5593.3525,0.0
260.0,-260.0,5481.465,0.0
270.0,-260.0,5370.8867,0.0
280.0,-260.0,5261.6143,0.0
290.0,-260.0,5153.6416,0.0
300.0,-260.0,5046.965,0.0
310.0,-260.0,4941.5776,0.0
320.0,-260.0,4837.4766,0.0
330.0,-260.0,4734.661,0.0
340.0,-260.0,4633.12,0.0
350.0,-260.0,4532.8545,0.0
360.0,-260.0,4433.8613,0.0
370.0,-260.0,4336.1333,0.0
380.0,-260.0,4239.667,0.0
390.0,-260.0,4144.46,0.0
400.0,-260.0,4050.5066,0.0
410.0,-260.0,3957.8062,0.0
420.0,-260.0,3866.3513,0.0
430.0,-260.0,3776.1418,0.0
440.0,-260.0,3687.1729,0.0
450.0,-260.0,3599.4414,0.0
460.0,-260.0,3512.9429,0.0
470.0,-260.0,3427.6763,0.0
480.0,-260.0,3343.637,0.0
490.0,-260.0,3260.8223,0.0
500.0,-260.0,3179.229,0.0
510.0,-260.0,3098.8545,0.0
520.0,-260.0,3019.6953,0.0
530.0,-260.0,2941.7495,0.0
540.0,-260.0,2865.0125,0.0
550.0,-260.0,2789.484,0.0
560.0,-260.0,2715.1587,0.0
570.0,-260.0,2642.0366,0.0
580.0,-260.0,2570.1133,0.0
590.0,-260.0,2499.3865,0.0
600.0,-260.0,2429.855,0.0
610.0,-260.0,2361.516,0.0
620.0,-260.0,2294.366,0.0
630.0,-260.0,2228.4038,0.0
640.0,-260.0,2163.627,0.0
650.0,-260.0,2100.0332,0.0
660.0,-260.0,2037.6207,0.0
670.0,-260.0,1976.3873,0.0
680.0,-260.0,1916.3304,0.0
690.0,-260.0,1857.4496,0.0
700.0,-260.0,1799.7412,0.0
710.0,-260.0,1743.2046,0.0
720.0,-260.0,1687.8374,0.0
730.0,-260.0,1633.638,0.0
740.0,-260.0,1580.6047,0.0
750.0,-260.0,1528.7356,0.0
760.0,-260.0,1478.0295,0.0
770.0,-260.0,1428.4836,0.0
780.0,-260.0,1380.0981,0.0
790.0,-260.0,1332.8696,0.0
800.0,-260.0,1286.7979,0.0
810.0,-260.0,1241.8823,0.0
820.0,-260.0,1198.1199,0.0
830.0,-260.0,1155.5099,0.0
840.0,-260.0,1114.0515,0.0
850.0,-260.0,1073.7434,0.0
860.0,-260.0,1034.5834,0.0
870.0,-260.0,996.5715,0.0
880.0,-260.0,959.7053,0.0
890.0,-260.0,923.9856,0.0
900.0,-260.0,889.40955,0.0
910.0,-260.0,855.977,0.0
920.0,-260.0,823.6862,0.0
930.0,-260.0,792.53766,0.0
940.0,-260.0,762.5292,0.0
950.0,-260.0,733.66003,0.0
960.0,-260.0,705.92944,0.0
970.0,-260.0,679.337,0.0
980.0,-260.0,653.88135,0.0
990.0,-260.0,629.56146,0.0
1000.0,-260.0,606.37823,0.0
1010.0,-260.0,584.3291,0.0
1020.0,-260.0,563.4144,0.0
1030.0,-260.0,543.63293,0.0
1040.0,-260.0,524.98505,0.0
1050.0,-260.0,507.46887,0.0
1060.0,-260.0,491.08453,0.0
1070.0,-260.0,475.83118,0.0
1080.0,-260.0,461.70856,0.0
1090.0,-260.0,448.7162,0.0
1100.0,-260.0,436.85397,0.0
1110.0,-260.0,426.12073,0.0
1120.0,-260.0,416.51636,0.0
1130.0,-260.0,408.04083,0.0
1140.0,-260.0,400.6929,0.0
1150.0,-260.0,394.4726,0.0
1160.0,-260.0,389.38065,0.0
1170.0,-260.0,385.41498,0.0
1180.0,-260.0,382.57614,0.0
1190.0,-260.0,380.86444,0.0
1200.0,-260.0,380.27905,0.0
1210.0,-260.0,380.81952,0.0
1220.0,-260.0,382.48566,0.0
1230.0,-260.0,385.27777,0.0
1240.0,-260.0,389.19556,0.0
1250.0,-260.0,394.2388,0.0
1260.0,-260.0,400.40683,0.0
1270.0,-260.0,407.70038,0.0
1280.0,-260.0,416.11865,0.0
1290.0,-260.0,425.66238,0.0
1300.0,-260.0,436.33047,0.0
1310.0,-260.0,448.12332,0.0
1320.0,-260.0,461.03992,0.0
1330.0,-260.0,475.07996,0.0
1340.0,-260.0,490.24744,0.0
1350.0,-260.0,506.53857,0.0
1360.0,-260.0,523.9552,0.0
1370.0,-260.0,542.496,0.0
1380.0,-260.0,562.1614,0.0
1390.0,-260.0,582.95154,0.0
1400.0,-260.0,604.86597,0.0
1410.0,-260.0,627.9059,0.0
1420.0,-260.0,652.0698,0.0
1430.0,-260.0,677.359,0.0
1440.0,-260.0,703.77313,0.0
1450.0,-260.0,731.31146,0.0
1460.0,-260.0,759.9759,0.0
1470.0,-260.0,789.7657,0.0
1480.0,-260.0,820.68066,0.0
1490.0,-260.0,852.7205,0.0
1500.0,-260.0,885.8854,0.0
1510.0,-260.0,920.17645,0.0
1520.0,-260.0,955.5928,0.0
1530.0,-260.0,992.13525,0.0
1540.0,-260.0,1029.8031,0.0
1550.0,-260.0,1068.5969,0.0
1560.0,-260.0,1108.5167,0.0
1570.0,-260.0,1149.5632,0.0
1580.0,-260.0,1191.7356,0.0
1590.0,-260.0,1235.0348,0.0
1600.0,-260.0,1279.4607,0.0
1610.0,-260.0,1325.0133,0.0
1620.0,-260.0,1371.6923,0.0
1630.0,-260.0,1419.497,0.0
1640.0,-260.0,1468.4299,0.0
1650.0,-260.0,1518.4906,0.0
1660.0,-260.0,1569.6775,0.0
1670.0,-260.0,1621.991,0.0
1680.0,-260.0,1675.4324,0.0
1690.0,-260.0,1730.0,0.0
1700.0,-260.0,1785.6967,0.0
1710.0,-260.0,1842.5195,0.0
1720.0,-260.0,1900.4714,0.0
1730.0,-260.0,1959.5496,0.0
1740.0,-260.0,2019.7568,0.0
1750.0,-260.0,2081.0903,0.0
1760.0,-260.0,2143.5527,0.0
1770.0,-260.0,2207.1423,0.0
1780.0,-260.0,2271.8591,0.0
1790.0,-260.0,2337.7065,0.0
1800.0,-260.0,2404.6797,0.0
-200.0,-250.0,39270.906,1.0
-190.0,-250.0,39270.906,1.0
-180.0,-250.0,39270.906,1.0
-170.0,-250.0,39270.906,1.0
-160.0,-250.0,39270.906,1.0
-150.0,-250.0,39270.906,1.0
-140.0,-250.0,39270.906,1.0
-130.0,-250.0,39270.906,1.0
-120.0,-250.0,39270.906,1.0
-110.0,-250.0,39270.906,1.0
-100.0,-250.0,39270.906,1.0
-90.0,-250.0,39270.906,1.0
-80.0,-250.0,39270.906,1.0
-70.0,-250.0,39270.906,1.0
-60.0,-250.0,39270.906,1.0
-50.0,-250.0,39270.906,1.0
-40.0,-250.0,39270.906,1.0
-30.0,-250.0,39270.906,1.0
-20.0,-250.0,9346.094,0.0
-10.0,-250.0,9208.467,0.0
0.0,-250.0,9070.865,0.0
10.0,-250.0,8933.333,0.0
20.0,-250.0,8795.906,0.0
30.0,-250.0,8658.631,0.0
40.0,-250.0,8521.549,0.0
50.0,-250.0,8384.707,0.0
60.0,-250.0,8248.156,0.0
70.0,-250.0,8111.949,0.0
80.0,-250.0,7976.14,0.0
90.0,-250.0,7840.7905,0.0
100.0,-250.0,7705.96,0.0
110.0,-250.0,7571.717,0.0
120.0,-250.0,7438.131,0.0
130.0,-250.0,7305.276,0.0
140.0,-250.0,7173.2344,0.0
150.0,-250.0,7042.0854,0.0
160.0,-250.0,6911.924,0.0
170.0,-250.0,6782.8433,0.0
180.0,-250.0,6654.9463,0.0
190.0,-250.0,6528.3394,0.0
200.0,-250.0,6403.123,0.0
210.0,-250.0,6279.3203,0.0
220.0,-250.0,6156.921,0.0
230.0,-250.0,6035.922,0.0
240.0,-250.0,5916.3174,0.0
250.0,-250.0,5798.105,0.0
260.0,-250.0,5681.2734,0.0
270.0,-250.0,5565.8193,0.0
280.0,-250.0,5451.74,0.0
290.0,-250.0,5339.0264,0.0
300.0,-250.0,5227.677,0.0
310.0,-250.0,5117.6816,0.0
320.0,-250.0,5009.0415,0.0
330.0,-250.0,4901.748,0.0
340.0,-250.0,4795.797,0.0
350.0,-250.0,4691.1846,0.0
360.0,-250.0,4587.9067,0.0
370.0,-250.0,4485.957,0.0
380.0,-250.0,4385.333,0.0
390.0,-250.0,4286.0283,0.0
400.0,-250.0,4188.0396,0.0
410.0,-250.0,4091.365,0.0
420.0,-250.0,3995.9976,0.0
430.0,-250.0,3901.9338,0.0
440.0,-250.0,3809.1707,0.0
450.0,-250.0,3717.7043,0.0
460.0,-250.0,3627.5312,0.0
470.0,-250.0,3538.6462,0.0
480.0,-250.0,3451.0474,0.0
490.0,-250.0,3364.7292,0.0
500.0,-250.0,3279.6902,0.0
510.0,-250.0,3195.927,0.0
520.0,-250.0,3113.435,0.0
530.0,-250.0,3032.2124,0.0
540.0,-250.0,2952.254,0.0
550.0,-250.0,2873.5586,0.0
560.0,-250.0,2796.124,0.0
570.0,-250.0,2719.9438,0.0
580.0,-250.0,2645.019,0.0
590.0,-250.0,2571.3442,0.0
600.0,-250.0,2498.918,0.0
610.0,-250.0,2427.7368,0.0
620.0,-250.0,2357.799,0.0
630.0,-250.0,2289.1006,0.0
640.0,-250.0,2221.6406,0.0
650.0,-250.0,2155.4158,0.0
660.0,-250.0,2090.4238,0.0
670.0,-250.0,2026.6625,0.0
680.0,-250.0,1964.129,0.0
690.0,-250.0,1902.8223,0.0
700.0,-250.0,1842.739,0.0
710.0,-250.0,1783.8784,0.0
720.0,-250.0,1726.2374,0.0
730.0,-250.0,1669.8145,0.0
740.0,-250.0,1614.6077,0.0
750.0,-250.0,1560.6151,0.0
760.0,-250.0,1507.8345,0.0
770.0,-250.0,1456.2644,0.0
780.0,-250.0,1405.9026,0.0
790.0,-250.0,1356.748,0.0
800.0,-250.0,1308.7982,0.0
810.0,-250.0,1262.0529,0.0
820.0,-250.0,1216.5095,0.0
830.0,-250.0,1172.1675,0.0
840.0,-250.0,1129.0239,0.0
850.0,-250.0,1087.0791,0.0
860.0,-250.0,1046.3307,0.0
870.0,-250.0,1006.7771,0.0
880.0,-250.0,968.41766,0.0
890.0,-250.0,931.2511,0.0
900.0,-250.0,895.2754,0.0
910.0,-250.0,860.4911,0.0
920.0,-250.0,826.89575,0.0
930.0,-250.0,794.48865,0.0
940.0,-250.0,763.2686,0.0
950.0,-250.0,733.23486,0.0
960.0,-250.0,704.386,0.0
970.0,-250.0,676.72144,0.0
980.0,-250.0,650.24066,0.0
990.0,-250.0,624.94183,0.0
1000.0,-250.0,600.82526,0.0
1010.0,-250.0,577.88916,0.0
1020.0,-250.0,556.1338,0.0
1030.0,-250.0,535.5574,0.0
1040.0,-250.0,516.15967,0.0
1050.0,-250.0,497.9408,0.0
1060.0,-250.0,480.89795,0.0
1070.0,-250.0,465.03278,0.0
1080.0,-250.0,450.34396,0.0
1090.0,-250.0,436.83057,0.0
1100.0,-250.0,424.49252,0.0
1110.0,-250.0,413.32953,0.0
1120.0,-250.0,403.34045,0.0
1130.0,-250.0,394.52502,0.0
1140.0,-250.0,386.8832,0.0
1150.0,-250.0,380.4146,0.0
1160.0,-250.0,375.11795,0.0
1170.0,-250.0,370.99414,0.0
1180.0,-250.0,368.04218,0.0
1190.0,-250.0,366.26172,0.0
1200.0,-250.0,365.65305,0.0
1210.0,-250.0,366.21515,0.0
1220.0,-250.0,367.94778,0.0
1230.0,-250.0,370.85208,0.0
1240.0,-250.0,374.9264,0.0
1250.0,-250.0,380.17178,0.0
1260.0,-250.0,386.58618,0.0
1270.0,-250.0,394.1715,0.0
1280.0,-250.0,402.92645,0.0
1290.0,-250.0,412.85156,0.0
1300.0,-250.0,423.94608,0.0
1310.0,-250.0,436.2098,0.0
1320.0,-250.0,449.64188,0.0
1330.0,-250.0,464.24512,0.0
1340.0,-250.0,480.01743,0.0
1350.0,-250.0,496.95984,0.0
1360.0,-250.0,515.07214,0.0
1370.0,-250.0,534.3535,0.0
1380.0,-250.0,554.80444,0.0
1390.0,-250.0,576.4253,0.0
1400.0,-250.0,599.2154,0.0
1410.0,-250.0,623.1752,0.0
1420.0,-250.0,648.30475,0.0
1430.0,-250.0,674.604,0.0
1440.0,-250.0,702.07336,0.0
1450.0,-250.0,730.7119,0.0
1460.0,-250.0,760.5223,0.0
1470.0,-250.0,791.50116,0.0
1480.0,-250.0,823.6518,0.0
1490.0,-250.0,856.9719,0.0
1500.0,-250.0,891.462,0.0
1510.0,-250.0,927.1234,0.0
1520.0,-250.0,963.95496,0.0
1530.0,-250.0,1001.95764,0.0
1540.0,-250.0,1041.1311,0.0
1550.0,-250.0,1081.4762,0.0
1560.0,-250.0,1122.9921,0.0
1570.0,-250.0,1165.6794,0.0
1580.0,-250.0,1209.5383,0.0
1590.0,-250.0,1254.5684,0.0
1600.0,-250.0,1300.7715,0.0
1610.0,-250.0,1348.1444,0.0
1620.0,-250.0,1396.6909,0.0
1630.0,-250.0,1446.4087,0.0
1640.0,-250.0,1497.2993,0.0
1650.0,-250.0,1549.3629,0.0
1660.0,-250.0,1602.5981,0.0
1670.0,-250.0,1657.0056,0.0
1680.0,-250.0,1712.5845,0.0
1690.0,-250.0,1769.3367,0.0
1700.0,-250.0,1827.2625,0.0
1710.0,-250.0,1886.3606,0.0
1720.0,-250.0,1946.633,0.0
1730.0,-250.0,2008.0779,0.0
1740.0,-250.0,2070.6938,0.0
1750.0,-250.0,2134.4844,0.0
1760.0,-250.0,2199.4482,0.0
1770.0,-250.0,2265.585,0.0
1780.0,-250.0,2332.8965,0.0
1790.0,-250.0,2401.3813,0.0
1800.0,-250.0,2471.0364,0.0
-200.0,-240.0,39270.906,1.0
-190.0,-240.0,39270.906,1.0
-180.0,-240.0,39270.906,1.0
-170.0,-240.0,39270.906,1.0
-160.0,-240.0,39270.906,1.0
-150.0,-240.0,39270.906,1.0
-140.0,-240.0,39270.906,1.0
-130.0,-240.0,39270.906,1.0
-120.0,-240.0,39270.906,1.0
-110.0,-240.0,39270.906,1.0
-100.0,-240.0,39270.906,1.0
-90.0,-240.0,39270.906,1.0
-80.0,-240.0,39270.906,1.0
-70.0,-240.0,39270.906,1.0
-60.0,-240.0,39270.906,1.0
-50.0,-240.0,39270.906,1.0
-40.0,-240.0,39270.906,1.0
-30.0,-240.0,39270.906,1.0
-20.0,-240.0,9678.86,0.0
-10.0,-240.0,9539.044,0.0
0.0,-240.0,9399.154,0.0
10.0,-240.0,9259.226,0.0
20.0,-240.0,9119.293,0.0
30.0,-240.0,8979.395,0.0
40.0,-240.0,8839.571,0.0
50.0,-240.0,8699.861,0.0
60.0,-240.0,8560.3125,0.0
70.0,-240.0,8420.971,0.0
80.0,-240.0,8281.889,0.0
90.0,-240.0,8143.1143,0.0
100.0,-240.0,8004.7056,0.0
110.0,-240.0,7866.7236,0.0
120.0,-240.0,7729.228,0.0
130.0,-240.0,7592.291,0.0
140.0,-240.0,7455.975,0.0
150.0,-240.0,7320.3623,0.0
160.0,-240.0,7185.532,0.0
170.0,-240.0,7051.5723,0.0
180.0,-240.0,6918.571,0.0
190.0,-240.0,6786.623,0.0
200.0,-240.0,6655.837,0.0
210.0,-240.0,6526.323,0.0
220.0,-240.0,6398.1963,0.0
230.0,-240.0,6271.5396,0.0
240.0,-240.0,6146.358,0.0
250.0,-240.0,6022.6445,0.0
260.0,-240.0,5900.3906,0.0
270.0,-240.0,5779.592,0.0
280.0,-240.0,5660.241,0.0
290.0,-240.0,5542.335,0.0
300.0,-240.0,5425.8633,0.0
310.0,-240.0,5310.826,0.0
320.0,-240.0,5197.2114,0.0
330.0,-240.0,5085.0195,0.0
340.0,-240.0,4974.2407,0.0
350.0,-240.0,4864.8716,0.0
360.0,-240.0,4756.9062,0.0
370.0,-240.0,4650.34,0.0
380.0,-240.0,4545.168,0.0
390.0,-240.0,4441.387,0.0
400.0,-240.0,4338.9883,0.0
410.0,-240.0,4237.9707,0.0
420.0,-240.0,4138.328,0.0
430.0,-240.0,4040.0564,0.0
440.0,-240.0,3943.1506,0.0
450.0,-240.0,3847.6064,0.0
460.0,-240.0,3753.4204,0.0
470.0,-240.0,3660.5867,0.0
480.0,-240.0,3569.1028,0.0
490.0,-240.0,3478.9658,0.0
500.0,-240.0,3390.169,0.0
510.0,-240.0,3302.71,0.0
520.0,-240.0,3216.5854,0.0
530.0,-240.0,3131.7905,0.0
540.0,-240.0,3048.3232,0.0
550.0,-240.0,2966.1785,0.0
560.0,-240.0,2885.3538,0.0
570.0,-240.0,2805.8452,0.0
580.0,-240.0,2727.6501,0.0
590.0,-240.0,2650.7651,0.0
600.0,-240.0,2575.187,0.0
610.0,-240.0,2500.9133,0.0
620.0,-240.0,2427.9395,0.0
630.0,-240.0,2356.2644,0.0
640.0,-240.0,2285.8843,0.0
650.0,-240.0,2216.7974,0.0
660.0,-240.0,2148.9995,0.0
670.0,-240.0,2082.4888,0.0
680.0,-240.0,2017.2633,0.0
690.0,-240.0,1953.3193,0.0
700.0,-240.0,1890.6547,0.0
710.0,-240.0,1829.2676,0.0
720.0,-240.0,1769.1555,0.0
730.0,-240.0,1710.316,0.0
740.0,-240.0,1652.747,0.0
750.0,-240.0,1596.4471,0.0
760.0,-240.0,1541.4137,0.0
770.0,-240.0,1487.6437,0.0
780.0,-240.0,1435.1372,0.0
790.0,-240.0,1383.8896,0.0
800.0,-240.0,1333.9014,0.0
810.0,-240.0,1285.1694,0.0
820.0,-240.0,1237.6925,0.0
830.0,-240.0,1191.4691,0.0
840.0,-240.0,1146.4976,0.0
850.0,-240.0,1102.7756,0.0
860.0,-240.0,1060.3027,0.0
870.0,-240.0,1019.077,0.0
880.0,-240.0,979.0968,0.0
890.0,-240.0,940.3612,0.0
900.0,-240.0,902.8672,0.0
910.0,-240.0,866.6158,0.0
920.0,-240.0,831.6051,0.0
930.0,-240.0,797.83307,0.0
940.0,-240.0,765.29865,0.0
950.0,-240.0,734.00244,0.0
960.0,-240.0,703.9413,0.0
970.0,-240.0,675.11426,0.0
980.0,-240.0,647.52136,0.0
990.0,-240.0,621.16125,0.0
1000.0,-240.0,596.033,0.0
1010.0,-240.0,572.13513,0.0
1020.0,-240.0,549.468,0.0
1030.0,-240.0,528.0305,0.0
1040.0,-240.0,507.82,0.0
1050.0,-240.0,488.83856,0.0
1060.0,-240.0,471.08344,0.0
1070.0,-240.0,454.55435,0.0
1080.0,-240.0,439.2519,0.0
1090.0,-240.0,425.17395,0.0
1100.0,-240.0,412.3208,0.0
1110.0,-240.0,400.6914,0.0
1120.0,-240.0,390.28516,0.0
1130.0,-240.0,381.10193,0.0
1140.0,-240.0,373.1415,0.0
1150.0,-240.0,366.403,0.0
1160.0,-240.0,360.88574,0.0
1170.0,-240.0,356.59018,0.0
1180.0,-240.0,353.51508,0.0
1190.0,-240.0,351.66064,0.0
1200.0,-240.0,351.02655,0.0
1210.0,-240.0,351.61252,0.0
1220.0,-240.0,353.4183,0.0
1230.0,-240.0,356.4433,0.0
1240.0,-240.0,360.6874,0.0
1250.0,-240.0,366.15076,0.0
1260.0,-240.0,372.83295,0.0
1270.0,-240.0,380.73376,0.0
1280.0,-240.0,389.8534,0.0
1290.0,-240.0,400.19177,0.0
1300.0,-240.0,411.74792,0.0
1310.0,-240.0,424.52155,0.0
1320.0,-240.0,438.51257,0.0
1330.0,-240.0,453.72424,0.0
1340.0,-240.0,470.1532,0.0
1350.0,-240.0,487.80038,0.0
1360.0,-240.0,506.66617,0.0
1370.0,-240.0,526.7501,0.0
1380.0,-240.0,548.05225,0.0
1390.0,-240.0,570.572,0.0
1400.0,-240.0,594.3102,0.0
1410.0,-240.0,619.26746,0.0
1420.0,-240.0,645.44275,0.0
1430.0,-240.0,672.836,0.0
1440.0,-240.0,701.4475,0.0
1450.0,-240.0,731.27954,0.0
1460.0,-240.0,762.329,0.0
1470.0,-240.0,794.598,0.0
1480.0,-240.0,828.0858,0.0
1490.0,-240.0,862.7926,0.0
1500.0,-240.0,898.7185,0.0
1510.0,-240.0,935.8644,0.0
1520.0,-240.0,974.2289,0.0
1530.0,-240.0,1013.8142,0.0
1540.0,-240.0,1054.6184,0.0
1550.0,-240.0,1096.6426,0.0
1560.0,-240.0,1139.8875,0.0
1570.0,-240.0,1184.3522,0.0
1580.0,-240.0,1230.0376,0.0
1590.0,-240.0,1276.9434,0.0
1600.0,-240.0,1325.071,0.0
1610.0,-240.0,1374.419,0.0
1620.0,-240.0,1424.988,0.0
1630.0,-240.0,1476.7773,0.0
1640.0,-240.0,1529.7878,0.0
1650.0,-240.0,1584.0205,0.0
1660.0,-240.0,1639.4746,0.0
1670.0,-240.0,1696.1494,0.0
1680.0,-240.0,1754.0461,0.0
1690.0,-240.0,1813.1663,0.0
1700.0,-240.0,1873.507,0.0
1710.0,-240.0,1935.0696,0.0
1720.0,-240.0,1997.8551,0.0
1730.0,-240.0,2061.8638,0.0
1740.0,-240.0,2127.0935,0.0
1750.0,-240.0,2193.545,0.0
1760.0,-240.0,2261.2202,0.0
1770.0,-240.0,2330.1157,0.0
1780.0,-240.0,2400.2358,0.0
1790.0,-240.0,2471.578,0.0
1800.0,-240.0,2544.144,0.0
-200.0,-230.0,39270.906,1.0
-190.0,-230.0,39270.906,1.0
-180.0,-230.0,39270.906,1.0
-170.0,-230.0,39270.906,1.0
-160.0,-230.0,39270.906,1.0
-150.0,-230.0,39270.906,1.0
-140.0,-230.0,39270.906,1.0
-130.0,-230.0,39270.906,1.0
-120.0,-230.0,39270.906,1.0
-110.0,-230.0,39270.906,1.0
-100.0,-230.0,39270.906,1.0
-90.0,-230.0,39270.906,1.0
-80.0,-230.0,39270.906,1.0
-70.0,-230.0,39270.906,1.0
-60.0,-230.0,39270.906,1.0
-50.0,-230.0,39270.906,1.0
-40.0,-230.0,39270.906,1.0
-30.0,-230.0,39270.906,1.0
-20.0,-230.0,10029.809,0.0
-10.0,-230.0,9887.992,0.0
0.0,-230.0,9746.004,0.0
10.0,-230.0,9603.876,0.0
20.0,-230.0,9461.641,0.0
30.0,-230.0,9319.328,0.0
40.0,-230.0,9176.979,0.0
50.0,-230.0,9034.621,0.0
60.0,-230.0,8892.303,0.0
70.0,-230.0,8750.06,0.0
80.0,-230.0,8607.939,0.0
90.0,-230.0,8465.991,0.0
100.0,-230.0,8324.259,0.0
110.0,-230.0,8182.7974,0.0
120.0,-230.0,8041.664,0.0
130.0,-230.0,7900.919,0.0
140.0,-230.0,7760.62,0.0
150.0,-230.0,7620.8413,0.0
160.0,-230.0,7481.65,0.0
170.0,-230.0,7343.1235,0.0
180.0,-230.0,7205.3447,0.0
190.0,-230.0,7068.3975,0.0
200.0,-230.0,6932.376,0.0
210.0,-230.0,6797.381,0.0
220.0,-230.0,6663.5127,0.0
230.0,-230.0,6530.8853,0.0
240.0,-230.0,6399.621,0.0
250.0,-230.0,6269.8457,0.0
260.0,-230.0,6141.616,0.0
270.0,-230.0,6014.9277,0.0
280.0,-230.0,5889.7734,0.0
290.0,-230.0,5766.1475,0.0
300.0,-230.0,5644.041,0.0
310.0,-230.0,5523.4487,0.0
320.0,-230.0,5404.365,0.0
330.0,-230.0,5286.783,0.0
340.0,-230.0,5170.6953,0.0
350.0,-230.0,5056.097,0.0
360.0,-230.0,4942.983,0.0
370.0,-230.0,4831.3467,0.0
380.0,-230.0,4721.1807,0.0
390.0,-230.0,4612.482,0.0
400.0,-230.0,4505.241,0.0
410.0,-230.0,4399.458,0.0
420.0,-230.0,4295.123,0.0
430.0,-230.0,4192.2354,0.0
440.0,-230.0,4090.7854,0.0
450.0,-230.0,3990.7712,0.0
460.0,-230.0,3892.1865,0.0
470.0,-230.0,3795.027,0.0
480.0,-230.0,3699.2874,0.0
490.0,-230.0,3604.9648,0.0
500.0,-230.0,3512.0518,0.0
510.0,-230.0,3420.5474,0.0
520.0,-230.0,3330.4456,0.0
530.0,-230.0,3241.7417,0.0
540.0,-230.0,3154.4326,0.0
550.0,-230.0,3068.5137,0.0
560.0,-230.0,2983.982,0.0
570.0,-230.0,2900.833,0.0
580.0,-230.0,2819.0637,0.0
590.0,-230.0,2738.6685,0.0
600.0,-230.0,2659.6462,0.0
610.0,-230.0,2581.9917,0.0
620.0,-230.0,2505.7024,0.0
630.0,-230.0,2430.7754,0.0
640.0,-230.0,2357.2058,0.0
650.0,-230.0,2284.9927,0.0
660.0,-230.0,2214.131,0.0
670.0,-230.0,2144.6187,0.0
680.0,-230.0,2076.453,0.0
690.0,-230.0,2009.6312,0.0
700.0,-230.0,1944.1497,0.0
710.0,-230.0,1880.0063,0.0
720.0,-230.0,1817.1989,0.0
730.0,-230.0,1755.7236,0.0
740.0,-230.0,1695.5789,0.0
750.0,-230.0,1636.763,0.0
760.0,-230.0,1579.2714,0.0
770.0,-230.0,1523.1034,0.0
780.0,-230.0,1468.2576,0.0
790.0,-230.0,1414.7302,0.0
800.0,-230.0,1362.5192,0.0
810.0,-230.0,1311.6235,0.0
820.0,-230.0,1262.0405,0.0
830.0,-230.0,1213.7675,0.0
840.0,-230.0,1166.804,0.0
850.0,-230.0,1121.1471,0.0
860.0,-230.0,1076.7964,0.0
870.0,-230.0,1033.749,0.0
880.0,-230.0,992.0034,0.0
890.0,-230.0,951.5593,0.0
900.0,-230.0,912.41284,0.0
910.0,-230.0,874.56555,0.0
920.0,-230.0,838.01294,0.0
930.0,-230.0,802.7558,0.0
940.0,-230.0,768.7919,0.0
950.0,-230.0,736.11993,0.0
960.0,-230.0,704.7391,0.0
970.0,-230.0,674.648,0.0
980.0,-230.0,645.8449,0.0
990.0,-230.0,618.32983,0.0
1000.0,-230.0,592.1003,0.0
1010.0,-230.0,567.1575,0.0
1020.0,-230.0,543.49854,0.0
1030.0,-230.0,521.12305,0.0
1040.0,-230.0,500.03036,0.0
1050.0,-230.0,480.21857,0.0
1060.0,-230.0,461.689,0.0
1070.0,-230.0,444.43842,0.0
1080.0,-230.0,428.46756,0.0
1090.0,-230.0,413.77606,0.0
1100.0,-230.0,400.3625,0.0
1110.0,-230.0,388.22607,0.0
1120.0,-230.0,377.3669,0.0
1130.0,-230.0,367.78412,0.0
1140.0,-230.0,359.47702,0.0
1150.0,-230.0,352.44458,0.0
1160.0,-230.0,346.68823,0.0
1170.0,-230.0,342.20554,0.0
1180.0,-230.0,338.99673,0.0
1190.0,-230.0,337.06213,0.0
1200.0,-230.0,336.40067,0.0
1210.0,-230.0,337.01224,0.0
1220.0,-230.0,338.8963,0.0
1230.0,-230.0,342.05298,0.0
1240.0,-230.0,346.4818,0.0
1250.0,-230.0,352.1821,0.0
1260.0,-230.0,359.15503,0.0
1270.0,-230.0,367.3996,0.0
1280.0,-230.0,376.9153,0.0
1290.0,-230.0,387.7024,0.0
1300.0,-230.0,399.7604,0.0
1310.0,-230.0,413.08765,0.0
1320.0,-230.0,427.68777,0.0
1330.0,-230.0,443.55948,0.0
1340.0,-230.0,460.70227,0.0
1350.0,-230.0,479.11536,0.0
1360.0,-230.0,498.80026,0.0
1370.0,-230.0,519.75635,0.0
1380.0,-230.0,541.9825,0.0
1390.0,-230.0,565.4801,0.0
1400.0,-230.0,590.24915,0.0
1410.0,-230.0,616.2892,0.0
1420.0,-230.0,643.6001,0.0
1430.0,-230.0,672.1828,0.0
1440.0,-230.0,702.0376,0.0
1450.0,-230.0,733.16425,0.0
1460.0,-230.0,765.5621,0.0
1470.0,-230.0,799.23193,0.0
1480.0,-230.0,834.1733,0.0
1490.0,-230.0,870.38745,0.0
1500.0,-230.0,907.87335,0.0
1510.0,-230.0,946.63257,0.0
1520.0,-230.0,986.6625,0.0
1530.0,-230.0,1027.9674,0.0
1540.0,-230.0,1070.5447,0.0
1550.0,-230.0,1114.3948,0.0
1560.0,-230.0,1159.5176,0.0
1570.0,-230.0,1205.9144,0.0
1580.0,-230.0,1253.5857,0.0
1590.0,-230.0,1302.5297,0.0
1600.0,-230.0,1352.7495,0.0
1610.0,-230.0,1404.2424,0.0
1620.0,-230.0,1457.0105,0.0
1630.0,-230.0,1511.0507,0.0
1640.0,-230.0,1566.3668,0.0
1650.0,-230.0,1622.9569,0.0
1660.0,-230.0,1680.8235,0.0
1670.0,-230.0,1739.9647,0.0
1680.0,-230.0,1800.38,0.0
1690.0,-230.0,1862.0721,0.0
1700.0,-230.0,1925.0391,0.0
1710.0,-230.0,1989.2816,0.0
1720.0,-230.0,2054.8,0.0
1730.0,-230.0,2121.5938,0.0
1740.0,-230.0,2189.6636,0.0
1750.0,-230.0,2259.0088,0.0
1760.0,-230.0,2329.6294,0.0
1770.0,-230.0,2401.528,0.0
1780.0,-230.0,2474.7012,0.0
1790.0,-230.0,2549.1526,0.0
1800.0,-230.0,2624.878,0.0
-200.0,-220.0,39270.906,1.0
-190.0,-220.0,39270.906,1.0
-180.0,-220.0,39270.906,1.0
-170.0,-220.0,39270.906,1.0
-160.0,-220.0,39270.906,1.0
-150.0,-220.0,39270.906,1.0
-140.0,-220.0,39270.906,1.0
-130.0,-220.0,39270.906,1.0
-120.0,-220.0,39270.906,1.0
-110.0,-220.0,39270.906,1.0
-100.0,-220.0,39270.906,1.0
-90.0,-220.0,39270.906,1.0
-80.0,-220.0,39270.906,1.0
-70.0,-220.0,39270.906,1.0
-60.0,-220.0,39270.906,1.0
-50.0,-220.0,39270.906,1.0
-40.0,-220.0,39270.906,1.0
-30.0,-220.0,10543.019,0.0
-20.0,-220.0,10399.678,0.0
-10.0,-220.0,10256.054,0.0
0.0,-220.0,10112.164,0.0
10.0,-220.0,9968.037,0.0
20.0,-220.0,9823.701,0.0
30.0,-220.0,9679.186,0.0
40.0,-220.0,9534.523,0.0
50.0,-220.0,9389.744,0.0
60.0,-220.0,9244.885,0.0
70.0,-220.0,9099.979,0.0
80.0,-220.0,8955.068,0.0
90.0,-220.0,8810.194,0.0
100.0,-220.0,8665.396,0.0
110.0,-220.0,8520.727,0.0
120.0,-220.0,8376.229,0.0
130.0,-220.0,8231.959,0.0
140.0,-220.0,8087.972,0.0
150.0,-220.0,7944.325,0.0
160.0,-220.0,7801.0884,0.0
170.0,-220.0,7658.3193,0.0
180.0,-220.0,7516.0967,0.0
190.0,-220.0,7374.496,0.0
200.0,-220.0,7233.5967,0.0
210.0,-220.0,7093.4863,0.0
220.0,-220.0,6954.26,0.0
230.0,-220.0,6816.0146,0.0
240.0,-220.0,6678.861,0.0
250.0,-220.0,6542.9097,0.0
260.0,-220.0,6408.286,0.0
270.0,-220.0,6275.118,0.0
280.0,-220.0,6143.5356,0.0
290.0,-220.0,6013.577,0.0
300.0,-220.0,5885.2344,0.0
310.0,-220.0,5758.5,0.0
320.0,-220.0,5633.367,0.0
330.0,-220.0,5509.825,0.0
340.0,-220.0,5387.87,0.0
350.0,-220.0,5267.496,0.0
360.0,-220.0,5148.6914,0.0
370.0,-220.0,5031.456,0.0
380.0,-220.0,4915.7764,0.0
390.0,-220.0,4801.6504,0.0
400.0,-220.0,4689.07,0.0
410.0,-220.0,4578.0303,0.0
420.0,-220.0,4468.5234,0.0
430.0,-220.0,4360.547,0.0
440.0,-220.0,4254.089,0.0
450.0,-220.0,4149.1504,0.0
460.0,-220.0,4045.721,0.0
470.0,-220.0,3943.7969,0.0
480.0,-220.0,3843.3735,0.0
490.0,-220.0,3744.4426,0.0
500.0,-220.0,3647.0027,0.0
510.0,-220.0,3551.0464,0.0
520.0,-220.0,3456.5708,0.0
530.0,-220.0,3363.5688,0.0
540.0,-220.0,3272.0361,0.0
550.0,-220.0,3181.971,0.0
560.0,-220.0,3093.3655,0.0
570.0,-220.0,3006.217,0.0
580.0,-220.0,2920.5208,0.0
590.0,-220.0,2836.2725,0.0
600.0,-220.0,2753.4678,0.0
610.0,-220.0,2672.1045,0.0
620.0,-220.0,2592.1753,0.0
630.0,-220.0,2513.6792,0.0
640.0,-220.0,2436.6118,0.0
650.0,-220.0,2360.9697,0.0
660.0,-220.0,2286.7498,0.0
670.0,-220.0,2213.9468,0.0
680.0,-220.0,2142.5588,0.0
690.0,-220.0,2072.5818,0.0
700.0,-220.0,2004.0137,0.0
710.0,-220.0,1936.8506,0.0
720.0,-220.0,1871.0897,0.0
730.0,-220.0,1806.728,0.0
740.0,-220.0,1743.7626,0.0
750.0,-220.0,1682.191,0.0
760.0,-220.0,1622.01,0.0
770.0,-220.0,1563.2178,0.0
780.0,-220.0,1505.8113,0.0
790.0,-220.0,1449.7876,0.0
800.0,-220.0,1395.1451,0.0
810.0,-220.0,1341.8813,0.0
820.0,-220.0,1289.9935,0.0
830.0,-220.0,1239.4797,0.0
840.0,-220.0,1190.3375,0.0
850.0,-220.0,1142.5653,0.0
860.0,-220.0,1096.1606,0.0
870.0,-220.0,1051.1223,0.0
880.0,-220.0,1007.4474,0.0
890.0,-220.0,965.13525,0.0
900.0,-220.0,924.1836,0.0
910.0,-220.0,884.59045,0.0
920.0,-220.0,846.3539,0.0
930.0,-220.0,809.4741,0.0
940.0,-220.0,773.9482,0.0
950.0,-220.0,739.7744,0.0
960.0,-220.0,706.95166,0.0
970.0,-220.0,675.48,0.0
980.0,-220.0,645.3559,0.0
990.0,-220.0,616.57886,0.0
1000.0,-220.0,589.14734,0.0
1010.0,-220.0,563.0622,0.0
1020.0,-220.0,538.3204,0.0
1030.0,-220.0,514.92163,0.0
1040.0,-220.0,492.8645,0.0
1050.0,-220.0,472.14832,0.0
1060.0,-220.0,452.7713,0.0
1070.0,-220.0,434.73383,0.0
1080.0,-220.0,418.03406,0.0
1090.0,-220.0,402.6728,0.0
1100.0,-220.0,388.64783,0.0
1110.0,-220.0,375.958,0.0
1120.0,-220.0,364.60425,0.0
1130.0,-220.0,354.58508,0.0
1140.0,-220.0,345.89966,0.0
1150.0,-220.0,338.5479,0.0
1160.0,-220.0,332.52924,0.0
1170.0,-220.0,327.8428,0.0
1180.0,-220.0,324.48837,0.0
1190.0,-220.0,322.46594,0.0
1200.0,-220.0,321.77463,0.0
1210.0,-220.0,322.41418,0.0
1220.0,-220.0,324.38382,0.0
1230.0,-220.0,327.68408,0.0
1240.0,-220.0,332.31427,0.0
1250.0,-220.0,338.27377,0.0
1260.0,-220.0,345.56323,0.0
1270.0,-220.0,354.1821,0.0
1280.0,-220.0,364.13046,0.0
1290.0,-220.0,375.40695,0.0
1300.0,-220.0,388.01178,0.0
1310.0,-220.0,401.9446,0.0
1320.0,-220.0,417.20856,0.0
1330.0,-220.0,433.79968,0.0
1340.0,-220.0,451.7203,0.0
1350.0,-220.0,470.96988,0.0
1360.0,-220.0,491.54764,0.0
1370.0,-220.0,513.45386,0.0
1380.0,-220.0,536.6896,0.0
1390.0,-220.0,561.25323,0.0
1400.0,-220.0,587.14575,0.0
1410.0,-220.0,614.3671,0.0
1420.0,-220.0,642.9176,0.0
1430.0,-220.0,672.7974,0.0
1440.0,-220.0,704.0073,0.0
1450.0,-220.0,736.54596,0.0
1460.0,-220.0,770.414,0.0
1470.0,-220.0,805.6115,0.0
1480.0,-220.0,842.13965,0.0
1490.0,-220.0,879.9967,0.0
1500.0,-220.0,919.1846,0.0
1510.0,-220.0,959.7023,0.0
1520.0,-220.0,1001.55133,0.0
1530.0,-220.0,1044.7307,0.0
1540.0,-220.0,1089.2412,0.0
1550.0,-220.0,1135.0823,0.0
1560.0,-220.0,1182.2555,0.0
1570.0,-220.0,1230.7594,0.0
1580.0,-220.0,1280.5964,0.0
1590.0,-220.0,1331.7646,0.0
1600.0,-220.0,1384.2661,0.0
1610.0,-220.0,1438.0986,0.0
1620.0,-220.0,1493.2644,0.0
1630.0,-220.0,1549.7614,0.0
1640.0,-220.0,1607.5923,0.0
1650.0,-220.0,1666.7556,0.0
1660.0,-220.0,1727.2534,0.0
1670.0,-220.0,1789.0834,0.0
1680.0,-220.0,1852.2471,0.0
1690.0,-220.0,1916.7463,0.0
1700.0,-220.0,1982.5776,0.0
1710.0,-220.0,2049.7432,0.0
1720.0,-220.0,2118.2432,0.0
1730.0,-220.0,2188.0771,0.0
1740.0,-220.0,2259.245,0.0
1750.0,-220.0,2331.749,0.0
1760.0,-220.0,2405.586,0.0
1770.0,-220.0,2480.7585,0.0
1780.0,-220.0,2557.2632,0.0
1790.0,-220.0,2635.106,0.0
1800.0,-220.0,2714.2808,0.0
-200.0,-210.0,39270.906,1.0
-190.0,-210.0,39270.906,1.0
-180.0,-210.0,39270.906,1.0
-170.0,-210.0,39270.906,1.0
-160.0,-210.0,39270.906,1.0
-150.0,-210.0,39270.906,1.0
-140.0,-210.0,39270.906,1.0
-130.0,-210.0,39270.906,1.0
-120.0,-210.0,39270.906,1.0
-110.0,-210.0,39270.906,1.0
-100.0,-210.0,39270.906,1.0
-90.0,-210.0,39270.906,1.0
-80.0,-210.0,39270.906,1.0
-70.0,-210.0,39270.906,1.0
-60.0,-210.0,39270.906,1.0
-50.0,-210.0,39270.906,1.0
-40.0,-210.0,39270.906,1.0
-30.0,-210.0,10934.148,0.0
-20.0,-210.0,10789.276,0.0
-10.0,-210.0,10644.031,0.0
0.0,-210.0,10498.4375,0.0
10.0,-210.0,10352.517,0.0
20.0,-210.0,10206.291,0.0
30.0,-210.0,10059.789,0.0
40.0,-210.0,9913.035,0.0
50.0,-210.0,9766.057,0.0
60.0,-210.0,9618.89,0.0
70.0,-210.0,9471.56,0.0
80.0,-210.0,9324.105,0.0
90.0,-210.0,9176.56,0.0
100.0,-210.0,9028.961,0.0
110.0,-210.0,8881.351,0.0
120.0,-210.0,8733.77,0.0
130.0,-210.0,8586.266,0.0
140.0,-210.0,8438.887,0.0
150.0,-210.0,8291.684,0.0
160.0,-210.0,8144.715,0.0
170.0,-210.0,7998.034,0.0
180.0,-210.0,7851.7085,0.0
190.0,-210.0,7705.8047,0.0
200.0,-210.0,7560.3906,0.0
210.0,-210.0,7415.5464,0.0
220.0,-210.0,7271.353,0.0
230.0,-210.0,7127.893,0.0
240.0,-210.0,6985.269,0.0
250.0,-210.0,6843.575,0.0
260.0,-210.0,6702.92,0.0
270.0,-210.0,6563.421,0.0
280.0,-210.0,6425.2,0.0
290.0,-210.0,6288.3896,0.0
300.0,-210.0,6153.135,0.0
310.0,-210.0,6019.564,0.0
320.0,-210.0,5887.6987,0.0
330.0,-210.0,5757.532,0.0
340.0,-210.0,5629.053,0.0
350.0,-210.0,5502.258,0.0
360.0,-210.0,5377.1357,0.0
370.0,-210.0,5253.6807,0.0
380.0,-210.0,5131.881,0.0
390.0,-210.0,5011.7334,0.0
400.0,-210.0,4893.2266,0.0
410.0,-210.0,4776.3574,0.0
420.0,-210.0,4661.1177,0.0
430.0,-210.0,4547.4976,0.0
440.0,-210.0,4435.494,0.0
450.0,-210.0,4325.099,0.0
460.0,-210.0,4216.304,0.0
470.0,-210.0,4109.1074,0.0
480.0,-210.0,4003.4985,0.0
490.0,-210.0,3899.4727,0.0
500.0,-210.0,3797.023,0.0
510.0,-210.0,3696.147,0.0
520.0,-210.0,3596.8347,0.0
530.0,-210.0,3499.0847,0.0
540.0,-210.0,3402.887,0.0
550.0,-210.0,3308.2393,0.0
560.0,-210.0,3215.1357,0.0
570.0,-210.0,3123.5718,0.0
580.0,-210.0,3033.542,0.0
590.0,-210.0,2945.041,0.0
600.0,-210.0,2858.065,0.0
610.0,-210.0,2772.609,0.0
620.0,-210.0,2688.668,0.0
630.0,-210.0,2606.239,0.0
640.0,-210.0,2525.315,0.0
650.0,-210.0,2445.895,0.0
660.0,-210.0,2367.9727,0.0
670.0,-210.0,2291.5454,0.0
680.0,-210.0,2216.609,0.0
690.0,-210.0,2143.1587,0.0
700.0,-210.0,2071.1929,0.0
710.0,-210.0,2000.7059,0.0
720.0,-210.0,1931.6951,0.0
730.0,-210.0,1864.1571,0.0
740.0,-210.0,1798.0892,0.0
750.0,-210.0,1733.487,0.0
760.0,-210.0,1670.3484,0.0
770.0,-210.0,1608.6704,0.0
780.0,-210.0,1548.4487,0.0
790.0,-210.0,1489.6821,0.0
800.0,-210.0,1432.3666,0.0
810.0,-210.0,1376.5001,0.0
820.0,-210.0,1322.0808,0.0
830.0,-210.0,1269.105,0.0
840.0,-210.0,1217.5707,0.0
850.0,-210.0,1167.4751,0.0
860.0,-210.0,1118.8153,0.0
870.0,-210.0,1071.5907,0.0
880.0,-210.0,1025.7981,0.0
890.0,-210.0,981.4356,0.0
900.0,-210.0,938.5013,0.0
910.0,-210.0,896.9933,0.0
920.0,-210.0,856.9098,0.0
930.0,-210.0,818.2488,0.0
940.0,-210.0,781.0085,0.0
950.0,-210.0,745.18787,0.0
960.0,-210.0,710.7842,0.0
970.0,-210.0,677.7971,0.0
980.0,-210.0,646.22375,0.0
990.0,-210.0,616.0636,0.0
1000.0,-210.0,587.31494,0.0
1010.0,-210.0,559.97754,0.0
1020.0,-210.0,534.0484,0.0
1030.0,-210.0,509.5276,0.0
1040.0,-210.0,486.41327,0.0
1050.0,-210.0,464.7046,0.0
1060.0,-210.0,444.4005,0.0
1070.0,-210.0,425.50012,0.0
1080.0,-210.0,408.00195,0.0
1090.0,-210.0,391.906,0.0
1100.0,-210.0,377.21075,0.0
1110.0,-210.0,363.9157,0.0
1120.0,-210.0,352.01962,0.0
1130.0,-210.0,341.52234,0.0
1140.0,-210.0,332.42285,0.0
1150.0,-210.0,324.72086,0.0
1160.0,-210.0,318.41486,0.0
1170.0,-210.0,313.50528,0.0
1180.0,-210.0,309.9913,0.0
1190.0,-210.0,307.87268,0.0
1200.0,-210.0,307.14844,0.0
1210.0,-210.0,307.81802,0.0
1220.0,-210.0,309.88232,0.0
1230.0,-210.0,313.33936,0.0
1240.0,-210.0,318.19016,0.0
1250.0,-210.0,324.43365,0.0
1260.0,-210.0,332.07016,0.0
1270.0,-210.0,341.09885,0.0
1280.0,-210.0,351.52005,0.0
1290.0,-210.0,363.3332,0.0
1300.0,-210.0,376.53674,0.0
1310.0,-210.0,391.1328,0.0
1320.0,-210.0,407.1221,0.0
1330.0,-210.0,424.5027,0.0
1340.0,-210.0,443.27484,0.0
1350.0,-210.0,463.43924,0.0
1360.0,-210.0,484.995,0.0
1370.0,-210.0,507.94244,0.0
1380.0,-210.0,532.28235,0.0
1390.0,-210.0,558.0137,0.0
1400.0,-210.0,585.13635,0.0
1410.0,-210.0,613.6514,0.0
1420.0,-210.0,643.55945,0.0
1430.0,-210.0,674.85986,0.0
1440.0,-210.0,707.5526,0.0
1450.0,-210.0,741.6373,0.0
1460.0,-210.0,777.1157,0.0
1470.0,-210.0,813.98645,0.0
1480.0,-210.0,852.2501,0.0
1490.0,-210.0,891.90796,0.0
1500.0,-210.0,932.95844,0.0
1510.0,-210.0,975.4035,0.0
1520.0,-210.0,1019.2423,0.0
1530.0,-210.0,1064.4753,0.0
1540.0,-210.0,1111.103,0.0
1550.0,-210.0,1159.1252,0.0
1560.0,-210.0,1208.5431,0.0
1570.0,-210.0,1259.3551,0.0
1580.0,-210.0,1311.5627,0.0
1590.0,-210.0,1365.1671,0.0
1600.0,-210.0,1420.1674,0.0
1610.0,-210.0,1476.5619,0.0
1620.0,-210.0,1534.3533,0.0
1630.0,-210.0,1593.542,0.0
1640.0,-210.0,1654.127,0.0
1650.0,-210.0,1716.1091,0.0
1660.0,-210.0,1779.4883,0.0
1670.0,-210.0,1844.2644,0.0
1680.0,-210.0,1910.4385,0.0
1690.0,-210.0,1978.011,0.0
1700.0,-210.0,2046.9802,0.0
1710.0,-210.0,2117.3481,0.0
1720.0,-210.0,2189.115,0.0
1730.0,-210.0,2262.2803,0.0
1740.0,-210.0,2336.842,0.0
1750.0,-210.0,2412.8035,0.0
1760.0,-210.0,2490.164,0.0
1770.0,-210.0,2568.9219,0.0
1780.0,-210.0,2649.0776,0.0
1790.0,-210.0,2730.6372,0.0
1800.0,-210.0,2813.5918,0.0
-200.0,-200.0,39270.906,1.0
-190.0,-200.0,39270.906,1.0
-180.0,-200.0,39270.906,1.0
-170.0,-200.0,39270.906,1.0
-160.0,-200.0,39270.906,1.0
-150.0,-200.0,39270.906,1.0
-140.0,-200.0,39270.906,1.0
-130.0,-200.0,39270.906,1.0
-120.0,-200.0,39270.906,1.0
-110.0,-200.0,39270.906,1.0
-100.0,-200.0,39270.906,1.0
-90.0,-200.0,39270.906,1.0
-80.0,-200.0,39270.906,1.0
-70.0,-200.0,39270.906,1.0
-60.0,-200.0,39270.906,1.0
-50.0,-200.0,39270.906,1.0
-40.0,-200.0,39270.906,1.0
-30.0,-200.0,11345.69,0.0
-20.0,-200.0,11199.48,0.0
-10.0,-200.0,11052.815,0.0
0.0,-200.0,10905.72,0.0
10.0,-200.0,10758.207,0.0
20.0,-200.0,10610.303,0.0
30.0,-200.0,10462.027,0.0
40.0,-200.0,10313.406,0.0
50.0,-200.0,10164.461,0.0
60.0,-200.0,10015.219,0.0
70.0,-200.0,9865.709,0.0
80.0,-200.0,9715.96,0.0
90.0,-200.0,9566.002,0.0
100.0,-200.0,9415.867,0.0
110.0,-200.0,9265.591,0.0
120.0,-200.0,9115.209,0.0
130.0,-200.0,8964.764,0.0
140.0,-200.0,8814.297,0.0
150.0,-200.0,8663.848,0.0
160.0,-200.0,8513.471,0.0
170.0,-200.0,8363.214,0.0
180.0,-200.0,8213.131,0.0
190.0,-200.0,8063.2803,0.0
200.0,-200.0,7913.724,0.0
210.0,-200.0,7764.5293,0.0
220.0,-200.0,7615.7646,0.0
230.0,-200.0,7467.508,0.0
240.0,-200.0,7319.839,0.0
250.0,-200.0,7172.846,0.0
260.0,-200.0,7026.625,0.0
270.0,-200.0,6881.2715,0.0
280.0,-200.0,6736.8945,0.0
290.0,-200.0,6593.613,0.0
300.0,-200.0,6451.5483,0.0
310.0,-200.0,6310.8374,0.0
320.0,-200.0,6171.625,0.0
330.0,-200.0,6034.0645,0.0
340.0,-200.0,5898.286,0.0
350.0,-200.0,5764.309,0.0
360.0,-200.0,5632.1216,0.0
370.0,-200.0,5501.715,0.0
380.0,-200.0,5373.0786,0.0
390.0,-200.0,5246.2046,0.0
400.0,-200.0,5121.0835,0.0
410.0,-200.0,4997.709,0.0
420.0,-200.0,4876.0728,0.0
430.0,-200.0,4756.162,0.0
440.0,-200.0,4637.9766,0.0
450.0,-200.0,4521.5,0.0
460.0,-200.0,4406.731,0.0
470.0,-200.0,4293.6606,0.0
480.0,-200.0,4182.2793,0.0
490.0,-200.0,4072.582,0.0
500.0,-200.0,3964.5623,0.0
510.0,-200.0,3858.212,0.0
520.0,-200.0,3753.5244,0.0
530.0,-200.0,3650.4946,0.0
540.0,-200.0,3549.114,0.0
550.0,-200.0,3449.3784,0.0
560.0,-200.0,3351.2803,0.0
570.0,-200.0,3254.8145,0.0
580.0,-200.0,3159.975,0.0
590.0,-200.0,3066.7566,0.0
600.0,-200.0,2975.1523,0.0
610.0,-200.0,2885.1592,0.0
620.0,-200.0,2796.7698,0.0
630.0,-200.0,2709.98,0.0
640.0,-200.0,2624.7847,0.0
650.0,-200.0,2541.1787,0.0
660.0,-200.0,2459.1572,0.0
670.0,-200.0,2378.7168,0.0
680.0,-200.0,2299.8525,0.0
690.0,-200.0,2222.5588,0.0
700.0,-200.0,2146.8325,0.0
710.0,-200.0,2072.6682,0.0
720.0,-200.0,2000.064,0.0
730.0,-200.0,1929.0135,0.0
740.0,-200.0,1859.5153,0.0
750.0,-200.0,1791.5635,0.0
760.0,-200.0,1725.1559,0.0
770.0,-200.0,1660.2888,0.0
780.0,-200.0,1596.9585,0.0
790.0,-200.0,1535.1616,0.0
800.0,-200.0,1474.8943,0.0
810.0,-200.0,1416.1553,0.0
820.0,-200.0,1358.9404,0.0
830.0,-200.0,1303.2463,0.0
840.0,-200.0,1249.0713,0.0
850.0,-200.0,1196.4121,0.0
860.0,-200.0,1145.2649,0.0
870.0,-200.0,1095.6287,0.0
880.0,-200.0,1047.5001,0.0
890.0,-200.0,1000.8768,0.0
900.0,-200.0,955.7563,0.0
910.0,-200.0,912.1371,0.0
920.0,-200.0,870.0164,0.0
930.0,-200.0,829.39294,0.0
940.0,-200.0,790.2639,0.0
950.0,-200.0,752.6277,0.0
960.0,-200.0,716.48206,0.0
970.0,-200.0,681.8248,0.0
980.0,-200.0,648.6559,0.0
990.0,-200.0,616.9719,0.0
1000.0,-200.0,586.7723,0.0
1010.0,-200.0,558.0552,0.0
1020.0,-200.0,530.8188,0.0
1030.0,-200.0,505.0627,0.0
1040.0,-200.0,480.78436,0.0
1050.0,-200.0,457.98386,0.0
1060.0,-200.0,436.65878,0.0
1070.0,-200.0,416.80746,0.0
1080.0,-200.0,398.43115,0.0
1090.0,-200.0,381.52722,0.0
1100.0,-200.0,366.09418,0.0
1110.0,-200.0,352.13232,0.0
1120.0,-200.0,339.6398,0.0
1130.0,-200.0,328.61615,0.0
1140.0,-200.0,319.06143,0.0
1150.0,-200.0,310.97324,0.0
1160.0,-200.0,304.352,0.0
1170.0,-200.0,299.19714,0.0
1180.0,-200.0,295.50714,0.0
1190.0,-200.0,293.2823,0.0
1200.0,-200.0,292.52228,0.0
1210.0,-200.0,293.22595,0.0
1220.0,-200.0,295.39322,0.0
1230.0,-200.0,299.02362,0.0
1240.0,-200.0,304.11658,0.0
1250.0,-200.0,310.67212,0.0
1260.0,-200.0,318.6895,0.0
1270.0,-200.0,328.17,0.0
1280.0,-200.0,339.11093,0.0
1290.0,-200.0,351.5136,0.0
1300.0,-200.0,365.37616,0.0
1310.0,-200.0,380.7019,0.0
1320.0,-200.0,397.48865,0.0
1330.0,-200.0,415.73657,0.0
1340.0,-200.0,435.44623,0.0
1350.0,-200.0,456.61624,0.0
1360.0,-200.0,479.2475,0.0
1370.0,-200.0,503.34045,0.0
1380.0,-200.0,528.8937,0.0
1390.0,-200.0,555.9088,0.0
1400.0,-200.0,584.38477,0.0
1410.0,-200.0,614.32355,0.0
1420.0,-200.0,645.72327,0.0
1430.0,-200.0,678.58484,0.0
1440.0,-200.0,712.90906,0.0
1450.0,-200.0,748.69495,0.0
1460.0,-200.0,785.9431,0.0
1470.0,-200.0,824.6537,0.0
1480.0,-200.0,864.82764,0.0
1490.0,-200.0,906.4641,0.0
1500.0,-200.0,949.5645,0.0
1510.0,-200.0,994.1276,0.0
1520.0,-200.0,1040.1549,0.0
1530.0,-200.0,1087.6478,0.0
1540.0,-200.0,1136.6029,0.0
1550.0,-200.0,1187.0245,0.0
1560.0,-200.0,1238.9099,0.0
1570.0,-200.0,1292.261,0.0
1580.0,-200.0,1347.0774,0.0
1590.0,-200.0,1403.3585,0.0
1600.0,-200.0,1461.1074,0.0
1610.0,-200.0,1520.3224,0.0
1620.0,-200.0,1581.0027,0.0
1630.0,-200.0,1643.1506,0.0
1640.0,-200.0,1706.7656,0.0
1650.0,-200.0,1771.8474,0.0
1660.0,-200.0,1838.3965,0.0
1670.0,-200.0,1906.4144,0.0
1680.0,-200.0,1975.9004,0.0
1690.0,-200.0,2046.8536,0.0
1700.0,-200.0,2119.2769,0.0
1710.0,-200.0,2193.167,0.0
1720.0,-200.0,2268.5261,0.0
1730.0,-200.0,2345.3557,0.0
1740.0,-200.0,2423.6516,0.0
1750.0,-200.0,2503.4192,0.0
1760.0,-200.0,2584.6543,0.0
1770.0,-200.0,2667.3584,0.0
1780.0,-200.0,2751.5327,0.0
1790.0,-200.0,2837.1797,0.0
1800.0,-200.0,2924.291,0.0
-200.0,-190.0,39270.906,1.0
-190.0,-190.0,39270.906,1.0
-180.0,-190.0,39270.906,1.0
-170.0,-190.0,39270.906,1.0
-160.0,-190.0,39270.906,1.0
-150.0,-190.0,39270.906,1.0
-140.0,-190.0,39270.906,1.0
-130.0,-190.0,39270.906,1.0
-120.0,-190.0,39270.906,1.0
-110.0,-190.0,39270.906,1.0
-100.0,-190.0,39270.906,1.0
-90.0,-190.0,39270.906,1.0
-80.0,-190.0,39270.906,1.0
-70.0,-190.0,39270.906,1.0
-60.0,-190.0,39270.906,1.0
-50.0,-190.0,39270.906,1.0
-40.0,-190.0,39270.906,1.0
-30.0,-190.0,11778.61,0.0
-20.0,-190.0,11631.257,0.0
-10.0,-190.0,11483.375,0.0
0.0,-190.0,11334.979,0.0
10.0,-190.0,11186.089,0.0
20.0,-190.0,11036.72,0.0
30.0,-190.0,10886.894,0.0
40.0,-190.0,10736.631,0.0
50.0,-190.0,10585.946,0.0
60.0,-190.0,10434.871,0.0
70.0,-190.0,10283.426,0.0
80.0,-190.0,10131.633,0.0
90.0,-190.0,9979.52,0.0
100.0,-190.0,9827.117,0.0
110.0,-190.0,9674.451,0.0
120.0,-190.0,9521.557,0.0
130.0,-190.0,9368.466,0.0
140.0,-190.0,9215.215,0.0
150.0,-190.0,9061.836,0.0
160.0,-190.0,8908.378,0.0
170.0,-190.0,8754.881,0.0
180.0,-190.0,8601.393,0.0
190.0,-190.0,8447.959,0.0
200.0,-190.0,8294.635,0.0
210.0,-190.0,8141.4795,0.0
220.0,-190.0,7988.5493,0.0
230.0,-190.0,7835.9106,0.0
240.0,-190.0,7683.633,0.0
250.0,-190.0,7531.794,0.0
260.0,-190.0,7380.473,0.0
270.0,-190.0,7229.7524,0.0
280.0,-190.0,7079.731,0.0
290.0,-190.0,6930.505,0.0
300.0,-190.0,6782.1816,0.0
310.0,-190.0,6634.876,0.0
320.0,-190.0,6488.717,0.0
330.0,-190.0,6343.8354,0.0
340.0,-190.0,6200.379,0.0
350.0,-190.0,6058.5044,0.0
360.0,-190.0,5918.382,0.0
370.0,-190.0,5780.1475,0.0
380.0,-190.0,5643.8174,0.0
390.0,-190.0,5509.379,0.0
400.0,-190.0,5376.8213,0.0
410.0,-190.0,5246.136,0.0
420.0,-190.0,5117.3115,0.0
430.0,-190.0,4990.341,0.0
440.0,-190.0,4865.211,0.0
450.0,-190.0,4741.916,0.0
460.0,-190.0,4620.4453,0.0
470.0,-190.0,4500.79,0.0
480.0,-190.0,4382.9424,0.0
490.0,-190.0,4266.8936,0.0
500.0,-190.0,4152.6343,0.0
510.0,-190.0,4040.1567,0.0
520.0,-190.0,3929.4546,0.0
530.0,-190.0,3820.5193,0.0
540.0,-190.0,3713.3423,0.0
550.0,-190.0,3607.9192,0.0
560.0,-190.0,3504.2393,0.0
570.0,-190.0,3402.2986,0.0
580.0,-190.0,3302.089,0.0
590.0,-190.0,3203.604,0.0
600.0,-190.0,3106.835,0.0
610.0,-190.0,3011.7805,0.0
620.0,-190.0,2918.4292,0.0
630.0,-190.0,2826.7783,0.0
640.0,-190.0,2736.8218,0.0
650.0,-190.0,2648.5518,0.0
660.0,-190.0,2561.9656,0.0
670.0,-190.0,2477.0547,0.0
680.0,-190.0,2393.8157,0.0
690.0,-190.0,2312.2441,0.0
700.0,-190.0,2232.3325,0.0
710.0,-190.0,2154.0786,0.0
720.0,-190.0,2077.4758,0.0
730.0,-190.0,2002.5208,0.0
740.0,-190.0,1929.208,0.0
750.0,-190.0,1857.5339,0.0
760.0,-190.0,1787.4939,0.0
770.0,-190.0,1719.0841,0.0
780.0,-190.0,1652.3003,0.0
790.0,-190.0,1587.1384,0.0
800.0,-190.0,1523.5942,0.0
810.0,-190.0,1461.6655,0.0
820.0,-190.0,1401.3477,0.0
830.0,-190.0,1342.6381,0.0
840.0,-190.0,1285.5337,0.0
850.0,-190.0,1230.0292,0.0
860.0,-190.0,1176.1239,0.0
870.0,-190.0,1123.8135,0.0
880.0,-190.0,1073.095,0.0
890.0,-190.0,1023.96533,0.0
900.0,-190.0,976.422,0.0
910.0,-190.0,930.46295,0.0
920.0,-190.0,886.08563,0.0
930.0,-190.0,843.2874,0.0
940.0,-190.0,802.06604,0.0
950.0,-190.0,762.4188,0.0
960.0,-190.0,724.34344,0.0
970.0,-190.0,687.839,0.0
980.0,-190.0,652.90204,0.0
990.0,-190.0,619.53125,0.0
1000.0,-190.0,587.7252,0.0
1010.0,-190.0,557.48145,0.0
1020.0,-190.0,528.7986,0.0
1030.0,-190.0,501.6753,0.0
1040.0,-190.0,476.10968,0.0
1050.0,-190.0,452.09995,0.0
1060.0,-190.0,429.64563,0.0
1070.0,-190.0,408.74414,0.0
1080.0,-190.0,389.3948,0.0
1090.0,-190.0,371.597,0.0
1100.0,-190.0,355.3481,0.0
1110.0,-190.0,340.64905,0.0
1120.0,-190.0,327.49747,0.0
1130.0,-190.0,315.89172,0.0
1140.0,-190.0,305.8328,0.0
1150.0,-190.0,297.31848,0.0
1160.0,-190.0,290.34857,0.0
1170.0,-190.0,284.92175,0.0
1180.0,-190.0,281.03815,0.0
1190.0,-190.0,278.69617,0.0
1200.0,-190.0,277.89615,0.0
1210.0,-190.0,278.63678,0.0
1220.0,-190.0,280.91803,0.0
1230.0,-190.0,284.73956,0.0
1240.0,-190.0,290.101,0.0
1250.0,-190.0,297.00134,0.0
1260.0,-190.0,305.44028,0.0
1270.0,-190.0,315.41852,0.0
1280.0,-190.0,326.93512,0.0
1290.0,-190.0,339.98843,0.0
1300.0,-190.0,354.58047,0.0
1310.0,-190.0,370.71118,0.0
1320.0,-190.0,388.37973,0.0
1330.0,-190.0,407.58606,0.0
1340.0,-190.0,428.3305,0.0
1350.0,-190.0,450.6123,0.0
1360.0,-190.0,474.43195,0.0
1370.0,-190.0,499.78973,0.0
1380.0,-190.0,526.68494,0.0
1390.0,-190.0,555.1178,0.0
1400.0,-190.0,585.0896,0.0
1410.0,-190.0,616.59985,0.0
1420.0,-190.0,649.64825,0.0
1430.0,-190.0,684.2349,0.0
1440.0,-190.0,720.36084,0.0
1450.0,-190.0,758.02625,0.0
1460.0,-190.0,797.2306,0.0
1470.0,-190.0,837.9746,0.0
1480.0,-190.0,880.2583,0.0
1490.0,-190.0,924.0817,0.0
1500.0,-190.0,969.4463,0.0
1510.0,-190.0,1016.3512,0.0
1520.0,-190.0,1064.7976,0.0
1530.0,-190.0,1114.7852,0.0
1540.0,-190.0,1166.3148,0.0
1550.0,-190.0,1219.3857,0.0
1560.0,-190.0,1273.999,0.0
1570.0,-190.0,1330.1542,0.0
1580.0,-190.0,1387.8536,0.0
1590.0,-190.0,1447.095,0.0
1600.0,-190.0,1507.8821,0.0
1610.0,-190.0,1570.2122,0.0
1620.0,-190.0,1634.086,0.0
1630.0,-190.0,1699.5044,0.0
1640.0,-190.0,1766.4683,0.0
1650.0,-190.0,1834.9777,0.0
1660.0,-190.0,1905.0298,0.0
1670.0,-190.0,1976.6309,0.0
1680.0,-190.0,2049.7769,0.0
1690.0,-190.0,2124.4678,0.0
1700.0,-190.0,2200.7068,0.0
1710.0,-190.0,2278.4932,0.0
1720.0,-190.0,2357.8254,0.0
1730.0,-190.0,2438.7031,0.0
1740.0,-190.0,2521.13,0.0
1750.0,-190.0,2605.104,0.0
1760.0,-190.0,2690.6243,0.0
1770.0,-190.0,2777.6912,0.0
1780.0,-190.0,2866.308,0.0
1790.0,-190.0,2956.4739,0.0
1800.0,-190.0,3048.1836,0.0
-200.0,-180.0,39270.906,1.0
-190.0,-180.0,39270.906,1.0
-180.0,-180.0,39270.906,1.0
-170.0,-180.0,39270.906,1.0
-160.0,-180.0,39270.906,1.0
-150.0,-180.0,39270.906,1.0
-140.0,-180.0,39270.906,1.0
-130.0,-180.0,39270.906,1.0
-120.0,-180.0,39270.906,1.0
-110.0,-180.0,39270.906,1.0
-100.0,-180.0,39270.906,1.0
-90.0,-180.0,39270.906,1.0
-80.0,-180.0,39270.906,1.0
-70.0,-180.0,39270.906,1.0
-60.0,-180.0,39270.906,1.0
-50.0,-180.0,39270.906,1.0
-40.0,-180.0,39270.906,1.0
-30.0,-180.0,12233.957,0.0
-20.0,-180.0,12085.665,0.0
-10.0,-180.0,11936.77,0.0
0.0,-180.0,11787.289,0.0
10.0,-180.0,11637.233,0.0
20.0,-180.0,11486.621,0.0
30.0,-180.0,11335.469,0.0
40.0,-180.0,11183.79,0.0
50.0,-180.0,11031.606,0.0
60.0,-180.0,10878.9375,0.0
70.0,-180.0,10725.803,0.0
80.0,-180.0,10572.223,0.0
90.0,-180.0,10418.221,0.0
100.0,-180.0,10263.816,0.0
110.0,-180.0,10109.043,0.0
120.0,-180.0,9953.919,0.0
130.0,-180.0,9798.477,0.0
140.0,-180.0,9642.747,0.0
150.0,-180.0,9486.76,0.0
160.0,-180.0,9330.549,0.0
170.0,-180.0,9174.154,0.0
180.0,-180.0,9017.611,0.0
190.0,-180.0,8860.961,0.0
200.0,-180.0,8704.252,0.0
210.0,-180.0,8547.527,0.0
220.0,-180.0,8390.84,0.0
230.0,-180.0,8234.246,0.0
240.0,-180.0,8077.803,0.0
250.0,-180.0,7921.5737,0.0
260.0,-180.0,7765.629,0.0
270.0,-180.0,7610.0386,0.0
280.0,-180.0,7454.884,0.0
290.0,-180.0,7300.249,0.0
300.0,-180.0,7146.2236,0.0
310.0,-180.0,6992.908,0.0
320.0,-180.0,6840.407,0.0
330.0,-180.0,6688.838,0.0
340.0,-180.0,6538.3203,0.0
350.0,-180.0,6388.994,0.0
360.0,-180.0,6241.0024,0.0
370.0,-180.0,6094.502,0.0
380.0,-180.0,5949.665,0.0
390.0,-180.0,5806.6753,0.0
400.0,-180.0,5665.6875,0.0
410.0,-180.0,5526.7188,0.0
420.0,-180.0,5389.759,0.0
430.0,-180.0,5254.794,0.0
440.0,-180.0,5121.813,0.0
450.0,-180.0,4990.805,0.0
460.0,-180.0,4861.7617,0.0
470.0,-180.0,4734.669,0.0
480.0,-180.0,4609.5176,0.0
490.0,-180.0,4486.298,0.0
500.0,-180.0,4365.0,0.0
510.0,-180.0,4245.615,0.0
520.0,-180.0,4128.133,0.0
530.0,-180.0,4012.5444,0.0
540.0,-180.0,3898.8403,0.0
550.0,-180.0,3787.0137,0.0
560.0,-180.0,3677.0547,0.0
570.0,-180.0,3568.9546,0.0
580.0,-180.0,3462.7046,0.0
590.0,-180.0,3358.2988,0.0
600.0,-180.0,3255.7295,0.0
610.0,-180.0,3154.9883,0.0
620.0,-180.0,3056.067,0.0
630.0,-180.0,2958.9604,0.0
640.0,-180.0,2863.6582,0.0
650.0,-180.0,2770.1577,0.0
660.0,-180.0,2678.4497,0.0
670.0,-180.0,2588.5303,0.0
680.0,-180.0,2500.3892,0.0
690.0,-180.0,2414.0244,0.0
700.0,-180.0,2329.4268,0.0
710.0,-180.0,2246.5933,0.0
720.0,-180.0,2165.5159,0.0
730.0,-180.0,2086.1904,0.0
740.0,-180.0,2008.6107,0.0
750.0,-180.0,1932.773,0.0
760.0,-180.0,1858.672,0.0
770.0,-180.0,1786.3018,0.0
780.0,-180.0,1715.658,0.0
790.0,-180.0,1646.7366,0.0
800.0,-180.0,1579.5325,0.0
810.0,-180.0,1514.0421,0.0
820.0,-180.0,1450.261,0.0
830.0,-180.0,1388.1843,0.0
840.0,-180.0,1327.8093,0.0
850.0,-180.0,1269.1313,0.0
860.0,-180.0,1212.148,0.0
870.0,-180.0,1156.8542,0.0
880.0,-180.0,1103.2477,0.0
890.0,-180.0,1051.324,0.0
900.0,-180.0,1001.0801,0.0
910.0,-180.0,952.5138,0.0
920.0,-180.0,905.6213,0.0
930.0,-180.0,860.4003,0.0
940.0,-180.0,816.8473,0.0
950.0,-180.0,774.9603,0.0
960.0,-180.0,734.7368,0.0
970.0,-180.0,696.17365,0.0
980.0,-180.0,659.26874,0.0
990.0,-180.0,624.0211,0.0
1000.0,-180.0,590.4265,0.0
1010.0,-180.0,558.4843,0.0
1020.0,-180.0,528.1919,0.0
1030.0,-180.0,499.54712,0.0
1040.0,-180.0,472.54852,0.0
1050.0,-180.0,447.19467,0.0
1060.0,-180.0,423.48334,0.0
1070.0,-180.0,401.41345,0.0
1080.0,-180.0,380.98306,0.0
1090.0,-180.0,362.1909,0.0
1100.0,-180.0,345.03516,0.0
1110.0,-180.0,329.51642,0.0
1120.0,-180.0,315.63135,0.0
1130.0,-180.0,303.3796,0.0
1140.0,-180.0,292.76025,0.0
1150.0,-180.0,283.77203,0.0
1160.0,-180.0,276.41412,0.0
1170.0,-180.0,270.68576,0.0
1180.0,-180.0,266.58612,0.0
1190.0,-180.0,264.11438,0.0
1200.0,-180.0,263.27008,0.0
1210.0,-180.0,264.05206,0.0
1220.0,-180.0,266.4602,0.0
1230.0,-180.0,270.49402,0.0
1240.0,-180.0,276.1525,0.0
1250.0,-180.0,283.4358,0.0
1260.0,-180.0,292.3439,0.0
1270.0,-180.0,302.87543,0.0
1280.0,-180.0,315.02985,0.0
1290.0,-180.0,328.8076,0.0
1300.0,-180.0,344.209,0.0
1310.0,-180.0,361.234,0.0
1320.0,-180.0,379.88196,0.0
1330.0,-180.0,400.15256,0.0
1340.0,-180.0,422.04678,0.0
1350.0,-180.0,445.563,0.0
1360.0,-180.0,470.703,0.0
1370.0,-180.0,497.46515,0.0
1380.0,-180.0,525.8499,0.0
1390.0,-180.0,555.859,0.0
1400.0,-180.0,587.4916,0.0
1410.0,-180.0,620.7475,0.0
1420.0,-180.0,655.62683,0.0
1430.0,-180.0,692.12994,0.0
1440.0,-180.0,730.2577,0.0
1450.0,-180.0,770.0095,0.0
1460.0,-180.0,811.387,0.0
1470.0,-180.0,854.3889,0.0
1480.0,-180.0,899.01624,0.0
1490.0,-180.0,945.27,0.0
1500.0,-180.0,993.1482,0.0
1510.0,-180.0,1042.6537,0.0
1520.0,-180.0,1093.7874,0.0
1530.0,-180.0,1146.5472,0.0
1540.0,-180.0,1200.9338,0.0
1550.0,-180.0,1256.9485,0.0
1560.0,-180.0,1314.5923,0.0
1570.0,-180.0,1373.8641,0.0
1580.0,-180.0,1434.7657,0.0
1590.0,-180.0,1497.2966,0.0
1600.0,-180.0,1561.458,0.0
1610.0,-180.0,1627.2499,0.0
1620.0,-180.0,1694.6714,0.0
1630.0,-180.0,1763.7241,0.0
1640.0,-180.0,1834.4075,0.0
1650.0,-180.0,1906.725,0.0
1660.0,-180.0,1980.6724,0.0
1670.0,-180.0,2056.2534,0.0
1680.0,-180.0,2133.4673,0.0
1690.0,-180.0,2212.3127,0.0
1700.0,-180.0,2292.7927,0.0
1710.0,-180.0,2374.9067,0.0
1720.0,-180.0,2458.6526,0.0
1730.0,-180.0,2544.0332,0.0
1740.0,-180.0,2631.048,0.0
1750.0,-180.0,2719.6995,0.0
1760.0,-180.0,2809.984,0.0
1770.0,-180.0,2901.9014,0.0
1780.0,-180.0,2995.455,0.0
1790.0,-180.0,3090.643,0.0
1800.0,-180.0,3187.468,0.0
-200.0,-170.0,39270.906,1.0
-190.0,-170.0,39270.906,1.0
-180.0,-170.0,39270.906,1.0
-170.0,-170.0,39270.906,1.0
-160.0,-170.0,39270.906,1.0
-150.0,-170.0,39270.906,1.0
-140.0,-170.0,39270.906,1.0
-130.0,-170.0,39270.906,1.0
-120.0,-170.0,39270.906,1.0
-110.0,-170.0,39270.906,1.0
-100.0,-170.0,39270.906,1.0
-90.0,-170.0,39270.906,1.0
-80.0,-170.0,39270.906,1.0
-70.0,-170.0,39270.906,1.0
-60.0,-170.0,39270.906,1.0
-50.0,-170.0,39270.906,1.0
-40.0,-170.0,39270.906,1.0
-30.0,-170.0,12712.883,0.0
-20.0,-170.0,12563.866,0.0
-10.0,-170.0,12414.176,0.0
0.0,-170.0,12263.825,0.0
10.0,-170.0,12112.824,0.0
20.0,-170.0,11961.194,0.0
30.0,-170.0,11808.941,0.0
40.0,-170.0,11656.086,0.0
50.0,-170.0,11502.641,0.0
60.0,-170.0,11348.621,0.0
70.0,-170.0,11194.051,0.0
80.0,-170.0,11038.94,0.0
90.0,-170.0,10883.311,0.0
100.0,-170.0,10727.184,0.0
110.0,-170.0,10570.578,0.0
120.0,-170.0,10413.518,0.0
130.0,-170.0,10256.025,0.0
140.0,-170.0,10098.125,0.0
150.0,-170.0,9939.846,0.0
160.0,-170.0,9781.212,0.0
170.0,-170.0,9622.259,0.0
180.0,-170.0,9463.018,0.0
190.0,-170.0,9303.518,0.0
200.0,-170.0,9143.804,0.0
210.0,-170.0,8983.908,0.0
220.0,-170.0,8823.879,0.0
230.0,-170.0,8663.754,0.0
240.0,-170.0,8503.59,0.0
250.0,-170.0,8343.435,0.0
260.0,-170.0,8183.347,0.0
270.0,-170.0,8023.389,0.0
280.0,-170.0,7863.623,0.0
290.0,-170.0,7704.121,0.0
300.0,-170.0,7544.959,0.0
310.0,-170.0,7386.2207,0.0
320.0,-170.0,7227.9956,0.0
330.0,-170.0,7070.377,0.0
340.0,-170.0,6913.471,0.0
350.0,-170.0,6757.3926,0.0
360.0,-170.0,6602.261,0.0
370.0,-170.0,6448.211,0.0
380.0,-170.0,6295.3857,0.0
390.0,-170.0,6143.9434,0.0
400.0,-170.0,5994.05,0.0
410.0,-170.0,5845.896,0.0
420.0,-170.0,5699.6787,0.0
430.0,-170.0,5555.584,0.0
440.0,-170.0,5413.6406,0.0
450.0,-170.0,5273.8354,0.0
460.0,-170.0,5136.1553,0.0
470.0,-170.0,5000.5864,0.0
480.0,-170.0,4867.117,0.0
490.0,-170.0,4735.7363,0.0
500.0,-170.0,4606.4307,0.0
510.0,-170.0,4479.1895,0.0
520.0,-170.0,4354.0,0.0
530.0,-170.0,4230.854,0.0
540.0,-170.0,4109.7383,0.0
550.0,-170.0,3990.6418,0.0
560.0,-170.0,3873.5576,0.0
570.0,-170.0,3758.474,0.0
580.0,-170.0,3645.3794,0.0
590.0,-170.0,3534.267,0.0
600.0,-170.0,3425.1245,0.0
610.0,-170.0,3317.9463,0.0
620.0,-170.0,3212.722,0.0
630.0,-170.0,3109.4429,0.0
640.0,-170.0,3008.1008,0.0
650.0,-170.0,2908.6875,0.0
660.0,-170.0,2811.1953,0.0
670.0,-170.0,2715.6162,0.0
680.0,-170.0,2621.942,0.0
690.0,-170.0,2530.1672,0.0
700.0,-170.0,2440.2832,0.0
710.0,-170.0,2352.2847,0.0
720.0,-170.0,2266.1633,0.0
730.0,-170.0,2181.9126,0.0
740.0,-170.0,2099.5261,0.0
750.0,-170.0,2018.9995,0.0
760.0,-170.0,1940.3247,0.0
770.0,-170.0,1863.4968,0.0
780.0,-170.0,1788.5099,0.0
790.0,-170.0,1715.3596,0.0
800.0,-170.0,1644.0388,0.0
810.0,-170.0,1574.5435,0.0
820.0,-170.0,1506.8688,0.0
830.0,-170.0,1441.0093,0.0
840.0,-170.0,1376.9609,0.0
850.0,-170.0,1314.7183,0.0
860.0,-170.0,1254.2778,0.0
870.0,-170.0,1195.635,0.0
880.0,-170.0,1138.7864,0.0
890.0,-170.0,1083.7273,0.0
900.0,-170.0,1030.4534,0.0
910.0,-170.0,978.9618,0.0
920.0,-170.0,929.2488,0.0
930.0,-170.0,881.3112,0.0
940.0,-170.0,835.145,0.0
950.0,-170.0,790.7479,0.0
960.0,-170.0,748.1159,0.0
970.0,-170.0,707.24744,0.0
980.0,-170.0,668.13855,0.0
990.0,-170.0,630.7865,0.0
1000.0,-170.0,595.1893,0.0
1010.0,-170.0,561.3445,0.0
1020.0,-170.0,529.2496,0.0
1030.0,-170.0,498.90198,0.0
1040.0,-170.0,470.30005,0.0
1050.0,-170.0,443.44153,0.0
1060.0,-170.0,418.3241,0.0
1070.0,-170.0,394.94635,0.0
1080.0,-170.0,373.30594,0.0
1090.0,-170.0,353.402,0.0
1100.0,-170.0,335.23306,0.0
1110.0,-170.0,318.79605,0.0
1120.0,-170.0,304.09122,0.0
1130.0,-170.0,291.11618,0.0
1140.0,-170.0,279.8709,0.0
1150.0,-170.0,270.35278,0.0
1160.0,-170.0,262.56137,0.0
1170.0,-170.0,256.4958,0.0
1180.0,-170.0,252.15479,0.0
1190.0,-170.0,249.53793,0.0
1200.0,-170.0,248.64407,0.0
1210.0,-170.0,249.47212,0.0
1220.0,-170.0,252.02219,0.0
1230.0,-170.0,256.29303,0.0
1240.0,-170.0,262.28436,0.0
1250.0,-170.0,269.99545,0.0
1260.0,-170.0,279.4265,0.0
1270.0,-170.0,290.5765,0.0
1280.0,-170.0,303.44427,0.0
1290.0,-170.0,318.03122,0.0
1300.0,-170.0,334.33673,0.0
1310.0,-170.0,352.36075,0.0
1320.0,-170.0,372.10257,0.0
1330.0,-170.0,393.56235,0.0
1340.0,-170.0,416.74036,0.0
1350.0,-170.0,441.6357,0.0
1360.0,-170.0,468.25024,0.0
1370.0,-170.0,496.58173,0.0
1380.0,-170.0,526.63257,0.0
1390.0,-170.0,558.4011,0.0
1400.0,-170.0,591.8876,0.0
1410.0,-170.0,627.09424,0.0
1420.0,-170.0,664.01904,0.0
1430.0,-170.0,702.66284,0.0
1440.0,-170.0,743.0267,0.0
1450.0,-170.0,785.1103,0.0
1460.0,-170.0,828.91473,0.0
1470.0,-170.0,874.4391,0.0
1480.0,-170.0,921.68494,0.0
1490.0,-170.0,970.6516,0.0
1500.0,-170.0,1021.34125,0.0
1510.0,-170.0,1073.753,0.0
1520.0,-170.0,1127.8865,0.0
1530.0,-170.0,1183.7429,0.0
1540.0,-170.0,1241.3241,0.0
1550.0,-170.0,1300.6282,0.0
1560.0,-170.0,1361.6582,0.0
1570.0,-170.0,1424.4116,0.0
1580.0,-170.0,1488.8922,0.0
1590.0,-170.0,1555.0981,0.0
1600.0,-170.0,1623.0322,0.0
1610.0,-170.0,1692.6903,0.0
1620.0,-170.0,1764.0776,0.0
1630.0,-170.0,1837.1917,0.0
1640.0,-170.0,1912.0342,0.0
1650.0,-170.0,1988.6072,0.0
1660.0,-170.0,2066.9067,0.0
1670.0,-170.0,2146.937,0.0
1680.0,-170.0,2228.6985,0.0
1690.0,-170.0,2312.188,0.0
1700.0,-170.0,2397.4082,0.0
1710.0,-170.0,2484.359,0.0
1720.0,-170.0,2573.0413,0.0
1730.0,-170.0,2663.4575,0.0
1740.0,-170.0,2755.6016,0.0
1750.0,-170.0,2849.4814,0.0
1760.0,-170.0,2945.0894,0.0
1770.0,-170.0,3042.4302,0.0
1780.0,-170.0,3141.504,0.0
1790.0,-170.0,3242.3115,0.0
1800.0,-170.0,3344.8506,0.0
-200.0,-160.0,39270.906,1.0
-190.0,-160.0,39270.906,1.0
-180.0,-160.0,39270.906,1.0
-170.0,-160.0,39270.906,1.0
-160.0,-160.0,39270.906,1.0
-150.0,-160.0,39270.906,1.0
-140.0,-160.0,39270.906,1.0
-130.0,-160.0,39270.906,1.0
-120.0,-160.0,39270.906,1.0
-110.0,-160.0,39270.906,1.0
-100.0,-160.0,39270.906,1.0
-90.0,-160.0,39270.906,1.0
-80.0,-160.0,39270.906,1.0
-70.0,-160.0,39270.906,1.0
-60.0,-160.0,39270.906,1.0
-50.0,-160.0,39270.906,1.0
-40.0,-160.0,39270.906,1.0
-30.0,-160.0,13216.634,0.0
-20.0,-160.0,13067.118,0.0
-10.0,-160.0,12916.857,0.0
0.0,-160.0,12765.867,0.0
10.0,-160.0,12614.157,0.0
20.0,-160.0,12461.74,0.0
30.0,-160.0,12308.631,0.0
40.0,-160.0,12154.838,0.0
50.0,-160.0,12000.374,0.0
60.0,-160.0,11845.262,0.0
70.0,-160.0,11689.508,0.0
80.0,-160.0,11533.129,0.0
90.0,-160.0,11376.142,0.0
100.0,-160.0,11218.564,0.0
110.0,-160.0,11060.413,0.0
120.0,-160.0,10901.706,0.0
130.0,-160.0,10742.461,0.0
140.0,-160.0,10582.702,0.0
150.0,-160.0,10422.448,0.0
160.0,-160.0,10261.728,0.0
170.0,-160.0,10100.559,0.0
180.0,-160.0,9938.971,0.0
190.0,-160.0,9776.993,0.0
200.0,-160.0,9614.652,0.0
210.0,-160.0,9451.982,0.0
220.0,-160.0,9289.02,0.0
230.0,-160.0,9125.795,0.0
240.0,-160.0,8962.357,0.0
250.0,-160.0,8798.74,0.0
260.0,-160.0,8634.995,0.0
270.0,-160.0,8471.171,0.0
280.0,-160.0,8307.32,0.0
290.0,-160.0,8143.499,0.0
300.0,-160.0,7979.7725,0.0
310.0,-160.0,7816.2085,0.0
320.0,-160.0,7652.88,0.0
330.0,-160.0,7489.864,0.0
340.0,-160.0,7327.2446,0.0
350.0,-160.0,7165.122,0.0
360.0,-160.0,7003.592,0.0
370.0,-160.0,6842.7666,0.0
380.0,-160.0,6682.7656,0.0
390.0,-160.0,6523.716,0.0
400.0,-160.0,6365.761,0.0
410.0,-160.0,6209.0557,0.0
420.0,-160.0,6053.7676,0.0
430.0,-160.0,5900.08,0.0
440.0,-160.0,5748.195,0.0
450.0,-160.0,5598.327,0.0
460.0,-160.0,5450.6978,0.0
470.0,-160.0,5305.3716,0.0
480.0,-160.0,5162.331,0.0
490.0,-160.0,5021.5654,0.0
500.0,-160.0,4883.0576,0.0
510.0,-160.0,4746.7935,0.0
520.0,-160.0,4612.76,0.0
530.0,-160.0,4480.9434,0.0
540.0,-160.0,4351.329,0.0
550.0,-160.0,4223.9062,0.0
560.0,-160.0,4098.662,0.0
570.0,-160.0,3975.5845,0.0
580.0,-160.0,3854.6597,0.0
590.0,-160.0,3735.877,0.0
600.0,-160.0,3619.2266,0.0
610.0,-160.0,3504.6968,0.0
620.0,-160.0,3392.276,0.0
630.0,-160.0,3281.9546,0.0
640.0,-160.0,3173.7212,0.0
650.0,-160.0,3067.5679,0.0
660.0,-160.0,2963.484,0.0
670.0,-160.0,2861.4595,0.0
680.0,-160.0,2761.4863,0.0
690.0,-160.0,2663.556,0.0
700.0,-160.0,2567.6587,0.0
710.0,-160.0,2473.7852,0.0
720.0,-160.0,2381.9297,0.0
730.0,-160.0,2292.0835,0.0
740.0,-160.0,2204.2388,0.0
750.0,-160.0,2118.387,0.0
760.0,-160.0,2034.5231,0.0
770.0,-160.0,1952.6383,0.0
780.0,-160.0,1872.726,0.0
790.0,-160.0,1794.7802,0.0
800.0,-160.0,1718.7935,0.0
810.0,-160.0,1644.7611,0.0
820.0,-160.0,1572.6765,0.0
830.0,-160.0,1502.533,0.0
840.0,-160.0,1434.3264,0.0
850.0,-160.0,1368.0499,0.0
860.0,-160.0,1303.6993,0.0
870.0,-160.0,1241.2692,0.0
880.0,-160.0,1180.7539,0.0
890.0,-160.0,1122.1497,0.0
900.0,-160.0,1065.4513,0.0
910.0,-160.0,1010.6549,0.0
920.0,-160.0,957.7564,0.0
930.0,-160.0,906.7505,0.0
940.0,-160.0,857.63354,0.0
950.0,-160.0,810.40265,0.0
960.0,-160.0,765.0532,0.0
970.0,-160.0,721.5823,0.0
980.0,-160.0,679.98615,0.0
990.0,-160.0,640.2618,0.0
1000.0,-160.0,602.4066,0.0
1010.0,-160.0,566.4164,0.0
1020.0,-160.0,532.28894,0.0
1030.0,-160.0,500.02234,0.0
1040.0,-160.0,469.61356,0.0
1050.0,-160.0,441.05927,0.0
1060.0,-160.0,414.35736,0.0
1070.0,-160.0,389.50662,0.0
1080.0,-160.0,366.50366,0.0
1090.0,-160.0,345.34717,0.0
1100.0,-160.0,326.03564,0.0
1110.0,-160.0,308.5666,0.0
1120.0,-160.0,292.93866,0.0
1130.0,-160.0,279.14978,0.0
1140.0,-160.0,267.19922,0.0
1150.0,-160.0,257.08493,0.0
1160.0,-160.0,248.80579,0.0
1170.0,-160.0,242.36047,0.0
1180.0,-160.0,237.7481,0.0
1190.0,-160.0,234.96768,0.0
1200.0,-160.0,234.01834,0.0
1210.0,-160.0,234.898,0.0
1220.0,-160.0,237.60753,0.0
1230.0,-160.0,242.14516,0.0
1240.0,-160.0,248.51044,0.0
1250.0,-160.0,256.70312,0.0
1260.0,-160.0,266.72266,0.0
1270.0,-160.0,278.5677,0.0
1280.0,-160.0,292.2376,0.0
1290.0,-160.0,307.7348,0.0
1300.0,-160.0,325.05682,0.0
1310.0,-160.0,344.20407,0.0
1320.0,-160.0,365.17596,0.0
1330.0,-160.0,387.9729,0.0
1340.0,-160.0,412.5949,0.0
1350.0,-160.0,439.04196,0.0
1360.0,-160.0,467.313,0.0
1370.0,-160.0,497.4096,0.0
1380.0,-160.0,529.3317,0.0
1390.0,-160.0,563.07837,0.0
1400.0,-160.0,598.65125,0.0
1410.0,-160.0,636.04956,0.0
1420.0,-160.0,675.27405,0.0
1430.0,-160.0,716.3251,0.0
1440.0,-160.0,759.2035,0.0
1450.0,-160.0,803.90857,0.0
1460.0,-160.0,850.4413,0.0
1470.0,-160.0,898.8028,0.0
1480.0,-160.0,948.99255,0.0
1490.0,-160.0,1001.01245,0.0
1500.0,-160.0,1054.8602,0.0
1510.0,-160.0,1110.5388,0.0
1520.0,-160.0,1168.0477,0.0
1530.0,-160.0,1227.3875,0.0
1540.0,-160.0,1288.5597,0.0
1550.0,-160.0,1351.5637,0.0
1560.0,-160.0,1416.4021,0.0
1570.0,-160.0,1483.0723,0.0
1580.0,-160.0,1551.5769,0.0
1590.0,-160.0,1621.9172,0.0
1600.0,-160.0,1694.0938,0.0
1610.0,-160.0,1768.1039,0.0
1620.0,-160.0,1843.9512,0.0
1630.0,-160.0,1921.6357,0.0
1640.0,-160.0,2001.1572,0.0
1650.0,-160.0,2082.5156,0.0
1660.0,-160.0,2165.7134,0.0
1670.0,-160.0,2250.7485,0.0
1680.0,-160.0,2337.6243,0.0
1690.0,-160.0,2426.3413,0.0
1700.0,-160.0,2516.8975,0.0
1710.0,-160.0,2609.2917,0.0
1720.0,-160.0,2703.532,0.0
1730.0,-160.0,2799.6099,0.0
1740.0,-160.0,2897.5305,0.0
1750.0,-160.0,2997.291,0.0
1760.0,-160.0,3098.8975,0.0
1770.0,-160.0,3202.3394,0.0
1780.0,-160.0,3307.6274,0.0
1790.0,-160.0,3414.7627,0.0
1800.0,-160.0,3523.732,0.0
-200.0,-150.0,39270.906,1.0
-190.0,-150.0,39270.906,1.0
-180.0,-150.0,39270.906,1.0
-170.0,-150.0,39270.906,1.0
-160.0,-150.0,39270.906,1.0
-150.0,-150.0,39270.906,1.0
-140.0,-150.0,39270.906,1.0
-130.0,-150.0,39270.906,1.0
-120.0,-150.0,39270.906,1.0
-110.0,-150.0,39270.906,1.0
-100.0,-150.0,39270.906,1.0
-90.0,-150.0,39270.906,1.0
-80.0,-150.0,39270.906,1.0
-70.0,-150.0,39270.906,1.0
-60.0,-150.0,39270.906,1.0
-50.0,-150.0,39270.906,1.0
-40.0,-150.0,13895.494,0.0
-30.0,-150.0,13746.545,0.0
-20.0,-150.0,13596.773,0.0
-10.0,-150.0,13446.189,0.0
0.0,-150.0,13294.805,0.0
10.0,-150.0,13142.631,0.0
20.0,-150.0,12989.678,0.0
30.0,-150.0,12835.957,0.0
40.0,-150.0,12681.479,0.0
50.0,-150.0,12526.259,0.0
60.0,-150.0,12370.307,0.0
70.0,-150.0,12213.637,0.0
80.0,-150.0,12056.261,0.0
90.0,-150.0,11898.191,0.0
100.0,-150.0,11739.443,0.0
110.0,-150.0,11580.031,0.0
120.0,-150.0,11419.974,0.0
130.0,-150.0,11259.283,0.0
140.0,-150.0,11097.977,0.0
150.0,-150.0,10936.07,0.0
160.0,-150.0,10773.592,0.0
170.0,-150.0,10610.55,0.0
180.0,-150.0,10446.973,0.0
190.0,-150.0,10282.88,0.0
200.0,-150.0,10118.298,0.0
210.0,-150.0,9953.25,0.0
220.0,-150.0,9787.764,0.0
230.0,-150.0,9621.868,0.0
240.0,-150.0,9455.6,0.0
250.0,-150.0,9288.984,0.0
260.0,-150.0,9122.066,0.0
270.0,-150.0,8954.88,0.0
280.0,-150.0,8787.469,0.0
290.0,-150.0,8619.88,0.0
300.0,-150.0,8452.164,0.0
310.0,-150.0,8284.373,0.0
320.0,-150.0,8116.5664,0.0
330.0,-150.0,7948.806,0.0
340.0,-150.0,7781.161,0.0
350.0,-150.0,7613.709,0.0
360.0,-150.0,7446.53,0.0
370.0,-150.0,7279.714,0.0
380.0,-150.0,7113.3545,0.0
390.0,-150.0,6947.562,0.0
400.0,-150.0,6782.447,0.0
410.0,-150.0,6618.1353,0.0
420.0,-150.0,6454.768,0.0
430.0,-150.0,6292.4893,0.0
440.0,-150.0,6131.4688,0.0
450.0,-150.0,5971.884,0.0
460.0,-150.0,5813.931,0.0
470.0,-150.0,5657.828,0.0
480.0,-150.0,5503.808,0.0
490.0,-150.0,5352.13,0.0
500.0,-150.0,5202.9224,0.0
510.0,-150.0,5056.177,0.0
520.0,-150.0,4911.874,0.0
530.0,-150.0,4769.9995,0.0
540.0,-150.0,4630.534,0.0
550.0,-150.0,4493.465,0.0
560.0,-150.0,4358.773,0.0
570.0,-150.0,4226.4463,0.0
580.0,-150.0,4096.4683,0.0
590.0,-150.0,3968.8242,0.0
600.0,-150.0,3843.5017,0.0
610.0,-150.0,3720.4863,0.0
620.0,-150.0,3599.7666,0.0
630.0,-150.0,3481.3264,0.0
640.0,-150.0,3365.154,0.0
650.0,-150.0,3251.2388,0.0
660.0,-150.0,3139.5696,0.0
670.0,-150.0,3030.1313,0.0
680.0,-150.0,2922.916,0.0
690.0,-150.0,2817.9102,0.0
700.0,-150.0,2715.1064,0.0
710.0,-150.0,2614.4912,0.0
720.0,-150.0,2516.0576,0.0
730.0,-150.0,2419.793,0.0
740.0,-150.0,2325.69,0.0
750.0,-150.0,2233.738,0.0
760.0,-150.0,2143.9297,0.0
770.0,-150.0,2056.2551,0.0
780.0,-150.0,1970.7065,0.0
790.0,-150.0,1887.2759,0.0
800.0,-150.0,1805.9541,0.0
810.0,-150.0,1726.7354,0.0
820.0,-150.0,1649.6116,0.0
830.0,-150.0,1574.5767,0.0
840.0,-150.0,1501.6221,0.0
850.0,-150.0,1430.7415,0.0
860.0,-150.0,1361.9287,0.0
870.0,-150.0,1295.1782,0.0
880.0,-150.0,1230.483,0.0
890.0,-150.0,1167.8384,0.0
900.0,-150.0,1107.2373,0.0
910.0,-150.0,1048.6755,0.0
920.0,-150.0,992.14764,0.0
930.0,-150.0,937.6487,0.0
940.0,-150.0,885.1735,0.0
950.0,-150.0,834.7178,0.0
960.0,-150.0,786.277,0.0
970.0,-150.0,739.84607,0.0
980.0,-150.0,695.4219,0.0
990.0,-150.0,652.99994,0.0
1000.0,-150.0,612.5774,0.0
1010.0,-150.0,574.1504,0.0
1020.0,-150.0,537.71423,0.0
1030.0,-150.0,503.2666,0.0
1040.0,-150.0,470.8046,0.0
1050.0,-150.0,440.32568,0.0
1060.0,-150.0,411.82495,0.0
1070.0,-150.0,385.30136,0.0
1080.0,-150.0,360.75183,0.0
1090.0,-150.0,338.17517,0.0
1100.0,-150.0,317.5676,0.0
1110.0,-150.0,298.92633,0.0
1120.0,-150.0,282.2508,0.0
1130.0,-150.0,267.53937,0.0
1140.0,-150.0,254.78912,0.0
1150.0,-150.0,243.99832,0.0
1160.0,-150.0,235.16637,0.0
1170.0,-150.0,228.29031,0.0
1180.0,-150.0,223.37057,0.0
1190.0,-150.0,220.40482,0.0
1200.0,-150.0,219.39157,0.0
1210.0,-150.0,220.33061,0.0
1220.0,-150.0,223.22089,0.0
1230.0,-150.0,228.06076,0.0
1240.0,-150.0,234.85022,0.0
1250.0,-150.0,243.58789,0.0
1260.0,-150.0,254.27417,0.0
1270.0,-150.0,266.90686,0.0
1280.0,-150.0,281.48663,0.0
1290.0,-150.0,298.0138,0.0
1300.0,-150.0,316.48718,0.0
1310.0,-150.0,336.9064,0.0
1320.0,-150.0,359.27203,0.0
1330.0,-150.0,383.58304,0.0
1340.0,-150.0,409.8401,0.0
1350.0,-150.0,438.04282,0.0
1360.0,-150.0,468.19284,0.0
1370.0,-150.0,500.28766,0.0
1380.0,-150.0,534.3297,0.0
1390.0,-150.0,570.31683,0.0
1400.0,-150.0,608.25146,0.0
1410.0,-150.0,648.13306,0.0
1420.0,-150.0,689.9623,0.0
1430.0,-150.0,733.73914,0.0
1440.0,-150.0,779.46436,0.0
1450.0,-150.0,827.1391,0.0
1460.0,-150.0,876.7638,0.0
1470.0,-150.0,928.338,0.0
1480.0,-150.0,981.8622,0.0
1490.0,-150.0,1037.3368,0.0
1500.0,-150.0,1094.7642,0.0
1510.0,-150.0,1154.1433,0.0
1520.0,-150.0,1215.476,0.0
1530.0,-150.0,1278.7618,0.0
1540.0,-150.0,1344.0024,0.0
1550.0,-150.0,1411.1985,0.0
1560.0,-150.0,1480.3511,0.0
1570.0,-150.0,1551.459,0.0
1580.0,-150.0,1624.5242,0.0
1590.0,-150.0,1699.5472,0.0
1600.0,-150.0,1776.5312,0.0
1610.0,-150.0,1855.4734,0.0
1620.0,-150.0,1936.3728,0.0
1630.0,-150.0,2019.2363,0.0
1640.0,-150.0,2104.0593,0.0
1650.0,-150.0,2190.844,0.0
1660.0,-150.0,2279.594,0.0
1670.0,-150.0,2370.3057,0.0
1680.0,-150.0,2462.9802,0.0
1690.0,-150.0,2557.618,0.0
1700.0,-150.0,2654.2212,0.0
1710.0,-150.0,2752.7917,0.0
1720.0,-150.0,2853.3267,0.0
1730.0,-150.0,2955.8286,0.0
1740.0,-150.0,3060.295,0.0
1750.0,-150.0,3166.732,0.0
1760.0,-150.0,3275.1333,0.0
1770.0,-150.0,3385.5012,0.0
1780.0,-150.0,3497.8389,0.0
1790.0,-150.0,3612.143,0.0
1800.0,-150.0,3728.412,0.0
-200.0,-140.0,39270.906,1.0
-190.0,-140.0,39270.906,1.0
-180.0,-140.0,39270.906,1.0
-170.0,-140.0,39270.906,1.0
-160.0,-140.0,39270.906,1.0
-150.0,-140.0,39270.906,1.0
-140.0,-140.0,39270.906,1.0
-130.0,-140.0,39270.906,1.0
-120.0,-140.0,39270.906,1.0
-110.0,-140.0,39270.906,1.0
-100.0,-140.0,39270.906,1.0
-90.0,-140.0,39270.906,1.0
-80.0,-140.0,39270.906,1.0
-70.0,-140.0,39270.906,1.0
-60.0,-140.0,39270.906,1.0
-50.0,-140.0,39270.906,1.0
-40.0,-140.0,14452.854,0.0
-30.0,-140.0,14303.992,0.0
-20.0,-140.0,14154.238,0.0
-10.0,-140.0,14003.603,0.0
0.0,-140.0,13852.094,0.0
10.0,-140.0,13699.726,0.0
20.0,-140.0,13546.506,0.0
30.0,-140.0,13392.447,0.0
40.0,-140.0,13237.559,0.0
50.0,-140.0,13081.851,0.0
60.0,-140.0,12925.338,0.0
70.0,-140.0,12768.027,0.0
80.0,-140.0,12609.934,0.0
90.0,-140.0,12451.068,0.0
100.0,-140.0,12291.44,0.0
110.0,-140.0,12131.068,0.0
120.0,-140.0,11969.959,0.0
130.0,-140.0,11808.131,0.0
140.0,-140.0,11645.594,0.0
150.0,-140.0,11482.363,0.0
160.0,-140.0,11318.457,0.0
170.0,-140.0,11153.891,0.0
180.0,-140.0,10988.68,0.0
190.0,-140.0,10822.839,0.0
200.0,-140.0,10656.395,0.0
210.0,-140.0,10489.365,0.0
220.0,-140.0,10321.766,0.0
230.0,-140.0,10153.624,0.0
240.0,-140.0,9984.967,0.0
250.0,-140.0,9815.818,0.0
260.0,-140.0,9646.203,0.0
270.0,-140.0,9476.156,0.0
280.0,-140.0,9305.711,0.0
290.0,-140.0,9134.901,0.0
300.0,-140.0,8963.766,0.0
310.0,-140.0,8792.346,0.0
320.0,-140.0,8620.685,0.0
330.0,-140.0,8448.839,0.0
340.0,-140.0,8276.852,0.0
350.0,-140.0,8104.792,0.0
360.0,-140.0,7932.718,0.0
370.0,-140.0,7760.698,0.0
380.0,-140.0,7588.8125,0.0
390.0,-140.0,7417.1406,0.0
400.0,-140.0,7245.774,0.0
410.0,-140.0,7074.8145,0.0
420.0,-140.0,6904.371,0.0
430.0,-140.0,6734.56,0.0
440.0,-140.0,6565.5137,0.0
450.0,-140.0,6397.374,0.0
460.0,-140.0,6230.303,0.0
470.0,-140.0,6064.4707,0.0
480.0,-140.0,5900.0703,0.0
490.0,-140.0,5737.3105,0.0
500.0,-140.0,5576.424,0.0
510.0,-140.0,5417.668,0.0
520.0,-140.0,5261.3237,0.0
530.0,-140.0,5107.622,0.0
540.0,-140.0,4956.583,0.0
550.0,-140.0,4808.1904,0.0
560.0,-140.0,4662.4194,0.0
570.0,-140.0,4519.254,0.0
580.0,-140.0,4378.674,0.0
590.0,-140.0,4240.662,0.0
600.0,-140.0,4105.2,0.0
610.0,-140.0,3972.2715,0.0
620.0,-140.0,3841.859,0.0
630.0,-140.0,3713.9475,0.0
640.0,-140.0,3588.5198,0.0
650.0,-140.0,3465.562,0.0
660.0,-140.0,3345.0588,0.0
670.0,-140.0,3226.9954,0.0
680.0,-140.0,3111.357,0.0
690.0,-140.0,2998.1318,0.0
700.0,-140.0,2887.3052,0.0
710.0,-140.0,2778.8652,0.0
720.0,-140.0,2672.7979,0.0
730.0,-140.0,2569.0933,0.0
740.0,-140.0,2467.7375,0.0
750.0,-140.0,2368.721,0.0
760.0,-140.0,2272.031,0.0
770.0,-140.0,2177.6592,0.0
780.0,-140.0,2085.5918,0.0
790.0,-140.0,1995.8217,0.0
800.0,-140.0,1908.3374,0.0
810.0,-140.0,1823.1305,0.0
820.0,-140.0,1740.1907,0.0
830.0,-140.0,1659.5103,0.0
840.0,-140.0,1581.081,0.0
850.0,-140.0,1504.8936,0.0
860.0,-140.0,1430.9402,0.0
870.0,-140.0,1359.2139,0.0
880.0,-140.0,1289.7063,0.0
890.0,-140.0,1222.4114,0.0
900.0,-140.0,1157.3201,0.0
910.0,-140.0,1094.4281,0.0
920.0,-140.0,1033.728,0.0
930.0,-140.0,975.2146,0.0
940.0,-140.0,918.8806,0.0
950.0,-140.0,864.72107,0.0
960.0,-140.0,812.72974,0.0
970.0,-140.0,762.90186,0.0
980.0,-140.0,715.23206,0.0
990.0,-140.0,669.71594,0.0
1000.0,-140.0,626.3484,0.0
1010.0,-140.0,585.12573,0.0
1020.0,-140.0,546.043,0.0
1030.0,-140.0,509.09674,0.0
1040.0,-140.0,474.2832,0.0
1050.0,-140.0,441.5979,0.0
1060.0,-140.0,411.03754,0.0
1070.0,-140.0,382.5989,0.0
1080.0,-140.0,356.2793,0.0
1090.0,-140.0,332.07495,0.0
1100.0,-140.0,309.9838,0.0
1110.0,-140.0,290.0025,0.0
1120.0,-140.0,272.1291,0.0
1130.0,-140.0,256.36115,0.0
1140.0,-140.0,242.69678,0.0
1150.0,-140.0,231.13275,0.0
1160.0,-140.0,221.66806,0.0
1170.0,-140.0,214.30016,0.0
1180.0,-140.0,209.02844,0.0
1190.0,-140.0,205.85083,0.0
1200.0,-140.0,204.76556,0.0
1210.0,-140.0,205.77176,0.0
1220.0,-140.0,208.86806,0.0
1230.0,-140.0,214.05367,0.0
1240.0,-140.0,221.32742,0.0
1250.0,-140.0,230.68825,0.0
1260.0,-140.0,242.13635,0.0
1270.0,-140.0,255.66812,0.0
1280.0,-140.0,271.28653,0.0
1290.0,-140.0,288.99054,0.0
1300.0,-140.0,308.77847,0.0
1310.0,-140.0,330.65125,0.0
1320.0,-140.0,354.6082,0.0
1330.0,-140.0,380.64856,0.0
1340.0,-140.0,408.77298,0.0
1350.0,-140.0,438.98145,0.0
1360.0,-140.0,471.27484,0.0
1370.0,-140.0,505.65222,0.0
1380.0,-140.0,542.11334,0.0
1390.0,-140.0,580.66,0.0
1400.0,-140.0,621.29126,0.0
1410.0,-140.0,664.0088,0.0
1420.0,-140.0,708.8122,0.0
1430.0,-140.0,755.702,0.0
1440.0,-140.0,804.6792,0.0
1450.0,-140.0,855.7449,0.0
1460.0,-140.0,908.89844,0.0
1470.0,-140.0,964.14136,0.0
1480.0,-140.0,1021.4727,0.0
1490.0,-140.0,1080.8956,0.0
1500.0,-140.0,1142.4105,0.0
1510.0,-140.0,1206.0168,0.0
1520.0,-140.0,1271.7166,0.0
1530.0,-140.0,1339.5098,0.0
1540.0,-140.0,1409.3978,0.0
1550.0,-140.0,1481.3816,0.0
1560.0,-140.0,1555.4625,0.0
1570.0,-140.0,1631.6392,0.0
1580.0,-140.0,1709.916,0.0
1590.0,-140.0,1790.29,0.0
1600.0,-140.0,1872.7676,0.0
1610.0,-140.0,1957.3425,0.0
1620.0,-140.0,2044.0205,0.0
1630.0,-140.0,2132.8,0.0
1640.0,-140.0,2223.6826,0.0
1650.0,-140.0,2316.6694,0.0
1660.0,-140.0,2411.7612,0.0
1670.0,-140.0,2508.9612,0.0
1680.0,-140.0,2608.2642,0.0
1690.0,-140.0,2709.6777,0.0
1700.0,-140.0,2813.1929,0.0
1710.0,-140.0,2918.821,0.0
1720.0,-140.0,3026.5576,0.0
1730.0,-140.0,3136.401,0.0
1740.0,-140.0,3248.3599,0.0
1750.0,-140.0,3362.4243,0.0
1760.0,-140.0,3478.5999,0.0
1770.0,-140.0,3596.8872,0.0
1780.0,-140.0,3717.2815,0.0
1790.0,-140.0,3839.7905,0.0
1800.0,-140.0,3964.4133,0.0
-200.0,-130.0,39270.906,1.0
-190.0,-130.0,39270.906,1.0
-180.0,-130.0,39270.906,1.0
-170.0,-130.0,39270.906,1.0
-160.0,-130.0,39270.906,1.0
-150.0,-130.0,39270.906,1.0
-140.0,-130.0,39270.906,1.0
-130.0,-130.0,39270.906,1.0
-120.0,-130.0,39270.906,1.0
-110.0,-130.0,39270.906,1.0
-100.0,-130.0,39270.906,1.0
-90.0,-130.0,39270.906,1.0
-80.0,-130.0,39270.906,1.0
-70.0,-130.0,39270.906,1.0
-60.0,-130.0,39270.906,1.0
-50.0,-130.0,39270.906,1.0
-40.0,-130.0,15038.775,0.0
-30.0,-130.0,14890.324,0.0
-20.0,-130.0,14740.905,0.0
-10.0,-130.0,14590.53,0.0
0.0,-130.0,14439.209,0.0
10.0,-130.0,14286.953,0.0
20.0,-130.0,14133.771,0.0
30.0,-130.0,13979.676,0.0
40.0,-130.0,13824.676,0.0
50.0,-130.0,13668.783,0.0
60.0,-130.0,13512.008,0.0
70.0,-130.0,13354.359,0.0
80.0,-130.0,13195.852,0.0
90.0,-130.0,13036.494,0.0
100.0,-130.0,12876.295,0.0
110.0,-130.0,12715.27,0.0
120.0,-130.0,12553.428,0.0
130.0,-130.0,12390.779,0.0
140.0,-130.0,12227.339,0.0
150.0,-130.0,12063.117,0.0
160.0,-130.0,11898.127,0.0
170.0,-130.0,11732.383,0.0
180.0,-130.0,11565.897,0.0
190.0,-130.0,11398.685,0.0
200.0,-130.0,11230.76,0.0
210.0,-130.0,11062.138,0.0
220.0,-130.0,10892.836,0.0
230.0,-130.0,10722.873,0.0
240.0,-130.0,10552.267,0.0
250.0,-130.0,10381.038,0.0
260.0,-130.0,10209.207,0.0
270.0,-130.0,10036.797,0.0
280.0,-130.0,9863.834,0.0
290.0,-130.0,9690.343,0.0
300.0,-130.0,9516.355,0.0
310.0,-130.0,9341.898,0.0
320.0,-130.0,9167.009,0.0
330.0,-130.0,8991.725,0.0
340.0,-130.0,8816.082,0.0
350.0,-130.0,8640.124,0.0
360.0,-130.0,8463.908,0.0
370.0,-130.0,8287.477,0.0
380.0,-130.0,8110.8926,0.0
390.0,-130.0,7934.2163,0.0
400.0,-130.0,7757.515,0.0
410.0,-130.0,7580.868,0.0
420.0,-130.0,7404.3594,0.0
430.0,-130.0,7228.076,0.0
440.0,-130.0,7052.123,0.0
450.0,-130.0,6876.611,0.0
460.0,-130.0,6701.663,0.0
470.0,-130.0,6527.412,0.0
480.0,-130.0,6354.0073,0.0
490.0,-130.0,6181.615,0.0
500.0,-130.0,6010.4155,0.0
510.0,-130.0,5840.6133,0.0
520.0,-130.0,5672.4297,0.0
530.0,-130.0,5506.1113,0.0
540.0,-130.0,5341.9326,0.0
550.0,-130.0,5180.201,0.0
560.0,-130.0,5021.2363,0.0
570.0,-130.0,4865.173,0.0
580.0,-130.0,4711.988,0.0
590.0,-130.0,4561.659,0.0
600.0,-130.0,4414.1655,0.0
610.0,-130.0,4269.4834,0.0
620.0,-130.0,4127.591,0.0
630.0,-130.0,3988.4695,0.0
640.0,-130.0,3852.0962,0.0
650.0,-130.0,3718.453,0.0
660.0,-130.0,3587.522,0.0
670.0,-130.0,3459.282,0.0
680.0,-130.0,3333.7163,0.0
690.0,-130.0,3210.8088,0.0
700.0,-130.0,3090.5403,0.0
710.0,-130.0,2972.896,0.0
720.0,-130.0,2857.8591,0.0
730.0,-130.0,2745.4148,0.0
740.0,-130.0,2635.5488,0.0
750.0,-130.0,2528.2449,0.0
760.0,-130.0,2423.4897,0.0
770.0,-130.0,2321.2712,0.0
780.0,-130.0,2221.5747,0.0
790.0,-130.0,2124.3872,0.0
800.0,-130.0,2029.696,0.0
810.0,-130.0,1937.4907,0.0
820.0,-130.0,1847.7595,0.0
830.0,-130.0,1760.4904,0.0
840.0,-130.0,1675.6732,0.0
850.0,-130.0,1593.2972,0.0
860.0,-130.0,1513.3528,0.0
870.0,-130.0,1435.8295,0.0
880.0,-130.0,1360.719,0.0
890.0,-130.0,1288.0115,0.0
900.0,-130.0,1217.6975,0.0
910.0,-130.0,1149.7703,0.0
920.0,-130.0,1084.2216,0.0
930.0,-130.0,1021.04254,0.0
940.0,-130.0,960.22705,0.0
950.0,-130.0,901.76685,0.0
960.0,-130.0,845.656,0.0
970.0,-130.0,791.887,0.0
980.0,-130.0,740.45435,0.0
990.0,-130.0,691.34973,0.0
1000.0,-130.0,644.5709,0.0
1010.0,-130.0,600.1094,0.0
1020.0,-130.0,557.9617,0.0
1030.0,-130.0,518.12146,0.0
1040.0,-130.0,480.5851,0.0
1050.0,-130.0,445.3475,0.0
1060.0,-130.0,412.4037,0.0
1070.0,-130.0,381.7504,0.0
1080.0,-130.0,353.38324,0.0
1090.0,-130.0,327.298,0.0
1100.0,-130.0,303.49268,0.0
1110.0,-130.0,281.96225,0.0
1120.0,-130.0,262.70465,0.0
1130.0,-130.0,245.71643,0.0
1140.0,-130.0,230.99538,0.0
1150.0,-130.0,218.53864,0.0
1160.0,-130.0,208.34334,0.0
1170.0,-130.0,200.40836,0.0
1180.0,-130.0,194.73016,0.0
1190.0,-130.0,191.30783,0.0
1200.0,-130.0,190.13974,0.0
1210.0,-130.0,191.22311,0.0
1220.0,-130.0,194.55775,0.0
1230.0,-130.0,200.14172,0.0
1240.0,-130.0,207.97412,0.0
1250.0,-130.0,218.05359,0.0
1260.0,-130.0,230.37845,0.0
1270.0,-130.0,244.94899,0.0
1280.0,-130.0,261.76523,0.0
1290.0,-130.0,280.82547,0.0
1300.0,-130.0,302.12982,0.0
1310.0,-130.0,325.67755,0.0
1320.0,-130.0,351.46838,0.0
1330.0,-130.0,379.50177,0.0
1340.0,-130.0,409.77966,0.0
1350.0,-130.0,442.30005,0.0
1360.0,-130.0,477.06415,0.0
1370.0,-130.0,514.0718,0.0
1380.0,-130.0,553.3229,0.0
1390.0,-130.0,594.8181,0.0
1400.0,-130.0,638.5585,0.0
1410.0,-130.0,684.544,0.0
1420.0,-130.0,732.7755,0.0
1430.0,-130.0,783.25415,0.0
1440.0,-130.0,835.9795,0.0
1450.0,-130.0,890.95215,0.0
1460.0,-130.0,948.1743,0.0
1470.0,-130.0,1007.64624,0.0
1480.0,-130.0,1069.3684,0.0
1490.0,-130.0,1133.3428,0.0
1500.0,-130.0,1199.5686,0.0
1510.0,-130.0,1268.0496,0.0
1520.0,-130.0,1338.7842,0.0
1530.0,-130.0,1411.7747,0.0
1540.0,-130.0,1487.022,0.0
1550.0,-130.0,1564.5269,0.0
1560.0,-130.0,1644.2898,0.0
1570.0,-130.0,1726.315,0.0
1580.0,-130.0,1810.5999,0.0
1590.0,-130.0,1897.1462,0.0
1600.0,-130.0,1985.959,0.0
1610.0,-130.0,2077.0347,0.0
1620.0,-130.0,2170.3757,0.0
1630.0,-130.0,2265.984,0.0
1640.0,-130.0,2363.8574,0.0
1650.0,-130.0,2464.003,0.0
1660.0,-130.0,2566.4153,0.0
1670.0,-130.0,2671.1006,0.0
1680.0,-130.0,2778.0537,0.0
1690.0,-130.0,2887.2847,0.0
1700.0,-130.0,2998.7842,0.0
1710.0,-130.0,3112.5615,0.0
1720.0,-130.0,3228.6094,0.0
1730.0,-130.0,3346.933,0.0
1740.0,-130.0,3467.532,0.0
1750.0,-130.0,3590.4116,0.0
1760.0,-130.0,3715.5635,0.0
1770.0,-130.0,3842.995,0.0
1780.0,-130.0,3972.703,0.0
1790.0,-130.0,4104.6885,0.0
1800.0,-130.0,4238.9517,0.0
-200.0,-120.0,39270.906,1.0
-190.0,-120.0,39270.906,1.0
-180.0,-120.0,39270.906,1.0
-170.0,-120.0,39270.906,1.0
-160.0,-120.0,39270.906,1.0
-150.0,-120.0,39270.906,1.0
-140.0,-120.0,39270.906,1.0
-130.0,-120.0,39270.906,1.0
-120.0,-120.0,39270.906,1.0
-110.0,-120.0,39270.906,1.0
-100.0,-120.0,39270.906,1.0
-90.0,-120.0,39270.906,1.0
-80.0,-120.0,39270.906,1.0
-70.0,-120.0,39270.906,1.0
-60.0,-120.0,39270.906,1.0
-50.0,-120.0,39270.906,1.0
-40.0,-120.0,15654.342,0.0
-30.0,-120.0,15506.694,0.0
-20.0,-120.0,15357.996,0.0
-10.0,-120.0,15208.26,0.0
0.0,-120.0,15057.495,0.0
10.0,-120.0,14905.715,0.0
20.0,-120.0,14752.93,0.0
30.0,-120.0,14599.15,0.0
40.0,-120.0,14444.388,0.0
50.0,-120.0,14288.654,0.0
60.0,-120.0,14131.959,0.0
70.0,-120.0,13974.313,0.0
80.0,-120.0,13815.7295,0.0
90.0,-120.0,13656.215,0.0
100.0,-120.0,13495.783,0.0
110.0,-120.0,13334.443,0.0
120.0,-120.0,13172.206,0.0
130.0,-120.0,13009.083,0.0
140.0,-120.0,12845.084,0.0
150.0,-120.0,12680.219,0.0
160.0,-120.0,12514.502,0.0
170.0,-120.0,12347.942,0.0
180.0,-120.0,12180.552,0.0
190.0,-120.0,12012.342,0.0
200.0,-120.0,11843.324,0.0
210.0,-120.0,11673.514,0.0
220.0,-120.0,11502.921,0.0
230.0,-120.0,11331.561,0.0
240.0,-120.0,11159.445,0.0
250.0,-120.0,10986.594,0.0
260.0,-120.0,10813.019,0.0
270.0,-120.0,10638.738,0.0
280.0,-120.0,10463.771,0.0
290.0,-120.0,10288.137,0.0
300.0,-120.0,10111.8545,0.0
310.0,-120.0,9934.947,0.0
320.0,-120.0,9757.44,0.0
330.0,-120.0,9579.359,0.0
340.0,-120.0,9400.732,0.0
350.0,-120.0,9221.594,0.0
360.0,-120.0,9041.973,0.0
370.0,-120.0,8861.913,0.0
380.0,-120.0,8681.451,0.0
390.0,-120.0,8500.636,0.0
400.0,-120.0,8319.51,0.0
410.0,-120.0,8138.1377,0.0
420.0,-120.0,7956.5767,0.0
430.0,-120.0,7774.8916,0.0
440.0,-120.0,7593.1577,0.0
450.0,-120.0,7411.458,0.0
460.0,-120.0,7229.883,0.0
470.0,-120.0,7048.5303,0.0
480.0,-120.0,6867.5146,0.0
490.0,-120.0,6686.962,0.0
500.0,-120.0,6507.004,0.0
510.0,-120.0,6327.7964,0.0
520.0,-120.0,6149.5083,0.0
530.0,-120.0,5972.33,0.0
540.0,-120.0,5796.4697,0.0
550.0,-120.0,5622.162,0.0
560.0,-120.0,5449.6714,0.0
570.0,-120.0,5279.2856,0.0
580.0,-120.0,5111.333,0.0
590.0,-120.0,4946.177,0.0
600.0,-120.0,4784.1436,0.0
610.0,-120.0,4625.2744,0.0
620.0,-120.0,4469.542,0.0
630.0,-120.0,4316.919,0.0
640.0,-120.0,4167.3774,0.0
650.0,-120.0,4020.8936,0.0
660.0,-120.0,3877.4412,0.0
670.0,-120.0,3736.997,0.0
680.0,-120.0,3599.5361,0.0
690.0,-120.0,3465.0376,0.0
700.0,-120.0,3333.4775,0.0
710.0,-120.0,3204.8354,0.0
720.0,-120.0,3079.0913,0.0
730.0,-120.0,2956.2231,0.0
740.0,-120.0,2836.2139,0.0
750.0,-120.0,2719.0425,0.0
760.0,-120.0,2604.692,0.0
770.0,-120.0,2493.1448,0.0
780.0,-120.0,2384.3835,0.0
790.0,-120.0,2278.392,0.0
800.0,-120.0,2175.1528,0.0
810.0,-120.0,2074.653,0.0
820.0,-120.0,1976.8772,0.0
830.0,-120.0,1881.809,0.0
840.0,-120.0,1789.4352,0.0
850.0,-120.0,1699.7441,0.0
860.0,-120.0,1612.7214,0.0
870.0,-120.0,1528.3544,0.0
880.0,-120.0,1446.6321,0.0
890.0,-120.0,1367.5424,0.0
900.0,-120.0,1291.0725,0.0
910.0,-120.0,1217.2142,0.0
920.0,-120.0,1145.9556,0.0
930.0,-120.0,1077.2882,0.0
940.0,-120.0,1011.2011,0.0
950.0,-120.0,947.6859,0.0
960.0,-120.0,886.73254,0.0
970.0,-120.0,828.33466,0.0
980.0,-120.0,772.4833,0.0
990.0,-120.0,719.16956,0.0
1000.0,-120.0,668.3873,0.0
1010.0,-120.0,620.129,0.0
1020.0,-120.0,574.388,0.0
1030.0,-120.0,531.1575,0.0
1040.0,-120.0,490.43198,0.0
1050.0,-120.0,452.20526,0.0
1060.0,-120.0,416.47186,0.0
1070.0,-120.0,383.22644,0.0
1080.0,-120.0,352.46353,0.0
1090.0,-120.0,324.1798,0.0
1100.0,-120.0,298.36914,0.0
1110.0,-120.0,275.02875,0.0
1120.0,-120.0,254.15279,0.0
1130.0,-120.0,235.73962,0.0
1140.0,-120.0,219.78516,0.0
1150.0,-120.0,206.28497,0.0
1160.0,-120.0,195.2374,0.0
1170.0,-120.0,186.63875,0.0
1180.0,-120.0,180.48657,0.0
1190.0,-120.0,176.77902,0.0
1200.0,-120.0,175.51367,0.0
1210.0,-120.0,176.68738,0.0
1220.0,-120.0,180.29974,0.0
1230.0,-120.0,186.34839,0.0
1240.0,-120.0,194.83177,0.0
1250.0,-120.0,205.74954,0.0
1260.0,-120.0,219.09738,0.0
1270.0,-120.0,234.87828,0.0
1280.0,-120.0,253.09058,0.0
1290.0,-120.0,273.7317,0.0
1300.0,-120.0,296.80255,0.0
1310.0,-120.0,322.30286,0.0
1320.0,-120.0,350.2309,0.0
1330.0,-120.0,380.5876,0.0
1340.0,-120.0,413.3733,0.0
1350.0,-120.0,448.58832,0.0
1360.0,-120.0,486.2309,0.0
1370.0,-120.0,526.3032,0.0
1380.0,-120.0,568.80505,0.0
1390.0,-120.0,613.73645,0.0
1400.0,-120.0,661.09827,0.0
1410.0,-120.0,710.8918,0.0
1420.0,-120.0,763.1178,0.0
1430.0,-120.0,817.77563,0.0
1440.0,-120.0,874.86816,0.0
1450.0,-120.0,934.39514,0.0
1460.0,-120.0,996.3587,0.0
1470.0,-120.0,1060.7582,0.0
1480.0,-120.0,1127.5969,0.0
1490.0,-120.0,1196.8738,0.0
1500.0,-120.0,1268.5935,0.0
1510.0,-120.0,1342.752,0.0
1520.0,-120.0,1419.3569,0.0
1530.0,-120.0,1498.4037,0.0
1540.0,-120.0,1579.8977,0.0
1550.0,-120.0,1663.8395,0.0
1560.0,-120.0,1750.2297,0.0
1570.0,-120.0,1839.0702,0.0
1580.0,-120.0,1930.3636,0.0
1590.0,-120.0,2024.1102,0.0
1600.0,-120.0,2120.3115,0.0
1610.0,-120.0,2218.9663,0.0
1620.0,-120.0,2320.081,0.0
1630.0,-120.0,2423.6519,0.0
1640.0,-120.0,2529.6846,0.0
1650.0,-120.0,2638.1772,0.0
1660.0,-120.0,2749.1328,0.0
1670.0,-120.0,2862.5562,0.0
1680.0,-120.0,2978.441,0.0
1690.0,-120.0,3096.793,0.0
1700.0,-120.0,3217.6118,0.0
1710.0,-120.0,3340.8945,0.0
1720.0,-120.0,3466.6548,0.0
1730.0,-120.0,3594.877,0.0
1740.0,-120.0,3725.575,0.0
1750.0,-120.0,3858.7437,0.0
1760.0,-120.0,3994.3792,0.0
1770.0,-120.0,4132.495,0.0
1780.0,-120.0,4273.0723,0.0
1790.0,-120.0,4416.1357,0.0
1800.0,-120.0,4561.663,0.0
-200.0,-110.0,39270.906,1.0
-190.0,-110.0,39270.906,1.0
-180.0,-110.0,39270.906,1.0
-170.0,-110.0,39270.906,1.0
-160.0,-110.0,39270.906,1.0
-150.0,-110.0,39270.906,1.0
-140.0,-110.0,39270.906,1.0
-130.0,-110.0,39270.906,1.0
-120.0,-110.0,39270.906,1.0
-110.0,-110.0,39270.906,1.0
-100.0,-110.0,39270.906,1.0
-90.0,-110.0,39270.906,1.0
-80.0,-110.0,39270.906,1.0
-70.0,-110.0,39270.906,1.0
-60.0,-110.0,39270.906,1.0
-50.0,-110.0,39270.906,1.0
-40.0,-110.0,16300.141,0.0
-30.0,-110.0,16153.734,0.0
-20.0,-110.0,16006.237,0.0
-10.0,-110.0,15857.621,0.0
0.0,-110.0,15707.882,0.0
10.0,-110.0,15557.035,0.0
20.0,-110.0,15405.092,0.0
30.0,-110.0,15252.065,0.0
40.0,-110.0,15097.969,0.0
50.0,-110.0,14942.812,0.0
60.0,-110.0,14786.608,0.0
70.0,-110.0,14629.371,0.0
80.0,-110.0,14471.106,0.0
90.0,-110.0,14311.832,0.0
100.0,-110.0,14151.555,0.0
110.0,-110.0,13990.287,0.0
120.0,-110.0,13828.04,0.0
130.0,-110.0,13664.824,0.0
140.0,-110.0,13500.648,0.0
150.0,-110.0,13335.526,0.0
160.0,-110.0,13169.467,0.0
170.0,-110.0,13002.48,0.0
180.0,-110.0,12834.579,0.0
190.0,-110.0,12665.771,0.0
200.0,-110.0,12496.066,0.0
210.0,-110.0,12325.479,0.0
220.0,-110.0,12154.019,0.0
230.0,-110.0,11981.693,0.0
240.0,-110.0,11808.518,0.0
250.0,-110.0,11634.501,0.0
260.0,-110.0,11459.658,0.0
270.0,-110.0,11283.999,0.0
280.0,-110.0,11107.539,0.0
290.0,-110.0,10930.29,0.0
300.0,-110.0,10752.269,0.0
310.0,-110.0,10573.488,0.0
320.0,-110.0,10393.968,0.0
330.0,-110.0,10213.725,0.0
340.0,-110.0,10032.774,0.0
350.0,-110.0,9851.145,0.0
360.0,-110.0,9668.857,0.0
370.0,-110.0,9485.937,0.0
380.0,-110.0,9302.407,0.0
390.0,-110.0,9118.305,0.0
400.0,-110.0,8933.658,0.0
410.0,-110.0,8748.512,0.0
420.0,-110.0,8562.898,0.0
430.0,-110.0,8376.869,0.0
440.0,-110.0,8190.474,0.0
450.0,-110.0,8003.768,0.0
460.0,-110.0,7816.816,0.0
470.0,-110.0,7629.6855,0.0
480.0,-110.0,7442.4585,0.0
490.0,-110.0,7255.2197,0.0
500.0,-110.0,7068.0684,0.0
510.0,-110.0,6881.1123,0.0
520.0,-110.0,6694.4766,0.0
530.0,-110.0,6508.296,0.0
540.0,-110.0,6322.7227,0.0
550.0,-110.0,6137.9307,0.0
560.0,-110.0,5954.1133,0.0
570.0,-110.0,5771.4824,0.0
580.0,-110.0,5590.283,0.0
590.0,-110.0,5410.786,0.0
600.0,-110.0,5233.3027,0.0
610.0,-110.0,5058.172,0.0
620.0,-110.0,4885.787,0.0
630.0,-110.0,4716.5815,0.0
640.0,-110.0,4550.857,0.0
650.0,-110.0,4388.6133,0.0
660.0,-110.0,4229.8154,0.0
670.0,-110.0,4074.4297,0.0
680.0,-110.0,3922.426,0.0
690.0,-110.0,3773.772,0.0
700.0,-110.0,3628.4395,0.0
710.0,-110.0,3486.3992,0.0
720.0,-110.0,3347.6248,0.0
730.0,-110.0,3212.087,0.0
740.0,-110.0,3079.7605,0.0
750.0,-110.0,2950.621,0.0
760.0,-110.0,2824.644,0.0
770.0,-110.0,2701.8057,0.0
780.0,-110.0,2582.0835,0.0
790.0,-110.0,2465.455,0.0
800.0,-110.0,2351.8992,0.0
810.0,-110.0,2241.396,0.0
820.0,-110.0,2133.9263,0.0
830.0,-110.0,2029.4707,0.0
840.0,-110.0,1928.0105,0.0
850.0,-110.0,1829.5271,0.0
860.0,-110.0,1734.005,0.0
870.0,-110.0,1641.4258,0.0
880.0,-110.0,1551.7766,0.0
890.0,-110.0,1465.0394,0.0
900.0,-110.0,1381.1997,0.0
910.0,-110.0,1300.2451,0.0
920.0,-110.0,1222.1611,0.0
930.0,-110.0,1146.9349,0.0
940.0,-110.0,1074.554,0.0
950.0,-110.0,1005.0056,0.0
960.0,-110.0,938.27905,0.0
970.0,-110.0,874.36316,0.0
980.0,-110.0,813.24664,0.0
990.0,-110.0,754.92004,0.0
1000.0,-110.0,699.3744,0.0
1010.0,-110.0,646.59924,0.0
1020.0,-110.0,596.5868,0.0
1030.0,-110.0,549.327,0.0
1040.0,-110.0,504.81332,0.0
1050.0,-110.0,463.0376,0.0
1060.0,-110.0,423.99286,0.0
1070.0,-110.0,387.6725,0.0
1080.0,-110.0,354.06958,0.0
1090.0,-110.0,323.1776,0.0
1100.0,-110.0,294.99158,0.0
1110.0,-110.0,269.50577,0.0
1120.0,-110.0,246.71458,0.0
1130.0,-110.0,226.61353,0.0
1140.0,-110.0,209.19829,0.0
1150.0,-110.0,194.46481,0.0
1160.0,-110.0,182.4087,0.0
1170.0,-110.0,173.02557,0.0
1180.0,-110.0,166.31299,0.0
1190.0,-110.0,162.26817,0.0
1200.0,-110.0,160.88725,0.0
1210.0,-110.0,162.16809,0.0
1220.0,-110.0,166.10905,0.0
1230.0,-110.0,172.7062,0.0
1240.0,-110.0,181.95871,0.0
1250.0,-110.0,193.86514,0.0
1260.0,-110.0,208.423,0.0
1270.0,-110.0,225.63242,0.0
1280.0,-110.0,245.49123,0.0
1290.0,-110.0,267.9995,0.0
1300.0,-110.0,293.15576,0.0
1310.0,-110.0,320.95868,0.0
1320.0,-110.0,351.41058,0.0
1330.0,-110.0,384.50848,0.0
1340.0,-110.0,420.25317,0.0
1350.0,-110.0,458.64606,0.0
1360.0,-110.0,499.68658,0.0
1370.0,-110.0,543.3739,0.0
1380.0,-110.0,589.70996,0.0
1390.0,-110.0,638.6957,0.0
1400.0,-110.0,690.3313,0.0
1410.0,-110.0,744.6173,0.0
1420.0,-110.0,801.5543,0.0
1430.0,-110.0,861.145,0.0
1440.0,-110.0,923.3899,0.0
1450.0,-110.0,988.2903,0.0
1460.0,-110.0,1055.8479,0.0
1470.0,-110.0,1126.0635,0.0
1480.0,-110.0,1198.938,0.0
1490.0,-110.0,1274.4741,0.0
1500.0,-110.0,1352.6746,0.0
1510.0,-110.0,1433.5398,0.0
1520.0,-110.0,1517.0686,0.0
1530.0,-110.0,1603.2675,0.0
1540.0,-110.0,1692.1375,0.0
1550.0,-110.0,1783.6788,0.0
1560.0,-110.0,1877.8944,0.0
1570.0,-110.0,1974.7838,0.0
1580.0,-110.0,2074.3523,0.0
1590.0,-110.0,2176.5977,0.0
1600.0,-110.0,2281.53,0.0
1610.0,-110.0,2389.142,0.0
1620.0,-110.0,2499.437,0.0
1630.0,-110.0,2612.4229,0.0
1640.0,-110.0,2728.0938,0.0
1650.0,-110.0,2846.4585,0.0
1660.0,-110.0,2967.5105,0.0
1670.0,-110.0,3091.2583,0.0
1680.0,-110.0,3217.7031,0.0
1690.0,-110.0,3346.8413,0.0
1700.0,-110.0,3478.6775,0.0
1710.0,-110.0,3613.2122,0.0
1720.0,-110.0,3750.449,0.0
1730.0,-110.0,3890.3901,0.0
1740.0,-110.0,4033.0337,0.0
1750.0,-110.0,4178.375,0.0
1760.0,-110.0,4326.421,0.0
1770.0,-110.0,4477.173,0.0
1780.0,-110.0,4630.631,0.0
1790.0,-110.0,4786.7935,0.0
1800.0,-110.0,4945.667,0.0
-200.0,-100.0,39270.906,1.0
-190.0,-100.0,39270.906,1.0
-180.0,-100.0,39270.906,1.0
-170.0,-100.0,39270.906,1.0
-160.0,-100.0,39270.906,1.0
-150.0,-100.0,39270.906,1.0
-140.0,-100.0,39270.906,1.0
-130.0,-100.0,39270.906,1.0
-120.0,-100.0,39270.906,1.0
-110.0,-100.0,39270.906,1.0
-100.0,-100.0,39270.906,1.0
-90.0,-100.0,39270.906,1.0
-80.0,-100.0,39270.906,1.0
-70.0,-100.0,39270.906,1.0
-60.0,-100.0,39270.906,1.0
-50.0,-100.0,39270.906,1.0
-40.0,-100.0,16978.193,0.0
-30.0,-100.0,16832.77,0.0
-20.0,-100.0,16686.383,0.0
-10.0,-100.0,16538.996,0.0
0.0,-100.0,16390.584,0.0
10.0,-100.0,16241.104,0.0
20.0,-100.0,16090.52,0.0
30.0,-100.0,15938.795,0.0
40.0,-100.0,15785.91,0.0
50.0,-100.0,15631.871,0.0
60.0,-100.0,15476.689,0.0
70.0,-100.0,15320.373,0.0
80.0,-100.0,15162.937,0.0
90.0,-100.0,15004.391,0.0
100.0,-100.0,14844.752,0.0
110.0,-100.0,14684.029,0.0
120.0,-100.0,14522.236,0.0
130.0,-100.0,14359.387,0.0
140.0,-100.0,14195.49,0.0
150.0,-100.0,14030.557,0.0
160.0,-100.0,13864.601,0.0
170.0,-100.0,13697.631,0.0
180.0,-100.0,13529.658,0.0
190.0,-100.0,13360.696,0.0
200.0,-100.0,13190.75,0.0
210.0,-100.0,13019.834,0.0
220.0,-100.0,12847.957,0.0
230.0,-100.0,12675.127,0.0
240.0,-100.0,12501.356,0.0
250.0,-100.0,12326.654,0.0
260.0,-100.0,12151.033,0.0
270.0,-100.0,11974.498,0.0
280.0,-100.0,11797.063,0.0
290.0,-100.0,11618.736,0.0
300.0,-100.0,11439.529,0.0
310.0,-100.0,11259.453,0.0
320.0,-100.0,11078.519,0.0
330.0,-100.0,10896.736,0.0
340.0,-100.0,10714.121,0.0
350.0,-100.0,10530.688,0.0
360.0,-100.0,10346.449,0.0
370.0,-100.0,10161.423,0.0
380.0,-100.0,9975.623,0.0
390.0,-100.0,9789.07,0.0
400.0,-100.0,9601.784,0.0
410.0,-100.0,9413.791,0.0
420.0,-100.0,9225.115,0.0
430.0,-100.0,9035.78,0.0
440.0,-100.0,8845.826,0.0
450.0,-100.0,8655.281,0.0
460.0,-100.0,8464.1875,0.0
470.0,-100.0,8272.591,0.0
480.0,-100.0,8080.54,0.0
490.0,-100.0,7888.092,0.0
500.0,-100.0,7695.3096,0.0
510.0,-100.0,7502.2666,0.0
520.0,-100.0,7309.042,0.0
530.0,-100.0,7115.7295,0.0
540.0,-100.0,6922.428,0.0
550.0,-100.0,6729.26,0.0
560.0,-100.0,6536.355,0.0
570.0,-100.0,6343.862,0.0
580.0,-100.0,6151.952,0.0
590.0,-100.0,5960.8145,0.0
600.0,-100.0,5770.668,0.0
610.0,-100.0,5581.756,0.0
620.0,-100.0,5394.3594,0.0
630.0,-100.0,5208.792,0.0
640.0,-100.0,5025.416,0.0
650.0,-100.0,4844.6377,0.0
660.0,-100.0,4666.921,0.0
670.0,-100.0,4492.789,0.0
680.0,-100.0,4322.5435,0.0
690.0,-100.0,4156.167,0.0
700.0,-100.0,3993.6155,0.0
710.0,-100.0,3834.8499,0.0
720.0,-100.0,3679.8318,0.0
730.0,-100.0,3528.524,0.0
740.0,-100.0,3380.8896,0.0
750.0,-100.0,3236.8943,0.0
760.0,-100.0,3096.5056,0.0
770.0,-100.0,2959.6895,0.0
780.0,-100.0,2826.4163,0.0
790.0,-100.0,2696.6543,0.0
800.0,-100.0,2570.374,0.0
810.0,-100.0,2447.5503,0.0
820.0,-100.0,2328.1545,0.0
830.0,-100.0,2212.16,0.0
840.0,-100.0,2099.5425,0.0
850.0,-100.0,1990.2781,0.0
860.0,-100.0,1884.3429,0.0
870.0,-100.0,1781.7148,0.0
880.0,-100.0,1682.3724,0.0
890.0,-100.0,1586.2947,0.0
900.0,-100.0,1493.461,0.0
910.0,-100.0,1403.8545,0.0
920.0,-100.0,1317.4556,0.0
930.0,-100.0,1234.2463,0.0
940.0,-100.0,1154.2103,0.0
950.0,-100.0,1077.3307,0.0
960.0,-100.0,1003.5929,0.0
970.0,-100.0,932.98175,0.0
980.0,-100.0,865.4825,0.0
990.0,-100.0,801.0816,0.0
1000.0,-100.0,739.76733,0.0
1010.0,-100.0,681.5265,0.0
1020.0,-100.0,626.34766,0.0
1030.0,-100.0,574.2189,0.0
1040.0,-100.0,525.1293,0.0
1050.0,-100.0,479.06927,0.0
1060.0,-100.0,436.02975,0.0
1070.0,-100.0,396.00043,0.0
1080.0,-100.0,358.97247,0.0
1090.0,-100.0,324.93945,0.0
1100.0,-100.0,293.89203,0.0
1110.0,-100.0,265.8239,0.0
1120.0,-100.0,240.72757,0.0
1130.0,-100.0,218.59727,0.0
1140.0,-100.0,199.4263,0.0
1150.0,-100.0,183.20854,0.0
1160.0,-100.0,169.94012,0.0
1170.0,-100.0,159.6156,0.0
1180.0,-100.0,152.23012,0.0
1190.0,-100.0,147.77997,0.0
1200.0,-100.0,146.26155,0.0
1210.0,-100.0,147.67032,0.0
1220.0,-100.0,152.00409,0.0
1230.0,-100.0,159.26027,0.0
1240.0,-100.0,169.4354,0.0
1250.0,-100.0,182.52602,0.0
1260.0,-100.0,198.53394,0.0
1270.0,-100.0,217.45552,0.0
1280.0,-100.0,239.28833,0.0
1290.0,-100.0,264.03238,0.0
1300.0,-100.0,291.68658,0.0
1310.0,-100.0,322.24988,0.0
1320.0,-100.0,355.72223,0.0
1330.0,-100.0,392.1035,0.0
1340.0,-100.0,431.3927,0.0
1350.0,-100.0,473.59045,0.0
1360.0,-100.0,518.69885,0.0
1370.0,-100.0,566.71545,0.0
1380.0,-100.0,617.64355,0.0
1390.0,-100.0,671.48206,0.0
1400.0,-100.0,728.23376,0.0
1410.0,-100.0,787.8986,0.0
1420.0,-100.0,850.4779,0.0
1430.0,-100.0,915.9745,0.0
1440.0,-100.0,984.38916,0.0
1450.0,-100.0,1055.7228,0.0
1460.0,-100.0,1129.9792,0.0
1470.0,-100.0,1207.1595,0.0
1480.0,-100.0,1287.264,0.0
1490.0,-100.0,1370.2958,0.0
1500.0,-100.0,1456.2603,0.0
1510.0,-100.0,1545.155,0.0
1520.0,-100.0,1636.9866,0.0
1530.0,-100.0,1731.7539,0.0
1540.0,-100.0,1829.4595,0.0
1550.0,-100.0,1930.1064,0.0
1560.0,-100.0,2033.7001,0.0
1570.0,-100.0,2140.242,0.0
1580.0,-100.0,2249.7305,0.0
1590.0,-100.0,2362.1704,0.0
1600.0,-100.0,2477.5688,0.0
1610.0,-100.0,2595.9226,0.0
1620.0,-100.0,2717.2344,0.0
1630.0,-100.0,2841.5105,0.0
1640.0,-100.0,2968.747,0.0
1650.0,-100.0,3098.9531,0.0
1660.0,-100.0,3232.125,0.0
1670.0,-100.0,3368.275,0.0
1680.0,-100.0,3507.3901,0.0
1690.0,-100.0,3649.4868,0.0
1700.0,-100.0,3794.5562,0.0
1710.0,-100.0,3942.6025,0.0
1720.0,-100.0,4093.6328,0.0
1730.0,-100.0,4247.646,0.0
1740.0,-100.0,4404.638,0.0
1750.0,-100.0,4564.625,0.0
1760.0,-100.0,4727.584,0.0
1770.0,-100.0,4893.5356,0.0
1780.0,-100.0,5062.4688,0.0
1790.0,-100.0,5234.3955,0.0
1800.0,-100.0,5409.308,0.0
-200.0,-90.0,39270.906,1.0
-190.0,-90.0,39270.906,1.0
-180.0,-90.0,39270.906,1.0
-170.0,-90.0,39270.906,1.0
-160.0,-90.0,39270.906,1.0
-150.0,-90.0,39270.906,1.0
-140.0,-90.0,39270.906,1.0
-130.0,-90.0,39270.906,1.0
-120.0,-90.0,39270.906,1.0
-110.0,-90.0,39270.906,1.0
-100.0,-90.0,39270.906,1.0
-90.0,-90.0,39270.906,1.0
-80.0,-90.0,39270.906,1.0
-70.0,-90.0,39270.906,1.0
-60.0,-90.0,39270.906,1.0
-50.0,-90.0,39270.906,1.0
-40.0,-90.0,17697.34,0.0
-30.0,-90.0,17552.045,0.0
-20.0,-90.0,17405.902,0.0
-10.0,-90.0,17258.887,0.0
0.0,-90.0,17110.977,0.0
10.0,-90.0,16962.14,0.0
20.0,-90.0,16812.344,0.0
30.0,-90.0,16661.562,0.0
40.0,-90.0,16509.762,0.0
50.0,-90.0,16356.906,0.0
60.0,-90.0,16202.957,0.0
70.0,-90.0,16047.876,0.0
80.0,-90.0,15891.627,0.0
90.0,-90.0,15734.213,0.0
100.0,-90.0,15575.643,0.0
110.0,-90.0,15415.93,0.0
120.0,-90.0,15255.082,0.0
130.0,-90.0,15093.111,0.0
140.0,-90.0,14930.021,0.0
150.0,-90.0,14765.821,0.0
160.0,-90.0,14600.518,0.0
170.0,-90.0,14434.112,0.0
180.0,-90.0,14266.611,0.0
190.0,-90.0,14098.026,0.0
200.0,-90.0,13928.367,0.0
210.0,-90.0,13757.648,0.0
220.0,-90.0,13585.878,0.0
230.0,-90.0,13413.066,0.0
240.0,-90.0,13239.227,0.0
250.0,-90.0,13064.365,0.0
260.0,-90.0,12888.496,0.0
270.0,-90.0,12711.626,0.0
280.0,-90.0,12533.766,0.0
290.0,-90.0,12354.922,0.0
300.0,-90.0,12175.1045,0.0
310.0,-90.0,11994.323,0.0
320.0,-90.0,11812.586,0.0
330.0,-90.0,11629.9,0.0
340.0,-90.0,11446.275,0.0
350.0,-90.0,11261.723,0.0
360.0,-90.0,11076.248,0.0
370.0,-90.0,10889.861,0.0
380.0,-90.0,10702.574,0.0
390.0,-90.0,10514.3955,0.0
400.0,-90.0,10325.337,0.0
410.0,-90.0,10135.41,0.0
420.0,-90.0,9944.634,0.0
430.0,-90.0,9753.018,0.0
440.0,-90.0,9560.581,0.0
450.0,-90.0,9367.34,0.0
460.0,-90.0,9173.319,0.0
470.0,-90.0,8978.543,0.0
480.0,-90.0,8783.035,0.0
490.0,-90.0,8586.832,0.0
500.0,-90.0,8389.965,0.0
510.0,-90.0,8192.475,0.0
520.0,-90.0,7994.413,0.0
530.0,-90.0,7795.8306,0.0
540.0,-90.0,7596.786,0.0
550.0,-90.0,7397.3555,0.0
560.0,-90.0,7197.6143,0.0
570.0,-90.0,6997.659,0.0
580.0,-90.0,6797.5938,0.0
590.0,-90.0,6597.54,0.0
600.0,-90.0,6397.6406,0.0
610.0,-90.0,6198.052,0.0
620.0,-90.0,5998.9595,0.0
630.0,-90.0,5800.573,0.0
640.0,-90.0,5603.1333,0.0
650.0,-90.0,5406.917,0.0
660.0,-90.0,5212.24,0.0
670.0,-90.0,5019.4717,0.0
680.0,-90.0,4829.026,0.0
690.0,-90.0,4641.3896,0.0
700.0,-90.0,4457.1133,0.0
710.0,-90.0,4276.83,0.0
720.0,-90.0,4100.927,0.0
730.0,-90.0,3929.38,0.0
740.0,-90.0,3762.1372,0.0
750.0,-90.0,3599.1501,0.0
760.0,-90.0,3440.3684,0.0
770.0,-90.0,3285.7456,0.0
780.0,-90.0,3135.2378,0.0
790.0,-90.0,2988.8008,0.0
800.0,-90.0,2846.3926,0.0
810.0,-90.0,2707.9756,0.0
820.0,-90.0,2573.5093,0.0
830.0,-90.0,2442.9573,0.0
840.0,-90.0,2316.2837,0.0
850.0,-90.0,2193.455,0.0
860.0,-90.0,2074.4377,0.0
870.0,-90.0,1959.2004,0.0
880.0,-90.0,1847.7136,0.0
890.0,-90.0,1739.9463,0.0
900.0,-90.0,1635.8713,0.0
910.0,-90.0,1535.4636,0.0
920.0,-90.0,1438.6951,0.0
930.0,-90.0,1345.5422,0.0
940.0,-90.0,1255.9824,0.0
950.0,-90.0,1169.9912,0.0
960.0,-90.0,1087.5479,0.0
970.0,-90.0,1008.6316,0.0
980.0,-90.0,933.22266,0.0
990.0,-90.0,861.30176,0.0
1000.0,-90.0,792.8517,0.0
1010.0,-90.0,727.8557,0.0
1020.0,-90.0,666.29614,0.0
1030.0,-90.0,608.1581,0.0
1040.0,-90.0,553.4276,0.0
1050.0,-90.0,502.08975,0.0
1060.0,-90.0,454.13037,0.0
1070.0,-90.0,409.5381,0.0
1080.0,-90.0,368.30026,0.0
1090.0,-90.0,330.40656,0.0
1100.0,-90.0,295.84558,0.0
1110.0,-90.0,264.60764,0.0
1120.0,-90.0,236.68375,0.0
1130.0,-90.0,212.06406,0.0
1140.0,-90.0,190.74089,0.0
1150.0,-90.0,172.70685,0.0
1160.0,-90.0,157.95468,0.0
1170.0,-90.0,146.4771,0.0
1180.0,-90.0,138.26819,0.0
1190.0,-90.0,133.32236,0.0
1200.0,-90.0,131.63504,0.0
1210.0,-90.0,133.20059,0.0
1220.0,-90.0,138.01564,0.0
1230.0,-90.0,146.07544,0.0
1240.0,-90.0,157.37631,0.0
1250.0,-90.0,171.91586,0.0
1260.0,-90.0,189.69156,0.0
1270.0,-90.0,210.70116,0.0
1280.0,-90.0,234.94202,0.0
1290.0,-90.0,262.41293,0.0
1300.0,-90.0,293.1135,0.0
1310.0,-90.0,327.04156,0.0
1320.0,-90.0,364.1971,0.0
1330.0,-90.0,404.57922,0.0
1340.0,-90.0,448.18875,0.0
1350.0,-90.0,495.0251,0.0
1360.0,-90.0,545.0897,0.0
1370.0,-90.0,598.38293,0.0
1380.0,-90.0,654.9049,0.0
1390.0,-90.0,714.65796,0.0
1400.0,-90.0,777.64294,0.0
1410.0,-90.0,843.8629,0.0
1420.0,-90.0,913.3175,0.0
1430.0,-90.0,986.0105,0.0
1440.0,-90.0,1061.9441,0.0
1450.0,-90.0,1141.1189,0.0
1460.0,-90.0,1223.5388,0.0
1470.0,-90.0,1309.2065,0.0
1480.0,-90.0,1398.1265,0.0
1490.0,-90.0,1490.2976,0.0
1500.0,-90.0,1585.7249,0.0
1510.0,-90.0,1684.4149,0.0
1520.0,-90.0,1786.3639,0.0
1530.0,-90.0,1891.5824,0.0
1540.0,-90.0,2000.0684,0.0
1550.0,-90.0,2111.8296,0.0
1560.0,-90.0,2226.865,0.0
1570.0,-90.0,2345.1812,0.0
1580.0,-90.0,2466.778,0.0
1590.0,-90.0,2591.6636,0.0
1600.0,-90.0,2719.8442,0.0
1610.0,-90.0,2851.3152,0.0
1620.0,-90.0,2986.0862,0.0
1630.0,-90.0,3124.1523,0.0
1640.0,-90.0,3265.5217,0.0
1650.0,-90.0,3410.205,0.0
1660.0,-90.0,3558.1934,0.0
1670.0,-90.0,3709.5015,0.0
1680.0,-90.0,3864.1177,0.0
1690.0,-90.0,4022.0635,0.0
1700.0,-90.0,4183.321,0.0
1710.0,-90.0,4347.9106,0.0
1720.0,-90.0,4515.8213,0.0
1730.0,-90.0,4687.065,0.0
1740.0,-90.0,4861.631,0.0
1750.0,-90.0,5039.5396,0.0
1760.0,-90.0,5220.777,0.0
1770.0,-90.0,5405.3447,0.0
1780.0,-90.0,5593.249,0.0
1790.0,-90.0,5784.491,0.0
1800.0,-90.0,5979.0703,0.0
-200.0,-80.0,39270.906,1.0
-190.0,-80.0,39270.906,1.0
-180.0,-80.0,39270.906,1.0
-170.0,-80.0,39270.906,1.0
-160.0,-80.0,39270.906,1.0
-150.0,-80.0,39270.906,1.0
-140.0,-80.0,39270.906,1.0
-130.0,-80.0,39270.906,1.0
-120.0,-80.0,39270.906,1.0
-110.0,-80.0,39270.906,1.0
-100.0,-80.0,39270.906,1.0
-90.0,-80.0,39270.906,1.0
-80.0,-80.0,39270.906,1.0
-70.0,-80.0,39270.906,1.0
-60.0,-80.0,39270.906,1.0
-50.0,-80.0,39270.906,1.0
-40.0,-80.0,18471.375,0.0
-30.0,-80.0,18325.316,0.0
-20.0,-80.0,18178.5,0.0
-10.0,-80.0,18030.906,0.0
0.0,-80.0,17882.52,0.0
10.0,-80.0,17733.316,0.0
20.0,-80.0,17583.273,0.0
30.0,-80.0,17432.37,0.0
40.0,-80.0,17280.58,0.0
50.0,-80.0,17127.873,0.0
60.0,-80.0,16974.223,0.0
70.0,-80.0,16819.602,0.0
80.0,-80.0,16663.973,0.0
90.0,-80.0,16507.305,0.0
100.0,-80.0,16349.559,0.0
110.0,-80.0,16190.701,0.0
120.0,-80.0,16030.6875,0.0
130.0,-80.0,15869.488,0.0
140.0,-80.0,15707.115,0.0
150.0,-80.0,15543.583,0.0
160.0,-80.0,15378.909,0.0
170.0,-80.0,15213.104,0.0
180.0,-80.0,15046.184,0.0
190.0,-80.0,14878.157,0.0
200.0,-80.0,14709.039,0.0
210.0,-80.0,14538.834,0.0
220.0,-80.0,14367.556,0.0
230.0,-80.0,14195.205,0.0
240.0,-80.0,14021.791,0.0
250.0,-80.0,13847.315,0.0
260.0,-80.0,13671.781,0.0
270.0,-80.0,13495.1875,0.0
280.0,-80.0,13317.531,0.0
290.0,-80.0,13138.8125,0.0
300.0,-80.0,12959.031,0.0
310.0,-80.0,12778.199,0.0
320.0,-80.0,12596.323,0.0
330.0,-80.0,12413.411,0.0
340.0,-80.0,12229.469,0.0
350.0,-80.0,12044.51,0.0
360.0,-80.0,11858.537,0.0
370.0,-80.0,11671.556,0.0
380.0,-80.0,11483.574,0.0
390.0,-80.0,11294.598,0.0
400.0,-80.0,11104.633,0.0
410.0,-80.0,10913.686,0.0
420.0,-80.0,10721.762,0.0
430.0,-80.0,10528.869,0.0
440.0,-80.0,10335.014,0.0
450.0,-80.0,10140.201,0.0
460.0,-80.0,9944.443,0.0
470.0,-80.0,9747.748,0.0
480.0,-80.0,9550.126,0.0
490.0,-80.0,9351.591,0.0
500.0,-80.0,9152.156,0.0
510.0,-80.0,8951.84,0.0
520.0,-80.0,8750.662,0.0
530.0,-80.0,8548.648,0.0
540.0,-80.0,8345.824,0.0
550.0,-80.0,8142.2246,0.0
560.0,-80.0,7937.8896,0.0
570.0,-80.0,7732.865,0.0
580.0,-80.0,7527.205,0.0
590.0,-80.0,7320.9736,0.0
600.0,-80.0,7114.247,0.0
610.0,-80.0,6907.115,0.0
620.0,-80.0,6699.6787,0.0
630.0,-80.0,6492.0596,0.0
640.0,-80.0,6284.4004,0.0
650.0,-80.0,6076.869,0.0
660.0,-80.0,5869.6543,0.0
670.0,-80.0,5662.9814,0.0
680.0,-80.0,5457.116,0.0
690.0,-80.0,5252.3604,0.0
700.0,-80.0,5049.073,0.0
710.0,-80.0,4847.667,0.0
720.0,-80.0,4648.627,0.0
730.0,-80.0,4452.5186,0.0
740.0,-80.0,4260.003,0.0
750.0,-80.0,4071.848,0.0
760.0,-80.0,3888.669,0.0
770.0,-80.0,3710.482,0.0
780.0,-80.0,3537.2202,0.0
790.0,-80.0,3368.8208,0.0
800.0,-80.0,3205.2163,0.0
810.0,-80.0,3046.3506,0.0
820.0,-80.0,2892.1655,0.0
830.0,-80.0,2742.6038,0.0
840.0,-80.0,2597.613,0.0
850.0,-80.0,2457.143,0.0
860.0,-80.0,2321.1426,0.0
870.0,-80.0,2189.5676,0.0
880.0,-80.0,2062.3716,0.0
890.0,-80.0,1939.5125,0.0
900.0,-80.0,1820.9467,0.0
910.0,-80.0,1706.6378,0.0
920.0,-80.0,1596.5479,0.0
930.0,-80.0,1490.6396,0.0
940.0,-80.0,1388.8787,0.0
950.0,-80.0,1291.2332,0.0
960.0,-80.0,1197.6697,0.0
970.0,-80.0,1108.1602,0.0
980.0,-80.0,1022.6743,0.0
990.0,-80.0,941.1857,0.0
1000.0,-80.0,863.6676,0.0
1010.0,-80.0,790.0972,0.0
1020.0,-80.0,720.4487,0.0
1030.0,-80.0,654.701,0.0
1040.0,-80.0,592.83215,0.0
1050.0,-80.0,534.8222,0.0
1060.0,-80.0,480.65253,0.0
1070.0,-80.0,430.30444,0.0
1080.0,-80.0,383.76056,0.0
1090.0,-80.0,341.00494,0.0
1100.0,-80.0,302.02374,0.0
1110.0,-80.0,266.8,0.0
1120.0,-80.0,235.32343,0.0
1130.0,-80.0,207.5799,0.0
1140.0,-80.0,183.55731,0.0
1150.0,-80.0,163.2446,0.0
1160.0,-80.0,146.63287,0.0
1170.0,-80.0,133.71146,0.0
1180.0,-80.0,124.47249,0.0
1190.0,-80.0,118.907486,0.0
1200.0,-80.0,117.00789,0.0
1210.0,-80.0,118.770035,0.0
1220.0,-80.0,124.18574,0.0
1230.0,-80.0,133.24954,0.0
1240.0,-80.0,145.95518,0.0
1250.0,-80.0,162.30157,0.0
1260.0,-80.0,182.28308,0.0
1270.0,-80.0,205.89624,0.0
1280.0,-80.0,233.13928,0.0
1290.0,-80.0,264.00977,0.0
1300.0,-80.0,298.50543,0.0
1310.0,-80.0,336.62518,0.0
1320.0,-80.0,378.36755,0.0
1330.0,-80.0,423.73337,0.0
1340.0,-80.0,472.7219,0.0
1350.0,-80.0,525.3332,0.0
1360.0,-80.0,581.569,0.0
1370.0,-80.0,641.4292,0.0
1380.0,-80.0,704.9154,0.0
1390.0,-80.0,772.03015,0.0
1400.0,-80.0,842.77515,0.0
1410.0,-80.0,917.1518,0.0
1420.0,-80.0,995.1648,0.0
1430.0,-80.0,1076.816,0.0
1440.0,-80.0,1162.1077,0.0
1450.0,-80.0,1251.0441,0.0
1460.0,-80.0,1343.6306,0.0
1470.0,-80.0,1439.8679,0.0
1480.0,-80.0,1539.7627,0.0
1490.0,-80.0,1643.3158,0.0
1500.0,-80.0,1750.5326,0.0
1510.0,-80.0,1861.4225,0.0
1520.0,-80.0,1975.9835,0.0
1530.0,-80.0,2094.2246,0.0
1540.0,-80.0,2216.145,0.0
1550.0,-80.0,2341.7595,0.0
1560.0,-80.0,2471.0652,0.0
1570.0,-80.0,2604.0693,0.0
1580.0,-80.0,2740.772,0.0
1590.0,-80.0,2881.1882,0.0
1600.0,-80.0,3025.3206,0.0
1610.0,-80.0,3173.1724,0.0
1620.0,-80.0,3324.7412,0.0
1630.0,-80.0,3480.0376,0.0
1640.0,-80.0,3639.0742,0.0
1650.0,-80.0,3801.8457,0.0
1660.0,-80.0,3968.353,0.0
1670.0,-80.0,4138.615,0.0
1680.0,-80.0,4312.626,0.0
1690.0,-80.0,4490.3994,0.0
1700.0,-80.0,4671.926,0.0
1710.0,-80.0,4857.211,0.0
1720.0,-80.0,5046.2617,0.0
1730.0,-80.0,5239.09,0.0
1740.0,-80.0,5435.6904,0.0
1750.0,-80.0,5636.0557,0.0
1760.0,-80.0,5840.209,0.0
1770.0,-80.0,6048.1274,0.0
1780.0,-80.0,6259.834,0.0
1790.0,-80.0,6475.31,0.0
1800.0,-80.0,6694.583,0.0
-200.0,-70.0,39270.906,1.0
-190.0,-70.0,39270.906,1.0
-180.0,-70.0,39270.906,1.0
-170.0,-70.0,39270.906,1.0
-160.0,-70.0,39270.906,1.0
-150.0,-70.0,39270.906,1.0
-140.0,-70.0,39270.906,1.0
-130.0,-70.0,39270.906,1.0
-120.0,-70.0,39270.906,1.0
-110.0,-70.0,39270.906,1.0
-100.0,-70.0,39270.906,1.0
-90.0,-70.0,39270.906,1.0
-80.0,-70.0,39270.906,1.0
-70.0,-70.0,39270.906,1.0
-60.0,-70.0,39270.906,1.0
-50.0,-70.0,39270.906,1.0
-40.0,-70.0,19318.504,0.0
-30.0,-70.0,19170.785,0.0
-20.0,-70.0,19022.367,0.0
-10.0,-70.0,18873.232,0.0
0.0,-70.0,18723.375,0.0
10.0,-70.0,18572.773,0.0
20.0,-70.0,18421.416,0.0
30.0,-70.0,18269.285,0.0
40.0,-70.0,18116.365,0.0
50.0,-70.0,17962.633,0.0
60.0,-70.0,17808.07,0.0
70.0,-70.0,17652.652,0.0
80.0,-70.0,17496.36,0.0
90.0,-70.0,17339.166,0.0
100.0,-70.0,17181.043,0.0
110.0,-70.0,17021.965,0.0
120.0,-70.0,16861.896,0.0
130.0,-70.0,16700.809,0.0
140.0,-70.0,16538.668,0.0
150.0,-70.0,16375.4375,0.0
160.0,-70.0,16211.076,0.0
170.0,-70.0,16045.545,0.0
180.0,-70.0,15878.809,0.0
190.0,-70.0,15710.882,0.0
200.0,-70.0,15541.785,0.0
210.0,-70.0,15371.542,0.0
220.0,-70.0,15200.171,0.0
230.0,-70.0,15027.691,0.0
240.0,-70.0,14854.119,0.0
250.0,-70.0,14679.473,0.0
260.0,-70.0,14503.766,0.0
270.0,-70.0,14327.013,0.0
280.0,-70.0,14149.227,0.0
290.0,-70.0,13970.416,0.0
300.0,-70.0,13790.591,0.0
310.0,-70.0,13609.758,0.0
320.0,-70.0,13427.922,0.0
330.0,-70.0,13245.09,0.0
340.0,-70.0,13061.257,0.0
350.0,-70.0,12876.424,0.0
360.0,-70.0,12690.588,0.0
370.0,-70.0,12503.74,0.0
380.0,-70.0,12315.873,0.0
390.0,-70.0,12126.973,0.0
400.0,-70.0,11937.02,0.0
410.0,-70.0,11746.006,0.0
420.0,-70.0,11553.93,0.0
430.0,-70.0,11360.795,0.0
440.0,-70.0,11166.602,0.0
450.0,-70.0,10971.355,0.0
460.0,-70.0,10775.057,0.0
470.0,-70.0,10577.705,0.0
480.0,-70.0,10379.305,0.0
490.0,-70.0,10179.854,0.0
500.0,-70.0,9979.354,0.0
510.0,-70.0,9777.808,0.0
520.0,-70.0,9575.219,0.0
530.0,-70.0,9371.59,0.0
540.0,-70.0,9166.922,0.0
550.0,-70.0,8961.229,0.0
560.0,-70.0,8754.516,0.0
570.0,-70.0,8546.794,0.0
580.0,-70.0,8338.081,0.0
590.0,-70.0,8128.398,0.0
600.0,-70.0,7917.77,0.0
610.0,-70.0,7706.2295,0.0
620.0,-70.0,7493.8184,0.0
630.0,-70.0,7280.586,0.0
640.0,-70.0,7066.5938,0.0
650.0,-70.0,6851.918,0.0
660.0,-70.0,6636.6514,0.0
670.0,-70.0,6420.9043,0.0
680.0,-70.0,6204.8076,0.0
690.0,-70.0,5988.5264,0.0
700.0,-70.0,5772.2485,0.0
710.0,-70.0,5556.208,0.0
720.0,-70.0,5340.675,0.0
730.0,-70.0,5125.9746,0.0
740.0,-70.0,4912.497,0.0
750.0,-70.0,4700.7026,0.0
760.0,-70.0,4491.137,0.0
770.0,-70.0,4284.4565,0.0
780.0,-70.0,4081.434,0.0
790.0,-70.0,3882.9912,0.0
800.0,-70.0,3690.1162,0.0
810.0,-70.0,3503.1008,0.0
820.0,-70.0,3321.85,0.0
830.0,-70.0,3146.275,0.0
840.0,-70.0,2976.2903,0.0
850.0,-70.0,2811.8164,0.0
860.0,-70.0,2652.773,0.0
870.0,-70.0,2499.0864,0.0
880.0,-70.0,2350.6865,0.0
890.0,-70.0,2207.5051,0.0
900.0,-70.0,2069.4756,0.0
910.0,-70.0,1936.5396,0.0
920.0,-70.0,1808.6367,0.0
930.0,-70.0,1685.7106,0.0
940.0,-70.0,1567.7079,0.0
950.0,-70.0,1454.5776,0.0
960.0,-70.0,1346.2709,0.0
970.0,-70.0,1242.7418,0.0
980.0,-70.0,1143.946,0.0
990.0,-70.0,1049.8413,0.0
1000.0,-70.0,960.3893,0.0
1010.0,-70.0,875.55145,0.0
1020.0,-70.0,795.2905,0.0
1030.0,-70.0,719.5746,0.0
1040.0,-70.0,648.37024,0.0
1050.0,-70.0,581.6465,0.0
1060.0,-70.0,519.3762,0.0
1070.0,-70.0,461.53003,0.0
1080.0,-70.0,408.08344,0.0
1090.0,-70.0,359.01202,0.0
1100.0,-70.0,314.29236,0.0
1110.0,-70.0,273.90375,0.0
1120.0,-70.0,237.82603,0.0
1130.0,-70.0,206.0399,0.0
1140.0,-70.0,178.52863,0.0
1150.0,-70.0,155.275,0.0
1160.0,-70.0,136.26382,0.0
1170.0,-70.0,121.482086,0.0
1180.0,-70.0,110.9153,0.0
1190.0,-70.0,104.55289,0.0
1200.0,-70.0,102.383026,0.0
1210.0,-70.0,104.39558,0.0
1220.0,-70.0,110.58198,0.0
1230.0,-70.0,120.93445,0.0
1240.0,-70.0,135.44412,0.0
1250.0,-70.0,154.10661,0.0
1260.0,-70.0,176.91515,0.0
1270.0,-70.0,203.86505,0.0
1280.0,-70.0,234.95294,0.0
1290.0,-70.0,270.17438,0.0
1300.0,-70.0,309.5275,0.0
1310.0,-70.0,353.00995,0.0
1320.0,-70.0,400.62103,0.0
1330.0,-70.0,452.35913,0.0
1340.0,-70.0,508.22443,0.0
1350.0,-70.0,568.2181,0.0
1360.0,-70.0,632.34155,0.0
1370.0,-70.0,700.595,0.0
1380.0,-70.0,772.98083,0.0
1390.0,-70.0,849.5027,0.0
1400.0,-70.0,930.1622,0.0
1410.0,-70.0,1014.9634,0.0
1420.0,-70.0,1103.911,0.0
1430.0,-70.0,1197.0078,0.0
1440.0,-70.0,1294.261,0.0
1450.0,-70.0,1395.6715,0.0
1460.0,-70.0,1501.2504,0.0
1470.0,-70.0,1610.9995,0.0
1480.0,-70.0,1724.9233,0.0
1490.0,-70.0,1843.0308,0.0
1500.0,-70.0,1965.3274,0.0
1510.0,-70.0,2091.8237,0.0
1520.0,-70.0,2222.5195,0.0
1530.0,-70.0,2357.4275,0.0
1540.0,-70.0,2496.5562,0.0
1550.0,-70.0,2639.904,0.0
1560.0,-70.0,2787.4858,0.0
1570.0,-70.0,2939.31,0.0
1580.0,-70.0,3095.3838,0.0
1590.0,-70.0,3255.7026,0.0
1600.0,-70.0,3420.2974,0.0
1610.0,-70.0,3589.1567,0.0
1620.0,-70.0,3762.2935,0.0
1630.0,-70.0,3939.722,0.0
1640.0,-70.0,4121.437,0.0
1650.0,-70.0,4307.4526,0.0
1660.0,-70.0,4497.782,0.0
1670.0,-70.0,4692.4214,0.0
1680.0,-70.0,4891.375,0.0
1690.0,-70.0,5094.6724,0.0
1700.0,-70.0,5302.283,0.0
1710.0,-70.0,5514.2476,0.0
1720.0,-70.0,5730.5493,0.0
1730.0,-70.0,5951.201,0.0
1740.0,-70.0,6176.208,0.0
1750.0,-70.0,6405.568,0.0
1760.0,-70.0,6639.284,0.0
1770.0,-70.0,6877.3677,0.0
1780.0,-70.0,7119.81,0.0
1790.0,-70.0,7366.532,0.0
1800.0,-70.0,7617.043,0.0
-200.0,-60.0,39270.906,1.0
-190.0,-60.0,39270.906,1.0
-180.0,-60.0,39270.906,1.0
-170.0,-60.0,39270.906,1.0
-160.0,-60.0,39270.906,1.0
-150.0,-60.0,39270.906,1.0
-140.0,-60.0,39270.906,1.0
-130.0,-60.0,39270.906,1.0
-120.0,-60.0,39270.906,1.0
-110.0,-60.0,39270.906,1.0
-100.0,-60.0,39270.906,1.0
-90.0,-60.0,39270.906,1.0
-80.0,-60.0,39270.906,1.0
-70.0,-60.0,39270.906,1.0
-60.0,-60.0,39270.906,1.0
-50.0,-60.0,39270.906,1.0
-40.0,-60.0,20263.098,0.0
-30.0,-60.0,20112.87,0.0
-20.0,-60.0,19961.953,0.0
-10.0,-60.0,19810.348,0.0
0.0,-60.0,19658.041,0.0
10.0,-60.0,19505.025,0.0
20.0,-60.0,19351.293,0.0
30.0,-60.0,19196.832,0.0
40.0,-60.0,19041.629,0.0
50.0,-60.0,18885.68,0.0
60.0,-60.0,18728.963,0.0
70.0,-60.0,18571.469,0.0
80.0,-60.0,18413.178,0.0
90.0,-60.0,18254.078,0.0
100.0,-60.0,18094.146,0.0
110.0,-60.0,17933.371,0.0
120.0,-60.0,17771.723,0.0
130.0,-60.0,17609.184,0.0
140.0,-60.0,17445.73,0.0
150.0,-60.0,17281.336,0.0
160.0,-60.0,17115.97,0.0
170.0,-60.0,16949.607,0.0
180.0,-60.0,16782.215,0.0
190.0,-60.0,16613.756,0.0
200.0,-60.0,16444.197,0.0
210.0,-60.0,16273.501,0.0
220.0,-60.0,16101.625,0.0
230.0,-60.0,15928.525,0.0
240.0,-60.0,15754.201,0.0
250.0,-60.0,15578.681,0.0
260.0,-60.0,15401.996,0.0
270.0,-60.0,15224.173,0.0
280.0,-60.0,15045.24,0.0
290.0,-60.0,14865.225,0.0
300.0,-60.0,14684.148,0.0
310.0,-60.0,14502.039,0.0
320.0,-60.0,14318.914,0.0
330.0,-60.0,14134.797,0.0
340.0,-60.0,13949.705,0.0
350.0,-60.0,13763.655,0.0
360.0,-60.0,13576.664,0.0
370.0,-60.0,13388.743,0.0
380.0,-60.0,13199.904,0.0
390.0,-60.0,13010.156,0.0
400.0,-60.0,12819.502,0.0
410.0,-60.0,12627.949,0.0
420.0,-60.0,12435.497,0.0
430.0,-60.0,12242.144,0.0
440.0,-60.0,12047.881,0.0
450.0,-60.0,11852.701,0.0
460.0,-60.0,11656.59,0.0
470.0,-60.0,11459.529,0.0
480.0,-60.0,11261.498,0.0
490.0,-60.0,11062.467,0.0
500.0,-60.0,10862.399,0.0
510.0,-60.0,10661.262,0.0
520.0,-60.0,10459.007,0.0
530.0,-60.0,10255.613,0.0
540.0,-60.0,10051.073,0.0
550.0,-60.0,9845.379,0.0
560.0,-60.0,9638.52,0.0
570.0,-60.0,9430.489,0.0
580.0,-60.0,9221.279,0.0
590.0,-60.0,9010.879,0.0
600.0,-60.0,8799.283,0.0
610.0,-60.0,8586.484,0.0
620.0,-60.0,8372.482,0.0
630.0,-60.0,8157.2754,0.0
640.0,-60.0,7940.868,0.0
650.0,-60.0,7723.2705,0.0
660.0,-60.0,7504.499,0.0
670.0,-60.0,7284.578,0.0
680.0,-60.0,7063.5425,0.0
690.0,-60.0,6841.443,0.0
700.0,-60.0,6618.341,0.0
710.0,-60.0,6394.3228,0.0
720.0,-60.0,6169.495,0.0
730.0,-60.0,5943.9917,0.0
740.0,-60.0,5717.9873,0.0
750.0,-60.0,5491.6924,0.0
760.0,-60.0,5265.37,0.0
770.0,-60.0,5039.3447,0.0
780.0,-60.0,4814.0146,0.0
790.0,-60.0,4589.8643,0.0
800.0,-60.0,4367.4873,0.0
810.0,-60.0,4147.617,0.0
820.0,-60.0,3931.1355,0.0
830.0,-60.0,3719.124,0.0
840.0,-60.0,3512.8962,0.0
850.0,-60.0,3313.5815,0.0
860.0,-60.0,3121.2295,0.0
870.0,-60.0,2935.71,0.0
880.0,-60.0,2756.9004,0.0
890.0,-60.0,2584.6836,0.0
900.0,-60.0,2418.9468,0.0
910.0,-60.0,2259.587,0.0
920.0,-60.0,2106.5022,0.0
930.0,-60.0,1959.597,0.0
940.0,-60.0,1818.7821,0.0
950.0,-60.0,1683.9702,0.0
960.0,-60.0,1555.0808,0.0
970.0,-60.0,1432.0369,0.0
980.0,-60.0,1314.7643,0.0
990.0,-60.0,1203.1934,0.0
1000.0,-60.0,1097.2603,0.0
1010.0,-60.0,996.90234,0.0
1020.0,-60.0,902.05945,0.0
1030.0,-60.0,812.6772,0.0
1040.0,-60.0,728.7023,0.0
1050.0,-60.0,650.08563,0.0
1060.0,-60.0,576.7795,0.0
1070.0,-60.0,508.74042,0.0
1080.0,-60.0,445.92682,0.0
1090.0,-60.0,388.29993,0.0
1100.0,-60.0,335.8229,0.0
1110.0,-60.0,288.4605,0.0
1120.0,-60.0,246.18242,0.0
1130.0,-60.0,208.95724,0.0
1140.0,-60.0,176.7568,0.0
1150.0,-60.0,149.55643,0.0
1160.0,-60.0,127.33079,0.0
1170.0,-60.0,110.05753,0.0
1180.0,-60.0,97.7167,0.0
1190.0,-60.0,90.28888,0.0
1200.0,-60.0,87.756645,0.0
1210.0,-60.0,90.104645,0.0
1220.0,-60.0,97.31822,0.0
1230.0,-60.0,109.383675,0.0
1240.0,-60.0,126.29109,0.0
1250.0,-60.0,148.0296,0.0
1260.0,-60.0,174.5903,0.0
1270.0,-60.0,205.96571,0.0
1280.0,-60.0,242.14908,0.0
1290.0,-60.0,283.13562,0.0
1300.0,-60.0,328.92004,0.0
1310.0,-60.0,379.5011,0.0
1320.0,-60.0,434.87408,0.0
1330.0,-60.0,495.03937,0.0
1340.0,-60.0,559.99695,0.0
1350.0,-60.0,629.74677,0.0
1360.0,-60.0,704.2925,0.0
1370.0,-60.0,783.6335,0.0
1380.0,-60.0,867.77356,0.0
1390.0,-60.0,956.718,0.0
1400.0,-60.0,1050.4707,0.0
1410.0,-60.0,1149.0391,0.0
1420.0,-60.0,1252.4246,0.0
1430.0,-60.0,1360.637,0.0
1440.0,-60.0,1473.685,0.0
1450.0,-60.0,1591.5753,0.0
1460.0,-60.0,1714.3142,0.0
1470.0,-60.0,1841.9115,0.0
1480.0,-60.0,1974.3767,0.0
1490.0,-60.0,2111.7249,0.0
1500.0,-60.0,2253.9563,0.0
1510.0,-60.0,2401.0876,0.0
1520.0,-60.0,2553.13,0.0
1530.0,-60.0,2710.0981,0.0
1540.0,-60.0,2871.995,0.0
1550.0,-60.0,3038.833,0.0
1560.0,-60.0,3210.6318,0.0
1570.0,-60.0,3387.3997,0.0
1580.0,-60.0,3569.1497,0.0
1590.0,-60.0,3755.8906,0.0
1600.0,-60.0,3947.64,0.0
1610.0,-60.0,4144.414,0.0
1620.0,-60.0,4346.214,0.0
1630.0,-60.0,4553.0527,0.0
1640.0,-60.0,4764.9536,0.0
1650.0,-60.0,4981.918,0.0
1660.0,-60.0,5203.953,0.0
1670.0,-60.0,5431.081,0.0
1680.0,-60.0,5663.3184,0.0
1690.0,-60.0,5900.675,0.0
1700.0,-60.0,6143.1445,0.0
1710.0,-60.0,6390.7334,0.0
1720.0,-60.0,6643.489,0.0
1730.0,-60.0,6901.3535,0.0
1740.0,-60.0,7163.997,0.0
1750.0,-60.0,7430.671,0.0
1760.0,-60.0,7700.7515,0.0
1770.0,-60.0,7973.7637,0.0
1780.0,-60.0,8249.31,0.0
1790.0,-60.0,8527.097,0.0
1800.0,-60.0,8806.825,0.0
-200.0,-50.0,39270.906,1.0
-190.0,-50.0,39270.906,1.0
-180.0,-50.0,39270.906,1.0
-170.0,-50.0,39270.906,1.0
-160.0,-50.0,39270.906,1.0
-150.0,-50.0,39270.906,1.0
-140.0,-50.0,39270.906,1.0
-130.0,-50.0,39270.906,1.0
-120.0,-50.0,39270.906,1.0
-110.0,-50.0,39270.906,1.0
-100.0,-50.0,39270.906,1.0
-90.0,-50.0,39270.906,1.0
-80.0,-50.0,39270.906,1.0
-70.0,-50.0,39270.906,1.0
-60.0,-50.0,39270.906,1.0
-50.0,-50.0,39270.906,1.0
-40.0,-50.0,21338.28,0.0
-30.0,-50.0,21184.836,0.0
-20.0,-50.0,21030.672,0.0
-10.0,-50.0,20875.777,0.0
0.0,-50.0,20720.158,0.0
10.0,-50.0,20563.807,0.0
20.0,-50.0,20406.719,0.0
30.0,-50.0,20248.895,0.0
40.0,-50.0,20090.328,0.0
50.0,-50.0,19931.012,0.0
60.0,-50.0,19770.938,0.0
70.0,-50.0,19610.104,0.0
80.0,-50.0,19448.498,0.0
90.0,-50.0,19286.113,0.0
100.0,-50.0,19122.94,0.0
110.0,-50.0,18958.965,0.0
120.0,-50.0,18794.176,0.0
130.0,-50.0,18628.56,0.0
140.0,-50.0,18462.105,0.0
150.0,-50.0,18294.793,0.0
160.0,-50.0,18126.61,0.0
170.0,-50.0,17957.53,0.0
180.0,-50.0,17787.535,0.0
190.0,-50.0,17616.61,0.0
200.0,-50.0,17444.723,0.0
210.0,-50.0,17271.852,0.0
220.0,-50.0,17097.969,0.0
230.0,-50.0,16923.043,0.0
240.0,-50.0,16747.043,0.0
250.0,-50.0,16569.934,0.0
260.0,-50.0,16391.68,0.0
270.0,-50.0,16212.24,0.0
280.0,-50.0,16031.575,0.0
290.0,-50.0,15849.638,0.0
300.0,-50.0,15666.442,0.0
310.0,-50.0,15482.03,0.0
320.0,-50.0,15296.442,0.0
330.0,-50.0,15109.72,0.0
340.0,-50.0,14921.9,0.0
350.0,-50.0,14733.021,0.0
360.0,-50.0,14543.121,0.0
370.0,-50.0,14352.231,0.0
380.0,-50.0,14160.387,0.0
390.0,-50.0,13967.618,0.0
400.0,-50.0,13773.953,0.0
410.0,-50.0,13579.422,0.0
420.0,-50.0,13384.048,0.0
430.0,-50.0,13187.854,0.0
440.0,-50.0,12990.862,0.0
450.0,-50.0,12793.089,0.0
460.0,-50.0,12594.553,0.0
470.0,-50.0,12395.264,0.0
480.0,-50.0,12195.232,0.0
490.0,-50.0,11994.465,0.0
500.0,-50.0,11792.962,0.0
510.0,-50.0,11590.724,0.0
520.0,-50.0,11387.741,0.0
530.0,-50.0,11184.008,0.0
540.0,-50.0,10979.502,0.0
550.0,-50.0,10774.203,0.0
560.0,-50.0,10568.084,0.0
570.0,-50.0,10361.1045,0.0
580.0,-50.0,10153.224,0.0
590.0,-50.0,9944.388,0.0
600.0,-50.0,9734.534,0.0
610.0,-50.0,9523.59,0.0
620.0,-50.0,9311.468,0.0
630.0,-50.0,9098.07,0.0
640.0,-50.0,8883.3125,0.0
650.0,-50.0,8667.16,0.0
660.0,-50.0,8449.582,0.0
670.0,-50.0,8230.549,0.0
680.0,-50.0,8010.0312,0.0
690.0,-50.0,7788.005,0.0
700.0,-50.0,7564.4473,0.0
710.0,-50.0,7339.3403,0.0
720.0,-50.0,7112.675,0.0
730.0,-50.0,6884.4497,0.0
740.0,-50.0,6654.6797,0.0
750.0,-50.0,6423.3926,0.0
760.0,-50.0,6190.642,0.0
770.0,-50.0,5956.502,0.0
780.0,-50.0,5721.088,0.0
790.0,-50.0,5484.5522,0.0
800.0,-50.0,5247.103,0.0
810.0,-50.0,5009.0195,0.0
820.0,-50.0,4770.657,0.0
830.0,-50.0,4532.4756,0.0
840.0,-50.0,4295.0664,0.0
850.0,-50.0,4059.181,0.0
860.0,-50.0,3825.7715,0.0
870.0,-50.0,3596.0413,0.0
880.0,-50.0,3371.5132,0.0
890.0,-50.0,3154.0981,0.0
900.0,-50.0,2945.2969,0.0
910.0,-50.0,2745.1003,0.0
920.0,-50.0,2553.313,0.0
930.0,-50.0,2369.749,0.0
940.0,-50.0,2194.2368,0.0
950.0,-50.0,2026.6108,0.0
960.0,-50.0,1866.7177,0.0
970.0,-50.0,1714.4138,0.0
980.0,-50.0,1569.5616,0.0
990.0,-50.0,1432.0305,0.0
1000.0,-50.0,1301.7021,0.0
1010.0,-50.0,1178.4622,0.0
1020.0,-50.0,1062.2017,0.0
1030.0,-50.0,952.8209,0.0
1040.0,-50.0,850.2248,0.0
1050.0,-50.0,754.3223,0.0
1060.0,-50.0,665.0333,0.0
1070.0,-50.0,582.27576,0.0
1080.0,-50.0,505.97635,0.0
1090.0,-50.0,436.068,0.0
1100.0,-50.0,372.48486,0.0
1110.0,-50.0,315.16718,0.0
1120.0,-50.0,264.05798,0.0
1130.0,-50.0,219.10472,0.0
1140.0,-50.0,180.25839,0.0
1150.0,-50.0,147.47522,0.0
1160.0,-50.0,120.71117,0.0
1170.0,-50.0,99.92958,0.0
1180.0,-50.0,85.09329,0.0
1190.0,-50.0,76.17035,0.0
1200.0,-50.0,73.13066,0.0
1210.0,-50.0,75.94714,0.0
1220.0,-50.0,84.59458,0.0
1230.0,-50.0,99.05058,0.0
1240.0,-50.0,119.296646,0.0
1250.0,-50.0,145.3145,0.0
1260.0,-50.0,177.08885,0.0
1270.0,-50.0,214.60663,0.0
1280.0,-50.0,257.85593,0.0
1290.0,-50.0,306.8282,0.0
1300.0,-50.0,361.51495,0.0
1310.0,-50.0,421.91168,0.0
1320.0,-50.0,488.01392,0.0
1330.0,-50.0,559.8191,0.0
1340.0,-50.0,637.3274,0.0
1350.0,-50.0,720.5381,0.0
1360.0,-50.0,809.455,0.0
1370.0,-50.0,904.08044,0.0
1380.0,-50.0,1004.42114,0.0
1390.0,-50.0,1110.4805,0.0
1400.0,-50.0,1222.269,0.0
1410.0,-50.0,1339.794,0.0
1420.0,-50.0,1463.0657,0.0
1430.0,-50.0,1592.0941,0.0
1440.0,-50.0,1726.8937,0.0
1450.0,-50.0,1867.4758,0.0
1460.0,-50.0,2013.8531,0.0
1470.0,-50.0,2166.0417,0.0
1480.0,-50.0,2324.0596,0.0
1490.0,-50.0,2487.9253,0.0
1500.0,-50.0,2657.6436,0.0
1510.0,-50.0,2833.2488,0.0
1520.0,-50.0,3014.742,0.0
1530.0,-50.0,3202.1587,0.0
1540.0,-50.0,3395.515,0.0
1550.0,-50.0,3594.8223,0.0
1560.0,-50.0,3800.1208,0.0
1570.0,-50.0,4011.4072,0.0
1580.0,-50.0,4228.7173,0.0
1590.0,-50.0,4452.0713,0.0
1600.0,-50.0,4681.4873,0.0
1610.0,-50.0,4917.002,0.0
1620.0,-50.0,5158.6133,0.0
1630.0,-50.0,5406.369,0.0
1640.0,-50.0,5660.2573,0.0
1650.0,-50.0,5920.343,0.0
1660.0,-50.0,6186.6113,0.0
1670.0,-50.0,6459.093,0.0
1680.0,-50.0,6737.3154,0.0
1690.0,-50.0,7020.1816,0.0
1700.0,-50.0,7306.773,0.0
1710.0,-50.0,7596.4727,0.0
1720.0,-50.0,7888.7314,0.0
1730.0,-50.0,8183.2007,0.0
1740.0,-50.0,8479.611,0.0
1750.0,-50.0,8777.773,0.0
1760.0,-50.0,9077.562,0.0
1770.0,-50.0,9378.891,0.0
1780.0,-50.0,9681.727,0.0
1790.0,-50.0,9986.199,0.0
1800.0,-50.0,10292.479,0.0
-200.0,-40.0,39270.906,1.0
-190.0,-40.0,39270.906,1.0
-180.0,-40.0,39270.906,1.0
-170.0,-40.0,39270.906,1.0
-160.0,-40.0,39270.906,1.0
-150.0,-40.0,39270.906,1.0
-140.0,-40.0,39270.906,1.0
-130.0,-40.0,39270.906,1.0
-120.0,-40.0,39270.906,1.0
-110.0,-40.0,39270.906,1.0
-100.0,-40.0,39270.906,1.0
-90.0,-40.0,39270.906,1.0
-80.0,-40.0,39270.906,1.0
-70.0,-40.0,39270.906,1.0
-60.0,-40.0,39270.906,1.0
-50.0,-40.0,39270.906,1.0
-40.0,-40.0,22589.574,0.0
-30.0,-40.0,22432.582,0.0
-20.0,-40.0,22274.754,0.0
-10.0,-40.0,22116.09,0.0
0.0,-40.0,21956.596,0.0
10.0,-40.0,21796.271,0.0
20.0,-40.0,21635.121,0.0
30.0,-40.0,21473.146,0.0
40.0,-40.0,21310.35,0.0
50.0,-40.0,21146.727,0.0
60.0,-40.0,20982.283,0.0
70.0,-40.0,20817.014,0.0
80.0,-40.0,20650.918,0.0
90.0,-40.0,20483.998,0.0
100.0,-40.0,20316.246,0.0
110.0,-40.0,20147.66,0.0
120.0,-40.0,19978.238,0.0
130.0,-40.0,19807.97,0.0
140.0,-40.0,19636.855,0.0
150.0,-40.0,19464.883,0.0
160.0,-40.0,19292.047,0.0
170.0,-40.0,19118.338,0.0
180.0,-40.0,18943.744,0.0
190.0,-40.0,18768.258,0.0
200.0,-40.0,18591.86,0.0
210.0,-40.0,18414.543,0.0
220.0,-40.0,18236.287,0.0
230.0,-40.0,18057.076,0.0
240.0,-40.0,17876.89,0.0
250.0,-40.0,17695.713,0.0
260.0,-40.0,17513.52,0.0
270.0,-40.0,17330.285,0.0
280.0,-40.0,17145.98,0.0
290.0,-40.0,16960.582,0.0
300.0,-40.0,16774.057,0.0
310.0,-40.0,16586.371,0.0
320.0,-40.0,16397.488,0.0
330.0,-40.0,16207.371,0.0
340.0,-40.0,16015.973,0.0
350.0,-40.0,15823.25,0.0
360.0,-40.0,15629.188,0.0
370.0,-40.0,15433.84,0.0
380.0,-40.0,15237.266,0.0
390.0,-40.0,15039.526,0.0
400.0,-40.0,14840.678,0.0
410.0,-40.0,14640.779,0.0
420.0,-40.0,14439.883,0.0
430.0,-40.0,14238.041,0.0
440.0,-40.0,14035.307,0.0
450.0,-40.0,13831.727,0.0
460.0,-40.0,13627.35,0.0
470.0,-40.0,13422.219,0.0
480.0,-40.0,13216.377,0.0
490.0,-40.0,13009.865,0.0
500.0,-40.0,12802.719,0.0
510.0,-40.0,12594.977,0.0
520.0,-40.0,12386.667,0.0
530.0,-40.0,12177.82,0.0
540.0,-40.0,11968.461,0.0
550.0,-40.0,11758.613,0.0
560.0,-40.0,11548.293,0.0
570.0,-40.0,11337.514,0.0
580.0,-40.0,11126.285,0.0
590.0,-40.0,10914.608,0.0
600.0,-40.0,10702.486,0.0
610.0,-40.0,10489.904,0.0
620.0,-40.0,10276.851,0.0
630.0,-40.0,10063.299,0.0
640.0,-40.0,9849.218,0.0
650.0,-40.0,9634.565,0.0
660.0,-40.0,9419.287,0.0
670.0,-40.0,9203.318,0.0
680.0,-40.0,8986.578,0.0
690.0,-40.0,8768.973,0.0
700.0,-40.0,8550.385,0.0
710.0,-40.0,8330.682,0.0
720.0,-40.0,8109.7036,0.0
730.0,-40.0,7887.266,0.0
740.0,-40.0,7663.1523,0.0
750.0,-40.0,7437.1284,0.0
760.0,-40.0,7209.061,0.0
770.0,-40.0,6978.872,0.0
780.0,-40.0,6746.4893,0.0
790.0,-40.0,6511.8477,0.0
800.0,-40.0,6274.8926,0.0
810.0,-40.0,6035.5923,0.0
820.0,-40.0,5793.939,0.0
830.0,-40.0,5549.955,0.0
840.0,-40.0,5303.713,0.0
850.0,-40.0,5055.3467,0.0
860.0,-40.0,4805.0703,0.0
870.0,-40.0,4553.206,0.0
880.0,-40.0,4300.214,0.0
890.0,-40.0,4046.734,0.0
900.0,-40.0,3793.6423,0.0
910.0,-40.0,3542.127,0.0
920.0,-40.0,3293.7773,0.0
930.0,-40.0,3050.713,0.0
940.0,-40.0,2815.7437,0.0
950.0,-40.0,2591.7393,0.0
960.0,-40.0,2379.0266,0.0
970.0,-40.0,2177.2754,0.0
980.0,-40.0,1986.1763,0.0
990.0,-40.0,1805.4413,0.0
1000.0,-40.0,1634.8054,0.0
1010.0,-40.0,1474.0183,0.0
1020.0,-40.0,1322.8468,0.0
1030.0,-40.0,1181.0757,0.0
1040.0,-40.0,1048.5032,0.0
1050.0,-40.0,924.94116,0.0
1060.0,-40.0,810.21545,0.0
1070.0,-40.0,704.1625,0.0
1080.0,-40.0,606.631,0.0
1090.0,-40.0,517.4811,0.0
1100.0,-40.0,436.58142,0.0
1110.0,-40.0,363.80884,0.0
1120.0,-40.0,299.05127,0.0
1130.0,-40.0,242.2047,0.0
1140.0,-40.0,193.17099,0.0
1150.0,-40.0,151.86177,0.0
1160.0,-40.0,118.192856,0.0
1170.0,-40.0,92.09059,0.0
1180.0,-40.0,73.482666,0.0
1190.0,-40.0,62.307053,0.0
1200.0,-40.0,58.5057,0.0
1210.0,-40.0,62.022446,0.0
1220.0,-40.0,72.81142,0.0
1230.0,-40.0,90.82953,0.0
1240.0,-40.0,116.037766,0.0
1250.0,-40.0,148.4028,0.0
1260.0,-40.0,187.893,0.0
1270.0,-40.0,234.48299,0.0
1280.0,-40.0,288.14948,0.0
1290.0,-40.0,348.87402,0.0
1300.0,-40.0,416.64136,0.0
1310.0,-40.0,491.4381,0.0
1320.0,-40.0,573.257,0.0
1330.0,-40.0,662.0913,0.0
1340.0,-40.0,757.93933,0.0
1350.0,-40.0,860.7992,0.0
1360.0,-40.0,970.6749,0.0
1370.0,-40.0,1087.571,0.0
1380.0,-40.0,1211.4922,0.0
1390.0,-40.0,1342.4531,0.0
1400.0,-40.0,1480.4634,0.0
1410.0,-40.0,1625.5393,0.0
1420.0,-40.0,1777.6956,0.0
1430.0,-40.0,1936.9492,0.0
1440.0,-40.0,2103.3267,0.0
1450.0,-40.0,2276.8452,0.0
1460.0,-40.0,2457.5356,0.0
1470.0,-40.0,2645.4236,0.0
1480.0,-40.0,2840.53,0.0
1490.0,-40.0,3042.8877,0.0
1500.0,-40.0,3252.5317,0.0
1510.0,-40.0,3469.4822,0.0
1520.0,-40.0,3693.7925,0.0
1530.0,-40.0,3925.4978,0.0
1540.0,-40.0,4164.6104,0.0
1550.0,-40.0,4411.203,0.0
1560.0,-40.0,4665.285,0.0
1570.0,-40.0,4926.915,0.0
1580.0,-40.0,5196.123,0.0
1590.0,-40.0,5472.9717,0.0
1600.0,-40.0,5757.477,0.0
1610.0,-40.0,6049.512,0.0
1620.0,-40.0,6347.342,0.0
1630.0,-40.0,6649.1934,0.0
1640.0,-40.0,6953.8896,0.0
1650.0,-40.0,7260.6587,0.0
1660.0,-40.0,7569.0713,0.0
1670.0,-40.0,7879.0737,0.0
1680.0,-40.0,8191.205,0.0
1690.0,-40.0,8505.993,0.0
1700.0,-40.0,8823.842,0.0
1710.0,-40.0,9145.002,0.0
1720.0,-40.0,9469.764,0.0
1730.0,-40.0,9798.387,0.0
1740.0,-40.0,10130.927,0.0
1750.0,-40.0,10467.63,0.0
1760.0,-40.0,10808.527,0.0
1770.0,-40.0,11153.738,0.0
1780.0,-40.0,11503.266,0.0
1790.0,-40.0,11857.212,0.0
1800.0,-40.0,12215.55,0.0
-200.0,-30.0,39270.906,1.0
-190.0,-30.0,39270.906,1.0
-180.0,-30.0,39270.906,1.0
-170.0,-30.0,39270.906,1.0
-160.0,-30.0,39270.906,1.0
-150.0,-30.0,39270.906,1.0
-140.0,-30.0,39270.906,1.0
-130.0,-30.0,39270.906,1.0
-120.0,-30.0,39270.906,1.0
-110.0,-30.0,39270.906,1.0
-100.0,-30.0,39270.906,1.0
-90.0,-30.0,39270.906,1.0
-80.0,-30.0,39270.906,1.0
-70.0,-30.0,39270.906,1.0
-60.0,-30.0,39270.906,1.0
-50.0,-30.0,39270.906,1.0
-40.0,-30.0,24079.11,0.0
-30.0,-30.0,23919.11,0.0
-20.0,-30.0,23758.049,0.0
-10.0,-30.0,23595.934,0.0
0.0,-30.0,23432.771,0.0
10.0,-30.0,23268.57,0.0
20.0,-30.0,23103.338,0.0
30.0,-30.0,22937.082,0.0
40.0,-30.0,22769.809,0.0
50.0,-30.0,22601.525,0.0
60.0,-30.0,22432.234,0.0
70.0,-30.0,22261.945,0.0
80.0,-30.0,22090.66,0.0
90.0,-30.0,21918.389,0.0
100.0,-30.0,21745.127,0.0
110.0,-30.0,21570.885,0.0
120.0,-30.0,21395.66,0.0
130.0,-30.0,21219.46,0.0
140.0,-30.0,21042.281,0.0
150.0,-30.0,20864.129,0.0
160.0,-30.0,20685.002,0.0
170.0,-30.0,20504.898,0.0
180.0,-30.0,20323.82,0.0
190.0,-30.0,20141.76,0.0
200.0,-30.0,19958.719,0.0
210.0,-30.0,19774.691,0.0
220.0,-30.0,19589.672,0.0
230.0,-30.0,19403.656,0.0
240.0,-30.0,19216.635,0.0
250.0,-30.0,19028.602,0.0
260.0,-30.0,18839.543,0.0
270.0,-30.0,18649.451,0.0
280.0,-30.0,18458.312,0.0
290.0,-30.0,18266.113,0.0
300.0,-30.0,18072.834,0.0
310.0,-30.0,17878.465,0.0
320.0,-30.0,17682.979,0.0
330.0,-30.0,17486.36,0.0
340.0,-30.0,17288.578,0.0
350.0,-30.0,17089.613,0.0
360.0,-30.0,16889.436,0.0
370.0,-30.0,16688.012,0.0
380.0,-30.0,16485.312,0.0
390.0,-30.0,16281.297,0.0
400.0,-30.0,16075.924,0.0
410.0,-30.0,15869.152,0.0
420.0,-30.0,15660.935,0.0
430.0,-30.0,15451.244,0.0
440.0,-30.0,15240.155,0.0
450.0,-30.0,15027.762,0.0
460.0,-30.0,14814.161,0.0
470.0,-30.0,14599.445,0.0
480.0,-30.0,14383.701,0.0
490.0,-30.0,14167.018,0.0
500.0,-30.0,13949.475,0.0
510.0,-30.0,13731.158,0.0
520.0,-30.0,13512.145,0.0
530.0,-30.0,13292.51,0.0
540.0,-30.0,13072.326,0.0
550.0,-30.0,12851.666,0.0
560.0,-30.0,12630.596,0.0
570.0,-30.0,12409.179,0.0
580.0,-30.0,12187.479,0.0
590.0,-30.0,11965.549,0.0
600.0,-30.0,11743.448,0.0
610.0,-30.0,11521.225,0.0
620.0,-30.0,11298.926,0.0
630.0,-30.0,11076.592,0.0
640.0,-30.0,10854.262,0.0
650.0,-30.0,10631.965,0.0
660.0,-30.0,10409.73,0.0
670.0,-30.0,10187.578,0.0
680.0,-30.0,9965.518,0.0
690.0,-30.0,9743.558,0.0
700.0,-30.0,9521.69,0.0
710.0,-30.0,9299.904,0.0
720.0,-30.0,9078.175,0.0
730.0,-30.0,8856.46,0.0
740.0,-30.0,8634.711,0.0
750.0,-30.0,8412.857,0.0
760.0,-30.0,8190.8066,0.0
770.0,-30.0,7968.45,0.0
780.0,-30.0,7745.648,0.0
790.0,-30.0,7522.2295,0.0
800.0,-30.0,7297.9883,0.0
810.0,-30.0,7072.6777,0.0
820.0,-30.0,6845.998,0.0
830.0,-30.0,6617.586,0.0
840.0,-30.0,6387.0103,0.0
850.0,-30.0,6153.7466,0.0
860.0,-30.0,5917.177,0.0
870.0,-30.0,5676.7812,0.0
880.0,-30.0,5432.3403,0.0
890.0,-30.0,5183.6865,0.0
900.0,-30.0,4930.6943,0.0
910.0,-30.0,4673.323,0.0
920.0,-30.0,4411.6353,0.0
930.0,-30.0,4145.851,0.0
940.0,-30.0,3876.4175,0.0
950.0,-30.0,3604.095,0.0
960.0,-30.0,3330.0925,0.0
970.0,-30.0,3056.2441,0.0
980.0,-30.0,2785.2642,0.0
990.0,-30.0,2521.106,0.0
1000.0,-30.0,2269.3823,0.0
1010.0,-30.0,2033.8378,0.0
1020.0,-30.0,1814.0825,0.0
1030.0,-30.0,1609.4874,0.0
1040.0,-30.0,1419.4792,0.0
1050.0,-30.0,1243.5343,0.0
1060.0,-30.0,1081.1727,0.0
1070.0,-30.0,931.95593,0.0
1080.0,-30.0,795.4807,0.0
1090.0,-30.0,671.3817,0.0
1100.0,-30.0,559.32007,0.0
1110.0,-30.0,458.98544,0.0
1120.0,-30.0,370.0952,0.0
1130.0,-30.0,292.3876,0.0
1140.0,-30.0,225.62477,0.0
1150.0,-30.0,169.5888,0.0
1160.0,-30.0,124.07863,0.0
1170.0,-30.0,88.91246,0.0
1180.0,-30.0,63.922024,0.0
1190.0,-30.0,48.956917,0.0
1200.0,-30.0,43.878235,0.0
1210.0,-30.0,48.559807,0.0
1220.0,-30.0,62.888474,0.0
1230.0,-30.0,86.761345,0.0
1240.0,-30.0,120.08736,0.0
1250.0,-30.0,162.78294,0.0
1260.0,-30.0,214.77513,0.0
1270.0,-30.0,276.00076,0.0
1280.0,-30.0,346.40204,0.0
1290.0,-30.0,425.93124,0.0
1300.0,-30.0,514.54535,0.0
1310.0,-30.0,612.21216,0.0
1320.0,-30.0,718.90186,0.0
1330.0,-30.0,834.59155,0.0
1340.0,-30.0,959.2677,0.0
1350.0,-30.0,1092.918,0.0
1360.0,-30.0,1235.539,0.0
1370.0,-30.0,1387.1248,0.0
1380.0,-30.0,1547.6823,0.0
1390.0,-30.0,1717.2227,0.0
1400.0,-30.0,1895.7561,0.0
1410.0,-30.0,2083.3054,0.0
1420.0,-30.0,2279.877,0.0
1430.0,-30.0,2485.5154,0.0
1440.0,-30.0,2700.2324,0.0
1450.0,-30.0,2924.075,0.0
1460.0,-30.0,3157.066,0.0
1470.0,-30.0,3399.2393,0.0
1480.0,-30.0,3650.6455,0.0
1490.0,-30.0,3911.3228,0.0
1500.0,-30.0,4181.3237,0.0
1510.0,-30.0,4460.7065,0.0
1520.0,-30.0,4749.4883,0.0
1530.0,-30.0,5047.749,0.0
1540.0,-30.0,5353.7256,0.0
1550.0,-30.0,5661.441,0.0
1560.0,-30.0,5970.9136,0.0
1570.0,-30.0,6284.3823,0.0
1580.0,-30.0,6602.9307,0.0
1590.0,-30.0,6927.251,0.0
1600.0,-30.0,7257.7095,0.0
1610.0,-30.0,7594.4253,0.0
1620.0,-30.0,7937.451,0.0
1630.0,-30.0,8286.915,0.0
1640.0,-30.0,8642.866,0.0
1650.0,-30.0,9005.402,0.0
1660.0,-30.0,9374.619,0.0
1670.0,-30.0,9750.654,0.0
1680.0,-30.0,10133.618,0.0
1690.0,-30.0,10523.497,0.0
1700.0,-30.0,10920.508,0.0
1710.0,-30.0,11324.729,0.0
1720.0,-30.0,11736.323,0.0
1730.0,-30.0,12155.361,0.0
1740.0,-30.0,12581.878,0.0
1750.0,-30.0,13016.187,0.0
1760.0,-30.0,13458.381,0.0
1770.0,-30.0,13908.5,0.0
1780.0,-30.0,14366.631,0.0
1790.0,-30.0,14825.512,0.0
1800.0,-30.0,15272.583,0.0
-200.0,-20.0,39270.906,1.0
-190.0,-20.0,39270.906,1.0
-180.0,-20.0,39270.906,1.0
-170.0,-20.0,39270.906,1.0
-160.0,-20.0,39270.906,1.0
-150.0,-20.0,39270.906,1.0
-140.0,-20.0,39270.906,1.0
-130.0,-20.0,39270.906,1.0
-120.0,-20.0,39270.906,1.0
-110.0,-20.0,39270.906,1.0
-100.0,-20.0,39270.906,1.0
-90.0,-20.0,39270.906,1.0
-80.0,-20.0,39270.906,1.0
-70.0,-20.0,39270.906,1.0
-60.0,-20.0,39270.906,1.0
-50.0,-20.0,39270.906,1.0
-40.0,-20.0,25885.0,0.0
-30.0,-20.0,25724.697,0.0
-20.0,-20.0,25562.914,0.0
-10.0,-20.0,25399.662,0.0
0.0,-20.0,25234.96,0.0
10.0,-20.0,25068.816,0.0
20.0,-20.0,24901.244,0.0
30.0,-20.0,24732.258,0.0
40.0,-20.0,24561.871,0.0
50.0,-20.0,24390.094,0.0
60.0,-20.0,24216.938,0.0
70.0,-20.0,24042.414,0.0
80.0,-20.0,23866.533,0.0
90.0,-20.0,23689.309,0.0
100.0,-20.0,23510.746,0.0
110.0,-20.0,23330.86,0.0
120.0,-20.0,23149.656,0.0
130.0,-20.0,22967.148,0.0
140.0,-20.0,22783.34,0.0
150.0,-20.0,22598.238,0.0
160.0,-20.0,22411.855,0.0
170.0,-20.0,22224.2,0.0
180.0,-20.0,22035.27,0.0
190.0,-20.0,21845.078,0.0
200.0,-20.0,21653.625,0.0
210.0,-20.0,21460.918,0.0
220.0,-20.0,21266.96,0.0
230.0,-20.0,21071.758,0.0
240.0,-20.0,20875.305,0.0
250.0,-20.0,20677.611,0.0
260.0,-20.0,20478.672,0.0
270.0,-20.0,20278.484,0.0
280.0,-20.0,20077.055,0.0
290.0,-20.0,19874.373,0.0
300.0,-20.0,19670.441,0.0
310.0,-20.0,19465.252,0.0
320.0,-20.0,19258.797,0.0
330.0,-20.0,19051.07,0.0
340.0,-20.0,18842.064,0.0
350.0,-20.0,18631.768,0.0
360.0,-20.0,18420.164,0.0
370.0,-20.0,18207.242,0.0
380.0,-20.0,17992.988,0.0
390.0,-20.0,17777.383,0.0
400.0,-20.0,17560.404,0.0
410.0,-20.0,17342.03,0.0
420.0,-20.0,17122.238,0.0
430.0,-20.0,16900.998,0.0
440.0,-20.0,16678.281,0.0
450.0,-20.0,16454.05,0.0
460.0,-20.0,16228.275,0.0
470.0,-20.0,16000.909,0.0
480.0,-20.0,15771.913,0.0
490.0,-20.0,15541.234,0.0
500.0,-20.0,15308.822,0.0
510.0,-20.0,15074.633,0.0
520.0,-20.0,14838.766,0.0
530.0,-20.0,14601.416,0.0
540.0,-20.0,14362.771,0.0
550.0,-20.0,14123.01,0.0
560.0,-20.0,13882.301,0.0
570.0,-20.0,13640.809,0.0
580.0,-20.0,13398.687,0.0
590.0,-20.0,13156.083,0.0
600.0,-20.0,12913.144,0.0
610.0,-20.0,12670.002,0.0
620.0,-20.0,12426.789,0.0
630.0,-20.0,12183.629,0.0
640.0,-20.0,11940.641,0.0
650.0,-20.0,11697.939,0.0
660.0,-20.0,11455.634,0.0
670.0,-20.0,11213.826,0.0
680.0,-20.0,10972.615,0.0
690.0,-20.0,10732.096,0.0
700.0,-20.0,10492.354,0.0
710.0,-20.0,10253.471,0.0
720.0,-20.0,10015.527,0.0
730.0,-20.0,9778.588,0.0
740.0,-20.0,9542.722,0.0
750.0,-20.0,9307.984,0.0
760.0,-20.0,9074.426,0.0
770.0,-20.0,8842.086,0.0
780.0,-20.0,8610.996,0.0
790.0,-20.0,8381.179,0.0
800.0,-20.0,8152.639,0.0
810.0,-20.0,7925.377,0.0
820.0,-20.0,7699.367,0.0
830.0,-20.0,7474.5693,0.0
840.0,-20.0,7250.919,0.0
850.0,-20.0,7028.3237,0.0
860.0,-20.0,6806.657,0.0
870.0,-20.0,6585.7554,0.0
880.0,-20.0,6365.4014,0.0
890.0,-20.0,6145.3174,0.0
900.0,-20.0,5925.1484,0.0
910.0,-20.0,5704.4473,0.0
920.0,-20.0,5482.6406,0.0
930.0,-20.0,5259.0015,0.0
940.0,-20.0,5032.6045,0.0
950.0,-20.0,4802.266,0.0
960.0,-20.0,4566.465,0.0
970.0,-20.0,4323.2373,0.0
980.0,-20.0,4070.3335,0.0
990.0,-20.0,3806.6968,0.0
1000.0,-20.0,3531.986,0.0
1010.0,-20.0,3246.3018,0.0
1020.0,-20.0,2950.4998,0.0
1030.0,-20.0,2646.6775,0.0
1040.0,-20.0,2338.9546,0.0
1050.0,-20.0,2034.7356,0.0
1060.0,-20.0,1746.6481,0.0
1070.0,-20.0,1485.445,0.0
1080.0,-20.0,1250.4664,0.0
1090.0,-20.0,1040.0676,0.0
1100.0,-20.0,852.7936,0.0
1110.0,-20.0,687.3618,0.0
1120.0,-20.0,542.638,0.0
1130.0,-20.0,417.6115,0.0
1140.0,-20.0,311.38474,0.0
1150.0,-20.0,223.15665,0.0
1160.0,-20.0,152.21164,0.0
1170.0,-20.0,97.90057,0.0
1180.0,-20.0,59.643845,0.0
1190.0,-20.0,36.920284,0.0
1200.0,-20.0,29.268467,0.0
1210.0,-20.0,36.266937,0.0
1220.0,-20.0,57.544426,0.0
1230.0,-20.0,92.77121,0.0
1240.0,-20.0,141.64809,0.0
1250.0,-20.0,203.91403,0.0
1260.0,-20.0,279.33588,0.0
1270.0,-20.0,367.70987,0.0
1280.0,-20.0,468.85452,0.0
1290.0,-20.0,582.61707,0.0
1300.0,-20.0,708.8634,0.0
1310.0,-20.0,847.4802,0.0
1320.0,-20.0,998.3731,0.0
1330.0,-20.0,1161.469,0.0
1340.0,-20.0,1336.7067,0.0
1350.0,-20.0,1524.0463,0.0
1360.0,-20.0,1723.4596,0.0
1370.0,-20.0,1934.9321,0.0
1380.0,-20.0,2158.4683,0.0
1390.0,-20.0,2394.0745,0.0
1400.0,-20.0,2641.7827,0.0
1410.0,-20.0,2901.642,0.0
1420.0,-20.0,3173.6833,0.0
1430.0,-20.0,3457.979,0.0
1440.0,-20.0,3754.601,0.0
1450.0,-20.0,4063.6558,0.0
1460.0,-20.0,4385.1978,0.0
1470.0,-20.0,4719.376,0.0
1480.0,-20.0,5066.299,0.0
1490.0,-20.0,5426.0757,0.0
1500.0,-20.0,5798.866,0.0
1510.0,-20.0,6183.009,0.0
1520.0,-20.0,6577.0215,0.0
1530.0,-20.0,6980.969,0.0
1540.0,-20.0,7395.1416,0.0
1550.0,-20.0,7819.715,0.0
1560.0,-20.0,8254.827,0.0
1570.0,-20.0,8700.793,0.0
1580.0,-20.0,9157.846,0.0
1590.0,-20.0,9626.14,0.0
1600.0,-20.0,10105.943,0.0
1610.0,-20.0,10597.65,0.0
1620.0,-20.0,11101.411,0.0
1630.0,-20.0,11616.739,0.0
1640.0,-20.0,12135.045,0.0
1650.0,-20.0,12648.132,0.0
1660.0,-20.0,13151.816,0.0
1670.0,-20.0,13643.865,0.0
1680.0,-20.0,14123.151,0.0
1690.0,-20.0,14589.507,0.0
1700.0,-20.0,15042.638,0.0
1710.0,-20.0,15482.905,0.0
1720.0,-20.0,15910.406,0.0
1730.0,-20.0,16325.613,0.0
1740.0,-20.0,16728.986,0.0
1750.0,-20.0,17120.938,0.0
1760.0,-20.0,17501.834,0.0
1770.0,-20.0,17872.178,0.0
1780.0,-20.0,18232.29,0.0
1790.0,-20.0,18582.736,0.0
1800.0,-20.0,18923.76,0.0
-200.0,-10.0,39270.906,1.0
-190.0,-10.0,39270.906,1.0
-180.0,-10.0,39270.906,1.0
-170.0,-10.0,39270.906,1.0
-160.0,-10.0,39270.906,1.0
-150.0,-10.0,39270.906,1.0
-140.0,-10.0,39270.906,1.0
-130.0,-10.0,39270.906,1.0
-120.0,-10.0,39270.906,1.0
-110.0,-10.0,39270.906,1.0
-100.0,-10.0,39270.906,1.0
-90.0,-10.0,39270.906,1.0
-80.0,-10.0,39270.906,1.0
-70.0,-10.0,39270.906,1.0
-60.0,-10.0,39270.906,1.0
-50.0,-10.0,39270.906,1.0
-40.0,-10.0,28053.975,0.0
-30.0,-10.0,27902.053,0.0
-20.0,-10.0,27747.791,0.0
-10.0,-10.0,27591.209,0.0
0.0,-10.0,27432.328,0.0
10.0,-10.0,27271.17,0.0
20.0,-10.0,27107.752,0.0
30.0,-10.0,26942.094,0.0
40.0,-10.0,26774.215,0.0
50.0,-10.0,26604.133,0.0
60.0,-10.0,26431.863,0.0
70.0,-10.0,26257.426,0.0
80.0,-10.0,26080.838,0.0
90.0,-10.0,25902.111,0.0
100.0,-10.0,25721.262,0.0
110.0,-10.0,25538.309,0.0
120.0,-10.0,25353.26,0.0
130.0,-10.0,25166.13,0.0
140.0,-10.0,24976.938,0.0
150.0,-10.0,24785.688,0.0
160.0,-10.0,24592.395,0.0
170.0,-10.0,24397.07,0.0
180.0,-10.0,24199.717,0.0
190.0,-10.0,24000.352,0.0
200.0,-10.0,23798.979,0.0
210.0,-10.0,23595.605,0.0
220.0,-10.0,23390.236,0.0
230.0,-10.0,23182.879,0.0
240.0,-10.0,22973.537,0.0
250.0,-10.0,22762.21,0.0
260.0,-10.0,22548.902,0.0
270.0,-10.0,22333.613,0.0
280.0,-10.0,22116.344,0.0
290.0,-10.0,21897.086,0.0
300.0,-10.0,21675.84,0.0
310.0,-10.0,21452.598,0.0
320.0,-10.0,21227.352,0.0
330.0,-10.0,21000.092,0.0
340.0,-10.0,20770.807,0.0
350.0,-10.0,20539.48,0.0
360.0,-10.0,20306.102,0.0
370.0,-10.0,20070.645,0.0
380.0,-10.0,19833.092,0.0
390.0,-10.0,19593.414,0.0
400.0,-10.0,19351.586,0.0
410.0,-10.0,19107.574,0.0
420.0,-10.0,18861.34,0.0
430.0,-10.0,18612.844,0.0
440.0,-10.0,18362.04,0.0
450.0,-10.0,18108.873,0.0
460.0,-10.0,17853.283,0.0
470.0,-10.0,17595.207,0.0
480.0,-10.0,17334.564,0.0
490.0,-10.0,17071.273,0.0
500.0,-10.0,16805.23,0.0
510.0,-10.0,16536.324,0.0
520.0,-10.0,16264.422,0.0
530.0,-10.0,15989.362,0.0
540.0,-10.0,15710.949,0.0
550.0,-10.0,15428.936,0.0
560.0,-10.0,15142.9795,0.0
570.0,-10.0,14852.517,0.0
580.0,-10.0,14556.81,0.0
590.0,-10.0,14258.245,0.0
600.0,-10.0,13958.701,0.0
610.0,-10.0,13660.146,0.0
620.0,-10.0,13364.16,0.0
630.0,-10.0,13070.869,0.0
640.0,-10.0,12780.301,0.0
650.0,-10.0,12492.49,0.0
660.0,-10.0,12207.465,0.0
670.0,-10.0,11925.256,0.0
680.0,-10.0,11645.893,0.0
690.0,-10.0,11369.405,0.0
700.0,-10.0,11095.822,0.0
710.0,-10.0,10825.173,0.0
720.0,-10.0,10557.484,0.0
730.0,-10.0,10292.784,0.0
740.0,-10.0,10031.101,0.0
750.0,-10.0,9772.461,0.0
760.0,-10.0,9516.887,0.0
770.0,-10.0,9264.406,0.0
780.0,-10.0,9015.041,0.0
790.0,-10.0,8768.816,0.0
800.0,-10.0,8525.75,0.0
810.0,-10.0,8285.869,0.0
820.0,-10.0,8049.1885,0.0
830.0,-10.0,7815.726,0.0
840.0,-10.0,7585.498,0.0
850.0,-10.0,7358.5195,0.0
860.0,-10.0,7134.801,0.0
870.0,-10.0,6914.351,0.0
880.0,-10.0,6697.177,0.0
890.0,-10.0,6483.2783,0.0
900.0,-10.0,6272.65,0.0
910.0,-10.0,6065.286,0.0
920.0,-10.0,5861.165,0.0
930.0,-10.0,5660.259,0.0
940.0,-10.0,5462.5215,0.0
950.0,-10.0,5267.8906,0.0
960.0,-10.0,5076.2744,0.0
970.0,-10.0,4887.544,0.0
980.0,-10.0,4701.517,0.0
990.0,-10.0,4517.9346,0.0
1000.0,-10.0,4336.4307,0.0
1010.0,-10.0,4156.474,0.0
1020.0,-10.0,3977.2957,0.0
1030.0,-10.0,3797.7651,0.0
1040.0,-10.0,3616.1982,0.0
1050.0,-10.0,3430.0522,0.0
1060.0,-10.0,3235.4175,0.0
1070.0,-10.0,3026.1675,0.0
1080.0,-10.0,2792.488,0.0
1090.0,-10.0,2518.645,0.0
1100.0,-10.0,2192.2896,0.0
1110.0,-10.0,1816.6041,0.0
1120.0,-10.0,1413.2053,0.0
1130.0,-10.0,1041.9512,0.0
1140.0,-10.0,740.98834,0.0
1150.0,-10.0,502.05267,0.0
1160.0,-10.0,317.437,0.0
1170.0,-10.0,181.03845,0.0
1180.0,-10.0,87.96608,0.0
1190.0,-10.0,34.266354,0.0
1200.0,-10.0,16.717793,0.0
1210.0,-10.0,32.681835,0.0
1220.0,-10.0,79.99356,0.0
1230.0,-10.0,156.87396,0.0
1240.0,-10.0,261.8636,0.0
1250.0,-10.0,393.7726,0.0
1260.0,-10.0,551.6393,0.0
1270.0,-10.0,734.69763,0.0
1280.0,-10.0,942.3501,0.0
1290.0,-10.0,1174.1589,0.0
1300.0,-10.0,1429.8081,0.0
1310.0,-10.0,1709.1201,0.0
1320.0,-10.0,2012.0061,0.0
1330.0,-10.0,2338.5088,0.0
1340.0,-10.0,2688.7607,0.0
1350.0,-10.0,3062.9688,0.0
1360.0,-10.0,3461.467,0.0
1370.0,-10.0,3884.629,0.0
1380.0,-10.0,4332.9883,0.0
1390.0,-10.0,4807.161,0.0
1400.0,-10.0,5307.752,0.0
1410.0,-10.0,5835.6406,0.0
1420.0,-10.0,6391.6733,0.0
1430.0,-10.0,6976.881,0.0
1440.0,-10.0,7592.3086,0.0
1450.0,-10.0,8231.605,0.0
1460.0,-10.0,8874.059,0.0
1470.0,-10.0,9507.092,0.0
1480.0,-10.0,10124.754,0.0
1490.0,-10.0,10724.26,0.0
1500.0,-10.0,11304.807,0.0
1510.0,-10.0,11864.635,0.0
1520.0,-10.0,12402.736,0.0
1530.0,-10.0,12919.988,0.0
1540.0,-10.0,13417.504,0.0
1550.0,-10.0,13896.299,0.0
1560.0,-10.0,14357.604,0.0
1570.0,-10.0,14802.503,0.0
1580.0,-10.0,15231.9,0.0
1590.0,-10.0,15646.775,0.0
1600.0,-10.0,16048.086,0.0
1610.0,-10.0,16436.62,0.0
1620.0,-10.0,16813.11,0.0
1630.0,-10.0,17178.416,0.0
1640.0,-10.0,17532.934,0.0
1650.0,-10.0,17877.547,0.0
1660.0,-10.0,18212.582,0.0
1670.0,-10.0,18538.662,0.0
1680.0,-10.0,18856.223,0.0
1690.0,-10.0,19165.797,0.0
1700.0,-10.0,19467.643,0.0
1710.0,-10.0,19762.205,0.0
1720.0,-10.0,20049.842,0.0
1730.0,-10.0,20330.904,0.0
1740.0,-10.0,20605.568,0.0
1750.0,-10.0,20874.102,0.0
1760.0,-10.0,21136.945,0.0
1770.0,-10.0,21394.098,0.0
1780.0,-10.0,21645.998,0.0
1790.0,-10.0,21892.652,0.0
1800.0,-10.0,22134.314,0.0
-200.0,0.0,39270.906,1.0
-190.0,0.0,39270.906,1.0
-180.0,0.0,39270.906,1.0
-170.0,0.0,39270.906,1.0
-160.0,0.0,39270.906,1.0
-150.0,0.0,39270.906,1.0
-140.0,0.0,39270.906,1.0
-130.0,0.0,39270.906,1.0
-120.0,0.0,39270.906,1.0
-110.0,0.0,39270.906,1.0
-100.0,0.0,39270.906,1.0
-90.0,0.0,39270.906,1.0
-80.0,0.0,39270.906,1.0
-70.0,0.0,39270.906,1.0
-60.0,0.0,39270.906,1.0
-50.0,0.0,39270.906,1.0
-40.0,0.0,29925.86,0.0
-30.0,0.0,29815.047,0.0
-20.0,0.0,29699.898,0.0
-10.0,0.0,29579.73,0.0
0.0,0.0,39270.906,0.0
10.0,0.0,29316.201,0.0
20.0,0.0,29169.418,0.0
30.0,0.0,29014.258,0.0
40.0,0.0,28851.488,0.0
50.0,0.0,28681.656,0.0
60.0,0.0,28505.186,0.0
70.0,0.0,28322.438,0.0
80.0,0.0,28133.723,0.0
90.0,0.0,27939.316,0.0
100.0,0.0,27739.457,0.0
110.0,0.0,27534.371,0.0
120.0,0.0,27324.27,0.0
130.0,0.0,27109.34,0.0
140.0,0.0,26889.768,0.0
150.0,0.0,26665.723,0.0
160.0,0.0,26437.371,0.0
170.0,0.0,26204.863,0.0
180.0,0.0,25968.354,0.0
190.0,0.0,25727.984,0.0
200.0,0.0,25483.9,0.0
210.0,0.0,25236.234,0.0
220.0,0.0,24985.117,0.0
230.0,0.0,24730.682,0.0
240.0,0.0,24473.05,0.0
250.0,0.0,24212.348,0.0
260.0,0.0,23948.703,0.0
270.0,0.0,23682.223,0.0
280.0,0.0,23413.035,0.0
290.0,0.0,23141.25,0.0
300.0,0.0,22866.988,0.0
310.0,0.0,22590.363,0.0
320.0,0.0,22311.482,0.0
330.0,0.0,22030.465,0.0
340.0,0.0,21747.418,0.0
350.0,0.0,21462.457,0.0
360.0,0.0,21175.688,0.0
370.0,0.0,20887.227,0.0
380.0,0.0,20597.178,0.0
390.0,0.0,20305.656,0.0
400.0,0.0,20012.768,0.0
410.0,0.0,19718.627,0.0
420.0,0.0,19423.344,0.0
430.0,0.0,19127.031,0.0
440.0,0.0,18829.793,0.0
450.0,0.0,18531.75,0.0
460.0,0.0,18233.01,0.0
470.0,0.0,17933.691,0.0
480.0,0.0,17633.902,0.0
490.0,0.0,17333.762,0.0
500.0,0.0,17033.383,0.0
510.0,0.0,16732.885,0.0
520.0,0.0,16432.387,0.0
530.0,0.0,16132.008,0.0
540.0,0.0,15831.865,0.0
550.0,0.0,15532.088,0.0
560.0,0.0,15232.797,0.0
570.0,0.0,14934.117,0.0
580.0,0.0,14636.178,0.0
590.0,0.0,14339.104,0.0
600.0,0.0,14043.033,0.0
610.0,0.0,13748.096,0.0
620.0,0.0,13454.428,0.0
630.0,0.0,13162.168,0.0
640.0,0.0,12871.455,0.0
650.0,0.0,12582.434,0.0
660.0,0.0,12295.25,0.0
670.0,0.0,12010.055,0.0
680.0,0.0,11726.995,0.0
690.0,0.0,11446.23,0.0
700.0,0.0,11167.92,0.0
710.0,0.0,10892.223,0.0
720.0,0.0,10619.309,0.0
730.0,0.0,10349.344,0.0
740.0,0.0,10082.506,0.0
750.0,0.0,9818.973,0.0
760.0,0.0,9558.898,0.0
770.0,0.0,9302.314,0.0
780.0,0.0,9049.221,0.0
790.0,0.0,8799.617,0.0
800.0,0.0,8553.502,0.0
810.0,0.0,8310.878,0.0
820.0,0.0,8071.745,0.0
830.0,0.0,7836.1025,0.0
840.0,0.0,7603.949,0.0
850.0,0.0,7375.287,0.0
860.0,0.0,7150.1143,0.0
870.0,0.0,6928.4326,0.0
880.0,0.0,6710.2407,0.0
890.0,0.0,6495.5396,0.0
900.0,0.0,6284.326,0.0
910.0,0.0,6076.6055,0.0
920.0,0.0,5872.374,0.0
930.0,0.0,5671.634,0.0
940.0,0.0,5474.384,0.0
950.0,0.0,5280.624,0.0
960.0,0.0,5090.3555,0.0
970.0,0.0,4903.576,0.0
980.0,0.0,4720.288,0.0
990.0,0.0,4540.4883,0.0
1000.0,0.0,4364.181,0.0
1010.0,0.0,4191.3643,0.0
1020.0,0.0,4022.038,0.0
1030.0,0.0,3856.2024,0.0
1040.0,0.0,3693.8574,0.0
1050.0,0.0,3535.0032,0.0
1060.0,0.0,3379.6396,0.0
1070.0,0.0,3227.767,0.0
1080.0,0.0,3079.384,0.0
1090.0,0.0,2934.4932,0.0
1100.0,0.0,2793.0933,0.0
1110.0,0.0,2655.1846,0.0
1120.0,0.0,2520.767,0.0
1130.0,0.0,2389.8413,0.0
1140.0,0.0,2262.4062,0.0
1150.0,0.0,2138.463,0.0
1160.0,0.0,2018.0109,0.0
1170.0,0.0,1901.05,0.0
1180.0,0.0,1787.5798,0.0
1190.0,0.0,1677.6018,0.0
1200.0,0.0,0.0,0.0
1210.0,0.0,11518.149,0.0
1220.0,0.0,11709.318,0.0
1230.0,0.0,11902.0625,0.0
1240.0,0.0,12096.377,0.0
1250.0,0.0,12292.267,0.0
1260.0,0.0,12489.7295,0.0
1270.0,0.0,12688.768,0.0
1280.0,0.0,12889.377,0.0
1290.0,0.0,13091.561,0.0
1300.0,0.0,13295.316,0.0
1310.0,0.0,13500.646,0.0
1320.0,0.0,13707.55,0.0
1330.0,0.0,13916.026,0.0
1340.0,0.0,14126.077,0.0
1350.0,0.0,14337.699,0.0
1360.0,0.0,14550.899,0.0
1370.0,0.0,14765.669,0.0
1380.0,0.0,14982.013,0.0
1390.0,0.0,15199.93,0.0
1400.0,0.0,15419.42,0.0
1410.0,0.0,15640.484,0.0
1420.0,0.0,15863.121,0.0
1430.0,0.0,16087.332,0.0
1440.0,0.0,16313.116,0.0
1450.0,0.0,16540.475,0.0
1460.0,0.0,16769.406,0.0
1470.0,0.0,16999.91,0.0
1480.0,0.0,17231.988,0.0
1490.0,0.0,17465.64,0.0
1500.0,0.0,17700.863,0.0
1510.0,0.0,17935.918,0.0
1520.0,0.0,18169.05,0.0
1530.0,0.0,18400.27,0.0
1540.0,0.0,18629.566,0.0
1550.0,0.0,18856.947,0.0
1560.0,0.0,19082.41,0.0
1570.0,0.0,19305.955,0.0
1580.0,0.0,19527.582,0.0
1590.0,0.0,19747.291,0.0
1600.0,0.0,19965.086,0.0
1610.0,0.0,20180.957,0.0
1620.0,0.0,20394.914,0.0
1630.0,0.0,20606.95,0.0
1640.0,0.0,20817.07,0.0
1650.0,0.0,21025.27,0.0
1660.0,0.0,21231.555,0.0
1670.0,0.0,21435.92,0.0
1680.0,0.0,21638.367,0.0
1690.0,0.0,21838.896,0.0
1700.0,0.0,22037.51,0.0
1710.0,0.0,22234.201,0.0
1720.0,0.0,22428.977,0.0
1730.0,0.0,22621.836,0.0
1740.0,0.0,22812.773,0.0
1750.0,0.0,23001.797,0.0
1760.0,0.0,23188.902,0.0
1770.0,0.0,23374.086,0.0
1780.0,0.0,23557.355,0.0
1790.0,0.0,23738.707,0.0
1800.0,0.0,23918.14,0.0
-200.0,10.0,39270.906,1.0
-190.0,10.0,39270.906,1.0
-180.0,10.0,39270.906,1.0
-170.0,10.0,39270.906,1.0
-160.0,10.0,39270.906,1.0
-150.0,10.0,39270.906,1.0
-140.0,10.0,39270.906,1.0
-130.0,10.0,39270.906,1.0
-120.0,10.0,39270.906,1.0
-110.0,10.0,39270.906,1.0
-100.0,10.0,39270.906,1.0
-90.0,10.0,39270.906,1.0
-80.0,10.0,39270.906,1.0
-70.0,10.0,39270.906,1.0
-60.0,10.0,39270.906,1.0
-50.0,10.0,39270.906,1.0
-40.0,10.0,28053.975,0.0
-30.0,10.0,27902.055,0.0
-20.0,10.0,27747.793,0.0
-10.0,10.0,27591.209,0.0
0.0,10.0,27432.328,0.0
10.0,10.0,27271.172,0.0
20.0,10.0,27107.752,0.0
30.0,10.0,26942.094,0.0
40.0,10.0,26774.215,0.0
50.0,10.0,26604.133,0.0
60.0,10.0,26431.863,0.0
70.0,10.0,26257.426,0.0
80.0,10.0,26080.838,0.0
90.0,10.0,25902.11,0.0
100.0,10.0,25721.262,0.0
110.0,10.0,25538.309,0.0
120.0,10.0,25353.26,0.0
130.0,10.0,25166.13,0.0
140.0,10.0,24976.938,0.0
150.0,10.0,24785.688,0.0
160.0,10.0,24592.395,0.0
170.0,10.0,24397.068,0.0
180.0,10.0,24199.719,0.0
190.0,10.0,24000.352,0.0
200.0,10.0,23798.979,0.0
210.0,10.0,23595.605,0.0
220.0,10.0,23390.236,0.0
230.0,10.0,23182.879,0.0
240.0,10.0,22973.537,0.0
250.0,10.0,22762.21,0.0
260.0,10.0,22548.902,0.0
270.0,10.0,22333.615,0.0
280.0,10.0,22116.344,0.0
290.0,10.0,21897.086,0.0
300.0,10.0,21675.84,0.0
310.0,10.0,21452.598,0.0
320.0,10.0,21227.352,0.0
330.0,10.0,21000.092,0.0
340.0,10.0,20770.807,0.0
350.0,10.0,20539.482,0.0
360.0,10.0,20306.102,0.0
370.0,10.0,20070.645,0.0
380.0,10.0,19833.09,0.0
390.0,10.0,19593.414,0.0
400.0,10.0,19351.586,0.0
410.0,10.0,19107.574,0.0
420.0,10.0,18861.344,0.0
430.0,10.0,18612.844,0.0
440.0,10.0,18362.04,0.0
450.0,10.0,18108.873,0.0
460.0,10.0,17853.281,0.0
470.0,10.0,17595.207,0.0
480.0,10.0,17334.564,0.0
490.0,10.0,17071.273,0.0
500.0,10.0,16805.23,0.0
510.0,10.0,16536.324,0.0
520.0,10.0,16264.423,0.0
530.0,10.0,15989.363,0.0
540.0,10.0,15710.949,0.0
550.0,10.0,15428.936,0.0
560.0,10.0,15142.9795,0.0
570.0,10.0,14852.516,0.0
580.0,10.0,14556.811,0.0
590.0,10.0,14258.245,0.0
600.0,10.0,13958.701,0.0
610.0,10.0,13660.146,0.0
620.0,10.0,13364.16,0.0
630.0,10.0,13070.869,0.0
640.0,10.0,12780.302,0.0
650.0,10.0,12492.491,0.0
660.0,10.0,12207.466,0.0
670.0,10.0,11925.256,0.0
680.0,10.0,11645.893,0.0
690.0,10.0,11369.405,0.0
700.0,10.0,11095.823,0.0
710.0,10.0,10825.173,0.0
720.0,10.0,10557.484,0.0
730.0,10.0,10292.784,0.0
740.0,10.0,10031.101,0.0
750.0,10.0,9772.459,0.0
760.0,10.0,9516.888,0.0
770.0,10.0,9264.406,0.0
780.0,10.0,9015.042,0.0
790.0,10.0,8768.816,0.0
800.0,10.0,8525.751,0.0
810.0,10.0,8285.869,0.0
820.0,10.0,8049.1875,0.0
830.0,10.0,7815.7256,0.0
840.0,10.0,7585.498,0.0
850.0,10.0,7358.5195,0.0
860.0,10.0,7134.801,0.0
870.0,10.0,6914.351,0.0
880.0,10.0,6697.177,0.0
890.0,10.0,6483.2783,0.0
900.0,10.0,6272.6504,0.0
910.0,10.0,6065.286,0.0
920.0,10.0,5861.165,0.0
930.0,10.0,5660.259,0.0
940.0,10.0,5462.5215,0.0
950.0,10.0,5267.8906,0.0
960.0,10.0,5076.274,0.0
970.0,10.0,4887.544,0.0
980.0,10.0,4701.5176,0.0
990.0,10.0,4517.9346,0.0
1000.0,10.0,4336.4307,0.0
1010.0,10.0,4156.474,0.0
1020.0,10.0,3977.2954,0.0
1030.0,10.0,3797.7651,0.0
1040.0,10.0,3616.1985,0.0
1050.0,10.0,3430.0527,0.0
1060.0,10.0,3235.4175,0.0
1070.0,10.0,3026.1677,0.0
1080.0,10.0,2792.488,0.0
1090.0,10.0,2518.6453,0.0
1100.0,10.0,2192.2896,0.0
1110.0,10.0,1816.6041,0.0
1120.0,10.0,1413.2053,0.0
1130.0,10.0,1041.9509,0.0
1140.0,10.0,740.98846,0.0
1150.0,10.0,502.05267,0.0
1160.0,10.0,317.43695,0.0
1170.0,10.0,181.03856,0.0
1180.0,10.0,87.96618,0.0
1190.0,10.0,34.266556,0.0
1200.0,10.0,16.717543,0.0
1210.0,10.0,32.681763,0.0
1220.0,10.0,79.99374,0.0
1230.0,10.0,156.87408,0.0
1240.0,10.0,261.86383,0.0
1250.0,10.0,393.77228,0.0
1260.0,10.0,551.63916,0.0
1270.0,10.0,734.6979,0.0
1280.0,10.0,942.3502,0.0
1290.0,10.0,1174.159,0.0
1300.0,10.0,1429.8081,0.0
1310.0,10.0,1709.1201,0.0
1320.0,10.0,2012.0061,0.0
1330.0,10.0,2338.5088,0.0
1340.0,10.0,2688.7607,0.0
1350.0,10.0,3062.9685,0.0
1360.0,10.0,3461.467,0.0
1370.0,10.0,3884.6287,0.0
1380.0,10.0,4332.9883,0.0
1390.0,10.0,4807.161,0.0
1400.0,10.0,5307.752,0.0
1410.0,10.0,5835.6406,0.0
1420.0,10.0,6391.6733,0.0
1430.0,10.0,6976.881,0.0
1440.0,10.0,7592.3086,0.0
1450.0,10.0,8231.605,0.0
1460.0,10.0,8874.059,0.0
1470.0,10.0,9507.092,0.0
1480.0,10.0,10124.754,0.0
1490.0,10.0,10724.26,0.0
1500.0,10.0,11304.807,0.0
1510.0,10.0,11864.635,0.0
1520.0,10.0,12402.735,0.0
1530.0,10.0,12919.988,0.0
1540.0,10.0,13417.504,0.0
1550.0,10.0,13896.299,0.0
1560.0,10.0,14357.604,0.0
1570.0,10.0,14802.503,0.0
1580.0,10.0,15231.899,0.0
1590.0,10.0,15646.777,0.0
1600.0,10.0,16048.086,0.0
1610.0,10.0,16436.62,0.0
1620.0,10.0,16813.11,0.0
1630.0,10.0,17178.416,0.0
1640.0,10.0,17532.932,0.0
1650.0,10.0,17877.547,0.0
1660.0,10.0,18212.582,0.0
1670.0,10.0,18538.664,0.0
1680.0,10.0,18856.223,0.0
1690.0,10.0,19165.797,0.0
1700.0,10.0,19467.643,0.0
1710.0,10.0,19762.205,0.0
1720.0,10.0,20049.84,0.0
1730.0,10.0,20330.902,0.0
1740.0,10.0,20605.568,0.0
1750.0,10.0,20874.102,0.0
1760.0,10.0,21136.945,0.0
1770.0,10.0,21394.098,0.0
1780.0,10.0,21645.998,0.0
1790.0,10.0,21892.652,0.0
1800.0,10.0,22134.314,0.0
-200.0,20.0,39270.906,1.0
-190.0,20.0,39270.906,1.0
-180.0,20.0,39270.906,1.0
-170.0,20.0,39270.906,1.0
-160.0,20.0,39270.906,1.0
-150.0,20.0,39270.906,1.0
-140.0,20.0,39270.906,1.0
-130.0,20.0,39270.906,1.0
-120.0,20.0,39270.906,1.0
-110.0,20.0,39270.906,1.0
-100.0,20.0,39270.906,1.0
-90.0,20.0,39270.906,1.0
-80.0,20.0,39270.906,1.0
-70.0,20.0,39270.906,1.0
-60.0,20.0,39270.906,1.0
-50.0,20.0,39270.906,1.0
-40.0,20.0,25885.0,0.0
-30.0,20.0,25724.697,0.0
-20.0,20.0,25562.914,0.0
-10.0,20.0,25399.662,0.0
0.0,20.0,25234.96,0.0
10.0,20.0,25068.816,0.0
20.0,20.0,24901.244,0.0
30.0,20.0,24732.258,0.0
40.0,20.0,24561.871,0.0
50.0,20.0,24390.094,0.0
60.0,20.0,24216.938,0.0
70.0,20.0,24042.414,0.0
80.0,20.0,23866.531,0.0
90.0,20.0,23689.307,0.0
100.0,20.0,23510.746,0.0
110.0,20.0,23330.86,0.0
120.0,20.0,23149.656,0.0
130.0,20.0,22967.148,0.0
140.0,20.0,22783.34,0.0
150.0,20.0,22598.238,0.0
160.0,20.0,22411.857,0.0
170.0,20.0,22224.197,0.0
180.0,20.0,22035.27,0.0
190.0,20.0,21845.078,0.0
200.0,20.0,21653.625,0.0
210.0,20.0,21460.918,0.0
220.0,20.0,21266.96,0.0
230.0,20.0,21071.758,0.0
240.0,20.0,20875.305,0.0
250.0,20.0,20677.61,0.0
260.0,20.0,20478.672,0.0
270.0,20.0,20278.484,0.0
280.0,20.0,20077.055,0.0
290.0,20.0,19874.375,0.0
300.0,20.0,19670.441,0.0
310.0,20.0,19465.252,0.0
320.0,20.0,19258.797,0.0
330.0,20.0,19051.07,0.0
340.0,20.0,18842.066,0.0
350.0,20.0,18631.766,0.0
360.0,20.0,18420.164,0.0
370.0,20.0,18207.242,0.0
380.0,20.0,17992.988,0.0
390.0,20.0,17777.383,0.0
400.0,20.0,17560.406,0.0
410.0,20.0,17342.031,0.0
420.0,20.0,17122.238,0.0
430.0,20.0,16900.998,0.0
440.0,20.0,16678.281,0.0
450.0,20.0,16454.05,0.0
460.0,20.0,16228.275,0.0
470.0,20.0,16000.909,0.0
480.0,20.0,15771.913,0.0
490.0,20.0,15541.234,0.0
500.0,20.0,15308.822,0.0
510.0,20.0,15074.633,0.0
520.0,20.0,14838.766,0.0
530.0,20.0,14601.416,0.0
540.0,20.0,14362.771,0.0
550.0,20.0,14123.01,0.0
560.0,20.0,13882.301,0.0
570.0,20.0,13640.809,0.0
580.0,20.0,13398.687,0.0
590.0,20.0,13156.084,0.0
600.0,20.0,12913.144,0.0
610.0,20.0,12670.002,0.0
620.0,20.0,12426.789,0.0
630.0,20.0,12183.629,0.0
640.0,20.0,11940.641,0.0
650.0,20.0,11697.939,0.0
660.0,20.0,11455.634,0.0
670.0,20.0,11213.826,0.0
680.0,20.0,10972.615,0.0
690.0,20.0,10732.096,0.0
700.0,20.0,10492.354,0.0
710.0,20.0,10253.471,0.0
720.0,20.0,10015.527,0.0
730.0,20.0,9778.588,0.0
740.0,20.0,9542.723,0.0
750.0,20.0,9307.984,0.0
760.0,20.0,9074.426,0.0
770.0,20.0,8842.086,0.0
780.0,20.0,8610.996,0.0
790.0,20.0,8381.179,0.0
800.0,20.0,8152.639,0.0
810.0,20.0,7925.377,0.0
820.0,20.0,7699.367,0.0
830.0,20.0,7474.57,0.0
840.0,20.0,7250.919,0.0
850.0,20.0,7028.323,0.0
860.0,20.0,6806.6577,0.0
870.0,20.0,6585.755,0.0
880.0,20.0,6365.4014,0.0
890.0,20.0,6145.3174,0.0
900.0,20.0,5925.1484,0.0
910.0,20.0,5704.4478,0.0
920.0,20.0,5482.6406,0.0
930.0,20.0,5259.0015,0.0
940.0,20.0,5032.6045,0.0
950.0,20.0,4802.2656,0.0
960.0,20.0,4566.465,0.0
970.0,20.0,4323.2363,0.0
980.0,20.0,4070.3333,0.0
990.0,20.0,3806.6973,0.0
1000.0,20.0,3531.9863,0.0
1010.0,20.0,3246.3018,0.0
1020.0,20.0,2950.5,0.0
1030.0,20.0,2646.6775,0.0
1040.0,20.0,2338.9548,0.0
1050.0,20.0,2034.7356,0.0
1060.0,20.0,1746.6482,0.0
1070.0,20.0,1485.4447,0.0
1080.0,20.0,1250.4666,0.0
1090.0,20.0,1040.0675,0.0
1100.0,20.0,852.7933,0.0
1110.0,20.0,687.362,0.0
1120.0,20.0,542.6382,0.0
1130.0,20.0,417.6116,0.0
1140.0,20.0,311.38538,0.0
1150.0,20.0,223.15677,0.0
1160.0,20.0,152.21107,0.0
1170.0,20.0,97.900375,0.0
1180.0,20.0,59.643448,0.0
1190.0,20.0,36.92112,0.0
1200.0,20.0,29.26712,0.0
1210.0,20.0,36.266502,0.0
1220.0,20.0,57.54515,0.0
1230.0,20.0,92.770874,0.0
1240.0,20.0,141.64804,0.0
1250.0,20.0,203.91417,0.0
1260.0,20.0,279.3359,0.0
1270.0,20.0,367.7098,0.0
1280.0,20.0,468.8546,0.0
1290.0,20.0,582.61707,0.0
1300.0,20.0,708.8631,0.0
1310.0,20.0,847.4802,0.0
1320.0,20.0,998.3732,0.0
1330.0,20.0,1161.4689,0.0
1340.0,20.0,1336.7067,0.0
1350.0,20.0,1524.0461,0.0
1360.0,20.0,1723.4595,0.0
1370.0,20.0,1934.9321,0.0
1380.0,20.0,2158.4683,0.0
1390.0,20.0,2394.0742,0.0
1400.0,20.0,2641.7822,0.0
1410.0,20.0,2901.642,0.0
1420.0,20.0,3173.6833,0.0
1430.0,20.0,3457.979,0.0
1440.0,20.0,3754.601,0.0
1450.0,20.0,4063.6558,0.0
1460.0,20.0,4385.1978,0.0
1470.0,20.0,4719.3755,0.0
1480.0,20.0,5066.299,0.0
1490.0,20.0,5426.0757,0.0
1500.0,20.0,5798.866,0.0
1510.0,20.0,6183.009,0.0
1520.0,20.0,6577.021,0.0
1530.0,20.0,6980.969,0.0
1540.0,20.0,7395.1416,0.0
1550.0,20.0,7819.715,0.0
1560.0,20.0,8254.827,0.0
1570.0,20.0,8700.793,0.0
1580.0,20.0,9157.846,0.0
1590.0,20.0,9626.141,0.0
1600.0,20.0,10105.943,0.0
1610.0,20.0,10597.65,0.0
1620.0,20.0,11101.41,0.0
1630.0,20.0,11616.739,0.0
1640.0,20.0,12135.044,0.0
1650.0,20.0,12648.132,0.0
1660.0,20.0,13151.816,0.0
1670.0,20.0,13643.865,0.0
1680.0,20.0,14123.152,0.0
1690.0,20.0,14589.507,0.0
1700.0,20.0,15042.639,0.0
1710.0,20.0,15482.905,0.0
1720.0,20.0,15910.406,0.0
1730.0,20.0,16325.613,0.0
1740.0,20.0,16728.986,0.0
1750.0,20.0,17120.94,0.0
1760.0,20.0,17501.832,0.0
1770.0,20.0,17872.178,0.0
1780.0,20.0,18232.29,0.0
1790.0,20.0,18582.736,0.0
1800.0,20.0,18923.76,0.0
-200.0,30.0,39270.906,1.0
-190.0,30.0,39270.906,1.0
-180.0,30.0,39270.906,1.0
-170.0,30.0,39270.906,1.0
-160.0,30.0,39270.906,1.0
-150.0,30.0,39270.906,1.0
-140.0,30.0,39270.906,1.0
-130.0,30.0,39270.906,1.0
-120.0,30.0,39270.906,1.0
-110.0,30.0,39270.906,1.0
-100.0,30.0,39270.906,1.0
-90.0,30.0,39270.906,1.0
-80.0,30.0,39270.906,1.0
-70.0,30.0,39270.906,1.0
-60.0,30.0,39270.906,1.0
-50.0,30.0,39270.906,1.0
-40.0,30.0,24079.11,0.0
-30.0,30.0,23919.11,0.0
-20.0,30.0,23758.05,0.0
-10.0,30.0,23595.934,0.0
0.0,30.0,23432.771,0.0
10.0,30.0,23268.57,0.0
20.0,30.0,23103.34,0.0
30.0,30.0,22937.082,0.0
40.0,30.0,22769.809,0.0
50.0,30.0,22601.525,0.0
60.0,30.0,22432.234,0.0
70.0,30.0,22261.945,0.0
80.0,30.0,22090.662,0.0
90.0,30.0,21918.389,0.0
100.0,30.0,21745.127,0.0
110.0,30.0,21570.885,0.0
120.0,30.0,21395.66,0.0
130.0,30.0,21219.46,0.0
140.0,30.0,21042.281,0.0
150.0,30.0,20864.129,0.0
160.0,30.0,20685.002,0.0
170.0,30.0,20504.898,0.0
180.0,30.0,20323.818,0.0
190.0,30.0,20141.76,0.0
200.0,30.0,19958.719,0.0
210.0,30.0,19774.691,0.0
220.0,30.0,19589.672,0.0
230.0,30.0,19403.656,0.0
240.0,30.0,19216.635,0.0
250.0,30.0,19028.602,0.0
260.0,30.0,18839.543,0.0
270.0,30.0,18649.451,0.0
280.0,30.0,18458.312,0.0
290.0,30.0,18266.113,0.0
300.0,30.0,18072.834,0.0
310.0,30.0,17878.465,0.0
320.0,30.0,17682.979,0.0
330.0,30.0,17486.36,0.0
340.0,30.0,17288.578,0.0
350.0,30.0,17089.613,0.0
360.0,30.0,16889.436,0.0
370.0,30.0,16688.012,0.0
380.0,30.0,16485.312,0.0
390.0,30.0,16281.296,0.0
400.0,30.0,16075.924,0.0
410.0,30.0,15869.152,0.0
420.0,30.0,15660.936,0.0
430.0,30.0,15451.245,0.0
440.0,30.0,15240.155,0.0
450.0,30.0,15027.762,0.0
460.0,30.0,14814.161,0.0
470.0,30.0,14599.445,0.0
480.0,30.0,14383.701,0.0
490.0,30.0,14167.018,0.0
500.0,30.0,13949.475,0.0
510.0,30.0,13731.158,0.0
520.0,30.0,13512.145,0.0
530.0,30.0,13292.51,0.0
540.0,30.0,13072.326,0.0
550.0,30.0,12851.666,0.0
560.0,30.0,12630.596,0.0
570.0,30.0,12409.18,0.0
580.0,30.0,12187.479,0.0
590.0,30.0,11965.549,0.0
600.0,30.0,11743.447,0.0
610.0,30.0,11521.225,0.0
620.0,30.0,11298.926,0.0
630.0,30.0,11076.592,0.0
640.0,30.0,10854.262,0.0
650.0,30.0,10631.965,0.0
660.0,30.0,10409.73,0.0
670.0,30.0,10187.578,0.0
680.0,30.0,9965.518,0.0
690.0,30.0,9743.558,0.0
700.0,30.0,9521.69,0.0
710.0,30.0,9299.905,0.0
720.0,30.0,9078.175,0.0
730.0,30.0,8856.461,0.0
740.0,30.0,8634.711,0.0
750.0,30.0,8412.857,0.0
760.0,30.0,8190.8076,0.0
770.0,30.0,7968.45,0.0
780.0,30.0,7745.6475,0.0
790.0,30.0,7522.2295,0.0
800.0,30.0,7297.988,0.0
810.0,30.0,7072.6777,0.0
820.0,30.0,6845.998,0.0
830.0,30.0,6617.5864,0.0
840.0,30.0,6387.01,0.0
850.0,30.0,6153.747,0.0
860.0,30.0,5917.1763,0.0
870.0,30.0,5676.7812,0.0
880.0,30.0,5432.3403,0.0
890.0,30.0,5183.686,0.0
900.0,30.0,4930.6943,0.0
910.0,30.0,4673.323,0.0
920.0,30.0,4411.6357,0.0
930.0,30.0,4145.8516,0.0
940.0,30.0,3876.4172,0.0
950.0,30.0,3604.095,0.0
960.0,30.0,3330.0925,0.0
970.0,30.0,3056.2441,0.0
980.0,30.0,2785.2642,0.0
990.0,30.0,2521.1062,0.0
1000.0,30.0,2269.3823,0.0
1010.0,30.0,2033.838,0.0
1020.0,30.0,1814.0825,0.0
1030.0,30.0,1609.4874,0.0
1040.0,30.0,1419.479,0.0
1050.0,30.0,1243.5342,0.0
1060.0,30.0,1081.1729,0.0
1070.0,30.0,931.95605,0.0
1080.0,30.0,795.4807,0.0
1090.0,30.0,671.3822,0.0
1100.0,30.0,559.3198,0.0
1110.0,30.0,458.9859,0.0
1120.0,30.0,370.09534,0.0
1130.0,30.0,292.38797,0.0
1140.0,30.0,225.6248,0.0
1150.0,30.0,169.58875,0.0
1160.0,30.0,124.078606,0.0
1170.0,30.0,88.91257,0.0
1180.0,30.0,63.922047,0.0
1190.0,30.0,48.957058,0.0
1200.0,30.0,43.87838,0.0
1210.0,30.0,48.56012,0.0
1220.0,30.0,62.888515,0.0
1230.0,30.0,86.76167,0.0
1240.0,30.0,120.08739,0.0
1250.0,30.0,162.78268,0.0
1260.0,30.0,214.7753,0.0
1270.0,30.0,276.00085,0.0
1280.0,30.0,346.40244,0.0
1290.0,30.0,425.93158,0.0
1300.0,30.0,514.54553,0.0
1310.0,30.0,612.2124,0.0
1320.0,30.0,718.9018,0.0
1330.0,30.0,834.59143,0.0
1340.0,30.0,959.26764,0.0
1350.0,30.0,1092.9181,0.0
1360.0,30.0,1235.5388,0.0
1370.0,30.0,1387.125,0.0
1380.0,30.0,1547.6823,0.0
1390.0,30.0,1717.2229,0.0
1400.0,30.0,1895.7563,0.0
1410.0,30.0,2083.3062,0.0
1420.0,30.0,2279.8767,0.0
1430.0,30.0,2485.5156,0.0
1440.0,30.0,2700.2324,0.0
1450.0,30.0,2924.0752,0.0
1460.0,30.0,3157.066,0.0
1470.0,30.0,3399.2393,0.0
1480.0,30.0,3650.6455,0.0
1490.0,30.0,3911.3228,0.0
1500.0,30.0,4181.324,0.0
1510.0,30.0,4460.706,0.0
1520.0,30.0,4749.488,0.0
1530.0,30.0,5047.749,0.0
1540.0,30.0,5353.7266,0.0
1550.0,30.0,5661.441,0.0
1560.0,30.0,5970.914,0.0
1570.0,30.0,6284.3823,0.0
1580.0,30.0,6602.9307,0.0
1590.0,30.0,6927.251,0.0
1600.0,30.0,7257.7095,0.0
1610.0,30.0,7594.425,0.0
1620.0,30.0,7937.4507,0.0
1630.0,30.0,8286.915,0.0
1640.0,30.0,8642.866,0.0
1650.0,30.0,9005.402,0.0
1660.0,30.0,9374.62,0.0
1670.0,30.0,9750.654,0.0
1680.0,30.0,10133.619,0.0
1690.0,30.0,10523.497,0.0
1700.0,30.0,10920.508,0.0
1710.0,30.0,11324.73,0.0
1720.0,30.0,11736.324,0.0
1730.0,30.0,12155.361,0.0
1740.0,30.0,12581.877,0.0
1750.0,30.0,13016.187,0.0
1760.0,30.0,13458.381,0.0
1770.0,30.0,13908.5,0.0
1780.0,30.0,14366.631,0.0
1790.0,30.0,14825.512,0.0
1800.0,30.0,15272.583,0.0
-200.0,40.0,39270.906,1.0
-190.0,40.0,39270.906,1.0
-180.0,40.0,39270.906,1.0
-170.0,40.0,39270.906,1.0
-160.0,40.0,39270.906,1.0
-150.0,40.0,39270.906,1.0
-140.0,40.0,39270.906,1.0
-130.0,40.0,39270.906,1.0
-120.0,40.0,39270.906,1.0
-110.0,40.0,39270.906,1.0
-100.0,40.0,39270.906,1.0
-90.0,40.0,39270.906,1.0
-80.0,40.0,39270.906,1.0
-70.0,40.0,39270.906,1.0
-60.0,40.0,39270.906,1.0
-50.0,40.0,39270.906,1.0
-40.0,40.0,22589.574,0.0
-30.0,40.0,22432.582,0.0
-20.0,40.0,22274.754,0.0
-10.0,40.0,22116.09,0.0
0.0,40.0,21956.594,0.0
10.0,40.0,21796.273,0.0
20.0,40.0,21635.121,0.0
30.0,40.0,21473.148,0.0
40.0,40.0,21310.352,0.0
50.0,40.0,21146.729,0.0
60.0,40.0,20982.281,0.0
70.0,40.0,20817.014,0.0
80.0,40.0,20650.92,0.0
90.0,40.0,20483.998,0.0
100.0,40.0,20316.246,0.0
110.0,40.0,20147.66,0.0
120.0,40.0,19978.238,0.0
130.0,40.0,19807.969,0.0
140.0,40.0,19636.855,0.0
150.0,40.0,19464.883,0.0
160.0,40.0,19292.047,0.0
170.0,40.0,19118.338,0.0
180.0,40.0,18943.746,0.0
190.0,40.0,18768.258,0.0
200.0,40.0,18591.86,0.0
210.0,40.0,18414.543,0.0
220.0,40.0,18236.287,0.0
230.0,40.0,18057.076,0.0
240.0,40.0,17876.89,0.0
250.0,40.0,17695.713,0.0
260.0,40.0,17513.52,0.0
270.0,40.0,17330.285,0.0
280.0,40.0,17145.98,0.0
290.0,40.0,16960.582,0.0
300.0,40.0,16774.059,0.0
310.0,40.0,16586.373,0.0
320.0,40.0,16397.488,0.0
330.0,40.0,16207.371,0.0
340.0,40.0,16015.973,0.0
350.0,40.0,15823.251,0.0
360.0,40.0,15629.188,0.0
370.0,40.0,15433.84,0.0
380.0,40.0,15237.266,0.0
390.0,40.0,15039.526,0.0
400.0,40.0,14840.678,0.0
410.0,40.0,14640.778,0.0
420.0,40.0,14439.883,0.0
430.0,40.0,14238.041,0.0
440.0,40.0,14035.307,0.0
450.0,40.0,13831.727,0.0
460.0,40.0,13627.35,0.0
470.0,40.0,13422.219,0.0
480.0,40.0,13216.377,0.0
490.0,40.0,13009.865,0.0
500.0,40.0,12802.719,0.0
510.0,40.0,12594.976,0.0
520.0,40.0,12386.666,0.0
530.0,40.0,12177.82,0.0
540.0,40.0,11968.461,0.0
550.0,40.0,11758.613,0.0
560.0,40.0,11548.293,0.0
570.0,40.0,11337.514,0.0
580.0,40.0,11126.285,0.0
590.0,40.0,10914.608,0.0
600.0,40.0,10702.486,0.0
610.0,40.0,10489.904,0.0
620.0,40.0,10276.851,0.0
630.0,40.0,10063.3,0.0
640.0,40.0,9849.218,0.0
650.0,40.0,9634.565,0.0
660.0,40.0,9419.287,0.0
670.0,40.0,9203.318,0.0
680.0,40.0,8986.578,0.0
690.0,40.0,8768.973,0.0
700.0,40.0,8550.385,0.0
710.0,40.0,8330.682,0.0
720.0,40.0,8109.7036,0.0
730.0,40.0,7887.266,0.0
740.0,40.0,7663.1523,0.0
750.0,40.0,7437.1284,0.0
760.0,40.0,7209.061,0.0
770.0,40.0,6978.8716,0.0
780.0,40.0,6746.4893,0.0
790.0,40.0,6511.8477,0.0
800.0,40.0,6274.892,0.0
810.0,40.0,6035.5923,0.0
820.0,40.0,5793.9395,0.0
830.0,40.0,5549.955,0.0
840.0,40.0,5303.713,0.0
850.0,40.0,5055.346,0.0
860.0,40.0,4805.0703,0.0
870.0,40.0,4553.206,0.0
880.0,40.0,4300.214,0.0
890.0,40.0,4046.734,0.0
900.0,40.0,3793.6423,0.0
910.0,40.0,3542.127,0.0
920.0,40.0,3293.7778,0.0
930.0,40.0,3050.7126,0.0
940.0,40.0,2815.7434,0.0
950.0,40.0,2591.7393,0.0
960.0,40.0,2379.0266,0.0
970.0,40.0,2177.2754,0.0
980.0,40.0,1986.176,0.0
990.0,40.0,1805.4414,0.0
1000.0,40.0,1634.8052,0.0
1010.0,40.0,1474.0184,0.0
1020.0,40.0,1322.8467,0.0
1030.0,40.0,1181.0756,0.0
1040.0,40.0,1048.5033,0.0
1050.0,40.0,924.9414,0.0
1060.0,40.0,810.2154,0.0
1070.0,40.0,704.16284,0.0
1080.0,40.0,606.6313,0.0
1090.0,40.0,517.4811,0.0
1100.0,40.0,436.581,0.0
1110.0,40.0,363.80856,0.0
1120.0,40.0,299.0509,0.0
1130.0,40.0,242.20451,0.0
1140.0,40.0,193.17111,0.0
1150.0,40.0,151.86182,0.0
1160.0,40.0,118.19325,0.0
1170.0,40.0,92.09041,0.0
1180.0,40.0,73.48276,0.0
1190.0,40.0,62.306927,0.0
1200.0,40.0,58.505318,0.0
1210.0,40.0,62.0223,0.0
1220.0,40.0,72.81134,0.0
1230.0,40.0,90.829575,0.0
1240.0,40.0,116.03815,0.0
1250.0,40.0,148.40291,0.0
1260.0,40.0,187.89288,0.0
1270.0,40.0,234.48291,0.0
1280.0,40.0,288.1495,0.0
1290.0,40.0,348.87402,0.0
1300.0,40.0,416.64124,0.0
1310.0,40.0,491.438,0.0
1320.0,40.0,573.2575,0.0
1330.0,40.0,662.0915,0.0
1340.0,40.0,757.93896,0.0
1350.0,40.0,860.7991,0.0
1360.0,40.0,970.6748,0.0
1370.0,40.0,1087.5708,0.0
1380.0,40.0,1211.4923,0.0
1390.0,40.0,1342.4535,0.0
1400.0,40.0,1480.4634,0.0
1410.0,40.0,1625.5393,0.0
1420.0,40.0,1777.6954,0.0
1430.0,40.0,1936.949,0.0
1440.0,40.0,2103.3267,0.0
1450.0,40.0,2276.8452,0.0
1460.0,40.0,2457.5356,0.0
1470.0,40.0,2645.4236,0.0
1480.0,40.0,2840.53,0.0
1490.0,40.0,3042.8872,0.0
1500.0,40.0,3252.5312,0.0
1510.0,40.0,3469.4824,0.0
1520.0,40.0,3693.792,0.0
1530.0,40.0,3925.4978,0.0
1540.0,40.0,4164.6104,0.0
1550.0,40.0,4411.203,0.0
1560.0,40.0,4665.2856,0.0
1570.0,40.0,4926.915,0.0
1580.0,40.0,5196.124,0.0
1590.0,40.0,5472.9717,0.0
1600.0,40.0,5757.4766,0.0
1610.0,40.0,6049.5127,0.0
1620.0,40.0,6347.342,0.0
1630.0,40.0,6649.1934,0.0
1640.0,40.0,6953.8896,0.0
1650.0,40.0,7260.659,0.0
1660.0,40.0,7569.072,0.0
1670.0,40.0,7879.0737,0.0
1680.0,40.0,8191.205,0.0
1690.0,40.0,8505.993,0.0
1700.0,40.0,8823.842,0.0
1710.0,40.0,9145.002,0.0
1720.0,40.0,9469.764,0.0
1730.0,40.0,9798.387,0.0
1740.0,40.0,10130.927,0.0
1750.0,40.0,10467.629,0.0
1760.0,40.0,10808.527,0.0
1770.0,40.0,11153.738,0.0
1780.0,40.0,11503.266,0.0
1790.0,40.0,11857.212,0.0
1800.0,40.0,12215.55,0.0
-200.0,50.0,39270.906,1.0
-190.0,50.0,39270.906,1.0
-180.0,50.0,39270.906,1.0
-170.0,50.0,39270.906,1.0
-160.0,50.0,39270.906,1.0
-150.0,50.0,39270.906,1.0
-140.0,50.0,39270.906,1.0
-130.0,50.0,39270.906,1.0
-120.0,50.0,39270.906,1.0
-110.0,50.0,39270.906,1.0
-100.0,50.0,39270.906,1.0
-90.0,50.0,39270.906,1.0
-80.0,50.0,39270.906,1.0
-70.0,50.0,39270.906,1.0
-60.0,50.0,39270.906,1.0
-50.0,50.0,39270.906,1.0
-40.0,50.0,21338.277,0.0
-30.0,50.0,21184.836,0.0
-20.0,50.0,21030.672,0.0
-10.0,50.0,20875.777,0.0
0.0,50.0,20720.156,0.0
10.0,50.0,20563.805,0.0
20.0,50.0,20406.719,0.0
30.0,50.0,20248.895,0.0
40.0,50.0,20090.324,0.0
50.0,50.0,19931.012,0.0
60.0,50.0,19770.938,0.0
70.0,50.0,19610.104,0.0
80.0,50.0,19448.496,0.0
90.0,50.0,19286.113,0.0
100.0,50.0,19122.94,0.0
110.0,50.0,18958.965,0.0
120.0,50.0,18794.176,0.0
130.0,50.0,18628.56,0.0
140.0,50.0,18462.105,0.0
150.0,50.0,18294.793,0.0
160.0,50.0,18126.61,0.0
170.0,50.0,17957.53,0.0
180.0,50.0,17787.537,0.0
190.0,50.0,17616.61,0.0
200.0,50.0,17444.723,0.0
210.0,50.0,17271.852,0.0
220.0,50.0,17097.969,0.0
230.0,50.0,16923.043,0.0
240.0,50.0,16747.043,0.0
250.0,50.0,16569.934,0.0
260.0,50.0,16391.68,0.0
270.0,50.0,16212.242,0.0
280.0,50.0,16031.574,0.0
290.0,50.0,15849.638,0.0
300.0,50.0,15666.441,0.0
310.0,50.0,15482.029,0.0
320.0,50.0,15296.441,0.0
330.0,50.0,15109.719,0.0
340.0,50.0,14921.899,0.0
350.0,50.0,14733.022,0.0
360.0,50.0,14543.121,0.0
370.0,50.0,14352.232,0.0
380.0,50.0,14160.387,0.0
390.0,50.0,13967.618,0.0
400.0,50.0,13773.953,0.0
410.0,50.0,13579.422,0.0
420.0,50.0,13384.048,0.0
430.0,50.0,13187.854,0.0
440.0,50.0,12990.861,0.0
450.0,50.0,12793.09,0.0
460.0,50.0,12594.553,0.0
470.0,50.0,12395.265,0.0
480.0,50.0,12195.232,0.0
490.0,50.0,11994.465,0.0
500.0,50.0,11792.962,0.0
510.0,50.0,11590.724,0.0
520.0,50.0,11387.741,0.0
530.0,50.0,11184.008,0.0
540.0,50.0,10979.501,0.0
550.0,50.0,10774.203,0.0
560.0,50.0,10568.084,0.0
570.0,50.0,10361.104,0.0
580.0,50.0,10153.225,0.0
590.0,50.0,9944.388,0.0
600.0,50.0,9734.534,0.0
610.0,50.0,9523.59,0.0
620.0,50.0,9311.468,0.0
630.0,50.0,9098.07,0.0
640.0,50.0,8883.3125,0.0
650.0,50.0,8667.16,0.0
660.0,50.0,8449.582,0.0
670.0,50.0,8230.549,0.0
680.0,50.0,8010.0312,0.0
690.0,50.0,7788.005,0.0
700.0,50.0,7564.4473,0.0
710.0,50.0,7339.34,0.0
720.0,50.0,7112.675,0.0
730.0,50.0,6884.45,0.0
740.0,50.0,6654.679,0.0
750.0,50.0,6423.3926,0.0
760.0,50.0,6190.6416,0.0
770.0,50.0,5956.502,0.0
780.0,50.0,5721.088,0.0
790.0,50.0,5484.5522,0.0
800.0,50.0,5247.103,0.0
810.0,50.0,5009.0195,0.0
820.0,50.0,4770.657,0.0
830.0,50.0,4532.4756,0.0
840.0,50.0,4295.0664,0.0
850.0,50.0,4059.1812,0.0
860.0,50.0,3825.772,0.0
870.0,50.0,3596.0413,0.0
880.0,50.0,3371.5132,0.0
890.0,50.0,3154.098,0.0
900.0,50.0,2945.2969,0.0
910.0,50.0,2745.1006,0.0
920.0,50.0,2553.313,0.0
930.0,50.0,2369.7488,0.0
940.0,50.0,2194.2368,0.0
950.0,50.0,2026.6106,0.0
960.0,50.0,1866.7178,0.0
970.0,50.0,1714.4137,0.0
980.0,50.0,1569.5615,0.0
990.0,50.0,1432.0308,0.0
1000.0,50.0,1301.7024,0.0
1010.0,50.0,1178.4622,0.0
1020.0,50.0,1062.2017,0.0
1030.0,50.0,952.82043,0.0
1040.0,50.0,850.2245,0.0
1050.0,50.0,754.32263,0.0
1060.0,50.0,665.03314,0.0
1070.0,50.0,582.27576,0.0
1080.0,50.0,505.97638,0.0
1090.0,50.0,436.068,0.0
1100.0,50.0,372.48486,0.0
1110.0,50.0,315.16718,0.0
1120.0,50.0,264.05798,0.0
1130.0,50.0,219.1047,0.0
1140.0,50.0,180.25865,0.0
1150.0,50.0,147.47543,0.0
1160.0,50.0,120.71139,0.0
1170.0,50.0,99.92955,0.0
1180.0,50.0,85.09314,0.0
1190.0,50.0,76.17024,0.0
1200.0,50.0,73.13022,0.0
1210.0,50.0,75.946945,0.0
1220.0,50.0,84.59459,0.0
1230.0,50.0,99.050735,0.0
1240.0,50.0,119.29656,0.0
1250.0,50.0,145.31458,0.0
1260.0,50.0,177.08873,0.0
1270.0,50.0,214.60669,0.0
1280.0,50.0,257.85596,0.0
1290.0,50.0,306.828,0.0
1300.0,50.0,361.51495,0.0
1310.0,50.0,421.91153,0.0
1320.0,50.0,488.01407,0.0
1330.0,50.0,559.8194,0.0
1340.0,50.0,637.3275,0.0
1350.0,50.0,720.5386,0.0
1360.0,50.0,809.4551,0.0
1370.0,50.0,904.0802,0.0
1380.0,50.0,1004.4213,0.0
1390.0,50.0,1110.4805,0.0
1400.0,50.0,1222.269,0.0
1410.0,50.0,1339.794,0.0
1420.0,50.0,1463.0656,0.0
1430.0,50.0,1592.0939,0.0
1440.0,50.0,1726.8933,0.0
1450.0,50.0,1867.4758,0.0
1460.0,50.0,2013.853,0.0
1470.0,50.0,2166.0417,0.0
1480.0,50.0,2324.0598,0.0
1490.0,50.0,2487.925,0.0
1500.0,50.0,2657.6436,0.0
1510.0,50.0,2833.2488,0.0
1520.0,50.0,3014.742,0.0
1530.0,50.0,3202.1587,0.0
1540.0,50.0,3395.5151,0.0
1550.0,50.0,3594.8223,0.0
1560.0,50.0,3800.1208,0.0
1570.0,50.0,4011.4072,0.0
1580.0,50.0,4228.718,0.0
1590.0,50.0,4452.0713,0.0
1600.0,50.0,4681.488,0.0
1610.0,50.0,4917.003,0.0
1620.0,50.0,5158.614,0.0
1630.0,50.0,5406.3696,0.0
1640.0,50.0,5660.257,0.0
1650.0,50.0,5920.3433,0.0
1660.0,50.0,6186.612,0.0
1670.0,50.0,6459.093,0.0
1680.0,50.0,6737.3154,0.0
1690.0,50.0,7020.1816,0.0
1700.0,50.0,7306.773,0.0
1710.0,50.0,7596.4727,0.0
1720.0,50.0,7888.7314,0.0
1730.0,50.0,8183.2,0.0
1740.0,50.0,8479.611,0.0
1750.0,50.0,8777.773,0.0
1760.0,50.0,9077.562,0.0
1770.0,50.0,9378.892,0.0
1780.0,50.0,9681.727,0.0
1790.0,50.0,9986.199,0.0
1800.0,50.0,10292.479,0.0
-200.0,60.0,39270.906,1.0
-190.0,60.0,39270.906,1.0
-180.0,60.0,39270.906,1.0
-170.0,60.0,39270.906,1.0
-160.0,60.0,39270.906,1.0
-150.0,60.0,39270.906,1.0
-140.0,60.0,39270.906,1.0
-130.0,60.0,39270.906,1.0
-120.0,60.0,39270.906,1.0
-110.0,60.0,39270.906,1.0
-100.0,60.0,39270.906,1.0
-90.0,60.0,39270.906,1.0
-80.0,60.0,39270.906,1.0
-70.0,60.0,39270.906,1.0
-60.0,60.0,39270.906,1.0
-50.0,60.0,39270.906,1.0
-40.0,60.0,20263.098,0.0
-30.0,60.0,20112.871,0.0
-20.0,60.0,19961.953,0.0
-10.0,60.0,19810.348,0.0
0.0,60.0,19658.041,0.0
10.0,60.0,19505.025,0.0
20.0,60.0,19351.293,0.0
30.0,60.0,19196.832,0.0
40.0,60.0,19041.629,0.0
50.0,60.0,18885.68,0.0
60.0,60.0,18728.963,0.0
70.0,60.0,18571.469,0.0
80.0,60.0,18413.176,0.0
90.0,60.0,18254.078,0.0
100.0,60.0,18094.148,0.0
110.0,60.0,17933.371,0.0
120.0,60.0,17771.723,0.0
130.0,60.0,17609.184,0.0
140.0,60.0,17445.73,0.0
150.0,60.0,17281.336,0.0
160.0,60.0,17115.969,0.0
170.0,60.0,16949.607,0.0
180.0,60.0,16782.215,0.0
190.0,60.0,16613.756,0.0
200.0,60.0,16444.2,0.0
210.0,60.0,16273.502,0.0
220.0,60.0,16101.624,0.0
230.0,60.0,15928.525,0.0
240.0,60.0,15754.201,0.0
250.0,60.0,15578.682,0.0
260.0,60.0,15401.996,0.0
270.0,60.0,15224.173,0.0
280.0,60.0,15045.24,0.0
290.0,60.0,14865.225,0.0
300.0,60.0,14684.148,0.0
310.0,60.0,14502.039,0.0
320.0,60.0,14318.914,0.0
330.0,60.0,14134.797,0.0
340.0,60.0,13949.705,0.0
350.0,60.0,13763.656,0.0
360.0,60.0,13576.664,0.0
370.0,60.0,13388.743,0.0
380.0,60.0,13199.904,0.0
390.0,60.0,13010.156,0.0
400.0,60.0,12819.502,0.0
410.0,60.0,12627.949,0.0
420.0,60.0,12435.498,0.0
430.0,60.0,12242.144,0.0
440.0,60.0,12047.881,0.0
450.0,60.0,11852.701,0.0
460.0,60.0,11656.59,0.0
470.0,60.0,11459.529,0.0
480.0,60.0,11261.498,0.0
490.0,60.0,11062.465,0.0
500.0,60.0,10862.399,0.0
510.0,60.0,10661.262,0.0
520.0,60.0,10459.007,0.0
530.0,60.0,10255.613,0.0
540.0,60.0,10051.073,0.0
550.0,60.0,9845.379,0.0
560.0,60.0,9638.5205,0.0
570.0,60.0,9430.49,0.0
580.0,60.0,9221.279,0.0
590.0,60.0,9010.879,0.0
600.0,60.0,8799.283,0.0
610.0,60.0,8586.484,0.0
620.0,60.0,8372.482,0.0
630.0,60.0,8157.275,0.0
640.0,60.0,7940.868,0.0
650.0,60.0,7723.271,0.0
660.0,60.0,7504.499,0.0
670.0,60.0,7284.578,0.0
680.0,60.0,7063.5425,0.0
690.0,60.0,6841.4424,0.0
700.0,60.0,6618.341,0.0
710.0,60.0,6394.3228,0.0
720.0,60.0,6169.495,0.0
730.0,60.0,5943.9917,0.0
740.0,60.0,5717.987,0.0
750.0,60.0,5491.6924,0.0
760.0,60.0,5265.3706,0.0
770.0,60.0,5039.3447,0.0
780.0,60.0,4814.0137,0.0
790.0,60.0,4589.8647,0.0
800.0,60.0,4367.488,0.0
810.0,60.0,4147.6177,0.0
820.0,60.0,3931.1357,0.0
830.0,60.0,3719.124,0.0
840.0,60.0,3512.896,0.0
850.0,60.0,3313.5815,0.0
860.0,60.0,3121.229,0.0
870.0,60.0,2935.71,0.0
880.0,60.0,2756.9004,0.0
890.0,60.0,2584.6836,0.0
900.0,60.0,2418.9468,0.0
910.0,60.0,2259.587,0.0
920.0,60.0,2106.5022,0.0
930.0,60.0,1959.597,0.0
940.0,60.0,1818.7821,0.0
950.0,60.0,1683.9702,0.0
960.0,60.0,1555.081,0.0
970.0,60.0,1432.0366,0.0
980.0,60.0,1314.7644,0.0
990.0,60.0,1203.1934,0.0
1000.0,60.0,1097.2603,0.0
1010.0,60.0,996.9021,0.0
1020.0,60.0,902.05975,0.0
1030.0,60.0,812.6771,0.0
1040.0,60.0,728.7023,0.0
1050.0,60.0,650.0857,0.0
1060.0,60.0,576.77936,0.0
1070.0,60.0,508.74036,0.0
1080.0,60.0,445.92636,0.0
1090.0,60.0,388.3,0.0
1100.0,60.0,335.8228,0.0
1110.0,60.0,288.46054,0.0
1120.0,60.0,246.18259,0.0
1130.0,60.0,208.95744,0.0
1140.0,60.0,176.75716,0.0
1150.0,60.0,149.55629,0.0
1160.0,60.0,127.33081,0.0
1170.0,60.0,110.057495,0.0
1180.0,60.0,97.716736,0.0
1190.0,60.0,90.28879,0.0
1200.0,60.0,87.75665,0.0
1210.0,60.0,90.10454,0.0
1220.0,60.0,97.31798,0.0
1230.0,60.0,109.38344,0.0
1240.0,60.0,126.29089,0.0
1250.0,60.0,148.02966,0.0
1260.0,60.0,174.59012,0.0
1270.0,60.0,205.9656,0.0
1280.0,60.0,242.14926,0.0
1290.0,60.0,283.1355,0.0
1300.0,60.0,328.91995,0.0
1310.0,60.0,379.50107,0.0
1320.0,60.0,434.8739,0.0
1330.0,60.0,495.03943,0.0
1340.0,60.0,559.9971,0.0
1350.0,60.0,629.74695,0.0
1360.0,60.0,704.2925,0.0
1370.0,60.0,783.63367,0.0
1380.0,60.0,867.7742,0.0
1390.0,60.0,956.71826,0.0
1400.0,60.0,1050.4708,0.0
1410.0,60.0,1149.0391,0.0
1420.0,60.0,1252.4247,0.0
1430.0,60.0,1360.6367,0.0
1440.0,60.0,1473.685,0.0
1450.0,60.0,1591.5752,0.0
1460.0,60.0,1714.3141,0.0
1470.0,60.0,1841.9116,0.0
1480.0,60.0,1974.3765,0.0
1490.0,60.0,2111.7246,0.0
1500.0,60.0,2253.9563,0.0
1510.0,60.0,2401.0876,0.0
1520.0,60.0,2553.13,0.0
1530.0,60.0,2710.0981,0.0
1540.0,60.0,2871.995,0.0
1550.0,60.0,3038.833,0.0
1560.0,60.0,3210.6318,0.0
1570.0,60.0,3387.4,0.0
1580.0,60.0,3569.15,0.0
1590.0,60.0,3755.8906,0.0
1600.0,60.0,3947.6396,0.0
1610.0,60.0,4144.414,0.0
1620.0,60.0,4346.214,0.0
1630.0,60.0,4553.0527,0.0
1640.0,60.0,4764.9536,0.0
1650.0,60.0,4981.918,0.0
1660.0,60.0,5203.9536,0.0
1670.0,60.0,5431.081,0.0
1680.0,60.0,5663.3184,0.0
1690.0,60.0,5900.675,0.0
1700.0,60.0,6143.1445,0.0
1710.0,60.0,6390.7334,0.0
1720.0,60.0,6643.4893,0.0
1730.0,60.0,6901.353,0.0
1740.0,60.0,7163.997,0.0
1750.0,60.0,7430.671,0.0
1760.0,60.0,7700.7515,0.0
1770.0,60.0,7973.7637,0.0
1780.0,60.0,8249.309,0.0
1790.0,60.0,8527.097,0.0
1800.0,60.0,8806.825,0.0
-200.0,70.0,39270.906,1.0
-190.0,70.0,39270.906,1.0
-180.0,70.0,39270.906,1.0
-170.0,70.0,39270.906,1.0
-160.0,70.0,39270.906,1.0
-150.0,70.0,39270.906,1.0
-140.0,70.0,39270.906,1.0
-130.0,70.0,39270.906,1.0
-120.0,70.0,39270.906,1.0
-110.0,70.0,39270.906,1.0
-100.0,70.0,39270.906,1.0
-90.0,70.0,39270.906,1.0
-80.0,70.0,39270.906,1.0
-70.0,70.0,39270.906,1.0
-60.0,70.0,39270.906,1.0
-50.0,70.0,39270.906,1.0
-40.0,70.0,19318.504,0.0
-30.0,70.0,19170.785,0.0
-20.0,70.0,19022.367,0.0
-10.0,70.0,18873.232,0.0
0.0,70.0,18723.373,0.0
10.0,70.0,18572.773,0.0
20.0,70.0,18421.418,0.0
30.0,70.0,18269.287,0.0
40.0,70.0,18116.365,0.0
50.0,70.0,17962.633,0.0
60.0,70.0,17808.07,0.0
70.0,70.0,17652.652,0.0
80.0,70.0,17496.36,0.0
90.0,70.0,17339.166,0.0
100.0,70.0,17181.043,0.0
110.0,70.0,17021.963,0.0
120.0,70.0,16861.895,0.0
130.0,70.0,16700.809,0.0
140.0,70.0,16538.668,0.0
150.0,70.0,16375.4375,0.0
160.0,70.0,16211.076,0.0
170.0,70.0,16045.545,0.0
180.0,70.0,15878.809,0.0
190.0,70.0,15710.882,0.0
200.0,70.0,15541.785,0.0
210.0,70.0,15371.542,0.0
220.0,70.0,15200.172,0.0
230.0,70.0,15027.69,0.0
240.0,70.0,14854.119,0.0
250.0,70.0,14679.473,0.0
260.0,70.0,14503.765,0.0
270.0,70.0,14327.013,0.0
280.0,70.0,14149.227,0.0
290.0,70.0,13970.416,0.0
300.0,70.0,13790.591,0.0
310.0,70.0,13609.758,0.0
320.0,70.0,13427.923,0.0
330.0,70.0,13245.09,0.0
340.0,70.0,13061.257,0.0
350.0,70.0,12876.424,0.0
360.0,70.0,12690.588,0.0
370.0,70.0,12503.74,0.0
380.0,70.0,12315.873,0.0
390.0,70.0,12126.971,0.0
400.0,70.0,11937.02,0.0
410.0,70.0,11746.006,0.0
420.0,70.0,11553.93,0.0
430.0,70.0,11360.795,0.0
440.0,70.0,11166.604,0.0
450.0,70.0,10971.356,0.0
460.0,70.0,10775.057,0.0
470.0,70.0,10577.706,0.0
480.0,70.0,10379.305,0.0
490.0,70.0,10179.854,0.0
500.0,70.0,9979.354,0.0
510.0,70.0,9777.809,0.0
520.0,70.0,9575.219,0.0
530.0,70.0,9371.59,0.0
540.0,70.0,9166.923,0.0
550.0,70.0,8961.229,0.0
560.0,70.0,8754.515,0.0
570.0,70.0,8546.795,0.0
580.0,70.0,8338.082,0.0
590.0,70.0,8128.3984,0.0
600.0,70.0,7917.77,0.0
610.0,70.0,7706.2295,0.0
620.0,70.0,7493.8184,0.0
630.0,70.0,7280.586,0.0
640.0,70.0,7066.5933,0.0
650.0,70.0,6851.918,0.0
660.0,70.0,6636.652,0.0
670.0,70.0,6420.9043,0.0
680.0,70.0,6204.8076,0.0
690.0,70.0,5988.5264,0.0
700.0,70.0,5772.249,0.0
710.0,70.0,5556.208,0.0
720.0,70.0,5340.675,0.0
730.0,70.0,5125.9746,0.0
740.0,70.0,4912.497,0.0
750.0,70.0,4700.703,0.0
760.0,70.0,4491.137,0.0
770.0,70.0,4284.456,0.0
780.0,70.0,4081.4338,0.0
790.0,70.0,3882.9912,0.0
800.0,70.0,3690.1162,0.0
810.0,70.0,3503.1008,0.0
820.0,70.0,3321.8499,0.0
830.0,70.0,3146.275,0.0
840.0,70.0,2976.29,0.0
850.0,70.0,2811.8162,0.0
860.0,70.0,2652.7727,0.0
870.0,70.0,2499.0864,0.0
880.0,70.0,2350.6863,0.0
890.0,70.0,2207.5054,0.0
900.0,70.0,2069.4753,0.0
910.0,70.0,1936.5398,0.0
920.0,70.0,1808.6366,0.0
930.0,70.0,1685.7103,0.0
940.0,70.0,1567.7076,0.0
950.0,70.0,1454.5778,0.0
960.0,70.0,1346.2706,0.0
970.0,70.0,1242.742,0.0
980.0,70.0,1143.9465,0.0
990.0,70.0,1049.8418,0.0
1000.0,70.0,960.3893,0.0
1010.0,70.0,875.55115,0.0
1020.0,70.0,795.29065,0.0
1030.0,70.0,719.57446,0.0
1040.0,70.0,648.37,0.0
1050.0,70.0,581.6464,0.0
1060.0,70.0,519.37634,0.0
1070.0,70.0,461.5301,0.0
1080.0,70.0,408.08356,0.0
1090.0,70.0,359.01184,0.0
1100.0,70.0,314.29266,0.0
1110.0,70.0,273.90347,0.0
1120.0,70.0,237.82596,0.0
1130.0,70.0,206.04025,0.0
1140.0,70.0,178.52855,0.0
1150.0,70.0,155.27498,0.0
1160.0,70.0,136.26395,0.0
1170.0,70.0,121.48186,0.0
1180.0,70.0,110.91519,0.0
1190.0,70.0,104.55275,0.0
1200.0,70.0,102.38245,0.0
1210.0,70.0,104.3956,0.0
1220.0,70.0,110.581894,0.0
1230.0,70.0,120.93433,0.0
1240.0,70.0,135.44421,0.0
1250.0,70.0,154.10654,0.0
1260.0,70.0,176.91519,0.0
1270.0,70.0,203.865,0.0
1280.0,70.0,234.9526,0.0
1290.0,70.0,270.17438,0.0
1300.0,70.0,309.5274,0.0
1310.0,70.0,353.0102,0.0
1320.0,70.0,400.6209,0.0
1330.0,70.0,452.3594,0.0
1340.0,70.0,508.22455,0.0
1350.0,70.0,568.21814,0.0
1360.0,70.0,632.34155,0.0
1370.0,70.0,700.59467,0.0
1380.0,70.0,772.98065,0.0
1390.0,70.0,849.50287,0.0
1400.0,70.0,930.16235,0.0
1410.0,70.0,1014.96356,0.0
1420.0,70.0,1103.9119,0.0
1430.0,70.0,1197.0082,0.0
1440.0,70.0,1294.2607,0.0
1450.0,70.0,1395.6721,0.0
1460.0,70.0,1501.2502,0.0
1470.0,70.0,1610.9994,0.0
1480.0,70.0,1724.9233,0.0
1490.0,70.0,1843.0308,0.0
1500.0,70.0,1965.3273,0.0
1510.0,70.0,2091.8237,0.0
1520.0,70.0,2222.5195,0.0
1530.0,70.0,2357.4277,0.0
1540.0,70.0,2496.5564,0.0
1550.0,70.0,2639.9043,0.0
1560.0,70.0,2787.4863,0.0
1570.0,70.0,2939.31,0.0
1580.0,70.0,3095.3833,0.0
1590.0,70.0,3255.7026,0.0
1600.0,70.0,3420.297,0.0
1610.0,70.0,3589.1562,0.0
1620.0,70.0,3762.2935,0.0
1630.0,70.0,3939.722,0.0
1640.0,70.0,4121.4365,0.0
1650.0,70.0,4307.452,0.0
1660.0,70.0,4497.782,0.0
1670.0,70.0,4692.4214,0.0
1680.0,70.0,4891.375,0.0
1690.0,70.0,5094.672,0.0
1700.0,70.0,5302.2837,0.0
1710.0,70.0,5514.247,0.0
1720.0,70.0,5730.5493,0.0
1730.0,70.0,5951.202,0.0
1740.0,70.0,6176.208,0.0
1750.0,70.0,6405.5674,0.0
1760.0,70.0,6639.284,0.0
1770.0,70.0,6877.3677,0.0
1780.0,70.0,7119.81,0.0
1790.0,70.0,7366.5317,0.0
1800.0,70.0,7617.0425,0.0
-200.0,80.0,39270.906,1.0
-190.0,80.0,39270.906,1.0
-180.0,80.0,39270.906,1.0
-170.0,80.0,39270.906,1.0
-160.0,80.0,39270.906,1.0
-150.0,80.0,39270.906,1.0
-140.0,80.0,39270.906,1.0
-130.0,80.0,39270.906,1.0
-120.0,80.0,39270.906,1.0
-110.0,80.0,39270.906,1.0
-100.0,80.0,39270.906,1.0
-90.0,80.0,39270.906,1.0
-80.0,80.0,39270.906,1.0
-70.0,80.0,39270.906,1.0
-60.0,80.0,39270.906,1.0
-50.0,80.0,39270.906,1.0
-40.0,80.0,18471.375,0.0
-30.0,80.0,18325.316,0.0
-20.0,80.0,18178.5,0.0
-10.0,80.0,18030.906,0.0
0.0,80.0,17882.52,0.0
10.0,80.0,17733.316,0.0
20.0,80.0,17583.273,0.0
30.0,80.0,17432.371,0.0
40.0,80.0,17280.58,0.0
50.0,80.0,17127.871,0.0
60.0,80.0,16974.223,0.0
70.0,80.0,16819.602,0.0
80.0,80.0,16663.973,0.0
90.0,80.0,16507.305,0.0
100.0,80.0,16349.56,0.0
110.0,80.0,16190.701,0.0
120.0,80.0,16030.687,0.0
130.0,80.0,15869.488,0.0
140.0,80.0,15707.115,0.0
150.0,80.0,15543.584,0.0
160.0,80.0,15378.909,0.0
170.0,80.0,15213.104,0.0
180.0,80.0,15046.184,0.0
190.0,80.0,14878.158,0.0
200.0,80.0,14709.039,0.0
210.0,80.0,14538.834,0.0
220.0,80.0,14367.556,0.0
230.0,80.0,14195.205,0.0
240.0,80.0,14021.791,0.0
250.0,80.0,13847.314,0.0
260.0,80.0,13671.781,0.0
270.0,80.0,13495.187,0.0
280.0,80.0,13317.531,0.0
290.0,80.0,13138.8125,0.0
300.0,80.0,12959.031,0.0
310.0,80.0,12778.199,0.0
320.0,80.0,12596.322,0.0
330.0,80.0,12413.41,0.0
340.0,80.0,12229.469,0.0
350.0,80.0,12044.51,0.0
360.0,80.0,11858.537,0.0
370.0,80.0,11671.556,0.0
380.0,80.0,11483.574,0.0
390.0,80.0,11294.599,0.0
400.0,80.0,11104.633,0.0
410.0,80.0,10913.686,0.0
420.0,80.0,10721.762,0.0
430.0,80.0,10528.869,0.0
440.0,80.0,10335.014,0.0
450.0,80.0,10140.201,0.0
460.0,80.0,9944.443,0.0
470.0,80.0,9747.748,0.0
480.0,80.0,9550.127,0.0
490.0,80.0,9351.591,0.0
500.0,80.0,9152.156,0.0
510.0,80.0,8951.84,0.0
520.0,80.0,8750.662,0.0
530.0,80.0,8548.648,0.0
540.0,80.0,8345.824,0.0
550.0,80.0,8142.2246,0.0
560.0,80.0,7937.889,0.0
570.0,80.0,7732.865,0.0
580.0,80.0,7527.2046,0.0
590.0,80.0,7320.9736,0.0
600.0,80.0,7114.247,0.0
610.0,80.0,6907.1143,0.0
620.0,80.0,6699.6787,0.0
630.0,80.0,6492.0596,0.0
640.0,80.0,6284.4004,0.0
650.0,80.0,6076.8687,0.0
660.0,80.0,5869.655,0.0
670.0,80.0,5662.9814,0.0
680.0,80.0,5457.116,0.0
690.0,80.0,5252.3594,0.0
700.0,80.0,5049.073,0.0
710.0,80.0,4847.667,0.0
720.0,80.0,4648.627,0.0
730.0,80.0,4452.5186,0.0
740.0,80.0,4260.003,0.0
750.0,80.0,4071.848,0.0
760.0,80.0,3888.669,0.0
770.0,80.0,3710.482,0.0
780.0,80.0,3537.2202,0.0
790.0,80.0,3368.8208,0.0
800.0,80.0,3205.2158,0.0
810.0,80.0,3046.3506,0.0
820.0,80.0,2892.1655,0.0
830.0,80.0,2742.6035,0.0
840.0,80.0,2597.6128,0.0
850.0,80.0,2457.1428,0.0
860.0,80.0,2321.1426,0.0
870.0,80.0,2189.5679,0.0
880.0,80.0,2062.3716,0.0
890.0,80.0,1939.5125,0.0
900.0,80.0,1820.947,0.0
910.0,80.0,1706.638,0.0
920.0,80.0,1596.5476,0.0
930.0,80.0,1490.6395,0.0
940.0,80.0,1388.8788,0.0
950.0,80.0,1291.2329,0.0
960.0,80.0,1197.6699,0.0
970.0,80.0,1108.1599,0.0
980.0,80.0,1022.67426,0.0
990.0,80.0,941.1857,0.0
1000.0,80.0,863.6674,0.0
1010.0,80.0,790.09717,0.0
1020.0,80.0,720.4486,0.0
1030.0,80.0,654.7009,0.0
1040.0,80.0,592.8324,0.0
1050.0,80.0,534.82227,0.0
1060.0,80.0,480.65253,0.0
1070.0,80.0,430.30447,0.0
1080.0,80.0,383.76044,0.0
1090.0,80.0,341.00513,0.0
1100.0,80.0,302.02374,0.0
1110.0,80.0,266.8004,0.0
1120.0,80.0,235.3237,0.0
1130.0,80.0,207.57954,0.0
1140.0,80.0,183.55728,0.0
1150.0,80.0,163.24458,0.0
1160.0,80.0,146.63272,0.0
1170.0,80.0,133.71152,0.0
1180.0,80.0,124.47241,0.0
1190.0,80.0,118.90747,0.0
1200.0,80.0,117.00772,0.0
1210.0,80.0,118.77022,0.0
1220.0,80.0,124.1856,0.0
1230.0,80.0,133.24927,0.0
1240.0,80.0,145.95541,0.0
1250.0,80.0,162.3016,0.0
1260.0,80.0,182.28291,0.0
1270.0,80.0,205.89644,0.0
1280.0,80.0,233.1391,0.0
1290.0,80.0,264.0099,0.0
1300.0,80.0,298.50537,0.0
1310.0,80.0,336.62524,0.0
1320.0,80.0,378.36758,0.0
1330.0,80.0,423.73358,0.0
1340.0,80.0,472.72195,0.0
1350.0,80.0,525.3334,0.0
1360.0,80.0,581.569,0.0
1370.0,80.0,641.42896,0.0
1380.0,80.0,704.91565,0.0
1390.0,80.0,772.0302,0.0
1400.0,80.0,842.77496,0.0
1410.0,80.0,917.152,0.0
1420.0,80.0,995.1647,0.0
1430.0,80.0,1076.816,0.0
1440.0,80.0,1162.1079,0.0
1450.0,80.0,1251.044,0.0
1460.0,80.0,1343.6307,0.0
1470.0,80.0,1439.8679,0.0
1480.0,80.0,1539.7625,0.0
1490.0,80.0,1643.3159,0.0
1500.0,80.0,1750.5327,0.0
1510.0,80.0,1861.4226,0.0
1520.0,80.0,1975.9836,0.0
1530.0,80.0,2094.2246,0.0
1540.0,80.0,2216.1455,0.0
1550.0,80.0,2341.7593,0.0
1560.0,80.0,2471.065,0.0
1570.0,80.0,2604.0696,0.0
1580.0,80.0,2740.772,0.0
1590.0,80.0,2881.188,0.0
1600.0,80.0,3025.3208,0.0
1610.0,80.0,3173.1719,0.0
1620.0,80.0,3324.7415,0.0
1630.0,80.0,3480.0376,0.0
1640.0,80.0,3639.0742,0.0
1650.0,80.0,3801.8455,0.0
1660.0,80.0,3968.3528,0.0
1670.0,80.0,4138.615,0.0
1680.0,80.0,4312.626,0.0
1690.0,80.0,4490.399,0.0
1700.0,80.0,4671.9263,0.0
1710.0,80.0,4857.211,0.0
1720.0,80.0,5046.2617,0.0
1730.0,80.0,5239.09,0.0
1740.0,80.0,5435.6914,0.0
1750.0,80.0,5636.0557,0.0
1760.0,80.0,5840.209,0.0
1770.0,80.0,6048.128,0.0
1780.0,80.0,6259.834,0.0
1790.0,80.0,6475.31,0.0
1800.0,80.0,6694.583,0.0
-200.0,90.0,39270.906,1.0
-190.0,90.0,39270.906,1.0
-180.0,90.0,39270.906,1.0
-170.0,90.0,39270.906,1.0
-160.0,90.0,39270.906,1.0
-150.0,90.0,39270.906,1.0
-140.0,90.0,39270.906,1.0
-130.0,90.0,39270.906,1.0
-120.0,90.0,39270.906,1.0
-110.0,90.0,39270.906,1.0
-100.0,90.0,39270.906,1.0
-90.0,90.0,39270.906,1.0
-80.0,90.0,39270.906,1.0
-70.0,90.0,39270.906,1.0
-60.0,90.0,39270.906,1.0
-50.0,90.0,39270.906,1.0
-40.0,90.0,17697.34,0.0
-30.0,90.0,17552.043,0.0
-20.0,90.0,17405.902,0.0
-10.0,90.0,17258.887,0.0
0.0,90.0,17110.977,0.0
10.0,90.0,16962.14,0.0
20.0,90.0,16812.346,0.0
30.0,90.0,16661.564,0.0
40.0,90.0,16509.762,0.0
50.0,90.0,16356.907,0.0
60.0,90.0,16202.958,0.0
70.0,90.0,16047.875,0.0
80.0,90.0,15891.627,0.0
90.0,90.0,15734.212,0.0
100.0,90.0,15575.643,0.0
110.0,90.0,15415.93,0.0
120.0,90.0,15255.082,0.0
130.0,90.0,15093.11,0.0
140.0,90.0,14930.021,0.0
150.0,90.0,14765.822,0.0
160.0,90.0,14600.518,0.0
170.0,90.0,14434.113,0.0
180.0,90.0,14266.611,0.0
190.0,90.0,14098.027,0.0
200.0,90.0,13928.367,0.0
210.0,90.0,13757.647,0.0
220.0,90.0,13585.877,0.0
230.0,90.0,13413.066,0.0
240.0,90.0,13239.227,0.0
250.0,90.0,13064.365,0.0
260.0,90.0,12888.496,0.0
270.0,90.0,12711.626,0.0
280.0,90.0,12533.765,0.0
290.0,90.0,12354.922,0.0
300.0,90.0,12175.1045,0.0
310.0,90.0,11994.323,0.0
320.0,90.0,11812.585,0.0
330.0,90.0,11629.9,0.0
340.0,90.0,11446.276,0.0
350.0,90.0,11261.723,0.0
360.0,90.0,11076.248,0.0
370.0,90.0,10889.861,0.0
380.0,90.0,10702.574,0.0
390.0,90.0,10514.3955,0.0
400.0,90.0,10325.337,0.0
410.0,90.0,10135.41,0.0
420.0,90.0,9944.635,0.0
430.0,90.0,9753.018,0.0
440.0,90.0,9560.581,0.0
450.0,90.0,9367.34,0.0
460.0,90.0,9173.32,0.0
470.0,90.0,8978.543,0.0
480.0,90.0,8783.036,0.0
490.0,90.0,8586.831,0.0
500.0,90.0,8389.965,0.0
510.0,90.0,8192.475,0.0
520.0,90.0,7994.4136,0.0
530.0,90.0,7795.8306,0.0
540.0,90.0,7596.786,0.0
550.0,90.0,7397.3555,0.0
560.0,90.0,7197.6143,0.0
570.0,90.0,6997.659,0.0
580.0,90.0,6797.5938,0.0
590.0,90.0,6597.54,0.0
600.0,90.0,6397.6396,0.0
610.0,90.0,6198.052,0.0
620.0,90.0,5998.96,0.0
630.0,90.0,5800.574,0.0
640.0,90.0,5603.1333,0.0
650.0,90.0,5406.917,0.0
660.0,90.0,5212.24,0.0
670.0,90.0,5019.471,0.0
680.0,90.0,4829.0254,0.0
690.0,90.0,4641.3896,0.0
700.0,90.0,4457.1133,0.0
710.0,90.0,4276.83,0.0
720.0,90.0,4100.9272,0.0
730.0,90.0,3929.3801,0.0
740.0,90.0,3762.1375,0.0
750.0,90.0,3599.1501,0.0
760.0,90.0,3440.3684,0.0
770.0,90.0,3285.7454,0.0
780.0,90.0,3135.2378,0.0
790.0,90.0,2988.8013,0.0
800.0,90.0,2846.3926,0.0
810.0,90.0,2707.9753,0.0
820.0,90.0,2573.5093,0.0
830.0,90.0,2442.9575,0.0
840.0,90.0,2316.284,0.0
850.0,90.0,2193.455,0.0
860.0,90.0,2074.438,0.0
870.0,90.0,1959.2006,0.0
880.0,90.0,1847.7139,0.0
890.0,90.0,1739.9464,0.0
900.0,90.0,1635.8715,0.0
910.0,90.0,1535.4635,0.0
920.0,90.0,1438.6951,0.0
930.0,90.0,1345.5425,0.0
940.0,90.0,1255.9827,0.0
950.0,90.0,1169.9911,0.0
960.0,90.0,1087.5481,0.0
970.0,90.0,1008.6317,0.0
980.0,90.0,933.2228,0.0
990.0,90.0,861.3019,0.0
1000.0,90.0,792.8517,0.0
1010.0,90.0,727.8556,0.0
1020.0,90.0,666.2961,0.0
1030.0,90.0,608.1584,0.0
1040.0,90.0,553.42773,0.0
1050.0,90.0,502.0899,0.0
1060.0,90.0,454.13,0.0
1070.0,90.0,409.5383,0.0
1080.0,90.0,368.3003,0.0
1090.0,90.0,330.4065,0.0
1100.0,90.0,295.84564,0.0
1110.0,90.0,264.60764,0.0
1120.0,90.0,236.68376,0.0
1130.0,90.0,212.06404,0.0
1140.0,90.0,190.74078,0.0
1150.0,90.0,172.70685,0.0
1160.0,90.0,157.95468,0.0
1170.0,90.0,146.47736,0.0
1180.0,90.0,138.26802,0.0
1190.0,90.0,133.32236,0.0
1200.0,90.0,131.63498,0.0
1210.0,90.0,133.20073,0.0
1220.0,90.0,138.0155,0.0
1230.0,90.0,146.07545,0.0
1240.0,90.0,157.3764,0.0
1250.0,90.0,171.91583,0.0
1260.0,90.0,189.69144,0.0
1270.0,90.0,210.70087,0.0
1280.0,90.0,234.94221,0.0
1290.0,90.0,262.41345,0.0
1300.0,90.0,293.11362,0.0
1310.0,90.0,327.04166,0.0
1320.0,90.0,364.1972,0.0
1330.0,90.0,404.57935,0.0
1340.0,90.0,448.1886,0.0
1350.0,90.0,495.02472,0.0
1360.0,90.0,545.08984,0.0
1370.0,90.0,598.3825,0.0
1380.0,90.0,654.9048,0.0
1390.0,90.0,714.65796,0.0
1400.0,90.0,777.64294,0.0
1410.0,90.0,843.86304,0.0
1420.0,90.0,913.3175,0.0
1430.0,90.0,986.01025,0.0
1440.0,90.0,1061.9441,0.0
1450.0,90.0,1141.119,0.0
1460.0,90.0,1223.5388,0.0
1470.0,90.0,1309.2068,0.0
1480.0,90.0,1398.1262,0.0
1490.0,90.0,1490.2977,0.0
1500.0,90.0,1585.7249,0.0
1510.0,90.0,1684.4153,0.0
1520.0,90.0,1786.364,0.0
1530.0,90.0,1891.5825,0.0
1540.0,90.0,2000.0681,0.0
1550.0,90.0,2111.8293,0.0
1560.0,90.0,2226.8647,0.0
1570.0,90.0,2345.1812,0.0
1580.0,90.0,2466.778,0.0
1590.0,90.0,2591.6638,0.0
1600.0,90.0,2719.8442,0.0
1610.0,90.0,2851.315,0.0
1620.0,90.0,2986.086,0.0
1630.0,90.0,3124.1523,0.0
1640.0,90.0,3265.522,0.0
1650.0,90.0,3410.2048,0.0
1660.0,90.0,3558.1934,0.0
1670.0,90.0,3709.5015,0.0
1680.0,90.0,3864.1174,0.0
1690.0,90.0,4022.0632,0.0
1700.0,90.0,4183.321,0.0
1710.0,90.0,4347.9106,0.0
1720.0,90.0,4515.8213,0.0
1730.0,90.0,4687.0645,0.0
1740.0,90.0,4861.631,0.0
1750.0,90.0,5039.5396,0.0
1760.0,90.0,5220.7773,0.0
1770.0,90.0,5405.3447,0.0
1780.0,90.0,5593.2495,0.0
1790.0,90.0,5784.491,0.0
1800.0,90.0,5979.071,0.0
-200.0,100.0,39270.906,1.0
-190.0,100.0,39270.906,1.0
-180.0,100.0,39270.906,1.0
-170.0,100.0,39270.906,1.0
-160.0,100.0,39270.906,1.0
-150.0,100.0,39270.906,1.0
-140.0,100.0,39270.906,1.0
-130.0,100.0,39270.906,1.0
-120.0,100.0,39270.906,1.0
-110.0,100.0,39270.906,1.0
-100.0,100.0,39270.906,1.0
-90.0,100.0,39270.906,1.0
-80.0,100.0,39270.906,1.0
-70.0,100.0,39270.906,1.0
-60.0,100.0,39270.906,1.0
-50.0,100.0,39270.906,1.0
-40.0,100.0,16978.195,0.0
-30.0,100.0,16832.77,0.0
-20.0,100.0,16686.383,0.0
-10.0,100.0,16538.996,0.0
0.0,100.0,16390.584,0.0
10.0,100.0,16241.104,0.0
20.0,100.0,16090.52,0.0
30.0,100.0,15938.794,0.0
40.0,100.0,15785.909,0.0
50.0,100.0,15631.871,0.0
60.0,100.0,15476.689,0.0
70.0,100.0,15320.373,0.0
80.0,100.0,15162.936,0.0
90.0,100.0,15004.391,0.0
100.0,100.0,14844.752,0.0
110.0,100.0,14684.029,0.0
120.0,100.0,14522.237,0.0
130.0,100.0,14359.386,0.0
140.0,100.0,14195.488,0.0
150.0,100.0,14030.557,0.0
160.0,100.0,13864.6,0.0
170.0,100.0,13697.631,0.0
180.0,100.0,13529.659,0.0
190.0,100.0,13360.696,0.0
200.0,100.0,13190.75,0.0
210.0,100.0,13019.834,0.0
220.0,100.0,12847.957,0.0
230.0,100.0,12675.127,0.0
240.0,100.0,12501.357,0.0
250.0,100.0,12326.655,0.0
260.0,100.0,12151.033,0.0
270.0,100.0,11974.498,0.0
280.0,100.0,11797.0625,0.0
290.0,100.0,11618.736,0.0
300.0,100.0,11439.529,0.0
310.0,100.0,11259.451,0.0
320.0,100.0,11078.519,0.0
330.0,100.0,10896.736,0.0
340.0,100.0,10714.121,0.0
350.0,100.0,10530.6875,0.0
360.0,100.0,10346.449,0.0
370.0,100.0,10161.423,0.0
380.0,100.0,9975.623,0.0
390.0,100.0,9789.07,0.0
400.0,100.0,9601.785,0.0
410.0,100.0,9413.791,0.0
420.0,100.0,9225.115,0.0
430.0,100.0,9035.781,0.0
440.0,100.0,8845.826,0.0
450.0,100.0,8655.281,0.0
460.0,100.0,8464.1875,0.0
470.0,100.0,8272.591,0.0
480.0,100.0,8080.5405,0.0
490.0,100.0,7888.0923,0.0
500.0,100.0,7695.3096,0.0
510.0,100.0,7502.2666,0.0
520.0,100.0,7309.042,0.0
530.0,100.0,7115.7295,0.0
540.0,100.0,6922.4287,0.0
550.0,100.0,6729.26,0.0
560.0,100.0,6536.355,0.0
570.0,100.0,6343.862,0.0
580.0,100.0,6151.952,0.0
590.0,100.0,5960.8145,0.0
600.0,100.0,5770.668,0.0
610.0,100.0,5581.756,0.0
620.0,100.0,5394.3594,0.0
630.0,100.0,5208.793,0.0
640.0,100.0,5025.416,0.0
650.0,100.0,4844.6377,0.0
660.0,100.0,4666.921,0.0
670.0,100.0,4492.789,0.0
680.0,100.0,4322.5435,0.0
690.0,100.0,4156.167,0.0
700.0,100.0,3993.6152,0.0
710.0,100.0,3834.8499,0.0
720.0,100.0,3679.8318,0.0
730.0,100.0,3528.5237,0.0
740.0,100.0,3380.8892,0.0
750.0,100.0,3236.894,0.0
760.0,100.0,3096.5059,0.0
770.0,100.0,2959.6892,0.0
780.0,100.0,2826.4158,0.0
790.0,100.0,2696.6543,0.0
800.0,100.0,2570.374,0.0
810.0,100.0,2447.5503,0.0
820.0,100.0,2328.1543,0.0
830.0,100.0,2212.1597,0.0
840.0,100.0,2099.5425,0.0
850.0,100.0,1990.2782,0.0
860.0,100.0,1884.3427,0.0
870.0,100.0,1781.7147,0.0
880.0,100.0,1682.3723,0.0
890.0,100.0,1586.2947,0.0
900.0,100.0,1493.4612,0.0
910.0,100.0,1403.8545,0.0
920.0,100.0,1317.4553,0.0
930.0,100.0,1234.2462,0.0
940.0,100.0,1154.2103,0.0
950.0,100.0,1077.3308,0.0
960.0,100.0,1003.5928,0.0
970.0,100.0,932.9813,0.0
980.0,100.0,865.4824,0.0
990.0,100.0,801.0815,0.0
1000.0,100.0,739.7677,0.0
1010.0,100.0,681.5264,0.0
1020.0,100.0,626.34753,0.0
1030.0,100.0,574.219,0.0
1040.0,100.0,525.1293,0.0
1050.0,100.0,479.06927,0.0
1060.0,100.0,436.0296,0.0
1070.0,100.0,396.0003,0.0
1080.0,100.0,358.9729,0.0
1090.0,100.0,324.93958,0.0
1100.0,100.0,293.89243,0.0
1110.0,100.0,265.82376,0.0
1120.0,100.0,240.7273,0.0
1130.0,100.0,218.59721,0.0
1140.0,100.0,199.42609,0.0
1150.0,100.0,183.20847,0.0
1160.0,100.0,169.94014,0.0
1170.0,100.0,159.61557,0.0
1180.0,100.0,152.23007,0.0
1190.0,100.0,147.78006,0.0
1200.0,100.0,146.26099,0.0
1210.0,100.0,147.67018,0.0
1220.0,100.0,152.00406,0.0
1230.0,100.0,159.26022,0.0
1240.0,100.0,169.43549,0.0
1250.0,100.0,182.52606,0.0
1260.0,100.0,198.53378,0.0
1270.0,100.0,217.45573,0.0
1280.0,100.0,239.28806,0.0
1290.0,100.0,264.0326,0.0
1300.0,100.0,291.68677,0.0
1310.0,100.0,322.25012,0.0
1320.0,100.0,355.72235,0.0
1330.0,100.0,392.10352,0.0
1340.0,100.0,431.3927,0.0
1350.0,100.0,473.59024,0.0
1360.0,100.0,518.69855,0.0
1370.0,100.0,566.71545,0.0
1380.0,100.0,617.64374,0.0
1390.0,100.0,671.4822,0.0
1400.0,100.0,728.2337,0.0
1410.0,100.0,787.89856,0.0
1420.0,100.0,850.4777,0.0
1430.0,100.0,915.97455,0.0
1440.0,100.0,984.3892,0.0
1450.0,100.0,1055.7228,0.0
1460.0,100.0,1129.979,0.0
1470.0,100.0,1207.1597,0.0
1480.0,100.0,1287.2639,0.0
1490.0,100.0,1370.2958,0.0
1500.0,100.0,1456.2604,0.0
1510.0,100.0,1545.1548,0.0
1520.0,100.0,1636.9866,0.0
1530.0,100.0,1731.7537,0.0
1540.0,100.0,1829.4592,0.0
1550.0,100.0,1930.1062,0.0
1560.0,100.0,2033.7002,0.0
1570.0,100.0,2140.2412,0.0
1580.0,100.0,2249.7302,0.0
1590.0,100.0,2362.1704,0.0
1600.0,100.0,2477.5686,0.0
1610.0,100.0,2595.9224,0.0
1620.0,100.0,2717.2344,0.0
1630.0,100.0,2841.5107,0.0
1640.0,100.0,2968.747,0.0
1650.0,100.0,3098.9531,0.0
1660.0,100.0,3232.125,0.0
1670.0,100.0,3368.275,0.0
1680.0,100.0,3507.3901,0.0
1690.0,100.0,3649.4868,0.0
1700.0,100.0,3794.556,0.0
1710.0,100.0,3942.6023,0.0
1720.0,100.0,4093.6333,0.0
1730.0,100.0,4247.646,0.0
1740.0,100.0,4404.6377,0.0
1750.0,100.0,4564.6245,0.0
1760.0,100.0,4727.5835,0.0
1770.0,100.0,4893.5356,0.0
1780.0,100.0,5062.4683,0.0
1790.0,100.0,5234.3955,0.0
1800.0,100.0,5409.3086,0.0
-200.0,110.0,39270.906,1.0
-190.0,110.0,39270.906,1.0
-180.0,110.0,39270.906,1.0
-170.0,110.0,39270.906,1.0
-160.0,110.0,39270.906,1.0
-150.0,110.0,39270.906,1.0
-140.0,110.0,39270.906,1.0
-130.0,110.0,39270.906,1.0
-120.0,110.0,39270.906,1.0
-110.0,110.0,39270.906,1.0
-100.0,110.0,39270.906,1.0
-90.0,110.0,39270.906,1.0
-80.0,110.0,39270.906,1.0
-70.0,110.0,39270.906,1.0
-60.0,110.0,39270.906,1.0
-50.0,110.0,39270.906,1.0
-40.0,110.0,16300.141,0.0
-30.0,110.0,16153.734,0.0
-20.0,110.0,16006.237,0.0
-10.0,110.0,15857.621,0.0
0.0,110.0,15707.882,0.0
10.0,110.0,15557.035,0.0
20.0,110.0,15405.092,0.0
30.0,110.0,15252.066,0.0
40.0,110.0,15097.969,0.0
50.0,110.0,14942.8125,0.0
60.0,110.0,14786.609,0.0
70.0,110.0,14629.369,0.0
80.0,110.0,14471.105,0.0
90.0,110.0,14311.832,0.0
100.0,110.0,14151.555,0.0
110.0,110.0,13990.287,0.0
120.0,110.0,13828.04,0.0
130.0,110.0,13664.824,0.0
140.0,110.0,13500.648,0.0
150.0,110.0,13335.527,0.0
160.0,110.0,13169.468,0.0
170.0,110.0,13002.48,0.0
180.0,110.0,12834.579,0.0
190.0,110.0,12665.771,0.0
200.0,110.0,12496.066,0.0
210.0,110.0,12325.479,0.0
220.0,110.0,12154.019,0.0
230.0,110.0,11981.693,0.0
240.0,110.0,11808.518,0.0
250.0,110.0,11634.501,0.0
260.0,110.0,11459.658,0.0
270.0,110.0,11283.999,0.0
280.0,110.0,11107.539,0.0
290.0,110.0,10930.29,0.0
300.0,110.0,10752.268,0.0
310.0,110.0,10573.488,0.0
320.0,110.0,10393.968,0.0
330.0,110.0,10213.724,0.0
340.0,110.0,10032.774,0.0
350.0,110.0,9851.145,0.0
360.0,110.0,9668.857,0.0
370.0,110.0,9485.937,0.0
380.0,110.0,9302.408,0.0
390.0,110.0,9118.305,0.0
400.0,110.0,8933.658,0.0
410.0,110.0,8748.512,0.0
420.0,110.0,8562.898,0.0
430.0,110.0,8376.87,0.0
440.0,110.0,8190.4736,0.0
450.0,110.0,8003.768,0.0
460.0,110.0,7816.816,0.0
470.0,110.0,7629.6855,0.0
480.0,110.0,7442.459,0.0
490.0,110.0,7255.2197,0.0
500.0,110.0,7068.0684,0.0
510.0,110.0,6881.1123,0.0
520.0,110.0,6694.476,0.0
530.0,110.0,6508.296,0.0
540.0,110.0,6322.723,0.0
550.0,110.0,6137.9316,0.0
560.0,110.0,5954.113,0.0
570.0,110.0,5771.482,0.0
580.0,110.0,5590.283,0.0
590.0,110.0,5410.786,0.0
600.0,110.0,5233.3022,0.0
610.0,110.0,5058.172,0.0
620.0,110.0,4885.7866,0.0
630.0,110.0,4716.582,0.0
640.0,110.0,4550.857,0.0
650.0,110.0,4388.6133,0.0
660.0,110.0,4229.815,0.0
670.0,110.0,4074.4297,0.0
680.0,110.0,3922.4258,0.0
690.0,110.0,3773.772,0.0
700.0,110.0,3628.4395,0.0
710.0,110.0,3486.3994,0.0
720.0,110.0,3347.6248,0.0
730.0,110.0,3212.087,0.0
740.0,110.0,3079.7607,0.0
750.0,110.0,2950.621,0.0
760.0,110.0,2824.644,0.0
770.0,110.0,2701.806,0.0
780.0,110.0,2582.0835,0.0
790.0,110.0,2465.4548,0.0
800.0,110.0,2351.8994,0.0
810.0,110.0,2241.3965,0.0
820.0,110.0,2133.926,0.0
830.0,110.0,2029.4707,0.0
840.0,110.0,1928.0103,0.0
850.0,110.0,1829.5272,0.0
860.0,110.0,1734.0049,0.0
870.0,110.0,1641.4264,0.0
880.0,110.0,1551.7766,0.0
890.0,110.0,1465.0392,0.0
900.0,110.0,1381.1995,0.0
910.0,110.0,1300.2449,0.0
920.0,110.0,1222.1611,0.0
930.0,110.0,1146.935,0.0
940.0,110.0,1074.5541,0.0
950.0,110.0,1005.0055,0.0
960.0,110.0,938.2791,0.0
970.0,110.0,874.3628,0.0
980.0,110.0,813.2467,0.0
990.0,110.0,754.92035,0.0
1000.0,110.0,699.3744,0.0
1010.0,110.0,646.59937,0.0
1020.0,110.0,596.5867,0.0
1030.0,110.0,549.32715,0.0
1040.0,110.0,504.81348,0.0
1050.0,110.0,463.03775,0.0
1060.0,110.0,423.9931,0.0
1070.0,110.0,387.67267,0.0
1080.0,110.0,354.06934,0.0
1090.0,110.0,323.17804,0.0
1100.0,110.0,294.99167,0.0
1110.0,110.0,269.50568,0.0
1120.0,110.0,246.71436,0.0
1130.0,110.0,226.61383,0.0
1140.0,110.0,209.19843,0.0
1150.0,110.0,194.46466,0.0
1160.0,110.0,182.40839,0.0
1170.0,110.0,173.02556,0.0
1180.0,110.0,166.31299,0.0
1190.0,110.0,162.26805,0.0
1200.0,110.0,160.8872,0.0
1210.0,110.0,162.16803,0.0
1220.0,110.0,166.1089,0.0
1230.0,110.0,172.70636,0.0
1240.0,110.0,181.95908,0.0
1250.0,110.0,193.8652,0.0
1260.0,110.0,208.42291,0.0
1270.0,110.0,225.63242,0.0
1280.0,110.0,245.49129,0.0
1290.0,110.0,267.9995,0.0
1300.0,110.0,293.15536,0.0
1310.0,110.0,320.9588,0.0
1320.0,110.0,351.41022,0.0
1330.0,110.0,384.50848,0.0
1340.0,110.0,420.2531,0.0
1350.0,110.0,458.64615,0.0
1360.0,110.0,499.6864,0.0
1370.0,110.0,543.3741,0.0
1380.0,110.0,589.7101,0.0
1390.0,110.0,638.6957,0.0
1400.0,110.0,690.33154,0.0
1410.0,110.0,744.6172,0.0
1420.0,110.0,801.55444,0.0
1430.0,110.0,861.1449,0.0
1440.0,110.0,923.38983,0.0
1450.0,110.0,988.2903,0.0
1460.0,110.0,1055.8478,0.0
1470.0,110.0,1126.0632,0.0
1480.0,110.0,1198.938,0.0
1490.0,110.0,1274.4744,0.0
1500.0,110.0,1352.6746,0.0
1510.0,110.0,1433.5399,0.0
1520.0,110.0,1517.0687,0.0
1530.0,110.0,1603.2677,0.0
1540.0,110.0,1692.1373,0.0
1550.0,110.0,1783.679,0.0
1560.0,110.0,1877.8943,0.0
1570.0,110.0,1974.7833,0.0
1580.0,110.0,2074.3518,0.0
1590.0,110.0,2176.598,0.0
1600.0,110.0,2281.5303,0.0
1610.0,110.0,2389.1418,0.0
1620.0,110.0,2499.437,0.0
1630.0,110.0,2612.4229,0.0
1640.0,110.0,2728.0938,0.0
1650.0,110.0,2846.459,0.0
1660.0,110.0,2967.5107,0.0
1670.0,110.0,3091.2585,0.0
1680.0,110.0,3217.7031,0.0
1690.0,110.0,3346.841,0.0
1700.0,110.0,3478.6775,0.0
1710.0,110.0,3613.212,0.0
1720.0,110.0,3750.4492,0.0
1730.0,110.0,3890.3901,0.0
1740.0,110.0,4033.0334,0.0
1750.0,110.0,4178.3755,0.0
1760.0,110.0,4326.421,0.0
1770.0,110.0,4477.1724,0.0
1780.0,110.0,4630.632,0.0
1790.0,110.0,4786.794,0.0
1800.0,110.0,4945.6675,0.0
-200.0,120.0,39270.906,1.0
-190.0,120.0,39270.906,1.0
-180.0,120.0,39270.906,1.0
-170.0,120.0,39270.906,1.0
-160.0,120.0,39270.906,1.0
-150.0,120.0,39270.906,1.0
-140.0,120.0,39270.906,1.0
-130.0,120.0,39270.906,1.0
-120.0,120.0,39270.906,1.0
-110.0,120.0,39270.906,1.0
-100.0,120.0,39270.906,1.0
-90.0,120.0,39270.906,1.0
-80.0,120.0,39270.906,1.0
-70.0,120.0,39270.906,1.0
-60.0,120.0,39270.906,1.0
-50.0,120.0,39270.906,1.0
-40.0,120.0,15654.342,0.0
-30.0,120.0,15506.695,0.0
-20.0,120.0,15357.996,0.0
-10.0,120.0,15208.259,0.0
0.0,120.0,15057.495,0.0
10.0,120.0,14905.715,0.0
20.0,120.0,14752.93,0.0
30.0,120.0,14599.15,0.0
40.0,120.0,14444.387,0.0
50.0,120.0,14288.654,0.0
60.0,120.0,14131.959,0.0
70.0,120.0,13974.314,0.0
80.0,120.0,13815.7295,0.0
90.0,120.0,13656.215,0.0
100.0,120.0,13495.783,0.0
110.0,120.0,13334.443,0.0
120.0,120.0,13172.206,0.0
130.0,120.0,13009.083,0.0
140.0,120.0,12845.084,0.0
150.0,120.0,12680.219,0.0
160.0,120.0,12514.502,0.0
170.0,120.0,12347.942,0.0
180.0,120.0,12180.552,0.0
190.0,120.0,12012.342,0.0
200.0,120.0,11843.324,0.0
210.0,120.0,11673.515,0.0
220.0,120.0,11502.921,0.0
230.0,120.0,11331.561,0.0
240.0,120.0,11159.445,0.0
250.0,120.0,10986.593,0.0
260.0,120.0,10813.019,0.0
270.0,120.0,10638.739,0.0
280.0,120.0,10463.771,0.0
290.0,120.0,10288.137,0.0
300.0,120.0,10111.8545,0.0
310.0,120.0,9934.947,0.0
320.0,120.0,9757.439,0.0
330.0,120.0,9579.359,0.0
340.0,120.0,9400.732,0.0
350.0,120.0,9221.593,0.0
360.0,120.0,9041.973,0.0
370.0,120.0,8861.913,0.0
380.0,120.0,8681.451,0.0
390.0,120.0,8500.635,0.0
400.0,120.0,8319.511,0.0
410.0,120.0,8138.1377,0.0
420.0,120.0,7956.5767,0.0
430.0,120.0,7774.8926,0.0
440.0,120.0,7593.158,0.0
450.0,120.0,7411.458,0.0
460.0,120.0,7229.883,0.0
470.0,120.0,7048.5303,0.0
480.0,120.0,6867.5146,0.0
490.0,120.0,6686.9614,0.0
500.0,120.0,6507.004,0.0
510.0,120.0,6327.7964,0.0
520.0,120.0,6149.508,0.0
530.0,120.0,5972.33,0.0
540.0,120.0,5796.4697,0.0
550.0,120.0,5622.162,0.0
560.0,120.0,5449.672,0.0
570.0,120.0,5279.285,0.0
580.0,120.0,5111.333,0.0
590.0,120.0,4946.1763,0.0
600.0,120.0,4784.1436,0.0
610.0,120.0,4625.2744,0.0
620.0,120.0,4469.542,0.0
630.0,120.0,4316.919,0.0
640.0,120.0,4167.378,0.0
650.0,120.0,4020.8936,0.0
660.0,120.0,3877.4414,0.0
670.0,120.0,3736.9966,0.0
680.0,120.0,3599.5361,0.0
690.0,120.0,3465.0376,0.0
700.0,120.0,3333.4775,0.0
710.0,120.0,3204.8352,0.0
720.0,120.0,3079.0916,0.0
730.0,120.0,2956.223,0.0
740.0,120.0,2836.2134,0.0
750.0,120.0,2719.0425,0.0
760.0,120.0,2604.6924,0.0
770.0,120.0,2493.1448,0.0
780.0,120.0,2384.3835,0.0
790.0,120.0,2278.3926,0.0
800.0,120.0,2175.153,0.0
810.0,120.0,2074.6536,0.0
820.0,120.0,1976.877,0.0
830.0,120.0,1881.8088,0.0
840.0,120.0,1789.4354,0.0
850.0,120.0,1699.7441,0.0
860.0,120.0,1612.7214,0.0
870.0,120.0,1528.3545,0.0
880.0,120.0,1446.6322,0.0
890.0,120.0,1367.5425,0.0
900.0,120.0,1291.0724,0.0
910.0,120.0,1217.2141,0.0
920.0,120.0,1145.9558,0.0
930.0,120.0,1077.288,0.0
940.0,120.0,1011.2013,0.0
950.0,120.0,947.6858,0.0
960.0,120.0,886.7329,0.0
970.0,120.0,828.3347,0.0
980.0,120.0,772.48315,0.0
990.0,120.0,719.1695,0.0
1000.0,120.0,668.3874,0.0
1010.0,120.0,620.129,0.0
1020.0,120.0,574.3879,0.0
1030.0,120.0,531.15753,0.0
1040.0,120.0,490.432,0.0
1050.0,120.0,452.20514,0.0
1060.0,120.0,416.4718,0.0
1070.0,120.0,383.2261,0.0
1080.0,120.0,352.4634,0.0
1090.0,120.0,324.17975,0.0
1100.0,120.0,298.36902,0.0
1110.0,120.0,275.02863,0.0
1120.0,120.0,254.15271,0.0
1130.0,120.0,235.73985,0.0
1140.0,120.0,219.78476,0.0
1150.0,120.0,206.28505,0.0
1160.0,120.0,195.2377,0.0
1170.0,120.0,186.63869,0.0
1180.0,120.0,180.48663,0.0
1190.0,120.0,176.77917,0.0
1200.0,120.0,175.51315,0.0
1210.0,120.0,176.68741,0.0
1220.0,120.0,180.29962,0.0
1230.0,120.0,186.34845,0.0
1240.0,120.0,194.8316,0.0
1250.0,120.0,205.74953,0.0
1260.0,120.0,219.09735,0.0
1270.0,120.0,234.8782,0.0
1280.0,120.0,253.09038,0.0
1290.0,120.0,273.7317,0.0
1300.0,120.0,296.8027,0.0
1310.0,120.0,322.30304,0.0
1320.0,120.0,350.2308,0.0
1330.0,120.0,380.58777,0.0
1340.0,120.0,413.3731,0.0
1350.0,120.0,448.58835,0.0
1360.0,120.0,486.23087,0.0
1370.0,120.0,526.30334,0.0
1380.0,120.0,568.8048,0.0
1390.0,120.0,613.73663,0.0
1400.0,120.0,661.09814,0.0
1410.0,120.0,710.89197,0.0
1420.0,120.0,763.1179,0.0
1430.0,120.0,817.7755,0.0
1440.0,120.0,874.86804,0.0
1450.0,120.0,934.39514,0.0
1460.0,120.0,996.35864,0.0
1470.0,120.0,1060.7584,0.0
1480.0,120.0,1127.5969,0.0
1490.0,120.0,1196.8737,0.0
1500.0,120.0,1268.5935,0.0
1510.0,120.0,1342.752,0.0
1520.0,120.0,1419.3568,0.0
1530.0,120.0,1498.4037,0.0
1540.0,120.0,1579.8981,0.0
1550.0,120.0,1663.8394,0.0
1560.0,120.0,1750.2302,0.0
1570.0,120.0,1839.0703,0.0
1580.0,120.0,1930.3638,0.0
1590.0,120.0,2024.1105,0.0
1600.0,120.0,2120.3115,0.0
1610.0,120.0,2218.9668,0.0
1620.0,120.0,2320.0813,0.0
1630.0,120.0,2423.6514,0.0
1640.0,120.0,2529.6846,0.0
1650.0,120.0,2638.1772,0.0
1660.0,120.0,2749.1328,0.0
1670.0,120.0,2862.5562,0.0
1680.0,120.0,2978.4404,0.0
1690.0,120.0,3096.7935,0.0
1700.0,120.0,3217.6118,0.0
1710.0,120.0,3340.895,0.0
1720.0,120.0,3466.6548,0.0
1730.0,120.0,3594.8767,0.0
1740.0,120.0,3725.5752,0.0
1750.0,120.0,3858.7437,0.0
1760.0,120.0,3994.379,0.0
1770.0,120.0,4132.495,0.0
1780.0,120.0,4273.0723,0.0
1790.0,120.0,4416.1357,0.0
1800.0,120.0,4561.6636,0.0
-200.0,130.0,39270.906,1.0
-190.0,130.0,39270.906,1.0
-180.0,130.0,39270.906,1.0
-170.0,130.0,39270.906,1.0
-160.0,130.0,39270.906,1.0
-150.0,130.0,39270.906,1.0
-140.0,130.0,39270.906,1.0
-130.0,130.0,39270.906,1.0
-120.0,130.0,39270.906,1.0
-110.0,130.0,39270.906,1.0
-100.0,130.0,39270.906,1.0
-90.0,130.0,39270.906,1.0
-80.0,130.0,39270.906,1.0
-70.0,130.0,39270.906,1.0
-60.0,130.0,39270.906,1.0
-50.0,130.0,39270.906,1.0
-40.0,130.0,15038.774,0.0
-30.0,130.0,14890.324,0.0
-20.0,130.0,14740.905,0.0
-10.0,130.0,14590.531,0.0
0.0,130.0,14439.209,0.0
10.0,130.0,14286.953,0.0
20.0,130.0,14133.771,0.0
30.0,130.0,13979.676,0.0
40.0,130.0,13824.676,0.0
50.0,130.0,13668.782,0.0
60.0,130.0,13512.008,0.0
70.0,130.0,13354.359,0.0
80.0,130.0,13195.852,0.0
90.0,130.0,13036.494,0.0
100.0,130.0,12876.296,0.0
110.0,130.0,12715.27,0.0
120.0,130.0,12553.428,0.0
130.0,130.0,12390.779,0.0
140.0,130.0,12227.339,0.0
150.0,130.0,12063.117,0.0
160.0,130.0,11898.127,0.0
170.0,130.0,11732.383,0.0
180.0,130.0,11565.896,0.0
190.0,130.0,11398.685,0.0
200.0,130.0,11230.76,0.0
210.0,130.0,11062.138,0.0
220.0,130.0,10892.836,0.0
230.0,130.0,10722.873,0.0
240.0,130.0,10552.267,0.0
250.0,130.0,10381.037,0.0
260.0,130.0,10209.207,0.0
270.0,130.0,10036.797,0.0
280.0,130.0,9863.834,0.0
290.0,130.0,9690.344,0.0
300.0,130.0,9516.3545,0.0
310.0,130.0,9341.898,0.0
320.0,130.0,9167.009,0.0
330.0,130.0,8991.725,0.0
340.0,130.0,8816.082,0.0
350.0,130.0,8640.124,0.0
360.0,130.0,8463.909,0.0
370.0,130.0,8287.477,0.0
380.0,130.0,8110.8926,0.0
390.0,130.0,7934.2163,0.0
400.0,130.0,7757.515,0.0
410.0,130.0,7580.868,0.0
420.0,130.0,7404.3584,0.0
430.0,130.0,7228.076,0.0
440.0,130.0,7052.1235,0.0
450.0,130.0,6876.6113,0.0
460.0,130.0,6701.6636,0.0
470.0,130.0,6527.412,0.0
480.0,130.0,6354.007,0.0
490.0,130.0,6181.615,0.0
500.0,130.0,6010.4155,0.0
510.0,130.0,5840.613,0.0
520.0,130.0,5672.4297,0.0
530.0,130.0,5506.112,0.0
540.0,130.0,5341.9326,0.0
550.0,130.0,5180.201,0.0
560.0,130.0,5021.2363,0.0
570.0,130.0,4865.1724,0.0
580.0,130.0,4711.9873,0.0
590.0,130.0,4561.659,0.0
600.0,130.0,4414.1655,0.0
610.0,130.0,4269.4834,0.0
620.0,130.0,4127.5913,0.0
630.0,130.0,3988.4692,0.0
640.0,130.0,3852.0964,0.0
650.0,130.0,3718.4534,0.0
660.0,130.0,3587.5217,0.0
670.0,130.0,3459.2822,0.0
680.0,130.0,3333.716,0.0
690.0,130.0,3210.8088,0.0
700.0,130.0,3090.5405,0.0
710.0,130.0,2972.896,0.0
720.0,130.0,2857.8594,0.0
730.0,130.0,2745.415,0.0
740.0,130.0,2635.5483,0.0
750.0,130.0,2528.245,0.0
760.0,130.0,2423.4893,0.0
770.0,130.0,2321.2715,0.0
780.0,130.0,2221.5747,0.0
790.0,130.0,2124.3872,0.0
800.0,130.0,2029.696,0.0
810.0,130.0,1937.4908,0.0
820.0,130.0,1847.7595,0.0
830.0,130.0,1760.4902,0.0
840.0,130.0,1675.6729,0.0
850.0,130.0,1593.2972,0.0
860.0,130.0,1513.3528,0.0
870.0,130.0,1435.8296,0.0
880.0,130.0,1360.7191,0.0
890.0,130.0,1288.0115,0.0
900.0,130.0,1217.6975,0.0
910.0,130.0,1149.7703,0.0
920.0,130.0,1084.2214,0.0
930.0,130.0,1021.0426,0.0
940.0,130.0,960.2268,0.0
950.0,130.0,901.76685,0.0
960.0,130.0,845.65594,0.0
970.0,130.0,791.88715,0.0
980.0,130.0,740.45404,0.0
990.0,130.0,691.34973,0.0
1000.0,130.0,644.5708,0.0
1010.0,130.0,600.1094,0.0
1020.0,130.0,557.96155,0.0
1030.0,130.0,518.1216,0.0
1040.0,130.0,480.58514,0.0
1050.0,130.0,445.34753,0.0
1060.0,130.0,412.4041,0.0
1070.0,130.0,381.75076,0.0
1080.0,130.0,353.38327,0.0
1090.0,130.0,327.2983,0.0
1100.0,130.0,303.4926,0.0
1110.0,130.0,281.96228,0.0
1120.0,130.0,262.70483,0.0
1130.0,130.0,245.71643,0.0
1140.0,130.0,230.99548,0.0
1150.0,130.0,218.53894,0.0
1160.0,130.0,208.34341,0.0
1170.0,130.0,200.40831,0.0
1180.0,130.0,194.73004,0.0
1190.0,130.0,191.30795,0.0
1200.0,130.0,190.13916,0.0
1210.0,130.0,191.22311,0.0
1220.0,130.0,194.55762,0.0
1230.0,130.0,200.14203,0.0
1240.0,130.0,207.97398,0.0
1250.0,130.0,218.05356,0.0
1260.0,130.0,230.37836,0.0
1270.0,130.0,244.94916,0.0
1280.0,130.0,261.7651,0.0
1290.0,130.0,280.8256,0.0
1300.0,130.0,302.12985,0.0
1310.0,130.0,325.67773,0.0
1320.0,130.0,351.4684,0.0
1330.0,130.0,379.50186,0.0
1340.0,130.0,409.77966,0.0
1350.0,130.0,442.29993,0.0
1360.0,130.0,477.06396,0.0
1370.0,130.0,514.07153,0.0
1380.0,130.0,553.3229,0.0
1390.0,130.0,594.8177,0.0
1400.0,130.0,638.5587,0.0
1410.0,130.0,684.5439,0.0
1420.0,130.0,732.77563,0.0
1430.0,130.0,783.2543,0.0
1440.0,130.0,835.9795,0.0
1450.0,130.0,890.9523,0.0
1460.0,130.0,948.1741,0.0
1470.0,130.0,1007.64624,0.0
1480.0,130.0,1069.3684,0.0
1490.0,130.0,1133.3429,0.0
1500.0,130.0,1199.5687,0.0
1510.0,130.0,1268.0497,0.0
1520.0,130.0,1338.7844,0.0
1530.0,130.0,1411.7747,0.0
1540.0,130.0,1487.0216,0.0
1550.0,130.0,1564.527,0.0
1560.0,130.0,1644.2896,0.0
1570.0,130.0,1726.3146,0.0
1580.0,130.0,1810.5996,0.0
1590.0,130.0,1897.1467,0.0
1600.0,130.0,1985.959,0.0
1610.0,130.0,2077.0344,0.0
1620.0,130.0,2170.3757,0.0
1630.0,130.0,2265.984,0.0
1640.0,130.0,2363.8572,0.0
1650.0,130.0,2464.003,0.0
1660.0,130.0,2566.415,0.0
1670.0,130.0,2671.1006,0.0
1680.0,130.0,2778.0542,0.0
1690.0,130.0,2887.2847,0.0
1700.0,130.0,2998.7842,0.0
1710.0,130.0,3112.5615,0.0
1720.0,130.0,3228.6091,0.0
1730.0,130.0,3346.9329,0.0
1740.0,130.0,3467.5317,0.0
1750.0,130.0,3590.412,0.0
1760.0,130.0,3715.5637,0.0
1770.0,130.0,3842.9949,0.0
1780.0,130.0,3972.703,0.0
1790.0,130.0,4104.6885,0.0
1800.0,130.0,4238.951,0.0
-200.0,140.0,39270.906,1.0
-190.0,140.0,39270.906,1.0
-180.0,140.0,39270.906,1.0
-170.0,140.0,39270.906,1.0
-160.0,140.0,39270.906,1.0
-150.0,140.0,39270.906,1.0
-140.0,140.0,39270.906,1.0
-130.0,140.0,39270.906,1.0
-120.0,140.0,39270.906,1.0
-110.0,140.0,39270.906,1.0
-100.0,140.0,39270.906,1.0
-90.0,140.0,39270.906,1.0
-80.0,140.0,39270.906,1.0
-70.0,140.0,39270.906,1.0
-60.0,140.0,39270.906,1.0
-50.0,140.0,39270.906,1.0
-40.0,140.0,14452.854,0.0
-30.0,140.0,14303.992,0.0
-20.0,140.0,14154.238,0.0
-10.0,140.0,14003.603,0.0
0.0,140.0,13852.094,0.0
10.0,140.0,13699.726,0.0
20.0,140.0,13546.506,0.0
30.0,140.0,13392.447,0.0
40.0,140.0,13237.559,0.0
50.0,140.0,13081.851,0.0
60.0,140.0,12925.338,0.0
70.0,140.0,12768.027,0.0
80.0,140.0,12609.934,0.0
90.0,140.0,12451.068,0.0
100.0,140.0,12291.441,0.0
110.0,140.0,12131.068,0.0
120.0,140.0,11969.96,0.0
130.0,140.0,11808.13,0.0
140.0,140.0,11645.595,0.0
150.0,140.0,11482.364,0.0
160.0,140.0,11318.457,0.0
170.0,140.0,11153.891,0.0
180.0,140.0,10988.68,0.0
190.0,140.0,10822.84,0.0
200.0,140.0,10656.395,0.0
210.0,140.0,10489.365,0.0
220.0,140.0,10321.767,0.0
230.0,140.0,10153.624,0.0
240.0,140.0,9984.967,0.0
250.0,140.0,9815.818,0.0
260.0,140.0,9646.203,0.0
270.0,140.0,9476.156,0.0
280.0,140.0,9305.711,0.0
290.0,140.0,9134.901,0.0
300.0,140.0,8963.766,0.0
310.0,140.0,8792.346,0.0
320.0,140.0,8620.685,0.0
330.0,140.0,8448.838,0.0
340.0,140.0,8276.852,0.0
350.0,140.0,8104.792,0.0
360.0,140.0,7932.718,0.0
370.0,140.0,7760.698,0.0
380.0,140.0,7588.8125,0.0
390.0,140.0,7417.1406,0.0
400.0,140.0,7245.7744,0.0
410.0,140.0,7074.8145,0.0
420.0,140.0,6904.371,0.0
430.0,140.0,6734.5605,0.0
440.0,140.0,6565.5146,0.0
450.0,140.0,6397.3745,0.0
460.0,140.0,6230.3027,0.0
470.0,140.0,6064.4707,0.0
480.0,140.0,5900.07,0.0
490.0,140.0,5737.3105,0.0
500.0,140.0,5576.424,0.0
510.0,140.0,5417.668,0.0
520.0,140.0,5261.3237,0.0
530.0,140.0,5107.622,0.0
540.0,140.0,4956.5835,0.0
550.0,140.0,4808.1904,0.0
560.0,140.0,4662.4194,0.0
570.0,140.0,4519.254,0.0
580.0,140.0,4378.674,0.0
590.0,140.0,4240.662,0.0
600.0,140.0,4105.199,0.0
610.0,140.0,3972.2715,0.0
620.0,140.0,3841.859,0.0
630.0,140.0,3713.9475,0.0
640.0,140.0,3588.5198,0.0
650.0,140.0,3465.5623,0.0
660.0,140.0,3345.0586,0.0
670.0,140.0,3226.9954,0.0
680.0,140.0,3111.357,0.0
690.0,140.0,2998.1313,0.0
700.0,140.0,2887.3052,0.0
710.0,140.0,2778.8647,0.0
720.0,140.0,2672.7979,0.0
730.0,140.0,2569.0935,0.0
740.0,140.0,2467.7378,0.0
750.0,140.0,2368.7212,0.0
760.0,140.0,2272.0312,0.0
770.0,140.0,2177.6587,0.0
780.0,140.0,2085.592,0.0
790.0,140.0,1995.8221,0.0
800.0,140.0,1908.3374,0.0
810.0,140.0,1823.1304,0.0
820.0,140.0,1740.1907,0.0
830.0,140.0,1659.5103,0.0
840.0,140.0,1581.0813,0.0
850.0,140.0,1504.8938,0.0
860.0,140.0,1430.9402,0.0
870.0,140.0,1359.214,0.0
880.0,140.0,1289.7064,0.0
890.0,140.0,1222.4113,0.0
900.0,140.0,1157.3201,0.0
910.0,140.0,1094.4282,0.0
920.0,140.0,1033.7283,0.0
930.0,140.0,975.2146,0.0
940.0,140.0,918.8806,0.0
950.0,140.0,864.72095,0.0
960.0,140.0,812.72974,0.0
970.0,140.0,762.902,0.0
980.0,140.0,715.23236,0.0
990.0,140.0,669.71594,0.0
1000.0,140.0,626.3485,0.0
1010.0,140.0,585.1256,0.0
1020.0,140.0,546.0434,0.0
1030.0,140.0,509.09683,0.0
1040.0,140.0,474.283,0.0
1050.0,140.0,441.59784,0.0
1060.0,140.0,411.03763,0.0
1070.0,140.0,382.59875,0.0
1080.0,140.0,356.2791,0.0
1090.0,140.0,332.07486,0.0
1100.0,140.0,309.9839,0.0
1110.0,140.0,290.0026,0.0
1120.0,140.0,272.12894,0.0
1130.0,140.0,256.36108,0.0
1140.0,140.0,242.69672,0.0
1150.0,140.0,231.13277,0.0
1160.0,140.0,221.66806,0.0
1170.0,140.0,214.30026,0.0
1180.0,140.0,209.02867,0.0
1190.0,140.0,205.85089,0.0
1200.0,140.0,204.76514,0.0
1210.0,140.0,205.7717,0.0
1220.0,140.0,208.86795,0.0
1230.0,140.0,214.05368,0.0
1240.0,140.0,221.32741,0.0
1250.0,140.0,230.68825,0.0
1260.0,140.0,242.13603,0.0
1270.0,140.0,255.66809,0.0
1280.0,140.0,271.28644,0.0
1290.0,140.0,288.9909,0.0
1300.0,140.0,308.77844,0.0
1310.0,140.0,330.651,0.0
1320.0,140.0,354.60788,0.0
1330.0,140.0,380.64862,0.0
1340.0,140.0,408.77325,0.0
1350.0,140.0,438.98145,0.0
1360.0,140.0,471.27484,0.0
1370.0,140.0,505.65204,0.0
1380.0,140.0,542.1134,0.0
1390.0,140.0,580.66,0.0
1400.0,140.0,621.2914,0.0
1410.0,140.0,664.0089,0.0
1420.0,140.0,708.8122,0.0
1430.0,140.0,755.702,0.0
1440.0,140.0,804.6792,0.0
1450.0,140.0,855.7452,0.0
1460.0,140.0,908.89844,0.0
1470.0,140.0,964.14166,0.0
1480.0,140.0,1021.473,0.0
1490.0,140.0,1080.8956,0.0
1500.0,140.0,1142.4106,0.0
1510.0,140.0,1206.0168,0.0
1520.0,140.0,1271.7163,0.0
1530.0,140.0,1339.5098,0.0
1540.0,140.0,1409.3977,0.0
1550.0,140.0,1481.3817,0.0
1560.0,140.0,1555.4624,0.0
1570.0,140.0,1631.6392,0.0
1580.0,140.0,1709.916,0.0
1590.0,140.0,1790.29,0.0
1600.0,140.0,1872.7676,0.0
1610.0,140.0,1957.343,0.0
1620.0,140.0,2044.0208,0.0
1630.0,140.0,2132.7998,0.0
1640.0,140.0,2223.6829,0.0
1650.0,140.0,2316.6694,0.0
1660.0,140.0,2411.7615,0.0
1670.0,140.0,2508.9614,0.0
1680.0,140.0,2608.2642,0.0
1690.0,140.0,2709.6777,0.0
1700.0,140.0,2813.1934,0.0
1710.0,140.0,2918.8208,0.0
1720.0,140.0,3026.5576,0.0
1730.0,140.0,3136.401,0.0
1740.0,140.0,3248.36,0.0
1750.0,140.0,3362.4248,0.0
1760.0,140.0,3478.5999,0.0
1770.0,140.0,3596.8875,0.0
1780.0,140.0,3717.2815,0.0
1790.0,140.0,3839.79,0.0
1800.0,140.0,3964.413,0.0
-200.0,150.0,39270.906,1.0
-190.0,150.0,39270.906,1.0
-180.0,150.0,39270.906,1.0
-170.0,150.0,39270.906,1.0
-160.0,150.0,39270.906,1.0
-150.0,150.0,39270.906,1.0
-140.0,150.0,39270.906,1.0
-130.0,150.0,39270.906,1.0
-120.0,150.0,39270.906,1.0
-110.0,150.0,39270.906,1.0
-100.0,150.0,39270.906,1.0
-90.0,150.0,39270.906,1.0
-80.0,150.0,39270.906,1.0
-70.0,150.0,39270.906,1.0
-60.0,150.0,39270.906,1.0
-50.0,150.0,39270.906,1.0
-40.0,150.0,13895.494,0.0
-30.0,150.0,13746.545,0.0
-20.0,150.0,13596.773,0.0
-10.0,150.0,13446.189,0.0
0.0,150.0,13294.805,0.0
10.0,150.0,13142.631,0.0
20.0,150.0,12989.678,0.0
30.0,150.0,12835.957,0.0
40.0,150.0,12681.4795,0.0
50.0,150.0,12526.259,0.0
60.0,150.0,12370.307,0.0
70.0,150.0,12213.637,0.0
80.0,150.0,12056.26,0.0
90.0,150.0,11898.19,0.0
100.0,150.0,11739.443,0.0
110.0,150.0,11580.031,0.0
120.0,150.0,11419.974,0.0
130.0,150.0,11259.283,0.0
140.0,150.0,11097.977,0.0
150.0,150.0,10936.07,0.0
160.0,150.0,10773.592,0.0
170.0,150.0,10610.55,0.0
180.0,150.0,10446.973,0.0
190.0,150.0,10282.88,0.0
200.0,150.0,10118.298,0.0
210.0,150.0,9953.252,0.0
220.0,150.0,9787.764,0.0
230.0,150.0,9621.869,0.0
240.0,150.0,9455.6,0.0
250.0,150.0,9288.985,0.0
260.0,150.0,9122.066,0.0
270.0,150.0,8954.88,0.0
280.0,150.0,8787.469,0.0
290.0,150.0,8619.881,0.0
300.0,150.0,8452.164,0.0
310.0,150.0,8284.373,0.0
320.0,150.0,8116.5664,0.0
330.0,150.0,7948.8066,0.0
340.0,150.0,7781.161,0.0
350.0,150.0,7613.709,0.0
360.0,150.0,7446.5303,0.0
370.0,150.0,7279.714,0.0
380.0,150.0,7113.3545,0.0
390.0,150.0,6947.562,0.0
400.0,150.0,6782.4463,0.0
410.0,150.0,6618.135,0.0
420.0,150.0,6454.7686,0.0
430.0,150.0,6292.4897,0.0
440.0,150.0,6131.4688,0.0
450.0,150.0,5971.8843,0.0
460.0,150.0,5813.931,0.0
470.0,150.0,5657.8276,0.0
480.0,150.0,5503.808,0.0
490.0,150.0,5352.1304,0.0
500.0,150.0,5202.922,0.0
510.0,150.0,5056.177,0.0
520.0,150.0,4911.874,0.0
530.0,150.0,4769.9995,0.0
540.0,150.0,4630.534,0.0
550.0,150.0,4493.465,0.0
560.0,150.0,4358.773,0.0
570.0,150.0,4226.4463,0.0
580.0,150.0,4096.468,0.0
590.0,150.0,3968.824,0.0
600.0,150.0,3843.5015,0.0
610.0,150.0,3720.4863,0.0
620.0,150.0,3599.766,0.0
630.0,150.0,3481.3264,0.0
640.0,150.0,3365.1538,0.0
650.0,150.0,3251.2385,0.0
660.0,150.0,3139.5696,0.0
670.0,150.0,3030.1318,0.0
680.0,150.0,2922.916,0.0
690.0,150.0,2817.91,0.0
700.0,150.0,2715.1064,0.0
710.0,150.0,2614.4915,0.0
720.0,150.0,2516.0576,0.0
730.0,150.0,2419.7935,0.0
740.0,150.0,2325.6897,0.0
750.0,150.0,2233.7385,0.0
760.0,150.0,2143.9297,0.0
770.0,150.0,2056.2551,0.0
780.0,150.0,1970.7063,0.0
790.0,150.0,1887.2756,0.0
800.0,150.0,1805.9539,0.0
810.0,150.0,1726.7354,0.0
820.0,150.0,1649.6118,0.0
830.0,150.0,1574.5767,0.0
840.0,150.0,1501.622,0.0
850.0,150.0,1430.7415,0.0
860.0,150.0,1361.929,0.0
870.0,150.0,1295.1781,0.0
880.0,150.0,1230.4832,0.0
890.0,150.0,1167.8381,0.0
900.0,150.0,1107.2372,0.0
910.0,150.0,1048.6755,0.0
920.0,150.0,992.1475,0.0
930.0,150.0,937.6486,0.0
940.0,150.0,885.1739,0.0
950.0,150.0,834.7178,0.0
960.0,150.0,786.2768,0.0
970.0,150.0,739.84625,0.0
980.0,150.0,695.4219,0.0
990.0,150.0,652.99994,0.0
1000.0,150.0,612.5773,0.0
1010.0,150.0,574.15015,0.0
1020.0,150.0,537.7142,0.0
1030.0,150.0,503.2667,0.0
1040.0,150.0,470.80432,0.0
1050.0,150.0,440.32593,0.0
1060.0,150.0,411.82492,0.0
1070.0,150.0,385.3016,0.0
1080.0,150.0,360.752,0.0
1090.0,150.0,338.1751,0.0
1100.0,150.0,317.56744,0.0
1110.0,150.0,298.92633,0.0
1120.0,150.0,282.25085,0.0
1130.0,150.0,267.53925,0.0
1140.0,150.0,254.789,0.0
1150.0,150.0,243.99835,0.0
1160.0,150.0,235.16595,0.0
1170.0,150.0,228.29051,0.0
1180.0,150.0,223.3705,0.0
1190.0,150.0,220.40482,0.0
1200.0,150.0,219.39128,0.0
1210.0,150.0,220.33063,0.0
1220.0,150.0,223.22058,0.0
1230.0,150.0,228.0607,0.0
1240.0,150.0,234.85013,0.0
1250.0,150.0,243.58812,0.0
1260.0,150.0,254.27426,0.0
1270.0,150.0,266.90677,0.0
1280.0,150.0,281.4866,0.0
1290.0,150.0,298.01385,0.0
1300.0,150.0,316.48694,0.0
1310.0,150.0,336.9062,0.0
1320.0,150.0,359.27203,0.0
1330.0,150.0,383.58307,0.0
1340.0,150.0,409.84048,0.0
1350.0,150.0,438.04306,0.0
1360.0,150.0,468.1928,0.0
1370.0,150.0,500.28757,0.0
1380.0,150.0,534.32947,0.0
1390.0,150.0,570.317,0.0
1400.0,150.0,608.25146,0.0
1410.0,150.0,648.13306,0.0
1420.0,150.0,689.96204,0.0
1430.0,150.0,733.73926,0.0
1440.0,150.0,779.4645,0.0
1450.0,150.0,827.1392,0.0
1460.0,150.0,876.7638,0.0
1470.0,150.0,928.33765,0.0
1480.0,150.0,981.8622,0.0
1490.0,150.0,1037.3368,0.0
1500.0,150.0,1094.764,0.0
1510.0,150.0,1154.143,0.0
1520.0,150.0,1215.4758,0.0
1530.0,150.0,1278.7618,0.0
1540.0,150.0,1344.0024,0.0
1550.0,150.0,1411.1987,0.0
1560.0,150.0,1480.3511,0.0
1570.0,150.0,1551.459,0.0
1580.0,150.0,1624.5243,0.0
1590.0,150.0,1699.5474,0.0
1600.0,150.0,1776.5314,0.0
1610.0,150.0,1855.4734,0.0
1620.0,150.0,1936.3728,0.0
1630.0,150.0,2019.2363,0.0
1640.0,150.0,2104.059,0.0
1650.0,150.0,2190.8445,0.0
1660.0,150.0,2279.594,0.0
1670.0,150.0,2370.306,0.0
1680.0,150.0,2462.98,0.0
1690.0,150.0,2557.618,0.0
1700.0,150.0,2654.221,0.0
1710.0,150.0,2752.792,0.0
1720.0,150.0,2853.3271,0.0
1730.0,150.0,2955.8286,0.0
1740.0,150.0,3060.295,0.0
1750.0,150.0,3166.732,0.0
1760.0,150.0,3275.1328,0.0
1770.0,150.0,3385.5015,0.0
1780.0,150.0,3497.8389,0.0
1790.0,150.0,3612.143,0.0
1800.0,150.0,3728.4126,0.0
-200.0,160.0,39270.906,1.0
-190.0,160.0,39270.906,1.0
-180.0,160.0,39270.906,1.0
-170.0,160.0,39270.906,1.0
-160.0,160.0,39270.906,1.0
-150.0,160.0,39270.906,1.0
-140.0,160.0,39270.906,1.0
-130.0,160.0,39270.906,1.0
-120.0,160.0,39270.906,1.0
-110.0,160.0,39270.906,1.0
-100.0,160.0,39270.906,1.0
-90.0,160.0,39270.906,1.0
-80.0,160.0,39270.906,1.0
-70.0,160.0,39270.906,1.0
-60.0,160.0,39270.906,1.0
-50.0,160.0,39270.906,1.0
-40.0,160.0,39270.906,1.0
-30.0,160.0,13216.633,0.0
-20.0,160.0,13067.118,0.0
-10.0,160.0,12916.857,0.0
0.0,160.0,12765.867,0.0
10.0,160.0,12614.157,0.0
20.0,160.0,12461.74,0.0
30.0,160.0,12308.631,0.0
40.0,160.0,12154.837,0.0
50.0,160.0,12000.375,0.0
60.0,160.0,11845.261,0.0
70.0,160.0,11689.507,0.0
80.0,160.0,11533.129,0.0
90.0,160.0,11376.142,0.0
100.0,160.0,11218.564,0.0
110.0,160.0,11060.413,0.0
120.0,160.0,10901.705,0.0
130.0,160.0,10742.461,0.0
140.0,160.0,10582.703,0.0
150.0,160.0,10422.448,0.0
160.0,160.0,10261.729,0.0
170.0,160.0,10100.559,0.0
180.0,160.0,9938.971,0.0
190.0,160.0,9776.993,0.0
200.0,160.0,9614.652,0.0
210.0,160.0,9451.982,0.0
220.0,160.0,9289.02,0.0
230.0,160.0,9125.796,0.0
240.0,160.0,8962.357,0.0
250.0,160.0,8798.74,0.0
260.0,160.0,8634.994,0.0
270.0,160.0,8471.172,0.0
280.0,160.0,8307.32,0.0
290.0,160.0,8143.498,0.0
300.0,160.0,7979.7725,0.0
310.0,160.0,7816.2085,0.0
320.0,160.0,7652.88,0.0
330.0,160.0,7489.8643,0.0
340.0,160.0,7327.2446,0.0
350.0,160.0,7165.122,0.0
360.0,160.0,7003.592,0.0
370.0,160.0,6842.767,0.0
380.0,160.0,6682.7656,0.0
390.0,160.0,6523.7163,0.0
400.0,160.0,6365.761,0.0
410.0,160.0,6209.0557,0.0
420.0,160.0,6053.7676,0.0
430.0,160.0,5900.08,0.0
440.0,160.0,5748.195,0.0
450.0,160.0,5598.327,0.0
460.0,160.0,5450.6978,0.0
470.0,160.0,5305.371,0.0
480.0,160.0,5162.331,0.0
490.0,160.0,5021.5654,0.0
500.0,160.0,4883.057,0.0
510.0,160.0,4746.7935,0.0
520.0,160.0,4612.76,0.0
530.0,160.0,4480.944,0.0
540.0,160.0,4351.329,0.0
550.0,160.0,4223.9062,0.0
560.0,160.0,4098.662,0.0
570.0,160.0,3975.5845,0.0
580.0,160.0,3854.6597,0.0
590.0,160.0,3735.877,0.0
600.0,160.0,3619.2266,0.0
610.0,160.0,3504.697,0.0
620.0,160.0,3392.2764,0.0
630.0,160.0,3281.9543,0.0
640.0,160.0,3173.721,0.0
650.0,160.0,3067.5684,0.0
660.0,160.0,2963.4834,0.0
670.0,160.0,2861.46,0.0
680.0,160.0,2761.4868,0.0
690.0,160.0,2663.5557,0.0
700.0,160.0,2567.6582,0.0
710.0,160.0,2473.7856,0.0
720.0,160.0,2381.9302,0.0
730.0,160.0,2292.0833,0.0
740.0,160.0,2204.2385,0.0
750.0,160.0,2118.3867,0.0
760.0,160.0,2034.5232,0.0
770.0,160.0,1952.6384,0.0
780.0,160.0,1872.7258,0.0
790.0,160.0,1794.7803,0.0
800.0,160.0,1718.7933,0.0
810.0,160.0,1644.7612,0.0
820.0,160.0,1572.6763,0.0
830.0,160.0,1502.5331,0.0
840.0,160.0,1434.3264,0.0
850.0,160.0,1368.0502,0.0
860.0,160.0,1303.6993,0.0
870.0,160.0,1241.2692,0.0
880.0,160.0,1180.7539,0.0
890.0,160.0,1122.1498,0.0
900.0,160.0,1065.4514,0.0
910.0,160.0,1010.6551,0.0
920.0,160.0,957.7564,0.0
930.0,160.0,906.7507,0.0
940.0,160.0,857.63367,0.0
950.0,160.0,810.40247,0.0
960.0,160.0,765.0532,0.0
970.0,160.0,721.58246,0.0
980.0,160.0,679.98645,0.0
990.0,160.0,640.2619,0.0
1000.0,160.0,602.4066,0.0
1010.0,160.0,566.4165,0.0
1020.0,160.0,532.28925,0.0
1030.0,160.0,500.0226,0.0
1040.0,160.0,469.6135,0.0
1050.0,160.0,441.05902,0.0
1060.0,160.0,414.3575,0.0
1070.0,160.0,389.50665,0.0
1080.0,160.0,366.50336,0.0
1090.0,160.0,345.3474,0.0
1100.0,160.0,326.03555,0.0
1110.0,160.0,308.56677,0.0
1120.0,160.0,292.93872,0.0
1130.0,160.0,279.14978,0.0
1140.0,160.0,267.199,0.0
1150.0,160.0,257.08472,0.0
1160.0,160.0,248.80566,0.0
1170.0,160.0,242.36044,0.0
1180.0,160.0,237.74815,0.0
1190.0,160.0,234.96776,0.0
1200.0,160.0,234.01804,0.0
1210.0,160.0,234.89815,0.0
1220.0,160.0,237.60764,0.0
1230.0,160.0,242.14517,0.0
1240.0,160.0,248.51056,0.0
1250.0,160.0,256.70306,0.0
1260.0,160.0,266.72278,0.0
1270.0,160.0,278.56787,0.0
1280.0,160.0,292.23758,0.0
1290.0,160.0,307.73486,0.0
1300.0,160.0,325.05682,0.0
1310.0,160.0,344.20416,0.0
1320.0,160.0,365.1762,0.0
1330.0,160.0,387.97256,0.0
1340.0,160.0,412.59473,0.0
1350.0,160.0,439.04175,0.0
1360.0,160.0,467.3131,0.0
1370.0,160.0,497.4096,0.0
1380.0,160.0,529.33136,0.0
1390.0,160.0,563.07855,0.0
1400.0,160.0,598.6511,0.0
1410.0,160.0,636.04944,0.0
1420.0,160.0,675.2741,0.0
1430.0,160.0,716.32513,0.0
1440.0,160.0,759.2036,0.0
1450.0,160.0,803.9083,0.0
1460.0,160.0,850.44135,0.0
1470.0,160.0,898.8029,0.0
1480.0,160.0,948.9926,0.0
1490.0,160.0,1001.0126,0.0
1500.0,160.0,1054.8604,0.0
1510.0,160.0,1110.539,0.0
1520.0,160.0,1168.0474,0.0
1530.0,160.0,1227.3875,0.0
1540.0,160.0,1288.5598,0.0
1550.0,160.0,1351.5637,0.0
1560.0,160.0,1416.4021,0.0
1570.0,160.0,1483.0723,0.0
1580.0,160.0,1551.5773,0.0
1590.0,160.0,1621.9175,0.0
1600.0,160.0,1694.0938,0.0
1610.0,160.0,1768.1042,0.0
1620.0,160.0,1843.9512,0.0
1630.0,160.0,1921.6356,0.0
1640.0,160.0,2001.1572,0.0
1650.0,160.0,2082.5156,0.0
1660.0,160.0,2165.713,0.0
1670.0,160.0,2250.7485,0.0
1680.0,160.0,2337.6245,0.0
1690.0,160.0,2426.3416,0.0
1700.0,160.0,2516.8977,0.0
1710.0,160.0,2609.2915,0.0
1720.0,160.0,2703.5322,0.0
1730.0,160.0,2799.6104,0.0
1740.0,160.0,2897.5303,0.0
1750.0,160.0,2997.291,0.0
1760.0,160.0,3098.8975,0.0
1770.0,160.0,3202.3394,0.0
1780.0,160.0,3307.6274,0.0
1790.0,160.0,3414.763,0.0
1800.0,160.0,3523.7324,0.0
-200.0,170.0,39270.906,1.0
-190.0,170.0,39270.906,1.0
-180.0,170.0,39270.906,1.0
-170.0,170.0,39270.906,1.0
-160.0,170.0,39270.906,1.0
-150.0,170.0,39270.906,1.0
-140.0,170.0,39270.906,1.0
-130.0,170.0,39270.906,1.0
-120.0,170.0,39270.906,1.0
-110.0,170.0,39270.906,1.0
-100.0,170.0,39270.906,1.0
-90.0,170.0,39270.906,1.0
-80.0,170.0,39270.906,1.0
-70.0,170.0,39270.906,1.0
-60.0,170.0,39270.906,1.0
-50.0,170.0,39270.906,1.0
-40.0,170.0,39270.906,1.0
-30.0,170.0,12712.883,0.0
-20.0,170.0,12563.866,0.0
-10.0,170.0,12414.176,0.0
0.0,170.0,12263.825,0.0
10.0,170.0,12112.825,0.0
20.0,170.0,11961.193,0.0
30.0,170.0,11808.941,0.0
40.0,170.0,11656.086,0.0
50.0,170.0,11502.641,0.0
60.0,170.0,11348.622,0.0
70.0,170.0,11194.051,0.0
80.0,170.0,11038.939,0.0
90.0,170.0,10883.312,0.0
100.0,170.0,10727.183,0.0
110.0,170.0,10570.578,0.0
120.0,170.0,10413.519,0.0
130.0,170.0,10256.025,0.0
140.0,170.0,10098.125,0.0
150.0,170.0,9939.846,0.0
160.0,170.0,9781.212,0.0
170.0,170.0,9622.259,0.0
180.0,170.0,9463.018,0.0
190.0,170.0,9303.518,0.0
200.0,170.0,9143.803,0.0
210.0,170.0,8983.908,0.0
220.0,170.0,8823.879,0.0
230.0,170.0,8663.754,0.0
240.0,170.0,8503.59,0.0
250.0,170.0,8343.436,0.0
260.0,170.0,8183.347,0.0
270.0,170.0,8023.3896,0.0
280.0,170.0,7863.623,0.0
290.0,170.0,7704.1206,0.0
300.0,170.0,7544.959,0.0
310.0,170.0,7386.2207,0.0
320.0,170.0,7227.9956,0.0
330.0,170.0,7070.377,0.0
340.0,170.0,6913.471,0.0
350.0,170.0,6757.3926,0.0
360.0,170.0,6602.2607,0.0
370.0,170.0,6448.211,0.0
380.0,170.0,6295.3857,0.0
390.0,170.0,6143.9434,0.0
400.0,170.0,5994.0503,0.0
410.0,170.0,5845.896,0.0
420.0,170.0,5699.679,0.0
430.0,170.0,5555.584,0.0
440.0,170.0,5413.6406,0.0
450.0,170.0,5273.8354,0.0
460.0,170.0,5136.1553,0.0
470.0,170.0,5000.5864,0.0
480.0,170.0,4867.117,0.0
490.0,170.0,4735.7363,0.0
500.0,170.0,4606.431,0.0
510.0,170.0,4479.1895,0.0
520.0,170.0,4354.0,0.0
530.0,170.0,4230.8545,0.0
540.0,170.0,4109.738,0.0
550.0,170.0,3990.6418,0.0
560.0,170.0,3873.5576,0.0
570.0,170.0,3758.474,0.0
580.0,170.0,3645.38,0.0
590.0,170.0,3534.2666,0.0
600.0,170.0,3425.1245,0.0
610.0,170.0,3317.9463,0.0
620.0,170.0,3212.7214,0.0
630.0,170.0,3109.4434,0.0
640.0,170.0,3008.1006,0.0
650.0,170.0,2908.6873,0.0
660.0,170.0,2811.1953,0.0
670.0,170.0,2715.6162,0.0
680.0,170.0,2621.9421,0.0
690.0,170.0,2530.1675,0.0
700.0,170.0,2440.2832,0.0
710.0,170.0,2352.2847,0.0
720.0,170.0,2266.1633,0.0
730.0,170.0,2181.9124,0.0
740.0,170.0,2099.526,0.0
750.0,170.0,2018.9994,0.0
760.0,170.0,1940.3248,0.0
770.0,170.0,1863.4971,0.0
780.0,170.0,1788.51,0.0
790.0,170.0,1715.3596,0.0
800.0,170.0,1644.0383,0.0
810.0,170.0,1574.5435,0.0
820.0,170.0,1506.8688,0.0
830.0,170.0,1441.009,0.0
840.0,170.0,1376.9607,0.0
850.0,170.0,1314.7183,0.0
860.0,170.0,1254.2778,0.0
870.0,170.0,1195.6353,0.0
880.0,170.0,1138.7864,0.0
890.0,170.0,1083.7273,0.0
900.0,170.0,1030.4531,0.0
910.0,170.0,978.9618,0.0
920.0,170.0,929.2491,0.0
930.0,170.0,881.31116,0.0
940.0,170.0,835.14514,0.0
950.0,170.0,790.74786,0.0
960.0,170.0,748.116,0.0
970.0,170.0,707.2473,0.0
980.0,170.0,668.1386,0.0
990.0,170.0,630.7864,0.0
1000.0,170.0,595.18933,0.0
1010.0,170.0,561.3444,0.0
1020.0,170.0,529.24963,0.0
1030.0,170.0,498.90228,0.0
1040.0,170.0,470.30032,0.0
1050.0,170.0,443.44153,0.0
1060.0,170.0,418.3244,0.0
1070.0,170.0,394.94653,0.0
1080.0,170.0,373.30594,0.0
1090.0,170.0,353.40234,0.0
1100.0,170.0,335.2326,0.0
1110.0,170.0,318.79617,0.0
1120.0,170.0,304.09116,0.0
1130.0,170.0,291.11615,0.0
1140.0,170.0,279.87054,0.0
1150.0,170.0,270.35284,0.0
1160.0,170.0,262.56122,0.0
1170.0,170.0,256.49567,0.0
1180.0,170.0,252.15488,0.0
1190.0,170.0,249.53802,0.0
1200.0,170.0,248.64362,0.0
1210.0,170.0,249.47205,0.0
1220.0,170.0,252.02216,0.0
1230.0,170.0,256.29312,0.0
1240.0,170.0,262.28415,0.0
1250.0,170.0,269.99548,0.0
1260.0,170.0,279.4265,0.0
1270.0,170.0,290.5767,0.0
1280.0,170.0,303.4443,0.0
1290.0,170.0,318.03137,0.0
1300.0,170.0,334.33676,0.0
1310.0,170.0,352.36072,0.0
1320.0,170.0,372.10278,0.0
1330.0,170.0,393.56256,0.0
1340.0,170.0,416.74026,0.0
1350.0,170.0,441.63586,0.0
1360.0,170.0,468.2503,0.0
1370.0,170.0,496.5822,0.0
1380.0,170.0,526.6325,0.0
1390.0,170.0,558.40125,0.0
1400.0,170.0,591.8876,0.0
1410.0,170.0,627.09424,0.0
1420.0,170.0,664.0188,0.0
1430.0,170.0,702.6631,0.0
1440.0,170.0,743.0265,0.0
1450.0,170.0,785.1102,0.0
1460.0,170.0,828.9147,0.0
1470.0,170.0,874.43896,0.0
1480.0,170.0,921.68506,0.0
1490.0,170.0,970.6517,0.0
1500.0,170.0,1021.3413,0.0
1510.0,170.0,1073.753,0.0
1520.0,170.0,1127.8867,0.0
1530.0,170.0,1183.7428,0.0
1540.0,170.0,1241.3241,0.0
1550.0,170.0,1300.6282,0.0
1560.0,170.0,1361.6582,0.0
1570.0,170.0,1424.4114,0.0
1580.0,170.0,1488.8922,0.0
1590.0,170.0,1555.0983,0.0
1600.0,170.0,1623.032,0.0
1610.0,170.0,1692.6904,0.0
1620.0,170.0,1764.0779,0.0
1630.0,170.0,1837.1917,0.0
1640.0,170.0,1912.0344,0.0
1650.0,170.0,1988.6072,0.0
1660.0,170.0,2066.9067,0.0
1670.0,170.0,2146.937,0.0
1680.0,170.0,2228.6985,0.0
1690.0,170.0,2312.188,0.0
1700.0,170.0,2397.4084,0.0
1710.0,170.0,2484.359,0.0
1720.0,170.0,2573.041,0.0
1730.0,170.0,2663.4575,0.0
1740.0,170.0,2755.6016,0.0
1750.0,170.0,2849.481,0.0
1760.0,170.0,2945.0889,0.0
1770.0,170.0,3042.4302,0.0
1780.0,170.0,3141.504,0.0
1790.0,170.0,3242.3115,0.0
1800.0,170.0,3344.8503,0.0
-200.0,180.0,39270.906,1.0
-190.0,180.0,39270.906,1.0
-180.0,180.0,39270.906,1.0
-170.0,180.0,39270.906,1.0
-160.0,180.0,39270.906,1.0
-150.0,180.0,39270.906,1.0
-140.0,180.0,39270.906,1.0
-130.0,180.0,39270.906,1.0
-120.0,180.0,39270.906,1.0
-110.0,180.0,39270.906,1.0
-100.0,180.0,39270.906,1.0
-90.0,180.0,39270.906,1.0
-80.0,180.0,39270.906,1.0
-70.0,180.0,39270.906,1.0
-60.0,180.0,39270.906,1.0
-50.0,180.0,39270.906,1.0
-40.0,180.0,39270.906,1.0
-30.0,180.0,12233.957,0.0
-20.0,180.0,12085.666,0.0
-10.0,180.0,11936.771,0.0
0.0,180.0,11787.289,0.0
10.0,180.0,11637.234,0.0
20.0,180.0,11486.621,0.0
30.0,180.0,11335.468,0.0
40.0,180.0,11183.79,0.0
50.0,180.0,11031.605,0.0
60.0,180.0,10878.9375,0.0
70.0,180.0,10725.803,0.0
80.0,180.0,10572.223,0.0
90.0,180.0,10418.221,0.0
100.0,180.0,10263.816,0.0
110.0,180.0,10109.042,0.0
120.0,180.0,9953.919,0.0
130.0,180.0,9798.477,0.0
140.0,180.0,9642.748,0.0
150.0,180.0,9486.76,0.0
160.0,180.0,9330.549,0.0
170.0,180.0,9174.154,0.0
180.0,180.0,9017.611,0.0
190.0,180.0,8860.961,0.0
200.0,180.0,8704.252,0.0
210.0,180.0,8547.527,0.0
220.0,180.0,8390.841,0.0
230.0,180.0,8234.246,0.0
240.0,180.0,8077.803,0.0
250.0,180.0,7921.574,0.0
260.0,180.0,7765.629,0.0
270.0,180.0,7610.0386,0.0
280.0,180.0,7454.884,0.0
290.0,180.0,7300.249,0.0
300.0,180.0,7146.2236,0.0
310.0,180.0,6992.908,0.0
320.0,180.0,6840.407,0.0
330.0,180.0,6688.838,0.0
340.0,180.0,6538.3203,0.0
350.0,180.0,6388.994,0.0
360.0,180.0,6241.0024,0.0
370.0,180.0,6094.502,0.0
380.0,180.0,5949.6655,0.0
390.0,180.0,5806.676,0.0
400.0,180.0,5665.6875,0.0
410.0,180.0,5526.7188,0.0
420.0,180.0,5389.759,0.0
430.0,180.0,5254.794,0.0
440.0,180.0,5121.813,0.0
450.0,180.0,4990.8057,0.0
460.0,180.0,4861.761,0.0
470.0,180.0,4734.669,0.0
480.0,180.0,4609.5176,0.0
490.0,180.0,4486.298,0.0
500.0,180.0,4365.0005,0.0
510.0,180.0,4245.615,0.0
520.0,180.0,4128.133,0.0
530.0,180.0,4012.5444,0.0
540.0,180.0,3898.8403,0.0
550.0,180.0,3787.0137,0.0
560.0,180.0,3677.0547,0.0
570.0,180.0,3568.9546,0.0
580.0,180.0,3462.7053,0.0
590.0,180.0,3358.2986,0.0
600.0,180.0,3255.7295,0.0
610.0,180.0,3154.9883,0.0
620.0,180.0,3056.0671,0.0
630.0,180.0,2958.9604,0.0
640.0,180.0,2863.6582,0.0
650.0,180.0,2770.158,0.0
660.0,180.0,2678.4502,0.0
670.0,180.0,2588.5303,0.0
680.0,180.0,2500.3892,0.0
690.0,180.0,2414.0244,0.0
700.0,180.0,2329.4265,0.0
710.0,180.0,2246.5933,0.0
720.0,180.0,2165.516,0.0
730.0,180.0,2086.1904,0.0
740.0,180.0,2008.6105,0.0
750.0,180.0,1932.773,0.0
760.0,180.0,1858.6721,0.0
770.0,180.0,1786.3018,0.0
780.0,180.0,1715.6583,0.0
790.0,180.0,1646.7366,0.0
800.0,180.0,1579.5323,0.0
810.0,180.0,1514.042,0.0
820.0,180.0,1450.2609,0.0
830.0,180.0,1388.1841,0.0
840.0,180.0,1327.8091,0.0
850.0,180.0,1269.1316,0.0
860.0,180.0,1212.1481,0.0
870.0,180.0,1156.8541,0.0
880.0,180.0,1103.2476,0.0
890.0,180.0,1051.324,0.0
900.0,180.0,1001.0801,0.0
910.0,180.0,952.5139,0.0
920.0,180.0,905.6212,0.0
930.0,180.0,860.40027,0.0
940.0,180.0,816.8473,0.0
950.0,180.0,774.9602,0.0
960.0,180.0,734.73663,0.0
970.0,180.0,696.1738,0.0
980.0,180.0,659.26904,0.0
990.0,180.0,624.02075,0.0
1000.0,180.0,590.4265,0.0
1010.0,180.0,558.4844,0.0
1020.0,180.0,528.1918,0.0
1030.0,180.0,499.54715,0.0
1040.0,180.0,472.54892,0.0
1050.0,180.0,447.19464,0.0
1060.0,180.0,423.48346,0.0
1070.0,180.0,401.4133,0.0
1080.0,180.0,380.9829,0.0
1090.0,180.0,362.19067,0.0
1100.0,180.0,345.03534,0.0
1110.0,180.0,329.51648,0.0
1120.0,180.0,315.6313,0.0
1130.0,180.0,303.37973,0.0
1140.0,180.0,292.76007,0.0
1150.0,180.0,283.7719,0.0
1160.0,180.0,276.41418,0.0
1170.0,180.0,270.68585,0.0
1180.0,180.0,266.58618,0.0
1190.0,180.0,264.1146,0.0
1200.0,180.0,263.2696,0.0
1210.0,180.0,264.0523,0.0
1220.0,180.0,266.4604,0.0
1230.0,180.0,270.494,0.0
1240.0,180.0,276.15244,0.0
1250.0,180.0,283.4358,0.0
1260.0,180.0,292.3436,0.0
1270.0,180.0,302.8756,0.0
1280.0,180.0,315.02982,0.0
1290.0,180.0,328.80765,0.0
1300.0,180.0,344.20905,0.0
1310.0,180.0,361.23383,0.0
1320.0,180.0,379.8821,0.0
1330.0,180.0,400.1525,0.0
1340.0,180.0,422.04675,0.0
1350.0,180.0,445.56274,0.0
1360.0,180.0,470.70276,0.0
1370.0,180.0,497.46512,0.0
1380.0,180.0,525.8501,0.0
1390.0,180.0,555.8594,0.0
1400.0,180.0,587.49176,0.0
1410.0,180.0,620.7473,0.0
1420.0,180.0,655.62695,0.0
1430.0,180.0,692.1299,0.0
1440.0,180.0,730.2576,0.0
1450.0,180.0,770.0094,0.0
1460.0,180.0,811.38696,0.0
1470.0,180.0,854.38885,0.0
1480.0,180.0,899.016,0.0
1490.0,180.0,945.2699,0.0
1500.0,180.0,993.1482,0.0
1510.0,180.0,1042.6537,0.0
1520.0,180.0,1093.7874,0.0
1530.0,180.0,1146.5471,0.0
1540.0,180.0,1200.9336,0.0
1550.0,180.0,1256.9481,0.0
1560.0,180.0,1314.5923,0.0
1570.0,180.0,1373.864,0.0
1580.0,180.0,1434.7661,0.0
1590.0,180.0,1497.2966,0.0
1600.0,180.0,1561.458,0.0
1610.0,180.0,1627.25,0.0
1620.0,180.0,1694.6715,0.0
1630.0,180.0,1763.7241,0.0
1640.0,180.0,1834.4076,0.0
1650.0,180.0,1906.7251,0.0
1660.0,180.0,1980.6726,0.0
1670.0,180.0,2056.2537,0.0
1680.0,180.0,2133.4673,0.0
1690.0,180.0,2212.313,0.0
1700.0,180.0,2292.793,0.0
1710.0,180.0,2374.907,0.0
1720.0,180.0,2458.6523,0.0
1730.0,180.0,2544.0337,0.0
1740.0,180.0,2631.0483,0.0
1750.0,180.0,2719.6997,0.0
1760.0,180.0,2809.9834,0.0
1770.0,180.0,2901.9014,0.0
1780.0,180.0,2995.4546,0.0
1790.0,180.0,3090.643,0.0
1800.0,180.0,3187.4678,0.0
-200.0,190.0,39270.906,1.0
-190.0,190.0,39270.906,1.0
-180.0,190.0,39270.906,1.0
-170.0,190.0,39270.906,1.0
-160.0,190.0,39270.906,1.0
-150.0,190.0,39270.906,1.0
-140.0,190.0,39270.906,1.0
-130.0,190.0,39270.906,1.0
-120.0,190.0,39270.906,1.0
-110.0,190.0,39270.906,1.0
-100.0,190.0,39270.906,1.0
-90.0,190.0,39270.906,1.0
-80.0,190.0,39270.906,1.0
-70.0,190.0,39270.906,1.0
-60.0,190.0,39270.906,1.0
-50.0,190.0,39270.906,1.0
-40.0,190.0,39270.906,1.0
-30.0,190.0,11778.61,0.0
-20.0,190.0,11631.258,0.0
-10.0,190.0,11483.376,0.0
0.0,190.0,11334.979,0.0
10.0,190.0,11186.089,0.0
20.0,190.0,11036.72,0.0
30.0,190.0,10886.894,0.0
40.0,190.0,10736.631,0.0
50.0,190.0,10585.945,0.0
60.0,190.0,10434.871,0.0
70.0,190.0,10283.426,0.0
80.0,190.0,10131.633,0.0
90.0,190.0,9979.52,0.0
100.0,190.0,9827.117,0.0
110.0,190.0,9674.451,0.0
120.0,190.0,9521.558,0.0
130.0,190.0,9368.466,0.0
140.0,190.0,9215.215,0.0
150.0,190.0,9061.835,0.0
160.0,190.0,8908.378,0.0
170.0,190.0,8754.88,0.0
180.0,190.0,8601.393,0.0
190.0,190.0,8447.959,0.0
200.0,190.0,8294.635,0.0
210.0,190.0,8141.4805,0.0
220.0,190.0,7988.549,0.0
230.0,190.0,7835.91,0.0
240.0,190.0,7683.633,0.0
250.0,190.0,7531.795,0.0
260.0,190.0,7380.473,0.0
270.0,190.0,7229.753,0.0
280.0,190.0,7079.731,0.0
290.0,190.0,6930.505,0.0
300.0,190.0,6782.1816,0.0
310.0,190.0,6634.876,0.0
320.0,190.0,6488.717,0.0
330.0,190.0,6343.835,0.0
340.0,190.0,6200.379,0.0
350.0,190.0,6058.504,0.0
360.0,190.0,5918.382,0.0
370.0,190.0,5780.1475,0.0
380.0,190.0,5643.818,0.0
390.0,190.0,5509.379,0.0
400.0,190.0,5376.821,0.0
410.0,190.0,5246.1357,0.0
420.0,190.0,5117.312,0.0
430.0,190.0,4990.3413,0.0
440.0,190.0,4865.211,0.0
450.0,190.0,4741.916,0.0
460.0,190.0,4620.4453,0.0
470.0,190.0,4500.79,0.0
480.0,190.0,4382.9424,0.0
490.0,190.0,4266.8936,0.0
500.0,190.0,4152.6343,0.0
510.0,190.0,4040.1567,0.0
520.0,190.0,3929.4546,0.0
530.0,190.0,3820.5195,0.0
540.0,190.0,3713.3428,0.0
550.0,190.0,3607.9194,0.0
560.0,190.0,3504.239,0.0
570.0,190.0,3402.2988,0.0
580.0,190.0,3302.0889,0.0
590.0,190.0,3203.6038,0.0
600.0,190.0,3106.8352,0.0
610.0,190.0,3011.7803,0.0
620.0,190.0,2918.4297,0.0
630.0,190.0,2826.7786,0.0
640.0,190.0,2736.8218,0.0
650.0,190.0,2648.552,0.0
660.0,190.0,2561.9653,0.0
670.0,190.0,2477.0552,0.0
680.0,190.0,2393.816,0.0
690.0,190.0,2312.2441,0.0
700.0,190.0,2232.3328,0.0
710.0,190.0,2154.0786,0.0
720.0,190.0,2077.476,0.0
730.0,190.0,2002.521,0.0
740.0,190.0,1929.2079,0.0
750.0,190.0,1857.534,0.0
760.0,190.0,1787.494,0.0
770.0,190.0,1719.0844,0.0
780.0,190.0,1652.3002,0.0
790.0,190.0,1587.1384,0.0
800.0,190.0,1523.5942,0.0
810.0,190.0,1461.6655,0.0
820.0,190.0,1401.3478,0.0
830.0,190.0,1342.638,0.0
840.0,190.0,1285.5337,0.0
850.0,190.0,1230.0292,0.0
860.0,190.0,1176.1238,0.0
870.0,190.0,1123.8132,0.0
880.0,190.0,1073.0952,0.0
890.0,190.0,1023.9654,0.0
900.0,190.0,976.4221,0.0
910.0,190.0,930.463,0.0
920.0,190.0,886.0857,0.0
930.0,190.0,843.2875,0.0
940.0,190.0,802.0663,0.0
950.0,190.0,762.4188,0.0
960.0,190.0,724.3438,0.0
970.0,190.0,687.83923,0.0
980.0,190.0,652.9021,0.0
990.0,190.0,619.53143,0.0
1000.0,190.0,587.7252,0.0
1010.0,190.0,557.48157,0.0
1020.0,190.0,528.7987,0.0
1030.0,190.0,501.67523,0.0
1040.0,190.0,476.10956,0.0
1050.0,190.0,452.0997,0.0
1060.0,190.0,429.6454,0.0
1070.0,190.0,408.74396,0.0
1080.0,190.0,389.39444,0.0
1090.0,190.0,371.59717,0.0
1100.0,190.0,355.34814,0.0
1110.0,190.0,340.6492,0.0
1120.0,190.0,327.49747,0.0
1130.0,190.0,315.89197,0.0
1140.0,190.0,305.83258,0.0
1150.0,190.0,297.3186,0.0
1160.0,190.0,290.34863,0.0
1170.0,190.0,284.9217,0.0
1180.0,190.0,281.03793,0.0
1190.0,190.0,278.6963,0.0
1200.0,190.0,277.89587,0.0
1210.0,190.0,278.63702,0.0
1220.0,190.0,280.9181,0.0
1230.0,190.0,284.7395,0.0
1240.0,190.0,290.10092,0.0
1250.0,190.0,297.0014,0.0
1260.0,190.0,305.4403,0.0
1270.0,190.0,315.41843,0.0
1280.0,190.0,326.9351,0.0
1290.0,190.0,339.98843,0.0
1300.0,190.0,354.58035,0.0
1310.0,190.0,370.71127,0.0
1320.0,190.0,388.3799,0.0
1330.0,190.0,407.58636,0.0
1340.0,190.0,428.33063,0.0
1350.0,190.0,450.61212,0.0
1360.0,190.0,474.43155,0.0
1370.0,190.0,499.78967,0.0
1380.0,190.0,526.6849,0.0
1390.0,190.0,555.1182,0.0
1400.0,190.0,585.08984,0.0
1410.0,190.0,616.6,0.0
1420.0,190.0,649.6478,0.0
1430.0,190.0,684.235,0.0
1440.0,190.0,720.36066,0.0
1450.0,190.0,758.02637,0.0
1460.0,190.0,797.2304,0.0
1470.0,190.0,837.9748,0.0
1480.0,190.0,880.2583,0.0
1490.0,190.0,924.08167,0.0
1500.0,190.0,969.44617,0.0
1510.0,190.0,1016.35114,0.0
1520.0,190.0,1064.7975,0.0
1530.0,190.0,1114.785,0.0
1540.0,190.0,1166.3147,0.0
1550.0,190.0,1219.3854,0.0
1560.0,190.0,1273.9989,0.0
1570.0,190.0,1330.1544,0.0
1580.0,190.0,1387.8534,0.0
1590.0,190.0,1447.095,0.0
1600.0,190.0,1507.8823,0.0
1610.0,190.0,1570.2124,0.0
1620.0,190.0,1634.086,0.0
1630.0,190.0,1699.5043,0.0
1640.0,190.0,1766.4685,0.0
1650.0,190.0,1834.9777,0.0
1660.0,190.0,1905.0298,0.0
1670.0,190.0,1976.6306,0.0
1680.0,190.0,2049.7769,0.0
1690.0,190.0,2124.4678,0.0
1700.0,190.0,2200.7065,0.0
1710.0,190.0,2278.4932,0.0
1720.0,190.0,2357.825,0.0
1730.0,190.0,2438.7031,0.0
1740.0,190.0,2521.13,0.0
1750.0,190.0,2605.1045,0.0
1760.0,190.0,2690.624,0.0
1770.0,190.0,2777.6917,0.0
1780.0,190.0,2866.3083,0.0
1790.0,190.0,2956.4736,0.0
1800.0,190.0,3048.1836,0.0
-200.0,200.0,39270.906,1.0
-190.0,200.0,39270.906,1.0
-180.0,200.0,39270.906,1.0
-170.0,200.0,39270.906,1.0
-160.0,200.0,39270.906,1.0
-150.0,200.0,39270.906,1.0
-140.0,200.0,39270.906,1.0
-130.0,200.0,39270.906,1.0
-120.0,200.0,39270.906,1.0
-110.0,200.0,39270.906,1.0
-100.0,200.0,39270.906,1.0
-90.0,200.0,39270.906,1.0
-80.0,200.0,39270.906,1.0
-70.0,200.0,39270.906,1.0
-60.0,200.0,39270.906,1.0
-50.0,200.0,39270.906,1.0
-40.0,200.0,39270.906,1.0
-30.0,200.0,11345.691,0.0
-20.0,200.0,11199.48,0.0
-10.0,200.0,11052.815,0.0
0.0,200.0,10905.72,0.0
10.0,200.0,10758.207,0.0
20.0,200.0,10610.303,0.0
30.0,200.0,10462.027,0.0
40.0,200.0,10313.406,0.0
50.0,200.0,10164.46,0.0
60.0,200.0,10015.219,0.0
70.0,200.0,9865.709,0.0
80.0,200.0,9715.96,0.0
90.0,200.0,9566.002,0.0
100.0,200.0,9415.867,0.0
110.0,200.0,9265.591,0.0
120.0,200.0,9115.209,0.0
130.0,200.0,8964.764,0.0
140.0,200.0,8814.297,0.0
150.0,200.0,8663.847,0.0
160.0,200.0,8513.471,0.0
170.0,200.0,8363.213,0.0
180.0,200.0,8213.131,0.0
190.0,200.0,8063.2803,0.0
200.0,200.0,7913.7246,0.0
210.0,200.0,7764.5293,0.0
220.0,200.0,7615.7646,0.0
230.0,200.0,7467.508,0.0
240.0,200.0,7319.839,0.0
250.0,200.0,7172.8457,0.0
260.0,200.0,7026.624,0.0
270.0,200.0,6881.271,0.0
280.0,200.0,6736.894,0.0
290.0,200.0,6593.613,0.0
300.0,200.0,6451.5483,0.0
310.0,200.0,6310.8374,0.0
320.0,200.0,6171.625,0.0
330.0,200.0,6034.0645,0.0
340.0,200.0,5898.2866,0.0
350.0,200.0,5764.309,0.0
360.0,200.0,5632.122,0.0
370.0,200.0,5501.7153,0.0
380.0,200.0,5373.078,0.0
390.0,200.0,5246.2046,0.0
400.0,200.0,5121.0835,0.0
410.0,200.0,4997.709,0.0
420.0,200.0,4876.0728,0.0
430.0,200.0,4756.162,0.0
440.0,200.0,4637.9766,0.0
450.0,200.0,4521.5,0.0
460.0,200.0,4406.731,0.0
470.0,200.0,4293.661,0.0
480.0,200.0,4182.28,0.0
490.0,200.0,4072.5825,0.0
500.0,200.0,3964.5623,0.0
510.0,200.0,3858.2114,0.0
520.0,200.0,3753.5244,0.0
530.0,200.0,3650.4949,0.0
540.0,200.0,3549.114,0.0
550.0,200.0,3449.3787,0.0
560.0,200.0,3351.2803,0.0
570.0,200.0,3254.8145,0.0
580.0,200.0,3159.975,0.0
590.0,200.0,3066.7563,0.0
600.0,200.0,2975.1528,0.0
610.0,200.0,2885.1587,0.0
620.0,200.0,2796.7695,0.0
630.0,200.0,2709.98,0.0
640.0,200.0,2624.7847,0.0
650.0,200.0,2541.1787,0.0
660.0,200.0,2459.1572,0.0
670.0,200.0,2378.717,0.0
680.0,200.0,2299.8523,0.0
690.0,200.0,2222.5588,0.0
700.0,200.0,2146.8323,0.0
710.0,200.0,2072.6682,0.0
720.0,200.0,2000.064,0.0
730.0,200.0,1929.0137,0.0
740.0,200.0,1859.5153,0.0
750.0,200.0,1791.5634,0.0
760.0,200.0,1725.1558,0.0
770.0,200.0,1660.2888,0.0
780.0,200.0,1596.9585,0.0
790.0,200.0,1535.1616,0.0
800.0,200.0,1474.8942,0.0
810.0,200.0,1416.1555,0.0
820.0,200.0,1358.9404,0.0
830.0,200.0,1303.2463,0.0
840.0,200.0,1249.0713,0.0
850.0,200.0,1196.4119,0.0
860.0,200.0,1145.265,0.0
870.0,200.0,1095.6289,0.0
880.0,200.0,1047.5001,0.0
890.0,200.0,1000.87683,0.0
900.0,200.0,955.7565,0.0
910.0,200.0,912.13684,0.0
920.0,200.0,870.0165,0.0
930.0,200.0,829.3929,0.0
940.0,200.0,790.2638,0.0
950.0,200.0,752.62744,0.0
960.0,200.0,716.4818,0.0
970.0,200.0,681.8248,0.0
980.0,200.0,648.65594,0.0
990.0,200.0,616.9718,0.0
1000.0,200.0,586.7725,0.0
1010.0,200.0,558.05505,0.0
1020.0,200.0,530.8189,0.0
1030.0,200.0,505.06256,0.0
1040.0,200.0,480.78442,0.0
1050.0,200.0,457.98383,0.0
1060.0,200.0,436.6588,0.0
1070.0,200.0,416.8078,0.0
1080.0,200.0,398.4312,0.0
1090.0,200.0,381.52722,0.0
1100.0,200.0,366.09424,0.0
1110.0,200.0,352.13232,0.0
1120.0,200.0,339.6397,0.0
1130.0,200.0,328.6162,0.0
1140.0,200.0,319.0612,0.0
1150.0,200.0,310.97333,0.0
1160.0,200.0,304.35217,0.0
1170.0,200.0,299.1972,0.0
1180.0,200.0,295.5072,0.0
1190.0,200.0,293.2823,0.0
1200.0,200.0,292.52185,0.0
1210.0,200.0,293.22595,0.0
1220.0,200.0,295.39313,0.0
1230.0,200.0,299.02374,0.0
1240.0,200.0,304.1165,0.0
1250.0,200.0,310.672,0.0
1260.0,200.0,318.68985,0.0
1270.0,200.0,328.16986,0.0
1280.0,200.0,339.11078,0.0
1290.0,200.0,351.51355,0.0
1300.0,200.0,365.37616,0.0
1310.0,200.0,380.70197,0.0
1320.0,200.0,397.4889,0.0
1330.0,200.0,415.73676,0.0
1340.0,200.0,435.4464,0.0
1350.0,200.0,456.6164,0.0
1360.0,200.0,479.24744,0.0
1370.0,200.0,503.3404,0.0
1380.0,200.0,528.8938,0.0
1390.0,200.0,555.9089,0.0
1400.0,200.0,584.3851,0.0
1410.0,200.0,614.32367,0.0
1420.0,200.0,645.7234,0.0
1430.0,200.0,678.58484,0.0
1440.0,200.0,712.9091,0.0
1450.0,200.0,748.69476,0.0
1460.0,200.0,785.9431,0.0
1470.0,200.0,824.65344,0.0
1480.0,200.0,864.8273,0.0
1490.0,200.0,906.46423,0.0
1500.0,200.0,949.56445,0.0
1510.0,200.0,994.12756,0.0
1520.0,200.0,1040.1552,0.0
1530.0,200.0,1087.648,0.0
1540.0,200.0,1136.6033,0.0
1550.0,200.0,1187.0244,0.0
1560.0,200.0,1238.9102,0.0
1570.0,200.0,1292.2607,0.0
1580.0,200.0,1347.0774,0.0
1590.0,200.0,1403.3586,0.0
1600.0,200.0,1461.1074,0.0
1610.0,200.0,1520.3224,0.0
1620.0,200.0,1581.0029,0.0
1630.0,200.0,1643.1501,0.0
1640.0,200.0,1706.7654,0.0
1650.0,200.0,1771.8475,0.0
1660.0,200.0,1838.3964,0.0
1670.0,200.0,1906.4147,0.0
1680.0,200.0,1975.9003,0.0
1690.0,200.0,2046.8535,0.0
1700.0,200.0,2119.2769,0.0
1710.0,200.0,2193.167,0.0
1720.0,200.0,2268.5261,0.0
1730.0,200.0,2345.3557,0.0
1740.0,200.0,2423.6514,0.0
1750.0,200.0,2503.4194,0.0
1760.0,200.0,2584.6543,0.0
1770.0,200.0,2667.3584,0.0
1780.0,200.0,2751.533,0.0
1790.0,200.0,2837.1792,0.0
1800.0,200.0,2924.2913,0.0
-200.0,210.0,39270.906,1.0
-190.0,210.0,39270.906,1.0
-180.0,210.0,39270.906,1.0
-170.0,210.0,39270.906,1.0
-160.0,210.0,39270.906,1.0
-150.0,210.0,39270.906,1.0
-140.0,210.0,39270.906,1.0
-130.0,210.0,39270.906,1.0
-120.0,210.0,39270.906,1.0
-110.0,210.0,39270.906,1.0
-100.0,210.0,39270.906,1.0
-90.0,210.0,39270.906,1.0
-80.0,210.0,39270.906,1.0
-70.0,210.0,39270.906,1.0
-60.0,210.0,39270.906,1.0
-50.0,210.0,39270.906,1.0
-40.0,210.0,39270.906,1.0
-30.0,210.0,10934.148,0.0
-20.0,210.0,10789.276,0.0
-10.0,210.0,10644.031,0.0
0.0,210.0,10498.4375,0.0
10.0,210.0,10352.518,0.0
20.0,210.0,10206.291,0.0
30.0,210.0,10059.789,0.0
40.0,210.0,9913.035,0.0
50.0,210.0,9766.057,0.0
60.0,210.0,9618.889,0.0
70.0,210.0,9471.56,0.0
80.0,210.0,9324.105,0.0
90.0,210.0,9176.56,0.0
100.0,210.0,9028.961,0.0
110.0,210.0,8881.352,0.0
120.0,210.0,8733.77,0.0
130.0,210.0,8586.266,0.0
140.0,210.0,8438.887,0.0
150.0,210.0,8291.684,0.0
160.0,210.0,8144.7153,0.0
170.0,210.0,7998.034,0.0
180.0,210.0,7851.708,0.0
190.0,210.0,7705.8047,0.0
200.0,210.0,7560.3906,0.0
210.0,210.0,7415.5464,0.0
220.0,210.0,7271.353,0.0
230.0,210.0,7127.8936,0.0
240.0,210.0,6985.2686,0.0
250.0,210.0,6843.575,0.0
260.0,210.0,6702.92,0.0
270.0,210.0,6563.421,0.0
280.0,210.0,6425.1997,0.0
290.0,210.0,6288.3896,0.0
300.0,210.0,6153.135,0.0
310.0,210.0,6019.564,0.0
320.0,210.0,5887.699,0.0
330.0,210.0,5757.5317,0.0
340.0,210.0,5629.0537,0.0
350.0,210.0,5502.2583,0.0
360.0,210.0,5377.1357,0.0
370.0,210.0,5253.681,0.0
380.0,210.0,5131.881,0.0
390.0,210.0,5011.7334,0.0
400.0,210.0,4893.2266,0.0
410.0,210.0,4776.358,0.0
420.0,210.0,4661.117,0.0
430.0,210.0,4547.4976,0.0
440.0,210.0,4435.494,0.0
450.0,210.0,4325.0996,0.0
460.0,210.0,4216.3047,0.0
470.0,210.0,4109.1074,0.0
480.0,210.0,4003.4983,0.0
490.0,210.0,3899.473,0.0
500.0,210.0,3797.023,0.0
510.0,210.0,3696.147,0.0
520.0,210.0,3596.835,0.0
530.0,210.0,3499.085,0.0
540.0,210.0,3402.887,0.0
550.0,210.0,3308.2397,0.0
560.0,210.0,3215.136,0.0
570.0,210.0,3123.5723,0.0
580.0,210.0,3033.542,0.0
590.0,210.0,2945.041,0.0
600.0,210.0,2858.0647,0.0
610.0,210.0,2772.6086,0.0
620.0,210.0,2688.6677,0.0
630.0,210.0,2606.2388,0.0
640.0,210.0,2525.315,0.0
650.0,210.0,2445.8948,0.0
660.0,210.0,2367.9727,0.0
670.0,210.0,2291.545,0.0
680.0,210.0,2216.609,0.0
690.0,210.0,2143.1587,0.0
700.0,210.0,2071.1929,0.0
710.0,210.0,2000.7058,0.0
720.0,210.0,1931.6951,0.0
730.0,210.0,1864.1569,0.0
740.0,210.0,1798.0894,0.0
750.0,210.0,1733.4873,0.0
760.0,210.0,1670.3484,0.0
770.0,210.0,1608.6704,0.0
780.0,210.0,1548.449,0.0
790.0,210.0,1489.682,0.0
800.0,210.0,1432.3665,0.0
810.0,210.0,1376.5002,0.0
820.0,210.0,1322.0806,0.0
830.0,210.0,1269.1049,0.0
840.0,210.0,1217.5706,0.0
850.0,210.0,1167.4752,0.0
860.0,210.0,1118.8154,0.0
870.0,210.0,1071.5907,0.0
880.0,210.0,1025.7981,0.0
890.0,210.0,981.4356,0.0
900.0,210.0,938.50134,0.0
910.0,210.0,896.99335,0.0
920.0,210.0,856.91,0.0
930.0,210.0,818.2488,0.0
940.0,210.0,781.0086,0.0
950.0,210.0,745.188,0.0
960.0,210.0,710.78424,0.0
970.0,210.0,677.79724,0.0
980.0,210.0,646.2235,0.0
990.0,210.0,616.06396,0.0
1000.0,210.0,587.3149,0.0
1010.0,210.0,559.9776,0.0
1020.0,210.0,534.0484,0.0
1030.0,210.0,509.52783,0.0
1040.0,210.0,486.4134,0.0
1050.0,210.0,464.70465,0.0
1060.0,210.0,444.40063,0.0
1070.0,210.0,425.50018,0.0
1080.0,210.0,408.002,0.0
1090.0,210.0,391.90585,0.0
1100.0,210.0,377.21048,0.0
1110.0,210.0,363.9158,0.0
1120.0,210.0,352.0196,0.0
1130.0,210.0,341.52237,0.0
1140.0,210.0,332.42282,0.0
1150.0,210.0,324.72067,0.0
1160.0,210.0,318.41486,0.0
1170.0,210.0,313.50543,0.0
1180.0,210.0,309.99136,0.0
1190.0,210.0,307.87247,0.0
1200.0,210.0,307.14825,0.0
1210.0,210.0,307.81818,0.0
1220.0,210.0,309.88223,0.0
1230.0,210.0,313.33923,0.0
1240.0,210.0,318.18994,0.0
1250.0,210.0,324.4338,0.0
1260.0,210.0,332.07013,0.0
1270.0,210.0,341.09888,0.0
1280.0,210.0,351.5202,0.0
1290.0,210.0,363.33313,0.0
1300.0,210.0,376.53677,0.0
1310.0,210.0,391.13312,0.0
1320.0,210.0,407.1219,0.0
1330.0,210.0,424.50256,0.0
1340.0,210.0,443.27478,0.0
1350.0,210.0,463.43906,0.0
1360.0,210.0,484.99475,0.0
1370.0,210.0,507.9427,0.0
1380.0,210.0,532.28235,0.0
1390.0,210.0,558.0136,0.0
1400.0,210.0,585.1361,0.0
1410.0,210.0,613.6515,0.0
1420.0,210.0,643.5592,0.0
1430.0,210.0,674.85974,0.0
1440.0,210.0,707.5525,0.0
1450.0,210.0,741.6374,0.0
1460.0,210.0,777.1157,0.0
1470.0,210.0,813.9862,0.0
1480.0,210.0,852.2501,0.0
1490.0,210.0,891.9082,0.0
1500.0,210.0,932.9585,0.0
1510.0,210.0,975.4035,0.0
1520.0,210.0,1019.2423,0.0
1530.0,210.0,1064.4751,0.0
1540.0,210.0,1111.103,0.0
1550.0,210.0,1159.125,0.0
1560.0,210.0,1208.543,0.0
1570.0,210.0,1259.3555,0.0
1580.0,210.0,1311.563,0.0
1590.0,210.0,1365.1671,0.0
1600.0,210.0,1420.1675,0.0
1610.0,210.0,1476.5618,0.0
1620.0,210.0,1534.353,0.0
1630.0,210.0,1593.542,0.0
1640.0,210.0,1654.127,0.0
1650.0,210.0,1716.1088,0.0
1660.0,210.0,1779.4884,0.0
1670.0,210.0,1844.2643,0.0
1680.0,210.0,1910.4387,0.0
1690.0,210.0,1978.011,0.0
1700.0,210.0,2046.9805,0.0
1710.0,210.0,2117.3484,0.0
1720.0,210.0,2189.115,0.0
1730.0,210.0,2262.2798,0.0
1740.0,210.0,2336.8423,0.0
1750.0,210.0,2412.8032,0.0
1760.0,210.0,2490.164,0.0
1770.0,210.0,2568.922,0.0
1780.0,210.0,2649.0776,0.0
1790.0,210.0,2730.637,0.0
1800.0,210.0,2813.5918,0.0
-200.0,220.0,39270.906,1.0
-190.0,220.0,39270.906,1.0
-180.0,220.0,39270.906,1.0
-170.0,220.0,39270.906,1.0
-160.0,220.0,39270.906,1.0
-150.0,220.0,39270.906,1.0
-140.0,220.0,39270.906,1.0
-130.0,220.0,39270.906,1.0
-120.0,220.0,39270.906,1.0
-110.0,220.0,39270.906,1.0
-100.0,220.0,39270.906,1.0
-90.0,220.0,39270.906,1.0
-80.0,220.0,39270.906,1.0
-70.0,220.0,39270.906,1.0
-60.0,220.0,39270.906,1.0
-50.0,220.0,39270.906,1.0
-40.0,220.0,39270.906,1.0
-30.0,220.0,10543.019,0.0
-20.0,220.0,10399.68,0.0
-10.0,220.0,10256.053,0.0
0.0,220.0,10112.164,0.0
10.0,220.0,9968.037,0.0
20.0,220.0,9823.701,0.0
30.0,220.0,9679.186,0.0
40.0,220.0,9534.523,0.0
50.0,220.0,9389.744,0.0
60.0,220.0,9244.885,0.0
70.0,220.0,9099.9795,0.0
80.0,220.0,8955.068,0.0
90.0,220.0,8810.194,0.0
100.0,220.0,8665.396,0.0
110.0,220.0,8520.727,0.0
120.0,220.0,8376.229,0.0
130.0,220.0,8231.959,0.0
140.0,220.0,8087.9717,0.0
150.0,220.0,7944.325,0.0
160.0,220.0,7801.0884,0.0
170.0,220.0,7658.3193,0.0
180.0,220.0,7516.097,0.0
190.0,220.0,7374.496,0.0
200.0,220.0,7233.5967,0.0
210.0,220.0,7093.4863,0.0
220.0,220.0,6954.26,0.0
230.0,220.0,6816.0146,0.0
240.0,220.0,6678.861,0.0
250.0,220.0,6542.91,0.0
260.0,220.0,6408.286,0.0
270.0,220.0,6275.118,0.0
280.0,220.0,6143.5356,0.0
290.0,220.0,6013.5767,0.0
300.0,220.0,5885.235,0.0
310.0,220.0,5758.5005,0.0
320.0,220.0,5633.367,0.0
330.0,220.0,5509.826,0.0
340.0,220.0,5387.869,0.0
350.0,220.0,5267.496,0.0
360.0,220.0,5148.6924,0.0
370.0,220.0,5031.457,0.0
380.0,220.0,4915.7764,0.0
390.0,220.0,4801.65,0.0
400.0,220.0,4689.0703,0.0
410.0,220.0,4578.03,0.0
420.0,220.0,4468.524,0.0
430.0,220.0,4360.547,0.0
440.0,220.0,4254.0894,0.0
450.0,220.0,4149.1504,0.0
460.0,220.0,4045.7207,0.0
470.0,220.0,3943.7974,0.0
480.0,220.0,3843.3733,0.0
490.0,220.0,3744.4429,0.0
500.0,220.0,3647.003,0.0
510.0,220.0,3551.0469,0.0
520.0,220.0,3456.5708,0.0
530.0,220.0,3363.5688,0.0
540.0,220.0,3272.0366,0.0
550.0,220.0,3181.9712,0.0
560.0,220.0,3093.3655,0.0
570.0,220.0,3006.2168,0.0
580.0,220.0,2920.5205,0.0
590.0,220.0,2836.2725,0.0
600.0,220.0,2753.4678,0.0
610.0,220.0,2672.104,0.0
620.0,220.0,2592.1753,0.0
630.0,220.0,2513.6794,0.0
640.0,220.0,2436.6118,0.0
650.0,220.0,2360.9697,0.0
660.0,220.0,2286.7493,0.0
670.0,220.0,2213.9468,0.0
680.0,220.0,2142.5583,0.0
690.0,220.0,2072.5818,0.0
700.0,220.0,2004.0138,0.0
710.0,220.0,1936.8506,0.0
720.0,220.0,1871.0896,0.0
730.0,220.0,1806.7278,0.0
740.0,220.0,1743.7625,0.0
750.0,220.0,1682.1907,0.0
760.0,220.0,1622.0099,0.0
770.0,220.0,1563.2175,0.0
780.0,220.0,1505.8113,0.0
790.0,220.0,1449.7876,0.0
800.0,220.0,1395.1451,0.0
810.0,220.0,1341.8811,0.0
820.0,220.0,1289.9932,0.0
830.0,220.0,1239.4796,0.0
840.0,220.0,1190.3376,0.0
850.0,220.0,1142.5654,0.0
860.0,220.0,1096.1606,0.0
870.0,220.0,1051.122,0.0
880.0,220.0,1007.44727,0.0
890.0,220.0,965.1354,0.0
900.0,220.0,924.18335,0.0
910.0,220.0,884.5906,0.0
920.0,220.0,846.3541,0.0
930.0,220.0,809.4741,0.0
940.0,220.0,773.94824,0.0
950.0,220.0,739.7745,0.0
960.0,220.0,706.9519,0.0
970.0,220.0,675.4801,0.0
980.0,220.0,645.3561,0.0
990.0,220.0,616.579,0.0
1000.0,220.0,589.1476,0.0
1010.0,220.0,563.0622,0.0
1020.0,220.0,538.32025,0.0
1030.0,220.0,514.9216,0.0
1040.0,220.0,492.86447,0.0
1050.0,220.0,472.14844,0.0
1060.0,220.0,452.77127,0.0
1070.0,220.0,434.73383,0.0
1080.0,220.0,418.03424,0.0
1090.0,220.0,402.6727,0.0
1100.0,220.0,388.64786,0.0
1110.0,220.0,375.958,0.0
1120.0,220.0,364.6042,0.0
1130.0,220.0,354.585,0.0
1140.0,220.0,345.89972,0.0
1150.0,220.0,338.5479,0.0
1160.0,220.0,332.52924,0.0
1170.0,220.0,327.84293,0.0
1180.0,220.0,324.48816,0.0
1190.0,220.0,322.46564,0.0
1200.0,220.0,321.774,0.0
1210.0,220.0,322.41425,0.0
1220.0,220.0,324.3839,0.0
1230.0,220.0,327.68402,0.0
1240.0,220.0,332.3143,0.0
1250.0,220.0,338.27374,0.0
1260.0,220.0,345.5633,0.0
1270.0,220.0,354.18204,0.0
1280.0,220.0,364.13043,0.0
1290.0,220.0,375.4071,0.0
1300.0,220.0,388.0119,0.0
1310.0,220.0,401.94455,0.0
1320.0,220.0,417.20856,0.0
1330.0,220.0,433.7998,0.0
1340.0,220.0,451.72028,0.0
1350.0,220.0,470.96985,0.0
1360.0,220.0,491.54752,0.0
1370.0,220.0,513.454,0.0
1380.0,220.0,536.6896,0.0
1390.0,220.0,561.25323,0.0
1400.0,220.0,587.146,0.0
1410.0,220.0,614.3673,0.0
1420.0,220.0,642.9182,0.0
1430.0,220.0,672.7976,0.0
1440.0,220.0,704.00696,0.0
1450.0,220.0,736.54614,0.0
1460.0,220.0,770.4141,0.0
1470.0,220.0,805.6116,0.0
1480.0,220.0,842.1394,0.0
1490.0,220.0,879.9968,0.0
1500.0,220.0,919.18475,0.0
1510.0,220.0,959.70215,0.0
1520.0,220.0,1001.5514,0.0
1530.0,220.0,1044.7305,0.0
1540.0,220.0,1089.241,0.0
1550.0,220.0,1135.0825,0.0
1560.0,220.0,1182.2555,0.0
1570.0,220.0,1230.7593,0.0
1580.0,220.0,1280.5967,0.0
1590.0,220.0,1331.7646,0.0
1600.0,220.0,1384.2661,0.0
1610.0,220.0,1438.0986,0.0
1620.0,220.0,1493.2643,0.0
1630.0,220.0,1549.7615,0.0
1640.0,220.0,1607.5925,0.0
1650.0,220.0,1666.7555,0.0
1660.0,220.0,1727.2538,0.0
1670.0,220.0,1789.0831,0.0
1680.0,220.0,1852.247,0.0
1690.0,220.0,1916.7465,0.0
1700.0,220.0,1982.5779,0.0
1710.0,220.0,2049.7432,0.0
1720.0,220.0,2118.2432,0.0
1730.0,220.0,2188.077,0.0
1740.0,220.0,2259.245,0.0
1750.0,220.0,2331.749,0.0
1760.0,220.0,2405.5864,0.0
1770.0,220.0,2480.7585,0.0
1780.0,220.0,2557.2637,0.0
1790.0,220.0,2635.1064,0.0
1800.0,220.0,2714.2808,0.0
-200.0,230.0,39270.906,1.0
-190.0,230.0,39270.906,1.0
-180.0,230.0,39270.906,1.0
-170.0,230.0,39270.906,1.0
-160.0,230.0,39270.906,1.0
-150.0,230.0,39270.906,1.0
-140.0,230.0,39270.906,1.0
-130.0,230.0,39270.906,1.0
-120.0,230.0,39270.906,1.0
-110.0,230.0,39270.906,1.0
-100.0,230.0,39270.906,1.0
-90.0,230.0,39270.906,1.0
-80.0,230.0,39270.906,1.0
-70.0,230.0,39270.906,1.0
-60.0,230.0,39270.906,1.0
-50.0,230.0,39270.906,1.0
-40.0,230.0,39270.906,1.0
-30.0,230.0,39270.906,1.0
-20.0,230.0,10029.809,0.0
-10.0,230.0,9887.992,0.0
0.0,230.0,9746.004,0.0
10.0,230.0,9603.876,0.0
20.0,230.0,9461.641,0.0
30.0,230.0,9319.328,0.0
40.0,230.0,9176.979,0.0
50.0,230.0,9034.621,0.0
60.0,230.0,8892.303,0.0
70.0,230.0,8750.06,0.0
80.0,230.0,8607.939,0.0
90.0,230.0,8465.99,0.0
100.0,230.0,8324.258,0.0
110.0,230.0,8182.797,0.0
120.0,230.0,8041.664,0.0
130.0,230.0,7900.9194,0.0
140.0,230.0,7760.62,0.0
150.0,230.0,7620.842,0.0
160.0,230.0,7481.65,0.0
170.0,230.0,7343.1235,0.0
180.0,230.0,7205.345,0.0
190.0,230.0,7068.3975,0.0
200.0,230.0,6932.376,0.0
210.0,230.0,6797.3804,0.0
220.0,230.0,6663.5127,0.0
230.0,230.0,6530.8853,0.0
240.0,230.0,6399.621,0.0
250.0,230.0,6269.845,0.0
260.0,230.0,6141.617,0.0
270.0,230.0,6014.9277,0.0
280.0,230.0,5889.773,0.0
290.0,230.0,5766.1475,0.0
300.0,230.0,5644.041,0.0
310.0,230.0,5523.448,0.0
320.0,230.0,5404.365,0.0
330.0,230.0,5286.783,0.0
340.0,230.0,5170.6953,0.0
350.0,230.0,5056.0977,0.0
360.0,230.0,4942.9824,0.0
370.0,230.0,4831.3457,0.0
380.0,230.0,4721.18,0.0
390.0,230.0,4612.482,0.0
400.0,230.0,4505.2407,0.0
410.0,230.0,4399.4575,0.0
420.0,230.0,4295.123,0.0
430.0,230.0,4192.2354,0.0
440.0,230.0,4090.7861,0.0
450.0,230.0,3990.7715,0.0
460.0,230.0,3892.1865,0.0
470.0,230.0,3795.0269,0.0
480.0,230.0,3699.2876,0.0
490.0,230.0,3604.9648,0.0
500.0,230.0,3512.0518,0.0
510.0,230.0,3420.5476,0.0
520.0,230.0,3330.4453,0.0
530.0,230.0,3241.7417,0.0
540.0,230.0,3154.4326,0.0
550.0,230.0,3068.5137,0.0
560.0,230.0,2983.9824,0.0
570.0,230.0,2900.8335,0.0
580.0,230.0,2819.0632,0.0
590.0,230.0,2738.6687,0.0
600.0,230.0,2659.646,0.0
610.0,230.0,2581.9917,0.0
620.0,230.0,2505.7024,0.0
630.0,230.0,2430.7751,0.0
640.0,230.0,2357.2058,0.0
650.0,230.0,2284.9922,0.0
660.0,230.0,2214.1313,0.0
670.0,230.0,2144.6191,0.0
680.0,230.0,2076.453,0.0
690.0,230.0,2009.6311,0.0
700.0,230.0,1944.1495,0.0
710.0,230.0,1880.0062,0.0
720.0,230.0,1817.199,0.0
730.0,230.0,1755.7236,0.0
740.0,230.0,1695.579,0.0
750.0,230.0,1636.7626,0.0
760.0,230.0,1579.2715,0.0
770.0,230.0,1523.1035,0.0
780.0,230.0,1468.2577,0.0
790.0,230.0,1414.7302,0.0
800.0,230.0,1362.519,0.0
810.0,230.0,1311.6235,0.0
820.0,230.0,1262.0406,0.0
830.0,230.0,1213.7673,0.0
840.0,230.0,1166.8038,0.0
850.0,230.0,1121.1471,0.0
860.0,230.0,1076.7964,0.0
870.0,230.0,1033.7489,0.0
880.0,230.0,992.00354,0.0
890.0,230.0,951.5594,0.0
900.0,230.0,912.41284,0.0
910.0,230.0,874.5653,0.0
920.0,230.0,838.0131,0.0
930.0,230.0,802.7557,0.0
940.0,230.0,768.792,0.0
950.0,230.0,736.12006,0.0
960.0,230.0,704.73926,0.0
970.0,230.0,674.6483,0.0
980.0,230.0,645.8452,0.0
990.0,230.0,618.32965,0.0
1000.0,230.0,592.1002,0.0
1010.0,230.0,567.1577,0.0
1020.0,230.0,543.49866,0.0
1030.0,230.0,521.12305,0.0
1040.0,230.0,500.03043,0.0
1050.0,230.0,480.2184,0.0
1060.0,230.0,461.68896,0.0
1070.0,230.0,444.43823,0.0
1080.0,230.0,428.46796,0.0
1090.0,230.0,413.776,0.0
1100.0,230.0,400.36224,0.0
1110.0,230.0,388.22604,0.0
1120.0,230.0,377.36688,0.0
1130.0,230.0,367.78406,0.0
1140.0,230.0,359.47702,0.0
1150.0,230.0,352.4448,0.0
1160.0,230.0,346.68805,0.0
1170.0,230.0,342.20554,0.0
1180.0,230.0,338.99677,0.0
1190.0,230.0,337.06198,0.0
1200.0,230.0,336.4005,0.0
1210.0,230.0,337.0122,0.0
1220.0,230.0,338.8963,0.0
1230.0,230.0,342.05304,0.0
1240.0,230.0,346.4817,0.0
1250.0,230.0,352.1822,0.0
1260.0,230.0,359.15472,0.0
1270.0,230.0,367.39957,0.0
1280.0,230.0,376.91534,0.0
1290.0,230.0,387.7024,0.0
1300.0,230.0,399.76028,0.0
1310.0,230.0,413.0877,0.0
1320.0,230.0,427.68793,0.0
1330.0,230.0,443.5596,0.0
1340.0,230.0,460.70203,0.0
1350.0,230.0,479.11533,0.0
1360.0,230.0,498.8001,0.0
1370.0,230.0,519.756,0.0
1380.0,230.0,541.98267,0.0
1390.0,230.0,565.48047,0.0
1400.0,230.0,590.249,0.0
1410.0,230.0,616.28906,0.0
1420.0,230.0,643.6002,0.0
1430.0,230.0,672.1828,0.0
1440.0,230.0,702.03784,0.0
1450.0,230.0,733.16394,0.0
1460.0,230.0,765.562,0.0
1470.0,230.0,799.23193,0.0
1480.0,230.0,834.17346,0.0
1490.0,230.0,870.3876,0.0
1500.0,230.0,907.8734,0.0
1510.0,230.0,946.6327,0.0
1520.0,230.0,986.66266,0.0
1530.0,230.0,1027.9673,0.0
1540.0,230.0,1070.5448,0.0
1550.0,230.0,1114.3945,0.0
1560.0,230.0,1159.5173,0.0
1570.0,230.0,1205.9143,0.0
1580.0,230.0,1253.5857,0.0
1590.0,230.0,1302.53,0.0
1600.0,230.0,1352.7496,0.0
1610.0,230.0,1404.2429,0.0
1620.0,230.0,1457.0103,0.0
1630.0,230.0,1511.0509,0.0
1640.0,230.0,1566.3667,0.0
1650.0,230.0,1622.9569,0.0
1660.0,230.0,1680.8235,0.0
1670.0,230.0,1739.9644,0.0
1680.0,230.0,1800.3802,0.0
1690.0,230.0,1862.0723,0.0
1700.0,230.0,1925.0391,0.0
1710.0,230.0,1989.2817,0.0
1720.0,230.0,2054.7998,0.0
1730.0,230.0,2121.5938,0.0
1740.0,230.0,2189.664,0.0
1750.0,230.0,2259.0088,0.0
1760.0,230.0,2329.6294,0.0
1770.0,230.0,2401.5278,0.0
1780.0,230.0,2474.7012,0.0
1790.0,230.0,2549.1526,0.0
1800.0,230.0,2624.878,0.0
-200.0,240.0,39270.906,1.0
-190.0,240.0,39270.906,1.0
-180.0,240.0,39270.906,1.0
-170.0,240.0,39270.906,1.0
-160.0,240.0,39270.906,1.0
-150.0,240.0,39270.906,1.0
-140.0,240.0,39270.906,1.0
-130.0,240.0,39270.906,1.0
-120.0,240.0,39270.906,1.0
-110.0,240.0,39270.906,1.0
-100.0,240.0,39270.906,1.0
-90.0,240.0,39270.906,1.0
-80.0,240.0,39270.906,1.0
-70.0,240.0,39270.906,1.0
-60.0,240.0,39270.906,1.0
-50.0,240.0,39270.906,1.0
-40.0,240.0,39270.906,1.0
-30.0,240.0,39270.906,1.0
-20.0,240.0,9678.861,0.0
-10.0,240.0,9539.044,0.0
0.0,240.0,9399.154,0.0
10.0,240.0,9259.226,0.0
20.0,240.0,9119.294,0.0
30.0,240.0,8979.395,0.0
40.0,240.0,8839.571,0.0
50.0,240.0,8699.86,0.0
60.0,240.0,8560.3125,0.0
70.0,240.0,8420.972,0.0
80.0,240.0,8281.889,0.0
90.0,240.0,8143.1143,0.0
100.0,240.0,8004.7056,0.0
110.0,240.0,7866.7236,0.0
120.0,240.0,7729.2275,0.0
130.0,240.0,7592.291,0.0
140.0,240.0,7455.9756,0.0
150.0,240.0,7320.3623,0.0
160.0,240.0,7185.5327,0.0
170.0,240.0,7051.5723,0.0
180.0,240.0,6918.571,0.0
190.0,240.0,6786.623,0.0
200.0,240.0,6655.837,0.0
210.0,240.0,6526.323,0.0
220.0,240.0,6398.1963,0.0
230.0,240.0,6271.539,0.0
240.0,240.0,6146.3584,0.0
250.0,240.0,6022.644,0.0
260.0,240.0,5900.3906,0.0
270.0,240.0,5779.592,0.0
280.0,240.0,5660.241,0.0
290.0,240.0,5542.335,0.0
300.0,240.0,5425.8643,0.0
310.0,240.0,5310.826,0.0
320.0,240.0,5197.212,0.0
330.0,240.0,5085.0195,0.0
340.0,240.0,4974.24,0.0
350.0,240.0,4864.872,0.0
360.0,240.0,4756.9062,0.0
370.0,240.0,4650.34,0.0
380.0,240.0,4545.1685,0.0
390.0,240.0,4441.3877,0.0
400.0,240.0,4338.9883,0.0
410.0,240.0,4237.9697,0.0
420.0,240.0,4138.328,0.0
430.0,240.0,4040.0562,0.0
440.0,240.0,3943.1504,0.0
450.0,240.0,3847.6062,0.0
460.0,240.0,3753.4204,0.0
470.0,240.0,3660.5864,0.0
480.0,240.0,3569.103,0.0
490.0,240.0,3478.9658,0.0
500.0,240.0,3390.1685,0.0
510.0,240.0,3302.71,0.0
520.0,240.0,3216.5854,0.0
530.0,240.0,3131.7905,0.0
540.0,240.0,3048.323,0.0
550.0,240.0,2966.1787,0.0
560.0,240.0,2885.3538,0.0
570.0,240.0,2805.8452,0.0
580.0,240.0,2727.6501,0.0
590.0,240.0,2650.7651,0.0
600.0,240.0,2575.1873,0.0
610.0,240.0,2500.9133,0.0
620.0,240.0,2427.94,0.0
630.0,240.0,2356.2646,0.0
640.0,240.0,2285.8848,0.0
650.0,240.0,2216.7974,0.0
660.0,240.0,2148.9995,0.0
670.0,240.0,2082.4888,0.0
680.0,240.0,2017.2631,0.0
690.0,240.0,1953.3196,0.0
700.0,240.0,1890.6545,0.0
710.0,240.0,1829.2672,0.0
720.0,240.0,1769.1553,0.0
730.0,240.0,1710.3162,0.0
740.0,240.0,1652.7471,0.0
750.0,240.0,1596.4474,0.0
760.0,240.0,1541.4138,0.0
770.0,240.0,1487.6436,0.0
780.0,240.0,1435.1372,0.0
790.0,240.0,1383.8898,0.0
800.0,240.0,1333.9012,0.0
810.0,240.0,1285.1694,0.0
820.0,240.0,1237.6925,0.0
830.0,240.0,1191.4691,0.0
840.0,240.0,1146.4974,0.0
850.0,240.0,1102.7756,0.0
860.0,240.0,1060.3026,0.0
870.0,240.0,1019.0771,0.0
880.0,240.0,979.09674,0.0
890.0,240.0,940.361,0.0
900.0,240.0,902.86707,0.0
910.0,240.0,866.61597,0.0
920.0,240.0,831.6051,0.0
930.0,240.0,797.8331,0.0
940.0,240.0,765.2988,0.0
950.0,240.0,734.00244,0.0
960.0,240.0,703.94147,0.0
970.0,240.0,675.11414,0.0
980.0,240.0,647.52136,0.0
990.0,240.0,621.161,0.0
1000.0,240.0,596.03296,0.0
1010.0,240.0,572.13556,0.0
1020.0,240.0,549.4681,0.0
1030.0,240.0,528.03046,0.0
1040.0,240.0,507.81998,0.0
1050.0,240.0,488.83856,0.0
1060.0,240.0,471.0835,0.0
1070.0,240.0,454.55432,0.0
1080.0,240.0,439.25168,0.0
1090.0,240.0,425.174,0.0
1100.0,240.0,412.32062,0.0
1110.0,240.0,400.69135,0.0
1120.0,240.0,390.28534,0.0
1130.0,240.0,381.10217,0.0
1140.0,240.0,373.1413,0.0
1150.0,240.0,366.40286,0.0
1160.0,240.0,360.88608,0.0
1170.0,240.0,356.58984,0.0
1180.0,240.0,353.51523,0.0
1190.0,240.0,351.66058,0.0
1200.0,240.0,351.02612,0.0
1210.0,240.0,351.61237,0.0
1220.0,240.0,353.4184,0.0
1230.0,240.0,356.4431,0.0
1240.0,240.0,360.68726,0.0
1250.0,240.0,366.15067,0.0
1260.0,240.0,372.8329,0.0
1270.0,240.0,380.7339,0.0
1280.0,240.0,389.85358,0.0
1290.0,240.0,400.19165,0.0
1300.0,240.0,411.7477,0.0
1310.0,240.0,424.52167,0.0
1320.0,240.0,438.51266,0.0
1330.0,240.0,453.72394,0.0
1340.0,240.0,470.15326,0.0
1350.0,240.0,487.80048,0.0
1360.0,240.0,506.6662,0.0
1370.0,240.0,526.75,0.0
1380.0,240.0,548.0522,0.0
1390.0,240.0,570.5719,0.0
1400.0,240.0,594.31055,0.0
1410.0,240.0,619.26733,0.0
1420.0,240.0,645.44275,0.0
1430.0,240.0,672.83624,0.0
1440.0,240.0,701.44775,0.0
1450.0,240.0,731.27905,0.0
1460.0,240.0,762.3291,0.0
1470.0,240.0,794.5977,0.0
1480.0,240.0,828.08606,0.0
1490.0,240.0,862.7927,0.0
1500.0,240.0,898.7186,0.0
1510.0,240.0,935.86414,0.0
1520.0,240.0,974.22906,0.0
1530.0,240.0,1013.8142,0.0
1540.0,240.0,1054.6183,0.0
1550.0,240.0,1096.6426,0.0
1560.0,240.0,1139.8876,0.0
1570.0,240.0,1184.3522,0.0
1580.0,240.0,1230.0376,0.0
1590.0,240.0,1276.9435,0.0
1600.0,240.0,1325.0709,0.0
1610.0,240.0,1374.4194,0.0
1620.0,240.0,1424.9878,0.0
1630.0,240.0,1476.7771,0.0
1640.0,240.0,1529.7881,0.0
1650.0,240.0,1584.0205,0.0
1660.0,240.0,1639.4746,0.0
1670.0,240.0,1696.1495,0.0
1680.0,240.0,1754.0464,0.0
1690.0,240.0,1813.1663,0.0
1700.0,240.0,1873.5068,0.0
1710.0,240.0,1935.0696,0.0
1720.0,240.0,1997.8552,0.0
1730.0,240.0,2061.8635,0.0
1740.0,240.0,2127.0935,0.0
1750.0,240.0,2193.5447,0.0
1760.0,240.0,2261.2205,0.0
1770.0,240.0,2330.1157,0.0
1780.0,240.0,2400.2358,0.0
1790.0,240.0,2471.5784,0.0
1800.0,240.0,2544.144,0.0
-200.0,250.0,39270.906,1.0
-190.0,250.0,39270.906,1.0
-180.0,250.0,39270.906,1.0
-170.0,250.0,39270.906,1.0
-160.0,250.0,39270.906,1.0
-150.0,250.0,39270.906,1.0
-140.0,250.0,39270.906,1.0
-130.0,250.0,39270.906,1.0
-120.0,250.0,39270.906,1.0
-110.0,250.0,39270.906,1.0
-100.0,250.0,39270.906,1.0
-90.0,250.0,39270.906,1.0
-80.0,250.0,39270.906,1.0
-70.0,250.0,39270.906,1.0
-60.0,250.0,39270.906,1.0
-50.0,250.0,39270.906,1.0
-40.0,250.0,39270.906,1.0
-30.0,250.0,39270.906,1.0
-20.0,250.0,9346.094,0.0
-10.0,250.0,9208.467,0.0
0.0,250.0,9070.865,0.0
10.0,250.0,8933.334,0.0
20.0,250.0,8795.907,0.0
30.0,250.0,8658.631,0.0
40.0,250.0,8521.549,0.0
50.0,250.0,8384.708,0.0
60.0,250.0,8248.156,0.0
70.0,250.0,8111.949,0.0
80.0,250.0,7976.1396,0.0
90.0,250.0,7840.79,0.0
100.0,250.0,7705.96,0.0
110.0,250.0,7571.717,0.0
120.0,250.0,7438.131,0.0
130.0,250.0,7305.2764,0.0
140.0,250.0,7173.2344,0.0
150.0,250.0,7042.0854,0.0
160.0,250.0,6911.924,0.0
170.0,250.0,6782.8433,0.0
180.0,250.0,6654.946,0.0
190.0,250.0,6528.3394,0.0
200.0,250.0,6403.123,0.0
210.0,250.0,6279.3203,0.0
220.0,250.0,6156.921,0.0
230.0,250.0,6035.922,0.0
240.0,250.0,5916.318,0.0
250.0,250.0,5798.1045,0.0
260.0,250.0,5681.2734,0.0
270.0,250.0,5565.8193,0.0
280.0,250.0,5451.74,0.0
290.0,250.0,5339.026,0.0
300.0,250.0,5227.677,0.0
310.0,250.0,5117.6816,0.0
320.0,250.0,5009.041,0.0
330.0,250.0,4901.748,0.0
340.0,250.0,4795.797,0.0
350.0,250.0,4691.1846,0.0
360.0,250.0,4587.9067,0.0
370.0,250.0,4485.957,0.0
380.0,250.0,4385.333,0.0
390.0,250.0,4286.029,0.0
400.0,250.0,4188.0396,0.0
410.0,250.0,4091.3652,0.0
420.0,250.0,3995.9976,0.0
430.0,250.0,3901.9338,0.0
440.0,250.0,3809.171,0.0
450.0,250.0,3717.7046,0.0
460.0,250.0,3627.531,0.0
470.0,250.0,3538.6465,0.0
480.0,250.0,3451.0469,0.0
490.0,250.0,3364.7295,0.0
500.0,250.0,3279.6904,0.0
510.0,250.0,3195.9268,0.0
520.0,250.0,3113.435,0.0
530.0,250.0,3032.2124,0.0
540.0,250.0,2952.254,0.0
550.0,250.0,2873.5588,0.0
560.0,250.0,2796.1243,0.0
570.0,250.0,2719.9438,0.0
580.0,250.0,2645.019,0.0
590.0,250.0,2571.3442,0.0
600.0,250.0,2498.9185,0.0
610.0,250.0,2427.7368,0.0
620.0,250.0,2357.7993,0.0
630.0,250.0,2289.101,0.0
640.0,250.0,2221.6406,0.0
650.0,250.0,2155.4155,0.0
660.0,250.0,2090.4238,0.0
670.0,250.0,2026.6624,0.0
680.0,250.0,1964.1292,0.0
690.0,250.0,1902.822,0.0
700.0,250.0,1842.7389,0.0
710.0,250.0,1783.8782,0.0
720.0,250.0,1726.2373,0.0
730.0,250.0,1669.8146,0.0
740.0,250.0,1614.6077,0.0
750.0,250.0,1560.615,0.0
760.0,250.0,1507.8346,0.0
770.0,250.0,1456.2642,0.0
780.0,250.0,1405.903,0.0
790.0,250.0,1356.7478,0.0
800.0,250.0,1308.7983,0.0
810.0,250.0,1262.053,0.0
820.0,250.0,1216.5098,0.0
830.0,250.0,1172.1672,0.0
840.0,250.0,1129.024,0.0
850.0,250.0,1087.079,0.0
860.0,250.0,1046.3304,0.0
870.0,250.0,1006.77704,0.0
880.0,250.0,968.41785,0.0
890.0,250.0,931.25104,0.0
900.0,250.0,895.2756,0.0
910.0,250.0,860.49133,0.0
920.0,250.0,826.8961,0.0
930.0,250.0,794.48914,0.0
940.0,250.0,763.26825,0.0
950.0,250.0,733.23505,0.0
960.0,250.0,704.38586,0.0
970.0,250.0,676.7217,0.0
980.0,250.0,650.24084,0.0
990.0,250.0,624.9418,0.0
1000.0,250.0,600.82513,0.0
1010.0,250.0,577.8891,0.0
1020.0,250.0,556.1338,0.0
1030.0,250.0,535.55743,0.0
1040.0,250.0,516.15967,0.0
1050.0,250.0,497.94064,0.0
1060.0,250.0,480.89804,0.0
1070.0,250.0,465.0329,0.0
1080.0,250.0,450.3438,0.0
1090.0,250.0,436.83063,0.0
1100.0,250.0,424.49265,0.0
1110.0,250.0,413.3295,0.0
1120.0,250.0,403.3404,0.0
1130.0,250.0,394.5249,0.0
1140.0,250.0,386.8831,0.0
1150.0,250.0,380.41458,0.0
1160.0,250.0,375.1179,0.0
1170.0,250.0,370.9942,0.0
1180.0,250.0,368.04218,0.0
1190.0,250.0,366.26184,0.0
1200.0,250.0,365.65274,0.0
1210.0,250.0,366.21533,0.0
1220.0,250.0,367.94806,0.0
1230.0,250.0,370.85214,0.0
1240.0,250.0,374.9264,0.0
1250.0,250.0,380.17172,0.0
1260.0,250.0,386.58615,0.0
1270.0,250.0,394.17163,0.0
1280.0,250.0,402.92667,0.0
1290.0,250.0,412.85138,0.0
1300.0,250.0,423.94586,0.0
1310.0,250.0,436.2099,0.0
1320.0,250.0,449.6418,0.0
1330.0,250.0,464.245,0.0
1340.0,250.0,480.01752,0.0
1350.0,250.0,496.96002,0.0
1360.0,250.0,515.0719,0.0
1370.0,250.0,534.35364,0.0
1380.0,250.0,554.8044,0.0
1390.0,250.0,576.42523,0.0
1400.0,250.0,599.21515,0.0
1410.0,250.0,623.17505,0.0
1420.0,250.0,648.30493,0.0
1430.0,250.0,674.60394,0.0
1440.0,250.0,702.07324,0.0
1450.0,250.0,730.7119,0.0
1460.0,250.0,760.522,0.0
1470.0,250.0,791.50146,0.0
1480.0,250.0,823.65155,0.0
1490.0,250.0,856.9718,0.0
1500.0,250.0,891.4617,0.0
1510.0,250.0,927.1233,0.0
1520.0,250.0,963.95496,0.0
1530.0,250.0,1001.95764,0.0
1540.0,250.0,1041.1307,0.0
1550.0,250.0,1081.4766,0.0
1560.0,250.0,1122.9921,0.0
1570.0,250.0,1165.6794,0.0
1580.0,250.0,1209.5383,0.0
1590.0,250.0,1254.5685,0.0
1600.0,250.0,1300.7715,0.0
1610.0,250.0,1348.1445,0.0
1620.0,250.0,1396.6909,0.0
1630.0,250.0,1446.4083,0.0
1640.0,250.0,1497.2993,0.0
1650.0,250.0,1549.363,0.0
1660.0,250.0,1602.5983,0.0
1670.0,250.0,1657.0056,0.0
1680.0,250.0,1712.5845,0.0
1690.0,250.0,1769.3367,0.0
1700.0,250.0,1827.2625,0.0
1710.0,250.0,1886.3606,0.0
1720.0,250.0,1946.633,0.0
1730.0,250.0,2008.0776,0.0
1740.0,250.0,2070.6938,0.0
1750.0,250.0,2134.4844,0.0
1760.0,250.0,2199.4487,0.0
1770.0,250.0,2265.5852,0.0
1780.0,250.0,2332.8965,0.0
1790.0,250.0,2401.3813,0.0
1800.0,250.0,2471.0364,0.0
-200.0,260.0,39270.906,1.0
-190.0,260.0,39270.906,1.0
-180.0,260.0,39270.906,1.0
-170.0,260.0,39270.906,1.0
-160.0,260.0,39270.906,1.0
-150.0,260.0,39270.906,1.0
-140.0,260.0,39270.906,1.0
-130.0,260.0,39270.906,1.0
-120.0,260.0,39270.906,1.0
-110.0,260.0,39270.906,1.0
-100.0,260.0,39270.906,1.0
-90.0,260.0,39270.906,1.0
-80.0,260.0,39270.906,1.0
-70.0,260.0,39270.906,1.0
-60.0,260.0,39270.906,1.0
-50.0,260.0,39270.906,1.0
-40.0,260.0,39270.906,1.0
-30.0,260.0,39270.906,1.0
-20.0,260.0,9030.836,0.0
-10.0,260.0,8895.579,0.0
0.0,260.0,8760.457,0.0
10.0,260.0,8625.516,0.0
20.0,260.0,8490.797,0.0
30.0,260.0,8356.347,0.0
40.0,260.0,8222.218,0.0
50.0,260.0,8088.459,0.0
60.0,260.0,7955.128,0.0
70.0,260.0,7822.2817,0.0
80.0,260.0,7689.984,0.0
90.0,260.0,7558.298,0.0
100.0,260.0,7427.295,0.0
110.0,260.0,7297.0493,0.0
120.0,260.0,7167.6367,0.0
130.0,260.0,7039.1396,0.0
140.0,260.0,6911.6504,0.0
150.0,260.0,6785.2563,0.0
160.0,260.0,6660.0625,0.0
170.0,260.0,6536.169,0.0
180.0,260.0,6413.632,0.0
190.0,260.0,6292.442,0.0
200.0,260.0,6172.597,0.0
210.0,260.0,6054.088,0.0
220.0,260.0,5936.917,0.0
230.0,260.0,5821.0713,0.0
240.0,260.0,5706.552,0.0
250.0,260.0,5593.3525,0.0
260.0,260.0,5481.465,0.0
270.0,260.0,5370.886,0.0
280.0,260.0,5261.6143,0.0
290.0,260.0,5153.6416,0.0
300.0,260.0,5046.965,0.0
310.0,260.0,4941.5776,0.0
320.0,260.0,4837.4766,0.0
330.0,260.0,4734.6606,0.0
340.0,260.0,4633.12,0.0
350.0,260.0,4532.8545,0.0
360.0,260.0,4433.8613,0.0
370.0,260.0,4336.133,0.0
380.0,260.0,4239.667,0.0
390.0,260.0,4144.46,0.0
400.0,260.0,4050.5066,0.0
410.0,260.0,3957.8066,0.0
420.0,260.0,3866.3516,0.0
430.0,260.0,3776.142,0.0
440.0,260.0,3687.1729,0.0
450.0,260.0,3599.4414,0.0
460.0,260.0,3512.943,0.0
470.0,260.0,3427.6768,0.0
480.0,260.0,3343.6372,0.0
490.0,260.0,3260.8228,0.0
500.0,260.0,3179.229,0.0
510.0,260.0,3098.8545,0.0
520.0,260.0,3019.6953,0.0
530.0,260.0,2941.7493,0.0
540.0,260.0,2865.0127,0.0
550.0,260.0,2789.4836,0.0
560.0,260.0,2715.1587,0.0
570.0,260.0,2642.0361,0.0
580.0,260.0,2570.1128,0.0
590.0,260.0,2499.3867,0.0
600.0,260.0,2429.855,0.0
610.0,260.0,2361.5159,0.0
620.0,260.0,2294.3657,0.0
630.0,260.0,2228.4038,0.0
640.0,260.0,2163.6267,0.0
650.0,260.0,2100.0332,0.0
660.0,260.0,2037.6211,0.0
670.0,260.0,1976.3873,0.0
680.0,260.0,1916.3304,0.0
690.0,260.0,1857.4496,0.0
700.0,260.0,1799.7412,0.0
710.0,260.0,1743.2043,0.0
720.0,260.0,1687.8375,0.0
730.0,260.0,1633.6381,0.0
740.0,260.0,1580.6046,0.0
750.0,260.0,1528.7356,0.0
760.0,260.0,1478.0297,0.0
770.0,260.0,1428.4836,0.0
780.0,260.0,1380.098,0.0
790.0,260.0,1332.8699,0.0
800.0,260.0,1286.7981,0.0
810.0,260.0,1241.8823,0.0
820.0,260.0,1198.1198,0.0
830.0,260.0,1155.5099,0.0
840.0,260.0,1114.0518,0.0
850.0,260.0,1073.7433,0.0
860.0,260.0,1034.5834,0.0
870.0,260.0,996.5715,0.0
880.0,260.0,959.70557,0.0
890.0,260.0,923.9856,0.0
900.0,260.0,889.4095,0.0
910.0,260.0,855.9767,0.0
920.0,260.0,823.6864,0.0
930.0,260.0,792.5376,0.0
940.0,260.0,762.52924,0.0
950.0,260.0,733.6601,0.0
960.0,260.0,705.9295,0.0
970.0,260.0,679.33685,0.0
980.0,260.0,653.88153,0.0
990.0,260.0,629.5614,0.0
1000.0,260.0,606.37836,0.0
1010.0,260.0,584.3291,0.0
1020.0,260.0,563.4145,0.0
1030.0,260.0,543.633,0.0
1040.0,260.0,524.98486,0.0
1050.0,260.0,507.4688,0.0
1060.0,260.0,491.08435,0.0
1070.0,260.0,475.83118,0.0
1080.0,260.0,461.70844,0.0
1090.0,260.0,448.71625,0.0
1100.0,260.0,436.85388,0.0
1110.0,260.0,426.12048,0.0
1120.0,260.0,416.51654,0.0
1130.0,260.0,408.0409,0.0
1140.0,260.0,400.693,0.0
1150.0,260.0,394.47266,0.0
1160.0,260.0,389.38052,0.0
1170.0,260.0,385.41486,0.0
1180.0,260.0,382.57623,0.0
1190.0,260.0,380.86426,0.0
1200.0,260.0,380.2788,0.0
1210.0,260.0,380.81934,0.0
1220.0,260.0,382.48575,0.0
1230.0,260.0,385.2779,0.0
1240.0,260.0,389.19562,0.0
1250.0,260.0,394.2387,0.0
1260.0,260.0,400.4067,0.0
1270.0,260.0,407.70026,0.0
1280.0,260.0,416.11887,0.0
1290.0,260.0,425.66238,0.0
1300.0,260.0,436.33044,0.0
1310.0,260.0,448.1233,0.0
1320.0,260.0,461.04016,0.0
1330.0,260.0,475.08002,0.0
1340.0,260.0,490.24725,0.0
1350.0,260.0,506.5388,0.0
1360.0,260.0,523.9553,0.0
1370.0,260.0,542.4963,0.0
1380.0,260.0,562.161,0.0
1390.0,260.0,582.9516,0.0
1400.0,260.0,604.8661,0.0
1410.0,260.0,627.906,0.0
1420.0,260.0,652.0702,0.0
1430.0,260.0,677.359,0.0
1440.0,260.0,703.7731,0.0
1450.0,260.0,731.31177,0.0
1460.0,260.0,759.9761,0.0
1470.0,260.0,789.7657,0.0
1480.0,260.0,820.68036,0.0
1490.0,260.0,852.7202,0.0
1500.0,260.0,885.88525,0.0
1510.0,260.0,920.17645,0.0
1520.0,260.0,955.5928,0.0
1530.0,260.0,992.13525,0.0
1540.0,260.0,1029.8031,0.0
1550.0,260.0,1068.5967,0.0
1560.0,260.0,1108.5162,0.0
1570.0,260.0,1149.5632,0.0
1580.0,260.0,1191.7356,0.0
1590.0,260.0,1235.0349,0.0
1600.0,260.0,1279.4606,0.0
1610.0,260.0,1325.0132,0.0
1620.0,260.0,1371.6921,0.0
1630.0,260.0,1419.4968,0.0
1640.0,260.0,1468.43,0.0
1650.0,260.0,1518.4905,0.0
1660.0,260.0,1569.6776,0.0
1670.0,260.0,1621.9912,0.0
1680.0,260.0,1675.4324,0.0
1690.0,260.0,1730.0,0.0
1700.0,260.0,1785.6967,0.0
1710.0,260.0,1842.5194,0.0
1720.0,260.0,1900.4713,0.0
1730.0,260.0,1959.5493,0.0
1740.0,260.0,2019.7571,0.0
1750.0,260.0,2081.0898,0.0
1760.0,260.0,2143.5527,0.0
1770.0,260.0,2207.142,0.0
1780.0,260.0,2271.859,0.0
1790.0,260.0,2337.7065,0.0
1800.0,260.0,2404.6797,0.0
-200.0,270.0,39270.906,1.0
-190.0,270.0,39270.906,1.0
-180.0,270.0,39270.906,1.0
-170.0,270.0,39270.906,1.0
-160.0,270.0,39270.906,1.0
-150.0,270.0,39270.906,1.0
-140.0,270.0,39270.906,1.0
-130.0,270.0,39270.906,1.0
-120.0,270.0,39270.906,1.0
-110.0,270.0,39270.906,1.0
-100.0,270.0,39270.906,1.0
-90.0,270.0,39270.906,1.0
-80.0,270.0,39270.906,1.0
-70.0,270.0,39270.906,1.0
-60.0,270.0,39270.906,1.0
-50.0,270.0,39270.906,1.0
-40.0,270.0,39270.906,1.0
-30.0,270.0,39270.906,1.0
-20.0,270.0,8732.456,0.0
-10.0,270.0,8599.752,0.0
0.0,270.0,8467.295,0.0
10.0,270.0,8335.134,0.0
20.0,270.0,8203.315,0.0
30.0,270.0,8071.8945,0.0
40.0,270.0,7940.924,0.0
50.0,270.0,7810.459,0.0
60.0,270.0,7680.5654,0.0
70.0,270.0,7551.3057,0.0
80.0,270.0,7422.749,0.0
90.0,270.0,7294.9663,0.0
100.0,270.0,7168.033,0.0
110.0,270.0,7042.034,0.0
120.0,270.0,6917.054,0.0
130.0,270.0,6793.1846,0.0
140.0,270.0,6670.5215,0.0
150.0,270.0,6549.1455,0.0
160.0,270.0,6429.0684,0.0
170.0,270.0,6310.284,0.0
180.0,270.0,6192.7856,0.0
190.0,270.0,6076.573,0.0
200.0,270.0,5961.6396,0.0
210.0,270.0,5847.9785,0.0
220.0,270.0,5735.5894,0.0
230.0,270.0,5624.4604,0.0
240.0,270.0,5514.5947,0.0
250.0,270.0,5405.985,0.0
260.0,270.0,5298.625,0.0
270.0,270.0,5192.5137,0.0
280.0,270.0,5087.6455,0.0
290.0,270.0,4984.0186,0.0
300.0,270.0,4881.624,0.0
310.0,270.0,4780.463,0.0
320.0,270.0,4680.5273,0.0
330.0,270.0,4581.8174,0.0
340.0,270.0,4484.3247,0.0
350.0,270.0,4388.0503,0.0
360.0,270.0,4292.9883,0.0
370.0,270.0,4199.1367,0.0
380.0,270.0,4106.489,0.0
390.0,270.0,4015.045,0.0
400.0,270.0,3924.7969,0.0
410.0,270.0,3835.749,0.0
420.0,270.0,3747.8923,0.0
430.0,270.0,3661.225,0.0
440.0,270.0,3575.7454,0.0
450.0,270.0,3491.4478,0.0
460.0,270.0,3408.3313,0.0
470.0,270.0,3326.3933,0.0
480.0,270.0,3245.6296,0.0
490.0,270.0,3166.0388,0.0
500.0,270.0,3087.6167,0.0
510.0,270.0,3010.3618,0.0
520.0,270.0,2934.271,0.0
530.0,270.0,2859.3425,0.0
540.0,270.0,2785.5718,0.0
550.0,270.0,2712.9597,0.0
560.0,270.0,2641.5015,0.0
570.0,270.0,2571.1948,0.0
580.0,270.0,2502.0386,0.0
590.0,270.0,2434.0303,0.0
600.0,270.0,2367.167,0.0
610.0,270.0,2301.4478,0.0
620.0,270.0,2236.8696,0.0
630.0,270.0,2173.4307,0.0
640.0,270.0,2111.1292,0.0
650.0,270.0,2049.9626,0.0
660.0,270.0,1989.9297,0.0
670.0,270.0,1931.029,0.0
680.0,270.0,1873.258,0.0
690.0,270.0,1816.6149,0.0
700.0,270.0,1761.0991,0.0
710.0,270.0,1706.7083,0.0
720.0,270.0,1653.4402,0.0
730.0,270.0,1601.2935,0.0
740.0,270.0,1550.2676,0.0
750.0,270.0,1500.3596,0.0
760.0,270.0,1451.5684,0.0
770.0,270.0,1403.8937,0.0
780.0,270.0,1357.3326,0.0
790.0,270.0,1311.8848,0.0
800.0,270.0,1267.5487,0.0
810.0,270.0,1224.3232,0.0
820.0,270.0,1182.207,0.0
830.0,270.0,1141.1987,0.0
840.0,270.0,1101.2974,0.0
850.0,270.0,1062.502,0.0
860.0,270.0,1024.8114,0.0
870.0,270.0,988.22375,0.0
880.0,270.0,952.73975,0.0
890.0,270.0,918.3567,0.0
900.0,270.0,885.0748,0.0
910.0,270.0,852.89264,0.0
920.0,270.0,821.8091,0.0
930.0,270.0,791.824,0.0
940.0,270.0,762.93567,0.0
950.0,270.0,735.1438,0.0
960.0,270.0,708.4478,0.0
970.0,270.0,682.84705,0.0
980.0,270.0,658.34045,0.0
990.0,270.0,634.92676,0.0
1000.0,270.0,612.60657,0.0
1010.0,270.0,591.3779,0.0
1020.0,270.0,571.24133,0.0
1030.0,270.0,552.1964,0.0
1040.0,270.0,534.241,0.0
1050.0,270.0,517.3761,0.0
1060.0,270.0,501.60034,0.0
1070.0,270.0,486.914,0.0
1080.0,270.0,473.31567,0.0
1090.0,270.0,460.80615,0.0
1100.0,270.0,449.3838,0.0
1110.0,270.0,439.04852,0.0
1120.0,270.0,429.80023,0.0
1130.0,270.0,421.63898,0.0
1140.0,270.0,414.56314,0.0
1150.0,270.0,408.57376,0.0
1160.0,270.0,403.66995,0.0
1170.0,270.0,399.85162,0.0
1180.0,270.0,397.11777,0.0
1190.0,270.0,395.4689,0.0
1200.0,270.0,394.9049,0.0
1210.0,270.0,395.42548,0.0
1220.0,270.0,397.0299,0.0
1230.0,270.0,399.71826,0.0
1240.0,270.0,403.4912,0.0
1250.0,270.0,408.34717,0.0
1260.0,270.0,414.2873,0.0
1270.0,270.0,421.31027,0.0
1280.0,270.0,429.41718,0.0
1290.0,270.0,438.60724,0.0
1300.0,270.0,448.88098,0.0
1310.0,270.0,460.23724,0.0
1320.0,270.0,472.6761,0.0
1330.0,270.0,486.1972,0.0
1340.0,270.0,500.80225,0.0
1350.0,270.0,516.4917,0.0
1360.0,270.0,533.263,0.0
1370.0,270.0,551.1179,0.0
1380.0,270.0,570.0556,0.0
1390.0,270.0,590.07654,0.0
1400.0,270.0,611.18054,0.0
1410.0,270.0,633.3681,0.0
1420.0,270.0,656.63824,0.0
1430.0,270.0,680.9922,0.0
1440.0,270.0,706.42834,0.0
1450.0,270.0,732.9487,0.0
1460.0,270.0,760.55176,0.0
1470.0,270.0,789.2392,0.0
1480.0,270.0,819.00977,0.0
1490.0,270.0,849.8646,0.0
1500.0,270.0,881.80255,0.0
1510.0,270.0,914.8241,0.0
1520.0,270.0,948.9302,0.0
1530.0,270.0,984.1198,0.0
1540.0,270.0,1020.3939,0.0
1550.0,270.0,1057.7516,0.0
1560.0,270.0,1096.1938,0.0
1570.0,270.0,1135.7205,0.0
1580.0,270.0,1176.3314,0.0
1590.0,270.0,1218.0275,0.0
1600.0,270.0,1260.8086,0.0
1610.0,270.0,1304.6733,0.0
1620.0,270.0,1349.6233,0.0
1630.0,270.0,1395.6592,0.0
1640.0,270.0,1442.7786,0.0
1650.0,270.0,1490.9836,0.0
1660.0,270.0,1540.2745,0.0
1670.0,270.0,1590.6499,0.0
1680.0,270.0,1642.1118,0.0
1690.0,270.0,1694.6584,0.0
1700.0,270.0,1748.2893,0.0
1710.0,270.0,1803.0067,0.0
1720.0,270.0,1858.8103,0.0
1730.0,270.0,1915.698,0.0
1740.0,270.0,1973.6722,0.0
1750.0,270.0,2032.7314,0.0
1760.0,270.0,2092.8774,0.0
1770.0,270.0,2154.1099,0.0
1780.0,270.0,2216.4255,0.0
1790.0,270.0,2279.8303,0.0
1800.0,270.0,2344.3188,0.0
-200.0,280.0,39270.906,1.0
-190.0,280.0,39270.906,1.0
-180.0,280.0,39270.906,1.0
-170.0,280.0,39270.906,1.0
-160.0,280.0,39270.906,1.0
-150.0,280.0,39270.906,1.0
-140.0,280.0,39270.906,1.0
-130.0,280.0,39270.906,1.0
-120.0,280.0,39270.906,1.0
-110.0,280.0,39270.906,1.0
-100.0,280.0,39270.906,1.0
-90.0,280.0,39270.906,1.0
-80.0,280.0,39270.906,1.0
-70.0,280.0,39270.906,1.0
-60.0,280.0,39270.906,1.0
-50.0,280.0,39270.906,1.0
-40.0,280.0,39270.906,1.0
-30.0,280.0,39270.906,1.0
-20.0,280.0,39270.906,1.0
-10.0,280.0,8320.401,0.0
0.0,280.0,8190.79,0.0
10.0,280.0,8061.596,0.0
20.0,280.0,7932.871,0.0
30.0,280.0,7804.675,0.0
40.0,280.0,7677.0625,0.0
50.0,280.0,7550.1,0.0
60.0,280.0,7423.8574,0.0
70.0,280.0,7298.4023,0.0
80.0,280.0,7173.8096,0.0
90.0,280.0,7050.162,0.0
100.0,280.0,6927.5386,0.0
110.0,280.0,6806.0312,0.0
120.0,280.0,6685.7334,0.0
130.0,280.0,6566.682,0.0
140.0,280.0,6448.881,0.0
150.0,280.0,6332.3145,0.0
160.0,280.0,6216.9893,0.0
170.0,280.0,6102.8945,0.0
180.0,280.0,5990.0273,0.0
190.0,280.0,5878.383,0.0
200.0,280.0,5767.9604,0.0
210.0,280.0,5658.751,0.0
220.0,280.0,5550.753,0.0
230.0,280.0,5443.958,0.0
240.0,280.0,5338.369,0.0
250.0,280.0,5233.9814,0.0
260.0,280.0,5130.787,0.0
270.0,280.0,5028.7827,0.0
280.0,280.0,4927.9683,0.0
290.0,280.0,4828.337,0.0
300.0,280.0,4729.8867,0.0
310.0,280.0,4632.6123,0.0
320.0,280.0,4536.5127,0.0
330.0,280.0,4441.583,0.0
340.0,280.0,4347.8193,0.0
350.0,280.0,4255.2207,0.0
360.0,280.0,4163.782,0.0
370.0,280.0,4073.5017,0.0
380.0,280.0,3984.3743,0.0
390.0,280.0,3896.3994,0.0
400.0,280.0,3809.5723,0.0
410.0,280.0,3723.891,0.0
420.0,280.0,3639.3528,0.0
430.0,280.0,3555.954,0.0
440.0,280.0,3473.6929,0.0
450.0,280.0,3392.5654,0.0
460.0,280.0,3312.5708,0.0
470.0,280.0,3233.705,0.0
480.0,280.0,3155.9663,0.0
490.0,280.0,3079.3518,0.0
500.0,280.0,3003.8594,0.0
510.0,280.0,2929.4856,0.0
520.0,280.0,2856.231,0.0
530.0,280.0,2784.09,0.0
540.0,280.0,2713.0625,0.0
550.0,280.0,2643.1455,0.0
560.0,280.0,2574.337,0.0
570.0,280.0,2506.6343,0.0
580.0,280.0,2440.0369,0.0
590.0,280.0,2374.5417,0.0
600.0,280.0,2310.1472,0.0
610.0,280.0,2246.851,0.0
620.0,280.0,2184.6516,0.0
630.0,280.0,2123.5474,0.0
640.0,280.0,2063.5364,0.0
650.0,280.0,2004.6163,0.0
660.0,280.0,1946.7871,0.0
670.0,280.0,1890.0463,0.0
680.0,280.0,1834.3904,0.0
690.0,280.0,1779.8213,0.0
700.0,280.0,1726.3346,0.0
710.0,280.0,1673.9305,0.0
720.0,280.0,1622.6064,0.0
730.0,280.0,1572.3616,0.0
740.0,280.0,1523.1948,0.0
750.0,280.0,1475.1033,0.0
760.0,280.0,1428.0874,0.0
770.0,280.0,1382.1455,0.0
780.0,280.0,1337.2764,0.0
790.0,280.0,1293.4786,0.0
800.0,280.0,1250.7505,0.0
810.0,280.0,1209.0918,0.0
820.0,280.0,1168.5017,0.0
830.0,280.0,1128.9779,0.0
840.0,280.0,1090.5203,0.0
850.0,280.0,1053.1277,0.0
860.0,280.0,1016.79913,0.0
870.0,280.0,981.533,0.0
880.0,280.0,947.32996,0.0
890.0,280.0,914.18726,0.0
900.0,280.0,882.1048,0.0
910.0,280.0,851.0824,0.0
920.0,280.0,821.119,0.0
930.0,280.0,792.2136,0.0
940.0,280.0,764.36475,0.0
950.0,280.0,737.573,0.0
960.0,280.0,711.8367,0.0
970.0,280.0,687.15576,0.0
980.0,280.0,663.5295,0.0
990.0,280.0,640.95667,0.0
1000.0,280.0,619.4375,0.0
1010.0,280.0,598.97046,0.0
1020.0,280.0,579.55615,0.0
1030.0,280.0,561.19434,0.0
1040.0,280.0,543.8821,0.0
1050.0,280.0,527.62146,0.0
1060.0,280.0,512.4112,0.0
1070.0,280.0,498.25067,0.0
1080.0,280.0,485.1391,0.0
1090.0,280.0,473.07654,0.0
1100.0,280.0,462.06308,0.0
1110.0,280.0,452.09772,0.0
1120.0,280.0,443.18005,0.0
1130.0,280.0,435.31055,0.0
1140.0,280.0,428.48795,0.0
1150.0,280.0,422.71173,0.0
1160.0,280.0,417.98355,0.0
1170.0,280.0,414.30087,0.0
1180.0,280.0,411.66492,0.0
1190.0,280.0,410.07504,0.0
1200.0,280.0,409.53107,0.0
1210.0,280.0,410.03256,0.0
1220.0,280.0,411.58005,0.0
1230.0,280.0,414.17242,0.0
1240.0,280.0,417.8098,0.0
1250.0,280.0,422.49258,0.0
1260.0,280.0,428.2204,0.0
1270.0,280.0,434.9929,0.0
1280.0,280.0,442.81052,0.0
1290.0,280.0,451.67245,0.0
1300.0,280.0,461.57898,0.0
1310.0,280.0,472.53046,0.0
1320.0,280.0,484.5256,0.0
1330.0,280.0,497.5645,0.0
1340.0,280.0,511.64752,0.0
1350.0,280.0,526.7771,0.0
1360.0,280.0,542.9501,0.0
1370.0,280.0,560.1679,0.0
1380.0,280.0,578.4303,0.0
1390.0,280.0,597.7364,0.0
1400.0,280.0,618.0875,0.0
1410.0,280.0,639.4832,0.0
1420.0,280.0,661.92346,0.0
1430.0,280.0,685.4081,0.0
1440.0,280.0,709.93726,0.0
1450.0,280.0,735.5111,0.0
1460.0,280.0,762.13025,0.0
1470.0,280.0,789.79346,0.0
1480.0,280.0,818.50134,0.0
1490.0,280.0,848.255,0.0
1500.0,280.0,879.05365,0.0
1510.0,280.0,910.8964,0.0
1520.0,280.0,943.78564,0.0
1530.0,280.0,977.71936,0.0
1540.0,280.0,1012.698,0.0
1550.0,280.0,1048.7227,0.0
1560.0,280.0,1085.7925,0.0
1570.0,280.0,1123.9078,0.0
1580.0,280.0,1163.0697,0.0
1590.0,280.0,1203.2764,0.0
1600.0,280.0,1244.5295,0.0
1610.0,280.0,1286.8289,0.0
1620.0,280.0,1330.1732,0.0
1630.0,280.0,1374.5641,0.0
1640.0,280.0,1420.0,0.0
1650.0,280.0,1466.4835,0.0
1660.0,280.0,1514.013,0.0
1670.0,280.0,1562.5897,0.0
1680.0,280.0,1612.2106,0.0
1690.0,280.0,1662.8798,0.0
1700.0,280.0,1714.5962,0.0
1710.0,280.0,1767.3582,0.0
1720.0,280.0,1821.1669,0.0
1730.0,280.0,1876.0212,0.0
1740.0,280.0,1931.9222,0.0
1750.0,280.0,1988.8712,0.0
1760.0,280.0,2046.8658,0.0
1770.0,280.0,2105.9072,0.0
1780.0,280.0,2165.996,0.0
1790.0,280.0,2227.1328,0.0
1800.0,280.0,2289.315,0.0
-200.0,290.0,39270.906,1.0
-190.0,290.0,39270.906,1.0
-180.0,290.0,39270.906,1.0
-170.0,290.0,39270.906,1.0
-160.0,290.0,39270.906,1.0
-150.0,290.0,39270.906,1.0
-140.0,290.0,39270.906,1.0
-130.0,290.0,39270.906,1.0
-120.0,290.0,39270.906,1.0
-110.0,290.0,39270.906,1.0
-100.0,290.0,39270.906,1.0
-90.0,290.0,39270.906,1.0
-80.0,290.0,39270.906,1.0
-70.0,290.0,39270.906,1.0
-60.0,290.0,39270.906,1.0
-50.0,290.0,39270.906,1.0
-40.0,290.0,39270.906,1.0
-30.0,290.0,39270.906,1.0
-20.0,290.0,39270.906,1.0
-10.0,290.0,8056.9775,0.0
0.0,290.0,7930.39,0.0
10.0,290.0,7804.3457,0.0
20.0,290.0,7678.901,0.0
30.0,290.0,7554.118,0.0
40.0,290.0,7430.064,0.0
50.0,290.0,7306.8066,0.0
60.0,290.0,7184.4214,0.0
70.0,290.0,7062.9844,0.0
80.0,290.0,6942.577,0.0
90.0,290.0,6823.2886,0.0
100.0,290.0,6705.1895,0.0
110.0,290.0,6588.2944,0.0
120.0,290.0,6472.593,0.0
130.0,290.0,6358.0884,0.0
140.0,290.0,6244.7705,0.0
150.0,290.0,6132.6387,0.0
160.0,290.0,6021.6865,0.0
170.0,290.0,5911.912,0.0
180.0,290.0,5803.3105,0.0
190.0,290.0,5695.879,0.0
200.0,290.0,5589.6104,0.0
210.0,290.0,5484.505,0.0
220.0,290.0,5380.5576,0.0
230.0,290.0,5277.7627,0.0
240.0,290.0,5176.119,0.0
250.0,290.0,5075.6245,0.0
260.0,290.0,4976.273,0.0
270.0,290.0,4878.062,0.0
280.0,290.0,4780.9883,0.0
290.0,290.0,4685.049,0.0
300.0,290.0,4590.24,0.0
310.0,290.0,4496.5576,0.0
320.0,290.0,4404.001,0.0
330.0,290.0,4312.5654,0.0
340.0,290.0,4222.25,0.0
350.0,290.0,4133.049,0.0
360.0,290.0,4044.96,0.0
370.0,290.0,3957.9824,0.0
380.0,290.0,3872.1125,0.0
390.0,290.0,3787.3472,0.0
400.0,290.0,3703.682,0.0
410.0,290.0,3621.1174,0.0
420.0,290.0,3539.65,0.0
430.0,290.0,3459.277,0.0
440.0,290.0,3379.996,0.0
450.0,290.0,3301.8047,0.0
460.0,290.0,3224.7,0.0
470.0,290.0,3148.6807,0.0
480.0,290.0,3073.7437,0.0
490.0,290.0,2999.8872,0.0
500.0,290.0,2927.109,0.0
510.0,290.0,2855.4067,0.0
520.0,290.0,2784.7798,0.0
530.0,290.0,2715.2231,0.0
540.0,290.0,2646.7378,0.0
550.0,290.0,2579.3198,0.0
560.0,290.0,2512.9685,0.0
570.0,290.0,2447.6816,0.0
580.0,290.0,2383.457,0.0
590.0,290.0,2320.2932,0.0
600.0,290.0,2258.189,0.0
610.0,290.0,2197.1423,0.0
620.0,290.0,2137.1504,0.0
630.0,290.0,2078.2126,0.0
640.0,290.0,2020.328,0.0
650.0,290.0,1963.4937,0.0
660.0,290.0,1907.709,0.0
670.0,290.0,1852.9724,0.0
680.0,290.0,1799.2827,0.0
690.0,290.0,1746.6381,0.0
700.0,290.0,1695.0361,0.0
710.0,290.0,1644.4778,0.0
720.0,290.0,1594.9597,0.0
730.0,290.0,1546.4812,0.0
740.0,290.0,1499.041,0.0
750.0,290.0,1452.6384,0.0
760.0,290.0,1407.272,0.0
770.0,290.0,1362.9409,0.0
780.0,290.0,1319.6433,0.0
790.0,290.0,1277.3787,0.0
800.0,290.0,1236.146,0.0
810.0,290.0,1195.9435,0.0
820.0,290.0,1156.7717,0.0
830.0,290.0,1118.6285,0.0
840.0,290.0,1081.5132,0.0
850.0,290.0,1045.4253,0.0
860.0,290.0,1010.36285,0.0
870.0,290.0,976.32605,0.0
880.0,290.0,943.3133,0.0
890.0,290.0,911.32477,0.0
900.0,290.0,880.359,0.0
910.0,290.0,850.41547,0.0
920.0,290.0,821.4928,0.0
930.0,290.0,793.5912,0.0
940.0,290.0,766.7101,0.0
950.0,290.0,740.848,0.0
960.0,290.0,716.0049,0.0
970.0,290.0,692.18,0.0
980.0,290.0,669.3725,0.0
990.0,290.0,647.58234,0.0
1000.0,290.0,626.8085,0.0
1010.0,290.0,607.05066,0.0
1020.0,290.0,588.3085,0.0
1030.0,290.0,570.5813,0.0
1040.0,290.0,553.86804,0.0
1050.0,290.0,538.16986,0.0
1060.0,290.0,523.48584,0.0
1070.0,290.0,509.81424,0.0
1080.0,290.0,497.15625,0.0
1090.0,290.0,485.5104,0.0
1100.0,290.0,474.877,0.0
1110.0,290.0,465.25623,0.0
1120.0,290.0,456.6461,0.0
1130.0,290.0,449.0479,0.0
1140.0,290.0,442.4605,0.0
1150.0,290.0,436.88416,0.0
1160.0,290.0,432.31848,0.0
1170.0,290.0,428.76297,0.0
1180.0,290.0,426.21796,0.0
1190.0,290.0,424.68228,0.0
1200.0,290.0,424.15677,0.0
1210.0,290.0,424.64178,0.0
1220.0,290.0,426.135,0.0
1230.0,290.0,428.63824,0.0
1240.0,290.0,432.1502,0.0
1250.0,290.0,436.67157,0.0
1260.0,290.0,442.2017,0.0
1270.0,290.0,448.74042,0.0
1280.0,290.0,456.2884,0.0
1290.0,290.0,464.84506,0.0
1300.0,290.0,474.41037,0.0
1310.0,290.0,484.98404,0.0
1320.0,290.0,496.56625,0.0
1330.0,290.0,509.1564,0.0
1340.0,290.0,522.75354,0.0
1350.0,290.0,537.36084,0.0
1360.0,290.0,552.9773,0.0
1370.0,290.0,569.60156,0.0
1380.0,290.0,587.2348,0.0
1390.0,290.0,605.8761,0.0
1400.0,290.0,625.52625,0.0
1410.0,290.0,646.18475,0.0
1420.0,290.0,667.8518,0.0
1430.0,290.0,690.5273,0.0
1440.0,290.0,714.2114,0.0
1450.0,290.0,738.90454,0.0
1460.0,290.0,764.6063,0.0
1470.0,290.0,791.31683,0.0
1480.0,290.0,819.0356,0.0
1490.0,290.0,847.7634,0.0
1500.0,290.0,877.5003,0.0
1510.0,290.0,908.2467,0.0
1520.0,290.0,940.0021,0.0
1530.0,290.0,972.7668,0.0
1540.0,290.0,1006.54004,0.0
1550.0,290.0,1041.323,0.0
1560.0,290.0,1077.1152,0.0
1570.0,290.0,1113.9167,0.0
1580.0,290.0,1151.7278,0.0
1590.0,290.0,1190.5492,0.0
1600.0,290.0,1230.3794,0.0
1610.0,290.0,1271.22,0.0
1620.0,290.0,1313.0697,0.0
1630.0,290.0,1355.9299,0.0
1640.0,290.0,1399.7993,0.0
1650.0,290.0,1444.6798,0.0
1660.0,290.0,1490.5702,0.0
1670.0,290.0,1537.4698,0.0
1680.0,290.0,1585.3798,0.0
1690.0,290.0,1634.3,0.0
1700.0,290.0,1684.2322,0.0
1710.0,290.0,1735.173,0.0
1720.0,290.0,1787.1243,0.0
1730.0,290.0,1840.0869,0.0
1740.0,290.0,1894.059,0.0
1750.0,290.0,1949.0408,0.0
1760.0,290.0,2005.0349,0.0
1770.0,290.0,2062.037,0.0
1780.0,290.0,2120.0522,0.0
1790.0,290.0,2179.0767,0.0
1800.0,290.0,2239.1113,0.0
-200.0,300.0,39270.906,1.0
-190.0,300.0,39270.906,1.0
-180.0,300.0,39270.906,1.0
-170.0,300.0,39270.906,1.0
-160.0,300.0,39270.906,1.0
-150.0,300.0,39270.906,1.0
-140.0,300.0,39270.906,1.0
-130.0,300.0,39270.906,1.0
-120.0,300.0,39270.906,1.0
-110.0,300.0,39270.906,1.0
-100.0,300.0,39270.906,1.0
-90.0,300.0,39270.906,1.0
-80.0,300.0,39270.906,1.0
-70.0,300.0,39270.906,1.0
-60.0,300.0,39270.906,1.0
-50.0,300.0,39270.906,1.0
-40.0,300.0,39270.906,1.0
-30.0,300.0,39270.906,1.0
-20.0,300.0,39270.906,1.0
-10.0,300.0,7808.966,0.0
0.0,300.0,7685.576,0.0
10.0,300.0,7562.8594,0.0
20.0,300.0,7440.875,0.0
30.0,300.0,7319.6973,0.0
40.0,300.0,7199.392,0.0
50.0,300.0,7080.036,0.0
60.0,300.0,6961.71,0.0
70.0,300.0,6844.499,0.0
80.0,300.0,6728.4434,0.0
90.0,300.0,6613.548,0.0
100.0,300.0,6499.8013,0.0
110.0,300.0,6387.207,0.0
120.0,300.0,6275.758,0.0
130.0,300.0,6165.4487,0.0
140.0,300.0,6056.2773,0.0
150.0,300.0,5948.238,0.0
160.0,300.0,5841.3315,0.0
170.0,300.0,5735.548,0.0
180.0,300.0,5630.8906,0.0
190.0,300.0,5527.354,0.0
200.0,300.0,5424.9316,0.0
210.0,300.0,5323.6226,0.0
220.0,300.0,5223.422,0.0
230.0,300.0,5124.3286,0.0
240.0,300.0,5026.339,0.0
250.0,300.0,4929.449,0.0
260.0,300.0,4833.6567,0.0
270.0,300.0,4738.9575,0.0
280.0,300.0,4645.3486,0.0
290.0,300.0,4552.829,0.0
300.0,300.0,4461.3945,0.0
310.0,300.0,4371.0435,0.0
320.0,300.0,4281.7715,0.0
330.0,300.0,4193.5757,0.0
340.0,300.0,4106.4536,0.0
350.0,300.0,4020.404,0.0
360.0,300.0,3935.4238,0.0
370.0,300.0,3851.5103,0.0
380.0,300.0,3768.6611,0.0
390.0,300.0,3686.8735,0.0
400.0,300.0,3606.1445,0.0
410.0,300.0,3526.4727,0.0
420.0,300.0,3447.8567,0.0
430.0,300.0,3370.2925,0.0
440.0,300.0,3293.7793,0.0
450.0,300.0,3218.3145,0.0
460.0,300.0,3143.895,0.0
470.0,300.0,3070.5198,0.0
480.0,300.0,2998.1863,0.0
490.0,300.0,2926.8926,0.0
500.0,300.0,2856.6362,0.0
510.0,300.0,2787.4175,0.0
520.0,300.0,2719.2322,0.0
530.0,300.0,2652.0798,0.0
540.0,300.0,2585.9568,0.0
550.0,300.0,2520.8638,0.0
560.0,300.0,2456.7979,0.0
570.0,300.0,2393.7568,0.0
580.0,300.0,2331.7402,0.0
590.0,300.0,2270.745,0.0
600.0,300.0,2210.7715,0.0
610.0,300.0,2151.8167,0.0
620.0,300.0,2093.8804,0.0
630.0,300.0,2036.9591,0.0
640.0,300.0,1981.053,0.0
650.0,300.0,1926.16,0.0
660.0,300.0,1872.2797,0.0
670.0,300.0,1819.4094,0.0
680.0,300.0,1767.5494,0.0
690.0,300.0,1716.6964,0.0
700.0,300.0,1666.8503,0.0
710.0,300.0,1618.009,0.0
720.0,300.0,1570.1733,0.0
730.0,300.0,1523.3403,0.0
740.0,300.0,1477.5095,0.0
750.0,300.0,1432.6802,0.0
760.0,300.0,1388.8505,0.0
770.0,300.0,1346.0194,0.0
780.0,300.0,1304.187,0.0
790.0,300.0,1263.3518,0.0
800.0,300.0,1223.5117,0.0
810.0,300.0,1184.6678,0.0
820.0,300.0,1146.8176,0.0
830.0,300.0,1109.9608,0.0
840.0,300.0,1074.0969,0.0
850.0,300.0,1039.2246,0.0
860.0,300.0,1005.34296,0.0
870.0,300.0,972.45197,0.0
880.0,300.0,940.5499,0.0
890.0,300.0,909.6372,0.0
900.0,300.0,879.71216,0.0
910.0,300.0,850.7739,0.0
920.0,300.0,822.82275,0.0
930.0,300.0,795.8581,0.0
940.0,300.0,769.87915,0.0
950.0,300.0,744.8839,0.0
960.0,300.0,720.8739,0.0
970.0,300.0,697.8473,0.0
980.0,300.0,675.80383,0.0
990.0,300.0,654.74316,0.0
1000.0,300.0,634.66437,0.0
1010.0,300.0,615.56836,0.0
1020.0,300.0,597.4535,0.0
1030.0,300.0,580.31866,0.0
1040.0,300.0,564.1649,0.0
1050.0,300.0,548.99194,0.0
1060.0,300.0,534.79767,0.0
1070.0,300.0,521.583,0.0
1080.0,300.0,509.34766,0.0
1090.0,300.0,498.0904,0.0
1100.0,300.0,487.812,0.0
1110.0,300.0,478.51202,0.0
1120.0,300.0,470.19006,0.0
1130.0,300.0,462.84467,0.0
1140.0,300.0,456.47714,0.0
1150.0,300.0,451.0868,0.0
1160.0,300.0,446.67294,0.0
1170.0,300.0,443.23596,0.0
1180.0,300.0,440.77515,0.0
1190.0,300.0,439.29108,0.0
1200.0,300.0,438.7832,0.0
1210.0,300.0,439.25153,0.0
1220.0,300.0,440.69516,0.0
1230.0,300.0,443.1142,0.0
1240.0,300.0,446.50958,0.0
1250.0,300.0,450.87982,0.0
1260.0,300.0,456.2255,0.0
1270.0,300.0,462.5464,0.0
1280.0,300.0,469.8429,0.0
1290.0,300.0,478.11435,0.0
1300.0,300.0,487.3609,0.0
1310.0,300.0,497.5823,0.0
1320.0,300.0,508.77878,0.0
1330.0,300.0,520.95013,0.0
1340.0,300.0,534.0947,0.0
1350.0,300.0,548.21405,0.0
1360.0,300.0,563.3105,0.0
1370.0,300.0,579.3817,0.0
1380.0,300.0,596.42676,0.0
1390.0,300.0,614.44775,0.0
1400.0,300.0,633.4432,0.0
1410.0,300.0,653.4138,0.0
1420.0,300.0,674.35913,0.0
1430.0,300.0,696.27966,0.0
1440.0,300.0,719.1753,0.0
1450.0,300.0,743.04553,0.0
1460.0,300.0,767.8908,0.0
1470.0,300.0,793.712,0.0
1480.0,300.0,820.5073,0.0
1490.0,300.0,848.2783,0.0
1500.0,300.0,877.02435,0.0
1510.0,300.0,906.7461,0.0
1520.0,300.0,937.44403,0.0
1530.0,300.0,969.1168,0.0
1540.0,300.0,1001.76526,0.0
1550.0,300.0,1035.3889,0.0
1560.0,300.0,1069.9886,0.0
1570.0,300.0,1105.5647,0.0
1580.0,300.0,1142.1155,0.0
1590.0,300.0,1179.6418,0.0
1600.0,300.0,1218.1459,0.0
1610.0,300.0,1257.625,0.0
1620.0,300.0,1298.0798,0.0
1630.0,300.0,1339.5103,0.0
1640.0,300.0,1381.9176,0.0
1650.0,300.0,1425.302,0.0
1660.0,300.0,1469.6611,0.0
1670.0,300.0,1514.9977,0.0
1680.0,300.0,1561.3104,0.0
1690.0,300.0,1608.5985,0.0
1700.0,300.0,1656.8644,0.0
1710.0,300.0,1706.1062,0.0
1720.0,300.0,1756.325,0.0
1730.0,300.0,1807.5215,0.0
1740.0,300.0,1859.6936,0.0
1750.0,300.0,1912.8413,0.0
1760.0,300.0,1966.9656,0.0
1770.0,300.0,2022.0667,0.0
1780.0,300.0,2078.145,0.0
1790.0,300.0,2135.2002,0.0
1800.0,300.0,2193.2305,0.0
-200.0,310.0,39270.906,1.0
-190.0,310.0,39270.906,1.0
-180.0,310.0,39270.906,1.0
-170.0,310.0,39270.906,1.0
-160.0,310.0,39270.906,1.0
-150.0,310.0,39270.906,1.0
-140.0,310.0,39270.906,1.0
-130.0,310.0,39270.906,1.0
-120.0,310.0,39270.906,1.0
-110.0,310.0,39270.906,1.0
-100.0,310.0,39270.906,1.0
-90.0,310.0,39270.906,1.0
-80.0,310.0,39270.906,1.0
-70.0,310.0,39270.906,1.0
-60.0,310.0,39270.906,1.0
-50.0,310.0,39270.906,1.0
-40.0,310.0,39270.906,1.0
-30.0,310.0,39270.906,1.0
-20.0,310.0,39270.906,1.0
-10.0,310.0,7575.8823,0.0
0.0,310.0,7455.8594,0.0
10.0,310.0,7336.6416,0.0
20.0,310.0,7218.299,0.0
30.0,310.0,7100.9033,0.0
40.0,310.0,6984.534,0.0
50.0,310.0,6869.2627,0.0
60.0,310.0,6755.113,0.0
70.0,310.0,6642.078,0.0
80.0,310.0,6530.1533,0.0
90.0,310.0,6419.339,0.0
100.0,310.0,6309.627,0.0
110.0,310.0,6201.0176,0.0
120.0,310.0,6093.5034,0.0
130.0,310.0,5987.084,0.0
140.0,310.0,5881.754,0.0
150.0,310.0,5777.5107,0.0
160.0,310.0,5674.3535,0.0
170.0,310.0,5572.2754,0.0
180.0,310.0,5471.2773,0.0
190.0,310.0,5371.3506,0.0
200.0,310.0,5272.4976,0.0
210.0,310.0,5174.711,0.0
220.0,310.0,5077.992,0.0
230.0,310.0,4982.332,0.0
240.0,310.0,4887.735,0.0
250.0,310.0,4794.1934,0.0
260.0,310.0,4701.7065,0.0
270.0,310.0,4610.2695,0.0
280.0,310.0,4519.882,0.0
290.0,310.0,4430.54,0.0
300.0,310.0,4342.242,0.0
310.0,310.0,4254.986,0.0
320.0,310.0,4168.766,0.0
330.0,310.0,4083.5828,0.0
340.0,310.0,3999.433,0.0
350.0,310.0,3916.3145,0.0
360.0,310.0,3834.226,0.0
370.0,310.0,3753.1626,0.0
380.0,310.0,3673.124,0.0
390.0,310.0,3594.1084,0.0
400.0,310.0,3516.1116,0.0
410.0,310.0,3439.134,0.0
420.0,310.0,3363.172,0.0
430.0,310.0,3288.2236,0.0
440.0,310.0,3214.287,0.0
450.0,310.0,3141.3608,0.0
460.0,310.0,3069.4414,0.0
470.0,310.0,2998.5298,0.0
480.0,310.0,2928.622,0.0
490.0,310.0,2859.7158,0.0
500.0,310.0,2791.811,0.0
510.0,310.0,2724.906,0.0
520.0,310.0,2658.9968,0.0
530.0,310.0,2594.085,0.0
540.0,310.0,2530.1658,0.0
550.0,310.0,2467.2393,0.0
560.0,310.0,2405.3042,0.0
570.0,310.0,2344.359,0.0
580.0,310.0,2284.4014,0.0
590.0,310.0,2225.4292,0.0
600.0,310.0,2167.4429,0.0
610.0,310.0,2110.4402,0.0
620.0,310.0,2054.4204,0.0
630.0,310.0,1999.3811,0.0
640.0,310.0,1945.3218,0.0
650.0,310.0,1892.2404,0.0
660.0,310.0,1840.137,0.0
670.0,310.0,1789.009,0.0
680.0,310.0,1738.8555,0.0
690.0,310.0,1689.6757,0.0
700.0,310.0,1641.468,0.0
710.0,310.0,1594.2322,0.0
720.0,310.0,1547.9663,0.0
730.0,310.0,1502.6699,0.0
740.0,310.0,1458.3423,0.0
750.0,310.0,1414.9814,0.0
760.0,310.0,1372.5875,0.0
770.0,310.0,1331.1583,0.0
780.0,310.0,1290.6941,0.0
790.0,310.0,1251.1934,0.0
800.0,310.0,1212.6553,0.0
810.0,310.0,1175.079,0.0
820.0,310.0,1138.4646,0.0
830.0,310.0,1102.8103,0.0
840.0,310.0,1068.116,0.0
850.0,310.0,1034.3787,0.0
860.0,310.0,1001.6011,0.0
870.0,310.0,969.781,0.0
880.0,310.0,938.9171,0.0
890.0,310.0,909.00964,0.0
900.0,310.0,880.05743,0.0
910.0,310.0,852.0591,0.0
920.0,310.0,825.01605,0.0
930.0,310.0,798.9271,0.0
940.0,310.0,773.79065,0.0
950.0,310.0,749.60657,0.0
960.0,310.0,726.3755,0.0
970.0,310.0,704.09515,0.0
980.0,310.0,682.7665,0.0
990.0,310.0,662.3877,0.0
1000.0,310.0,642.9598,0.0
1010.0,310.0,624.4819,0.0
1020.0,310.0,606.95276,0.0
1030.0,310.0,590.3723,0.0
1040.0,310.0,574.74133,0.0
1050.0,310.0,560.0591,0.0
1060.0,310.0,546.3241,0.0
1070.0,310.0,533.5364,0.0
1080.0,310.0,521.69653,0.0
1090.0,310.0,510.80322,0.0
1100.0,310.0,500.85687,0.0
1110.0,310.0,491.8568,0.0
1120.0,310.0,483.80328,0.0
1130.0,310.0,476.69498,0.0
1140.0,310.0,470.53308,0.0
1150.0,310.0,465.31635,0.0
1160.0,310.0,461.04498,0.0
1170.0,310.0,457.71893,0.0
1180.0,310.0,455.3377,0.0
1190.0,310.0,453.90094,0.0
1200.0,310.0,453.4093,0.0
1210.0,310.0,453.8621,0.0
1220.0,310.0,455.25897,0.0
1230.0,310.0,457.6003,0.0
1240.0,310.0,460.88568,0.0
1250.0,310.0,465.11502,0.0
1260.0,310.0,470.28873,0.0
1270.0,310.0,476.4054,0.0
1280.0,310.0,483.46667,0.0
1290.0,310.0,491.47083,0.0
1300.0,310.0,500.4192,0.0
1310.0,310.0,510.31143,0.0
1320.0,310.0,521.1467,0.0
1330.0,310.0,532.92566,0.0
1340.0,310.0,545.6468,0.0
1350.0,310.0,559.3113,0.0
1360.0,310.0,573.9201,0.0
1370.0,310.0,589.473,0.0
1380.0,310.0,605.96936,0.0
1390.0,310.0,623.40857,0.0
1400.0,310.0,641.792,0.0
1410.0,310.0,661.1196,0.0
1420.0,310.0,681.3895,0.0
1430.0,310.0,702.603,0.0
1440.0,310.0,724.76025,0.0
1450.0,310.0,747.8614,0.0
1460.0,310.0,771.9066,0.0
1470.0,310.0,796.89417,0.0
1480.0,310.0,822.8267,0.0
1490.0,310.0,849.70276,0.0
1500.0,310.0,877.5215,0.0
1510.0,310.0,906.2844,0.0
1520.0,310.0,935.9927,0.0
1530.0,310.0,966.64453,0.0
1540.0,310.0,998.24084,0.0
1550.0,310.0,1030.7803,0.0
1560.0,310.0,1064.2638,0.0
1570.0,310.0,1098.6915,0.0
1580.0,310.0,1134.0641,0.0
1590.0,310.0,1170.3807,0.0
1600.0,310.0,1207.6421,0.0
1610.0,310.0,1245.8477,0.0
1620.0,310.0,1284.998,0.0
1630.0,310.0,1325.0922,0.0
1640.0,310.0,1366.1313,0.0
1650.0,310.0,1408.1151,0.0
1660.0,310.0,1451.0437,0.0
1670.0,310.0,1494.9169,0.0
1680.0,310.0,1539.7344,0.0
1690.0,310.0,1585.4968,0.0
1700.0,310.0,1632.2051,0.0
1710.0,310.0,1679.8577,0.0
1720.0,310.0,1728.4553,0.0
1730.0,310.0,1777.9979,0.0
1740.0,310.0,1828.4854,0.0
1750.0,310.0,1879.918,0.0
1760.0,310.0,1932.2949,0.0
1770.0,310.0,1985.6182,0.0
1780.0,310.0,2039.8843,0.0
1790.0,310.0,2095.098,0.0
1800.0,310.0,2151.2537,0.0
-200.0,320.0,39270.906,1.0
-190.0,320.0,39270.906,1.0
-180.0,320.0,39270.906,1.0
-170.0,320.0,39270.906,1.0
-160.0,320.0,39270.906,1.0
-150.0,320.0,39270.906,1.0
-140.0,320.0,39270.906,1.0
-130.0,320.0,39270.906,1.0
-120.0,320.0,39270.906,1.0
-110.0,320.0,39270.906,1.0
-100.0,320.0,39270.906,1.0
-90.0,320.0,39270.906,1.0
-80.0,320.0,39270.906,1.0
-70.0,320.0,39270.906,1.0
-60.0,320.0,39270.906,1.0
-50.0,320.0,39270.906,1.0
-40.0,320.0,39270.906,1.0
-30.0,320.0,39270.906,1.0
-20.0,320.0,39270.906,1.0
-10.0,320.0,39270.906,1.0
0.0,320.0,7240.771,0.0
10.0,320.0,7125.224,0.0
20.0,320.0,7010.6943,0.0
30.0,320.0,6897.24,0.0
40.0,320.0,6784.865,0.0
50.0,320.0,6673.566,0.0
60.0,320.0,6563.3438,0.0
70.0,320.0,6454.189,0.0
80.0,320.0,6346.0996,0.0
90.0,320.0,6239.074,0.0
100.0,320.0,6133.111,0.0
110.0,320.0,6028.203,0.0
120.0,320.0,5924.3477,0.0
130.0,320.0,5821.545,0.0
140.0,320.0,5719.787,0.0
150.0,320.0,5619.073,0.0
160.0,320.0,5519.404,0.0
170.0,320.0,5420.7715,0.0
180.0,320.0,5323.175,0.0
190.0,320.0,5226.6104,0.0
200.0,320.0,5131.0776,0.0
210.0,320.0,5036.571,0.0
220.0,320.0,4943.089,0.0
230.0,320.0,4850.629,0.0
240.0,320.0,4759.189,0.0
250.0,320.0,4668.7656,0.0
260.0,320.0,4579.357,0.0
270.0,320.0,4490.961,0.0
280.0,320.0,4403.573,0.0
290.0,320.0,4317.1934,0.0
300.0,320.0,4231.818,0.0
310.0,320.0,4147.4453,0.0
320.0,320.0,4064.0745,0.0
330.0,320.0,3981.7004,0.0
340.0,320.0,3900.3206,0.0
350.0,320.0,3819.936,0.0
360.0,320.0,3740.544,0.0
370.0,320.0,3662.1396,0.0
380.0,320.0,3584.725,0.0
390.0,320.0,3508.2942,0.0
400.0,320.0,3432.8477,0.0
410.0,320.0,3358.3828,0.0
420.0,320.0,3284.8982,0.0
430.0,320.0,3212.3916,0.0
440.0,320.0,3140.8618,0.0
450.0,320.0,3070.3064,0.0
460.0,320.0,3000.7227,0.0
470.0,320.0,2932.111,0.0
480.0,320.0,2864.4683,0.0
490.0,320.0,2797.7932,0.0
500.0,320.0,2732.0857,0.0
510.0,320.0,2667.3403,0.0
520.0,320.0,2603.56,0.0
530.0,320.0,2540.7407,0.0
540.0,320.0,2478.8806,0.0
550.0,320.0,2417.9805,0.0
560.0,320.0,2358.0366,0.0
570.0,320.0,2299.0498,0.0
580.0,320.0,2241.0166,0.0
590.0,320.0,2183.9365,0.0
600.0,320.0,2127.8088,0.0
610.0,320.0,2072.6323,0.0
620.0,320.0,2018.4049,0.0
630.0,320.0,1965.1256,0.0
640.0,320.0,1912.7932,0.0
650.0,320.0,1861.407,0.0
660.0,320.0,1810.9656,0.0
670.0,320.0,1761.4663,0.0
680.0,320.0,1712.9111,0.0
690.0,320.0,1665.2966,0.0
700.0,320.0,1618.6228,0.0
710.0,320.0,1572.8889,0.0
720.0,320.0,1528.093,0.0
730.0,320.0,1484.2349,0.0
740.0,320.0,1441.3134,0.0
750.0,320.0,1399.3281,0.0
760.0,320.0,1358.2773,0.0
770.0,320.0,1318.1609,0.0
780.0,320.0,1278.9773,0.0
790.0,320.0,1240.7267,0.0
800.0,320.0,1203.4071,0.0
810.0,320.0,1167.019,0.0
820.0,320.0,1131.5612,0.0
830.0,320.0,1097.0317,0.0
840.0,320.0,1063.432,0.0
850.0,320.0,1030.7603,0.0
860.0,320.0,999.0157,0.0
870.0,320.0,968.1988,0.0
880.0,320.0,938.3071,0.0
890.0,320.0,909.34094,0.0
900.0,320.0,881.29987,0.0
910.0,320.0,854.18335,0.0
920.0,320.0,827.99115,0.0
930.0,320.0,802.7219,0.0
940.0,320.0,778.3756,0.0
950.0,320.0,754.952,0.0
960.0,320.0,732.44965,0.0
970.0,320.0,710.8692,0.0
980.0,320.0,690.20953,0.0
990.0,320.0,670.47064,0.0
1000.0,320.0,651.6526,0.0
1010.0,320.0,633.7538,0.0
1020.0,320.0,616.77405,0.0
1030.0,320.0,600.71356,0.0
1040.0,320.0,585.573,0.0
1050.0,320.0,571.3495,0.0
1060.0,320.0,558.0445,0.0
1070.0,320.0,545.6575,0.0
1080.0,320.0,534.1881,0.0
1090.0,320.0,523.63544,0.0
1100.0,320.0,514.00006,0.0
1110.0,320.0,505.28186,0.0
1120.0,320.0,497.47995,0.0
1130.0,320.0,490.594,0.0
1140.0,320.0,484.6245,0.0
1150.0,320.0,479.5711,0.0
1160.0,320.0,475.43304,0.0
1170.0,320.0,472.2109,0.0
1180.0,320.0,469.90363,0.0
1190.0,320.0,468.51215,0.0
1200.0,320.0,468.0354,0.0
1210.0,320.0,468.47394,0.0
1220.0,320.0,469.82727,0.0
1230.0,320.0,472.0949,0.0
1240.0,320.0,475.27753,0.0
1250.0,320.0,479.37473,0.0
1260.0,320.0,484.3864,0.0
1270.0,320.0,490.3121,0.0
1280.0,320.0,497.15244,0.0
1290.0,320.0,504.90717,0.0
1300.0,320.0,513.5758,0.0
1310.0,320.0,523.15894,0.0
1320.0,320.0,533.65564,0.0
1330.0,320.0,545.0668,0.0
1340.0,320.0,557.39136,0.0
1350.0,320.0,570.6289,0.0
1360.0,320.0,584.7805,0.0
1370.0,320.0,599.8479,0.0
1380.0,320.0,615.829,0.0
1390.0,320.0,632.72363,0.0
1400.0,320.0,650.5331,0.0
1410.0,320.0,669.2562,0.0
1420.0,320.0,688.89343,0.0
1430.0,320.0,709.44495,0.0
1440.0,320.0,730.9103,0.0
1450.0,320.0,753.28955,0.0
1460.0,320.0,776.5841,0.0
1470.0,320.0,800.7918,0.0
1480.0,320.0,825.91345,0.0
1490.0,320.0,851.9502,0.0
1500.0,320.0,878.90137,0.0
1510.0,320.0,906.766,0.0
1520.0,320.0,935.54486,0.0
1530.0,320.0,965.239,0.0
1540.0,320.0,995.8478,0.0
1550.0,320.0,1027.3712,0.0
1560.0,320.0,1059.8096,0.0
1570.0,320.0,1093.1617,0.0
1580.0,320.0,1127.429,0.0
1590.0,320.0,1162.6102,0.0
1600.0,320.0,1198.7085,0.0
1610.0,320.0,1235.7192,0.0
1620.0,320.0,1273.6465,0.0
1630.0,320.0,1312.4878,0.0
1640.0,320.0,1352.2439,0.0
1650.0,320.0,1392.9152,0.0
1660.0,320.0,1434.5015,0.0
1670.0,320.0,1477.0029,0.0
1680.0,320.0,1520.4202,0.0
1690.0,320.0,1564.7522,0.0
1700.0,320.0,1609.999,0.0
1710.0,320.0,1656.1621,0.0
1720.0,320.0,1703.2395,0.0
1730.0,320.0,1751.2319,0.0
1740.0,320.0,1800.1405,0.0
1750.0,320.0,1849.9635,0.0
1760.0,320.0,1900.7041,0.0
1770.0,320.0,1952.3591,0.0
1780.0,320.0,2004.9292,0.0
1790.0,320.0,2058.4146,0.0
1800.0,320.0,2112.8135,0.0
-200.0,330.0,39270.906,1.0
-190.0,330.0,39270.906,1.0
-180.0,330.0,39270.906,1.0
-170.0,330.0,39270.906,1.0
-160.0,330.0,39270.906,1.0
-150.0,330.0,39270.906,1.0
-140.0,330.0,39270.906,1.0
-130.0,330.0,39270.906,1.0
-120.0,330.0,39270.906,1.0
-110.0,330.0,39270.906,1.0
-100.0,330.0,39270.906,1.0
-90.0,330.0,39270.906,1.0
-80.0,330.0,39270.906,1.0
-70.0,330.0,39270.906,1.0
-60.0,330.0,39270.906,1.0
-50.0,330.0,39270.906,1.0
-40.0,330.0,39270.906,1.0
-30.0,330.0,39270.906,1.0
-20.0,330.0,39270.906,1.0
-10.0,330.0,39270.906,1.0
0.0,330.0,7039.876,0.0
10.0,330.0,6928.119,0.0
20.0,330.0,6817.408,0.0
30.0,330.0,6707.737,0.0
40.0,330.0,6599.1016,0.0
50.0,330.0,6491.5005,0.0
60.0,330.0,6384.9316,0.0
70.0,330.0,6279.39,0.0
80.0,330.0,6174.8745,0.0
90.0,330.0,6071.382,0.0
100.0,330.0,5968.908,0.0
110.0,330.0,5867.45,0.0
120.0,330.0,5767.006,0.0
130.0,330.0,5667.571,0.0
140.0,330.0,5569.1465,0.0
150.0,330.0,5471.7227,0.0
160.0,330.0,5375.3047,0.0
170.0,330.0,5279.886,0.0
180.0,330.0,5185.465,0.0
190.0,330.0,5092.037,0.0
200.0,330.0,4999.6006,0.0
210.0,330.0,4908.155,0.0
220.0,330.0,4817.6973,0.0
230.0,330.0,4728.2217,0.0
240.0,330.0,4639.7305,0.0
250.0,330.0,4552.219,0.0
260.0,330.0,4465.6865,0.0
270.0,330.0,4380.1284,0.0
280.0,330.0,4295.544,0.0
290.0,330.0,4211.9316,0.0
300.0,330.0,4129.2876,0.0
310.0,330.0,4047.6113,0.0
320.0,330.0,3966.8994,0.0
330.0,330.0,3887.1504,0.0
340.0,330.0,3808.3613,0.0
350.0,330.0,3730.5322,0.0
360.0,330.0,3653.6616,0.0
370.0,330.0,3577.7456,0.0
380.0,330.0,3502.783,0.0
390.0,330.0,3428.7715,0.0
400.0,330.0,3355.7104,0.0
410.0,330.0,3283.5972,0.0
420.0,330.0,3212.4307,0.0
430.0,330.0,3142.209,0.0
440.0,330.0,3072.9307,0.0
450.0,330.0,3004.5938,0.0
460.0,330.0,2937.1968,0.0
470.0,330.0,2870.7388,0.0
480.0,330.0,2805.2163,0.0
490.0,330.0,2740.6306,0.0
500.0,330.0,2676.9783,0.0
510.0,330.0,2614.2588,0.0
520.0,330.0,2552.47,0.0
530.0,330.0,2491.6113,0.0
540.0,330.0,2431.6807,0.0
550.0,330.0,2372.6782,0.0
560.0,330.0,2314.6008,0.0
570.0,330.0,2257.4482,0.0
580.0,330.0,2201.219,0.0
590.0,330.0,2145.9116,0.0
600.0,330.0,2091.5266,0.0
610.0,330.0,2038.0605,0.0
620.0,330.0,1985.5133,0.0
630.0,330.0,1933.8844,0.0
640.0,330.0,1883.1702,0.0
650.0,330.0,1833.3728,0.0
660.0,330.0,1784.4889,0.0
670.0,330.0,1736.5193,0.0
680.0,330.0,1689.4612,0.0
690.0,330.0,1643.3154,0.0
700.0,330.0,1598.0793,0.0
710.0,330.0,1553.754,0.0
720.0,330.0,1510.3369,0.0
730.0,330.0,1467.828,0.0
740.0,330.0,1426.2258,0.0
750.0,330.0,1385.5306,0.0
760.0,330.0,1345.7406,0.0
770.0,330.0,1306.8546,0.0
780.0,330.0,1268.8738,0.0
790.0,330.0,1231.7959,0.0
800.0,330.0,1195.6199,0.0
810.0,330.0,1160.3461,0.0
820.0,330.0,1125.9731,0.0
830.0,330.0,1092.5011,0.0
840.0,330.0,1059.9291,0.0
850.0,330.0,1028.2557,0.0
860.0,330.0,997.48175,0.0
870.0,330.0,967.6057,0.0
880.0,330.0,938.6268,0.0
890.0,330.0,910.54486,0.0
900.0,330.0,883.35944,0.0
910.0,330.0,857.0697,0.0
920.0,330.0,831.6758,0.0
930.0,330.0,807.17676,0.0
940.0,330.0,783.572,0.0
950.0,330.0,760.8616,0.0
960.0,330.0,739.0447,0.0
970.0,330.0,718.1211,0.0
980.0,330.0,698.08984,0.0
990.0,330.0,678.9512,0.0
1000.0,330.0,660.7053,0.0
1010.0,330.0,643.3504,0.0
1020.0,330.0,626.88696,0.0
1030.0,330.0,611.3152,0.0
1040.0,330.0,596.63367,0.0
1050.0,330.0,582.84247,0.0
1060.0,330.0,569.9413,0.0
1070.0,330.0,557.93036,0.0
1080.0,330.0,546.8087,0.0
1090.0,330.0,536.57684,0.0
1100.0,330.0,527.23395,0.0
1110.0,330.0,518.7804,0.0
1120.0,330.0,511.21442,0.0
1130.0,330.0,504.53717,0.0
1140.0,330.0,498.74847,0.0
1150.0,330.0,493.8485,0.0
1160.0,330.0,489.83557,0.0
1170.0,330.0,486.71082,0.0
1180.0,330.0,484.47354,0.0
1190.0,330.0,483.12378,0.0
1200.0,330.0,482.66135,0.0
1210.0,330.0,483.08652,0.0
1220.0,330.0,484.3986,0.0
1230.0,330.0,486.59747,0.0
1240.0,330.0,489.6838,0.0
1250.0,330.0,493.65674,0.0
1260.0,330.0,498.51642,0.0
1270.0,330.0,504.26254,0.0
1280.0,330.0,510.89545,0.0
1290.0,330.0,518.4148,0.0
1300.0,330.0,526.821,0.0
1310.0,330.0,536.11346,0.0
1320.0,330.0,546.2926,0.0
1330.0,330.0,557.3583,0.0
1340.0,330.0,569.3097,0.0
1350.0,330.0,582.1464,0.0
1360.0,330.0,595.86957,0.0
1370.0,330.0,610.47986,0.0
1380.0,330.0,625.9774,0.0
1390.0,330.0,642.3601,0.0
1400.0,330.0,659.62976,0.0
1410.0,330.0,677.78613,0.0
1420.0,330.0,696.8285,0.0
1430.0,330.0,716.75757,0.0
1440.0,330.0,737.57336,0.0
1450.0,330.0,759.2748,0.0
1460.0,330.0,781.86316,0.0
1470.0,330.0,805.3382,0.0
1480.0,330.0,829.6994,0.0
1490.0,330.0,854.94714,0.0
1500.0,330.0,881.08185,0.0
1510.0,330.0,908.10254,0.0
1520.0,330.0,936.00977,0.0
1530.0,330.0,964.8042,0.0
1540.0,330.0,994.4856,0.0
1550.0,330.0,1025.0543,0.0
1560.0,330.0,1056.5098,0.0
1570.0,330.0,1088.8522,0.0
1580.0,330.0,1122.0806,0.0
1590.0,330.0,1156.1959,0.0
1600.0,330.0,1191.2,0.0
1610.0,330.0,1227.0901,0.0
1620.0,330.0,1263.8672,0.0
1630.0,330.0,1301.531,0.0
1640.0,330.0,1340.083,0.0
1650.0,330.0,1379.5217,0.0
1660.0,330.0,1419.848,0.0
1670.0,330.0,1461.0605,0.0
1680.0,330.0,1503.1616,0.0
1690.0,330.0,1546.149,0.0
1700.0,330.0,1590.0248,0.0
1710.0,330.0,1634.7876,0.0
1720.0,330.0,1680.438,0.0
1730.0,330.0,1726.9751,0.0
1740.0,330.0,1774.4005,0.0
1750.0,330.0,1822.7131,0.0
1760.0,330.0,1871.9136,0.0
1770.0,330.0,1922.0018,0.0
1780.0,330.0,1972.9761,0.0
1790.0,330.0,2024.8394,0.0
1800.0,330.0,2077.5903,0.0
-200.0,340.0,39270.906,1.0
-190.0,340.0,39270.906,1.0
-180.0,340.0,39270.906,1.0
-170.0,340.0,39270.906,1.0
-160.0,340.0,39270.906,1.0
-150.0,340.0,39270.906,1.0
-140.0,340.0,39270.906,1.0
-130.0,340.0,39270.906,1.0
-120.0,340.0,39270.906,1.0
-110.0,340.0,39270.906,1.0
-100.0,340.0,39270.906,1.0
-90.0,340.0,39270.906,1.0
-80.0,340.0,39270.906,1.0
-70.0,340.0,39270.906,1.0
-60.0,340.0,39270.906,1.0
-50.0,340.0,39270.906,1.0
-40.0,340.0,39270.906,1.0
-30.0,340.0,39270.906,1.0
-20.0,340.0,39270.906,1.0
-10.0,340.0,39270.906,1.0
0.0,340.0,6852.485,0.0
10.0,340.0,6744.338,0.0
20.0,340.0,6637.1943,0.0
30.0,340.0,6531.0513,0.0
40.0,340.0,6425.907,0.0
50.0,340.0,6321.76,0.0
60.0,340.0,6218.603,0.0
70.0,340.0,6116.4375,0.0
80.0,340.0,6015.259,0.0
90.0,340.0,5915.0635,0.0
100.0,340.0,5815.8486,0.0
110.0,340.0,5717.6143,0.0
120.0,340.0,5620.356,0.0
130.0,340.0,5524.0703,0.0
140.0,340.0,5428.758,0.0
150.0,340.0,5334.4116,0.0
160.0,340.0,5241.0327,0.0
170.0,340.0,5148.618,0.0
180.0,340.0,5057.166,0.0
190.0,340.0,4966.672,0.0
200.0,340.0,4877.134,0.0
210.0,340.0,4788.5527,0.0
220.0,340.0,4700.9224,0.0
230.0,340.0,4614.241,0.0
240.0,340.0,4528.5107,0.0
250.0,340.0,4443.7256,0.0
260.0,340.0,4359.8833,0.0
270.0,340.0,4276.984,0.0
280.0,340.0,4195.0234,0.0
290.0,340.0,4114.002,0.0
300.0,340.0,4033.9165,0.0
310.0,340.0,3954.7644,0.0
320.0,340.0,3876.5454,0.0
330.0,340.0,3799.2566,0.0
340.0,340.0,3722.895,0.0
350.0,340.0,3647.4622,0.0
360.0,340.0,3572.9531,0.0
370.0,340.0,3499.3684,0.0
380.0,340.0,3426.705,0.0
390.0,340.0,3354.9614,0.0
400.0,340.0,3284.1353,0.0
410.0,340.0,3214.228,0.0
420.0,340.0,3145.2358,0.0
430.0,340.0,3077.1562,0.0
440.0,340.0,3009.9905,0.0
450.0,340.0,2943.7349,0.0
460.0,340.0,2878.3892,0.0
470.0,340.0,2813.9507,0.0
480.0,340.0,2750.4197,0.0
490.0,340.0,2687.793,0.0
500.0,340.0,2626.0706,0.0
510.0,340.0,2565.2505,0.0
520.0,340.0,2505.332,0.0
530.0,340.0,2446.3147,0.0
540.0,340.0,2388.1948,0.0
550.0,340.0,2330.9731,0.0
560.0,340.0,2274.649,0.0
570.0,340.0,2219.2192,0.0
580.0,340.0,2164.683,0.0
590.0,340.0,2111.0415,0.0
600.0,340.0,2058.2917,0.0
610.0,340.0,2006.4326,0.0
620.0,340.0,1955.4634,0.0
630.0,340.0,1905.3837,0.0
640.0,340.0,1856.1907,0.0
650.0,340.0,1807.8855,0.0
660.0,340.0,1760.4661,0.0
670.0,340.0,1713.9323,0.0
680.0,340.0,1668.2817,0.0
690.0,340.0,1623.5156,0.0
700.0,340.0,1579.6317,0.0
710.0,340.0,1536.6298,0.0
720.0,340.0,1494.5085,0.0
730.0,340.0,1453.2673,0.0
740.0,340.0,1412.9059,0.0
750.0,340.0,1373.4229,0.0
760.0,340.0,1334.8175,0.0
770.0,340.0,1297.0896,0.0
780.0,340.0,1260.2383,0.0
790.0,340.0,1224.263,0.0
800.0,340.0,1189.1625,0.0
810.0,340.0,1154.9365,0.0
820.0,340.0,1121.584,0.0
830.0,340.0,1089.1056,0.0
840.0,340.0,1057.4998,0.0
850.0,340.0,1026.7666,0.0
860.0,340.0,996.9051,0.0
870.0,340.0,967.9133,0.0
880.0,340.0,939.79315,0.0
890.0,340.0,912.5427,0.0
900.0,340.0,886.16156,0.0
910.0,340.0,860.65015,0.0
920.0,340.0,836.0074,0.0
930.0,340.0,812.2329,0.0
940.0,340.0,789.3262,0.0
950.0,340.0,767.28656,0.0
960.0,340.0,746.1146,0.0
970.0,340.0,725.8083,0.0
980.0,340.0,706.3687,0.0
990.0,340.0,687.79553,0.0
1000.0,340.0,670.0872,0.0
1010.0,340.0,653.24426,0.0
1020.0,340.0,637.2664,0.0
1030.0,340.0,622.1538,0.0
1040.0,340.0,607.9049,0.0
1050.0,340.0,594.52,0.0
1060.0,340.0,581.9995,0.0
1070.0,340.0,570.3425,0.0
1080.0,340.0,559.548,0.0
1090.0,340.0,549.61743,0.0
1100.0,340.0,540.54944,0.0
1110.0,340.0,532.34436,0.0
1120.0,340.0,525.00134,0.0
1130.0,340.0,518.52075,0.0
1140.0,340.0,512.90247,0.0
1150.0,340.0,508.146,0.0
1160.0,340.0,504.25116,0.0
1170.0,340.0,501.21805,0.0
1180.0,340.0,499.04684,0.0
1190.0,340.0,497.73654,0.0
1200.0,340.0,497.2876,0.0
1210.0,340.0,497.7003,0.0
1220.0,340.0,498.97357,0.0
1230.0,340.0,501.1079,0.0
1240.0,340.0,504.10272,0.0
1250.0,340.0,507.95895,0.0
1260.0,340.0,512.67554,0.0
1270.0,340.0,518.25275,0.0
1280.0,340.0,524.6902,0.0
1290.0,340.0,531.98865,0.0
1300.0,340.0,540.14764,0.0
1310.0,340.0,549.167,0.0
1320.0,340.0,559.0468,0.0
1330.0,340.0,569.7866,0.0
1340.0,340.0,581.3873,0.0
1350.0,340.0,593.84705,0.0
1360.0,340.0,607.1664,0.0
1370.0,340.0,621.3461,0.0
1380.0,340.0,636.38806,0.0
1390.0,340.0,652.29004,0.0
1400.0,340.0,669.0516,0.0
1410.0,340.0,686.6741,0.0
1420.0,340.0,705.15686,0.0
1430.0,340.0,724.4999,0.0
1440.0,340.0,744.70355,0.0
1450.0,340.0,765.7676,0.0
1460.0,340.0,787.6918,0.0
1470.0,340.0,810.47656,0.0
1480.0,340.0,834.1218,0.0
1490.0,340.0,858.62775,0.0
1500.0,340.0,883.9932,0.0
1510.0,340.0,910.22034,0.0
1520.0,340.0,937.3076,0.0
1530.0,340.0,965.2543,0.0
1540.0,340.0,994.0633,0.0
1550.0,340.0,1023.7322,0.0
1560.0,340.0,1054.2631,0.0
1570.0,340.0,1085.6542,0.0
1580.0,340.0,1117.9062,0.0
1590.0,340.0,1151.0186,0.0
1600.0,340.0,1184.9928,0.0
1610.0,340.0,1219.827,0.0
1620.0,340.0,1255.5223,0.0
1630.0,340.0,1292.0787,0.0
1640.0,340.0,1329.4961,0.0
1650.0,340.0,1367.7744,0.0
1660.0,340.0,1406.9143,0.0
1670.0,340.0,1446.915,0.0
1680.0,340.0,1487.7764,0.0
1690.0,340.0,1529.4998,0.0
1700.0,340.0,1572.0837,0.0
1710.0,340.0,1615.5295,0.0
1720.0,340.0,1659.8364,0.0
1730.0,340.0,1705.0044,0.0
1740.0,340.0,1751.0337,0.0
1750.0,340.0,1797.9243,0.0
1760.0,340.0,1845.6761,0.0
1770.0,340.0,1894.2887,0.0
1780.0,340.0,1943.763,0.0
1790.0,340.0,1994.1006,0.0
1800.0,340.0,2045.2972,0.0
-200.0,350.0,39270.906,1.0
-190.0,350.0,39270.906,1.0
-180.0,350.0,39270.906,1.0
-170.0,350.0,39270.906,1.0
-160.0,350.0,39270.906,1.0
-150.0,350.0,39270.906,1.0
-140.0,350.0,39270.906,1.0
-130.0,350.0,39270.906,1.0
-120.0,350.0,39270.906,1.0
-110.0,350.0,39270.906,1.0
-100.0,350.0,39270.906,1.0
-90.0,350.0,39270.906,1.0
-80.0,350.0,39270.906,1.0
-70.0,350.0,39270.906,1.0
-60.0,350.0,39270.906,1.0
-50.0,350.0,39270.906,1.0
-40.0,350.0,39270.906,1.0
-30.0,350.0,39270.906,1.0
-20.0,350.0,39270.906,1.0
-10.0,350.0,39270.906,1.0
0.0,350.0,39270.906,1.0
10.0,350.0,6572.6445,0.0
20.0,350.0,6468.8413,0.0
30.0,350.0,6366.0,0.0
40.0,350.0,6264.1196,0.0
50.0,350.0,6163.2,0.0
60.0,350.0,6063.2393,0.0
70.0,350.0,5964.2305,0.0
80.0,350.0,5866.174,0.0
90.0,350.0,5769.0684,0.0
100.0,350.0,5672.907,0.0
110.0,350.0,5577.691,0.0
120.0,350.0,5483.4175,0.0
130.0,350.0,5390.0835,0.0
140.0,350.0,5297.685,0.0
150.0,350.0,5206.222,0.0
160.0,350.0,5115.6924,0.0
170.0,350.0,5026.095,0.0
180.0,350.0,4937.424,0.0
190.0,350.0,4849.68,0.0
200.0,350.0,4762.86,0.0
210.0,350.0,4676.962,0.0
220.0,350.0,4591.9854,0.0
230.0,350.0,4507.9253,0.0
240.0,350.0,4424.782,0.0
250.0,350.0,4342.5547,0.0
260.0,350.0,4261.2373,0.0
270.0,350.0,4180.833,0.0
280.0,350.0,4101.335,0.0
290.0,350.0,4022.7463,0.0
300.0,350.0,3945.0615,0.0
310.0,350.0,3868.2798,0.0
320.0,350.0,3792.4004,0.0
330.0,350.0,3717.4224,0.0
340.0,350.0,3643.3394,0.0
350.0,350.0,3570.1548,0.0
360.0,350.0,3497.8665,0.0
370.0,350.0,3426.4707,0.0
380.0,350.0,3355.9678,0.0
390.0,350.0,3286.355,0.0
400.0,350.0,3217.6301,0.0
410.0,350.0,3149.7944,0.0
420.0,350.0,3082.8447,0.0
430.0,350.0,3016.7798,0.0
440.0,350.0,2951.599,0.0
450.0,350.0,2887.3005,0.0
460.0,350.0,2823.8823,0.0
470.0,350.0,2761.3428,0.0
480.0,350.0,2699.6821,0.0
490.0,350.0,2638.8994,0.0
500.0,350.0,2578.9912,0.0
510.0,350.0,2519.959,0.0
520.0,350.0,2461.7993,0.0
530.0,350.0,2404.5122,0.0
540.0,350.0,2348.0957,0.0
550.0,350.0,2292.5508,0.0
560.0,350.0,2237.8735,0.0
570.0,350.0,2184.0654,0.0
580.0,350.0,2131.1243,0.0
590.0,350.0,2079.0483,0.0
600.0,350.0,2027.8374,0.0
610.0,350.0,1977.4908,0.0
620.0,350.0,1928.0063,0.0
630.0,350.0,1879.3849,0.0
640.0,350.0,1831.6239,0.0
650.0,350.0,1784.7231,0.0
660.0,350.0,1738.6821,0.0
670.0,350.0,1693.4998,0.0
680.0,350.0,1649.1753,0.0
690.0,350.0,1605.7075,0.0
700.0,350.0,1563.0967,0.0
710.0,350.0,1521.3411,0.0
720.0,350.0,1480.4401,0.0
730.0,350.0,1440.3931,0.0
740.0,350.0,1401.1991,0.0
750.0,350.0,1362.8582,0.0
760.0,350.0,1325.3694,0.0
770.0,350.0,1288.7314,0.0
780.0,350.0,1252.9447,0.0
790.0,350.0,1218.0074,0.0
800.0,350.0,1183.9194,0.0
810.0,350.0,1150.6812,0.0
820.0,350.0,1118.2906,0.0
830.0,350.0,1086.7478,0.0
840.0,350.0,1056.053,0.0
850.0,350.0,1026.2046,0.0
860.0,350.0,997.20166,0.0
870.0,350.0,969.04443,0.0
880.0,350.0,941.73334,0.0
890.0,350.0,915.2664,0.0
900.0,350.0,889.6436,0.0
910.0,350.0,864.8651,0.0
920.0,350.0,840.92993,0.0
930.0,350.0,817.8381,0.0
940.0,350.0,795.5892,0.0
950.0,350.0,774.18225,0.0
960.0,350.0,753.6172,0.0
970.0,350.0,733.8937,0.0
980.0,350.0,715.0116,0.0
990.0,350.0,696.9703,0.0
1000.0,350.0,679.76953,0.0
1010.0,350.0,663.4089,0.0
1020.0,350.0,647.8897,0.0
1030.0,350.0,633.2095,0.0
1040.0,350.0,619.3685,0.0
1050.0,350.0,606.3672,0.0
1060.0,350.0,594.2047,0.0
1070.0,350.0,582.8808,0.0
1080.0,350.0,572.39526,0.0
1090.0,350.0,562.74854,0.0
1100.0,350.0,553.94006,0.0
1110.0,350.0,545.96967,0.0
1120.0,350.0,538.8362,0.0
1130.0,350.0,532.541,0.0
1140.0,350.0,527.0829,0.0
1150.0,350.0,522.4624,0.0
1160.0,350.0,518.6791,0.0
1170.0,350.0,515.7325,0.0
1180.0,350.0,513.6229,0.0
1190.0,350.0,512.35004,0.0
1200.0,350.0,511.91376,0.0
1210.0,350.0,512.31396,0.0
1220.0,350.0,513.551,0.0
1230.0,350.0,515.6242,0.0
1240.0,350.0,518.5337,0.0
1250.0,350.0,522.2794,0.0
1260.0,350.0,526.8612,0.0
1270.0,350.0,532.27893,0.0
1280.0,350.0,538.5325,0.0
1290.0,350.0,545.62244,0.0
1300.0,350.0,553.548,0.0
1310.0,350.0,562.31036,0.0
1320.0,350.0,571.90735,0.0
1330.0,350.0,582.34106,0.0
1340.0,350.0,593.6097,0.0
1350.0,350.0,605.7143,0.0
1360.0,350.0,618.65344,0.0
1370.0,350.0,632.4278,0.0
1380.0,350.0,647.0395,0.0
1390.0,350.0,662.4874,0.0
1400.0,350.0,678.7709,0.0
1410.0,350.0,695.8897,0.0
1420.0,350.0,713.845,0.0
1430.0,350.0,732.63513,0.0
1440.0,350.0,752.2617,0.0
1450.0,350.0,772.72485,0.0
1460.0,350.0,794.0227,0.0
1470.0,350.0,816.15674,0.0
1480.0,350.0,839.12695,0.0
1490.0,350.0,862.9324,0.0
1500.0,350.0,887.5741,0.0
1510.0,350.0,913.052,0.0
1520.0,350.0,939.36523,0.0
1530.0,350.0,966.5145,0.0
1540.0,350.0,994.49963,0.0
1550.0,350.0,1023.321,0.0
1560.0,350.0,1052.9795,0.0
1570.0,350.0,1083.474,0.0
1580.0,350.0,1114.8049,0.0
1590.0,350.0,1146.9708,0.0
1600.0,350.0,1179.9746,0.0
1610.0,350.0,1213.8137,0.0
1620.0,350.0,1248.4895,0.0
1630.0,350.0,1284.0005,0.0
1640.0,350.0,1320.3489,0.0
1650.0,350.0,1357.5332,0.0
1660.0,350.0,1395.5549,0.0
1670.0,350.0,1434.4121,0.0
1680.0,350.0,1474.1057,0.0
1690.0,350.0,1514.6362,0.0
1700.0,350.0,1556.0032,0.0
1710.0,350.0,1598.2068,0.0
1720.0,350.0,1641.2468,0.0
1730.0,350.0,1685.1239,0.0
1740.0,350.0,1729.8372,0.0
1750.0,350.0,1775.3867,0.0
1760.0,350.0,1821.773,0.0
1770.0,350.0,1868.9956,0.0
1780.0,350.0,1917.0546,0.0
1790.0,350.0,1965.9526,0.0
1800.0,350.0,2015.6846,0.0
-200.0,360.0,39270.906,1.0
-190.0,360.0,39270.906,1.0
-180.0,360.0,39270.906,1.0
-170.0,360.0,39270.906,1.0
-160.0,360.0,39270.906,1.0
-150.0,360.0,39270.906,1.0
-140.0,360.0,39270.906,1.0
-130.0,360.0,39270.906,1.0
-120.0,360.0,39270.906,1.0
-110.0,360.0,39270.906,1.0
-100.0,360.0,39270.906,1.0
-90.0,360.0,39270.906,1.0
-80.0,360.0,39270.906,1.0
-70.0,360.0,39270.906,1.0
-60.0,360.0,39270.906,1.0
-50.0,360.0,39270.906,1.0
-40.0,360.0,39270.906,1.0
-30.0,360.0,39270.906,1.0
-20.0,360.0,39270.906,1.0
-10.0,360.0,39270.906,1.0
0.0,360.0,39270.906,1.0
10.0,360.0,6411.949,0.0
20.0,360.0,6311.2734,0.0
30.0,360.0,6211.5283,0.0
40.0,360.0,6112.713,0.0
50.0,360.0,6014.8223,0.0
60.0,360.0,5917.8564,0.0
70.0,360.0,5821.8115,0.0
80.0,360.0,5726.6836,0.0
90.0,360.0,5632.476,0.0
100.0,360.0,5539.1807,0.0
110.0,360.0,5446.798,0.0
120.0,360.0,5355.3237,0.0
130.0,360.0,5264.7607,0.0
140.0,360.0,5175.1016,0.0
150.0,360.0,5086.345,0.0
160.0,360.0,4998.491,0.0
170.0,360.0,4911.538,0.0
180.0,360.0,4825.4824,0.0
190.0,360.0,4740.3223,0.0
200.0,360.0,4656.055,0.0
210.0,360.0,4572.6807,0.0
220.0,360.0,4490.1963,0.0
230.0,360.0,4408.5996,0.0
240.0,360.0,4327.8896,0.0
250.0,360.0,4248.066,0.0
260.0,360.0,4169.125,0.0
270.0,360.0,4091.063,0.0
280.0,360.0,4013.8826,0.0
290.0,360.0,3937.5808,0.0
300.0,360.0,3862.1543,0.0
310.0,360.0,3787.6033,0.0
320.0,360.0,3713.9248,0.0
330.0,360.0,3641.1191,0.0
340.0,360.0,3569.1812,0.0
350.0,360.0,3498.1133,0.0
360.0,360.0,3427.9136,0.0
370.0,360.0,3358.579,0.0
380.0,360.0,3290.1086,0.0
390.0,360.0,3222.501,0.0
400.0,360.0,3155.7554,0.0
410.0,360.0,3089.87,0.0
420.0,360.0,3024.8447,0.0
430.0,360.0,2960.6763,0.0
440.0,360.0,2897.3645,0.0
450.0,360.0,2834.9077,0.0
460.0,360.0,2773.3052,0.0
470.0,360.0,2712.5557,0.0
480.0,360.0,2652.6577,0.0
490.0,360.0,2593.6104,0.0
500.0,360.0,2535.413,0.0
510.0,360.0,2478.0632,0.0
520.0,360.0,2421.5618,0.0
530.0,360.0,2365.9058,0.0
540.0,360.0,2311.0952,0.0
550.0,360.0,2257.1294,0.0
560.0,360.0,2204.0059,0.0
570.0,360.0,2151.7258,0.0
580.0,360.0,2100.2856,0.0
590.0,360.0,2049.6868,0.0
600.0,360.0,1999.9274,0.0
610.0,360.0,1951.0052,0.0
620.0,360.0,1902.9221,0.0
630.0,360.0,1855.6752,0.0
640.0,360.0,1809.2642,0.0
650.0,360.0,1763.6887,0.0
660.0,360.0,1718.9478,0.0
670.0,360.0,1675.0403,0.0
680.0,360.0,1631.9653,0.0
690.0,360.0,1589.7231,0.0
700.0,360.0,1548.3126,0.0
710.0,360.0,1507.7325,0.0
720.0,360.0,1467.983,0.0
730.0,360.0,1429.0618,0.0
740.0,360.0,1390.9701,0.0
750.0,360.0,1353.7068,0.0
760.0,360.0,1317.2703,0.0
770.0,360.0,1281.6614,0.0
780.0,360.0,1246.8782,0.0
790.0,360.0,1212.9216,0.0
800.0,360.0,1179.7888,0.0
810.0,360.0,1147.4828,0.0
820.0,360.0,1115.9998,0.0
830.0,360.0,1085.3403,0.0
840.0,360.0,1055.5044,0.0
850.0,360.0,1026.4907,0.0
860.0,360.0,998.29987,0.0
870.0,360.0,970.93,0.0
880.0,360.0,944.3817,0.0
890.0,360.0,918.6549,0.0
900.0,360.0,893.7482,0.0
910.0,360.0,869.66125,0.0
920.0,360.0,846.3943,0.0
930.0,360.0,823.94653,0.0
940.0,360.0,802.3187,0.0
950.0,360.0,781.5087,0.0
960.0,360.0,761.5166,0.0
970.0,360.0,742.34375,0.0
980.0,360.0,723.9879,0.0
990.0,360.0,706.4491,0.0
1000.0,360.0,689.7274,0.0
1010.0,360.0,673.823,0.0
1020.0,360.0,658.7357,0.0
1030.0,360.0,644.46387,0.0
1040.0,360.0,631.0082,0.0
1050.0,360.0,618.36847,0.0
1060.0,360.0,606.54456,0.0
1070.0,360.0,595.5354,0.0
1080.0,360.0,585.3417,0.0
1090.0,360.0,575.9634,0.0
1100.0,360.0,567.3997,0.0
1110.0,360.0,559.65,0.0
1120.0,360.0,552.7151,0.0
1130.0,360.0,546.5947,0.0
1140.0,360.0,541.2883,0.0
1150.0,360.0,536.7961,0.0
1160.0,360.0,533.1177,0.0
1170.0,360.0,530.2526,0.0
1180.0,360.0,528.20197,0.0
1190.0,360.0,526.96436,0.0
1200.0,360.0,526.5396,0.0
1210.0,360.0,526.92896,0.0
1220.0,360.0,528.13153,0.0
1230.0,360.0,530.1469,0.0
1240.0,360.0,532.9753,0.0
1250.0,360.0,536.617,0.0
1260.0,360.0,541.07104,0.0
1270.0,360.0,546.3385,0.0
1280.0,360.0,552.4185,0.0
1290.0,360.0,559.3117,0.0
1300.0,360.0,567.01685,0.0
1310.0,360.0,575.53503,0.0
1320.0,360.0,584.86597,0.0
1330.0,360.0,595.00977,0.0
1340.0,360.0,605.9657,0.0
1350.0,360.0,617.7342,0.0
1360.0,360.0,630.31476,0.0
1370.0,360.0,643.70636,0.0
1380.0,360.0,657.9115,0.0
1390.0,360.0,672.93054,0.0
1400.0,360.0,688.7621,0.0
1410.0,360.0,705.40564,0.0
1420.0,360.0,722.86194,0.0
1430.0,360.0,741.1307,0.0
1440.0,360.0,760.2124,0.0
1450.0,360.0,780.10645,0.0
1460.0,360.0,800.8137,0.0
1470.0,360.0,822.3329,0.0
1480.0,360.0,844.66516,0.0
1490.0,360.0,867.8099,0.0
1500.0,360.0,891.76764,0.0
1510.0,360.0,916.5372,0.0
1520.0,360.0,942.1203,0.0
1530.0,360.0,968.5164,0.0
1540.0,360.0,995.724,0.0
1550.0,360.0,1023.7448,0.0
1560.0,360.0,1052.5791,0.0
1570.0,360.0,1082.2261,0.0
1580.0,360.0,1112.6873,0.0
1590.0,360.0,1143.9602,0.0
1600.0,360.0,1176.0468,0.0
1610.0,360.0,1208.946,0.0
1620.0,360.0,1242.6582,0.0
1630.0,360.0,1277.1837,0.0
1640.0,360.0,1312.5215,0.0
1650.0,360.0,1348.6727,0.0
1660.0,360.0,1385.6381,0.0
1670.0,360.0,1423.4158,0.0
1680.0,360.0,1462.0063,0.0
1690.0,360.0,1501.4108,0.0
1700.0,360.0,1541.6278,0.0
1710.0,360.0,1582.6587,0.0
1720.0,360.0,1624.502,0.0
1730.0,360.0,1667.1592,0.0
1740.0,360.0,1710.6294,0.0
1750.0,360.0,1754.9133,0.0
1760.0,360.0,1800.0103,0.0
1770.0,360.0,1845.9205,0.0
1780.0,360.0,1892.6431,0.0
1790.0,360.0,1940.1809,0.0
1800.0,360.0,1988.5308,0.0
-200.0,370.0,39270.906,1.0
-190.0,370.0,39270.906,1.0
-180.0,370.0,39270.906,1.0
-170.0,370.0,39270.906,1.0
-160.0,370.0,39270.906,1.0
-150.0,370.0,39270.906,1.0
-140.0,370.0,39270.906,1.0
-130.0,370.0,39270.906,1.0
-120.0,370.0,39270.906,1.0
-110.0,370.0,39270.906,1.0
-100.0,370.0,39270.906,1.0
-90.0,370.0,39270.906,1.0
-80.0,370.0,39270.906,1.0
-70.0,370.0,39270.906,1.0
-60.0,370.0,39270.906,1.0
-50.0,370.0,39270.906,1.0
-40.0,370.0,39270.906,1.0
-30.0,370.0,39270.906,1.0
-20.0,370.0,39270.906,1.0
-10.0,370.0,39270.906,1.0
0.0,370.0,39270.906,1.0
10.0,370.0,6261.288,0.0
20.0,370.0,6163.5537,0.0
30.0,370.0,6066.7197,0.0
40.0,370.0,5970.782,0.0
50.0,370.0,5875.7373,0.0
60.0,370.0,5781.587,0.0
70.0,370.0,5688.327,0.0
80.0,370.0,5595.957,0.0
90.0,370.0,5504.472,0.0
100.0,370.0,5413.8716,0.0
110.0,370.0,5324.1543,0.0
120.0,370.0,5235.316,0.0
130.0,370.0,5147.358,0.0
140.0,370.0,5060.2754,0.0
150.0,370.0,4974.0674,0.0
160.0,370.0,4888.7305,0.0
170.0,370.0,4804.2676,0.0
180.0,370.0,4720.6724,0.0
190.0,370.0,4637.943,0.0
200.0,370.0,4556.081,0.0
210.0,370.0,4475.0825,0.0
220.0,370.0,4394.9453,0.0
230.0,370.0,4315.669,0.0
240.0,370.0,4237.251,0.0
250.0,370.0,4159.6904,0.0
260.0,370.0,4082.9856,0.0
270.0,370.0,4007.135,0.0
280.0,370.0,3932.1375,0.0
290.0,370.0,3857.9902,0.0
300.0,370.0,3784.692,0.0
310.0,370.0,3712.2427,0.0
320.0,370.0,3640.6387,0.0
330.0,370.0,3569.8809,0.0
340.0,370.0,3499.9653,0.0
350.0,370.0,3430.894,0.0
360.0,370.0,3362.6626,0.0
370.0,370.0,3295.2712,0.0
380.0,370.0,3228.7185,0.0
390.0,370.0,3163.003,0.0
400.0,370.0,3098.122,0.0
410.0,370.0,3034.0771,0.0
420.0,370.0,2970.8657,0.0
430.0,370.0,2908.4868,0.0
440.0,370.0,2846.9385,0.0
450.0,370.0,2786.2212,0.0
460.0,370.0,2726.3318,0.0
470.0,370.0,2667.271,0.0
480.0,370.0,2609.0361,0.0
490.0,370.0,2551.6277,0.0
500.0,370.0,2495.0435,0.0
510.0,370.0,2439.2837,0.0
520.0,370.0,2384.3457,0.0
530.0,370.0,2330.23,0.0
540.0,370.0,2276.9358,0.0
550.0,370.0,2224.46,0.0
560.0,370.0,2172.8042,0.0
570.0,370.0,2121.9663,0.0
580.0,370.0,2071.9448,0.0
590.0,370.0,2022.74,0.0
600.0,370.0,1974.3503,0.0
610.0,370.0,1926.7751,0.0
620.0,370.0,1880.0144,0.0
630.0,370.0,1834.0667,0.0
640.0,370.0,1788.9309,0.0
650.0,370.0,1744.6067,0.0
660.0,370.0,1701.0933,0.0
670.0,370.0,1658.3904,0.0
680.0,370.0,1616.4967,0.0
690.0,370.0,1575.412,0.0
700.0,370.0,1535.1353,0.0
710.0,370.0,1495.6663,0.0
720.0,370.0,1457.004,0.0
730.0,370.0,1419.1478,0.0
740.0,370.0,1382.0977,0.0
750.0,370.0,1345.8518,0.0
760.0,370.0,1310.4111,0.0
770.0,370.0,1275.7737,0.0
780.0,370.0,1241.9404,0.0
790.0,370.0,1208.9095,0.0
800.0,370.0,1176.6808,0.0
810.0,370.0,1145.2546,0.0
820.0,370.0,1114.6294,0.0
830.0,370.0,1084.8053,0.0
840.0,370.0,1055.781,0.0
850.0,370.0,1027.557,0.0
860.0,370.0,1000.13245,0.0
870.0,370.0,973.5078,0.0
880.0,370.0,947.68164,0.0
890.0,370.0,922.6539,0.0
900.0,370.0,898.4238,0.0
910.0,370.0,874.99133,0.0
920.0,370.0,852.3562,0.0
930.0,370.0,830.5182,0.0
940.0,370.0,809.4767,0.0
950.0,370.0,789.23114,0.0
960.0,370.0,769.7821,0.0
970.0,370.0,751.12866,0.0
980.0,370.0,733.27045,0.0
990.0,370.0,716.2072,0.0
1000.0,370.0,699.9387,0.0
1010.0,370.0,684.46533,0.0
1020.0,370.0,669.7861,0.0
1030.0,370.0,655.9012,0.0
1040.0,370.0,642.80994,0.0
1050.0,370.0,630.51215,0.0
1060.0,370.0,619.008,0.0
1070.0,370.0,608.29694,0.0
1080.0,370.0,598.3788,0.0
1090.0,370.0,589.2538,0.0
1100.0,370.0,580.92175,0.0
1110.0,370.0,573.3822,0.0
1120.0,370.0,566.635,0.0
1130.0,370.0,560.67944,0.0
1140.0,370.0,555.5167,0.0
1150.0,370.0,551.1457,0.0
1160.0,370.0,547.5664,0.0
1170.0,370.0,544.77905,0.0
1180.0,370.0,542.78345,0.0
1190.0,370.0,541.579,0.0
1200.0,370.0,541.1659,0.0
1210.0,370.0,541.5446,0.0
1220.0,370.0,542.714,0.0
1230.0,370.0,544.6749,0.0
1240.0,370.0,547.42725,0.0
1250.0,370.0,550.97015,0.0
1260.0,370.0,555.30383,0.0
1270.0,370.0,560.42883,0.0
1280.0,370.0,566.34436,0.0
1290.0,370.0,573.05096,0.0
1300.0,370.0,580.5476,0.0
1310.0,370.0,588.8362,0.0
1320.0,370.0,597.91455,0.0
1330.0,370.0,607.78394,0.0
1340.0,370.0,618.4442,0.0
1350.0,370.0,629.8952,0.0
1360.0,370.0,642.1355,0.0
1370.0,370.0,655.16595,0.0
1380.0,370.0,668.9867,0.0
1390.0,370.0,683.5993,0.0
1400.0,370.0,699.00336,0.0
1410.0,370.0,715.19745,0.0
1420.0,370.0,732.1818,0.0
1430.0,370.0,749.9574,0.0
1440.0,370.0,768.5234,0.0
1450.0,370.0,787.88,0.0
1460.0,370.0,808.0276,0.0
1470.0,370.0,828.96533,0.0
1480.0,370.0,850.6947,0.0
1490.0,370.0,873.21326,0.0
1500.0,370.0,896.52374,0.0
1510.0,370.0,920.6249,0.0
1520.0,370.0,945.5161,0.0
1530.0,370.0,971.199,0.0
1540.0,370.0,997.6722,0.0
1550.0,370.0,1024.936,0.0
1560.0,370.0,1052.9901,0.0
1570.0,370.0,1081.8362,0.0
1580.0,370.0,1111.473,0.0
1590.0,370.0,1141.9014,0.0
1600.0,370.0,1173.1213,0.0
1610.0,370.0,1205.1311,0.0
1620.0,370.0,1237.9316,0.0
1630.0,370.0,1271.5244,0.0
1640.0,370.0,1305.907,0.0
1650.0,370.0,1341.0808,0.0
1660.0,370.0,1377.0459,0.0
1670.0,370.0,1413.8026,0.0
1680.0,370.0,1451.3501,0.0
1690.0,370.0,1489.6887,0.0
1700.0,370.0,1528.8185,0.0
1710.0,370.0,1568.7395,0.0
1720.0,370.0,1609.4529,0.0
1730.0,370.0,1650.9551,0.0
1740.0,370.0,1693.25,0.0
1750.0,370.0,1736.3367,0.0
1760.0,370.0,1780.2139,0.0
1770.0,370.0,1824.8818,0.0
1780.0,370.0,1870.3408,0.0
1790.0,370.0,1916.593,0.0
1800.0,370.0,1963.634,0.0
-200.0,380.0,39270.906,1.0
-190.0,380.0,39270.906,1.0
-180.0,380.0,39270.906,1.0
-170.0,380.0,39270.906,1.0
-160.0,380.0,39270.906,1.0
-150.0,380.0,39270.906,1.0
-140.0,380.0,39270.906,1.0
-130.0,380.0,39270.906,1.0
-120.0,380.0,39270.906,1.0
-110.0,380.0,39270.906,1.0
-100.0,380.0,39270.906,1.0
-90.0,380.0,39270.906,1.0
-80.0,380.0,39270.906,1.0
-70.0,380.0,39270.906,1.0
-60.0,380.0,39270.906,1.0
-50.0,380.0,39270.906,1.0
-40.0,380.0,39270.906,1.0
-30.0,380.0,39270.906,1.0
-20.0,380.0,39270.906,1.0
-10.0,380.0,39270.906,1.0
0.0,380.0,39270.906,1.0
10.0,380.0,6119.8145,0.0
20.0,380.0,6024.8496,0.0
30.0,380.0,5930.753,0.0
40.0,380.0,5837.5244,0.0
50.0,380.0,5745.162,0.0
60.0,380.0,5653.665,0.0
70.0,380.0,5563.0303,0.0
80.0,380.0,5473.2554,0.0
90.0,380.0,5384.336,0.0
100.0,380.0,5296.2754,0.0
110.0,380.0,5209.0693,0.0
120.0,380.0,5122.718,0.0
130.0,380.0,5037.2124,0.0
140.0,380.0,4952.561,0.0
150.0,380.0,4868.753,0.0
160.0,380.0,4785.792,0.0
170.0,380.0,4703.6753,0.0
180.0,380.0,4622.4014,0.0
190.0,380.0,4541.9673,0.0
200.0,380.0,4462.3716,0.0
210.0,380.0,4383.6143,0.0
220.0,380.0,4305.693,0.0
230.0,380.0,4228.6045,0.0
240.0,380.0,4152.349,0.0
250.0,380.0,4076.9263,0.0
260.0,380.0,4002.3325,0.0
270.0,380.0,3928.5664,0.0
280.0,380.0,3855.629,0.0
290.0,380.0,3783.516,0.0
300.0,380.0,3712.2275,0.0
310.0,380.0,3641.7622,0.0
320.0,380.0,3572.1177,0.0
330.0,380.0,3503.293,0.0
340.0,380.0,3435.2883,0.0
350.0,380.0,3368.1006,0.0
360.0,380.0,3301.7297,0.0
370.0,380.0,3236.1743,0.0
380.0,380.0,3171.4326,0.0
390.0,380.0,3107.503,0.0
400.0,380.0,3044.3857,0.0
410.0,380.0,2982.08,0.0
420.0,380.0,2920.5828,0.0
430.0,380.0,2859.894,0.0
440.0,380.0,2800.013,0.0
450.0,380.0,2740.9385,0.0
460.0,380.0,2682.669,0.0
470.0,380.0,2625.2039,0.0
480.0,380.0,2568.542,0.0
490.0,380.0,2512.6826,0.0
500.0,380.0,2457.6235,0.0
510.0,380.0,2403.3662,0.0
520.0,380.0,2349.9082,0.0
530.0,380.0,2297.2485,0.0
540.0,380.0,2245.3865,0.0
550.0,380.0,2194.3215,0.0
560.0,380.0,2144.0522,0.0
570.0,380.0,2094.5789,0.0
580.0,380.0,2045.8989,0.0
590.0,380.0,1998.0126,0.0
600.0,380.0,1950.9191,0.0
610.0,380.0,1904.6182,0.0
620.0,380.0,1859.1083,0.0
630.0,380.0,1814.3896,0.0
640.0,380.0,1770.4598,0.0
650.0,380.0,1727.3203,0.0
660.0,380.0,1684.969,0.0
670.0,380.0,1643.4058,0.0
680.0,380.0,1602.6296,0.0
690.0,380.0,1562.6406,0.0
700.0,380.0,1523.4368,0.0
710.0,380.0,1485.0189,0.0
720.0,380.0,1447.3857,0.0
730.0,380.0,1410.5369,0.0
740.0,380.0,1374.4728,0.0
750.0,380.0,1339.1904,0.0
760.0,380.0,1304.6917,0.0
770.0,380.0,1270.9746,0.0
780.0,380.0,1238.0396,0.0
790.0,380.0,1205.886,0.0
800.0,380.0,1174.5127,0.0
810.0,380.0,1143.9197,0.0
820.0,380.0,1114.107,0.0
830.0,380.0,1085.0729,0.0
840.0,380.0,1056.8176,0.0
850.0,380.0,1029.3414,0.0
860.0,380.0,1002.6435,0.0
870.0,380.0,976.7233,0.0
880.0,380.0,951.5801,0.0
890.0,380.0,927.2147,0.0
900.0,380.0,903.62537,0.0
910.0,380.0,880.81287,0.0
920.0,380.0,858.776,0.0
930.0,380.0,837.515,0.0
940.0,380.0,817.02905,0.0
950.0,380.0,797.3186,0.0
960.0,380.0,778.38293,0.0
970.0,380.0,760.22217,0.0
980.0,380.0,742.8353,0.0
990.0,380.0,726.222,0.0
1000.0,380.0,710.38306,0.0
1010.0,380.0,695.3177,0.0
1020.0,380.0,681.0254,0.0
1030.0,380.0,667.5065,0.0
1040.0,380.0,654.76,0.0
1050.0,380.0,642.78674,0.0
1060.0,380.0,631.5858,0.0
1070.0,380.0,621.15674,0.0
1080.0,380.0,611.50024,0.0
1090.0,380.0,602.61554,0.0
1100.0,380.0,594.5026,0.0
1110.0,380.0,587.16125,0.0
1120.0,380.0,580.5911,0.0
1130.0,380.0,574.7931,0.0
1140.0,380.0,569.76575,0.0
1150.0,380.0,565.51,0.0
1160.0,380.0,562.02454,0.0
1170.0,380.0,559.3106,0.0
1180.0,380.0,557.36694,0.0
1190.0,380.0,556.1941,0.0
1200.0,380.0,555.792,0.0
1210.0,380.0,556.1604,0.0
1220.0,380.0,557.29944,0.0
1230.0,380.0,559.2083,0.0
1240.0,380.0,561.8876,0.0
1250.0,380.0,565.3373,0.0
1260.0,380.0,569.5574,0.0
1270.0,380.0,574.54675,0.0
1280.0,380.0,580.3071,0.0
1290.0,380.0,586.8366,0.0
1300.0,380.0,594.1368,0.0
1310.0,380.0,602.2065,0.0
1320.0,380.0,611.046,0.0
1330.0,380.0,620.656,0.0
1340.0,380.0,631.0353,0.0
1350.0,380.0,642.1851,0.0
1360.0,380.0,654.10376,0.0
1370.0,380.0,666.79224,0.0
1380.0,380.0,680.249,0.0
1390.0,380.0,694.4761,0.0
1400.0,380.0,709.4745,0.0
1410.0,380.0,725.2434,0.0
1420.0,380.0,741.781,0.0
1430.0,380.0,759.0886,0.0
1440.0,380.0,777.16626,0.0
1450.0,380.0,796.01385,0.0
1460.0,380.0,815.6315,0.0
1470.0,380.0,836.0185,0.0
1480.0,380.0,857.17554,0.0
1490.0,380.0,879.1023,0.0
1500.0,380.0,901.7992,0.0
1510.0,380.0,925.2661,0.0
1520.0,380.0,949.50305,0.0
1530.0,380.0,974.50903,0.0
1540.0,380.0,1000.2864,0.0
1550.0,380.0,1026.833,0.0
1560.0,380.0,1054.1494,0.0
1570.0,380.0,1082.2361,0.0
1580.0,380.0,1111.0925,0.0
1590.0,380.0,1140.7202,0.0
1600.0,380.0,1171.1185,0.0
1610.0,380.0,1202.2863,0.0
1620.0,380.0,1234.2235,0.0
1630.0,380.0,1266.9313,0.0
1640.0,380.0,1300.4094,0.0
1650.0,380.0,1334.6582,0.0
1660.0,380.0,1369.6763,0.0
1670.0,380.0,1405.4646,0.0
1680.0,380.0,1442.0243,0.0
1690.0,380.0,1479.3542,0.0
1700.0,380.0,1517.4532,0.0
1710.0,380.0,1556.3234,0.0
1720.0,380.0,1595.9629,0.0
1730.0,380.0,1636.3745,0.0
1740.0,380.0,1677.5553,0.0
1750.0,380.0,1719.5066,0.0
1760.0,380.0,1762.228,0.0
1770.0,380.0,1805.7198,0.0
1780.0,380.0,1849.9827,0.0
1790.0,380.0,1895.0155,0.0
1800.0,380.0,1940.8186,0.0
-200.0,390.0,39270.906,1.0
-190.0,390.0,39270.906,1.0
-180.0,390.0,39270.906,1.0
-170.0,390.0,39270.906,1.0
-160.0,390.0,39270.906,1.0
-150.0,390.0,39270.906,1.0
-140.0,390.0,39270.906,1.0
-130.0,390.0,39270.906,1.0
-120.0,390.0,39270.906,1.0
-110.0,390.0,39270.906,1.0
-100.0,390.0,39270.906,1.0
-90.0,390.0,39270.906,1.0
-80.0,390.0,39270.906,1.0
-70.0,390.0,39270.906,1.0
-60.0,390.0,39270.906,1.0
-50.0,390.0,39270.906,1.0
-40.0,390.0,39270.906,1.0
-30.0,390.0,39270.906,1.0
-20.0,390.0,39270.906,1.0
-10.0,390.0,39270.906,1.0
0.0,390.0,39270.906,1.0
10.0,390.0,39270.906,1.0
20.0,390.0,5894.417,0.0
30.0,390.0,5802.9033,0.0
40.0,390.0,5712.2334,0.0
50.0,390.0,5622.401,0.0
60.0,390.0,5533.4053,0.0
70.0,390.0,5445.247,0.0
80.0,390.0,5357.921,0.0
90.0,390.0,5271.4277,0.0
100.0,390.0,5185.7646,0.0
110.0,390.0,5100.9307,0.0
120.0,390.0,5016.921,0.0
130.0,390.0,4933.7383,0.0
140.0,390.0,4851.3784,0.0
150.0,390.0,4769.84,0.0
160.0,390.0,4689.121,0.0
170.0,390.0,4609.2217,0.0
180.0,390.0,4530.1396,0.0
190.0,390.0,4451.873,0.0
200.0,390.0,4374.421,0.0
210.0,390.0,4297.7812,0.0
220.0,390.0,4221.952,0.0
230.0,390.0,4146.934,0.0
240.0,390.0,4072.7224,0.0
250.0,390.0,3999.319,0.0
260.0,390.0,3926.722,0.0
270.0,390.0,3854.928,0.0
280.0,390.0,3783.937,0.0
290.0,390.0,3713.7488,0.0
300.0,390.0,3644.3608,0.0
310.0,390.0,3575.7715,0.0
320.0,390.0,3507.98,0.0
330.0,390.0,3440.9858,0.0
340.0,390.0,3374.7866,0.0
350.0,390.0,3309.382,0.0
360.0,390.0,3244.7708,0.0
370.0,390.0,3180.9517,0.0
380.0,390.0,3117.9238,0.0
390.0,390.0,3055.6865,0.0
400.0,390.0,2994.237,0.0
410.0,390.0,2933.5762,0.0
420.0,390.0,2873.702,0.0
430.0,390.0,2814.6133,0.0
440.0,390.0,2756.3103,0.0
450.0,390.0,2698.791,0.0
460.0,390.0,2642.0547,0.0
470.0,390.0,2586.1,0.0
480.0,390.0,2530.9272,0.0
490.0,390.0,2476.5344,0.0
500.0,390.0,2422.921,0.0
510.0,390.0,2370.086,0.0
520.0,390.0,2318.029,0.0
530.0,390.0,2266.7476,0.0
540.0,390.0,2216.244,0.0
550.0,390.0,2166.5142,0.0
560.0,390.0,2117.5579,0.0
570.0,390.0,2069.377,0.0
580.0,390.0,2021.968,0.0
590.0,390.0,1975.331,0.0
600.0,390.0,1929.4662,0.0
610.0,390.0,1884.3722,0.0
620.0,390.0,1840.0477,0.0
630.0,390.0,1796.4928,0.0
640.0,390.0,1753.7065,0.0
650.0,390.0,1711.689,0.0
660.0,390.0,1670.4393,0.0
670.0,390.0,1629.9554,0.0
680.0,390.0,1590.2388,0.0
690.0,390.0,1551.2876,0.0
700.0,390.0,1513.1011,0.0
710.0,390.0,1475.6802,0.0
720.0,390.0,1439.0226,0.0
730.0,390.0,1403.1285,0.0
740.0,390.0,1367.9979,0.0
750.0,390.0,1333.6296,0.0
760.0,390.0,1300.0239,0.0
770.0,390.0,1267.1792,0.0
780.0,390.0,1235.0955,0.0
790.0,390.0,1203.7738,0.0
800.0,390.0,1173.2109,0.0
810.0,390.0,1143.4086,0.0
820.0,390.0,1114.3655,0.0
830.0,390.0,1086.0809,0.0
840.0,390.0,1058.5555,0.0
850.0,390.0,1031.7881,0.0
860.0,390.0,1005.77844,0.0
870.0,390.0,980.5272,0.0
880.0,390.0,956.0321,0.0
890.0,390.0,932.29456,0.0
900.0,390.0,909.3126,0.0
910.0,390.0,887.08746,0.0
920.0,390.0,865.61816,0.0
930.0,390.0,844.9043,0.0
940.0,390.0,824.9457,0.0
950.0,390.0,805.7425,0.0
960.0,390.0,787.2942,0.0
970.0,390.0,769.6001,0.0
980.0,390.0,752.66003,0.0
990.0,390.0,736.4736,0.0
1000.0,390.0,721.04224,0.0
1010.0,390.0,706.3638,0.0
1020.0,390.0,692.4391,0.0
1030.0,390.0,679.26715,0.0
1040.0,390.0,666.8484,0.0
1050.0,390.0,655.18195,0.0
1060.0,390.0,644.26843,0.0
1070.0,390.0,634.1076,0.0
1080.0,390.0,624.6985,0.0
1090.0,390.0,616.0416,0.0
1100.0,390.0,608.1372,0.0
1110.0,390.0,600.98376,0.0
1120.0,390.0,594.58246,0.0
1130.0,390.0,588.93286,0.0
1140.0,390.0,584.03424,0.0
1150.0,390.0,579.8874,0.0
1160.0,390.0,576.4916,0.0
1170.0,390.0,573.8465,0.0
1180.0,390.0,571.95276,0.0
1190.0,390.0,570.8102,0.0
1200.0,390.0,570.4182,0.0
1210.0,390.0,570.77673,0.0
1220.0,390.0,571.88666,0.0
1230.0,390.0,573.7466,0.0
1240.0,390.0,576.3572,0.0
1250.0,390.0,579.71814,0.0
1260.0,390.0,583.82947,0.0
1270.0,390.0,588.69116,0.0
1280.0,390.0,594.30334,0.0
1290.0,390.0,600.6658,0.0
1300.0,390.0,607.7783,0.0
1310.0,390.0,615.64136,0.0
1320.0,390.0,624.2545,0.0
1330.0,390.0,633.61774,0.0
1340.0,390.0,643.7311,0.0
1350.0,390.0,654.5948,0.0
1360.0,390.0,666.2085,0.0
1370.0,390.0,678.5713,0.0
1380.0,390.0,691.68396,0.0
1390.0,390.0,705.5462,0.0
1400.0,390.0,720.1592,0.0
1410.0,390.0,735.5236,0.0
1420.0,390.0,751.6378,0.0
1430.0,390.0,768.5013,0.0
1440.0,390.0,786.1156,0.0
1450.0,390.0,804.47925,0.0
1460.0,390.0,823.59424,0.0
1470.0,390.0,843.4595,0.0
1480.0,390.0,864.0741,0.0
1490.0,390.0,885.43884,0.0
1500.0,390.0,907.5536,0.0
1510.0,390.0,930.4193,0.0
1520.0,390.0,954.0342,0.0
1530.0,390.0,978.39966,0.0
1540.0,390.0,1003.5159,0.0
1550.0,390.0,1029.3821,0.0
1560.0,390.0,1055.9983,0.0
1570.0,390.0,1083.3646,0.0
1580.0,390.0,1111.4812,0.0
1590.0,390.0,1140.3489,0.0
1600.0,390.0,1169.9666,0.0
1610.0,390.0,1200.3357,0.0
1620.0,390.0,1231.4546,0.0
1630.0,390.0,1263.3239,0.0
1640.0,390.0,1295.9431,0.0
1650.0,390.0,1329.3134,0.0
1660.0,390.0,1363.4333,0.0
1670.0,390.0,1398.3037,0.0
1680.0,390.0,1433.9254,0.0
1690.0,390.0,1470.2972,0.0
1700.0,390.0,1507.4197,0.0
1710.0,390.0,1545.2922,0.0
1720.0,390.0,1583.9159,0.0
1730.0,390.0,1623.2899,0.0
1740.0,390.0,1663.4136,0.0
1750.0,390.0,1704.2893,0.0
1760.0,390.0,1745.915,0.0
1770.0,390.0,1788.291,0.0
1780.0,390.0,1831.4171,0.0
1790.0,390.0,1875.2952,0.0
1800.0,390.0,1919.9216,0.0
-200.0,400.0,39270.906,1.0
-190.0,400.0,39270.906,1.0
-180.0,400.0,39270.906,1.0
-170.0,400.0,39270.906,1.0
-160.0,400.0,39270.906,1.0
-150.0,400.0,39270.906,1.0
-140.0,400.0,39270.906,1.0
-130.0,400.0,39270.906,1.0
-120.0,400.0,39270.906,1.0
-110.0,400.0,39270.906,1.0
-100.0,400.0,39270.906,1.0
-90.0,400.0,39270.906,1.0
-80.0,400.0,39270.906,1.0
-70.0,400.0,39270.906,1.0
-60.0,400.0,39270.906,1.0
-50.0,400.0,39270.906,1.0
-40.0,400.0,39270.906,1.0
-30.0,400.0,39270.906,1.0
-20.0,400.0,39270.906,1.0
-10.0,400.0,39270.906,1.0
0.0,400.0,39270.906,1.0
10.0,400.0,39270.906,1.0
20.0,400.0,5771.5947,0.0
30.0,400.0,5682.5244,0.0
40.0,400.0,5594.2705,0.0
50.0,400.0,5506.828,0.0
60.0,400.0,5420.199,0.0
70.0,400.0,5334.383,0.0
80.0,400.0,5249.3735,0.0
90.0,400.0,5165.1714,0.0
100.0,400.0,5081.7754,0.0
110.0,400.0,4999.1826,0.0
120.0,400.0,4917.3926,0.0
130.0,400.0,4836.403,0.0
140.0,400.0,4756.214,0.0
150.0,400.0,4676.8203,0.0
160.0,400.0,4598.225,0.0
170.0,400.0,4520.425,0.0
180.0,400.0,4443.418,0.0
190.0,400.0,4367.2017,0.0
200.0,400.0,4291.778,0.0
210.0,400.0,4217.1426,0.0
220.0,400.0,4143.294,0.0
230.0,400.0,4070.2344,0.0
240.0,400.0,3997.9597,0.0
250.0,400.0,3926.4678,0.0
260.0,400.0,3855.7607,0.0
270.0,400.0,3785.834,0.0
280.0,400.0,3716.6885,0.0
290.0,400.0,3648.3218,0.0
300.0,400.0,3580.733,0.0
310.0,400.0,3513.9216,0.0
320.0,400.0,3447.8857,0.0
330.0,400.0,3382.6245,0.0
340.0,400.0,3318.1365,0.0
350.0,400.0,3254.4219,0.0
360.0,400.0,3191.4785,0.0
370.0,400.0,3129.3057,0.0
380.0,400.0,3067.9019,0.0
390.0,400.0,3007.266,0.0
400.0,400.0,2947.398,0.0
410.0,400.0,2888.2969,0.0
420.0,400.0,2829.9614,0.0
430.0,400.0,2772.39,0.0
440.0,400.0,2715.5828,0.0
450.0,400.0,2659.5376,0.0
460.0,400.0,2604.255,0.0
470.0,400.0,2549.7334,0.0
480.0,400.0,2495.9727,0.0
490.0,400.0,2442.97,0.0
500.0,400.0,2390.7268,0.0
510.0,400.0,2339.241,0.0
520.0,400.0,2288.5122,0.0
530.0,400.0,2238.5396,0.0
540.0,400.0,2189.3218,0.0
550.0,400.0,2140.859,0.0
560.0,400.0,2093.1506,0.0
570.0,400.0,2046.1938,0.0
580.0,400.0,1999.9913,0.0
590.0,400.0,1954.5398,0.0
600.0,400.0,1909.8402,0.0
610.0,400.0,1865.8911,0.0
620.0,400.0,1822.6917,0.0
630.0,400.0,1780.2418,0.0
640.0,400.0,1738.5409,0.0
650.0,400.0,1697.5874,0.0
660.0,400.0,1657.3815,0.0
670.0,400.0,1617.9235,0.0
680.0,400.0,1579.2114,0.0
690.0,400.0,1541.2456,0.0
700.0,400.0,1504.0253,0.0
710.0,400.0,1467.5496,0.0
720.0,400.0,1431.8185,0.0
730.0,400.0,1396.8315,0.0
740.0,400.0,1362.5869,0.0
750.0,400.0,1329.0863,0.0
760.0,400.0,1296.3279,0.0
770.0,400.0,1264.312,0.0
780.0,400.0,1233.0369,0.0
790.0,400.0,1202.5038,0.0
800.0,400.0,1172.7113,0.0
810.0,400.0,1143.6584,0.0
820.0,400.0,1115.3463,0.0
830.0,400.0,1087.7737,0.0
840.0,400.0,1060.9408,0.0
850.0,400.0,1034.8467,0.0
860.0,400.0,1009.49146,0.0
870.0,400.0,984.8739,0.0
880.0,400.0,960.9948,0.0
890.0,400.0,937.8533,0.0
900.0,400.0,915.4489,0.0
910.0,400.0,893.7817,0.0
920.0,400.0,872.8508,0.0
930.0,400.0,852.65704,0.0
940.0,400.0,833.1991,0.0
950.0,400.0,814.4778,0.0
960.0,400.0,796.4916,0.0
970.0,400.0,779.24097,0.0
980.0,400.0,762.7256,0.0
990.0,400.0,746.9458,0.0
1000.0,400.0,731.9005,0.0
1010.0,400.0,717.5895,0.0
1020.0,400.0,704.0134,0.0
1030.0,400.0,691.17175,0.0
1040.0,400.0,679.06335,0.0
1050.0,400.0,667.6893,0.0
1060.0,400.0,657.0487,0.0
1070.0,400.0,647.1417,0.0
1080.0,400.0,637.968,0.0
1090.0,400.0,629.5283,0.0
1100.0,400.0,621.8213,0.0
1110.0,400.0,614.8468,0.0
1120.0,400.0,608.60596,0.0
1130.0,400.0,603.09705,0.0
1140.0,400.0,598.321,0.0
1150.0,400.0,594.2772,0.0
1160.0,400.0,590.9664,0.0
1170.0,400.0,588.3878,0.0
1180.0,400.0,586.54114,0.0
1190.0,400.0,585.4265,0.0
1200.0,400.0,585.04443,0.0
1210.0,400.0,585.394,0.0
1220.0,400.0,586.4755,0.0
1230.0,400.0,588.2892,0.0
1240.0,400.0,590.834,0.0
1250.0,400.0,594.11096,0.0
1260.0,400.0,598.1196,0.0
1270.0,400.0,602.85974,0.0
1280.0,400.0,608.33136,0.0
1290.0,400.0,614.535,0.0
1300.0,400.0,621.4694,0.0
1310.0,400.0,629.13574,0.0
1320.0,400.0,637.53357,0.0
1330.0,400.0,646.6627,0.0
1340.0,400.0,656.5233,0.0
1350.0,400.0,667.1151,0.0
1360.0,400.0,678.4388,0.0
1370.0,400.0,690.49316,0.0
1380.0,400.0,703.2783,0.0
1390.0,400.0,716.79315,0.0
1400.0,400.0,731.04083,0.0
1410.0,400.0,746.02075,0.0
1420.0,400.0,761.73224,0.0
1430.0,400.0,778.1743,0.0
1440.0,400.0,795.3485,0.0
1450.0,400.0,813.25366,0.0
1460.0,400.0,831.8905,0.0
1470.0,400.0,851.2589,0.0
1480.0,400.0,871.3581,0.0
1490.0,400.0,892.1888,0.0
1500.0,400.0,913.75134,0.0
1510.0,400.0,936.04486,0.0
1520.0,400.0,959.06995,0.0
1530.0,400.0,982.82684,0.0
1540.0,400.0,1007.3148,0.0
1550.0,400.0,1032.5338,0.0
1560.0,400.0,1058.4854,0.0
1570.0,400.0,1085.1676,0.0
1580.0,400.0,1112.5815,0.0
1590.0,400.0,1140.7266,0.0
1600.0,400.0,1169.604,0.0
1610.0,400.0,1199.2135,0.0
1620.0,400.0,1229.5543,0.0
1630.0,400.0,1260.6266,0.0
1640.0,400.0,1292.4303,0.0
1650.0,400.0,1324.9666,0.0
1660.0,400.0,1358.2332,0.0
1670.0,400.0,1392.2319,0.0
1680.0,400.0,1426.9625,0.0
1690.0,400.0,1462.4246,0.0
1700.0,400.0,1498.6182,0.0
1710.0,400.0,1535.5442,0.0
1720.0,400.0,1573.2015,0.0
1730.0,400.0,1611.5903,0.0
1740.0,400.0,1650.7112,0.0
1750.0,400.0,1690.5634,0.0
1760.0,400.0,1731.1477,0.0
1770.0,400.0,1772.4636,0.0
1780.0,400.0,1814.5105,0.0
1790.0,400.0,1857.2913,0.0
1800.0,400.0,1900.8019,0.0
-200.0,410.0,39270.906,1.0
-190.0,410.0,39270.906,1.0
-180.0,410.0,39270.906,1.0
-170.0,410.0,39270.906,1.0
-160.0,410.0,39270.906,1.0
-150.0,410.0,39270.906,1.0
-140.0,410.0,39270.906,1.0
-130.0,410.0,39270.906,1.0
-120.0,410.0,39270.906,1.0
-110.0,410.0,39270.906,1.0
-100.0,410.0,39270.906,1.0
-90.0,410.0,39270.906,1.0
-80.0,410.0,39270.906,1.0
-70.0,410.0,39270.906,1.0
-60.0,410.0,39270.906,1.0
-50.0,410.0,39270.906,1.0
-40.0,410.0,39270.906,1.0
-30.0,410.0,39270.906,1.0
-20.0,410.0,39270.906,1.0
-10.0,410.0,39270.906,1.0
0.0,410.0,39270.906,1.0
10.0,410.0,39270.906,1.0
20.0,410.0,5655.793,0.0
30.0,410.0,5569.0347,0.0
40.0,410.0,5483.069,0.0
50.0,410.0,5397.8906,0.0
60.0,410.0,5313.503,0.0
70.0,410.0,5229.9023,0.0
80.0,410.0,5147.0874,0.0
90.0,410.0,5065.0557,0.0
100.0,410.0,4983.806,0.0
110.0,410.0,4903.338,0.0
120.0,410.0,4823.6504,0.0
130.0,410.0,4744.7393,0.0
140.0,410.0,4666.6055,0.0
150.0,410.0,4589.245,0.0
160.0,410.0,4512.661,0.0
170.0,410.0,4436.8486,0.0
180.0,410.0,4361.8086,0.0
190.0,410.0,4287.538,0.0
200.0,410.0,4214.036,0.0
210.0,410.0,4141.301,0.0
220.0,410.0,4069.3325,0.0
230.0,410.0,3998.1277,0.0
240.0,410.0,3927.689,0.0
250.0,410.0,3858.011,0.0
260.0,410.0,3789.0962,0.0
270.0,410.0,3720.941,0.0
280.0,410.0,3653.5447,0.0
290.0,410.0,3586.9062,0.0
300.0,410.0,3521.0254,0.0
310.0,410.0,3455.8997,0.0
320.0,410.0,3391.53,0.0
330.0,410.0,3327.9136,0.0
340.0,410.0,3265.0488,0.0
350.0,410.0,3202.9368,0.0
360.0,410.0,3141.5762,0.0
370.0,410.0,3080.9648,0.0
380.0,410.0,3021.1025,0.0
390.0,410.0,2961.9883,0.0
400.0,410.0,2903.621,0.0
410.0,410.0,2846.0002,0.0
420.0,410.0,2789.1245,0.0
430.0,410.0,2732.9941,0.0
440.0,410.0,2677.6067,0.0
450.0,410.0,2622.9624,0.0
460.0,410.0,2569.06,0.0
470.0,410.0,2515.899,0.0
480.0,410.0,2463.478,0.0
490.0,410.0,2411.797,0.0
500.0,410.0,2360.854,0.0
510.0,410.0,2310.6501,0.0
520.0,410.0,2261.1821,0.0
530.0,410.0,2212.4514,0.0
540.0,410.0,2164.4565,0.0
550.0,410.0,2117.1963,0.0
560.0,410.0,2070.6719,0.0
570.0,410.0,2024.8804,0.0
580.0,410.0,1979.8237,0.0
590.0,410.0,1935.498,0.0
600.0,410.0,1891.9053,0.0
610.0,410.0,1849.044,0.0
620.0,410.0,1806.914,0.0
630.0,410.0,1765.5137,0.0
640.0,410.0,1724.8433,0.0
650.0,410.0,1684.9021,0.0
660.0,410.0,1645.6897,0.0
670.0,410.0,1607.2052,0.0
680.0,410.0,1569.4481,0.0
690.0,410.0,1532.4185,0.0
700.0,410.0,1496.116,0.0
710.0,410.0,1460.5392,0.0
720.0,410.0,1425.6882,0.0
730.0,410.0,1391.5626,0.0
740.0,410.0,1358.1616,0.0
750.0,410.0,1325.485,0.0
760.0,410.0,1293.5319,0.0
770.0,410.0,1262.3032,0.0
780.0,410.0,1231.7981,0.0
790.0,410.0,1202.0143,0.0
800.0,410.0,1172.9534,0.0
810.0,410.0,1144.6143,0.0
820.0,410.0,1116.9973,0.0
830.0,410.0,1090.1017,0.0
840.0,410.0,1063.9264,0.0
850.0,410.0,1038.4725,0.0
860.0,410.0,1013.73865,0.0
870.0,410.0,989.72485,0.0
880.0,410.0,966.4311,0.0
890.0,410.0,943.8563,0.0
900.0,410.0,922.0007,0.0
910.0,410.0,900.86395,0.0
920.0,410.0,880.4458,0.0
930.0,410.0,860.74585,0.0
940.0,410.0,841.7644,0.0
950.0,410.0,823.501,0.0
960.0,410.0,805.9552,0.0
970.0,410.0,789.12585,0.0
980.0,410.0,773.01434,0.0
990.0,410.0,757.6205,0.0
1000.0,410.0,742.9426,0.0
1010.0,410.0,728.9818,0.0
1020.0,410.0,715.7368,0.0
1030.0,410.0,703.2088,0.0
1040.0,410.0,691.3965,0.0
1050.0,410.0,680.2998,0.0
1060.0,410.0,669.91943,0.0
1070.0,410.0,660.25415,0.0
1080.0,410.0,651.3043,0.0
1090.0,410.0,643.0702,0.0
1100.0,410.0,635.5514,0.0
1110.0,410.0,628.7467,0.0
1120.0,410.0,622.658,0.0
1130.0,410.0,617.28357,0.0
1140.0,410.0,612.6241,0.0
1150.0,410.0,608.6791,0.0
1160.0,410.0,605.449,0.0
1170.0,410.0,602.9326,0.0
1180.0,410.0,601.13086,0.0
1190.0,410.0,600.0436,0.0
1200.0,410.0,599.6704,0.0
1210.0,410.0,600.0113,0.0
1220.0,410.0,601.0663,0.0
1230.0,410.0,602.8356,0.0
1240.0,410.0,605.31836,0.0
1250.0,410.0,608.5152,0.0
1260.0,410.0,612.4258,0.0
1270.0,410.0,617.05054,0.0
1280.0,410.0,622.38855,0.0
1290.0,410.0,628.4407,0.0
1300.0,410.0,635.20605,0.0
1310.0,410.0,642.6852,0.0
1320.0,410.0,650.87823,0.0
1330.0,410.0,659.7843,0.0
1340.0,410.0,669.4048,0.0
1350.0,410.0,679.73834,0.0
1360.0,410.0,690.78564,0.0
1370.0,410.0,702.546,0.0
1380.0,410.0,715.0199,0.0
1390.0,410.0,728.2058,0.0
1400.0,410.0,742.10486,0.0
1410.0,410.0,756.71875,0.0
1420.0,410.0,772.04724,0.0
1430.0,410.0,788.0894,0.0
1440.0,410.0,804.8441,0.0
1450.0,410.0,822.3127,0.0
1460.0,410.0,840.495,0.0
1470.0,410.0,859.3912,0.0
1480.0,410.0,879.0001,0.0
1490.0,410.0,899.32294,0.0
1500.0,410.0,920.35986,0.0
1510.0,410.0,942.10956,0.0
1520.0,410.0,964.573,0.0
1530.0,410.0,987.7505,0.0
1540.0,410.0,1011.64136,0.0
1550.0,410.0,1036.2458,0.0
1560.0,410.0,1061.5638,0.0
1570.0,410.0,1087.5956,0.0
1580.0,410.0,1114.341,0.0
1590.0,410.0,1141.7994,0.0
1600.0,410.0,1169.9724,0.0
1610.0,410.0,1198.8584,0.0
1620.0,410.0,1228.4597,0.0
1630.0,410.0,1258.7744,0.0
1640.0,410.0,1289.8021,0.0
1650.0,410.0,1321.5447,0.0
1660.0,410.0,1353.9995,0.0
1670.0,410.0,1387.1694,0.0
1680.0,410.0,1421.0525,0.0
1690.0,410.0,1455.649,0.0
1700.0,410.0,1490.9597,0.0
1710.0,410.0,1526.984,0.0
1720.0,410.0,1563.7222,0.0
1730.0,410.0,1601.1742,0.0
1740.0,410.0,1639.3405,0.0
1750.0,410.0,1678.2206,0.0
1760.0,410.0,1717.8135,0.0
1770.0,410.0,1758.1215,0.0
1780.0,410.0,1799.1431,0.0
1790.0,410.0,1840.8784,0.0
1800.0,410.0,1883.3269,0.0
-200.0,420.0,39270.906,1.0
-190.0,420.0,39270.906,1.0
-180.0,420.0,39270.906,1.0
-170.0,420.0,39270.906,1.0
-160.0,420.0,39270.906,1.0
-150.0,420.0,39270.906,1.0
-140.0,420.0,39270.906,1.0
-130.0,420.0,39270.906,1.0
-120.0,420.0,39270.906,1.0
-110.0,420.0,39270.906,1.0
-100.0,420.0,39270.906,1.0
-90.0,420.0,39270.906,1.0
-80.0,420.0,39270.906,1.0
-70.0,420.0,39270.906,1.0
-60.0,420.0,39270.906,1.0
-50.0,420.0,39270.906,1.0
-40.0,420.0,39270.906,1.0
-30.0,420.0,39270.906,1.0
-20.0,420.0,39270.906,1.0
-10.0,420.0,39270.906,1.0
0.0,420.0,39270.906,1.0
10.0,420.0,39270.906,1.0
20.0,420.0,39270.906,1.0
30.0,420.0,5461.915,0.0
40.0,420.0,5378.117,0.0
50.0,420.0,5295.0864,0.0
60.0,420.0,5212.8237,0.0
70.0,420.0,5131.325,0.0
80.0,420.0,5050.5903,0.0
90.0,420.0,4970.6177,0.0
100.0,420.0,4891.406,0.0
110.0,420.0,4812.9536,0.0
120.0,420.0,4735.259,0.0
130.0,420.0,4658.32,0.0
140.0,420.0,4582.1357,0.0
150.0,420.0,4506.708,0.0
160.0,420.0,4432.0312,0.0
170.0,420.0,4358.1064,0.0
180.0,420.0,4284.932,0.0
190.0,420.0,4212.5073,0.0
200.0,420.0,4140.831,0.0
210.0,420.0,4069.9004,0.0
220.0,420.0,3999.7153,0.0
230.0,420.0,3930.2734,0.0
240.0,420.0,3861.5776,0.0
250.0,420.0,3793.6226,0.0
260.0,420.0,3726.4092,0.0
270.0,420.0,3659.9365,0.0
280.0,420.0,3594.2017,0.0
290.0,420.0,3529.2053,0.0
300.0,420.0,3464.9465,0.0
310.0,420.0,3401.4233,0.0
320.0,420.0,3338.6353,0.0
330.0,420.0,3276.5813,0.0
340.0,420.0,3215.2595,0.0
350.0,420.0,3154.6714,0.0
360.0,420.0,3094.8135,0.0
370.0,420.0,3035.6877,0.0
380.0,420.0,2977.2903,0.0
390.0,420.0,2919.6216,0.0
400.0,420.0,2862.6807,0.0
410.0,420.0,2806.467,0.0
420.0,420.0,2750.98,0.0
430.0,420.0,2696.2178,0.0
440.0,420.0,2642.1807,0.0
450.0,420.0,2588.8682,0.0
460.0,420.0,2536.2773,0.0
470.0,420.0,2484.4097,0.0
480.0,420.0,2433.2634,0.0
490.0,420.0,2382.838,0.0
500.0,420.0,2333.132,0.0
510.0,420.0,2284.1465,0.0
520.0,420.0,2235.8784,0.0
530.0,420.0,2188.3296,0.0
540.0,420.0,2141.4976,0.0
550.0,420.0,2095.3818,0.0
560.0,420.0,2049.9834,0.0
570.0,420.0,2005.3013,0.0
580.0,420.0,1961.3328,0.0
590.0,420.0,1918.0786,0.0
600.0,420.0,1875.5392,0.0
610.0,420.0,1833.7126,0.0
620.0,420.0,1792.5991,0.0
630.0,420.0,1752.1981,0.0
640.0,420.0,1712.5085,0.0
650.0,420.0,1673.5303,0.0
660.0,420.0,1635.2623,0.0
670.0,420.0,1597.7046,0.0
680.0,420.0,1560.8569,0.0
690.0,420.0,1524.7185,0.0
700.0,420.0,1489.2891,0.0
710.0,420.0,1454.5679,0.0
720.0,420.0,1420.5537,0.0
730.0,420.0,1387.2483,0.0
740.0,420.0,1354.6497,0.0
750.0,420.0,1322.7568,0.0
760.0,420.0,1291.5721,0.0
770.0,420.0,1261.0923,0.0
780.0,420.0,1231.3182,0.0
790.0,420.0,1202.2493,0.0
800.0,420.0,1173.8844,0.0
810.0,420.0,1146.2249,0.0
820.0,420.0,1119.269,0.0
830.0,420.0,1093.0173,0.0
840.0,420.0,1067.4694,0.0
850.0,420.0,1042.6246,0.0
860.0,420.0,1018.483,0.0
870.0,420.0,995.0431,0.0
880.0,420.0,972.30634,0.0
890.0,420.0,950.2716,0.0
900.0,420.0,928.9386,0.0
910.0,420.0,908.3071,0.0
920.0,420.0,888.3766,0.0
930.0,420.0,869.14734,0.0
940.0,420.0,850.61926,0.0
950.0,420.0,832.792,0.0
960.0,420.0,815.66473,0.0
970.0,420.0,799.23694,0.0
980.0,420.0,783.5108,0.0
990.0,420.0,768.4837,0.0
1000.0,420.0,754.1562,0.0
1010.0,420.0,740.5282,0.0
1020.0,420.0,727.5988,0.0
1030.0,420.0,715.36945,0.0
1040.0,420.0,703.83887,0.0
1050.0,420.0,693.00714,0.0
1060.0,420.0,682.87366,0.0
1070.0,420.0,673.4388,0.0
1080.0,420.0,664.7021,0.0
1090.0,420.0,656.66425,0.0
1100.0,420.0,649.32404,0.0
1110.0,420.0,642.682,0.0
1120.0,420.0,636.7378,0.0
1130.0,420.0,631.4911,0.0
1140.0,420.0,626.9428,0.0
1150.0,420.0,623.0917,0.0
1160.0,420.0,619.93774,0.0
1170.0,420.0,617.48157,0.0
1180.0,420.0,615.7229,0.0
1190.0,420.0,614.66095,0.0
1200.0,420.0,614.2965,0.0
1210.0,420.0,614.62915,0.0
1220.0,420.0,615.6593,0.0
1230.0,420.0,617.386,0.0
1240.0,420.0,619.80945,0.0
1250.0,420.0,622.92993,0.0
1260.0,420.0,626.7476,0.0
1270.0,420.0,631.2618,0.0
1280.0,420.0,636.4729,0.0
1290.0,420.0,642.38043,0.0
1300.0,420.0,648.98444,0.0
1310.0,420.0,656.286,0.0
1320.0,420.0,664.2837,0.0
1330.0,420.0,672.9784,0.0
1340.0,420.0,682.36914,0.0
1350.0,420.0,692.4563,0.0
1360.0,420.0,703.2406,0.0
1370.0,420.0,714.7215,0.0
1380.0,420.0,726.89844,0.0
1390.0,420.0,739.771,0.0
1400.0,420.0,753.33905,0.0
1410.0,420.0,767.60406,0.0
1420.0,420.0,782.5679,0.0
1430.0,420.0,798.22797,0.0
1440.0,420.0,814.5838,0.0
1450.0,420.0,831.63666,0.0
1460.0,420.0,849.3861,0.0
1470.0,420.0,867.83185,0.0
1480.0,420.0,886.9747,0.0
1490.0,420.0,906.8136,0.0
1500.0,420.0,927.3488,0.0
1510.0,420.0,948.5808,0.0
1520.0,420.0,970.51025,0.0
1530.0,420.0,993.1353,0.0
1540.0,420.0,1016.4573,0.0
1550.0,420.0,1040.476,0.0
1560.0,420.0,1065.1914,0.0
1570.0,420.0,1090.6033,0.0
1580.0,420.0,1116.7119,0.0
1590.0,420.0,1143.5173,0.0
1600.0,420.0,1171.0194,0.0
1610.0,420.0,1199.2173,0.0
1620.0,420.0,1228.1128,0.0
1630.0,420.0,1257.705,0.0
1640.0,420.0,1287.995,0.0
1650.0,420.0,1318.9814,0.0
1660.0,420.0,1350.6641,0.0
1670.0,420.0,1383.0427,0.0
1680.0,420.0,1416.1191,0.0
1690.0,420.0,1449.8914,0.0
1700.0,420.0,1484.3612,0.0
1710.0,420.0,1519.5277,0.0
1720.0,420.0,1555.3914,0.0
1730.0,420.0,1591.9508,0.0
1740.0,420.0,1629.2075,0.0
1750.0,420.0,1667.1616,0.0
1760.0,420.0,1705.812,0.0
1770.0,420.0,1745.1587,0.0
1780.0,420.0,1785.2025,0.0
1790.0,420.0,1825.9441,0.0
1800.0,420.0,1867.3811,0.0
-200.0,430.0,39270.906,1.0
-190.0,430.0,39270.906,1.0
-180.0,430.0,39270.906,1.0
-170.0,430.0,39270.906,1.0
-160.0,430.0,39270.906,1.0
-150.0,430.0,39270.906,1.0
-140.0,430.0,39270.906,1.0
-130.0,430.0,39270.906,1.0
-120.0,430.0,39270.906,1.0
-110.0,430.0,39270.906,1.0
-100.0,430.0,39270.906,1.0
-90.0,430.0,39270.906,1.0
-80.0,430.0,39270.906,1.0
-70.0,430.0,39270.906,1.0
-60.0,430.0,39270.906,1.0
-50.0,430.0,39270.906,1.0
-40.0,430.0,39270.906,1.0
-30.0,430.0,39270.906,1.0
-20.0,430.0,39270.906,1.0
-10.0,430.0,39270.906,1.0
0.0,430.0,39270.906,1.0
10.0,430.0,39270.906,1.0
20.0,430.0,39270.906,1.0
30.0,430.0,5360.6924,0.0
40.0,430.0,5278.956,0.0
50.0,430.0,5197.964,0.0
60.0,430.0,5117.7183,0.0
70.0,430.0,5038.218,0.0
80.0,430.0,4959.458,0.0
90.0,430.0,4881.443,0.0
100.0,430.0,4804.1646,0.0
110.0,430.0,4727.627,0.0
120.0,430.0,4651.827,0.0
130.0,430.0,4576.763,0.0
140.0,430.0,4502.4336,0.0
150.0,430.0,4428.8374,0.0
160.0,430.0,4355.9766,0.0
170.0,430.0,4283.8457,0.0
180.0,430.0,4212.447,0.0
190.0,430.0,4141.7754,0.0
200.0,430.0,4071.8335,0.0
210.0,430.0,4002.6182,0.0
220.0,430.0,3934.1304,0.0
230.0,430.0,3866.3652,0.0
240.0,430.0,3799.3252,0.0
250.0,430.0,3733.009,0.0
260.0,430.0,3667.4136,0.0
270.0,430.0,3602.541,0.0
280.0,430.0,3538.3867,0.0
290.0,430.0,3474.9521,0.0
300.0,430.0,3412.2356,0.0
310.0,430.0,3350.2368,0.0
320.0,430.0,3288.954,0.0
330.0,430.0,3228.3862,0.0
340.0,430.0,3168.5327,0.0
350.0,430.0,3109.3936,0.0
360.0,430.0,3050.9668,0.0
370.0,430.0,2993.2534,0.0
380.0,430.0,2936.2502,0.0
390.0,430.0,2879.958,0.0
400.0,430.0,2824.3745,0.0
410.0,430.0,2769.5005,0.0
420.0,430.0,2715.3345,0.0
430.0,430.0,2661.8757,0.0
440.0,430.0,2609.124,0.0
450.0,430.0,2557.078,0.0
460.0,430.0,2505.7363,0.0
470.0,430.0,2455.101,0.0
480.0,430.0,2405.1675,0.0
490.0,430.0,2355.937,0.0
500.0,430.0,2307.409,0.0
510.0,430.0,2259.5835,0.0
520.0,430.0,2212.4585,0.0
530.0,430.0,2166.034,0.0
540.0,430.0,2120.3096,0.0
550.0,430.0,2075.2847,0.0
560.0,430.0,2030.9586,0.0
570.0,430.0,1987.3307,0.0
580.0,430.0,1944.401,0.0
590.0,430.0,1902.1671,0.0
600.0,430.0,1860.6311,0.0
610.0,430.0,1819.7906,0.0
620.0,430.0,1779.6453,0.0
630.0,430.0,1740.1952,0.0
640.0,430.0,1701.4397,0.0
650.0,430.0,1663.3789,0.0
660.0,430.0,1626.0106,0.0
670.0,430.0,1589.3362,0.0
680.0,430.0,1553.3545,0.0
690.0,430.0,1518.065,0.0
700.0,430.0,1483.4674,0.0
710.0,430.0,1449.5612,0.0
720.0,430.0,1416.3464,0.0
730.0,430.0,1383.821,0.0
740.0,430.0,1351.987,0.0
750.0,430.0,1320.8431,0.0
760.0,430.0,1290.388,0.0
770.0,430.0,1260.6226,0.0
780.0,430.0,1231.5452,0.0
790.0,430.0,1203.1572,0.0
800.0,430.0,1175.4565,0.0
810.0,430.0,1148.4438,0.0
820.0,430.0,1122.1189,0.0
830.0,430.0,1096.481,0.0
840.0,430.0,1071.5302,0.0
850.0,430.0,1047.2666,0.0
860.0,430.0,1023.68835,0.0
870.0,430.0,1000.7968,0.0
880.0,430.0,978.5906,0.0
890.0,430.0,957.07043,0.0
900.0,430.0,936.2351,0.0
910.0,430.0,916.08496,0.0
920.0,430.0,896.6197,0.0
930.0,430.0,877.839,0.0
940.0,430.0,859.7435,0.0
950.0,430.0,842.3317,0.0
960.0,430.0,825.6035,0.0
970.0,430.0,809.5596,0.0
980.0,430.0,794.1992,0.0
990.0,430.0,779.52234,0.0
1000.0,430.0,765.52856,0.0
1010.0,430.0,752.21826,0.0
1020.0,430.0,739.59033,0.0
1030.0,430.0,727.64514,0.0
1040.0,430.0,716.38293,0.0
1050.0,430.0,705.8031,0.0
1060.0,430.0,695.9054,0.0
1070.0,430.0,686.69,0.0
1080.0,430.0,678.1572,0.0
1090.0,430.0,670.30615,0.0
1100.0,430.0,663.1369,0.0
1110.0,430.0,656.6489,0.0
1120.0,430.0,650.8429,0.0
1130.0,430.0,645.7184,0.0
1140.0,430.0,641.2754,0.0
1150.0,430.0,637.5137,0.0
1160.0,430.0,634.433,0.0
1170.0,430.0,632.0337,0.0
1180.0,430.0,630.31586,0.0
1190.0,430.0,629.2788,0.0
1200.0,430.0,628.9226,0.0
1210.0,430.0,629.2478,0.0
1220.0,430.0,630.2529,0.0
1230.0,430.0,631.93964,0.0
1240.0,430.0,634.30676,0.0
1250.0,430.0,637.35474,0.0
1260.0,430.0,641.08325,0.0
1270.0,430.0,645.49255,0.0
1280.0,430.0,650.5822,0.0
1290.0,430.0,656.35236,0.0
1300.0,430.0,662.8027,0.0
1310.0,430.0,669.9339,0.0
1320.0,430.0,677.74585,0.0
1330.0,430.0,686.2383,0.0
1340.0,430.0,695.4109,0.0
1350.0,430.0,705.2637,0.0
1360.0,430.0,715.7969,0.0
1370.0,430.0,727.0112,0.0
1380.0,430.0,738.9046,0.0
1390.0,430.0,751.47784,0.0
1400.0,430.0,764.7311,0.0
1410.0,430.0,778.6642,0.0
1420.0,430.0,793.27905,0.0
1430.0,430.0,808.57495,0.0
1440.0,430.0,824.5506,0.0
1450.0,430.0,841.2066,0.0
1460.0,430.0,858.5431,0.0
1470.0,430.0,876.56036,0.0
1480.0,430.0,895.2578,0.0
1490.0,430.0,914.6356,0.0
1500.0,430.0,934.6937,0.0
1510.0,430.0,955.432,0.0
1520.0,430.0,976.8511,0.0
1530.0,430.0,998.95056,0.0
1540.0,430.0,1021.73004,0.0
1550.0,430.0,1045.1898,0.0
1560.0,430.0,1069.3306,0.0
1570.0,430.0,1094.1514,0.0
1580.0,430.0,1119.6533,0.0
1590.0,430.0,1145.835,0.0
1600.0,430.0,1172.6973,0.0
1610.0,430.0,1200.24,0.0
1620.0,430.0,1228.4629,0.0
1630.0,430.0,1257.3662,0.0
1640.0,430.0,1286.9514,0.0
1650.0,430.0,1317.2158,0.0
1660.0,430.0,1348.1625,0.0
1670.0,430.0,1379.7885,0.0
1680.0,430.0,1412.0947,0.0
1690.0,430.0,1445.082,0.0
1700.0,430.0,1478.7498,0.0
1710.0,430.0,1513.0981,0.0
1720.0,430.0,1548.1272,0.0
1730.0,430.0,1583.8357,0.0
1740.0,430.0,1620.2263,0.0
1750.0,430.0,1657.2963,0.0
1760.0,430.0,1695.0471,0.0
1770.0,430.0,1733.4791,0.0
1780.0,430.0,1772.5905,0.0
1790.0,430.0,1812.3835,0.0
1800.0,430.0,1852.8567,0.0
-200.0,440.0,39270.906,1.0
-190.0,440.0,39270.906,1.0
-180.0,440.0,39270.906,1.0
-170.0,440.0,39270.906,1.0
-160.0,440.0,39270.906,1.0
-150.0,440.0,39270.906,1.0
-140.0,440.0,39270.906,1.0
-130.0,440.0,39270.906,1.0
-120.0,440.0,39270.906,1.0
-110.0,440.0,39270.906,1.0
-100.0,440.0,39270.906,1.0
-90.0,440.0,39270.906,1.0
-80.0,440.0,39270.906,1.0
-70.0,440.0,39270.906,1.0
-60.0,440.0,39270.906,1.0
-50.0,440.0,39270.906,1.0
-40.0,440.0,39270.906,1.0
-30.0,440.0,39270.906,1.0
-20.0,440.0,39270.906,1.0
-10.0,440.0,39270.906,1.0
0.0,440.0,39270.906,1.0
10.0,440.0,39270.906,1.0
20.0,440.0,39270.906,1.0
30.0,440.0,39270.906,1.0
40.0,440.0,5185.169,0.0
50.0,440.0,5106.118,0.0
60.0,440.0,5027.791,0.0
70.0,440.0,4950.189,0.0
80.0,440.0,4873.3096,0.0
90.0,440.0,4797.1543,0.0
100.0,440.0,4721.717,0.0
110.0,440.0,4647.002,0.0
120.0,440.0,4573.0034,0.0
130.0,440.0,4499.722,0.0
140.0,440.0,4427.1587,0.0
150.0,440.0,4355.3066,0.0
160.0,440.0,4284.172,0.0
170.0,440.0,4213.748,0.0
180.0,440.0,4144.0376,0.0
190.0,440.0,4075.0374,0.0
200.0,440.0,4006.7456,0.0
210.0,440.0,3939.164,0.0
220.0,440.0,3872.2903,0.0
230.0,440.0,3806.121,0.0
240.0,440.0,3740.6592,0.0
250.0,440.0,3675.9023,0.0
260.0,440.0,3611.849,0.0
270.0,440.0,3548.499,0.0
280.0,440.0,3485.85,0.0
290.0,440.0,3423.903,0.0
300.0,440.0,3362.6562,0.0
310.0,440.0,3302.1096,0.0
320.0,440.0,3242.2598,0.0
330.0,440.0,3183.109,0.0
340.0,440.0,3124.6543,0.0
350.0,440.0,3066.8955,0.0
360.0,440.0,3009.8323,0.0
370.0,440.0,2953.4644,0.0
380.0,440.0,2897.7898,0.0
390.0,440.0,2842.808,0.0
400.0,440.0,2788.5188,0.0
410.0,440.0,2734.921,0.0
420.0,440.0,2682.0142,0.0
430.0,440.0,2629.7974,0.0
440.0,440.0,2578.27,0.0
450.0,440.0,2527.4316,0.0
460.0,440.0,2477.2812,0.0
470.0,440.0,2427.8179,0.0
480.0,440.0,2379.041,0.0
490.0,440.0,2330.9507,0.0
500.0,440.0,2283.5461,0.0
510.0,440.0,2236.826,0.0
520.0,440.0,2190.7903,0.0
530.0,440.0,2145.439,0.0
540.0,440.0,2100.771,0.0
550.0,440.0,2056.7852,0.0
560.0,440.0,2013.4816,0.0
570.0,440.0,1970.8599,0.0
580.0,440.0,1928.919,0.0
590.0,440.0,1887.6589,0.0
600.0,440.0,1847.0789,0.0
610.0,440.0,1807.1787,0.0
620.0,440.0,1767.9573,0.0
630.0,440.0,1729.4149,0.0
640.0,440.0,1691.55,0.0
650.0,440.0,1654.3639,0.0
660.0,440.0,1617.8544,0.0
670.0,440.0,1582.0223,0.0
680.0,440.0,1546.8665,0.0
690.0,440.0,1512.3866,0.0
700.0,440.0,1478.583,0.0
710.0,440.0,1445.4539,0.0
720.0,440.0,1413.0001,0.0
730.0,440.0,1381.2211,0.0
740.0,440.0,1350.1161,0.0
750.0,440.0,1319.685,0.0
760.0,440.0,1289.9279,0.0
770.0,440.0,1260.8429,0.0
780.0,440.0,1232.4316,0.0
790.0,440.0,1204.6918,0.0
800.0,440.0,1177.6248,0.0
810.0,440.0,1151.2301,0.0
820.0,440.0,1125.5065,0.0
830.0,440.0,1100.4541,0.0
840.0,440.0,1076.0736,0.0
850.0,440.0,1052.3638,0.0
860.0,440.0,1029.324,0.0
870.0,440.0,1006.9553,0.0
880.0,440.0,985.25574,0.0
890.0,440.0,964.22644,0.0
900.0,440.0,943.8657,0.0
910.0,440.0,924.17554,0.0
920.0,440.0,905.15436,0.0
930.0,440.0,886.8023,0.0
940.0,440.0,869.1185,0.0
950.0,440.0,852.1032,0.0
960.0,440.0,835.75604,0.0
970.0,440.0,820.0779,0.0
980.0,440.0,805.06726,0.0
990.0,440.0,790.72437,0.0
1000.0,440.0,777.049,0.0
1010.0,440.0,764.0415,0.0
1020.0,440.0,751.7016,0.0
1030.0,440.0,740.02795,0.0
1040.0,440.0,729.0217,0.0
1050.0,440.0,718.6826,0.0
1060.0,440.0,709.0102,0.0
1070.0,440.0,700.00415,0.0
1080.0,440.0,691.6654,0.0
1090.0,440.0,683.993,0.0
1100.0,440.0,676.986,0.0
1110.0,440.0,670.64606,0.0
1120.0,440.0,664.9718,0.0
1130.0,440.0,659.96356,0.0
1140.0,440.0,655.6215,0.0
1150.0,440.0,651.9454,0.0
1160.0,440.0,648.9345,0.0
1170.0,440.0,646.5897,0.0
1180.0,440.0,644.91064,0.0
1190.0,440.0,643.8967,0.0
1200.0,440.0,643.54865,0.0
1210.0,440.0,643.86633,0.0
1220.0,440.0,644.8491,0.0
1230.0,440.0,646.497,0.0
1240.0,440.0,648.81,0.0
1250.0,440.0,651.7884,0.0
1260.0,440.0,655.43225,0.0
1270.0,440.0,659.74084,0.0
1280.0,440.0,664.7147,0.0
1290.0,440.0,670.3538,0.0
1300.0,440.0,676.65784,0.0
1310.0,440.0,683.62695,0.0
1320.0,440.0,691.2609,0.0
1330.0,440.0,699.56036,0.0
1340.0,440.0,708.5239,0.0
1350.0,440.0,718.15314,0.0
1360.0,440.0,728.4469,0.0
1370.0,440.0,739.4059,0.0
1380.0,440.0,751.0294,0.0
1390.0,440.0,763.31744,0.0
1400.0,440.0,776.2698,0.0
1410.0,440.0,789.8861,0.0
1420.0,440.0,804.16766,0.0
1430.0,440.0,819.1158,0.0
1440.0,440.0,834.7294,0.0
1450.0,440.0,851.0067,0.0
1460.0,440.0,867.94934,0.0
1470.0,440.0,885.5573,0.0
1480.0,440.0,903.8294,0.0
1490.0,440.0,922.7663,0.0
1500.0,440.0,942.36865,0.0
1510.0,440.0,962.636,0.0
1520.0,440.0,983.568,0.0
1530.0,440.0,1005.165,0.0
1540.0,440.0,1027.427,0.0
1550.0,440.0,1050.3538,0.0
1560.0,440.0,1073.9453,0.0
1570.0,440.0,1098.2025,0.0
1580.0,440.0,1123.1243,0.0
1590.0,440.0,1148.7109,0.0
1600.0,440.0,1174.9631,0.0
1610.0,440.0,1201.8801,0.0
1620.0,440.0,1229.4617,0.0
1630.0,440.0,1257.7073,0.0
1640.0,440.0,1286.6189,0.0
1650.0,440.0,1316.1967,0.0
1660.0,440.0,1346.439,0.0
1670.0,440.0,1377.3467,0.0
1680.0,440.0,1408.9187,0.0
1690.0,440.0,1441.1553,0.0
1700.0,440.0,1474.058,0.0
1710.0,440.0,1507.6252,0.0
1720.0,440.0,1541.8573,0.0
1730.0,440.0,1576.7544,0.0
1740.0,440.0,1612.3171,0.0
1750.0,440.0,1648.5442,0.0
1760.0,440.0,1685.4368,0.0
1770.0,440.0,1722.9941,0.0
1780.0,440.0,1761.2166,0.0
1790.0,440.0,1800.1053,0.0
1800.0,440.0,1839.6573,0.0
-200.0,450.0,39270.906,1.0
-190.0,450.0,39270.906,1.0
-180.0,450.0,39270.906,1.0
-170.0,450.0,39270.906,1.0
-160.0,450.0,39270.906,1.0
-150.0,450.0,39270.906,1.0
-140.0,450.0,39270.906,1.0
-130.0,450.0,39270.906,1.0
-120.0,450.0,39270.906,1.0
-110.0,450.0,39270.906,1.0
-100.0,450.0,39270.906,1.0
-90.0,450.0,39270.906,1.0
-80.0,450.0,39270.906,1.0
-70.0,450.0,39270.906,1.0
-60.0,450.0,39270.906,1.0
-50.0,450.0,39270.906,1.0
-40.0,450.0,39270.906,1.0
-30.0,450.0,39270.906,1.0
-20.0,450.0,39270.906,1.0
-10.0,450.0,39270.906,1.0
0.0,450.0,39270.906,1.0
10.0,450.0,39270.906,1.0
20.0,450.0,39270.906,1.0
30.0,450.0,39270.906,1.0
40.0,450.0,5096.382,0.0
50.0,450.0,5019.175,0.0
60.0,450.0,4942.6763,0.0
70.0,450.0,4866.884,0.0
80.0,450.0,4791.796,0.0
90.0,450.0,4717.4106,0.0
100.0,450.0,4643.7285,0.0
110.0,450.0,4570.7466,0.0
120.0,450.0,4498.4663,0.0
130.0,450.0,4426.8843,0.0
140.0,450.0,4356.0005,0.0
150.0,450.0,4285.812,0.0
160.0,450.0,4216.3223,0.0
170.0,450.0,4147.5254,0.0
180.0,450.0,4079.4248,0.0
190.0,450.0,4012.0146,0.0
200.0,450.0,3945.298,0.0
210.0,450.0,3879.2727,0.0
220.0,450.0,3813.9373,0.0
230.0,450.0,3749.291,0.0
240.0,450.0,3685.3333,0.0
250.0,450.0,3622.0635,0.0
260.0,450.0,3559.4792,0.0
270.0,450.0,3497.5815,0.0
280.0,450.0,3436.368,0.0
290.0,450.0,3375.8394,0.0
300.0,450.0,3315.9932,0.0
310.0,450.0,3256.83,0.0
320.0,450.0,3198.3486,0.0
330.0,450.0,3140.5488,0.0
340.0,450.0,3083.4272,0.0
350.0,450.0,3026.9856,0.0
360.0,450.0,2971.223,0.0
370.0,450.0,2916.1394,0.0
380.0,450.0,2861.7314,0.0
390.0,450.0,2808.0007,0.0
400.0,450.0,2754.9453,0.0
410.0,450.0,2702.565,0.0
420.0,450.0,2650.8599,0.0
430.0,450.0,2599.8281,0.0
440.0,450.0,2549.4697,0.0
450.0,450.0,2499.7827,0.0
460.0,450.0,2450.768,0.0
470.0,450.0,2402.4248,0.0
480.0,450.0,2354.7527,0.0
490.0,450.0,2307.7493,0.0
500.0,450.0,2261.4163,0.0
510.0,450.0,2215.7522,0.0
520.0,450.0,2170.757,0.0
530.0,450.0,2126.4287,0.0
540.0,450.0,2082.769,0.0
550.0,450.0,2039.7747,0.0
560.0,450.0,1997.4478,0.0
570.0,450.0,1955.7859,0.0
580.0,450.0,1914.7898,0.0
590.0,450.0,1874.4587,0.0
600.0,450.0,1834.7921,0.0
610.0,450.0,1795.7893,0.0
620.0,450.0,1757.4502,0.0
630.0,450.0,1719.7744,0.0
640.0,450.0,1682.7603,0.0
650.0,450.0,1646.4087,0.0
660.0,450.0,1610.7192,0.0
670.0,450.0,1575.6909,0.0
680.0,450.0,1541.3241,0.0
690.0,450.0,1507.6172,0.0
700.0,450.0,1474.571,0.0
710.0,450.0,1442.1857,0.0
720.0,450.0,1410.4589,0.0
730.0,450.0,1379.3911,0.0
740.0,450.0,1348.9829,0.0
750.0,450.0,1319.2334,0.0
760.0,450.0,1290.1414,0.0
770.0,450.0,1261.707,0.0
780.0,450.0,1233.9302,0.0
790.0,450.0,1206.8115,0.0
800.0,450.0,1180.3499,0.0
810.0,450.0,1154.545,0.0
820.0,450.0,1129.3961,0.0
830.0,450.0,1104.904,0.0
840.0,450.0,1081.0674,0.0
850.0,450.0,1057.8864,0.0
860.0,450.0,1035.3611,0.0
870.0,450.0,1013.49097,0.0
880.0,450.0,992.27545,0.0
890.0,450.0,971.71545,0.0
900.0,450.0,951.80853,0.0
910.0,450.0,932.55756,0.0
920.0,450.0,913.96045,0.0
930.0,450.0,896.01685,0.0
940.0,450.0,878.7273,0.0
950.0,450.0,862.0906,0.0
960.0,450.0,846.1082,0.0
970.0,450.0,830.77893,0.0
980.0,450.0,816.10284,0.0
990.0,450.0,802.07886,0.0
1000.0,450.0,788.708,0.0
1010.0,450.0,775.99,0.0
1020.0,450.0,763.9242,0.0
1030.0,450.0,752.5106,0.0
1040.0,450.0,741.74963,0.0
1050.0,450.0,731.64026,0.0
1060.0,450.0,722.18304,0.0
1070.0,450.0,713.37744,0.0
1080.0,450.0,705.22327,0.0
1090.0,450.0,697.7212,0.0
1100.0,450.0,690.87054,0.0
1110.0,450.0,684.6707,0.0
1120.0,450.0,679.12286,0.0
1130.0,450.0,674.2263,0.0
1140.0,450.0,669.9801,0.0
1150.0,450.0,666.3854,0.0
1160.0,450.0,663.4419,0.0
1170.0,450.0,661.1489,0.0
1180.0,450.0,659.5068,0.0
1190.0,450.0,658.51514,0.0
1200.0,450.0,658.17474,0.0
1210.0,450.0,658.4853,0.0
1220.0,450.0,659.4459,0.0
1230.0,450.0,661.05676,0.0
1240.0,450.0,663.3187,0.0
1250.0,450.0,666.23083,0.0
1260.0,450.0,669.79333,0.0
1270.0,450.0,674.0062,0.0
1280.0,450.0,678.86975,0.0
1290.0,450.0,684.3832,0.0
1300.0,450.0,690.54724,0.0
1310.0,450.0,697.3612,0.0
1320.0,450.0,704.8253,0.0
1330.0,450.0,712.9402,0.0
1340.0,450.0,721.70496,0.0
1350.0,450.0,731.1196,0.0
1360.0,450.0,741.1847,0.0
1370.0,450.0,751.90045,0.0
1380.0,450.0,763.2654,0.0
1390.0,450.0,775.28076,0.0
1400.0,450.0,787.9451,0.0
1410.0,450.0,801.2594,0.0
1420.0,450.0,815.22327,0.0
1430.0,450.0,829.83856,0.0
1440.0,450.0,845.105,0.0
1450.0,450.0,861.021,0.0
1460.0,450.0,877.5867,0.0
1470.0,450.0,894.8028,0.0
1480.0,450.0,912.66943,0.0
1490.0,450.0,931.1856,0.0
1500.0,450.0,950.3528,0.0
1510.0,450.0,970.1693,0.0
1520.0,450.0,990.6367,0.0
1530.0,450.0,1011.7535,0.0
1540.0,450.0,1033.5208,0.0
1550.0,450.0,1055.9382,0.0
1560.0,450.0,1079.0059,0.0
1570.0,450.0,1102.7231,0.0
1580.0,450.0,1127.0913,0.0
1590.0,450.0,1152.1094,0.0
1600.0,450.0,1177.7783,0.0
1610.0,450.0,1204.0972,0.0
1620.0,450.0,1231.065,0.0
1630.0,450.0,1258.6833,0.0
1640.0,450.0,1286.9523,0.0
1650.0,450.0,1315.8711,0.0
1660.0,450.0,1345.4415,0.0
1670.0,450.0,1375.6616,0.0
1680.0,450.0,1406.5326,0.0
1690.0,450.0,1438.0535,0.0
1700.0,450.0,1470.2244,0.0
1710.0,450.0,1503.0444,0.0
1720.0,450.0,1536.5159,0.0
1730.0,450.0,1570.6377,0.0
1740.0,450.0,1605.4089,0.0
1750.0,450.0,1640.8306,0.0
1760.0,450.0,1676.9032,0.0
1770.0,450.0,1713.6257,0.0
1780.0,450.0,1750.9983,0.0
1790.0,450.0,1789.0205,0.0
1800.0,450.0,1827.6943,0.0
-200.0,460.0,39270.906,1.0
-190.0,460.0,39270.906,1.0
-180.0,460.0,39270.906,1.0
-170.0,460.0,39270.906,1.0
-160.0,460.0,39270.906,1.0
-150.0,460.0,39270.906,1.0
-140.0,460.0,39270.906,1.0
-130.0,460.0,39270.906,1.0
-120.0,460.0,39270.906,1.0
-110.0,460.0,39270.906,1.0
-100.0,460.0,39270.906,1.0
-90.0,460.0,39270.906,1.0
-80.0,460.0,39270.906,1.0
-70.0,460.0,39270.906,1.0
-60.0,460.0,39270.906,1.0
-50.0,460.0,39270.906,1.0
-40.0,460.0,39270.906,1.0
-30.0,460.0,39270.906,1.0
-20.0,460.0,39270.906,1.0
-10.0,460.0,39270.906,1.0
0.0,460.0,39270.906,1.0
10.0,460.0,39270.906,1.0
20.0,460.0,39270.906,1.0
30.0,460.0,39270.906,1.0
40.0,460.0,5012.2524,0.0
50.0,460.0,4936.806,0.0
60.0,460.0,4862.0493,0.0
70.0,460.0,4787.9805,0.0
80.0,460.0,4714.5996,0.0
90.0,460.0,4641.9043,0.0
100.0,460.0,4569.895,0.0
110.0,460.0,4498.5684,0.0
120.0,460.0,4427.925,0.0
130.0,460.0,4357.9644,0.0
140.0,460.0,4288.6826,0.0
150.0,460.0,4220.0815,0.0
160.0,460.0,4152.1597,0.0
170.0,460.0,4084.9165,0.0
180.0,460.0,4018.35,0.0
190.0,460.0,3952.4595,0.0
200.0,460.0,3887.2446,0.0
210.0,460.0,3822.7048,0.0
220.0,460.0,3758.838,0.0
230.0,460.0,3695.643,0.0
240.0,460.0,3633.1208,0.0
250.0,460.0,3571.2705,0.0
260.0,460.0,3510.0894,0.0
270.0,460.0,3449.5781,0.0
280.0,460.0,3389.7349,0.0
290.0,460.0,3330.56,0.0
300.0,460.0,3272.0522,0.0
310.0,460.0,3214.21,0.0
320.0,460.0,3157.0347,0.0
330.0,460.0,3100.5234,0.0
340.0,460.0,3044.6753,0.0
350.0,460.0,2989.4917,0.0
360.0,460.0,2934.9714,0.0
370.0,460.0,2881.113,0.0
380.0,460.0,2827.916,0.0
390.0,460.0,2775.38,0.0
400.0,460.0,2723.5022,0.0
410.0,460.0,2672.2854,0.0
420.0,460.0,2621.7278,0.0
430.0,460.0,2571.8271,0.0
440.0,460.0,2522.585,0.0
450.0,460.0,2473.999,0.0
460.0,460.0,2426.0693,0.0
470.0,460.0,2378.7966,0.0
480.0,460.0,2332.1777,0.0
490.0,460.0,2286.2146,0.0
500.0,460.0,2240.9055,0.0
510.0,460.0,2196.2498,0.0
520.0,460.0,2152.248,0.0
530.0,460.0,2108.8984,0.0
540.0,460.0,2066.2012,0.0
550.0,460.0,2024.1545,0.0
560.0,460.0,1982.761,0.0
570.0,460.0,1942.0176,0.0
580.0,460.0,1901.9238,0.0
590.0,460.0,1862.4808,0.0
600.0,460.0,1823.6868,0.0
610.0,460.0,1785.542,0.0
620.0,460.0,1748.0457,0.0
630.0,460.0,1711.1968,0.0
640.0,460.0,1674.9967,0.0
650.0,460.0,1639.4436,0.0
660.0,460.0,1604.5377,0.0
670.0,460.0,1570.2782,0.0
680.0,460.0,1536.665,0.0
690.0,460.0,1503.6979,0.0
700.0,460.0,1471.3761,0.0
710.0,460.0,1439.7004,0.0
720.0,460.0,1408.669,0.0
730.0,460.0,1378.2822,0.0
740.0,460.0,1348.5394,0.0
750.0,460.0,1319.4408,0.0
760.0,460.0,1290.9849,0.0
770.0,460.0,1263.1732,0.0
780.0,460.0,1236.0045,0.0
790.0,460.0,1209.4786,0.0
800.0,460.0,1183.5942,0.0
810.0,460.0,1158.3534,0.0
820.0,460.0,1133.7545,0.0
830.0,460.0,1109.7971,0.0
840.0,460.0,1086.4814,0.0
850.0,460.0,1063.8066,0.0
860.0,460.0,1041.7728,0.0
870.0,460.0,1020.3801,0.0
880.0,460.0,999.628,0.0
890.0,460.0,979.5155,0.0
900.0,460.0,960.04346,0.0
910.0,460.0,941.2123,0.0
920.0,460.0,923.02026,0.0
930.0,460.0,905.468,0.0
940.0,460.0,888.5547,0.0
950.0,460.0,872.28076,0.0
960.0,460.0,856.6469,0.0
970.0,460.0,841.65125,0.0
980.0,460.0,827.2946,0.0
990.0,460.0,813.5763,0.0
1000.0,460.0,800.4969,0.0
1010.0,460.0,788.0551,0.0
1020.0,460.0,776.25146,0.0
1030.0,460.0,765.0868,0.0
1040.0,460.0,754.5596,0.0
1050.0,460.0,744.6704,0.0
1060.0,460.0,735.4186,0.0
1070.0,460.0,726.80493,0.0
1080.0,460.0,718.828,0.0
1090.0,460.0,711.48865,0.0
1100.0,460.0,704.78674,0.0
1110.0,460.0,698.72205,0.0
1120.0,460.0,693.2947,0.0
1130.0,460.0,688.5041,0.0
1140.0,460.0,684.35077,0.0
1150.0,460.0,680.83356,0.0
1160.0,460.0,677.95386,0.0
1170.0,460.0,675.7108,0.0
1180.0,460.0,674.10376,0.0
1190.0,460.0,673.13403,0.0
1200.0,460.0,672.80096,0.0
1210.0,460.0,673.1044,0.0
1220.0,460.0,674.0441,0.0
1230.0,460.0,675.6202,0.0
1240.0,460.0,677.8325,0.0
1250.0,460.0,680.6808,0.0
1260.0,460.0,684.16626,0.0
1270.0,460.0,688.28735,0.0
1280.0,460.0,693.0447,0.0
1290.0,460.0,698.43866,0.0
1300.0,460.0,704.46826,0.0
1310.0,460.0,711.13354,0.0
1320.0,460.0,718.4358,0.0
1330.0,460.0,726.37415,0.0
1340.0,460.0,734.94824,0.0
1350.0,460.0,744.1587,0.0
1360.0,460.0,754.00494,0.0
1370.0,460.0,764.4868,0.0
1380.0,460.0,775.6055,0.0
1390.0,460.0,787.35913,0.0
1400.0,460.0,799.74915,0.0
1410.0,460.0,812.77374,0.0
1420.0,460.0,826.4342,0.0
1430.0,460.0,840.73083,0.0
1440.0,460.0,855.6648,0.0
1450.0,460.0,871.2355,0.0
1460.0,460.0,887.4414,0.0
1470.0,460.0,904.28296,0.0
1480.0,460.0,921.761,0.0
1490.0,460.0,939.875,0.0
1500.0,460.0,958.62524,0.0
1510.0,460.0,978.01086,0.0
1520.0,460.0,998.033,0.0
1530.0,460.0,1018.6905,0.0
1540.0,460.0,1039.9851,0.0
1550.0,460.0,1061.915,0.0
1560.0,460.0,1084.481,0.0
1570.0,460.0,1107.683,0.0
1580.0,460.0,1131.5211,0.0
1590.0,460.0,1155.9954,0.0
1600.0,460.0,1181.1064,0.0
1610.0,460.0,1206.852,0.0
1620.0,460.0,1233.2343,0.0
1630.0,460.0,1260.2527,0.0
1640.0,460.0,1287.9067,0.0
1650.0,460.0,1316.1963,0.0
1660.0,460.0,1345.123,0.0
1670.0,460.0,1374.6858,0.0
1680.0,460.0,1404.8854,0.0
1690.0,460.0,1435.7212,0.0
1700.0,460.0,1467.1924,0.0
1710.0,460.0,1499.2993,0.0
1720.0,460.0,1532.0425,0.0
1730.0,460.0,1565.4218,0.0
1740.0,460.0,1599.4373,0.0
1750.0,460.0,1634.0884,0.0
1760.0,460.0,1669.376,0.0
1770.0,460.0,1705.2997,0.0
1780.0,460.0,1741.8594,0.0
1790.0,460.0,1779.0555,0.0
1800.0,460.0,1816.8875,0.0
-200.0,470.0,39270.906,1.0
-190.0,470.0,39270.906,1.0
-180.0,470.0,39270.906,1.0
-170.0,470.0,39270.906,1.0
-160.0,470.0,39270.906,1.0
-150.0,470.0,39270.906,1.0
-140.0,470.0,39270.906,1.0
-130.0,470.0,39270.906,1.0
-120.0,470.0,39270.906,1.0
-110.0,470.0,39270.906,1.0
-100.0,470.0,39270.906,1.0
-90.0,470.0,39270.906,1.0
-80.0,470.0,39270.906,1.0
-70.0,470.0,39270.906,1.0
-60.0,470.0,39270.906,1.0
-50.0,470.0,39270.906,1.0
-40.0,470.0,39270.906,1.0
-30.0,470.0,39270.906,1.0
-20.0,470.0,39270.906,1.0
-10.0,470.0,39270.906,1.0
0.0,470.0,39270.906,1.0
10.0,470.0,39270.906,1.0
20.0,470.0,39270.906,1.0
30.0,470.0,39270.906,1.0
40.0,470.0,39270.906,1.0
50.0,470.0,4858.702,0.0
60.0,470.0,4785.6084,0.0
70.0,470.0,4713.1875,0.0
80.0,470.0,4641.4355,0.0
90.0,470.0,4570.3535,0.0
100.0,470.0,4499.9404,0.0
110.0,470.0,4430.1943,0.0
120.0,470.0,4361.115,0.0
130.0,470.0,4292.701,0.0
140.0,470.0,4224.951,0.0
150.0,470.0,4157.866,0.0
160.0,470.0,4091.4424,0.0
170.0,470.0,4025.681,0.0
180.0,470.0,3960.5818,0.0
190.0,470.0,3896.1426,0.0
200.0,470.0,3832.3623,0.0
210.0,470.0,3769.2412,0.0
220.0,470.0,3706.7776,0.0
230.0,470.0,3644.97,0.0
240.0,470.0,3583.8198,0.0
250.0,470.0,3523.3242,0.0
260.0,470.0,3463.4834,0.0
270.0,470.0,3404.2966,0.0
280.0,470.0,3345.7627,0.0
290.0,470.0,3287.8828,0.0
300.0,470.0,3230.6528,0.0
310.0,470.0,3174.0747,0.0
320.0,470.0,3118.1465,0.0
330.0,470.0,3062.8682,0.0
340.0,470.0,3008.2383,0.0
350.0,470.0,2954.2566,0.0
360.0,470.0,2900.923,0.0
370.0,470.0,2848.2366,0.0
380.0,470.0,2796.1963,0.0
390.0,470.0,2744.8022,0.0
400.0,470.0,2694.0518,0.0
410.0,470.0,2643.9463,0.0
420.0,470.0,2594.4856,0.0
430.0,470.0,2545.6665,0.0
440.0,470.0,2497.4912,0.0
450.0,470.0,2449.959,0.0
460.0,470.0,2403.0676,0.0
470.0,470.0,2356.8174,0.0
480.0,470.0,2311.208,0.0
490.0,470.0,2266.2383,0.0
500.0,470.0,2221.908,0.0
510.0,470.0,2178.2178,0.0
520.0,470.0,2135.1655,0.0
530.0,470.0,2092.7515,0.0
540.0,470.0,2050.9756,0.0
550.0,470.0,2009.8367,0.0
560.0,470.0,1969.3351,0.0
570.0,470.0,1929.4692,0.0
580.0,470.0,1890.2399,0.0
590.0,470.0,1851.6459,0.0
600.0,470.0,1813.6865,0.0
610.0,470.0,1776.3622,0.0
620.0,470.0,1739.6726,0.0
630.0,470.0,1703.6162,0.0
640.0,470.0,1668.194,0.0
650.0,470.0,1633.4049,0.0
660.0,470.0,1599.2488,0.0
670.0,470.0,1565.7244,0.0
680.0,470.0,1532.8329,0.0
690.0,470.0,1500.5735,0.0
700.0,470.0,1468.9448,0.0
710.0,470.0,1437.9475,0.0
720.0,470.0,1407.5818,0.0
730.0,470.0,1377.846,0.0
740.0,470.0,1348.7402,0.0
750.0,470.0,1320.2646,0.0
760.0,470.0,1292.4188,0.0
770.0,470.0,1265.2024,0.0
780.0,470.0,1238.615,0.0
790.0,470.0,1212.6562,0.0
800.0,470.0,1187.3264,0.0
810.0,470.0,1162.6252,0.0
820.0,470.0,1138.5519,0.0
830.0,470.0,1115.1063,0.0
840.0,470.0,1092.2886,0.0
850.0,470.0,1070.0985,0.0
860.0,470.0,1048.5356,0.0
870.0,470.0,1027.5995,0.0
880.0,470.0,1007.2901,0.0
890.0,470.0,987.6076,0.0
900.0,470.0,968.551,0.0
910.0,470.0,950.1216,0.0
920.0,470.0,932.31805,0.0
930.0,470.0,915.1395,0.0
940.0,470.0,898.58655,0.0
950.0,470.0,882.6602,0.0
960.0,470.0,867.3597,0.0
970.0,470.0,852.68365,0.0
980.0,470.0,838.6329,0.0
990.0,470.0,825.20703,0.0
1000.0,470.0,812.40576,0.0
1010.0,470.0,800.2298,0.0
1020.0,470.0,788.67786,0.0
1030.0,470.0,777.7506,0.0
1040.0,470.0,767.4469,0.0
1050.0,470.0,757.7683,0.0
1060.0,470.0,748.71344,0.0
1070.0,470.0,740.2827,0.0
1080.0,470.0,732.4762,0.0
1090.0,470.0,725.2933,0.0
1100.0,470.0,718.7336,0.0
1110.0,470.0,712.7976,0.0
1120.0,470.0,707.4852,0.0
1130.0,470.0,702.7971,0.0
1140.0,470.0,698.73157,0.0
1150.0,470.0,695.2897,0.0
1160.0,470.0,692.4711,0.0
1170.0,470.0,690.2755,0.0
1180.0,470.0,688.7032,0.0
1190.0,470.0,687.75323,0.0
1200.0,470.0,687.427,0.0
1210.0,470.0,687.724,0.0
1220.0,470.0,688.64343,0.0
1230.0,470.0,690.1856,0.0
1240.0,470.0,692.3507,0.0
1250.0,470.0,695.1384,0.0
1260.0,470.0,698.54944,0.0
1270.0,470.0,702.58295,0.0
1280.0,470.0,707.23914,0.0
1290.0,470.0,712.51807,0.0
1300.0,470.0,718.4193,0.0
1310.0,470.0,724.94324,0.0
1320.0,470.0,732.0894,0.0
1330.0,470.0,739.8587,0.0
1340.0,470.0,748.25037,0.0
1350.0,470.0,757.26447,0.0
1360.0,470.0,766.90137,0.0
1370.0,470.0,777.16064,0.0
1380.0,470.0,788.0422,0.0
1390.0,470.0,799.5464,0.0
1400.0,470.0,811.6725,0.0
1410.0,470.0,824.4204,0.0
1420.0,470.0,837.79034,0.0
1430.0,470.0,851.7822,0.0
1440.0,470.0,866.39825,0.0
1450.0,470.0,881.63696,0.0
1460.0,470.0,897.49854,0.0
1470.0,470.0,913.98224,0.0
1480.0,470.0,931.0879,0.0
1490.0,470.0,948.8161,0.0
1500.0,470.0,967.1674,0.0
1510.0,470.0,986.14105,0.0
1520.0,470.0,1005.73706,0.0
1530.0,470.0,1025.9551,0.0
1540.0,470.0,1046.7964,0.0
1550.0,470.0,1068.2599,0.0
1560.0,470.0,1090.3452,0.0
1570.0,470.0,1113.054,0.0
1580.0,470.0,1136.3843,0.0
1590.0,470.0,1160.3379,0.0
1600.0,470.0,1184.9141,0.0
1610.0,470.0,1210.1127,0.0
1620.0,470.0,1235.9336,0.0
1630.0,470.0,1262.3765,0.0
1640.0,470.0,1289.4429,0.0
1650.0,470.0,1317.1304,0.0
1660.0,470.0,1345.4407,0.0
1670.0,470.0,1374.3743,0.0
1680.0,470.0,1403.9305,0.0
1690.0,470.0,1434.1094,0.0
1700.0,470.0,1464.9115,0.0
1710.0,470.0,1496.3351,0.0
1720.0,470.0,1528.3812,0.0
1730.0,470.0,1561.05,0.0
1740.0,470.0,1594.3416,0.0
1750.0,470.0,1628.2554,0.0
1760.0,470.0,1662.7913,0.0
1770.0,470.0,1697.95,0.0
1780.0,470.0,1733.731,0.0
1790.0,470.0,1770.1353,0.0
1800.0,470.0,1807.1628,0.0
-200.0,480.0,39270.906,1.0
-190.0,480.0,39270.906,1.0
-180.0,480.0,39270.906,1.0
-170.0,480.0,39270.906,1.0
-160.0,480.0,39270.906,1.0
-150.0,480.0,39270.906,1.0
-140.0,480.0,39270.906,1.0
-130.0,480.0,39270.906,1.0
-120.0,480.0,39270.906,1.0
-110.0,480.0,39270.906,1.0
-100.0,480.0,39270.906,1.0
-90.0,480.0,39270.906,1.0
-80.0,480.0,39270.906,1.0
-70.0,480.0,39270.906,1.0
-60.0,480.0,39270.906,1.0
-50.0,480.0,39270.906,1.0
-40.0,480.0,39270.906,1.0
-30.0,480.0,39270.906,1.0
-20.0,480.0,39270.906,1.0
-10.0,480.0,39270.906,1.0
0.0,480.0,39270.906,1.0
10.0,480.0,39270.906,1.0
20.0,480.0,39270.906,1.0
30.0,480.0,39270.906,1.0
40.0,480.0,39270.906,1.0
50.0,480.0,4784.5884,0.0
60.0,480.0,4713.084,0.0
70.0,480.0,4642.2354,0.0
80.0,480.0,4572.042,0.0
90.0,480.0,4502.502,0.0
100.0,480.0,4433.6143,0.0
110.0,480.0,4365.379,0.0
120.0,480.0,4297.794,0.0
130.0,480.0,4230.8594,0.0
140.0,480.0,4164.5737,0.0
150.0,480.0,4098.9355,0.0
160.0,480.0,4033.9458,0.0
170.0,480.0,3969.603,0.0
180.0,480.0,3905.9062,0.0
190.0,480.0,3842.8535,0.0
200.0,480.0,3780.4458,0.0
210.0,480.0,3718.6807,0.0
220.0,480.0,3657.5588,0.0
230.0,480.0,3597.0789,0.0
240.0,480.0,3537.2402,0.0
250.0,480.0,3478.042,0.0
260.0,480.0,3419.4834,0.0
270.0,480.0,3361.5645,0.0
280.0,480.0,3304.2832,0.0
290.0,480.0,3247.64,0.0
300.0,480.0,3191.6338,0.0
310.0,480.0,3136.2642,0.0
320.0,480.0,3081.5305,0.0
330.0,480.0,3027.4307,0.0
340.0,480.0,2973.9658,0.0
350.0,480.0,2921.1353,0.0
360.0,480.0,2868.9373,0.0
370.0,480.0,2817.3718,0.0
380.0,480.0,2766.439,0.0
390.0,480.0,2716.1372,0.0
400.0,480.0,2666.4648,0.0
410.0,480.0,2617.4238,0.0
420.0,480.0,2569.0127,0.0
430.0,480.0,2521.23,0.0
440.0,480.0,2474.0771,0.0
450.0,480.0,2427.5515,0.0
460.0,480.0,2381.6543,0.0
470.0,480.0,2336.383,0.0
480.0,480.0,2291.7393,0.0
490.0,480.0,2247.7212,0.0
500.0,480.0,2204.3286,0.0
510.0,480.0,2161.5618,0.0
520.0,480.0,2119.4192,0.0
530.0,480.0,2077.9019,0.0
540.0,480.0,2037.0073,0.0
550.0,480.0,1996.7372,0.0
560.0,480.0,1957.09,0.0
570.0,480.0,1918.0648,0.0
580.0,480.0,1879.6624,0.0
590.0,480.0,1841.8811,0.0
600.0,480.0,1804.7214,0.0
610.0,480.0,1768.1833,0.0
620.0,480.0,1732.2656,0.0
630.0,480.0,1696.9691,0.0
640.0,480.0,1662.2913,0.0
650.0,480.0,1628.2339,0.0
660.0,480.0,1594.7952,0.0
670.0,480.0,1561.9758,0.0
680.0,480.0,1529.7754,0.0
690.0,480.0,1498.1934,0.0
700.0,480.0,1467.2285,0.0
710.0,480.0,1436.8827,0.0
720.0,480.0,1407.1539,0.0
730.0,480.0,1378.041,0.0
740.0,480.0,1349.5463,0.0
750.0,480.0,1321.6671,0.0
760.0,480.0,1294.4045,0.0
770.0,480.0,1267.7588,0.0
780.0,480.0,1241.7286,0.0
790.0,480.0,1216.314,0.0
800.0,480.0,1191.5145,0.0
810.0,480.0,1167.3302,0.0
820.0,480.0,1143.7605,0.0
830.0,480.0,1120.8057,0.0
840.0,480.0,1098.4653,0.0
850.0,480.0,1076.7393,0.0
860.0,480.0,1055.6272,0.0
870.0,480.0,1035.1287,0.0
880.0,480.0,1015.2438,0.0
890.0,480.0,995.9725,0.0
900.0,480.0,977.31433,0.0
910.0,480.0,959.2698,0.0
920.0,480.0,941.8379,0.0
930.0,480.0,925.01843,0.0
940.0,480.0,908.8113,0.0
950.0,480.0,893.218,0.0
960.0,480.0,878.23596,0.0
970.0,480.0,863.8663,0.0
980.0,480.0,850.10864,0.0
990.0,480.0,836.9625,0.0
1000.0,480.0,824.4282,0.0
1010.0,480.0,812.5061,0.0
1020.0,480.0,801.1953,0.0
1030.0,480.0,790.49567,0.0
1040.0,480.0,780.4071,0.0
1050.0,480.0,770.93024,0.0
1060.0,480.0,762.06445,0.0
1070.0,480.0,753.8092,0.0
1080.0,480.0,746.1653,0.0
1090.0,480.0,739.1316,0.0
1100.0,480.0,732.7085,0.0
1110.0,480.0,726.8962,0.0
1120.0,480.0,721.69507,0.0
1130.0,480.0,717.10406,0.0
1140.0,480.0,713.1229,0.0
1150.0,480.0,709.7528,0.0
1160.0,480.0,706.9927,0.0
1170.0,480.0,704.8423,0.0
1180.0,480.0,703.3025,0.0
1190.0,480.0,702.3728,0.0
1200.0,480.0,702.053,0.0
1210.0,480.0,702.3436,0.0
1220.0,480.0,703.24365,0.0
1230.0,480.0,704.754,0.0
1240.0,480.0,706.8738,0.0
1250.0,480.0,709.60364,0.0
1260.0,480.0,712.94275,0.0
1270.0,480.0,716.8923,0.0
1280.0,480.0,721.4517,0.0
1290.0,480.0,726.61993,0.0
1300.0,480.0,732.3983,0.0
1310.0,480.0,738.7859,0.0
1320.0,480.0,745.78357,0.0
1330.0,480.0,753.3908,0.0
1340.0,480.0,761.6079,0.0
1350.0,480.0,770.43384,0.0
1360.0,480.0,779.8699,0.0
1370.0,480.0,789.91504,0.0
1380.0,480.0,800.57007,0.0
1390.0,480.0,811.8346,0.0
1400.0,480.0,823.7087,0.0
1410.0,480.0,836.1911,0.0
1420.0,480.0,849.2825,0.0
1430.0,480.0,862.98267,0.0
1440.0,480.0,877.2931,0.0
1450.0,480.0,892.21423,0.0
1460.0,480.0,907.74567,0.0
1470.0,480.0,923.886,0.0
1480.0,480.0,940.63525,0.0
1490.0,480.0,957.99426,0.0
1500.0,480.0,975.96265,0.0
1510.0,480.0,994.5413,0.0
1520.0,480.0,1013.72876,0.0
1530.0,480.0,1033.5261,0.0
1540.0,480.0,1053.9324,0.0
1550.0,480.0,1074.9487,0.0
1560.0,480.0,1096.5742,0.0
1570.0,480.0,1118.8102,0.0
1580.0,480.0,1141.6543,0.0
1590.0,480.0,1165.1086,0.0
1600.0,480.0,1189.1726,0.0
1610.0,480.0,1213.8464,0.0
1620.0,480.0,1239.1287,0.0
1630.0,480.0,1265.0212,0.0
1640.0,480.0,1291.5228,0.0
1650.0,480.0,1318.6348,0.0
1660.0,480.0,1346.3549,0.0
1670.0,480.0,1374.6848,0.0
1680.0,480.0,1403.6244,0.0
1690.0,480.0,1433.1748,0.0
1700.0,480.0,1463.3344,0.0
1710.0,480.0,1494.104,0.0
1720.0,480.0,1525.482,0.0
1730.0,480.0,1557.4702,0.0
1740.0,480.0,1590.0674,0.0
1750.0,480.0,1623.2742,0.0
1760.0,480.0,1657.0906,0.0
1770.0,480.0,1691.5159,0.0
1780.0,480.0,1726.5518,0.0
1790.0,480.0,1762.1963,0.0
1800.0,480.0,1798.4526,0.0
-200.0,490.0,39270.906,1.0
-190.0,490.0,39270.906,1.0
-180.0,490.0,39270.906,1.0
-170.0,490.0,39270.906,1.0
-160.0,490.0,39270.906,1.0
-150.0,490.0,39270.906,1.0
-140.0,490.0,39270.906,1.0
-130.0,490.0,39270.906,1.0
-120.0,490.0,39270.906,1.0
-110.0,490.0,39270.906,1.0
-100.0,490.0,39270.906,1.0
-90.0,490.0,39270.906,1.0
-80.0,490.0,39270.906,1.0
-70.0,490.0,39270.906,1.0
-60.0,490.0,39270.906,1.0
-50.0,490.0,39270.906,1.0
-40.0,490.0,39270.906,1.0
-30.0,490.0,39270.906,1.0
-20.0,490.0,39270.906,1.0
-10.0,490.0,39270.906,1.0
0.0,490.0,39270.906,1.0
10.0,490.0,39270.906,1.0
20.0,490.0,39270.906,1.0
30.0,490.0,39270.906,1.0
40.0,490.0,39270.906,1.0
50.0,490.0,39270.906,1.0
60.0,490.0,4644.2236,0.0
70.0,490.0,4574.881,0.0
80.0,490.0,4506.1777,0.0
90.0,490.0,4438.1123,0.0
100.0,490.0,4370.6855,0.0
110.0,490.0,4303.8955,0.0
120.0,490.0,4237.74,0.0
130.0,490.0,4172.222,0.0
140.0,490.0,4107.3374,0.0
150.0,490.0,4043.085,0.0
160.0,490.0,3979.4673,0.0
170.0,490.0,3916.4807,0.0
180.0,490.0,3854.126,0.0
190.0,490.0,3792.4011,0.0
200.0,490.0,3731.3071,0.0
210.0,490.0,3670.8418,0.0
220.0,490.0,3611.0044,0.0
230.0,490.0,3551.7944,0.0
240.0,490.0,3493.2114,0.0
250.0,490.0,3435.2554,0.0
260.0,490.0,3377.9248,0.0
270.0,490.0,3321.2192,0.0
280.0,490.0,3265.1367,0.0
290.0,490.0,3209.68,0.0
300.0,490.0,3154.8457,0.0
310.0,490.0,3100.6338,0.0
320.0,490.0,3047.0425,0.0
330.0,490.0,2994.0728,0.0
340.0,490.0,2941.7236,0.0
350.0,490.0,2889.9941,0.0
360.0,490.0,2838.8838,0.0
370.0,490.0,2788.3933,0.0
380.0,490.0,2738.52,0.0
390.0,490.0,2689.2656,0.0
400.0,490.0,2640.627,0.0
410.0,490.0,2592.605,0.0
420.0,490.0,2545.1997,0.0
430.0,490.0,2498.41,0.0
440.0,490.0,2452.2354,0.0
450.0,490.0,2406.6755,0.0
460.0,490.0,2361.7295,0.0
470.0,490.0,2317.398,0.0
480.0,490.0,2273.6787,0.0
490.0,490.0,2230.5728,0.0
500.0,490.0,2188.0786,0.0
510.0,490.0,2146.1965,0.0
520.0,490.0,2104.9263,0.0
530.0,490.0,2064.2676,0.0
540.0,490.0,2024.2183,0.0
550.0,490.0,1984.7804,0.0
560.0,490.0,1945.9518,0.0
570.0,490.0,1907.732,0.0
580.0,490.0,1870.1226,0.0
590.0,490.0,1833.1212,0.0
600.0,490.0,1796.7273,0.0
610.0,490.0,1760.9434,0.0
620.0,490.0,1725.7661,0.0
630.0,490.0,1691.1958,0.0
640.0,490.0,1657.2328,0.0
650.0,490.0,1623.8767,0.0
660.0,490.0,1591.1266,0.0
670.0,490.0,1558.9824,0.0
680.0,490.0,1527.4441,0.0
690.0,490.0,1496.512,0.0
700.0,490.0,1466.1844,0.0
710.0,490.0,1436.4618,0.0
720.0,490.0,1407.343,0.0
730.0,490.0,1378.8287,0.0
740.0,490.0,1350.9182,0.0
750.0,490.0,1323.6128,0.0
760.0,490.0,1296.9097,0.0
770.0,490.0,1270.811,0.0
780.0,490.0,1245.3146,0.0
790.0,490.0,1220.4207,0.0
800.0,490.0,1196.1298,0.0
810.0,490.0,1172.4412,0.0
820.0,490.0,1149.3552,0.0
830.0,490.0,1126.8704,0.0
840.0,490.0,1104.9885,0.0
850.0,490.0,1083.7072,0.0
860.0,490.0,1063.0271,0.0
870.0,490.0,1042.9482,0.0
880.0,490.0,1023.47046,0.0
890.0,490.0,1004.5939,0.0
900.0,490.0,986.31775,0.0
910.0,490.0,968.642,0.0
920.0,490.0,951.5664,0.0
930.0,490.0,935.09143,0.0
940.0,490.0,919.2161,0.0
950.0,490.0,903.94104,0.0
960.0,490.0,889.2655,0.0
970.0,490.0,875.1897,0.0
980.0,490.0,861.7132,0.0
990.0,490.0,848.8357,0.0
1000.0,490.0,836.55774,0.0
1010.0,490.0,824.8788,0.0
1020.0,490.0,813.7991,0.0
1030.0,490.0,803.3178,0.0
1040.0,490.0,793.4358,0.0
1050.0,490.0,784.1521,0.0
1060.0,490.0,775.4671,0.0
1070.0,490.0,767.38025,0.0
1080.0,490.0,759.892,0.0
1090.0,490.0,753.00195,0.0
1100.0,490.0,746.70996,0.0
1110.0,490.0,741.0167,0.0
1120.0,490.0,735.921,0.0
1130.0,490.0,731.42365,0.0
1140.0,490.0,727.52374,0.0
1150.0,490.0,724.2223,0.0
1160.0,490.0,721.5184,0.0
1170.0,490.0,719.4122,0.0
1180.0,490.0,717.9037,0.0
1190.0,490.0,716.99225,0.0
1200.0,490.0,716.6793,0.0
1210.0,490.0,716.96405,0.0
1220.0,490.0,717.84534,0.0
1230.0,490.0,719.3241,0.0
1240.0,490.0,721.4009,0.0
1250.0,490.0,724.07495,0.0
1260.0,490.0,727.34576,0.0
1270.0,490.0,731.2144,0.0
1280.0,490.0,735.6808,0.0
1290.0,490.0,740.7435,0.0
1300.0,490.0,746.40356,0.0
1310.0,490.0,752.66125,0.0
1320.0,490.0,759.51556,0.0
1330.0,490.0,766.9675,0.0
1340.0,490.0,775.01685,0.0
1350.0,490.0,783.66266,0.0
1360.0,490.0,792.9059,0.0
1370.0,490.0,802.74646,0.0
1380.0,490.0,813.1836,0.0
1390.0,490.0,824.21814,0.0
1400.0,490.0,835.8496,0.0
1410.0,490.0,848.0776,0.0
1420.0,490.0,860.90234,0.0
1430.0,490.0,874.32324,0.0
1440.0,490.0,888.34125,0.0
1450.0,490.0,902.95715,0.0
1460.0,490.0,918.17163,0.0
1470.0,490.0,933.9825,0.0
1480.0,490.0,950.38995,0.0
1490.0,490.0,967.3948,0.0
1500.0,490.0,984.9963,0.0
1510.0,490.0,1003.1958,0.0
1520.0,490.0,1021.99207,0.0
1530.0,490.0,1041.3845,0.0
1540.0,490.0,1061.3749,0.0
1550.0,490.0,1081.9613,0.0
1560.0,490.0,1103.1462,0.0
1570.0,490.0,1124.9274,0.0
1580.0,490.0,1147.3057,0.0
1590.0,490.0,1170.2815,0.0
1600.0,490.0,1193.8542,0.0
1610.0,490.0,1218.0242,0.0
1620.0,490.0,1242.791,0.0
1630.0,490.0,1268.1548,0.0
1640.0,490.0,1294.1155,0.0
1650.0,490.0,1320.6736,0.0
1660.0,490.0,1347.828,0.0
1670.0,490.0,1375.5802,0.0
1680.0,490.0,1403.9285,0.0
1690.0,490.0,1432.8743,0.0
1700.0,490.0,1462.4185,0.0
1710.0,490.0,1492.5591,0.0
1720.0,490.0,1523.2975,0.0
1730.0,490.0,1554.6321,0.0
1740.0,490.0,1586.564,0.0
1750.0,490.0,1619.0929,0.0
1760.0,490.0,1652.2192,0.0
1770.0,490.0,1685.9418,0.0
1780.0,490.0,1720.2615,0.0
1790.0,490.0,1755.1791,0.0
1800.0,490.0,1790.6934,0.0
-200.0,500.0,39270.906,1.0
-190.0,500.0,39270.906,1.0
-180.0,500.0,39270.906,1.0
-170.0,500.0,39270.906,1.0
-160.0,500.0,39270.906,1.0
-150.0,500.0,39270.906,1.0
-140.0,500.0,39270.906,1.0
-130.0,500.0,39270.906,1.0
-120.0,500.0,39270.906,1.0
-110.0,500.0,39270.906,1.0
-100.0,500.0,39270.906,1.0
-90.0,500.0,39270.906,1.0
-80.0,500.0,39270.906,1.0
-70.0,500.0,39270.906,1.0
-60.0,500.0,39270.906,1.0
-50.0,500.0,39270.906,1.0
-40.0,500.0,39270.906,1.0
-30.0,500.0,39270.906,1.0
-20.0,500.0,39270.906,1.0
-10.0,500.0,39270.906,1.0
0.0,500.0,39270.906,1.0
10.0,500.0,39270.906,1.0
20.0,500.0,39270.906,1.0
30.0,500.0,39270.906,1.0
40.0,500.0,39270.906,1.0
50.0,500.0,39270.906,1.0
60.0,500.0,4578.8,0.0
70.0,500.0,4510.8994,0.0
80.0,500.0,4443.623,0.0
90.0,500.0,4376.97,0.0
100.0,500.0,4310.942,0.0
110.0,500.0,4245.536,0.0
120.0,500.0,4180.752,0.0
130.0,500.0,4116.589,0.0
140.0,500.0,4053.0461,0.0
150.0,500.0,3990.1223,0.0
160.0,500.0,3927.8184,0.0
170.0,500.0,3866.1318,0.0
180.0,500.0,3805.0632,0.0
190.0,500.0,3744.6118,0.0
200.0,500.0,3684.775,0.0
210.0,500.0,3625.5552,0.0
220.0,500.0,3566.949,0.0
230.0,500.0,3508.956,0.0
240.0,500.0,3451.5767,0.0
250.0,500.0,3394.8118,0.0
260.0,500.0,3338.658,0.0
270.0,500.0,3283.1145,0.0
280.0,500.0,3228.1836,0.0
290.0,500.0,3173.8618,0.0
300.0,500.0,3120.1504,0.0
310.0,500.0,3067.0474,0.0
320.0,500.0,3014.5525,0.0
330.0,500.0,2962.6658,0.0
340.0,500.0,2911.3855,0.0
350.0,500.0,2860.7134,0.0
360.0,500.0,2810.647,0.0
370.0,500.0,2761.185,0.0
380.0,500.0,2712.3286,0.0
390.0,500.0,2664.0774,0.0
400.0,500.0,2616.4297,0.0
410.0,500.0,2569.3853,0.0
420.0,500.0,2522.9456,0.0
430.0,500.0,2477.1062,0.0
440.0,500.0,2431.871,0.0
450.0,500.0,2387.237,0.0
460.0,500.0,2343.204,0.0
470.0,500.0,2299.7727,0.0
480.0,500.0,2256.941,0.0
490.0,500.0,2214.7092,0.0
500.0,500.0,2173.0776,0.0
510.0,500.0,2132.0442,0.0
520.0,500.0,2091.61,0.0
530.0,500.0,2051.7747,0.0
540.0,500.0,2012.5366,0.0
550.0,500.0,1973.8965,0.0
560.0,500.0,1935.8533,0.0
570.0,500.0,1898.4071,0.0
580.0,500.0,1861.5579,0.0
590.0,500.0,1825.3043,0.0
600.0,500.0,1789.6472,0.0
610.0,500.0,1754.5852,0.0
620.0,500.0,1720.1177,0.0
630.0,500.0,1686.2456,0.0
640.0,500.0,1652.9675,0.0
650.0,500.0,1620.2844,0.0
660.0,500.0,1588.1948,0.0
670.0,500.0,1556.6985,0.0
680.0,500.0,1525.7968,0.0
690.0,500.0,1495.4867,0.0
700.0,500.0,1465.7705,0.0
710.0,500.0,1436.6455,0.0
720.0,500.0,1408.1133,0.0
730.0,500.0,1380.1726,0.0
740.0,500.0,1352.8243,0.0
750.0,500.0,1326.0676,0.0
760.0,500.0,1299.9022,0.0
770.0,500.0,1274.3278,0.0
780.0,500.0,1249.3438,0.0
790.0,500.0,1224.9507,0.0
800.0,500.0,1201.148,0.0
810.0,500.0,1177.9353,0.0
820.0,500.0,1155.3121,0.0
830.0,500.0,1133.2793,0.0
840.0,500.0,1111.8359,0.0
850.0,500.0,1090.9822,0.0
860.0,500.0,1070.717,0.0
870.0,500.0,1051.0411,0.0
880.0,500.0,1031.9543,0.0
890.0,500.0,1013.45624,0.0
900.0,500.0,995.54724,0.0
910.0,500.0,978.2257,0.0
920.0,500.0,961.49194,0.0
930.0,500.0,945.3467,0.0
940.0,500.0,929.7897,0.0
950.0,500.0,914.8209,0.0
960.0,500.0,900.43933,0.0
970.0,500.0,886.64514,0.0
980.0,500.0,873.4385,0.0
990.0,500.0,860.819,0.0
1000.0,500.0,848.78723,0.0
1010.0,500.0,837.342,0.0
1020.0,500.0,826.48376,0.0
1030.0,500.0,816.21277,0.0
1040.0,500.0,806.52795,0.0
1050.0,500.0,797.4298,0.0
1060.0,500.0,788.9188,0.0
1070.0,500.0,780.99384,0.0
1080.0,500.0,773.65533,0.0
1090.0,500.0,766.90326,0.0
1100.0,500.0,760.73737,0.0
1110.0,500.0,755.1575,0.0
1120.0,500.0,750.16376,0.0
1130.0,500.0,745.756,0.0
1140.0,500.0,741.9342,0.0
1150.0,500.0,738.69836,0.0
1160.0,500.0,736.0483,0.0
1170.0,500.0,733.98376,0.0
1180.0,500.0,732.50525,0.0
1190.0,500.0,731.6125,0.0
1200.0,500.0,731.30554,0.0
1210.0,500.0,731.58435,0.0
1220.0,500.0,732.448,0.0
1230.0,500.0,733.8969,0.0
1240.0,500.0,735.932,0.0
1250.0,500.0,738.55255,0.0
1260.0,500.0,741.7579,0.0
1270.0,500.0,745.5492,0.0
1280.0,500.0,749.9254,0.0
1290.0,500.0,754.8872,0.0
1300.0,500.0,760.43427,0.0
1310.0,500.0,766.56616,0.0
1320.0,500.0,773.28357,0.0
1330.0,500.0,780.5861,0.0
1340.0,500.0,788.4742,0.0
1350.0,500.0,796.94745,0.0
1360.0,500.0,806.006,0.0
1370.0,500.0,815.64905,0.0
1380.0,500.0,825.87756,0.0
1390.0,500.0,836.69147,0.0
1400.0,500.0,848.09033,0.0
1410.0,500.0,860.0742,0.0
1420.0,500.0,872.6425,0.0
1430.0,500.0,885.7949,0.0
1440.0,500.0,899.5322,0.0
1450.0,500.0,913.85486,0.0
1460.0,500.0,928.7651,0.0
1470.0,500.0,944.2604,0.0
1480.0,500.0,960.3395,0.0
1490.0,500.0,977.00464,0.0
1500.0,500.0,994.2533,0.0
1510.0,500.0,1012.0884,0.0
1520.0,500.0,1030.508,0.0
1530.0,500.0,1049.514,0.0
1540.0,500.0,1069.1041,0.0
1550.0,500.0,1089.2793,0.0
1560.0,500.0,1110.0403,0.0
1570.0,500.0,1131.3859,0.0
1580.0,500.0,1153.316,0.0
1590.0,500.0,1175.832,0.0
1600.0,500.0,1198.9331,0.0
1610.0,500.0,1222.6196,0.0
1620.0,500.0,1246.8909,0.0
1630.0,500.0,1271.7473,0.0
1640.0,500.0,1297.189,0.0
1650.0,500.0,1323.2157,0.0
1660.0,500.0,1349.8269,0.0
1670.0,500.0,1377.0236,0.0
1680.0,500.0,1404.8047,0.0
1690.0,500.0,1433.1719,0.0
1700.0,500.0,1462.1239,0.0
1710.0,500.0,1491.6608,0.0
1720.0,500.0,1521.7848,0.0
1730.0,500.0,1552.4924,0.0
1740.0,500.0,1583.7854,0.0
1750.0,500.0,1615.6631,0.0
1760.0,500.0,1648.1265,0.0
1770.0,500.0,1681.1749,0.0
1780.0,500.0,1714.8076,0.0
1790.0,500.0,1749.0265,0.0
1800.0,500.0,1783.8303,0.0
-200.0,510.0,39270.906,1.0
-190.0,510.0,39270.906,1.0
-180.0,510.0,39270.906,1.0
-170.0,510.0,39270.906,1.0
-160.0,510.0,39270.906,1.0
-150.0,510.0,39270.906,1.0
-140.0,510.0,39270.906,1.0
-130.0,510.0,39270.906,1.0
-120.0,510.0,39270.906,1.0
-110.0,510.0,39270.906,1.0
-100.0,510.0,39270.906,1.0
-90.0,510.0,39270.906,1.0
-80.0,510.0,39270.906,1.0
-70.0,510.0,39270.906,1.0
-60.0,510.0,39270.906,1.0
-50.0,510.0,39270.906,1.0
-40.0,510.0,39270.906,1.0
-30.0,510.0,39270.906,1.0
-20.0,510.0,39270.906,1.0
-10.0,510.0,39270.906,1.0
0.0,510.0,39270.906,1.0
10.0,510.0,39270.906,1.0
20.0,510.0,39270.906,1.0
30.0,510.0,39270.906,1.0
40.0,510.0,39270.906,1.0
50.0,510.0,39270.906,1.0
60.0,510.0,4516.6045,0.0
70.0,510.0,4450.0845,0.0
80.0,510.0,4384.177,0.0
90.0,510.0,4318.879,0.0
100.0,510.0,4254.1914,0.0
110.0,510.0,4190.1133,0.0
120.0,510.0,4126.6426,0.0
130.0,510.0,4063.7798,0.0
140.0,510.0,4001.5234,0.0
150.0,510.0,3939.8735,0.0
160.0,510.0,3878.829,0.0
170.0,510.0,3818.3896,0.0
180.0,510.0,3758.5542,0.0
190.0,510.0,3699.3232,0.0
200.0,510.0,3640.6946,0.0
210.0,510.0,3582.667,0.0
220.0,510.0,3525.2417,0.0
230.0,510.0,3468.4172,0.0
240.0,510.0,3412.1934,0.0
250.0,510.0,3356.569,0.0
260.0,510.0,3301.5435,0.0
270.0,510.0,3247.1162,0.0
280.0,510.0,3193.288,0.0
290.0,510.0,3140.0579,0.0
300.0,510.0,3087.4224,0.0
310.0,510.0,3035.3838,0.0
320.0,510.0,2983.9412,0.0
330.0,510.0,2933.0933,0.0
340.0,510.0,2882.839,0.0
350.0,510.0,2833.18,0.0
360.0,510.0,2784.1143,0.0
370.0,510.0,2735.641,0.0
380.0,510.0,2687.7607,0.0
390.0,510.0,2640.4731,0.0
400.0,510.0,2593.7754,0.0
410.0,510.0,2547.67,0.0
420.0,510.0,2502.155,0.0
430.0,510.0,2457.2307,0.0
440.0,510.0,2412.8958,0.0
450.0,510.0,2369.151,0.0
460.0,510.0,2325.9946,0.0
470.0,510.0,2283.4265,0.0
480.0,510.0,2241.4463,0.0
490.0,510.0,2200.0552,0.0
500.0,510.0,2159.25,0.0
510.0,510.0,2119.032,0.0
520.0,510.0,2079.401,0.0
530.0,510.0,2040.3557,0.0
540.0,510.0,2001.8955,0.0
550.0,510.0,1964.0227,0.0
560.0,510.0,1926.7335,0.0
570.0,510.0,1890.0295,0.0
580.0,510.0,1853.9102,0.0
590.0,510.0,1818.3754,0.0
600.0,510.0,1783.4235,0.0
610.0,510.0,1749.0552,0.0
620.0,510.0,1715.2703,0.0
630.0,510.0,1682.0684,0.0
640.0,510.0,1649.4485,0.0
650.0,510.0,1617.4106,0.0
660.0,510.0,1585.9558,0.0
670.0,510.0,1555.0826,0.0
680.0,510.0,1524.7903,0.0
690.0,510.0,1495.0792,0.0
700.0,510.0,1465.9487,0.0
710.0,510.0,1437.3989,0.0
720.0,510.0,1409.4299,0.0
730.0,510.0,1382.0405,0.0
740.0,510.0,1355.2316,0.0
750.0,510.0,1329.0024,0.0
760.0,510.0,1303.3528,0.0
770.0,510.0,1278.282,0.0
780.0,510.0,1253.7908,0.0
790.0,510.0,1229.8779,0.0
800.0,510.0,1206.5441,0.0
810.0,510.0,1183.788,0.0
820.0,510.0,1161.611,0.0
830.0,510.0,1140.0117,0.0
840.0,510.0,1118.9902,0.0
850.0,510.0,1098.5465,0.0
860.0,510.0,1078.6797,0.0
870.0,510.0,1059.3911,0.0
880.0,510.0,1040.6796,0.0
890.0,510.0,1022.54553,0.0
900.0,510.0,1004.9877,0.0
910.0,510.0,988.0063,0.0
920.0,510.0,971.6017,0.0
930.0,510.0,955.7742,0.0
940.0,510.0,940.52325,0.0
950.0,510.0,925.84796,0.0
960.0,510.0,911.74915,0.0
970.0,510.0,898.2261,0.0
980.0,510.0,885.27826,0.0
990.0,510.0,872.9066,0.0
1000.0,510.0,861.1107,0.0
1010.0,510.0,849.8901,0.0
1020.0,510.0,839.2449,0.0
1030.0,510.0,829.1751,0.0
1040.0,510.0,819.6802,0.0
1050.0,510.0,810.76086,0.0
1060.0,510.0,802.41656,0.0
1070.0,510.0,794.6471,0.0
1080.0,510.0,787.45264,0.0
1090.0,510.0,780.83246,0.0
1100.0,510.0,774.7874,0.0
1110.0,510.0,769.3169,0.0
1120.0,510.0,764.42065,0.0
1130.0,510.0,760.09973,0.0
1140.0,510.0,756.35266,0.0
1150.0,510.0,753.1804,0.0
1160.0,510.0,750.58215,0.0
1170.0,510.0,748.55786,0.0
1180.0,510.0,747.1084,0.0
1190.0,510.0,746.2327,0.0
1200.0,510.0,745.93146,0.0
1210.0,510.0,746.2046,0.0
1220.0,510.0,747.05115,0.0
1230.0,510.0,748.47205,0.0
1240.0,510.0,750.4668,0.0
1250.0,510.0,753.0356,0.0
1260.0,510.0,756.1785,0.0
1270.0,510.0,759.895,0.0
1280.0,510.0,764.1855,0.0
1290.0,510.0,769.0496,0.0
1300.0,510.0,774.4876,0.0
1310.0,510.0,780.49976,0.0
1320.0,510.0,787.0851,0.0
1330.0,510.0,794.24414,0.0
1340.0,510.0,801.9774,0.0
1350.0,510.0,810.2847,0.0
1360.0,510.0,819.1651,0.0
1370.0,510.0,828.61926,0.0
1380.0,510.0,838.6476,0.0
1390.0,510.0,849.2488,0.0
1400.0,510.0,860.42456,0.0
1410.0,510.0,872.1731,0.0
1420.0,510.0,884.4951,0.0
1430.0,510.0,897.3904,0.0
1440.0,510.0,910.8584,0.0
1450.0,510.0,924.89966,0.0
1460.0,510.0,939.51666,0.0
1470.0,510.0,954.7075,0.0
1480.0,510.0,970.4719,0.0
1490.0,510.0,986.80927,0.0
1500.0,510.0,1003.7208,0.0
1510.0,510.0,1021.2059,0.0
1520.0,510.0,1039.2645,0.0
1530.0,510.0,1057.8972,0.0
1540.0,510.0,1077.1033,0.0
1550.0,510.0,1096.8827,0.0
1560.0,510.0,1117.2362,0.0
1570.0,510.0,1138.1633,0.0
1580.0,510.0,1159.6641,0.0
1590.0,510.0,1181.7384,0.0
1600.0,510.0,1204.3867,0.0
1610.0,510.0,1227.6086,0.0
1620.0,510.0,1251.4036,0.0
1630.0,510.0,1275.7721,0.0
1640.0,510.0,1300.7151,0.0
1650.0,510.0,1326.2313,0.0
1660.0,510.0,1352.3206,0.0
1670.0,510.0,1378.9843,0.0
1680.0,510.0,1406.221,0.0
1690.0,510.0,1434.0311,0.0
1700.0,510.0,1462.415,0.0
1710.0,510.0,1491.3724,0.0
1720.0,510.0,1520.9045,0.0
1730.0,510.0,1551.0095,0.0
1740.0,510.0,1581.6895,0.0
1750.0,510.0,1612.9421,0.0
1760.0,510.0,1644.768,0.0
1770.0,510.0,1677.168,0.0
1780.0,510.0,1710.1415,0.0
1790.0,510.0,1743.6885,0.0
1800.0,510.0,1777.8093,0.0
-200.0,520.0,39270.906,1.0
-190.0,520.0,39270.906,1.0
-180.0,520.0,39270.906,1.0
-170.0,520.0,39270.906,1.0
-160.0,520.0,39270.906,1.0
-150.0,520.0,39270.906,1.0
-140.0,520.0,39270.906,1.0
-130.0,520.0,39270.906,1.0
-120.0,520.0,39270.906,1.0
-110.0,520.0,39270.906,1.0
-100.0,520.0,39270.906,1.0
-90.0,520.0,39270.906,1.0
-80.0,520.0,39270.906,1.0
-70.0,520.0,39270.906,1.0
-60.0,520.0,39270.906,1.0
-50.0,520.0,39270.906,1.0
-40.0,520.0,39270.906,1.0
-30.0,520.0,39270.906,1.0
-20.0,520.0,39270.906,1.0
-10.0,520.0,39270.906,1.0
0.0,520.0,39270.906,1.0
10.0,520.0,39270.906,1.0
20.0,520.0,39270.906,1.0
30.0,520.0,39270.906,1.0
40.0,520.0,39270.906,1.0
50.0,520.0,39270.906,1.0
60.0,520.0,39270.906,1.0
70.0,520.0,4392.25,0.0
80.0,520.0,4327.654,0.0
90.0,520.0,4263.6562,0.0
100.0,520.0,4200.254,0.0
110.0,520.0,4137.4497,0.0
120.0,520.0,4075.2395,0.0
130.0,520.0,4013.6248,0.0
140.0,520.0,3952.6042,0.0
150.0,520.0,3892.1763,0.0
160.0,520.0,3832.3403,0.0
170.0,520.0,3773.0977,0.0
180.0,520.0,3714.4473,0.0
190.0,520.0,3656.3867,0.0
200.0,520.0,3598.9165,0.0
210.0,520.0,3542.0356,0.0
220.0,520.0,3485.7444,0.0
230.0,520.0,3430.0408,0.0
240.0,520.0,3374.9248,0.0
250.0,520.0,3320.397,0.0
260.0,520.0,3266.4556,0.0
270.0,520.0,3213.101,0.0
280.0,520.0,3160.3308,0.0
290.0,520.0,3108.1465,0.0
300.0,520.0,3056.546,0.0
310.0,520.0,3005.5293,0.0
320.0,520.0,2955.0972,0.0
330.0,520.0,2905.2466,0.0
340.0,520.0,2855.9783,0.0
350.0,520.0,2807.291,0.0
360.0,520.0,2759.188,0.0
370.0,520.0,2711.6636,0.0
380.0,520.0,2664.7207,0.0
390.0,520.0,2618.358,0.0
400.0,520.0,2572.5742,0.0
410.0,520.0,2527.3699,0.0
420.0,520.0,2482.7446,0.0
430.0,520.0,2438.698,0.0
440.0,520.0,2395.2285,0.0
450.0,520.0,2352.337,0.0
460.0,520.0,2310.023,0.0
470.0,520.0,2268.2852,0.0
480.0,520.0,2227.124,0.0
490.0,520.0,2186.5378,0.0
500.0,520.0,2146.528,0.0
510.0,520.0,2107.093,0.0
520.0,520.0,2068.234,0.0
530.0,520.0,2029.9478,0.0
540.0,520.0,1992.2368,0.0
550.0,520.0,1955.0992,0.0
560.0,520.0,1918.535,0.0
570.0,520.0,1882.5444,0.0
580.0,520.0,1847.1265,0.0
590.0,520.0,1812.2814,0.0
600.0,520.0,1778.008,0.0
610.0,520.0,1744.3064,0.0
620.0,520.0,1711.177,0.0
630.0,520.0,1678.619,0.0
640.0,520.0,1646.6318,0.0
650.0,520.0,1615.2158,0.0
660.0,520.0,1584.3698,0.0
670.0,520.0,1554.094,0.0
680.0,520.0,1524.3889,0.0
690.0,520.0,1495.2533,0.0
700.0,520.0,1466.6865,0.0
710.0,520.0,1438.6892,0.0
720.0,520.0,1411.2614,0.0
730.0,520.0,1384.4019,0.0
740.0,520.0,1358.1113,0.0
750.0,520.0,1332.3889,0.0
760.0,520.0,1307.2349,0.0
770.0,520.0,1282.6489,0.0
780.0,520.0,1258.6307,0.0
790.0,520.0,1235.1797,0.0
800.0,520.0,1212.2964,0.0
810.0,520.0,1189.98,0.0
820.0,520.0,1168.2307,0.0
830.0,520.0,1147.0483,0.0
840.0,520.0,1126.4326,0.0
850.0,520.0,1106.3832,0.0
860.0,520.0,1086.9001,0.0
870.0,520.0,1067.9829,0.0
880.0,520.0,1049.633,0.0
890.0,520.0,1031.8479,0.0
900.0,520.0,1014.62854,0.0
910.0,520.0,997.9745,0.0
920.0,520.0,981.88635,0.0
930.0,520.0,966.3639,0.0
940.0,520.0,951.4066,0.0
950.0,520.0,937.0138,0.0
960.0,520.0,923.1861,0.0
970.0,520.0,909.92346,0.0
980.0,520.0,897.22534,0.0
990.0,520.0,885.09174,0.0
1000.0,520.0,873.52277,0.0
1010.0,520.0,862.51843,0.0
1020.0,520.0,852.0779,0.0
1030.0,520.0,842.20166,0.0
1040.0,520.0,832.8899,0.0
1050.0,520.0,824.14197,0.0
1060.0,520.0,815.95764,0.0
1070.0,520.0,808.3381,0.0
1080.0,520.0,801.2815,0.0
1090.0,520.0,794.78894,0.0
1100.0,520.0,788.85974,0.0
1110.0,520.0,783.4942,0.0
1120.0,520.0,778.693,0.0
1130.0,520.0,774.4546,0.0
1140.0,520.0,770.77936,0.0
1150.0,520.0,767.66754,0.0
1160.0,520.0,765.1189,0.0
1170.0,520.0,763.1339,0.0
1180.0,520.0,761.71216,0.0
1190.0,520.0,760.8531,0.0
1200.0,520.0,760.5574,0.0
1210.0,520.0,760.8252,0.0
1220.0,520.0,761.6554,0.0
1230.0,520.0,763.0485,0.0
1240.0,520.0,765.0054,0.0
1250.0,520.0,767.5242,0.0
1260.0,520.0,770.60645,0.0
1270.0,520.0,774.25134,0.0
1280.0,520.0,778.45935,0.0
1290.0,520.0,783.22986,0.0
1300.0,520.0,788.5632,0.0
1310.0,520.0,794.4596,0.0
1320.0,520.0,800.9181,0.0
1330.0,520.0,807.9398,0.0
1340.0,520.0,815.52386,0.0
1350.0,520.0,823.67126,0.0
1360.0,520.0,832.38135,0.0
1370.0,520.0,841.6532,0.0
1380.0,520.0,851.4883,0.0
1390.0,520.0,861.886,0.0
1400.0,520.0,872.84644,0.0
1410.0,520.0,884.36914,0.0
1420.0,520.0,896.4546,0.0
1430.0,520.0,909.1018,0.0
1440.0,520.0,922.31067,0.0
1450.0,520.0,936.0824,0.0
1460.0,520.0,950.4166,0.0
1470.0,520.0,965.31555,0.0
1480.0,520.0,980.7768,0.0
1490.0,520.0,996.80054,0.0
1500.0,520.0,1013.3866,0.0
1510.0,520.0,1030.5347,0.0
1520.0,520.0,1048.2463,0.0
1530.0,520.0,1066.5206,0.0
1540.0,520.0,1085.3574,0.0
1550.0,520.0,1104.7568,0.0
1560.0,520.0,1124.719,0.0
1570.0,520.0,1145.2432,0.0
1580.0,520.0,1166.3298,0.0
1590.0,520.0,1187.9792,0.0
1600.0,520.0,1210.1919,0.0
1610.0,520.0,1232.9673,0.0
1620.0,520.0,1256.3044,0.0
1630.0,520.0,1280.2046,0.0
1640.0,520.0,1304.667,0.0
1650.0,520.0,1329.693,0.0
1660.0,520.0,1355.2805,0.0
1670.0,520.0,1381.4307,0.0
1680.0,520.0,1408.144,0.0
1690.0,520.0,1435.419,0.0
1700.0,520.0,1463.2571,0.0
1710.0,520.0,1491.658,0.0
1720.0,520.0,1520.6208,0.0
1730.0,520.0,1550.1465,0.0
1740.0,520.0,1580.236,0.0
1750.0,520.0,1610.8884,0.0
1760.0,520.0,1642.1017,0.0
1770.0,520.0,1673.8778,0.0
1780.0,520.0,1706.2168,0.0
1790.0,520.0,1739.1184,0.0
1800.0,520.0,1772.5823,0.0
-200.0,530.0,39270.906,1.0
-190.0,530.0,39270.906,1.0
-180.0,530.0,39270.906,1.0
-170.0,530.0,39270.906,1.0
-160.0,530.0,39270.906,1.0
-150.0,530.0,39270.906,1.0
-140.0,530.0,39270.906,1.0
-130.0,530.0,39270.906,1.0
-120.0,530.0,39270.906,1.0
-110.0,530.0,39270.906,1.0
-100.0,530.0,39270.906,1.0
-90.0,530.0,39270.906,1.0
-80.0,530.0,39270.906,1.0
-70.0,530.0,39270.906,1.0
-60.0,530.0,39270.906,1.0
-50.0,530.0,39270.906,1.0
-40.0,530.0,39270.906,1.0
-30.0,530.0,39270.906,1.0
-20.0,530.0,39270.906,1.0
-10.0,530.0,39270.906,1.0
0.0,530.0,39270.906,1.0
10.0,530.0,39270.906,1.0
20.0,530.0,39270.906,1.0
30.0,530.0,39270.906,1.0
40.0,530.0,39270.906,1.0
50.0,530.0,39270.906,1.0
60.0,530.0,39270.906,1.0
70.0,530.0,4337.2173,0.0
80.0,530.0,4273.883,0.0
90.0,530.0,4211.133,0.0
100.0,530.0,4148.967,0.0
110.0,530.0,4087.3857,0.0
120.0,530.0,4026.3857,0.0
130.0,530.0,3965.9705,0.0
140.0,530.0,3906.1353,0.0
150.0,530.0,3846.8813,0.0
160.0,530.0,3788.208,0.0
170.0,530.0,3730.1147,0.0
180.0,530.0,3672.601,0.0
190.0,530.0,3615.6667,0.0
200.0,530.0,3559.309,0.0
210.0,530.0,3503.5308,0.0
220.0,530.0,3448.3274,0.0
230.0,530.0,3393.7002,0.0
240.0,530.0,3339.652,0.0
250.0,530.0,3286.1768,0.0
260.0,530.0,3233.2761,0.0
270.0,530.0,3180.9512,0.0
280.0,530.0,3129.1987,0.0
290.0,530.0,3078.02,0.0
300.0,530.0,3027.414,0.0
310.0,530.0,2977.38,0.0
320.0,530.0,2927.9172,0.0
330.0,530.0,2879.0261,0.0
340.0,530.0,2830.7046,0.0
350.0,530.0,2782.9546,0.0
360.0,530.0,2735.7737,0.0
370.0,530.0,2689.163,0.0
380.0,530.0,2643.1208,0.0
390.0,530.0,2597.6477,0.0
400.0,530.0,2552.7422,0.0
410.0,530.0,2508.4038,0.0
420.0,530.0,2464.6343,0.0
430.0,530.0,2421.4307,0.0
440.0,530.0,2378.7942,0.0
450.0,530.0,2336.723,0.0
460.0,530.0,2295.2183,0.0
470.0,530.0,2254.2788,0.0
480.0,530.0,2213.9038,0.0
490.0,530.0,2174.0942,0.0
500.0,530.0,2134.8486,0.0
510.0,530.0,2096.1663,0.0
520.0,530.0,2058.048,0.0
530.0,530.0,2020.4939,0.0
540.0,530.0,1983.5012,0.0
550.0,530.0,1947.0725,0.0
560.0,530.0,1911.2054,0.0
570.0,530.0,1875.9004,0.0
580.0,530.0,1841.157,0.0
590.0,530.0,1806.9753,0.0
600.0,530.0,1773.3552,0.0
610.0,530.0,1740.295,0.0
620.0,530.0,1707.7958,0.0
630.0,530.0,1675.8566,0.0
640.0,530.0,1644.4775,0.0
650.0,530.0,1613.6587,0.0
660.0,530.0,1583.4,0.0
670.0,530.0,1553.6997,0.0
680.0,530.0,1524.5575,0.0
690.0,530.0,1495.9749,0.0
700.0,530.0,1467.9509,0.0
710.0,530.0,1440.4849,0.0
720.0,530.0,1413.5776,0.0
730.0,530.0,1387.2284,0.0
740.0,530.0,1361.436,0.0
750.0,530.0,1336.2019,0.0
760.0,530.0,1311.5251,0.0
770.0,530.0,1287.4045,0.0
780.0,530.0,1263.8418,0.0
790.0,530.0,1240.8352,0.0
800.0,530.0,1218.385,0.0
810.0,530.0,1196.4908,0.0
820.0,530.0,1175.154,0.0
830.0,530.0,1154.3729,0.0
840.0,530.0,1134.147,0.0
850.0,530.0,1114.4768,0.0
860.0,530.0,1095.3628,0.0
870.0,530.0,1076.8042,0.0
880.0,530.0,1058.8007,0.0
890.0,530.0,1041.3524,0.0
900.0,530.0,1024.458,0.0
910.0,530.0,1008.119,0.0
920.0,530.0,992.33514,0.0
930.0,530.0,977.1061,0.0
940.0,530.0,962.43097,0.0
950.0,530.0,948.3106,0.0
960.0,530.0,934.7444,0.0
970.0,530.0,921.7319,0.0
980.0,530.0,909.2737,0.0
990.0,530.0,897.369,0.0
1000.0,530.0,886.01886,0.0
1010.0,530.0,875.2219,0.0
1020.0,530.0,864.9786,0.0
1030.0,530.0,855.2893,0.0
1040.0,530.0,846.1527,0.0
1050.0,530.0,837.5698,0.0
1060.0,530.0,829.5404,0.0
1070.0,530.0,822.064,0.0
1080.0,530.0,815.1404,0.0
1090.0,530.0,808.7705,0.0
1100.0,530.0,802.95337,0.0
1110.0,530.0,797.689,0.0
1120.0,530.0,792.97766,0.0
1130.0,530.0,788.8191,0.0
1140.0,530.0,785.2136,0.0
1150.0,530.0,782.1603,0.0
1160.0,530.0,779.6598,0.0
1170.0,530.0,777.71246,0.0
1180.0,530.0,776.31665,0.0
1190.0,530.0,775.47375,0.0
1200.0,530.0,775.18365,0.0
1210.0,530.0,775.4463,0.0
1220.0,530.0,776.26074,0.0
1230.0,530.0,777.6275,0.0
1240.0,530.0,779.5467,0.0
1250.0,530.0,782.0183,0.0
1260.0,530.0,785.0419,0.0
1270.0,530.0,788.61865,0.0
1280.0,530.0,792.7466,0.0
1290.0,530.0,797.4269,0.0
1300.0,530.0,802.6595,0.0
1310.0,530.0,808.4443,0.0
1320.0,530.0,814.7816,0.0
1330.0,530.0,821.6703,0.0
1340.0,530.0,829.1117,0.0
1350.0,530.0,837.10425,0.0
1360.0,530.0,845.6503,0.0
1370.0,530.0,854.74713,0.0
1380.0,530.0,864.39703,0.0
1390.0,530.0,874.5978,0.0
1400.0,530.0,885.3513,0.0
1410.0,530.0,896.65717,0.0
1420.0,530.0,908.5143,0.0
1430.0,530.0,920.923,0.0
1440.0,530.0,933.88324,0.0
1450.0,530.0,947.3944,0.0
1460.0,530.0,961.45825,0.0
1470.0,530.0,976.0751,0.0
1480.0,530.0,991.2443,0.0
1490.0,530.0,1006.96606,0.0
1500.0,530.0,1023.2394,0.0
1510.0,530.0,1040.0642,0.0
1520.0,530.0,1057.4412,0.0
1530.0,530.0,1075.3701,0.0
1540.0,530.0,1093.8516,0.0
1550.0,530.0,1112.8848,0.0
1560.0,530.0,1132.4702,0.0
1570.0,530.0,1152.6073,0.0
1580.0,530.0,1173.2961,0.0
1590.0,530.0,1194.5376,0.0
1600.0,530.0,1216.3306,0.0
1610.0,530.0,1238.6755,0.0
1620.0,530.0,1261.5724,0.0
1630.0,530.0,1285.022,0.0
1640.0,530.0,1309.0225,0.0
1650.0,530.0,1333.5758,0.0
1660.0,530.0,1358.6807,0.0
1670.0,530.0,1384.3372,0.0
1680.0,530.0,1410.5464,0.0
1690.0,530.0,1437.3068,0.0
1700.0,530.0,1464.6193,0.0
1710.0,530.0,1492.4839,0.0
1720.0,530.0,1520.9,0.0
1730.0,530.0,1549.8679,0.0
1740.0,530.0,1579.3889,0.0
1750.0,530.0,1609.462,0.0
1760.0,530.0,1640.0862,0.0
1770.0,530.0,1671.2637,0.0
1780.0,530.0,1702.992,0.0
1790.0,530.0,1735.2725,0.0
1800.0,530.0,1768.1042,0.0
-200.0,540.0,39270.906,1.0
-190.0,540.0,39270.906,1.0
-180.0,540.0,39270.906,1.0
-170.0,540.0,39270.906,1.0
-160.0,540.0,39270.906,1.0
-150.0,540.0,39270.906,1.0
-140.0,540.0,39270.906,1.0
-130.0,540.0,39270.906,1.0
-120.0,540.0,39270.906,1.0
-110.0,540.0,39270.906,1.0
-100.0,540.0,39270.906,1.0
-90.0,540.0,39270.906,1.0
-80.0,540.0,39270.906,1.0
-70.0,540.0,39270.906,1.0
-60.0,540.0,39270.906,1.0
-50.0,540.0,39270.906,1.0
-40.0,540.0,39270.906,1.0
-30.0,540.0,39270.906,1.0
-20.0,540.0,39270.906,1.0
-10.0,540.0,39270.906,1.0
0.0,540.0,39270.906,1.0
10.0,540.0,39270.906,1.0
20.0,540.0,39270.906,1.0
30.0,540.0,39270.906,1.0
40.0,540.0,39270.906,1.0
50.0,540.0,39270.906,1.0
60.0,540.0,39270.906,1.0
70.0,540.0,39270.906,1.0
80.0,540.0,4222.706,0.0
90.0,540.0,4161.1543,0.0
100.0,540.0,4100.1777,0.0
110.0,540.0,4039.7712,0.0
120.0,540.0,3979.9363,0.0
130.0,540.0,3920.6726,0.0
140.0,540.0,3861.978,0.0
150.0,540.0,3803.8523,0.0
160.0,540.0,3746.2966,0.0
170.0,540.0,3689.309,0.0
180.0,540.0,3632.8887,0.0
190.0,540.0,3577.036,0.0
200.0,540.0,3521.749,0.0
210.0,540.0,3467.029,0.0
220.0,540.0,3412.8745,0.0
230.0,540.0,3359.2832,0.0
240.0,540.0,3306.2578,0.0
250.0,540.0,3253.796,0.0
260.0,540.0,3201.897,0.0
270.0,540.0,3150.562,0.0
280.0,540.0,3099.7886,0.0
290.0,540.0,3049.5767,0.0
300.0,540.0,2999.9263,0.0
310.0,540.0,2950.838,0.0
320.0,540.0,2902.3079,0.0
330.0,540.0,2854.3398,0.0
340.0,540.0,2806.93,0.0
350.0,540.0,2760.0796,0.0
360.0,540.0,2713.7878,0.0
370.0,540.0,2668.0547,0.0
380.0,540.0,2622.88,0.0
390.0,540.0,2578.2622,0.0
400.0,540.0,2534.201,0.0
410.0,540.0,2490.6973,0.0
420.0,540.0,2447.7495,0.0
430.0,540.0,2405.3584,0.0
440.0,540.0,2363.5215,0.0
450.0,540.0,2322.241,0.0
460.0,540.0,2281.5151,0.0
470.0,540.0,2241.3433,0.0
480.0,540.0,2201.726,0.0
490.0,540.0,2162.662,0.0
500.0,540.0,2124.152,0.0
510.0,540.0,2086.1946,0.0
520.0,540.0,2048.7905,0.0
530.0,540.0,2011.9386,0.0
540.0,540.0,1975.6389,0.0
550.0,540.0,1939.8914,0.0
560.0,540.0,1904.695,0.0
570.0,540.0,1870.0504,0.0
580.0,540.0,1835.9558,0.0
590.0,540.0,1802.4128,0.0
600.0,540.0,1769.4202,0.0
610.0,540.0,1736.978,0.0
620.0,540.0,1705.0854,0.0
630.0,540.0,1673.7437,0.0
640.0,540.0,1642.9498,0.0
650.0,540.0,1612.7053,0.0
660.0,540.0,1583.0103,0.0
670.0,540.0,1553.8635,0.0
680.0,540.0,1525.2645,0.0
690.0,540.0,1497.2151,0.0
700.0,540.0,1469.7129,0.0
710.0,540.0,1442.7585,0.0
720.0,540.0,1416.3525,0.0
730.0,540.0,1390.4932,0.0
740.0,540.0,1365.1818,0.0
750.0,540.0,1340.4166,0.0
760.0,540.0,1316.1987,0.0
770.0,540.0,1292.5275,0.0
780.0,540.0,1269.4023,0.0
790.0,540.0,1246.824,0.0
800.0,540.0,1224.7913,0.0
810.0,540.0,1203.3043,0.0
820.0,540.0,1182.3638,0.0
830.0,540.0,1161.9683,0.0
840.0,540.0,1142.118,0.0
850.0,540.0,1122.8135,0.0
860.0,540.0,1104.0547,0.0
870.0,540.0,1085.8402,0.0
880.0,540.0,1068.1709,0.0
890.0,540.0,1051.0461,0.0
900.0,540.0,1034.4658,0.0
910.0,540.0,1018.4295,0.0
920.0,540.0,1002.93896,0.0
930.0,540.0,987.9923,0.0
940.0,540.0,973.59,0.0
950.0,540.0,959.7307,0.0
960.0,540.0,946.4163,0.0
970.0,540.0,933.6455,0.0
980.0,540.0,921.4174,0.0
990.0,540.0,909.734,0.0
1000.0,540.0,898.5938,0.0
1010.0,540.0,887.99695,0.0
1020.0,540.0,877.9433,0.0
1030.0,540.0,868.43317,0.0
1040.0,540.0,859.46625,0.0
1050.0,540.0,851.0421,0.0
1060.0,540.0,843.1619,0.0
1070.0,540.0,835.8237,0.0
1080.0,540.0,829.0283,0.0
1090.0,540.0,822.7761,0.0
1100.0,540.0,817.06647,0.0
1110.0,540.0,811.8998,0.0
1120.0,540.0,807.27545,0.0
1130.0,540.0,803.19366,0.0
1140.0,540.0,799.65466,0.0
1150.0,540.0,796.6581,0.0
1160.0,540.0,794.2037,0.0
1170.0,540.0,792.292,0.0
1180.0,540.0,790.92236,0.0
1190.0,540.0,790.0947,0.0
1200.0,540.0,789.8099,0.0
1210.0,540.0,790.0675,0.0
1220.0,540.0,790.8668,0.0
1230.0,540.0,792.20795,0.0
1240.0,540.0,794.0913,0.0
1250.0,540.0,796.5172,0.0
1260.0,540.0,799.4849,0.0
1270.0,540.0,802.99475,0.0
1280.0,540.0,807.04626,0.0
1290.0,540.0,811.6399,0.0
1300.0,540.0,816.77563,0.0
1310.0,540.0,822.45306,0.0
1320.0,540.0,828.6723,0.0
1330.0,540.0,835.4335,0.0
1340.0,540.0,842.7371,0.0
1350.0,540.0,850.5819,0.0
1360.0,540.0,858.96924,0.0
1370.0,540.0,867.89795,0.0
1380.0,540.0,877.3684,0.0
1390.0,540.0,887.38086,0.0
1400.0,540.0,897.9352,0.0
1410.0,540.0,909.0311,0.0
1420.0,540.0,920.6687,0.0
1430.0,540.0,932.84814,0.0
1440.0,540.0,945.56824,0.0
1450.0,540.0,958.82983,0.0
1460.0,540.0,972.6328,0.0
1470.0,540.0,986.9779,0.0
1480.0,540.0,1001.8665,0.0
1490.0,540.0,1017.2969,0.0
1500.0,540.0,1033.2687,0.0
1510.0,540.0,1049.782,0.0
1520.0,540.0,1066.8369,0.0
1530.0,540.0,1084.4346,0.0
1540.0,540.0,1102.5725,0.0
1550.0,540.0,1121.2535,0.0
1560.0,540.0,1140.4758,0.0
1570.0,540.0,1160.2397,0.0
1580.0,540.0,1180.5457,0.0
1590.0,540.0,1201.3936,0.0
1600.0,540.0,1222.7828,0.0
1610.0,540.0,1244.7144,0.0
1620.0,540.0,1267.1873,0.0
1630.0,540.0,1290.2017,0.0
1640.0,540.0,1313.7583,0.0
1650.0,540.0,1337.8563,0.0
1660.0,540.0,1362.4958,0.0
1670.0,540.0,1387.6775,0.0
1680.0,540.0,1413.401,0.0
1690.0,540.0,1439.6663,0.0
1700.0,540.0,1466.4722,0.0
1710.0,540.0,1493.8207,0.0
1720.0,540.0,1521.7107,0.0
1730.0,540.0,1550.1421,0.0
1740.0,540.0,1579.1155,0.0
1750.0,540.0,1608.6309,0.0
1760.0,540.0,1638.6881,0.0
1770.0,540.0,1669.287,0.0
1780.0,540.0,1700.4283,0.0
1790.0,540.0,1732.1102,0.0
1800.0,540.0,1764.3344,0.0
-200.0,550.0,39270.906,1.0
-190.0,550.0,39270.906,1.0
-180.0,550.0,39270.906,1.0
-170.0,550.0,39270.906,1.0
-160.0,550.0,39270.906,1.0
-150.0,550.0,39270.906,1.0
-140.0,550.0,39270.906,1.0
-130.0,550.0,39270.906,1.0
-120.0,550.0,39270.906,1.0
-110.0,550.0,39270.906,1.0
-100.0,550.0,39270.906,1.0
-90.0,550.0,39270.906,1.0
-80.0,550.0,39270.906,1.0
-70.0,550.0,39270.906,1.0
-60.0,550.0,39270.906,1.0
-50.0,550.0,39270.906,1.0
-40.0,550.0,39270.906,1.0
-30.0,550.0,39270.906,1.0
-20.0,550.0,39270.906,1.0
-10.0,550.0,39270.906,1.0
0.0,550.0,39270.906,1.0
10.0,550.0,39270.906,1.0
20.0,550.0,39270.906,1.0
30.0,550.0,39270.906,1.0
40.0,550.0,39270.906,1.0
50.0,550.0,39270.906,1.0
60.0,550.0,39270.906,1.0
70.0,550.0,39270.906,1.0
80.0,550.0,4173.977,0.0
90.0,550.0,4113.58,0.0
100.0,550.0,4053.7454,0.0
110.0,550.0,3994.4697,0.0
120.0,550.0,3935.7559,0.0
130.0,550.0,3877.6,0.0
140.0,550.0,3820.0032,0.0
150.0,550.0,3762.9634,0.0
160.0,550.0,3706.483,0.0
170.0,550.0,3650.558,0.0
180.0,550.0,3595.19,0.0
190.0,550.0,3540.3784,0.0
200.0,550.0,3486.1223,0.0
210.0,550.0,3432.4207,0.0
220.0,550.0,3379.2747,0.0
230.0,550.0,3326.6797,0.0
240.0,550.0,3274.6406,0.0
250.0,550.0,3223.1523,0.0
260.0,550.0,3172.2188,0.0
270.0,550.0,3121.8347,0.0
280.0,550.0,3072.0042,0.0
290.0,550.0,3022.7231,0.0
300.0,550.0,2973.9937,0.0
310.0,550.0,2925.8137,0.0
320.0,550.0,2878.184,0.0
330.0,550.0,2831.1035,0.0
340.0,550.0,2784.5708,0.0
350.0,550.0,2738.5857,0.0
360.0,550.0,2693.1514,0.0
370.0,550.0,2648.2637,0.0
380.0,550.0,2603.9219,0.0
390.0,550.0,2560.1287,0.0
400.0,550.0,2516.8809,0.0
410.0,550.0,2474.179,0.0
420.0,550.0,2432.024,0.0
430.0,550.0,2390.414,0.0
440.0,550.0,2349.3486,0.0
450.0,550.0,2308.8286,0.0
460.0,550.0,2268.852,0.0
470.0,550.0,2229.421,0.0
480.0,550.0,2190.532,0.0
490.0,550.0,2152.1865,0.0
500.0,550.0,2114.3848,0.0
510.0,550.0,2077.1255,0.0
520.0,550.0,2040.4084,0.0
530.0,550.0,2004.234,0.0
540.0,550.0,1968.6006,0.0
550.0,550.0,1933.5095,0.0
560.0,550.0,1898.9592,0.0
570.0,550.0,1864.9502,0.0
580.0,550.0,1831.4817,0.0
590.0,550.0,1798.554,0.0
600.0,550.0,1766.166,0.0
610.0,550.0,1734.3182,0.0
620.0,550.0,1703.0096,0.0
630.0,550.0,1672.242,0.0
640.0,550.0,1642.0127,0.0
650.0,550.0,1612.3218,0.0
660.0,550.0,1583.1694,0.0
670.0,550.0,1554.5566,0.0
680.0,550.0,1526.4814,0.0
690.0,550.0,1498.9443,0.0
700.0,550.0,1471.9451,0.0
710.0,550.0,1445.4844,0.0
720.0,550.0,1419.5604,0.0
730.0,550.0,1394.1741,0.0
740.0,550.0,1369.3246,0.0
750.0,550.0,1345.0117,0.0
760.0,550.0,1321.2366,0.0
770.0,550.0,1297.9971,0.0
780.0,550.0,1275.2944,0.0
790.0,550.0,1253.1279,0.0
800.0,550.0,1231.4971,0.0
810.0,550.0,1210.4027,0.0
820.0,550.0,1189.8438,0.0
830.0,550.0,1169.82,0.0
840.0,550.0,1150.3324,0.0
850.0,550.0,1131.3799,0.0
860.0,550.0,1112.9626,0.0
870.0,550.0,1095.0807,0.0
880.0,550.0,1077.7329,0.0
890.0,550.0,1060.9197,0.0
900.0,550.0,1044.6411,0.0
910.0,550.0,1028.8983,0.0
920.0,550.0,1013.68945,0.0
930.0,550.0,999.01526,0.0
940.0,550.0,984.8743,0.0
950.0,550.0,971.2676,0.0
960.0,550.0,958.1953,0.0
970.0,550.0,945.65686,0.0
980.0,550.0,933.6519,0.0
990.0,550.0,922.1809,0.0
1000.0,550.0,911.2432,0.0
1010.0,550.0,900.83923,0.0
1020.0,550.0,890.96875,0.0
1030.0,550.0,881.63153,0.0
1040.0,550.0,872.8276,0.0
1050.0,550.0,864.5569,0.0
1060.0,550.0,856.8191,0.0
1070.0,550.0,849.61475,0.0
1080.0,550.0,842.94275,0.0
1090.0,550.0,836.80396,0.0
1100.0,550.0,831.19824,0.0
1110.0,550.0,826.12524,0.0
1120.0,550.0,821.5851,0.0
1130.0,550.0,817.5775,0.0
1140.0,550.0,814.1029,0.0
1150.0,550.0,811.1604,0.0
1160.0,550.0,808.75055,0.0
1170.0,550.0,806.87354,0.0
1180.0,550.0,805.5284,0.0
1190.0,550.0,804.7158,0.0
1200.0,550.0,804.436,0.0
1210.0,550.0,804.6886,0.0
1220.0,550.0,805.4728,0.0
1230.0,550.0,806.78986,0.0
1240.0,550.0,808.63934,0.0
1250.0,550.0,811.02075,0.0
1260.0,550.0,813.9341,0.0
1270.0,550.0,817.3799,0.0
1280.0,550.0,821.3579,0.0
1290.0,550.0,825.8681,0.0
1300.0,550.0,830.91,0.0
1310.0,550.0,836.4842,0.0
1320.0,550.0,842.5904,0.0
1330.0,550.0,849.2285,0.0
1340.0,550.0,856.3989,0.0
1350.0,550.0,864.10095,0.0
1360.0,550.0,872.3356,0.0
1370.0,550.0,881.1022,0.0
1380.0,550.0,890.40045,0.0
1390.0,550.0,900.23096,0.0
1400.0,550.0,910.593,0.0
1410.0,550.0,921.4873,0.0
1420.0,550.0,932.91284,0.0
1430.0,550.0,944.8712,0.0
1440.0,550.0,957.3607,0.0
1450.0,550.0,970.3809,0.0
1460.0,550.0,983.93304,0.0
1470.0,550.0,998.01666,0.0
1480.0,550.0,1012.6338,0.0
1490.0,550.0,1027.7832,0.0
1500.0,550.0,1043.4647,0.0
1510.0,550.0,1059.6779,0.0
1520.0,550.0,1076.4226,0.0
1530.0,550.0,1093.6996,0.0
1540.0,550.0,1111.5088,0.0
1550.0,550.0,1129.8497,0.0
1560.0,550.0,1148.7222,0.0
1570.0,550.0,1168.1273,0.0
1580.0,550.0,1188.0637,0.0
1590.0,550.0,1208.532,0.0
1600.0,550.0,1229.5327,0.0
1610.0,550.0,1251.0651,0.0
1620.0,550.0,1273.1292,0.0
1630.0,550.0,1295.7249,0.0
1640.0,550.0,1318.8525,0.0
1650.0,550.0,1342.513,0.0
1660.0,550.0,1366.7046,0.0
1670.0,550.0,1391.4277,0.0
1680.0,550.0,1416.6833,0.0
1690.0,550.0,1442.4707,0.0
1700.0,550.0,1468.7898,0.0
1710.0,550.0,1495.6416,0.0
1720.0,550.0,1523.0232,0.0
1730.0,550.0,1550.9369,0.0
1740.0,550.0,1579.383,0.0
1750.0,550.0,1608.3617,0.0
1760.0,550.0,1637.8723,0.0
1770.0,550.0,1667.914,0.0
1780.0,550.0,1698.4884,0.0
1790.0,550.0,1729.5953,0.0
1800.0,550.0,1761.2324,0.0
-200.0,560.0,39270.906,1.0
-190.0,560.0,39270.906,1.0
-180.0,560.0,39270.906,1.0
-170.0,560.0,39270.906,1.0
-160.0,560.0,39270.906,1.0
-150.0,560.0,39270.906,1.0
-140.0,560.0,39270.906,1.0
-130.0,560.0,39270.906,1.0
-120.0,560.0,39270.906,1.0
-110.0,560.0,39270.906,1.0
-100.0,560.0,39270.906,1.0
-90.0,560.0,39270.906,1.0
-80.0,560.0,39270.906,1.0
-70.0,560.0,39270.906,1.0
-60.0,560.0,39270.906,1.0
-50.0,560.0,39270.906,1.0
-40.0,560.0,39270.906,1.0
-30.0,560.0,39270.906,1.0
-20.0,560.0,39270.906,1.0
-10.0,560.0,39270.906,1.0
0.0,560.0,39270.906,1.0
10.0,560.0,39270.906,1.0
20.0,560.0,39270.906,1.0
30.0,560.0,39270.906,1.0
40.0,560.0,39270.906,1.0
50.0,560.0,39270.906,1.0
60.0,560.0,39270.906,1.0
70.0,560.0,39270.906,1.0
80.0,560.0,39270.906,1.0
90.0,560.0,4068.2764,0.0
100.0,560.0,4009.541,0.0
110.0,560.0,3951.355,0.0
120.0,560.0,3893.7185,0.0
130.0,560.0,3836.6294,0.0
140.0,560.0,3780.0898,0.0
150.0,560.0,3724.0952,0.0
160.0,560.0,3668.6487,0.0
170.0,560.0,3613.749,0.0
180.0,560.0,3559.3958,0.0
190.0,560.0,3505.585,0.0
200.0,560.0,3452.321,0.0
210.0,560.0,3399.6008,0.0
220.0,560.0,3347.4243,0.0
230.0,560.0,3295.7905,0.0
240.0,560.0,3244.6997,0.0
250.0,560.0,3194.1519,0.0
260.0,560.0,3144.1455,0.0
270.0,560.0,3094.6812,0.0
280.0,560.0,3045.7573,0.0
290.0,560.0,2997.3728,0.0
300.0,560.0,2949.5298,0.0
310.0,560.0,2902.226,0.0
320.0,560.0,2855.4614,0.0
330.0,560.0,2809.2358,0.0
340.0,560.0,2763.548,0.0
350.0,560.0,2718.3994,0.0
360.0,560.0,2673.7886,0.0
370.0,560.0,2629.7153,0.0
380.0,560.0,2586.1782,0.0
390.0,560.0,2543.1787,0.0
400.0,560.0,2500.7144,0.0
410.0,560.0,2458.7861,0.0
420.0,560.0,2417.3938,0.0
430.0,560.0,2376.5366,0.0
440.0,560.0,2336.2148,0.0
450.0,560.0,2296.4263,0.0
460.0,560.0,2257.1738,0.0
470.0,560.0,2218.454,0.0
480.0,560.0,2180.268,0.0
490.0,560.0,2142.6162,0.0
500.0,560.0,2105.496,0.0
510.0,560.0,2068.91,0.0
520.0,560.0,2032.8551,0.0
530.0,560.0,1997.333,0.0
540.0,560.0,1962.3427,0.0
550.0,560.0,1927.8838,0.0
560.0,560.0,1893.9565,0.0
570.0,560.0,1860.5598,0.0
580.0,560.0,1827.6938,0.0
590.0,560.0,1795.3591,0.0
600.0,560.0,1763.554,0.0
610.0,560.0,1732.2798,0.0
620.0,560.0,1701.5344,0.0
630.0,560.0,1671.3196,0.0
640.0,560.0,1641.634,0.0
650.0,560.0,1612.4763,0.0
660.0,560.0,1583.8492,0.0
670.0,560.0,1555.7494,0.0
680.0,560.0,1528.1787,0.0
690.0,560.0,1501.1365,0.0
700.0,560.0,1474.6228,0.0
710.0,560.0,1448.636,0.0
720.0,560.0,1423.178,0.0
730.0,560.0,1398.2468,0.0
740.0,560.0,1373.8433,0.0
750.0,560.0,1349.9667,0.0
760.0,560.0,1326.6174,0.0
770.0,560.0,1303.7954,0.0
780.0,560.0,1281.4994,0.0
790.0,560.0,1259.7302,0.0
800.0,560.0,1238.487,0.0
810.0,560.0,1217.7708,0.0
820.0,560.0,1197.5796,0.0
830.0,560.0,1177.9148,0.0
840.0,560.0,1158.7759,0.0
850.0,560.0,1140.1631,0.0
860.0,560.0,1122.0756,0.0
870.0,560.0,1104.5137,0.0
880.0,560.0,1087.4763,0.0
890.0,560.0,1070.9637,0.0
900.0,560.0,1054.9772,0.0
910.0,560.0,1039.5155,0.0
920.0,560.0,1024.5791,0.0
930.0,560.0,1010.1665,0.0
940.0,560.0,996.27844,0.0
950.0,560.0,982.916,0.0
960.0,560.0,970.0766,0.0
970.0,560.0,957.76245,0.0
980.0,560.0,945.97186,0.0
990.0,560.0,934.70544,0.0
1000.0,560.0,923.9633,0.0
1010.0,560.0,913.74506,0.0
1020.0,560.0,904.0513,0.0
1030.0,560.0,894.8805,0.0
1040.0,560.0,886.2342,0.0
1050.0,560.0,878.11115,0.0
1060.0,560.0,870.5115,0.0
1070.0,560.0,863.4354,0.0
1080.0,560.0,856.8828,0.0
1090.0,560.0,850.8533,0.0
1100.0,560.0,845.34766,0.0
1110.0,560.0,840.3653,0.0
1120.0,560.0,835.9061,0.0
1130.0,560.0,831.97003,0.0
1140.0,560.0,828.5569,0.0
1150.0,560.0,825.6671,0.0
1160.0,560.0,823.2999,0.0
1170.0,560.0,821.45654,0.0
1180.0,560.0,820.1351,0.0
1190.0,560.0,819.33704,0.0
1200.0,560.0,819.062,0.0
1210.0,560.0,819.3103,0.0
1220.0,560.0,820.0805,0.0
1230.0,560.0,821.3739,0.0
1240.0,560.0,823.1898,0.0
1250.0,560.0,825.52844,0.0
1260.0,560.0,828.39,0.0
1270.0,560.0,831.7741,0.0
1280.0,560.0,835.68097,0.0
1290.0,560.0,840.1101,0.0
1300.0,560.0,845.062,0.0
1310.0,560.0,850.5367,0.0
1320.0,560.0,856.5334,0.0
1330.0,560.0,863.0531,0.0
1340.0,560.0,870.0952,0.0
1350.0,560.0,877.6599,0.0
1360.0,560.0,885.74744,0.0
1370.0,560.0,894.35706,0.0
1380.0,560.0,903.4895,0.0
1390.0,560.0,913.1438,0.0
1400.0,560.0,923.3208,0.0
1410.0,560.0,934.02045,0.0
1420.0,560.0,945.24243,0.0
1430.0,560.0,956.9867,0.0
1440.0,560.0,969.25305,0.0
1450.0,560.0,982.04126,0.0
1460.0,560.0,995.3513,0.0
1470.0,560.0,1009.1836,0.0
1480.0,560.0,1023.53827,0.0
1490.0,560.0,1038.4177,0.0
1500.0,560.0,1053.8188,0.0
1510.0,560.0,1069.7427,0.0
1520.0,560.0,1086.1887,0.0
1530.0,560.0,1103.1565,0.0
1540.0,560.0,1120.6475,0.0
1550.0,560.0,1138.6604,0.0
1560.0,560.0,1157.1962,0.0
1570.0,560.0,1176.2545,0.0
1580.0,560.0,1195.835,0.0
1590.0,560.0,1215.9381,0.0
1600.0,560.0,1236.5635,0.0
1610.0,560.0,1257.7108,0.0
1620.0,560.0,1279.3813,0.0
1630.0,560.0,1301.5731,0.0
1640.0,560.0,1324.2878,0.0
1650.0,560.0,1347.5245,0.0
1660.0,560.0,1371.2848,0.0
1670.0,560.0,1395.5665,0.0
1680.0,560.0,1420.371,0.0
1690.0,560.0,1445.697,0.0
1700.0,560.0,1471.5464,0.0
1710.0,560.0,1497.9172,0.0
1720.0,560.0,1524.8109,0.0
1730.0,560.0,1552.2266,0.0
1740.0,560.0,1580.1643,0.0
1750.0,560.0,1608.6248,0.0
1760.0,560.0,1637.6072,0.0
1770.0,560.0,1667.1125,0.0
1780.0,560.0,1697.1409,0.0
1790.0,560.0,1727.6914,0.0
1800.0,560.0,1758.7637,0.0
-200.0,570.0,39270.906,1.0
-190.0,570.0,39270.906,1.0
-180.0,570.0,39270.906,1.0
-170.0,570.0,39270.906,1.0
-160.0,570.0,39270.906,1.0
-150.0,570.0,39270.906,1.0
-140.0,570.0,39270.906,1.0
-130.0,570.0,39270.906,1.0
-120.0,570.0,39270.906,1.0
-110.0,570.0,39270.906,1.0
-100.0,570.0,39270.906,1.0
-90.0,570.0,39270.906,1.0
-80.0,570.0,39270.906,1.0
-70.0,570.0,39270.906,1.0
-60.0,570.0,39270.906,1.0
-50.0,570.0,39270.906,1.0
-40.0,570.0,39270.906,1.0
-30.0,570.0,39270.906,1.0
-20.0,570.0,39270.906,1.0
-10.0,570.0,39270.906,1.0
0.0,570.0,39270.906,1.0
10.0,570.0,39270.906,1.0
20.0,570.0,39270.906,1.0
30.0,570.0,39270.906,1.0
40.0,570.0,39270.906,1.0
50.0,570.0,39270.906,1.0
60.0,570.0,39270.906,1.0
70.0,570.0,39270.906,1.0
80.0,570.0,39270.906,1.0
90.0,570.0,4025.1199,0.0
100.0,570.0,3967.4434,0.0
110.0,570.0,3910.3076,0.0
120.0,570.0,3853.7095,0.0
130.0,570.0,3797.649,0.0
140.0,570.0,3742.126,0.0
150.0,570.0,3687.14,0.0
160.0,570.0,3632.6914,0.0
170.0,570.0,3578.7773,0.0
180.0,570.0,3525.4001,0.0
190.0,570.0,3472.556,0.0
200.0,570.0,3420.2488,0.0
210.0,570.0,3368.4739,0.0
220.0,570.0,3317.233,0.0
230.0,570.0,3266.5244,0.0
240.0,570.0,3216.3489,0.0
250.0,570.0,3166.7048,0.0
260.0,570.0,3117.5938,0.0
270.0,570.0,3069.0127,0.0
280.0,570.0,3020.9631,0.0
290.0,570.0,2973.4446,0.0
300.0,570.0,2926.4556,0.0
310.0,570.0,2879.997,0.0
320.0,570.0,2834.0667,0.0
330.0,570.0,2788.6665,0.0
340.0,570.0,2743.7935,0.0
350.0,570.0,2699.4487,0.0
360.0,570.0,2655.6335,0.0
370.0,570.0,2612.3455,0.0
380.0,570.0,2569.5835,0.0
390.0,570.0,2527.3486,0.0
400.0,570.0,2485.6401,0.0
410.0,570.0,2444.4583,0.0
420.0,570.0,2403.8013,0.0
430.0,570.0,2363.6704,0.0
440.0,570.0,2324.065,0.0
450.0,570.0,2284.9834,0.0
460.0,570.0,2246.4275,0.0
470.0,570.0,2208.395,0.0
480.0,570.0,2170.8867,0.0
490.0,570.0,2133.9016,0.0
500.0,570.0,2097.4404,0.0
510.0,570.0,2061.502,0.0
520.0,570.0,2026.0863,0.0
530.0,570.0,1991.193,0.0
540.0,570.0,1956.8223,0.0
550.0,570.0,1922.9735,0.0
560.0,570.0,1889.647,0.0
570.0,570.0,1856.8412,0.0
580.0,570.0,1824.5569,0.0
590.0,570.0,1792.7932,0.0
600.0,570.0,1761.5514,0.0
610.0,570.0,1730.8298,0.0
620.0,570.0,1700.6279,0.0
630.0,570.0,1670.9468,0.0
640.0,570.0,1641.7844,0.0
650.0,570.0,1613.1426,0.0
660.0,570.0,1585.02,0.0
670.0,570.0,1557.4164,0.0
680.0,570.0,1530.3318,0.0
690.0,570.0,1503.7676,0.0
700.0,570.0,1477.7211,0.0
710.0,570.0,1452.1927,0.0
720.0,570.0,1427.1836,0.0
730.0,570.0,1402.6918,0.0
740.0,570.0,1378.718,0.0
750.0,570.0,1355.2622,0.0
760.0,570.0,1332.3247,0.0
770.0,570.0,1309.9043,0.0
780.0,570.0,1288.001,0.0
790.0,570.0,1266.6154,0.0
800.0,570.0,1245.7456,0.0
810.0,570.0,1225.3937,0.0
820.0,570.0,1205.5579,0.0
830.0,570.0,1186.2395,0.0
840.0,570.0,1167.4374,0.0
850.0,570.0,1149.1519,0.0
860.0,570.0,1131.3821,0.0
870.0,570.0,1114.1289,0.0
880.0,570.0,1097.3909,0.0
890.0,570.0,1081.1697,0.0
900.0,570.0,1065.4637,0.0
910.0,570.0,1050.2743,0.0
920.0,570.0,1035.5994,0.0
930.0,570.0,1021.44006,0.0
940.0,570.0,1007.7963,0.0
950.0,570.0,994.66797,0.0
960.0,570.0,982.0547,0.0
970.0,570.0,969.95654,0.0
980.0,570.0,958.37286,0.0
990.0,570.0,947.3046,0.0
1000.0,570.0,936.75085,0.0
1010.0,570.0,926.71216,0.0
1020.0,570.0,917.18787,0.0
1030.0,570.0,908.17847,0.0
1040.0,570.0,899.6835,0.0
1050.0,570.0,891.7031,0.0
1060.0,570.0,884.23645,0.0
1070.0,570.0,877.28436,0.0
1080.0,570.0,870.84644,0.0
1090.0,570.0,864.9237,0.0
1100.0,570.0,859.51404,0.0
1110.0,570.0,854.61896,0.0
1120.0,570.0,850.2373,0.0
1130.0,570.0,846.3706,0.0
1140.0,570.0,843.0172,0.0
1150.0,570.0,840.1779,0.0
1160.0,570.0,837.85254,0.0
1170.0,570.0,836.04065,0.0
1180.0,570.0,834.7428,0.0
1190.0,570.0,833.95844,0.0
1200.0,570.0,833.688,0.0
1210.0,570.0,833.93164,0.0
1220.0,570.0,834.6884,0.0
1230.0,570.0,835.95844,0.0
1240.0,570.0,837.7428,0.0
1250.0,570.0,840.04034,0.0
1260.0,570.0,842.85114,0.0
1270.0,570.0,846.1759,0.0
1280.0,570.0,850.01416,0.0
1290.0,570.0,854.3657,0.0
1300.0,570.0,859.2307,0.0
1310.0,570.0,864.6089,0.0
1320.0,570.0,870.5008,0.0
1330.0,570.0,876.90576,0.0
1340.0,570.0,883.82367,0.0
1350.0,570.0,891.2557,0.0
1360.0,570.0,899.20105,0.0
1370.0,570.0,907.66003,0.0
1380.0,570.0,916.6317,0.0
1390.0,570.0,926.11707,0.0
1400.0,570.0,936.11536,0.0
1410.0,570.0,946.62695,0.0
1420.0,570.0,957.6524,0.0
1430.0,570.0,969.1904,0.0
1440.0,570.0,981.24146,0.0
1450.0,570.0,993.8059,0.0
1460.0,570.0,1006.88245,0.0
1470.0,570.0,1020.47174,0.0
1480.0,570.0,1034.5747,0.0
1490.0,570.0,1049.1914,0.0
1500.0,570.0,1064.3232,0.0
1510.0,570.0,1079.9673,0.0
1520.0,570.0,1096.1248,0.0
1530.0,570.0,1112.7952,0.0
1540.0,570.0,1129.9785,0.0
1550.0,570.0,1147.676,0.0
1560.0,570.0,1165.8857,0.0
1570.0,570.0,1184.6099,0.0
1580.0,570.0,1203.8463,0.0
1590.0,570.0,1223.5966,0.0
1600.0,570.0,1243.8604,0.0
1610.0,570.0,1264.6364,0.0
1620.0,570.0,1285.9265,0.0
1630.0,570.0,1307.7292,0.0
1640.0,570.0,1330.0452,0.0
1650.0,570.0,1352.8739,0.0
1660.0,570.0,1376.217,0.0
1670.0,570.0,1400.0732,0.0
1680.0,570.0,1424.4419,0.0
1690.0,570.0,1449.3235,0.0
1700.0,570.0,1474.7184,0.0
1710.0,570.0,1500.627,0.0
1720.0,570.0,1527.0488,0.0
1730.0,570.0,1553.9836,0.0
1740.0,570.0,1581.4314,0.0
1750.0,570.0,1609.3915,0.0
1760.0,570.0,1637.8652,0.0
1770.0,570.0,1666.852,0.0
1780.0,570.0,1696.352,0.0
1790.0,570.0,1726.3673,0.0
1800.0,570.0,1756.8944,0.0
-200.0,580.0,39270.906,1.0
-190.0,580.0,39270.906,1.0
-180.0,580.0,39270.906,1.0
-170.0,580.0,39270.906,1.0
-160.0,580.0,39270.906,1.0
-150.0,580.0,39270.906,1.0
-140.0,580.0,39270.906,1.0
-130.0,580.0,39270.906,1.0
-120.0,580.0,39270.906,1.0
-110.0,580.0,39270.906,1.0
-100.0,580.0,39270.906,1.0
-90.0,580.0,39270.906,1.0
-80.0,580.0,39270.906,1.0
-70.0,580.0,39270.906,1.0
-60.0,580.0,39270.906,1.0
-50.0,580.0,39270.906,1.0
-40.0,580.0,39270.906,1.0
-30.0,580.0,39270.906,1.0
-20.0,580.0,39270.906,1.0
-10.0,580.0,39270.906,1.0
0.0,580.0,39270.906,1.0
10.0,580.0,39270.906,1.0
20.0,580.0,39270.906,1.0
30.0,580.0,39270.906,1.0
40.0,580.0,39270.906,1.0
50.0,580.0,39270.906,1.0
60.0,580.0,39270.906,1.0
70.0,580.0,39270.906,1.0
80.0,580.0,39270.906,1.0
90.0,580.0,39270.906,1.0
100.0,580.0,3927.3425,0.0
110.0,580.0,3871.2173,0.0
120.0,580.0,3815.6206,0.0
130.0,580.0,3760.5527,0.0
140.0,580.0,3706.011,0.0
150.0,580.0,3651.997,0.0
160.0,580.0,3598.5088,0.0
170.0,580.0,3545.5466,0.0
180.0,580.0,3493.1113,0.0
190.0,580.0,3441.1992,0.0
200.0,580.0,3389.812,0.0
210.0,580.0,3338.9502,0.0
220.0,580.0,3288.6106,0.0
230.0,580.0,3238.7944,0.0
240.0,580.0,3189.5015,0.0
250.0,580.0,3140.7295,0.0
260.0,580.0,3092.4824,0.0
270.0,580.0,3044.755,0.0
280.0,580.0,2997.5488,0.0
290.0,580.0,2950.8643,0.0
300.0,580.0,2904.6997,0.0
310.0,580.0,2859.0552,0.0
320.0,580.0,2813.9304,0.0
330.0,580.0,2769.3252,0.0
340.0,580.0,2725.2393,0.0
350.0,580.0,2681.6716,0.0
360.0,580.0,2638.622,0.0
370.0,580.0,2596.0913,0.0
380.0,580.0,2554.077,0.0
390.0,580.0,2512.58,0.0
400.0,580.0,2471.6008,0.0
410.0,580.0,2431.138,0.0
420.0,580.0,2391.1914,0.0
430.0,580.0,2351.7612,0.0
440.0,580.0,2312.8462,0.0
450.0,580.0,2274.447,0.0
460.0,580.0,2236.563,0.0
470.0,580.0,2199.194,0.0
480.0,580.0,2162.3394,0.0
490.0,580.0,2125.999,0.0
500.0,580.0,2090.1733,0.0
510.0,580.0,2054.8604,0.0
520.0,580.0,2020.0614,0.0
530.0,580.0,1985.7749,0.0
540.0,580.0,1952.002,0.0
550.0,580.0,1918.742,0.0
560.0,580.0,1885.9946,0.0
570.0,580.0,1853.7598,0.0
580.0,580.0,1822.0356,0.0
590.0,580.0,1790.8251,0.0
600.0,580.0,1760.1252,0.0
610.0,580.0,1729.9375,0.0
620.0,580.0,1700.26,0.0
630.0,580.0,1671.0939,0.0
640.0,580.0,1642.4374,0.0
650.0,580.0,1614.292,0.0
660.0,580.0,1586.6576,0.0
670.0,580.0,1559.5332,0.0
680.0,580.0,1532.9182,0.0
690.0,580.0,1506.8137,0.0
700.0,580.0,1481.2186,0.0
710.0,580.0,1456.133,0.0
720.0,580.0,1431.5566,0.0
730.0,580.0,1407.4893,0.0
740.0,580.0,1383.9308,0.0
750.0,580.0,1360.8809,0.0
760.0,580.0,1338.34,0.0
770.0,580.0,1316.3076,0.0
780.0,580.0,1294.7836,0.0
790.0,580.0,1273.768,0.0
800.0,580.0,1253.2593,0.0
810.0,580.0,1233.259,0.0
820.0,580.0,1213.7666,0.0
830.0,580.0,1194.782,0.0
840.0,580.0,1176.3054,0.0
850.0,580.0,1158.3357,0.0
860.0,580.0,1140.8735,0.0
870.0,580.0,1123.917,0.0
880.0,580.0,1107.4684,0.0
890.0,580.0,1091.5273,0.0
900.0,580.0,1076.0928,0.0
910.0,580.0,1061.166,0.0
920.0,580.0,1046.7443,0.0
930.0,580.0,1032.8297,0.0
940.0,580.0,1019.4213,0.0
950.0,580.0,1006.51965,0.0
960.0,580.0,994.1239,0.0
970.0,580.0,982.23425,0.0
980.0,580.0,970.85095,0.0
990.0,580.0,959.97327,0.0
1000.0,580.0,949.60156,0.0
1010.0,580.0,939.73615,0.0
1020.0,580.0,930.3762,0.0
1030.0,580.0,921.5221,0.0
1040.0,580.0,913.17334,0.0
1050.0,580.0,905.3307,0.0
1060.0,580.0,897.99304,0.0
1070.0,580.0,891.16077,0.0
1080.0,580.0,884.83386,0.0
1090.0,580.0,879.0122,0.0
1100.0,580.0,873.6963,0.0
1110.0,580.0,868.88525,0.0
1120.0,580.0,864.5795,0.0
1130.0,580.0,860.779,0.0
1140.0,580.0,857.4835,0.0
1150.0,580.0,854.69324,0.0
1160.0,580.0,852.40753,0.0
1170.0,580.0,850.6268,0.0
1180.0,580.0,849.35095,0.0
1190.0,580.0,848.5801,0.0
1200.0,580.0,848.31433,0.0
1210.0,580.0,848.55334,0.0
1220.0,580.0,849.2969,0.0
1230.0,580.0,850.5454,0.0
1240.0,580.0,852.2981,0.0
1250.0,580.0,854.5563,0.0
1260.0,580.0,857.3186,0.0
1270.0,580.0,860.58606,0.0
1280.0,580.0,864.3575,0.0
1290.0,580.0,868.6341,0.0
1300.0,580.0,873.4147,0.0
1310.0,580.0,878.70056,0.0
1320.0,580.0,884.4906,0.0
1330.0,580.0,890.78503,0.0
1340.0,580.0,897.584,0.0
1350.0,580.0,904.88745,0.0
1360.0,580.0,912.69586,0.0
1370.0,580.0,921.0083,0.0
1380.0,580.0,929.8253,0.0
1390.0,580.0,939.1469,0.0
1400.0,580.0,948.97327,0.0
1410.0,580.0,959.30347,0.0
1420.0,580.0,970.1386,0.0
1430.0,580.0,981.4774,0.0
1440.0,580.0,993.32117,0.0
1450.0,580.0,1005.6684,0.0
1460.0,580.0,1018.52,0.0
1470.0,580.0,1031.8751,0.0
1480.0,580.0,1045.7343,0.0
1490.0,580.0,1060.0983,0.0
1500.0,580.0,1074.9695,0.0
1510.0,580.0,1090.3433,0.0
1520.0,580.0,1106.2224,0.0
1530.0,580.0,1122.6055,0.0
1540.0,580.0,1139.4921,0.0
1550.0,580.0,1156.8843,0.0
1560.0,580.0,1174.7803,0.0
1570.0,580.0,1193.1812,0.0
1580.0,580.0,1212.0864,0.0
1590.0,580.0,1231.4958,0.0
1600.0,580.0,1251.41,0.0
1610.0,580.0,1271.8275,0.0
1620.0,580.0,1292.75,0.0
1630.0,580.0,1314.1765,0.0
1640.0,580.0,1336.1084,0.0
1650.0,580.0,1358.5433,0.0
1660.0,580.0,1381.4839,0.0
1670.0,580.0,1404.9277,0.0
1680.0,580.0,1428.8765,0.0
1690.0,580.0,1453.3293,0.0
1700.0,580.0,1478.2856,0.0
1710.0,580.0,1503.7478,0.0
1720.0,580.0,1529.713,0.0
1730.0,580.0,1556.1841,0.0
1740.0,580.0,1583.1581,0.0
1750.0,580.0,1610.6365,0.0
1760.0,580.0,1638.6184,0.0
1770.0,580.0,1667.1055,0.0
1780.0,580.0,1696.0968,0.0
1790.0,580.0,1725.5933,0.0
1800.0,580.0,1755.594,0.0
-200.0,590.0,39270.906,1.0
-190.0,590.0,39270.906,1.0
-180.0,590.0,39270.906,1.0
-170.0,590.0,39270.906,1.0
-160.0,590.0,39270.906,1.0
-150.0,590.0,39270.906,1.0
-140.0,590.0,39270.906,1.0
-130.0,590.0,39270.906,1.0
-120.0,590.0,39270.906,1.0
-110.0,590.0,39270.906,1.0
-100.0,590.0,39270.906,1.0
-90.0,590.0,39270.906,1.0
-80.0,590.0,39270.906,1.0
-70.0,590.0,39270.906,1.0
-60.0,590.0,39270.906,1.0
-50.0,590.0,39270.906,1.0
-40.0,590.0,39270.906,1.0
-30.0,590.0,39270.906,1.0
-20.0,590.0,39270.906,1.0
-10.0,590.0,39270.906,1.0
0.0,590.0,39270.906,1.0
10.0,590.0,39270.906,1.0
20.0,590.0,39270.906,1.0
30.0,590.0,39270.906,1.0
40.0,590.0,39270.906,1.0
50.0,590.0,39270.906,1.0
60.0,590.0,39270.906,1.0
70.0,590.0,39270.906,1.0
80.0,590.0,39270.906,1.0
90.0,590.0,39270.906,1.0
100.0,590.0,3889.1318,0.0
110.0,590.0,3833.9834,0.0
120.0,590.0,3779.3525,0.0
130.0,590.0,3725.242,0.0
140.0,590.0,3671.6475,0.0
150.0,590.0,3618.569,0.0
160.0,590.0,3566.0093,0.0
170.0,590.0,3513.9653,0.0
180.0,590.0,3462.4375,0.0
190.0,590.0,3411.4248,0.0
200.0,590.0,3360.9287,0.0
210.0,590.0,3310.9453,0.0
220.0,590.0,3261.4766,0.0
230.0,590.0,3212.521,0.0
240.0,590.0,3164.0798,0.0
250.0,590.0,3116.152,0.0
260.0,590.0,3068.7358,0.0
270.0,590.0,3021.833,0.0
280.0,590.0,2975.441,0.0
290.0,590.0,2929.5613,0.0
300.0,590.0,2884.1926,0.0
310.0,590.0,2839.335,0.0
320.0,590.0,2794.9868,0.0
330.0,590.0,2751.15,0.0
340.0,590.0,2707.8218,0.0
350.0,590.0,2665.0034,0.0
360.0,590.0,2622.6948,0.0
370.0,590.0,2580.8938,0.0
380.0,590.0,2539.6023,0.0
390.0,590.0,2498.8193,0.0
400.0,590.0,2458.5427,0.0
410.0,590.0,2418.7744,0.0
420.0,590.0,2379.5137,0.0
430.0,590.0,2340.7603,0.0
440.0,590.0,2302.5132,0.0
450.0,590.0,2264.7715,0.0
460.0,590.0,2227.5366,0.0
470.0,590.0,2190.8074,0.0
480.0,590.0,2154.5845,0.0
490.0,590.0,2118.8662,0.0
500.0,590.0,2083.6526,0.0
510.0,590.0,2048.9448,0.0
520.0,590.0,2014.7407,0.0
530.0,590.0,1981.0417,0.0
540.0,590.0,1947.8456,0.0
550.0,590.0,1915.154,0.0
560.0,590.0,1882.9666,0.0
570.0,590.0,1851.2822,0.0
580.0,590.0,1820.1006,0.0
590.0,590.0,1789.4229,0.0
600.0,590.0,1759.2468,0.0
610.0,590.0,1729.5739,0.0
620.0,590.0,1700.4025,0.0
630.0,590.0,1671.7341,0.0
640.0,590.0,1643.5665,0.0
650.0,590.0,1615.9009,0.0
660.0,590.0,1588.7372,0.0
670.0,590.0,1562.0754,0.0
680.0,590.0,1535.9148,0.0
690.0,590.0,1510.2546,0.0
700.0,590.0,1485.0955,0.0
710.0,590.0,1460.4368,0.0
720.0,590.0,1436.2789,0.0
730.0,590.0,1412.6211,0.0
740.0,590.0,1389.4641,0.0
750.0,590.0,1366.8066,0.0
760.0,590.0,1344.649,0.0
770.0,590.0,1322.9911,0.0
780.0,590.0,1301.8331,0.0
790.0,590.0,1281.1743,0.0
800.0,590.0,1261.0151,0.0
810.0,590.0,1241.3545,0.0
820.0,590.0,1222.1932,0.0
830.0,590.0,1203.5319,0.0
840.0,590.0,1185.3691,0.0
850.0,590.0,1167.7043,0.0
860.0,590.0,1150.5381,0.0
870.0,590.0,1133.8706,0.0
880.0,590.0,1117.7012,0.0
890.0,590.0,1102.031,0.0
900.0,590.0,1086.8586,0.0
910.0,590.0,1072.1841,0.0
920.0,590.0,1058.0076,0.0
930.0,590.0,1044.3295,0.0
940.0,590.0,1031.1486,0.0
950.0,590.0,1018.4656,0.0
960.0,590.0,1006.2804,0.0
970.0,590.0,994.5922,0.0
980.0,590.0,983.4021,0.0
990.0,590.0,972.7086,0.0
1000.0,590.0,962.51337,0.0
1010.0,590.0,952.8147,0.0
1020.0,590.0,943.6132,0.0
1030.0,590.0,934.90894,0.0
1040.0,590.0,926.7024,0.0
1050.0,590.0,918.9923,0.0
1060.0,590.0,911.77856,0.0
1070.0,590.0,905.0624,0.0
1080.0,590.0,898.8428,0.0
1090.0,590.0,893.11975,0.0
1100.0,590.0,887.89374,0.0
1110.0,590.0,883.1641,0.0
1120.0,590.0,878.9313,0.0
1130.0,590.0,875.1952,0.0
1140.0,590.0,871.9552,0.0
1150.0,590.0,869.21185,0.0
1160.0,590.0,866.965,0.0
1170.0,590.0,865.2143,0.0
1180.0,590.0,863.95996,0.0
1190.0,590.0,863.20154,0.0
1200.0,590.0,862.94037,0.0
1210.0,590.0,863.1753,0.0
1220.0,590.0,863.9064,0.0
1230.0,590.0,865.13354,0.0
1240.0,590.0,866.8562,0.0
1250.0,590.0,869.0758,0.0
1260.0,590.0,871.79126,0.0
1270.0,590.0,875.0029,0.0
1280.0,590.0,878.71094,0.0
1290.0,590.0,882.9147,0.0
1300.0,590.0,887.6141,0.0
1310.0,590.0,892.8099,0.0
1320.0,590.0,898.5016,0.0
1330.0,590.0,904.6897,0.0
1340.0,590.0,911.3729,0.0
1350.0,590.0,918.55237,0.0
1360.0,590.0,926.2285,0.0
1370.0,590.0,934.40027,0.0
1380.0,590.0,943.06775,0.0
1390.0,590.0,952.23126,0.0
1400.0,590.0,961.8905,0.0
1410.0,590.0,972.04553,0.0
1420.0,590.0,982.697,0.0
1430.0,590.0,993.8439,0.0
1440.0,590.0,1005.48663,0.0
1450.0,590.0,1017.6246,0.0
1460.0,590.0,1030.2585,0.0
1470.0,590.0,1043.3875,0.0
1480.0,590.0,1057.0121,0.0
1490.0,590.0,1071.1324,0.0
1500.0,590.0,1085.7498,0.0
1510.0,590.0,1100.8638,0.0
1520.0,590.0,1116.4734,0.0
1530.0,590.0,1132.5786,0.0
1540.0,590.0,1149.1793,0.0
1550.0,590.0,1166.2761,0.0
1560.0,590.0,1183.8691,0.0
1570.0,590.0,1201.9578,0.0
1580.0,590.0,1220.5421,0.0
1590.0,590.0,1239.6223,0.0
1600.0,590.0,1259.1987,0.0
1610.0,590.0,1279.2712,0.0
1620.0,590.0,1299.8384,0.0
1630.0,590.0,1320.9021,0.0
1640.0,590.0,1342.461,0.0
1650.0,590.0,1364.5161,0.0
1660.0,590.0,1387.0669,0.0
1670.0,590.0,1410.1141,0.0
1680.0,590.0,1433.6565,0.0
1690.0,590.0,1457.6945,0.0
1700.0,590.0,1482.2281,0.0
1710.0,590.0,1507.2583,0.0
1720.0,590.0,1532.7837,0.0
1730.0,590.0,1558.8053,0.0
1740.0,590.0,1585.322,0.0
1750.0,590.0,1612.3347,0.0
1760.0,590.0,1639.8428,0.0
1770.0,590.0,1667.8458,0.0
1780.0,590.0,1696.3456,0.0
1790.0,590.0,1725.3414,0.0
1800.0,590.0,1754.8325,0.0
-200.0,600.0,39270.906,1.0
-190.0,600.0,39270.906,1.0
-180.0,600.0,39270.906,1.0
-170.0,600.0,39270.906,1.0
-160.0,600.0,39270.906,1.0
-150.0,600.0,39270.906,1.0
-140.0,600.0,39270.906,1.0
-130.0,600.0,39270.906,1.0
-120.0,600.0,39270.906,1.0
-110.0,600.0,39270.906,1.0
-100.0,600.0,39270.906,1.0
-90.0,600.0,39270.906,1.0
-80.0,600.0,39270.906,1.0
-70.0,600.0,39270.906,1.0
-60.0,600.0,39270.906,1.0
-50.0,600.0,39270.906,1.0
-40.0,600.0,39270.906,1.0
-30.0,600.0,39270.906,1.0
-20.0,600.0,39270.906,1.0
-10.0,600.0,39270.906,1.0
0.0,600.0,39270.906,1.0
10.0,600.0,39270.906,1.0
20.0,600.0,39270.906,1.0
30.0,600.0,39270.906,1.0
40.0,600.0,39270.906,1.0
50.0,600.0,39270.906,1.0
60.0,600.0,39270.906,1.0
70.0,600.0,39270.906,1.0
80.0,600.0,39270.906,1.0
90.0,600.0,39270.906,1.0
100.0,600.0,39270.906,1.0
110.0,600.0,3798.5088,0.0
120.0,600.0,3744.812,0.0
130.0,600.0,3691.625,0.0
140.0,600.0,3638.9429,0.0
150.0,600.0,3586.7705,0.0
160.0,600.0,3535.1077,0.0
170.0,600.0,3483.9495,0.0
180.0,600.0,3433.2988,0.0
190.0,600.0,3383.1553,0.0
200.0,600.0,3333.5166,0.0
210.0,600.0,3284.3838,0.0
220.0,600.0,3235.7542,0.0
230.0,600.0,3187.6313,0.0
240.0,600.0,3140.0137,0.0
250.0,600.0,3092.8975,0.0
260.0,600.0,3046.2864,0.0
270.0,600.0,3000.1792,0.0
280.0,600.0,2954.5735,0.0
290.0,600.0,2909.4702,0.0
300.0,600.0,2864.8716,0.0
310.0,600.0,2820.7732,0.0
320.0,600.0,2777.176,0.0
330.0,600.0,2734.0798,0.0
340.0,600.0,2691.4854,0.0
350.0,600.0,2649.391,0.0
360.0,600.0,2607.7969,0.0
370.0,600.0,2566.7026,0.0
380.0,600.0,2526.109,0.0
390.0,600.0,2486.0134,0.0
400.0,600.0,2446.417,0.0
410.0,600.0,2407.3198,0.0
420.0,600.0,2368.7217,0.0
430.0,600.0,2330.6208,0.0
440.0,600.0,2293.0186,0.0
450.0,600.0,2255.9126,0.0
460.0,600.0,2219.3057,0.0
470.0,600.0,2183.1953,0.0
480.0,600.0,2147.5815,0.0
490.0,600.0,2112.4648,0.0
500.0,600.0,2077.8438,0.0
510.0,600.0,2043.7195,0.0
520.0,600.0,2010.0908,0.0
530.0,600.0,1976.9575,0.0
540.0,600.0,1944.3201,0.0
550.0,600.0,1912.1786,0.0
560.0,600.0,1880.5312,0.0
570.0,600.0,1849.3788,0.0
580.0,600.0,1818.7205,0.0
590.0,600.0,1788.5576,0.0
600.0,600.0,1758.8887,0.0
610.0,600.0,1729.7126,0.0
620.0,600.0,1701.0311,0.0
630.0,600.0,1672.8427,0.0
640.0,600.0,1645.1475,0.0
650.0,600.0,1617.9459,0.0
660.0,600.0,1591.2386,0.0
670.0,600.0,1565.023,0.0
680.0,600.0,1539.3,0.0
690.0,600.0,1514.0698,0.0
700.0,600.0,1489.3323,0.0
710.0,600.0,1465.0867,0.0
720.0,600.0,1441.3329,0.0
730.0,600.0,1418.0715,0.0
740.0,600.0,1395.301,0.0
750.0,600.0,1373.0227,0.0
760.0,600.0,1351.2354,0.0
770.0,600.0,1329.9406,0.0
780.0,600.0,1309.1361,0.0
790.0,600.0,1288.8225,0.0
800.0,600.0,1269.0,0.0
810.0,600.0,1249.6682,0.0
820.0,600.0,1230.8279,0.0
830.0,600.0,1212.4778,0.0
840.0,600.0,1194.6179,0.0
850.0,600.0,1177.2488,0.0
860.0,600.0,1160.3691,0.0
870.0,600.0,1143.9799,0.0
880.0,600.0,1128.0807,0.0
890.0,600.0,1112.6721,0.0
900.0,600.0,1097.7535,0.0
910.0,600.0,1083.3235,0.0
920.0,600.0,1069.3839,0.0
930.0,600.0,1055.9333,0.0
940.0,600.0,1042.9725,0.0
950.0,600.0,1030.5011,0.0
960.0,600.0,1018.5187,0.0
970.0,600.0,1007.0261,0.0
980.0,600.0,996.022,0.0
990.0,600.0,985.50757,0.0
1000.0,600.0,975.48175,0.0
1010.0,600.0,965.94507,0.0
1020.0,600.0,956.897,0.0
1030.0,600.0,948.33777,0.0
1040.0,600.0,940.2677,0.0
1050.0,600.0,932.68634,0.0
1060.0,600.0,925.59296,0.0
1070.0,600.0,918.98816,0.0
1080.0,600.0,912.87195,0.0
1090.0,600.0,907.2443,0.0
1100.0,600.0,902.10547,0.0
1110.0,600.0,897.45435,0.0
1120.0,600.0,893.29175,0.0
1130.0,600.0,889.6177,0.0
1140.0,600.0,886.4319,0.0
1150.0,600.0,883.73376,0.0
1160.0,600.0,881.5243,0.0
1170.0,600.0,879.803,0.0
1180.0,600.0,878.5692,0.0
1190.0,600.0,877.8237,0.0
1200.0,600.0,877.5664,0.0
1210.0,600.0,877.7975,0.0
1220.0,600.0,878.51575,0.0
1230.0,600.0,879.7223,0.0
1240.0,600.0,881.4168,0.0
1250.0,600.0,883.5987,0.0
1260.0,600.0,886.2692,0.0
1270.0,600.0,889.4271,0.0
1280.0,600.0,893.07263,0.0
1290.0,600.0,897.2062,0.0
1300.0,600.0,901.82806,0.0
1310.0,600.0,906.9369,0.0
1320.0,600.0,912.53345,0.0
1330.0,600.0,918.6181,0.0
1340.0,600.0,925.19037,0.0
1350.0,600.0,932.2501,0.0
1360.0,600.0,939.7973,0.0
1370.0,600.0,947.83276,0.0
1380.0,600.0,956.35614,0.0
1390.0,600.0,965.3666,0.0
1400.0,600.0,974.86536,0.0
1410.0,600.0,984.851,0.0
1420.0,600.0,995.32416,0.0
1430.0,600.0,1006.28516,0.0
1440.0,600.0,1017.7339,0.0
1450.0,600.0,1029.6704,0.0
1460.0,600.0,1042.0938,0.0
1470.0,600.0,1055.0042,0.0
1480.0,600.0,1068.4008,0.0
1490.0,600.0,1082.2854,0.0
1500.0,600.0,1096.6583,0.0
1510.0,600.0,1111.5205,0.0
1520.0,600.0,1126.8704,0.0
1530.0,600.0,1142.7068,0.0
1540.0,600.0,1159.0311,0.0
1550.0,600.0,1175.8423,0.0
1560.0,600.0,1193.1416,0.0
1570.0,600.0,1210.9288,0.0
1580.0,600.0,1229.2036,0.0
1590.0,600.0,1247.9655,0.0
1600.0,600.0,1267.2156,0.0
1610.0,600.0,1286.953,0.0
1620.0,600.0,1307.1775,0.0
1630.0,600.0,1327.8899,0.0
1640.0,600.0,1349.0897,0.0
1650.0,600.0,1370.7771,0.0
1660.0,600.0,1392.9521,0.0
1670.0,600.0,1415.6152,0.0
1680.0,600.0,1438.7643,0.0
1690.0,600.0,1462.4022,0.0
1700.0,600.0,1486.5269,0.0
1710.0,600.0,1511.1388,0.0
1720.0,600.0,1536.239,0.0
1730.0,600.0,1561.8259,0.0
1740.0,600.0,1587.9003,0.0
1750.0,600.0,1614.4628,0.0
1760.0,600.0,1641.513,0.0
1770.0,600.0,1669.0494,0.0
1780.0,600.0,1697.0728,0.0
1790.0,600.0,1725.5854,0.0
1800.0,600.0,1754.5841,0.0
-200.0,610.0,39270.906,1.0
-190.0,610.0,39270.906,1.0
-180.0,610.0,39270.906,1.0
-170.0,610.0,39270.906,1.0
-160.0,610.0,39270.906,1.0
-150.0,610.0,39270.906,1.0
-140.0,610.0,39270.906,1.0
-130.0,610.0,39270.906,1.0
-120.0,610.0,39270.906,1.0
-110.0,610.0,39270.906,1.0
-100.0,610.0,39270.906,1.0
-90.0,610.0,39270.906,1.0
-80.0,610.0,39270.906,1.0
-70.0,610.0,39270.906,1.0
-60.0,610.0,39270.906,1.0
-50.0,610.0,39270.906,1.0
-40.0,610.0,39270.906,1.0
-30.0,610.0,39270.906,1.0
-20.0,610.0,39270.906,1.0
-10.0,610.0,39270.906,1.0
0.0,610.0,39270.906,1.0
10.0,610.0,39270.906,1.0
20.0,610.0,39270.906,1.0
30.0,610.0,39270.906,1.0
40.0,610.0,39270.906,1.0
50.0,610.0,39270.906,1.0
60.0,610.0,39270.906,1.0
70.0,610.0,39270.906,1.0
80.0,610.0,39270.906,1.0
90.0,610.0,39270.906,1.0
100.0,610.0,39270.906,1.0
110.0,610.0,3764.708,0.0
120.0,610.0,3711.9111,0.0
130.0,610.0,3659.6152,0.0
140.0,610.0,3607.8193,0.0
150.0,610.0,3556.5198,0.0
160.0,610.0,3505.7214,0.0
170.0,610.0,3455.421,0.0
180.0,610.0,3405.6172,0.0
190.0,610.0,3356.3108,0.0
200.0,610.0,3307.5034,0.0
210.0,610.0,3259.1917,0.0
220.0,610.0,3211.375,0.0
230.0,610.0,3164.0552,0.0
240.0,610.0,3117.2312,0.0
250.0,610.0,3070.9019,0.0
260.0,610.0,3025.069,0.0
270.0,610.0,2979.7302,0.0
280.0,610.0,2934.8843,0.0
290.0,610.0,2890.5334,0.0
300.0,610.0,2846.6763,0.0
310.0,610.0,2803.3115,0.0
320.0,610.0,2760.4404,0.0
330.0,610.0,2718.0615,0.0
340.0,610.0,2676.174,0.0
350.0,610.0,2634.7798,0.0
360.0,610.0,2593.8774,0.0
370.0,610.0,2553.4663,0.0
380.0,610.0,2513.546,0.0
390.0,610.0,2474.1162,0.0
400.0,610.0,2435.1768,0.0
410.0,610.0,2396.728,0.0
420.0,610.0,2358.7695,0.0
430.0,610.0,2321.3003,0.0
440.0,610.0,2284.3206,0.0
450.0,610.0,2247.8315,0.0
460.0,610.0,2211.8296,0.0
470.0,610.0,2176.3179,0.0
480.0,610.0,2141.2937,0.0
490.0,610.0,2106.7578,0.0
500.0,610.0,2072.7097,0.0
510.0,610.0,2039.1497,0.0
520.0,610.0,2006.0767,0.0
530.0,610.0,1973.492,0.0
540.0,610.0,1941.3936,0.0
550.0,610.0,1909.7823,0.0
560.0,610.0,1878.6583,0.0
570.0,610.0,1848.021,0.0
580.0,610.0,1817.8691,0.0
590.0,610.0,1788.2035,0.0
600.0,610.0,1759.0237,0.0
610.0,610.0,1730.3293,0.0
620.0,610.0,1702.1204,0.0
630.0,610.0,1674.3976,0.0
640.0,610.0,1647.1592,0.0
650.0,610.0,1620.406,0.0
660.0,610.0,1594.1387,0.0
670.0,610.0,1568.3545,0.0
680.0,610.0,1543.0558,0.0
690.0,610.0,1518.2408,0.0
700.0,610.0,1493.9108,0.0
710.0,610.0,1470.0642,0.0
720.0,610.0,1446.7012,0.0
730.0,610.0,1423.8226,0.0
740.0,610.0,1401.4276,0.0
750.0,610.0,1379.5157,0.0
760.0,610.0,1358.0876,0.0
770.0,610.0,1337.1423,0.0
780.0,610.0,1316.68,0.0
790.0,610.0,1296.7004,0.0
800.0,610.0,1277.2036,0.0
810.0,610.0,1258.19,0.0
820.0,610.0,1239.6594,0.0
830.0,610.0,1221.6106,0.0
840.0,610.0,1204.0444,0.0
850.0,610.0,1186.9601,0.0
860.0,610.0,1170.3579,0.0
870.0,610.0,1154.2378,0.0
880.0,610.0,1138.5999,0.0
890.0,610.0,1123.4441,0.0
900.0,610.0,1108.7704,0.0
910.0,610.0,1094.5771,0.0
920.0,610.0,1080.866,0.0
930.0,610.0,1067.6364,0.0
940.0,610.0,1054.8885,0.0
950.0,610.0,1042.6211,0.0
960.0,610.0,1030.8359,0.0
970.0,610.0,1019.53156,0.0
980.0,610.0,1008.70844,0.0
990.0,610.0,998.36597,0.0
1000.0,610.0,988.5044,0.0
1010.0,610.0,979.124,0.0
1020.0,610.0,970.2244,0.0
1030.0,610.0,961.80566,0.0
1040.0,610.0,953.86804,0.0
1050.0,610.0,946.4103,0.0
1060.0,610.0,939.43286,0.0
1070.0,610.0,932.93665,0.0
1080.0,610.0,926.9207,0.0
1090.0,610.0,921.3854,0.0
1100.0,610.0,916.3301,0.0
1110.0,610.0,911.75555,0.0
1120.0,610.0,907.661,0.0
1130.0,610.0,904.04724,0.0
1140.0,610.0,900.91327,0.0
1150.0,610.0,898.2595,0.0
1160.0,610.0,896.086,0.0
1170.0,610.0,894.39264,0.0
1180.0,610.0,893.1793,0.0
1190.0,610.0,892.44556,0.0
1200.0,610.0,892.1925,0.0
1210.0,610.0,892.41943,0.0
1220.0,610.0,893.1261,0.0
1230.0,610.0,894.3126,0.0
1240.0,610.0,895.9794,0.0
1250.0,610.0,898.1255,0.0
1260.0,610.0,900.7515,0.0
1270.0,610.0,903.85767,0.0
1280.0,610.0,907.44366,0.0
1290.0,610.0,911.5093,0.0
1300.0,610.0,916.05444,0.0
1310.0,610.0,921.0797,0.0
1320.0,610.0,926.58484,0.0
1330.0,610.0,932.5695,0.0
1340.0,610.0,939.0334,0.0
1350.0,610.0,945.9773,0.0
1360.0,610.0,953.40125,0.0
1370.0,610.0,961.3048,0.0
1380.0,610.0,969.6885,0.0
1390.0,610.0,978.551,0.0
1400.0,610.0,987.8932,0.0
1410.0,610.0,997.71533,0.0
1420.0,610.0,1008.0171,0.0
1430.0,610.0,1018.79846,0.0
1440.0,610.0,1030.0593,0.0
1450.0,610.0,1041.7998,0.0
1460.0,610.0,1054.0198,0.0
1470.0,610.0,1066.7184,0.0
1480.0,610.0,1079.8961,0.0
1490.0,610.0,1093.5527,0.0
1500.0,610.0,1107.69,0.0
1510.0,610.0,1122.3069,0.0
1520.0,610.0,1137.4045,0.0
1530.0,610.0,1152.9824,0.0
1540.0,610.0,1169.0388,0.0
1550.0,610.0,1185.5747,0.0
1560.0,610.0,1202.5902,0.0
1570.0,610.0,1220.0854,0.0
1580.0,610.0,1238.0604,0.0
1590.0,610.0,1256.5148,0.0
1600.0,610.0,1275.4491,0.0
1610.0,610.0,1294.8628,0.0
1620.0,610.0,1314.7554,0.0
1630.0,610.0,1335.1284,0.0
1640.0,610.0,1355.9801,0.0
1650.0,610.0,1377.3121,0.0
1660.0,610.0,1399.1233,0.0
1670.0,610.0,1421.4142,0.0
1680.0,610.0,1444.1843,0.0
1690.0,610.0,1467.4342,0.0
1700.0,610.0,1491.1633,0.0
1710.0,610.0,1515.3718,0.0
1720.0,610.0,1540.0599,0.0
1730.0,610.0,1565.2278,0.0
1740.0,610.0,1590.8746,0.0
1750.0,610.0,1617.0009,0.0
1760.0,610.0,1643.6074,0.0
1770.0,610.0,1670.6927,0.0
1780.0,610.0,1698.2572,0.0
1790.0,610.0,1726.3015,0.0
1800.0,610.0,1754.8247,0.0
-200.0,620.0,39270.906,1.0
-190.0,620.0,39270.906,1.0
-180.0,620.0,39270.906,1.0
-170.0,620.0,39270.906,1.0
-160.0,620.0,39270.906,1.0
-150.0,620.0,39270.906,1.0
-140.0,620.0,39270.906,1.0
-130.0,620.0,39270.906,1.0
-120.0,620.0,39270.906,1.0
-110.0,620.0,39270.906,1.0
-100.0,620.0,39270.906,1.0
-90.0,620.0,39270.906,1.0
-80.0,620.0,39270.906,1.0
-70.0,620.0,39270.906,1.0
-60.0,620.0,39270.906,1.0
-50.0,620.0,39270.906,1.0
-40.0,620.0,39270.906,1.0
-30.0,620.0,39270.906,1.0
-20.0,620.0,39270.906,1.0
-10.0,620.0,39270.906,1.0
0.0,620.0,39270.906,1.0
10.0,620.0,39270.906,1.0
20.0,620.0,39270.906,1.0
30.0,620.0,39270.906,1.0
40.0,620.0,39270.906,1.0
50.0,620.0,39270.906,1.0
60.0,620.0,39270.906,1.0
70.0,620.0,39270.906,1.0
80.0,620.0,39270.906,1.0
90.0,620.0,39270.906,1.0
100.0,620.0,39270.906,1.0
110.0,620.0,39270.906,1.0
120.0,620.0,3680.57,0.0
130.0,620.0,3629.136,0.0
140.0,620.0,3578.1934,0.0
150.0,620.0,3527.739,0.0
160.0,620.0,3477.7773,0.0
170.0,620.0,3428.3037,0.0
180.0,620.0,3379.3203,0.0
190.0,620.0,3330.825,0.0
200.0,620.0,3282.8193,0.0
210.0,620.0,3235.3005,0.0
220.0,620.0,3188.2712,0.0
230.0,620.0,3141.7275,0.0
240.0,620.0,3095.6733,0.0
250.0,620.0,3050.103,0.0
260.0,620.0,3005.0215,0.0
270.0,620.0,2960.4263,0.0
280.0,620.0,2916.316,0.0
290.0,620.0,2872.692,0.0
300.0,620.0,2829.5518,0.0
310.0,620.0,2786.898,0.0
320.0,620.0,2744.7285,0.0
330.0,620.0,2703.0417,0.0
340.0,620.0,2661.8403,0.0
350.0,620.0,2621.1226,0.0
360.0,620.0,2580.888,0.0
370.0,620.0,2541.1365,0.0
380.0,620.0,2501.8684,0.0
390.0,620.0,2463.0828,0.0
400.0,620.0,2424.7783,0.0
410.0,620.0,2386.9575,0.0
420.0,620.0,2349.6174,0.0
430.0,620.0,2312.76,0.0
440.0,620.0,2276.3835,0.0
450.0,620.0,2240.488,0.0
460.0,620.0,2205.0728,0.0
470.0,620.0,2170.1387,0.0
480.0,620.0,2135.6853,0.0
490.0,620.0,2101.711,0.0
500.0,620.0,2068.2173,0.0
510.0,620.0,2035.2029,0.0
520.0,620.0,2002.6686,0.0
530.0,620.0,1970.6133,0.0
540.0,620.0,1939.037,0.0
550.0,620.0,1907.9398,0.0
560.0,620.0,1877.321,0.0
570.0,620.0,1847.1814,0.0
580.0,620.0,1817.5198,0.0
590.0,620.0,1788.3354,0.0
600.0,620.0,1759.6289,0.0
610.0,620.0,1731.4001,0.0
620.0,620.0,1703.6497,0.0
630.0,620.0,1676.3762,0.0
640.0,620.0,1649.5798,0.0
650.0,620.0,1623.26,0.0
660.0,620.0,1597.4181,0.0
670.0,620.0,1572.053,0.0
680.0,620.0,1547.1638,0.0
690.0,620.0,1522.7506,0.0
700.0,620.0,1498.8148,0.0
710.0,620.0,1475.3551,0.0
720.0,620.0,1452.3705,0.0
730.0,620.0,1429.8617,0.0
740.0,620.0,1407.8292,0.0
750.0,620.0,1386.2722,0.0
760.0,620.0,1365.1907,0.0
770.0,620.0,1344.5845,0.0
780.0,620.0,1324.4529,0.0
790.0,620.0,1304.7964,0.0
800.0,620.0,1285.6152,0.0
810.0,620.0,1266.9092,0.0
820.0,620.0,1248.678,0.0
830.0,620.0,1230.9209,0.0
840.0,620.0,1213.6387,0.0
850.0,620.0,1196.8301,0.0
860.0,620.0,1180.4961,0.0
870.0,620.0,1164.6367,0.0
880.0,620.0,1149.2523,0.0
890.0,620.0,1134.3408,0.0
900.0,620.0,1119.9038,0.0
910.0,620.0,1105.9397,0.0
920.0,620.0,1092.4507,0.0
930.0,620.0,1079.4346,0.0
940.0,620.0,1066.8917,0.0
950.0,620.0,1054.8232,0.0
960.0,620.0,1043.2277,0.0
970.0,620.0,1032.1055,0.0
980.0,620.0,1021.4569,0.0
990.0,620.0,1011.2814,0.0
1000.0,620.0,1001.579,0.0
1010.0,620.0,992.35004,0.0
1020.0,620.0,983.594,0.0
1030.0,620.0,975.3111,0.0
1040.0,620.0,967.501,0.0
1050.0,620.0,960.1637,0.0
1060.0,620.0,953.29913,0.0
1070.0,620.0,946.9071,0.0
1080.0,620.0,940.9883,0.0
1090.0,620.0,935.54224,0.0
1100.0,620.0,930.56836,0.0
1110.0,620.0,926.06744,0.0
1120.0,620.0,922.0389,0.0
1130.0,620.0,918.4832,0.0
1140.0,620.0,915.3994,0.0
1150.0,620.0,912.7886,0.0
1160.0,620.0,910.65,0.0
1170.0,620.0,908.98364,0.0
1180.0,620.0,907.78955,0.0
1190.0,620.0,907.06775,0.0
1200.0,620.0,906.8184,0.0
1210.0,620.0,907.0416,0.0
1220.0,620.0,907.737,0.0
1230.0,620.0,908.9044,0.0
1240.0,620.0,910.5436,0.0
1250.0,620.0,912.65515,0.0
1260.0,620.0,915.2385,0.0
1270.0,620.0,918.29443,0.0
1280.0,620.0,921.82263,0.0
1290.0,620.0,925.82245,0.0
1300.0,620.0,930.2945,0.0
1310.0,620.0,935.23865,0.0
1320.0,620.0,940.6546,0.0
1330.0,620.0,946.54236,0.0
1340.0,620.0,952.90234,0.0
1350.0,620.0,959.734,0.0
1360.0,620.0,967.0379,0.0
1370.0,620.0,974.81415,0.0
1380.0,620.0,983.062,0.0
1390.0,620.0,991.7816,0.0
1400.0,620.0,1000.9734,0.0
1410.0,620.0,1010.63696,0.0
1420.0,620.0,1020.772,0.0
1430.0,620.0,1031.3798,0.0
1440.0,620.0,1042.4586,0.0
1450.0,620.0,1054.0095,0.0
1460.0,620.0,1066.0325,0.0
1470.0,620.0,1078.5267,0.0
1480.0,620.0,1091.4922,0.0
1490.0,620.0,1104.9286,0.0
1500.0,620.0,1118.8367,0.0
1510.0,620.0,1133.2173,0.0
1520.0,620.0,1148.0717,0.0
1530.0,620.0,1163.398,0.0
1540.0,620.0,1179.1957,0.0
1550.0,620.0,1195.4645,0.0
1560.0,620.0,1212.2056,0.0
1570.0,620.0,1229.4183,0.0
1580.0,620.0,1247.1031,0.0
1590.0,620.0,1265.26,0.0
1600.0,620.0,1283.8888,0.0
1610.0,620.0,1302.9894,0.0
1620.0,620.0,1322.561,0.0
1630.0,620.0,1342.605,0.0
1640.0,620.0,1363.1208,0.0
1650.0,620.0,1384.1079,0.0
1660.0,620.0,1405.567,0.0
1670.0,620.0,1427.4979,0.0
1680.0,620.0,1449.9008,0.0
1690.0,620.0,1472.7754,0.0
1700.0,620.0,1496.1218,0.0
1710.0,620.0,1519.9397,0.0
1720.0,620.0,1544.2297,0.0
1730.0,620.0,1568.9916,0.0
1740.0,620.0,1594.2241,0.0
1750.0,620.0,1619.9282,0.0
1760.0,620.0,1646.106,0.0
1770.0,620.0,1672.7545,0.0
1780.0,620.0,1699.8745,0.0
1790.0,620.0,1727.4657,0.0
1800.0,620.0,1755.5276,0.0
-200.0,630.0,39270.906,1.0
-190.0,630.0,39270.906,1.0
-180.0,630.0,39270.906,1.0
-170.0,630.0,39270.906,1.0
-160.0,630.0,39270.906,1.0
-150.0,630.0,39270.906,1.0
-140.0,630.0,39270.906,1.0
-130.0,630.0,39270.906,1.0
-120.0,630.0,39270.906,1.0
-110.0,630.0,39270.906,1.0
-100.0,630.0,39270.906,1.0
-90.0,630.0,39270.906,1.0
-80.0,630.0,39270.906,1.0
-70.0,630.0,39270.906,1.0
-60.0,630.0,39270.906,1.0
-50.0,630.0,39270.906,1.0
-40.0,630.0,39270.906,1.0
-30.0,630.0,39270.906,1.0
-20.0,630.0,39270.906,1.0
-10.0,630.0,39270.906,1.0
0.0,630.0,39270.906,1.0
10.0,630.0,39270.906,1.0
20.0,630.0,39270.906,1.0
30.0,630.0,39270.906,1.0
40.0,630.0,39270.906,1.0
50.0,630.0,39270.906,1.0
60.0,630.0,39270.906,1.0
70.0,630.0,39270.906,1.0
80.0,630.0,39270.906,1.0
90.0,630.0,39270.906,1.0
100.0,630.0,39270.906,1.0
110.0,630.0,39270.906,1.0
120.0,630.0,39270.906,1.0
130.0,630.0,3600.1113,0.0
140.0,630.0,3549.995,0.0
150.0,630.0,3500.359,0.0
160.0,630.0,3451.205,0.0
170.0,630.0,3402.533,0.0
180.0,630.0,3354.3418,0.0
190.0,630.0,3306.6304,0.0
200.0,630.0,3259.4014,0.0
210.0,630.0,3212.6511,0.0
220.0,630.0,3166.3804,0.0
230.0,630.0,3120.5896,0.0
240.0,630.0,3075.2773,0.0
250.0,630.0,3030.4443,0.0
260.0,630.0,2986.0896,0.0
270.0,630.0,2942.2124,0.0
280.0,630.0,2898.814,0.0
290.0,630.0,2855.892,0.0
300.0,630.0,2813.4473,0.0
310.0,630.0,2771.4795,0.0
320.0,630.0,2729.989,0.0
330.0,630.0,2688.974,0.0
340.0,630.0,2648.435,0.0
350.0,630.0,2608.3716,0.0
360.0,630.0,2568.7842,0.0
370.0,630.0,2529.6719,0.0
380.0,630.0,2491.0337,0.0
390.0,630.0,2452.8704,0.0
400.0,630.0,2415.1821,0.0
410.0,630.0,2377.9673,0.0
420.0,630.0,2341.227,0.0
430.0,630.0,2304.9607,0.0
440.0,630.0,2269.1675,0.0
450.0,630.0,2233.8472,0.0
460.0,630.0,2199.0002,0.0
470.0,630.0,2164.626,0.0
480.0,630.0,2130.7239,0.0
490.0,630.0,2097.2944,0.0
500.0,630.0,2064.336,0.0
510.0,630.0,2031.8511,0.0
520.0,630.0,1999.8364,0.0
530.0,630.0,1968.2938,0.0
540.0,630.0,1937.2228,0.0
550.0,630.0,1906.623,0.0
560.0,630.0,1876.4941,0.0
570.0,630.0,1846.8354,0.0
580.0,630.0,1817.6473,0.0
590.0,630.0,1788.929,0.0
600.0,630.0,1760.6812,0.0
610.0,630.0,1732.9038,0.0
620.0,630.0,1705.5955,0.0
630.0,630.0,1678.7579,0.0
640.0,630.0,1652.3893,0.0
650.0,630.0,1626.4902,0.0
660.0,630.0,1601.0604,0.0
670.0,630.0,1576.0989,0.0
680.0,630.0,1551.6068,0.0
690.0,630.0,1527.5833,0.0
700.0,630.0,1504.029,0.0
710.0,630.0,1480.9426,0.0
720.0,630.0,1458.3243,0.0
730.0,630.0,1436.1748,0.0
740.0,630.0,1414.4927,0.0
750.0,630.0,1393.2793,0.0
760.0,630.0,1372.5332,0.0
770.0,630.0,1352.255,0.0
780.0,630.0,1332.4435,0.0
790.0,630.0,1313.1006,0.0
800.0,630.0,1294.224,0.0
810.0,630.0,1275.8165,0.0
820.0,630.0,1257.8749,0.0
830.0,630.0,1240.4001,0.0
840.0,630.0,1223.3926,0.0
850.0,630.0,1206.8516,0.0
860.0,630.0,1190.7777,0.0
870.0,630.0,1175.1707,0.0
880.0,630.0,1160.0308,0.0
890.0,630.0,1145.356,0.0
900.0,630.0,1131.1482,0.0
910.0,630.0,1117.4064,0.0
920.0,630.0,1104.1313,0.0
930.0,630.0,1091.322,0.0
940.0,630.0,1078.9789,0.0
950.0,630.0,1067.102,0.0
960.0,630.0,1055.6904,0.0
970.0,630.0,1044.7454,0.0
980.0,630.0,1034.2654,0.0
990.0,630.0,1024.2516,0.0
1000.0,630.0,1014.70325,0.0
1010.0,630.0,1005.6205,0.0
1020.0,630.0,997.0037,0.0
1030.0,630.0,988.85205,0.0
1040.0,630.0,981.1662,0.0
1050.0,630.0,973.94507,0.0
1060.0,630.0,967.18896,0.0
1070.0,630.0,960.8989,0.0
1080.0,630.0,955.07367,0.0
1090.0,630.0,949.71387,0.0
1100.0,630.0,944.8191,0.0
1110.0,630.0,940.3894,0.0
1120.0,630.0,936.4243,0.0
1130.0,630.0,932.92505,0.0
1140.0,630.0,929.89026,0.0
1150.0,630.0,927.32086,0.0
1160.0,630.0,925.2159,0.0
1170.0,630.0,923.5758,0.0
1180.0,630.0,922.4007,0.0
1190.0,630.0,921.68994,0.0
1200.0,630.0,921.44495,0.0
1210.0,630.0,921.6642,0.0
1220.0,630.0,922.34814,0.0
1230.0,630.0,923.4966,0.0
1240.0,630.0,925.11005,0.0
1250.0,630.0,927.18787,0.0
1260.0,630.0,929.7303,0.0
1270.0,630.0,932.73773,0.0
1280.0,630.0,936.2095,0.0
1290.0,630.0,940.1457,0.0
1300.0,630.0,944.5467,0.0
1310.0,630.0,949.412,0.0
1320.0,630.0,954.7417,0.0
1330.0,630.0,960.536,0.0
1340.0,630.0,966.7953,0.0
1350.0,630.0,973.5182,0.0
1360.0,630.0,980.70593,0.0
1370.0,630.0,988.35846,0.0
1380.0,630.0,996.4756,0.0
1390.0,630.0,1005.0565,0.0
1400.0,630.0,1014.10236,0.0
1410.0,630.0,1023.6123,0.0
1420.0,630.0,1033.5869,0.0
1430.0,630.0,1044.0251,0.0
1440.0,630.0,1054.9287,0.0
1450.0,630.0,1066.2959,0.0
1460.0,630.0,1078.1287,0.0
1470.0,630.0,1090.4241,0.0
1480.0,630.0,1103.1838,0.0
1490.0,630.0,1116.407,0.0
1500.0,630.0,1130.0945,0.0
1510.0,630.0,1144.2466,0.0
1520.0,630.0,1158.8641,0.0
1530.0,630.0,1173.9469,0.0
1540.0,630.0,1189.4934,0.0
1550.0,630.0,1205.5049,0.0
1560.0,630.0,1221.98,0.0
1570.0,630.0,1238.919,0.0
1580.0,630.0,1256.323,0.0
1590.0,630.0,1274.1912,0.0
1600.0,630.0,1292.5242,0.0
1610.0,630.0,1311.3215,0.0
1620.0,630.0,1330.5828,0.0
1630.0,630.0,1350.3083,0.0
1640.0,630.0,1370.498,0.0
1650.0,630.0,1391.1526,0.0
1660.0,630.0,1412.271,0.0
1670.0,630.0,1433.8533,0.0
1680.0,630.0,1455.8997,0.0
1690.0,630.0,1478.4121,0.0
1700.0,630.0,1501.387,0.0
1710.0,630.0,1524.8267,0.0
1720.0,630.0,1548.7312,0.0
1730.0,630.0,1573.0994,0.0
1740.0,630.0,1597.9312,0.0
1750.0,630.0,1623.2283,0.0
1760.0,630.0,1648.9893,0.0
1770.0,630.0,1675.2144,0.0
1780.0,630.0,1701.9033,0.0
1790.0,630.0,1729.0574,0.0
1800.0,630.0,1756.6746,0.0
-200.0,640.0,39270.906,1.0
-190.0,640.0,39270.906,1.0
-180.0,640.0,39270.906,1.0
-170.0,640.0,39270.906,1.0
-160.0,640.0,39270.906,1.0
-150.0,640.0,39270.906,1.0
-140.0,640.0,39270.906,1.0
-130.0,640.0,39270.906,1.0
-120.0,640.0,39270.906,1.0
-110.0,640.0,39270.906,1.0
-100.0,640.0,39270.906,1.0
-90.0,640.0,39270.906,1.0
-80.0,640.0,39270.906,1.0
-70.0,640.0,39270.906,1.0
-60.0,640.0,39270.906,1.0
-50.0,640.0,39270.906,1.0
-40.0,640.0,39270.906,1.0
-30.0,640.0,39270.906,1.0
-20.0,640.0,39270.906,1.0
-10.0,640.0,39270.906,1.0
0.0,640.0,39270.906,1.0
10.0,640.0,39270.906,1.0
20.0,640.0,39270.906,1.0
30.0,640.0,39270.906,1.0
40.0,640.0,39270.906,1.0
50.0,640.0,39270.906,1.0
60.0,640.0,39270.906,1.0
70.0,640.0,39270.906,1.0
80.0,640.0,39270.906,1.0
90.0,640.0,39270.906,1.0
100.0,640.0,39270.906,1.0
110.0,640.0,39270.906,1.0
120.0,640.0,39270.906,1.0
130.0,640.0,3572.4727,0.0
140.0,640.0,3523.1536,0.0
150.0,640.0,3474.309,0.0
160.0,640.0,3425.939,0.0
170.0,640.0,3378.0425,0.0
180.0,640.0,3330.6177,0.0
190.0,640.0,3283.6665,0.0
200.0,640.0,3237.1882,0.0
210.0,640.0,3191.1812,0.0
220.0,640.0,3145.646,0.0
230.0,640.0,3100.582,0.0
240.0,640.0,3055.9902,0.0
250.0,640.0,3011.8687,0.0
260.0,640.0,2968.218,0.0
270.0,640.0,2925.037,0.0
280.0,640.0,2882.3257,0.0
290.0,640.0,2840.085,0.0
300.0,640.0,2798.314,0.0
310.0,640.0,2757.0112,0.0
320.0,640.0,2716.1768,0.0
330.0,640.0,2675.812,0.0
340.0,640.0,2635.914,0.0
350.0,640.0,2596.485,0.0
360.0,640.0,2557.5234,0.0
370.0,640.0,2519.0288,0.0
380.0,640.0,2481.0024,0.0
390.0,640.0,2443.442,0.0
400.0,640.0,2406.349,0.0
410.0,640.0,2369.7227,0.0
420.0,640.0,2333.562,0.0
430.0,640.0,2297.8682,0.0
440.0,640.0,2262.6394,0.0
450.0,640.0,2227.8765,0.0
460.0,640.0,2193.5786,0.0
470.0,640.0,2159.7468,0.0
480.0,640.0,2126.3787,0.0
490.0,640.0,2093.476,0.0
500.0,640.0,2061.038,0.0
510.0,640.0,2029.064,0.0
520.0,640.0,1997.5536,0.0
530.0,640.0,1966.5088,0.0
540.0,640.0,1935.9263,0.0
550.0,640.0,1905.8076,0.0
560.0,640.0,1876.1528,0.0
570.0,640.0,1846.9598,0.0
580.0,640.0,1818.2305,0.0
590.0,640.0,1789.9646,0.0
600.0,640.0,1762.1604,0.0
610.0,640.0,1734.8196,0.0
620.0,640.0,1707.9409,0.0
630.0,640.0,1681.5247,0.0
640.0,640.0,1655.5702,0.0
650.0,640.0,1630.077,0.0
660.0,640.0,1605.0464,0.0
670.0,640.0,1580.477,0.0
680.0,640.0,1556.3701,0.0
690.0,640.0,1532.7236,0.0
700.0,640.0,1509.5381,0.0
710.0,640.0,1486.8142,0.0
720.0,640.0,1464.5508,0.0
730.0,640.0,1442.748,0.0
740.0,640.0,1421.4065,0.0
750.0,640.0,1400.5251,0.0
760.0,640.0,1380.1044,0.0
770.0,640.0,1360.1438,0.0
780.0,640.0,1340.6431,0.0
790.0,640.0,1321.6029,0.0
800.0,640.0,1303.0234,0.0
810.0,640.0,1284.9031,0.0
820.0,640.0,1267.2423,0.0
830.0,640.0,1250.0411,0.0
840.0,640.0,1233.2999,0.0
850.0,640.0,1217.0176,0.0
860.0,640.0,1201.1958,0.0
870.0,640.0,1185.8328,0.0
880.0,640.0,1170.9294,0.0
890.0,640.0,1156.4849,0.0
900.0,640.0,1142.4988,0.0
910.0,640.0,1128.9719,0.0
920.0,640.0,1115.9045,0.0
930.0,640.0,1103.2954,0.0
940.0,640.0,1091.1455,0.0
950.0,640.0,1079.4539,0.0
960.0,640.0,1068.221,0.0
970.0,640.0,1057.4464,0.0
980.0,640.0,1047.1307,0.0
990.0,640.0,1037.2736,0.0
1000.0,640.0,1027.8745,0.0
1010.0,640.0,1018.93353,0.0
1020.0,640.0,1010.4509,0.0
1030.0,640.0,1002.4269,0.0
1040.0,640.0,994.86096,0.0
1050.0,640.0,987.7523,0.0
1060.0,640.0,981.10236,0.0
1070.0,640.0,974.91003,0.0
1080.0,640.0,969.176,0.0
1090.0,640.0,963.8999,0.0
1100.0,640.0,959.0813,0.0
1110.0,640.0,954.72095,0.0
1120.0,640.0,950.81775,0.0
1130.0,640.0,947.3731,0.0
1140.0,640.0,944.3854,0.0
1150.0,640.0,941.8561,0.0
1160.0,640.0,939.78357,0.0
1170.0,640.0,938.1688,0.0
1180.0,640.0,937.0121,0.0
1190.0,640.0,936.3125,0.0
1200.0,640.0,936.0707,0.0
1210.0,640.0,936.2866,0.0
1220.0,640.0,936.9601,0.0
1230.0,640.0,938.0903,0.0
1240.0,640.0,939.67834,0.0
1250.0,640.0,941.7232,0.0
1260.0,640.0,944.2261,0.0
1270.0,640.0,947.1865,0.0
1280.0,640.0,950.6035,0.0
1290.0,640.0,954.4783,0.0
1300.0,640.0,958.80994,0.0
1310.0,640.0,963.59924,0.0
1320.0,640.0,968.84576,0.0
1330.0,640.0,974.5499,0.0
1340.0,640.0,980.7103,0.0
1350.0,640.0,987.3284,0.0
1360.0,640.0,994.4043,0.0
1370.0,640.0,1001.9367,0.0
1380.0,640.0,1009.92676,0.0
1390.0,640.0,1018.3738,0.0
1400.0,640.0,1027.278,0.0
1410.0,640.0,1036.6393,0.0
1420.0,640.0,1046.4578,0.0
1430.0,640.0,1056.7334,0.0
1440.0,640.0,1067.4658,0.0
1450.0,640.0,1078.6562,0.0
1460.0,640.0,1090.3033,0.0
1470.0,640.0,1102.4069,0.0
1480.0,640.0,1114.9674,0.0
1490.0,640.0,1127.9841,0.0
1500.0,640.0,1141.4578,0.0
1510.0,640.0,1155.388,0.0
1520.0,640.0,1169.7761,0.0
1530.0,640.0,1184.6233,0.0
1540.0,640.0,1199.9271,0.0
1550.0,640.0,1215.688,0.0
1560.0,640.0,1231.9058,0.0
1570.0,640.0,1248.5806,0.0
1580.0,640.0,1265.7122,0.0
1590.0,640.0,1283.3009,0.0
1600.0,640.0,1301.3473,0.0
1610.0,640.0,1319.8506,0.0
1620.0,640.0,1338.8107,0.0
1630.0,640.0,1358.2281,0.0
1640.0,640.0,1378.1023,0.0
1650.0,640.0,1398.4331,0.0
1660.0,640.0,1419.2217,0.0
1670.0,640.0,1440.4668,0.0
1680.0,640.0,1462.1692,0.0
1690.0,640.0,1484.3284,0.0
1700.0,640.0,1506.9453,0.0
1710.0,640.0,1530.0183,0.0
1720.0,640.0,1553.5483,0.0
1730.0,640.0,1577.5356,0.0
1740.0,640.0,1601.9802,0.0
1750.0,640.0,1626.8809,0.0
1760.0,640.0,1652.239,0.0
1770.0,640.0,1678.0547,0.0
1780.0,640.0,1704.3267,0.0
1790.0,640.0,1731.0558,0.0
1800.0,640.0,1758.2415,0.0
-200.0,650.0,39270.906,1.0
-190.0,650.0,39270.906,1.0
-180.0,650.0,39270.906,1.0
-170.0,650.0,39270.906,1.0
-160.0,650.0,39270.906,1.0
-150.0,650.0,39270.906,1.0
-140.0,650.0,39270.906,1.0
-130.0,650.0,39270.906,1.0
-120.0,650.0,39270.906,1.0
-110.0,650.0,39270.906,1.0
-100.0,650.0,39270.906,1.0
-90.0,650.0,39270.906,1.0
-80.0,650.0,39270.906,1.0
-70.0,650.0,39270.906,1.0
-60.0,650.0,39270.906,1.0
-50.0,650.0,39270.906,1.0
-40.0,650.0,39270.906,1.0
-30.0,650.0,39270.906,1.0
-20.0,650.0,39270.906,1.0
-10.0,650.0,39270.906,1.0
0.0,650.0,39270.906,1.0
10.0,650.0,39270.906,1.0
20.0,650.0,39270.906,1.0
30.0,650.0,39270.906,1.0
40.0,650.0,39270.906,1.0
50.0,650.0,39270.906,1.0
60.0,650.0,39270.906,1.0
70.0,650.0,39270.906,1.0
80.0,650.0,39270.906,1.0
90.0,650.0,39270.906,1.0
100.0,650.0,39270.906,1.0
110.0,650.0,39270.906,1.0
120.0,650.0,39270.906,1.0
130.0,650.0,39270.906,1.0
140.0,650.0,3497.6086,0.0
150.0,650.0,3449.5295,0.0
160.0,650.0,3401.9185,0.0
170.0,650.0,3354.771,0.0
180.0,650.0,3308.0908,0.0
190.0,650.0,3261.8748,0.0
200.0,650.0,3216.124,0.0
210.0,650.0,3170.8362,0.0
220.0,650.0,3126.0137,0.0
230.0,650.0,3081.6543,0.0
240.0,650.0,3037.759,0.0
250.0,650.0,2994.3271,0.0
260.0,650.0,2951.3582,0.0
270.0,650.0,2908.8516,0.0
280.0,650.0,2866.8071,0.0
290.0,650.0,2825.226,0.0
300.0,650.0,2784.106,0.0
310.0,650.0,2743.4473,0.0
320.0,650.0,2703.2495,0.0
330.0,650.0,2663.5122,0.0
340.0,650.0,2624.2363,0.0
350.0,650.0,2585.4216,0.0
360.0,650.0,2547.0667,0.0
370.0,650.0,2509.1714,0.0
380.0,650.0,2471.7363,0.0
390.0,650.0,2434.7605,0.0
400.0,650.0,2398.2441,0.0
410.0,650.0,2362.1873,0.0
420.0,650.0,2326.5889,0.0
430.0,650.0,2291.4497,0.0
440.0,650.0,2256.7676,0.0
450.0,650.0,2222.5447,0.0
460.0,650.0,2188.7793,0.0
470.0,650.0,2155.4722,0.0
480.0,650.0,2122.6218,0.0
490.0,650.0,2090.2297,0.0
500.0,650.0,2058.294,0.0
510.0,650.0,2026.816,0.0
520.0,650.0,1995.7944,0.0
530.0,650.0,1965.2301,0.0
540.0,650.0,1935.1217,0.0
550.0,650.0,1905.4701,0.0
560.0,650.0,1876.273,0.0
570.0,650.0,1847.5331,0.0
580.0,650.0,1819.2487,0.0
590.0,650.0,1791.42,0.0
600.0,650.0,1764.0463,0.0
610.0,650.0,1737.1282,0.0
620.0,650.0,1710.6656,0.0
630.0,650.0,1684.6575,0.0
640.0,650.0,1659.1046,0.0
650.0,650.0,1634.0059,0.0
660.0,650.0,1609.362,0.0
670.0,650.0,1585.173,0.0
680.0,650.0,1561.4375,0.0
690.0,650.0,1538.1561,0.0
700.0,650.0,1515.3289,0.0
710.0,650.0,1492.9562,0.0
720.0,650.0,1471.0364,0.0
730.0,650.0,1449.5703,0.0
740.0,650.0,1428.558,0.0
750.0,650.0,1407.9993,0.0
760.0,650.0,1387.8928,0.0
770.0,650.0,1368.2405,0.0
780.0,650.0,1349.0405,0.0
790.0,650.0,1330.2948,0.0
800.0,650.0,1312.001,0.0
810.0,650.0,1294.1594,0.0
820.0,650.0,1276.7715,0.0
830.0,650.0,1259.8358,0.0
840.0,650.0,1243.3519,0.0
850.0,650.0,1227.3213,0.0
860.0,650.0,1211.7428,0.0
870.0,650.0,1196.6172,0.0
880.0,650.0,1181.9431,0.0
890.0,650.0,1167.721,0.0
900.0,650.0,1153.9503,0.0
910.0,650.0,1140.6323,0.0
920.0,650.0,1127.7656,0.0
930.0,650.0,1115.3507,0.0
940.0,650.0,1103.388,0.0
950.0,650.0,1091.8761,0.0
960.0,650.0,1080.8162,0.0
970.0,650.0,1070.2075,0.0
980.0,650.0,1060.0504,0.0
990.0,650.0,1050.3447,0.0
1000.0,650.0,1041.0903,0.0
1010.0,650.0,1032.2867,0.0
1020.0,650.0,1023.93506,0.0
1030.0,650.0,1016.0344,0.0
1040.0,650.0,1008.5845,0.0
1050.0,650.0,1001.58514,0.0
1060.0,650.0,995.03754,0.0
1070.0,650.0,988.9404,0.0
1080.0,650.0,983.29443,0.0
1090.0,650.0,978.0994,0.0
1100.0,650.0,973.3548,0.0
1110.0,650.0,969.0613,0.0
1120.0,650.0,965.21844,0.0
1130.0,650.0,961.8263,0.0
1140.0,650.0,958.8846,0.0
1150.0,650.0,956.3937,0.0
1160.0,650.0,954.3533,0.0
1170.0,650.0,952.76306,0.0
1180.0,650.0,951.6241,0.0
1190.0,650.0,950.9351,0.0
1200.0,650.0,950.697,0.0
1210.0,650.0,950.90967,0.0
1220.0,650.0,951.572,0.0
1230.0,650.0,952.68494,0.0
1240.0,650.0,954.24854,0.0
1250.0,650.0,956.2619,0.0
1260.0,650.0,958.7255,0.0
1270.0,650.0,961.6401,0.0
1280.0,650.0,965.00464,0.0
1290.0,650.0,968.81976,0.0
1300.0,650.0,973.0852,0.0
1310.0,650.0,977.8005,0.0
1320.0,650.0,982.96606,0.0
1330.0,650.0,988.5819,0.0
1340.0,650.0,994.6481,0.0
1350.0,650.0,1001.16394,0.0
1360.0,650.0,1008.13043,0.0
1370.0,650.0,1015.5472,0.0
1380.0,650.0,1023.4142,0.0
1390.0,650.0,1031.7314,0.0
1400.0,650.0,1040.498,0.0
1410.0,650.0,1049.7157,0.0
1420.0,650.0,1059.3824,0.0
1430.0,650.0,1069.5002,0.0
1440.0,650.0,1080.0674,0.0
1450.0,650.0,1091.085,0.0
1460.0,650.0,1102.5527,0.0
1470.0,650.0,1114.4705,0.0
1480.0,650.0,1126.838,0.0
1490.0,650.0,1139.6545,0.0
1500.0,650.0,1152.9209,0.0
1510.0,650.0,1166.6366,0.0
1520.0,650.0,1180.8035,0.0
1530.0,650.0,1195.4209,0.0
1540.0,650.0,1210.4893,0.0
1550.0,650.0,1226.0076,0.0
1560.0,650.0,1241.9761,0.0
1570.0,650.0,1258.394,0.0
1580.0,650.0,1275.262,0.0
1590.0,650.0,1292.5796,0.0
1600.0,650.0,1310.3485,0.0
1610.0,650.0,1328.5668,0.0
1620.0,650.0,1347.2351,0.0
1630.0,650.0,1366.3531,0.0
1640.0,650.0,1385.9216,0.0
1650.0,650.0,1405.9404,0.0
1660.0,650.0,1426.4083,0.0
1670.0,650.0,1447.3264,0.0
1680.0,650.0,1468.6951,0.0
1690.0,650.0,1490.5135,0.0
1700.0,650.0,1512.7816,0.0
1710.0,650.0,1535.5,0.0
1720.0,650.0,1558.6682,0.0
1730.0,650.0,1582.2859,0.0
1740.0,650.0,1606.3535,0.0
1750.0,650.0,1630.8712,0.0
1760.0,650.0,1655.8396,0.0
1770.0,650.0,1681.2578,0.0
1780.0,650.0,1707.1252,0.0
1790.0,650.0,1733.4429,0.0
1800.0,650.0,1760.2104,0.0
-200.0,660.0,39270.906,1.0
-190.0,660.0,39270.906,1.0
-180.0,660.0,39270.906,1.0
-170.0,660.0,39270.906,1.0
-160.0,660.0,39270.906,1.0
-150.0,660.0,39270.906,1.0
-140.0,660.0,39270.906,1.0
-130.0,660.0,39270.906,1.0
-120.0,660.0,39270.906,1.0
-110.0,660.0,39270.906,1.0
-100.0,660.0,39270.906,1.0
-90.0,660.0,39270.906,1.0
-80.0,660.0,39270.906,1.0
-70.0,660.0,39270.906,1.0
-60.0,660.0,39270.906,1.0
-50.0,660.0,39270.906,1.0
-40.0,660.0,39270.906,1.0
-30.0,660.0,39270.906,1.0
-20.0,660.0,39270.906,1.0
-10.0,660.0,39270.906,1.0
0.0,660.0,39270.906,1.0
10.0,660.0,39270.906,1.0
20.0,660.0,39270.906,1.0
30.0,660.0,39270.906,1.0
40.0,660.0,39270.906,1.0
50.0,660.0,39270.906,1.0
60.0,660.0,39270.906,1.0
70.0,660.0,39270.906,1.0
80.0,660.0,39270.906,1.0
90.0,660.0,39270.906,1.0
100.0,660.0,39270.906,1.0
110.0,660.0,39270.906,1.0
120.0,660.0,39270.906,1.0
130.0,660.0,39270.906,1.0
140.0,660.0,3473.2988,0.0
150.0,660.0,3425.9614,0.0
160.0,660.0,3379.0842,0.0
170.0,660.0,3332.664,0.0
180.0,660.0,3286.704,0.0
190.0,660.0,3241.1997,0.0
200.0,660.0,3196.1538,0.0
210.0,660.0,3151.5654,0.0
220.0,660.0,3107.4321,0.0
230.0,660.0,3063.7559,0.0
240.0,660.0,3020.5356,0.0
250.0,660.0,2977.772,0.0
260.0,660.0,2935.463,0.0
270.0,660.0,2893.61,0.0
280.0,660.0,2852.2117,0.0
290.0,660.0,2811.2693,0.0
300.0,660.0,2770.7803,0.0
310.0,660.0,2730.745,0.0
320.0,660.0,2691.1655,0.0
330.0,660.0,2652.0376,0.0
340.0,660.0,2613.3638,0.0
350.0,660.0,2575.1438,0.0
360.0,660.0,2537.3765,0.0
370.0,660.0,2500.0625,0.0
380.0,660.0,2463.2007,0.0
390.0,660.0,2426.791,0.0
400.0,660.0,2390.834,0.0
410.0,660.0,2355.3281,0.0
420.0,660.0,2320.2747,0.0
430.0,660.0,2285.6724,0.0
440.0,660.0,2251.521,0.0
450.0,660.0,2217.8218,0.0
460.0,660.0,2184.5718,0.0
470.0,660.0,2151.7737,0.0
480.0,660.0,2119.4258,0.0
490.0,660.0,2087.5286,0.0
500.0,660.0,2056.0806,0.0
510.0,660.0,2025.0831,0.0
520.0,660.0,1994.5347,0.0
530.0,660.0,1964.437,0.0
540.0,660.0,1934.788,0.0
550.0,660.0,1905.5878,0.0
560.0,660.0,1876.8369,0.0
570.0,660.0,1848.5344,0.0
580.0,660.0,1820.6812,0.0
590.0,660.0,1793.2762,0.0
600.0,660.0,1766.3203,0.0
610.0,660.0,1739.8125,0.0
620.0,660.0,1713.7528,0.0
630.0,660.0,1688.1406,0.0
640.0,660.0,1662.9763,0.0
650.0,660.0,1638.2598,0.0
660.0,660.0,1613.9912,0.0
670.0,660.0,1590.1699,0.0
680.0,660.0,1566.7959,0.0
690.0,660.0,1543.8685,0.0
700.0,660.0,1521.3887,0.0
710.0,660.0,1499.3557,0.0
720.0,660.0,1477.7695,0.0
730.0,660.0,1456.6293,0.0
740.0,660.0,1435.9368,0.0
750.0,660.0,1415.6898,0.0
760.0,660.0,1395.8896,0.0
770.0,660.0,1376.5352,0.0
780.0,660.0,1357.6277,0.0
790.0,660.0,1339.1665,0.0
800.0,660.0,1321.1501,0.0
810.0,660.0,1303.5804,0.0
820.0,660.0,1286.4553,0.0
830.0,660.0,1269.7769,0.0
840.0,660.0,1253.5432,0.0
850.0,660.0,1237.7566,0.0
860.0,660.0,1222.4146,0.0
870.0,660.0,1207.5181,0.0
880.0,660.0,1193.0667,0.0
890.0,660.0,1179.0602,0.0
900.0,660.0,1165.4985,0.0
910.0,660.0,1152.3822,0.0
920.0,660.0,1139.7107,0.0
930.0,660.0,1127.4844,0.0
940.0,660.0,1115.7021,0.0
950.0,660.0,1104.3654,0.0
960.0,660.0,1093.473,0.0
970.0,660.0,1083.0253,0.0
980.0,660.0,1073.022,0.0
990.0,660.0,1063.4634,0.0
1000.0,660.0,1054.3494,0.0
1010.0,660.0,1045.6794,0.0
1020.0,660.0,1037.4537,0.0
1030.0,660.0,1029.6726,0.0
1040.0,660.0,1022.33527,0.0
1050.0,660.0,1015.4424,0.0
1060.0,660.0,1008.99335,0.0
1070.0,660.0,1002.98895,0.0
1080.0,660.0,997.42847,0.0
1090.0,660.0,992.31165,0.0
1100.0,660.0,987.6388,0.0
1110.0,660.0,983.4101,0.0
1120.0,660.0,979.62537,0.0
1130.0,660.0,976.28455,0.0
1140.0,660.0,973.38745,0.0
1150.0,660.0,970.9343,0.0
1160.0,660.0,968.9245,0.0
1170.0,660.0,967.3584,0.0
1180.0,660.0,966.2363,0.0
1190.0,660.0,965.55774,0.0
1200.0,660.0,965.3231,0.0
1210.0,660.0,965.532,0.0
1220.0,660.0,966.1843,0.0
1230.0,660.0,967.2804,0.0
1240.0,660.0,968.8202,0.0
1250.0,660.0,970.80304,0.0
1260.0,660.0,973.2293,0.0
1270.0,660.0,976.09973,0.0
1280.0,660.0,979.4127,0.0
1290.0,660.0,983.1704,0.0
1300.0,660.0,987.3703,0.0
1310.0,660.0,992.0143,0.0
1320.0,660.0,997.10144,0.0
1330.0,660.0,1002.6323,0.0
1340.0,660.0,1008.606,0.0
1350.0,660.0,1015.0236,0.0
1360.0,660.0,1021.88477,0.0
1370.0,660.0,1029.1881,0.0
1380.0,660.0,1036.9362,0.0
1390.0,660.0,1045.1271,0.0
1400.0,660.0,1053.761,0.0
1410.0,660.0,1062.8384,0.0
1420.0,660.0,1072.3591,0.0
1430.0,660.0,1082.323,0.0
1440.0,660.0,1092.7301,0.0
1450.0,660.0,1103.581,0.0
1460.0,660.0,1114.8749,0.0
1470.0,660.0,1126.6117,0.0
1480.0,660.0,1138.7917,0.0
1490.0,660.0,1151.4144,0.0
1500.0,660.0,1164.48,0.0
1510.0,660.0,1177.9882,0.0
1520.0,660.0,1191.9395,0.0
1530.0,660.0,1206.3346,0.0
1540.0,660.0,1221.1746,0.0
1550.0,660.0,1236.4575,0.0
1560.0,660.0,1252.1841,0.0
1570.0,660.0,1268.3534,0.0
1580.0,660.0,1284.9653,0.0
1590.0,660.0,1302.021,0.0
1600.0,660.0,1319.5203,0.0
1610.0,660.0,1337.4623,0.0
1620.0,660.0,1355.8474,0.0
1630.0,660.0,1374.6765,0.0
1640.0,660.0,1393.9481,0.0
1650.0,660.0,1413.6628,0.0
1660.0,660.0,1433.8207,0.0
1670.0,660.0,1454.4221,0.0
1680.0,660.0,1475.4657,0.0
1690.0,660.0,1496.9534,0.0
1700.0,660.0,1518.8843,0.0
1710.0,660.0,1541.258,0.0
1720.0,660.0,1564.0753,0.0
1730.0,660.0,1587.3354,0.0
1740.0,660.0,1611.038,0.0
1750.0,660.0,1635.1838,0.0
1760.0,660.0,1659.7734,0.0
1770.0,660.0,1684.8058,0.0
1780.0,660.0,1710.2815,0.0
1790.0,660.0,1736.2007,0.0
1800.0,660.0,1762.5616,0.0
-200.0,670.0,39270.906,1.0
-190.0,670.0,39270.906,1.0
-180.0,670.0,39270.906,1.0
-170.0,670.0,39270.906,1.0
-160.0,670.0,39270.906,1.0
-150.0,670.0,39270.906,1.0
-140.0,670.0,39270.906,1.0
-130.0,670.0,39270.906,1.0
-120.0,670.0,39270.906,1.0
-110.0,670.0,39270.906,1.0
-100.0,670.0,39270.906,1.0
-90.0,670.0,39270.906,1.0
-80.0,670.0,39270.906,1.0
-70.0,670.0,39270.906,1.0
-60.0,670.0,39270.906,1.0
-50.0,670.0,39270.906,1.0
-40.0,670.0,39270.906,1.0
-30.0,670.0,39270.906,1.0
-20.0,670.0,39270.906,1.0
-10.0,670.0,39270.906,1.0
0.0,670.0,39270.906,1.0
10.0,670.0,39270.906,1.0
20.0,670.0,39270.906,1.0
30.0,670.0,39270.906,1.0
40.0,670.0,39270.906,1.0
50.0,670.0,39270.906,1.0
60.0,670.0,39270.906,1.0
70.0,670.0,39270.906,1.0
80.0,670.0,39270.906,1.0
90.0,670.0,39270.906,1.0
100.0,670.0,39270.906,1.0
110.0,670.0,39270.906,1.0
120.0,670.0,39270.906,1.0
130.0,670.0,39270.906,1.0
140.0,670.0,39270.906,1.0
150.0,670.0,3403.5488,0.0
160.0,670.0,3357.3828,0.0
170.0,670.0,3311.6697,0.0
180.0,670.0,3266.4058,0.0
190.0,670.0,3221.5928,0.0
200.0,670.0,3177.23,0.0
210.0,670.0,3133.3171,0.0
220.0,670.0,3089.854,0.0
230.0,670.0,3046.8394,0.0
240.0,670.0,3004.2734,0.0
250.0,670.0,2962.1582,0.0
260.0,670.0,2920.4897,0.0
270.0,670.0,2879.2698,0.0
280.0,670.0,2838.4976,0.0
290.0,670.0,2798.1733,0.0
300.0,670.0,2758.2964,0.0
310.0,670.0,2718.8672,0.0
320.0,670.0,2679.8857,0.0
330.0,670.0,2641.3494,0.0
340.0,670.0,2603.2593,0.0
350.0,670.0,2565.6167,0.0
360.0,670.0,2528.4194,0.0
370.0,670.0,2491.668,0.0
380.0,670.0,2455.362,0.0
390.0,670.0,2419.502,0.0
400.0,670.0,2384.086,0.0
410.0,670.0,2349.1162,0.0
420.0,670.0,2314.59,0.0
430.0,670.0,2280.5093,0.0
440.0,670.0,2246.872,0.0
450.0,670.0,2213.6802,0.0
460.0,670.0,2180.9312,0.0
470.0,670.0,2148.6267,0.0
480.0,670.0,2116.7654,0.0
490.0,670.0,2085.3472,0.0
500.0,670.0,2054.373,0.0
510.0,670.0,2023.8412,0.0
520.0,670.0,1993.7526,0.0
530.0,670.0,1964.1067,0.0
540.0,670.0,1934.9031,0.0
550.0,670.0,1906.1416,0.0
560.0,670.0,1877.822,0.0
570.0,670.0,1849.9443,0.0
580.0,670.0,1822.5096,0.0
590.0,670.0,1795.5161,0.0
600.0,670.0,1768.9648,0.0
610.0,670.0,1742.8542,0.0
620.0,670.0,1717.1848,0.0
630.0,670.0,1691.9578,0.0
640.0,670.0,1667.1711,0.0
650.0,670.0,1642.8252,0.0
660.0,670.0,1618.9202,0.0
670.0,670.0,1595.4553,0.0
680.0,670.0,1572.4313,0.0
690.0,670.0,1549.8479,0.0
700.0,670.0,1527.705,0.0
710.0,670.0,1506.0017,0.0
720.0,670.0,1484.739,0.0
730.0,670.0,1463.916,0.0
740.0,670.0,1443.5325,0.0
750.0,670.0,1423.5886,0.0
760.0,670.0,1404.0848,0.0
770.0,670.0,1385.02,0.0
780.0,670.0,1366.3958,0.0
790.0,670.0,1348.2107,0.0
800.0,670.0,1330.4639,0.0
810.0,670.0,1313.1566,0.0
820.0,670.0,1296.2874,0.0
830.0,670.0,1279.8583,0.0
840.0,670.0,1263.8682,0.0
850.0,670.0,1248.3165,0.0
860.0,670.0,1233.2041,0.0
870.0,670.0,1218.5304,0.0
880.0,670.0,1204.2947,0.0
890.0,670.0,1190.4976,0.0
900.0,670.0,1177.1387,0.0
910.0,670.0,1164.2184,0.0
920.0,670.0,1151.7358,0.0
930.0,670.0,1139.6921,0.0
940.0,670.0,1128.0862,0.0
950.0,670.0,1116.9183,0.0
960.0,670.0,1106.1887,0.0
970.0,670.0,1095.8967,0.0
980.0,670.0,1086.0431,0.0
990.0,670.0,1076.6268,0.0
1000.0,670.0,1067.6484,0.0
1010.0,670.0,1059.108,0.0
1020.0,670.0,1051.0056,0.0
1030.0,670.0,1043.3406,0.0
1040.0,670.0,1036.1128,0.0
1050.0,670.0,1029.3226,0.0
1060.0,670.0,1022.96985,0.0
1070.0,670.0,1017.0548,0.0
1080.0,670.0,1011.5768,0.0
1090.0,670.0,1006.53674,0.0
1100.0,670.0,1001.93335,0.0
1110.0,670.0,997.76794,0.0
1120.0,670.0,994.0395,0.0
1130.0,670.0,990.74805,0.0
1140.0,670.0,987.8941,0.0
1150.0,670.0,985.4775,0.0
1160.0,670.0,983.4974,0.0
1170.0,670.0,981.9548,0.0
1180.0,670.0,980.8496,0.0
1190.0,670.0,980.1803,0.0
1200.0,670.0,979.94916,0.0
1210.0,670.0,980.15515,0.0
1220.0,670.0,980.7972,0.0
1230.0,670.0,981.8771,0.0
1240.0,670.0,983.3932,0.0
1250.0,670.0,985.34644,0.0
1260.0,670.0,987.7367,0.0
1270.0,670.0,990.56384,0.0
1280.0,670.0,993.8275,0.0
1290.0,670.0,997.5282,0.0
1300.0,670.0,1001.666,0.0
1310.0,670.0,1006.24036,0.0
1320.0,670.0,1011.2517,0.0
1330.0,670.0,1016.6998,0.0
1340.0,670.0,1022.5841,0.0
1350.0,670.0,1028.906,0.0
1360.0,670.0,1035.6638,0.0
1370.0,670.0,1042.8589,0.0
1380.0,670.0,1050.4902,0.0
1390.0,670.0,1058.5591,0.0
1400.0,670.0,1067.0642,0.0
1410.0,670.0,1076.0061,0.0
1420.0,670.0,1085.3848,0.0
1430.0,670.0,1095.1997,0.0
1440.0,670.0,1105.4517,0.0
1450.0,670.0,1116.1401,0.0
1460.0,670.0,1127.2656,0.0
1470.0,670.0,1138.827,0.0
1480.0,670.0,1150.8254,0.0
1490.0,670.0,1163.26,0.0
1500.0,670.0,1176.1299,0.0
1510.0,670.0,1189.4366,0.0
1520.0,670.0,1203.1797,0.0
1530.0,670.0,1217.3596,0.0
1540.0,670.0,1231.9773,0.0
1550.0,670.0,1247.032,0.0
1560.0,670.0,1262.5243,0.0
1570.0,670.0,1278.4519,0.0
1580.0,670.0,1294.8158,0.0
1590.0,670.0,1311.6167,0.0
1600.0,670.0,1328.854,0.0
1610.0,670.0,1346.5286,0.0
1620.0,670.0,1364.6395,0.0
1630.0,670.0,1383.1868,0.0
1640.0,670.0,1402.1707,0.0
1650.0,670.0,1421.5907,0.0
1660.0,670.0,1441.4476,0.0
1670.0,670.0,1461.7412,0.0
1680.0,670.0,1482.4716,0.0
1690.0,670.0,1503.6382,0.0
1700.0,670.0,1525.241,0.0
1710.0,670.0,1547.281,0.0
1720.0,670.0,1569.757,0.0
1730.0,670.0,1592.67,0.0
1740.0,670.0,1616.0186,0.0
1750.0,670.0,1639.8042,0.0
1760.0,670.0,1664.0266,0.0
1770.0,670.0,1688.685,0.0
1780.0,670.0,1713.7802,0.0
1790.0,670.0,1739.3123,0.0
1800.0,670.0,1765.2799,0.0
-200.0,680.0,39270.906,1.0
-190.0,680.0,39270.906,1.0
-180.0,680.0,39270.906,1.0
-170.0,680.0,39270.906,1.0
-160.0,680.0,39270.906,1.0
-150.0,680.0,39270.906,1.0
-140.0,680.0,39270.906,1.0
-130.0,680.0,39270.906,1.0
-120.0,680.0,39270.906,1.0
-110.0,680.0,39270.906,1.0
-100.0,680.0,39270.906,1.0
-90.0,680.0,39270.906,1.0
-80.0,680.0,39270.906,1.0
-70.0,680.0,39270.906,1.0
-60.0,680.0,39270.906,1.0
-50.0,680.0,39270.906,1.0
-40.0,680.0,39270.906,1.0
-30.0,680.0,39270.906,1.0
-20.0,680.0,39270.906,1.0
-10.0,680.0,39270.906,1.0
0.0,680.0,39270.906,1.0
10.0,680.0,39270.906,1.0
20.0,680.0,39270.906,1.0
30.0,680.0,39270.906,1.0
40.0,680.0,39270.906,1.0
50.0,680.0,39270.906,1.0
60.0,680.0,39270.906,1.0
70.0,680.0,39270.906,1.0
80.0,680.0,39270.906,1.0
90.0,680.0,39270.906,1.0
100.0,680.0,39270.906,1.0
110.0,680.0,39270.906,1.0
120.0,680.0,39270.906,1.0
130.0,680.0,39270.906,1.0
140.0,680.0,39270.906,1.0
150.0,680.0,39270.906,1.0
160.0,680.0,3336.7646,0.0
170.0,680.0,3291.7344,0.0
180.0,680.0,3247.148,0.0
190.0,680.0,3203.005,0.0
200.0,680.0,3159.3047,0.0
210.0,680.0,3116.0483,0.0
220.0,680.0,3073.234,0.0
230.0,680.0,3030.8608,0.0
240.0,680.0,2988.9307,0.0
250.0,680.0,2947.442,0.0
260.0,680.0,2906.3953,0.0
270.0,680.0,2865.7908,0.0
280.0,680.0,2825.626,0.0
290.0,680.0,2785.902,0.0
300.0,680.0,2746.6191,0.0
310.0,680.0,2707.7766,0.0
320.0,680.0,2669.3745,0.0
330.0,680.0,2631.412,0.0
340.0,680.0,2593.8892,0.0
350.0,680.0,2556.8057,0.0
360.0,680.0,2520.161,0.0
370.0,680.0,2483.9558,0.0
380.0,680.0,2448.19,0.0
390.0,680.0,2412.8618,0.0
400.0,680.0,2377.9722,0.0
410.0,680.0,2343.5215,0.0
420.0,680.0,2309.5078,0.0
430.0,680.0,2275.9326,0.0
440.0,680.0,2242.7944,0.0
450.0,680.0,2210.0942,0.0
460.0,680.0,2177.8315,0.0
470.0,680.0,2146.0056,0.0
480.0,680.0,2114.6165,0.0
490.0,680.0,2083.664,0.0
500.0,680.0,2053.149,0.0
510.0,680.0,2023.0698,0.0
520.0,680.0,1993.4258,0.0
530.0,680.0,1964.218,0.0
540.0,680.0,1935.447,0.0
550.0,680.0,1907.1106,0.0
560.0,680.0,1879.2107,0.0
570.0,680.0,1851.7456,0.0
580.0,680.0,1824.7166,0.0
590.0,680.0,1798.1218,0.0
600.0,680.0,1771.9635,0.0
610.0,680.0,1746.2389,0.0
620.0,680.0,1720.9492,0.0
630.0,680.0,1696.0942,0.0
640.0,680.0,1671.6737,0.0
650.0,680.0,1647.6871,0.0
660.0,680.0,1624.1353,0.0
670.0,680.0,1601.0173,0.0
680.0,680.0,1578.3333,0.0
690.0,680.0,1556.083,0.0
700.0,680.0,1534.2668,0.0
710.0,680.0,1512.8837,0.0
720.0,680.0,1491.9343,0.0
730.0,680.0,1471.4182,0.0
740.0,680.0,1451.3353,0.0
750.0,680.0,1431.6858,0.0
760.0,680.0,1412.4695,0.0
770.0,680.0,1393.6864,0.0
780.0,680.0,1375.336,0.0
790.0,680.0,1357.4187,0.0
800.0,680.0,1339.9338,0.0
810.0,680.0,1322.8815,0.0
820.0,680.0,1306.2614,0.0
830.0,680.0,1290.074,0.0
840.0,680.0,1274.3191,0.0
850.0,680.0,1258.9974,0.0
860.0,680.0,1244.1078,0.0
870.0,680.0,1229.6489,0.0
880.0,680.0,1215.6229,0.0
890.0,680.0,1202.029,0.0
900.0,680.0,1188.8668,0.0
910.0,680.0,1176.1365,0.0
920.0,680.0,1163.8379,0.0
930.0,680.0,1151.9716,0.0
940.0,680.0,1140.5364,0.0
950.0,680.0,1129.5323,0.0
960.0,680.0,1118.9604,0.0
970.0,680.0,1108.8203,0.0
980.0,680.0,1099.1112,0.0
990.0,680.0,1089.8333,0.0
1000.0,680.0,1080.9872,0.0
1010.0,680.0,1072.5729,0.0
1020.0,680.0,1064.5892,0.0
1030.0,680.0,1057.0366,0.0
1040.0,680.0,1049.9149,0.0
1050.0,680.0,1043.2244,0.0
1060.0,680.0,1036.9648,0.0
1070.0,680.0,1031.137,0.0
1080.0,680.0,1025.7397,0.0
1090.0,680.0,1020.773,0.0
1100.0,680.0,1016.2378,0.0
1110.0,680.0,1012.1334,0.0
1120.0,680.0,1008.4592,0.0
1130.0,680.0,1005.21625,0.0
1140.0,680.0,1002.40436,0.0
1150.0,680.0,1000.0228,0.0
1160.0,680.0,998.07214,0.0
1170.0,680.0,996.5516,0.0
1180.0,680.0,995.4624,0.0
1190.0,680.0,994.8032,0.0
1200.0,680.0,994.57556,0.0
1210.0,680.0,994.7778,0.0
1220.0,680.0,995.4109,0.0
1230.0,680.0,996.47437,0.0
1240.0,680.0,997.96826,0.0
1250.0,680.0,999.8926,0.0
1260.0,680.0,1002.24756,0.0
1270.0,680.0,1005.03296,0.0
1280.0,680.0,1008.24854,0.0
1290.0,680.0,1011.895,0.0
1300.0,680.0,1015.972,0.0
1310.0,680.0,1020.4784,0.0
1320.0,680.0,1025.4159,0.0
1330.0,680.0,1030.7834,0.0
1340.0,680.0,1036.5817,0.0
1350.0,680.0,1042.8097,0.0
1360.0,680.0,1049.4688,0.0
1370.0,680.0,1056.5576,0.0
1380.0,680.0,1064.077,0.0
1390.0,680.0,1072.0266,0.0
1400.0,680.0,1080.4066,0.0
1410.0,680.0,1089.2169,0.0
1420.0,680.0,1098.4572,0.0
1430.0,680.0,1108.1278,0.0
1440.0,680.0,1118.2288,0.0
1450.0,680.0,1128.7603,0.0
1460.0,680.0,1139.7219,0.0
1470.0,680.0,1151.1135,0.0
1480.0,680.0,1162.935,0.0
1490.0,680.0,1175.1869,0.0
1500.0,680.0,1187.8679,0.0
1510.0,680.0,1200.979,0.0
1520.0,680.0,1214.5199,0.0
1530.0,680.0,1228.4907,0.0
1540.0,680.0,1242.8926,0.0
1550.0,680.0,1257.7262,0.0
1560.0,680.0,1272.9894,0.0
1570.0,680.0,1288.6832,0.0
1580.0,680.0,1304.8069,0.0
1590.0,680.0,1321.3601,0.0
1600.0,680.0,1338.3444,0.0
1610.0,680.0,1355.7583,0.0
1620.0,680.0,1373.6027,0.0
1630.0,680.0,1391.8774,0.0
1640.0,680.0,1410.5818,0.0
1650.0,680.0,1429.7166,0.0
1660.0,680.0,1449.281,0.0
1670.0,680.0,1469.2764,0.0
1680.0,680.0,1489.7014,0.0
1690.0,680.0,1510.5563,0.0
1700.0,680.0,1531.8418,0.0
1710.0,680.0,1553.5568,0.0
1720.0,680.0,1575.7024,0.0
1730.0,680.0,1598.2781,0.0
1740.0,680.0,1621.2834,0.0
1750.0,680.0,1644.7192,0.0
1760.0,680.0,1668.5842,0.0
1770.0,680.0,1692.8806,0.0
1780.0,680.0,1717.6056,0.0
1790.0,680.0,1742.7623,0.0
1800.0,680.0,1768.348,0.0
-200.0,690.0,39270.906,1.0
-190.0,690.0,39270.906,1.0
-180.0,690.0,39270.906,1.0
-170.0,690.0,39270.906,1.0
-160.0,690.0,39270.906,1.0
-150.0,690.0,39270.906,1.0
-140.0,690.0,39270.906,1.0
-130.0,690.0,39270.906,1.0
-120.0,690.0,39270.906,1.0
-110.0,690.0,39270.906,1.0
-100.0,690.0,39270.906,1.0
-90.0,690.0,39270.906,1.0
-80.0,690.0,39270.906,1.0
-70.0,690.0,39270.906,1.0
-60.0,690.0,39270.906,1.0
-50.0,690.0,39270.906,1.0
-40.0,690.0,39270.906,1.0
-30.0,690.0,39270.906,1.0
-20.0,690.0,39270.906,1.0
-10.0,690.0,39270.906,1.0
0.0,690.0,39270.906,1.0
10.0,690.0,39270.906,1.0
20.0,690.0,39270.906,1.0
30.0,690.0,39270.906,1.0
40.0,690.0,39270.906,1.0
50.0,690.0,39270.906,1.0
60.0,690.0,39270.906,1.0
70.0,690.0,39270.906,1.0
80.0,690.0,39270.906,1.0
90.0,690.0,39270.906,1.0
100.0,690.0,39270.906,1.0
110.0,690.0,39270.906,1.0
120.0,690.0,39270.906,1.0
130.0,690.0,39270.906,1.0
140.0,690.0,39270.906,1.0
150.0,690.0,39270.906,1.0
160.0,690.0,3317.1816,0.0
170.0,690.0,3272.814,0.0
180.0,690.0,3228.885,0.0
190.0,690.0,3185.3914,0.0
200.0,690.0,3142.3342,0.0
210.0,690.0,3099.7131,0.0
220.0,690.0,3057.5278,0.0
230.0,690.0,3015.779,0.0
240.0,690.0,2974.4653,0.0
250.0,690.0,2933.5864,0.0
260.0,690.0,2893.1426,0.0
270.0,690.0,2853.1328,0.0
280.0,690.0,2813.5588,0.0
290.0,690.0,2774.418,0.0
300.0,690.0,2735.7114,0.0
310.0,690.0,2697.4385,0.0
320.0,690.0,2659.5996,0.0
330.0,690.0,2622.193,0.0
340.0,690.0,2585.2202,0.0
350.0,690.0,2548.6792,0.0
360.0,690.0,2512.5723,0.0
370.0,690.0,2476.8975,0.0
380.0,690.0,2441.6543,0.0
390.0,690.0,2406.8433,0.0
400.0,690.0,2372.464,0.0
410.0,690.0,2338.5168,0.0
420.0,690.0,2305.001,0.0
430.0,690.0,2271.916,0.0
440.0,690.0,2239.263,0.0
450.0,690.0,2207.041,0.0
460.0,690.0,2175.2485,0.0
470.0,690.0,2143.8877,0.0
480.0,690.0,2112.9573,0.0
490.0,690.0,2082.457,0.0
500.0,690.0,2052.3862,0.0
510.0,690.0,2022.7454,0.0
520.0,690.0,1993.5344,0.0
530.0,690.0,1964.7532,0.0
540.0,690.0,1936.4015,0.0
550.0,690.0,1908.4785,0.0
560.0,690.0,1880.9846,0.0
570.0,690.0,1853.9202,0.0
580.0,690.0,1827.2848,0.0
590.0,690.0,1801.0784,0.0
600.0,690.0,1775.2993,0.0
610.0,690.0,1749.9507,0.0
620.0,690.0,1725.0293,0.0
630.0,690.0,1700.536,0.0
640.0,690.0,1676.4705,0.0
650.0,690.0,1652.8337,0.0
660.0,690.0,1629.6243,0.0
670.0,690.0,1606.8428,0.0
680.0,690.0,1584.4885,0.0
690.0,690.0,1562.562,0.0
700.0,690.0,1541.0629,0.0
710.0,690.0,1519.9906,0.0
720.0,690.0,1499.3462,0.0
730.0,690.0,1479.1277,0.0
740.0,690.0,1459.3369,0.0
750.0,690.0,1439.9733,0.0
760.0,690.0,1421.0364,0.0
770.0,690.0,1402.5259,0.0
780.0,690.0,1384.4419,0.0
790.0,690.0,1366.7847,0.0
800.0,690.0,1349.5537,0.0
810.0,690.0,1332.7485,0.0
820.0,690.0,1316.3696,0.0
830.0,690.0,1300.4175,0.0
840.0,690.0,1284.8922,0.0
850.0,690.0,1269.792,0.0
860.0,690.0,1255.118,0.0
870.0,690.0,1240.8699,0.0
880.0,690.0,1227.0471,0.0
890.0,690.0,1213.6506,0.0
900.0,690.0,1200.6787,0.0
910.0,690.0,1188.1335,0.0
920.0,690.0,1176.0132,0.0
930.0,690.0,1164.3181,0.0
940.0,690.0,1153.049,0.0
950.0,690.0,1142.2054,0.0
960.0,690.0,1131.7866,0.0
970.0,690.0,1121.7932,0.0
980.0,690.0,1112.2249,0.0
990.0,690.0,1103.0813,0.0
1000.0,690.0,1094.3633,0.0
1010.0,690.0,1086.0706,0.0
1020.0,690.0,1078.2029,0.0
1030.0,690.0,1070.7593,0.0
1040.0,690.0,1063.7411,0.0
1050.0,690.0,1057.1475,0.0
1060.0,690.0,1050.979,0.0
1070.0,690.0,1045.235,0.0
1080.0,690.0,1039.9156,0.0
1090.0,690.0,1035.021,0.0
1100.0,690.0,1030.5515,0.0
1110.0,690.0,1026.5061,0.0
1120.0,690.0,1022.8853,0.0
1130.0,690.0,1019.68964,0.0
1140.0,690.0,1016.91797,0.0
1150.0,690.0,1014.57074,0.0
1160.0,690.0,1012.6481,0.0
1170.0,690.0,1011.1496,0.0
1180.0,690.0,1010.0759,0.0
1190.0,690.0,1009.42633,0.0
1200.0,690.0,1009.2013,0.0
1210.0,690.0,1009.40106,0.0
1220.0,690.0,1010.02466,0.0
1230.0,690.0,1011.0728,0.0
1240.0,690.0,1012.54456,0.0
1250.0,690.0,1014.4409,0.0
1260.0,690.0,1016.7615,0.0
1270.0,690.0,1019.5062,0.0
1280.0,690.0,1022.6756,0.0
1290.0,690.0,1026.2688,0.0
1300.0,690.0,1030.2864,0.0
1310.0,690.0,1034.7273,0.0
1320.0,690.0,1039.5935,0.0
1330.0,690.0,1044.8832,0.0
1340.0,690.0,1050.5968,0.0
1350.0,690.0,1056.735,0.0
1360.0,690.0,1063.2969,0.0
1370.0,690.0,1070.283,0.0
1380.0,690.0,1077.6934,0.0
1390.0,690.0,1085.5278,0.0
1400.0,690.0,1093.7861,0.0
1410.0,690.0,1102.4685,0.0
1420.0,690.0,1111.575,0.0
1430.0,690.0,1121.1052,0.0
1440.0,690.0,1131.0597,0.0
1450.0,690.0,1141.4385,0.0
1460.0,690.0,1152.2407,0.0
1470.0,690.0,1163.4675,0.0
1480.0,690.0,1175.1176,0.0
1490.0,690.0,1187.1917,0.0
1500.0,690.0,1199.6897,0.0
1510.0,690.0,1212.6101,0.0
1520.0,690.0,1225.955,0.0
1530.0,690.0,1239.723,0.0
1540.0,690.0,1253.9156,0.0
1550.0,690.0,1268.5332,0.0
1560.0,690.0,1283.5756,0.0
1570.0,690.0,1299.0421,0.0
1580.0,690.0,1314.9319,0.0
1590.0,690.0,1331.2456,0.0
1600.0,690.0,1347.9832,0.0
1610.0,690.0,1365.144,0.0
1620.0,690.0,1382.73,0.0
1630.0,690.0,1400.7393,0.0
1640.0,690.0,1419.1731,0.0
1650.0,690.0,1438.0298,0.0
1660.0,690.0,1457.3109,0.0
1670.0,690.0,1477.0162,0.0
1680.0,690.0,1497.1448,0.0
1690.0,690.0,1517.6978,0.0
1700.0,690.0,1538.6744,0.0
1710.0,690.0,1560.0747,0.0
1720.0,690.0,1581.8992,0.0
1730.0,690.0,1604.1475,0.0
1740.0,690.0,1626.8193,0.0
1750.0,690.0,1649.915,0.0
1760.0,690.0,1673.4344,0.0
1770.0,690.0,1697.3778,0.0
1780.0,690.0,1721.745,0.0
1790.0,690.0,1746.5366,0.0
1800.0,690.0,1771.7507,0.0
-200.0,700.0,39270.906,1.0
-190.0,700.0,39270.906,1.0
-180.0,700.0,39270.906,1.0
-170.0,700.0,39270.906,1.0
-160.0,700.0,39270.906,1.0
-150.0,700.0,39270.906,1.0
-140.0,700.0,39270.906,1.0
-130.0,700.0,39270.906,1.0
-120.0,700.0,39270.906,1.0
-110.0,700.0,39270.906,1.0
-100.0,700.0,39270.906,1.0
-90.0,700.0,39270.906,1.0
-80.0,700.0,39270.906,1.0
-70.0,700.0,39270.906,1.0
-60.0,700.0,39270.906,1.0
-50.0,700.0,39270.906,1.0
-40.0,700.0,39270.906,1.0
-30.0,700.0,39270.906,1.0
-20.0,700.0,39270.906,1.0
-10.0,700.0,39270.906,1.0
0.0,700.0,39270.906,1.0
10.0,700.0,39270.906,1.0
20.0,700.0,39270.906,1.0
30.0,700.0,39270.906,1.0
40.0,700.0,39270.906,1.0
50.0,700.0,39270.906,1.0
60.0,700.0,39270.906,1.0
70.0,700.0,39270.906,1.0
80.0,700.0,39270.906,1.0
90.0,700.0,39270.906,1.0
100.0,700.0,39270.906,1.0
110.0,700.0,39270.906,1.0
120.0,700.0,39270.906,1.0
130.0,700.0,39270.906,1.0
140.0,700.0,39270.906,1.0
150.0,700.0,39270.906,1.0
160.0,700.0,39270.906,1.0
170.0,700.0,3254.8647,0.0
180.0,700.0,3211.5708,0.0
190.0,700.0,3168.7092,0.0
200.0,700.0,3126.2773,0.0
210.0,700.0,3084.2734,0.0
220.0,700.0,3042.7002,0.0
230.0,700.0,3001.5552,0.0
240.0,700.0,2960.8398,0.0
250.0,700.0,2920.5527,0.0
260.0,700.0,2880.6943,0.0
270.0,700.0,2841.2637,0.0
280.0,700.0,2802.261,0.0
290.0,700.0,2763.6865,0.0
300.0,700.0,2725.5396,0.0
310.0,700.0,2687.8193,0.0
320.0,700.0,2650.5273,0.0
330.0,700.0,2613.6616,0.0
340.0,700.0,2577.222,0.0
350.0,700.0,2541.2095,0.0
360.0,700.0,2505.6228,0.0
370.0,700.0,2470.4626,0.0
380.0,700.0,2435.7275,0.0
390.0,700.0,2401.4194,0.0
400.0,700.0,2367.5352,0.0
410.0,700.0,2334.0776,0.0
420.0,700.0,2301.045,0.0
430.0,700.0,2268.4365,0.0
440.0,700.0,2236.2534,0.0
450.0,700.0,2204.495,0.0
460.0,700.0,2173.161,0.0
470.0,700.0,2142.2515,0.0
480.0,700.0,2111.766,0.0
490.0,700.0,2081.7048,0.0
500.0,700.0,2052.0662,0.0
510.0,700.0,2022.8518,0.0
520.0,700.0,1994.06,0.0
530.0,700.0,1965.6929,0.0
540.0,700.0,1937.7482,0.0
550.0,700.0,1910.2268,0.0
560.0,700.0,1883.1279,0.0
570.0,700.0,1856.4531,0.0
580.0,700.0,1830.1995,0.0
590.0,700.0,1804.3694,0.0
600.0,700.0,1778.9609,0.0
610.0,700.0,1753.9751,0.0
620.0,700.0,1729.412,0.0
630.0,700.0,1705.27,0.0
640.0,700.0,1681.5503,0.0
650.0,700.0,1658.2517,0.0
660.0,700.0,1635.3749,0.0
670.0,700.0,1612.9202,0.0
680.0,700.0,1590.8866,0.0
690.0,700.0,1569.2744,0.0
700.0,700.0,1548.0835,0.0
710.0,700.0,1527.3132,0.0
720.0,700.0,1506.9644,0.0
730.0,700.0,1487.0356,0.0
740.0,700.0,1467.5286,0.0
750.0,700.0,1448.4419,0.0
760.0,700.0,1429.7767,0.0
770.0,700.0,1411.5316,0.0
780.0,700.0,1393.7063,0.0
790.0,700.0,1376.3015,0.0
800.0,700.0,1359.3164,0.0
810.0,700.0,1342.7527,0.0
820.0,700.0,1326.608,0.0
830.0,700.0,1310.8845,0.0
840.0,700.0,1295.5806,0.0
850.0,700.0,1280.697,0.0
860.0,700.0,1266.2325,0.0
870.0,700.0,1252.188,0.0
880.0,700.0,1238.5636,0.0
890.0,700.0,1225.3577,0.0
900.0,700.0,1212.5714,0.0
910.0,700.0,1200.2053,0.0
920.0,700.0,1188.2587,0.0
930.0,700.0,1176.7308,0.0
940.0,700.0,1165.6228,0.0
950.0,700.0,1154.9338,0.0
960.0,700.0,1144.6638,0.0
970.0,700.0,1134.8132,0.0
980.0,700.0,1125.3816,0.0
990.0,700.0,1116.3689,0.0
1000.0,700.0,1107.7756,0.0
1010.0,700.0,1099.6013,0.0
1020.0,700.0,1091.8455,0.0
1030.0,700.0,1084.5083,0.0
1040.0,700.0,1077.5901,0.0
1050.0,700.0,1071.0907,0.0
1060.0,700.0,1065.0105,0.0
1070.0,700.0,1059.3478,0.0
1080.0,700.0,1054.1044,0.0
1090.0,700.0,1049.2798,0.0
1100.0,700.0,1044.8738,0.0
1110.0,700.0,1040.8865,0.0
1120.0,700.0,1037.3171,0.0
1130.0,700.0,1034.1667,0.0
1140.0,700.0,1031.4346,0.0
1150.0,700.0,1029.1208,0.0
1160.0,700.0,1027.2255,0.0
1170.0,700.0,1025.7485,0.0
1180.0,700.0,1024.6897,0.0
1190.0,700.0,1024.0493,0.0
1200.0,700.0,1023.82764,0.0
1210.0,700.0,1024.0237,0.0
1220.0,700.0,1024.6388,0.0
1230.0,700.0,1025.6713,0.0
1240.0,700.0,1027.1223,0.0
1250.0,700.0,1028.9915,0.0
1260.0,700.0,1031.2784,0.0
1270.0,700.0,1033.9844,0.0
1280.0,700.0,1037.1077,0.0
1290.0,700.0,1040.6495,0.0
1300.0,700.0,1044.6097,0.0
1310.0,700.0,1048.9875,0.0
1320.0,700.0,1053.7833,0.0
1330.0,700.0,1058.9976,0.0
1340.0,700.0,1064.6296,0.0
1350.0,700.0,1070.6802,0.0
1360.0,700.0,1077.1481,0.0
1370.0,700.0,1084.0344,0.0
1380.0,700.0,1091.3381,0.0
1390.0,700.0,1099.0608,0.0
1400.0,700.0,1107.2009,0.0
1410.0,700.0,1115.7593,0.0
1420.0,700.0,1124.7354,0.0
1430.0,700.0,1134.1296,0.0
1440.0,700.0,1143.9417,0.0
1450.0,700.0,1154.1719,0.0
1460.0,700.0,1164.8201,0.0
1470.0,700.0,1175.886,0.0
1480.0,700.0,1187.3695,0.0
1490.0,700.0,1199.2717,0.0
1500.0,700.0,1211.5905,0.0
1510.0,700.0,1224.3271,0.0
1520.0,700.0,1237.4813,0.0
1530.0,700.0,1251.0525,0.0
1540.0,700.0,1265.042,0.0
1550.0,700.0,1279.45,0.0
1560.0,700.0,1294.2767,0.0
1570.0,700.0,1309.5223,0.0
1580.0,700.0,1325.185,0.0
1590.0,700.0,1341.2659,0.0
1600.0,700.0,1357.7639,0.0
1610.0,700.0,1374.6802,0.0
1620.0,700.0,1392.0144,0.0
1630.0,700.0,1409.766,0.0
1640.0,700.0,1427.936,0.0
1650.0,700.0,1446.5242,0.0
1660.0,700.0,1465.5294,0.0
1670.0,700.0,1484.9524,0.0
1680.0,700.0,1504.7936,0.0
1690.0,700.0,1525.053,0.0
1700.0,700.0,1545.7292,0.0
1710.0,700.0,1566.8237,0.0
1720.0,700.0,1588.3362,0.0
1730.0,700.0,1610.2667,0.0
1740.0,700.0,1632.6143,0.0
1750.0,700.0,1655.3799,0.0
1760.0,700.0,1678.5636,0.0
1770.0,700.0,1702.1644,0.0
1780.0,700.0,1726.1833,0.0
1790.0,700.0,1750.6202,0.0
1800.0,700.0,1775.4744,0.0
-200.0,710.0,39270.906,1.0
-190.0,710.0,39270.906,1.0
-180.0,710.0,39270.906,1.0
-170.0,710.0,39270.906,1.0
-160.0,710.0,39270.906,1.0
-150.0,710.0,39270.906,1.0
-140.0,710.0,39270.906,1.0
-130.0,710.0,39270.906,1.0
-120.0,710.0,39270.906,1.0
-110.0,710.0,39270.906,1.0
-100.0,710.0,39270.906,1.0
-90.0,710.0,39270.906,1.0
-80.0,710.0,39270.906,1.0
-70.0,710.0,39270.906,1.0
-60.0,710.0,39270.906,1.0
-50.0,710.0,39270.906,1.0
-40.0,710.0,39270.906,1.0
-30.0,710.0,39270.906,1.0
-20.0,710.0,39270.906,1.0
-10.0,710.0,39270.906,1.0
0.0,710.0,39270.906,1.0
10.0,710.0,39270.906,1.0
20.0,710.0,39270.906,1.0
30.0,710.0,39270.906,1.0
40.0,710.0,39270.906,1.0
50.0,710.0,39270.906,1.0
60.0,710.0,39270.906,1.0
70.0,710.0,39270.906,1.0
80.0,710.0,39270.906,1.0
90.0,710.0,39270.906,1.0
100.0,710.0,39270.906,1.0
110.0,710.0,39270.906,1.0
120.0,710.0,39270.906,1.0
130.0,710.0,39270.906,1.0
140.0,710.0,39270.906,1.0
150.0,710.0,39270.906,1.0
160.0,710.0,39270.906,1.0
170.0,710.0,39270.906,1.0
180.0,710.0,3195.1682,0.0
190.0,710.0,3152.9185,0.0
200.0,710.0,3111.093,0.0
210.0,710.0,3069.6897,0.0
220.0,710.0,3028.7104,0.0
230.0,710.0,2988.1523,0.0
240.0,710.0,2948.0186,0.0
250.0,710.0,2908.306,0.0
260.0,710.0,2869.016,0.0
270.0,710.0,2830.148,0.0
280.0,710.0,2791.7012,0.0
290.0,710.0,2753.6765,0.0
300.0,710.0,2716.0728,0.0
310.0,710.0,2678.8904,0.0
320.0,710.0,2642.129,0.0
330.0,710.0,2605.7874,0.0
340.0,710.0,2569.8665,0.0
350.0,710.0,2534.3662,0.0
360.0,710.0,2499.286,0.0
370.0,710.0,2464.6255,0.0
380.0,710.0,2430.3853,0.0
390.0,710.0,2396.5642,0.0
400.0,710.0,2363.1616,0.0
410.0,710.0,2330.1792,0.0
420.0,710.0,2297.6147,0.0
430.0,710.0,2265.4707,0.0
440.0,710.0,2233.744,0.0
450.0,710.0,2202.4368,0.0
460.0,710.0,2171.5469,0.0
470.0,710.0,2141.0764,0.0
480.0,710.0,2111.0225,0.0
490.0,710.0,2081.3877,0.0
500.0,710.0,2052.1694,0.0
510.0,710.0,2023.369,0.0
520.0,710.0,1994.9861,0.0
530.0,710.0,1967.0205,0.0
540.0,710.0,1939.4712,0.0
550.0,710.0,1912.3396,0.0
560.0,710.0,1885.6252,0.0
570.0,710.0,1859.3273,0.0
580.0,710.0,1833.446,0.0
590.0,710.0,1807.9807,0.0
600.0,710.0,1782.9323,0.0
610.0,710.0,1758.3,0.0
620.0,710.0,1734.0836,0.0
630.0,710.0,1710.2836,0.0
640.0,710.0,1686.8989,0.0
650.0,710.0,1663.9299,0.0
660.0,710.0,1641.3776,0.0
670.0,710.0,1619.2394,0.0
680.0,710.0,1597.5172,0.0
690.0,710.0,1576.2102,0.0
700.0,710.0,1555.3188,0.0
710.0,710.0,1534.8423,0.0
720.0,710.0,1514.7805,0.0
730.0,710.0,1495.1335,0.0
740.0,710.0,1475.9014,0.0
750.0,710.0,1457.0845,0.0
760.0,710.0,1438.6827,0.0
770.0,710.0,1420.6952,0.0
780.0,710.0,1403.1216,0.0
790.0,710.0,1385.9624,0.0
800.0,710.0,1369.2168,0.0
810.0,710.0,1352.8865,0.0
820.0,710.0,1336.9702,0.0
830.0,710.0,1321.4683,0.0
840.0,710.0,1306.3806,0.0
850.0,710.0,1291.7065,0.0
860.0,710.0,1277.446,0.0
870.0,710.0,1263.5992,0.0
880.0,710.0,1250.1671,0.0
890.0,710.0,1237.1473,0.0
900.0,710.0,1224.5417,0.0
910.0,710.0,1212.35,0.0
920.0,710.0,1200.571,0.0
930.0,710.0,1189.2062,0.0
940.0,710.0,1178.2542,0.0
950.0,710.0,1167.7158,0.0
960.0,710.0,1157.5906,0.0
970.0,710.0,1147.8789,0.0
980.0,710.0,1138.58,0.0
990.0,710.0,1129.6943,0.0
1000.0,710.0,1121.2212,0.0
1010.0,710.0,1113.1626,0.0
1020.0,710.0,1105.5157,0.0
1030.0,710.0,1098.2817,0.0
1040.0,710.0,1091.4612,0.0
1050.0,710.0,1085.053,0.0
1060.0,710.0,1079.0577,0.0
1070.0,710.0,1073.4757,0.0
1080.0,710.0,1068.3059,0.0
1090.0,710.0,1063.5491,0.0
1100.0,710.0,1059.2048,0.0
1110.0,710.0,1055.2733,0.0
1120.0,710.0,1051.7544,0.0
1130.0,710.0,1048.6482,0.0
1140.0,710.0,1045.9541,0.0
1150.0,710.0,1043.6733,0.0
1160.0,710.0,1041.8044,0.0
1170.0,710.0,1040.3481,0.0
1180.0,710.0,1039.3038,0.0
1190.0,710.0,1038.6724,0.0
1200.0,710.0,1038.4536,0.0
1210.0,710.0,1038.6472,0.0
1220.0,710.0,1039.2534,0.0
1230.0,710.0,1040.2712,0.0
1240.0,710.0,1041.7014,0.0
1250.0,710.0,1043.5446,0.0
1260.0,710.0,1045.7991,0.0
1270.0,710.0,1048.4663,0.0
1280.0,710.0,1051.5457,0.0
1290.0,710.0,1055.0374,0.0
1300.0,710.0,1058.9414,0.0
1310.0,710.0,1063.2574,0.0
1320.0,710.0,1067.9861,0.0
1330.0,710.0,1073.1267,0.0
1340.0,710.0,1078.6791,0.0
1350.0,710.0,1084.6437,0.0
1360.0,710.0,1091.0208,0.0
1370.0,710.0,1097.81,0.0
1380.0,710.0,1105.011,0.0
1390.0,710.0,1112.6241,0.0
1400.0,710.0,1120.6497,0.0
1410.0,710.0,1129.0875,0.0
1420.0,710.0,1137.937,0.0
1430.0,710.0,1147.199,0.0
1440.0,710.0,1156.8728,0.0
1450.0,710.0,1166.9587,0.0
1460.0,710.0,1177.457,0.0
1470.0,710.0,1188.3668,0.0
1480.0,710.0,1199.6887,0.0
1490.0,710.0,1211.4229,0.0
1500.0,710.0,1223.5685,0.0
1510.0,710.0,1236.126,0.0
1520.0,710.0,1249.0942,0.0
1530.0,710.0,1262.4751,0.0
1540.0,710.0,1276.2666,0.0
1550.0,710.0,1290.4714,0.0
1560.0,710.0,1305.0887,0.0
1570.0,710.0,1320.119,0.0
1580.0,710.0,1335.5614,0.0
1590.0,710.0,1351.4159,0.0
1600.0,710.0,1367.6813,0.0
1610.0,710.0,1384.3594,0.0
1620.0,710.0,1401.449,0.0
1630.0,710.0,1418.9503,0.0
1640.0,710.0,1436.8644,0.0
1650.0,710.0,1455.19,0.0
1660.0,710.0,1473.928,0.0
1670.0,710.0,1493.0775,0.0
1680.0,710.0,1512.6389,0.0
1690.0,710.0,1532.6123,0.0
1700.0,710.0,1552.9978,0.0
1710.0,710.0,1573.7947,0.0
1720.0,710.0,1595.0042,0.0
1730.0,710.0,1616.6248,0.0
1740.0,710.0,1638.6581,0.0
1750.0,710.0,1661.103,0.0
1760.0,710.0,1683.96,0.0
1770.0,710.0,1707.2281,0.0
1780.0,710.0,1730.9081,0.0
1790.0,710.0,1755.001,0.0
1800.0,710.0,1779.5042,0.0
-200.0,720.0,39270.906,1.0
-190.0,720.0,39270.906,1.0
-180.0,720.0,39270.906,1.0
-170.0,720.0,39270.906,1.0
-160.0,720.0,39270.906,1.0
-150.0,720.0,39270.906,1.0
-140.0,720.0,39270.906,1.0
-130.0,720.0,39270.906,1.0
-120.0,720.0,39270.906,1.0
-110.0,720.0,39270.906,1.0
-100.0,720.0,39270.906,1.0
-90.0,720.0,39270.906,1.0
-80.0,720.0,39270.906,1.0
-70.0,720.0,39270.906,1.0
-60.0,720.0,39270.906,1.0
-50.0,720.0,39270.906,1.0
-40.0,720.0,39270.906,1.0
-30.0,720.0,39270.906,1.0
-20.0,720.0,39270.906,1.0
-10.0,720.0,39270.906,1.0
0.0,720.0,39270.906,1.0
10.0,720.0,39270.906,1.0
20.0,720.0,39270.906,1.0
30.0,720.0,39270.906,1.0
40.0,720.0,39270.906,1.0
50.0,720.0,39270.906,1.0
60.0,720.0,39270.906,1.0
70.0,720.0,39270.906,1.0
80.0,720.0,39270.906,1.0
90.0,720.0,39270.906,1.0
100.0,720.0,39270.906,1.0
110.0,720.0,39270.906,1.0
120.0,720.0,39270.906,1.0
130.0,720.0,39270.906,1.0
140.0,720.0,39270.906,1.0
150.0,720.0,39270.906,1.0
160.0,720.0,39270.906,1.0
170.0,720.0,39270.906,1.0
180.0,720.0,3179.6377,0.0
190.0,720.0,3137.9834,0.0
200.0,720.0,3096.7466,0.0
210.0,720.0,3055.926,0.0
220.0,720.0,3015.523,0.0
230.0,720.0,2975.5361,0.0
240.0,720.0,2935.9668,0.0
250.0,720.0,2896.813,0.0
260.0,720.0,2858.0752,0.0
270.0,720.0,2819.7534,0.0
280.0,720.0,2781.8472,0.0
290.0,720.0,2744.3562,0.0
300.0,720.0,2707.2808,0.0
310.0,720.0,2670.6204,0.0
320.0,720.0,2634.375,0.0
330.0,720.0,2598.5444,0.0
340.0,720.0,2563.1267,0.0
350.0,720.0,2528.1245,0.0
360.0,720.0,2493.5356,0.0
370.0,720.0,2459.3618,0.0
380.0,720.0,2425.6006,0.0
390.0,720.0,2392.2534,0.0
400.0,720.0,2359.3188,0.0
410.0,720.0,2326.798,0.0
420.0,720.0,2294.6912,0.0
430.0,720.0,2262.9956,0.0
440.0,720.0,2231.7139,0.0
450.0,720.0,2200.844,0.0
460.0,720.0,2170.3867,0.0
470.0,720.0,2140.3418,0.0
480.0,720.0,2110.7097,0.0
490.0,720.0,2081.4878,0.0
500.0,720.0,2052.6777,0.0
510.0,720.0,2024.2802,0.0
520.0,720.0,1996.2932,0.0
530.0,720.0,1968.7183,0.0
540.0,720.0,1941.5549,0.0
550.0,720.0,1914.8024,0.0
560.0,720.0,1888.4604,0.0
570.0,720.0,1862.53,0.0
580.0,720.0,1837.0095,0.0
590.0,720.0,1811.9001,0.0
600.0,720.0,1787.2012,0.0
610.0,720.0,1762.9125,0.0
620.0,720.0,1739.0334,0.0
630.0,720.0,1715.5654,0.0
640.0,720.0,1692.5061,0.0
650.0,720.0,1669.8584,0.0
660.0,720.0,1647.6194,0.0
670.0,720.0,1625.7905,0.0
680.0,720.0,1604.3705,0.0
690.0,720.0,1583.3612,0.0
700.0,720.0,1562.7604,0.0
710.0,720.0,1542.5687,0.0
720.0,720.0,1522.7863,0.0
730.0,720.0,1503.4133,0.0
740.0,720.0,1484.449,0.0
750.0,720.0,1465.8947,0.0
760.0,720.0,1447.7485,0.0
770.0,720.0,1430.011,0.0
780.0,720.0,1412.6823,0.0
790.0,720.0,1395.7614,0.0
800.0,720.0,1379.2495,0.0
810.0,720.0,1363.1462,0.0
820.0,720.0,1347.4509,0.0
830.0,720.0,1332.1647,0.0
840.0,720.0,1317.2874,0.0
850.0,720.0,1302.8167,0.0
860.0,720.0,1288.7544,0.0
870.0,720.0,1275.1007,0.0
880.0,720.0,1261.8542,0.0
890.0,720.0,1249.0162,0.0
900.0,720.0,1236.5858,0.0
910.0,720.0,1224.563,0.0
920.0,720.0,1212.9479,0.0
930.0,720.0,1201.741,0.0
940.0,720.0,1190.9413,0.0
950.0,720.0,1180.5493,0.0
960.0,720.0,1170.5647,0.0
970.0,720.0,1160.9875,0.0
980.0,720.0,1151.8176,0.0
990.0,720.0,1143.0554,0.0
1000.0,720.0,1134.7009,0.0
1010.0,720.0,1126.7533,0.0
1020.0,720.0,1119.2125,0.0
1030.0,720.0,1112.079,0.0
1040.0,720.0,1105.3529,0.0
1050.0,720.0,1099.0339,0.0
1060.0,720.0,1093.1222,0.0
1070.0,720.0,1087.617,0.0
1080.0,720.0,1082.5195,0.0
1090.0,720.0,1077.8284,0.0
1100.0,720.0,1073.5443,0.0
1110.0,720.0,1069.6675,0.0
1120.0,720.0,1066.1971,0.0
1130.0,720.0,1063.1335,0.0
1140.0,720.0,1060.4773,0.0
1150.0,720.0,1058.2278,0.0
1160.0,720.0,1056.3845,0.0
1170.0,720.0,1054.9484,0.0
1180.0,720.0,1053.9186,0.0
1190.0,720.0,1053.2955,0.0
1200.0,720.0,1053.0796,0.0
1210.0,720.0,1053.2705,0.0
1220.0,720.0,1053.8678,0.0
1230.0,720.0,1054.8713,0.0
1240.0,720.0,1056.2819,0.0
1250.0,720.0,1058.0989,0.0
1260.0,720.0,1060.3223,0.0
1270.0,720.0,1062.9525,0.0
1280.0,720.0,1065.9893,0.0
1290.0,720.0,1069.4319,0.0
1300.0,720.0,1073.2817,0.0
1310.0,720.0,1077.5376,0.0
1320.0,720.0,1082.2004,0.0
1330.0,720.0,1087.2693,0.0
1340.0,720.0,1092.7448,0.0
1350.0,720.0,1098.6262,0.0
1360.0,720.0,1104.9147,0.0
1370.0,720.0,1111.6091,0.0
1380.0,720.0,1118.7101,0.0
1390.0,720.0,1126.2177,0.0
1400.0,720.0,1134.1321,0.0
1410.0,720.0,1142.4524,0.0
1420.0,720.0,1151.1787,0.0
1430.0,720.0,1160.3113,0.0
1440.0,720.0,1169.8511,0.0
1450.0,720.0,1179.7969,0.0
1460.0,720.0,1190.1484,0.0
1470.0,720.0,1200.907,0.0
1480.0,720.0,1212.0715,0.0
1490.0,720.0,1223.6426,0.0
1500.0,720.0,1235.6201,0.0
1510.0,720.0,1248.0024,0.0
1520.0,720.0,1260.7908,0.0
1530.0,720.0,1273.9858,0.0
1540.0,720.0,1287.5867,0.0
1550.0,720.0,1301.5933,0.0
1560.0,720.0,1316.0063,0.0
1570.0,720.0,1330.8275,0.0
1580.0,720.0,1346.0557,0.0
1590.0,720.0,1361.6897,0.0
1600.0,720.0,1377.7297,0.0
1610.0,720.0,1394.1755,0.0
1620.0,720.0,1411.0277,0.0
1630.0,720.0,1428.2859,0.0
1640.0,720.0,1445.9512,0.0
1650.0,720.0,1464.0217,0.0
1660.0,720.0,1482.4985,0.0
1670.0,720.0,1501.3828,0.0
1680.0,720.0,1520.6726,0.0
1690.0,720.0,1540.3679,0.0
1700.0,720.0,1560.4702,0.0
1710.0,720.0,1580.9783,0.0
1720.0,720.0,1601.8933,0.0
1730.0,720.0,1623.2136,0.0
1740.0,720.0,1644.94,0.0
1750.0,720.0,1667.0732,0.0
1760.0,720.0,1689.612,0.0
1770.0,720.0,1712.5569,0.0
1780.0,720.0,1735.9084,0.0
1790.0,720.0,1759.6666,0.0
1800.0,720.0,1783.83,0.0
-200.0,730.0,39270.906,1.0
-190.0,730.0,39270.906,1.0
-180.0,730.0,39270.906,1.0
-170.0,730.0,39270.906,1.0
-160.0,730.0,39270.906,1.0
-150.0,730.0,39270.906,1.0
-140.0,730.0,39270.906,1.0
-130.0,730.0,39270.906,1.0
-120.0,730.0,39270.906,1.0
-110.0,730.0,39270.906,1.0
-100.0,730.0,39270.906,1.0
-90.0,730.0,39270.906,1.0
-80.0,730.0,39270.906,1.0
-70.0,730.0,39270.906,1.0
-60.0,730.0,39270.906,1.0
-50.0,730.0,39270.906,1.0
-40.0,730.0,39270.906,1.0
-30.0,730.0,39270.906,1.0
-20.0,730.0,39270.906,1.0
-10.0,730.0,39270.906,1.0
0.0,730.0,39270.906,1.0
10.0,730.0,39270.906,1.0
20.0,730.0,39270.906,1.0
30.0,730.0,39270.906,1.0
40.0,730.0,39270.906,1.0
50.0,730.0,39270.906,1.0
60.0,730.0,39270.906,1.0
70.0,730.0,39270.906,1.0
80.0,730.0,39270.906,1.0
90.0,730.0,39270.906,1.0
100.0,730.0,39270.906,1.0
110.0,730.0,39270.906,1.0
120.0,730.0,39270.906,1.0
130.0,730.0,39270.906,1.0
140.0,730.0,39270.906,1.0
150.0,730.0,39270.906,1.0
160.0,730.0,39270.906,1.0
170.0,730.0,39270.906,1.0
180.0,730.0,39270.906,1.0
190.0,730.0,3123.8662,0.0
200.0,730.0,3083.2017,0.0
210.0,730.0,3042.9485,0.0
220.0,730.0,3003.106,0.0
230.0,730.0,2963.6736,0.0
240.0,730.0,2924.6533,0.0
250.0,730.0,2886.0425,0.0
260.0,730.0,2847.8413,0.0
270.0,730.0,2810.0508,0.0
280.0,730.0,2772.6704,0.0
290.0,730.0,2735.6985,0.0
300.0,730.0,2699.1365,0.0
310.0,730.0,2662.9834,0.0
320.0,730.0,2627.2393,0.0
330.0,730.0,2591.9043,0.0
340.0,730.0,2556.9766,0.0
350.0,730.0,2522.4583,0.0
360.0,730.0,2488.3481,0.0
370.0,730.0,2454.6462,0.0
380.0,730.0,2421.3523,0.0
390.0,730.0,2388.4648,0.0
400.0,730.0,2355.9858,0.0
410.0,730.0,2323.9146,0.0
420.0,730.0,2292.2498,0.0
430.0,730.0,2260.9922,0.0
440.0,730.0,2230.143,0.0
450.0,730.0,2199.6992,0.0
460.0,730.0,2169.6619,0.0
470.0,730.0,2140.0317,0.0
480.0,730.0,2110.8064,0.0
490.0,730.0,2081.9883,0.0
500.0,730.0,2053.5754,0.0
510.0,730.0,2025.5691,0.0
520.0,730.0,1997.9677,0.0
530.0,730.0,1970.7727,0.0
540.0,730.0,1943.9835,0.0
550.0,730.0,1917.5992,0.0
560.0,730.0,1891.6204,0.0
570.0,730.0,1866.0471,0.0
580.0,730.0,1840.8778,0.0
590.0,730.0,1816.1135,0.0
600.0,730.0,1791.7545,0.0
610.0,730.0,1767.8,0.0
620.0,730.0,1744.2499,0.0
630.0,730.0,1721.1044,0.0
640.0,730.0,1698.3625,0.0
650.0,730.0,1676.0256,0.0
660.0,730.0,1654.0924,0.0
670.0,730.0,1632.5635,0.0
680.0,730.0,1611.4382,0.0
690.0,730.0,1590.7168,0.0
700.0,730.0,1570.3992,0.0
710.0,730.0,1550.4846,0.0
720.0,730.0,1530.9744,0.0
730.0,730.0,1511.8672,0.0
740.0,730.0,1493.1641,0.0
750.0,730.0,1474.864,0.0
760.0,730.0,1456.9668,0.0
770.0,730.0,1439.4731,0.0
780.0,730.0,1422.3817,0.0
790.0,730.0,1405.6931,0.0
800.0,730.0,1389.4072,0.0
810.0,730.0,1373.5254,0.0
820.0,730.0,1358.0459,0.0
830.0,730.0,1342.9697,0.0
840.0,730.0,1328.2952,0.0
850.0,730.0,1314.0233,0.0
860.0,730.0,1300.1545,0.0
870.0,730.0,1286.687,0.0
880.0,730.0,1273.6229,0.0
890.0,730.0,1260.9607,0.0
900.0,730.0,1248.7008,0.0
910.0,730.0,1236.8427,0.0
920.0,730.0,1225.387,0.0
930.0,730.0,1214.3336,0.0
940.0,730.0,1203.6816,0.0
950.0,730.0,1193.4315,0.0
960.0,730.0,1183.584,0.0
970.0,730.0,1174.138,0.0
980.0,730.0,1165.094,0.0
990.0,730.0,1156.4519,0.0
1000.0,730.0,1148.2112,0.0
1010.0,730.0,1140.3724,0.0
1020.0,730.0,1132.9353,0.0
1030.0,730.0,1125.8994,0.0
1040.0,730.0,1119.2651,0.0
1050.0,730.0,1113.0325,0.0
1060.0,730.0,1107.2018,0.0
1070.0,730.0,1101.7717,0.0
1080.0,730.0,1096.7437,0.0
1090.0,730.0,1092.117,0.0
1100.0,730.0,1087.8915,0.0
1110.0,730.0,1084.0677,0.0
1120.0,730.0,1080.645,0.0
1130.0,730.0,1077.6229,0.0
1140.0,730.0,1075.0026,0.0
1150.0,730.0,1072.7839,0.0
1160.0,730.0,1070.9662,0.0
1170.0,730.0,1069.5492,0.0
1180.0,730.0,1068.5337,0.0
1190.0,730.0,1067.9193,0.0
1200.0,730.0,1067.706,0.0
1210.0,730.0,1067.8939,0.0
1220.0,730.0,1068.4824,0.0
1230.0,730.0,1069.4727,0.0
1240.0,730.0,1070.8633,0.0
1250.0,730.0,1072.6553,0.0
1260.0,730.0,1074.8483,0.0
1270.0,730.0,1077.4423,0.0
1280.0,730.0,1080.437,0.0
1290.0,730.0,1083.8328,0.0
1300.0,730.0,1087.6296,0.0
1310.0,730.0,1091.8274,0.0
1320.0,730.0,1096.4255,0.0
1330.0,730.0,1101.425,0.0
1340.0,730.0,1106.8257,0.0
1350.0,730.0,1112.6267,0.0
1360.0,730.0,1118.8286,0.0
1370.0,730.0,1125.4316,0.0
1380.0,730.0,1132.4347,0.0
1390.0,730.0,1139.8389,0.0
1400.0,730.0,1147.6448,0.0
1410.0,730.0,1155.851,0.0
1420.0,730.0,1164.4579,0.0
1430.0,730.0,1173.4656,0.0
1440.0,730.0,1182.8745,0.0
1450.0,730.0,1192.6836,0.0
1460.0,730.0,1202.8936,0.0
1470.0,730.0,1213.5044,0.0
1480.0,730.0,1224.5161,0.0
1490.0,730.0,1235.9285,0.0
1500.0,730.0,1247.7412,0.0
1510.0,730.0,1259.955,0.0
1520.0,730.0,1272.5686,0.0
1530.0,730.0,1285.5823,0.0
1540.0,730.0,1298.9963,0.0
1550.0,730.0,1312.8108,0.0
1560.0,730.0,1327.0269,0.0
1570.0,730.0,1341.6439,0.0
1580.0,730.0,1356.6631,0.0
1590.0,730.0,1372.0826,0.0
1600.0,730.0,1387.9028,0.0
1610.0,730.0,1404.1235,0.0
1620.0,730.0,1420.745,0.0
1630.0,730.0,1437.7668,0.0
1640.0,730.0,1455.189,0.0
1650.0,730.0,1473.0125,0.0
1660.0,730.0,1491.2368,0.0
1670.0,730.0,1509.8608,0.0
1680.0,730.0,1528.8862,0.0
1690.0,730.0,1548.312,0.0
1700.0,730.0,1568.1385,0.0
1710.0,730.0,1588.3657,0.0
1720.0,730.0,1608.9933,0.0
1730.0,730.0,1630.0222,0.0
1740.0,730.0,1651.4509,0.0
1750.0,730.0,1673.2805,0.0
1760.0,730.0,1695.5107,0.0
1770.0,730.0,1718.1411,0.0
1780.0,730.0,1741.1721,0.0
1790.0,730.0,1764.6039,0.0
1800.0,730.0,1788.4363,0.0
-200.0,740.0,39270.906,1.0
-190.0,740.0,39270.906,1.0
-180.0,740.0,39270.906,1.0
-170.0,740.0,39270.906,1.0
-160.0,740.0,39270.906,1.0
-150.0,740.0,39270.906,1.0
-140.0,740.0,39270.906,1.0
-130.0,740.0,39270.906,1.0
-120.0,740.0,39270.906,1.0
-110.0,740.0,39270.906,1.0
-100.0,740.0,39270.906,1.0
-90.0,740.0,39270.906,1.0
-80.0,740.0,39270.906,1.0
-70.0,740.0,39270.906,1.0
-60.0,740.0,39270.906,1.0
-50.0,740.0,39270.906,1.0
-40.0,740.0,39270.906,1.0
-30.0,740.0,39270.906,1.0
-20.0,740.0,39270.906,1.0
-10.0,740.0,39270.906,1.0
0.0,740.0,39270.906,1.0
10.0,740.0,39270.906,1.0
20.0,740.0,39270.906,1.0
30.0,740.0,39270.906,1.0
40.0,740.0,39270.906,1.0
50.0,740.0,39270.906,1.0
60.0,740.0,39270.906,1.0
70.0,740.0,39270.906,1.0
80.0,740.0,39270.906,1.0
90.0,740.0,39270.906,1.0
100.0,740.0,39270.906,1.0
110.0,740.0,39270.906,1.0
120.0,740.0,39270.906,1.0
130.0,740.0,39270.906,1.0
140.0,740.0,39270.906,1.0
150.0,740.0,39270.906,1.0
160.0,740.0,39270.906,1.0
170.0,740.0,39270.906,1.0
180.0,740.0,39270.906,1.0
190.0,740.0,39270.906,1.0
200.0,740.0,3070.4258,0.0
210.0,740.0,3030.7236,0.0
220.0,740.0,2991.4265,0.0
230.0,740.0,2952.5337,0.0
240.0,740.0,2914.0469,0.0
250.0,740.0,2875.9644,0.0
260.0,740.0,2838.286,0.0
270.0,740.0,2801.012,0.0
280.0,740.0,2764.1416,0.0
290.0,740.0,2727.675,0.0
300.0,740.0,2691.6118,0.0
310.0,740.0,2655.9524,0.0
320.0,740.0,2620.6965,0.0
330.0,740.0,2585.843,0.0
340.0,740.0,2551.393,0.0
350.0,740.0,2517.3452,0.0
360.0,740.0,2483.7002,0.0
370.0,740.0,2450.4575,0.0
380.0,740.0,2417.6172,0.0
390.0,740.0,2385.1787,0.0
400.0,740.0,2353.1416,0.0
410.0,740.0,2321.5068,0.0
420.0,740.0,2290.2744,0.0
430.0,740.0,2259.442,0.0
440.0,740.0,2229.0117,0.0
450.0,740.0,2198.9832,0.0
460.0,740.0,2169.354,0.0
470.0,740.0,2140.1265,0.0
480.0,740.0,2111.2988,0.0
490.0,740.0,2082.8726,0.0
500.0,740.0,2054.8464,0.0
510.0,740.0,2027.2196,0.0
520.0,740.0,1999.9941,0.0
530.0,740.0,1973.1693,0.0
540.0,740.0,1946.7432,0.0
550.0,740.0,1920.7181,0.0
560.0,740.0,1895.0916,0.0
570.0,740.0,1869.8652,0.0
580.0,740.0,1845.0376,0.0
590.0,740.0,1820.6096,0.0
600.0,740.0,1796.5815,0.0
610.0,740.0,1772.9518,0.0
620.0,740.0,1749.721,0.0
630.0,740.0,1726.8899,0.0
640.0,740.0,1704.4565,0.0
650.0,740.0,1682.4224,0.0
660.0,740.0,1660.7866,0.0
670.0,740.0,1639.5496,0.0
680.0,740.0,1618.7108,0.0
690.0,740.0,1598.2701,0.0
700.0,740.0,1578.2273,0.0
710.0,740.0,1558.5831,0.0
720.0,740.0,1539.3369,0.0
730.0,740.0,1520.489,0.0
740.0,740.0,1502.0393,0.0
750.0,740.0,1483.9867,0.0
760.0,740.0,1466.3318,0.0
770.0,740.0,1449.0745,0.0
780.0,740.0,1432.2145,0.0
790.0,740.0,1415.7518,0.0
800.0,740.0,1399.687,0.0
810.0,740.0,1384.02,0.0
820.0,740.0,1368.7504,0.0
830.0,740.0,1353.8777,0.0
840.0,740.0,1339.4019,0.0
850.0,740.0,1325.323,0.0
860.0,740.0,1311.6415,0.0
870.0,740.0,1298.3569,0.0
880.0,740.0,1285.4685,0.0
890.0,740.0,1272.9775,0.0
900.0,740.0,1260.8832,0.0
910.0,740.0,1249.1855,0.0
920.0,740.0,1237.8849,0.0
930.0,740.0,1226.9807,0.0
940.0,740.0,1216.4727,0.0
950.0,740.0,1206.3618,0.0
960.0,740.0,1196.6471,0.0
970.0,740.0,1187.3289,0.0
980.0,740.0,1178.4069,0.0
990.0,740.0,1169.8811,0.0
1000.0,740.0,1161.752,0.0
1010.0,740.0,1154.019,0.0
1020.0,740.0,1146.6823,0.0
1030.0,740.0,1139.7413,0.0
1040.0,740.0,1133.1968,0.0
1050.0,740.0,1127.0481,0.0
1060.0,740.0,1121.2959,0.0
1070.0,740.0,1115.9395,0.0
1080.0,740.0,1110.9788,0.0
1090.0,740.0,1106.4147,0.0
1100.0,740.0,1102.2463,0.0
1110.0,740.0,1098.4736,0.0
1120.0,740.0,1095.0972,0.0
1130.0,740.0,1092.1162,0.0
1140.0,740.0,1089.5311,0.0
1150.0,740.0,1087.342,0.0
1160.0,740.0,1085.5488,0.0
1170.0,740.0,1084.1506,0.0
1180.0,740.0,1083.1486,0.0
1190.0,740.0,1082.5422,0.0
1200.0,740.0,1082.3319,0.0
1210.0,740.0,1082.5173,0.0
1220.0,740.0,1083.0981,0.0
1230.0,740.0,1084.0745,0.0
1240.0,740.0,1085.4463,0.0
1250.0,740.0,1087.2136,0.0
1260.0,740.0,1089.3771,0.0
1270.0,740.0,1091.9357,0.0
1280.0,740.0,1094.8899,0.0
1290.0,740.0,1098.2397,0.0
1300.0,740.0,1101.9849,0.0
1310.0,740.0,1106.1255,0.0
1320.0,740.0,1110.6616,0.0
1330.0,740.0,1115.5936,0.0
1340.0,740.0,1120.921,0.0
1350.0,740.0,1126.6433,0.0
1360.0,740.0,1132.7616,0.0
1370.0,740.0,1139.2749,0.0
1380.0,740.0,1146.1837,0.0
1390.0,740.0,1153.4878,0.0
1400.0,740.0,1161.1877,0.0
1410.0,740.0,1169.2831,0.0
1420.0,740.0,1177.7737,0.0
1430.0,740.0,1186.6593,0.0
1440.0,740.0,1195.9404,0.0
1450.0,740.0,1205.6173,0.0
1460.0,740.0,1215.6896,0.0
1470.0,740.0,1226.1562,0.0
1480.0,740.0,1237.019,0.0
1490.0,740.0,1248.2773,0.0
1500.0,740.0,1259.9304,0.0
1510.0,740.0,1271.9788,0.0
1520.0,740.0,1284.4225,0.0
1530.0,740.0,1297.2603,0.0
1540.0,740.0,1310.4934,0.0
1550.0,740.0,1324.1207,0.0
1560.0,740.0,1338.1442,0.0
1570.0,740.0,1352.563,0.0
1580.0,740.0,1367.3789,0.0
1590.0,740.0,1382.5898,0.0
1600.0,740.0,1398.1964,0.0
1610.0,740.0,1414.1982,0.0
1620.0,740.0,1430.5944,0.0
1630.0,740.0,1447.386,0.0
1640.0,740.0,1464.5728,0.0
1650.0,740.0,1482.1548,0.0
1660.0,740.0,1500.1328,0.0
1670.0,740.0,1518.5055,0.0
1680.0,740.0,1537.2733,0.0
1690.0,740.0,1556.4365,0.0
1700.0,740.0,1575.9954,0.0
1710.0,740.0,1595.9487,0.0
1720.0,740.0,1616.2976,0.0
1730.0,740.0,1637.0414,0.0
1740.0,740.0,1658.1804,0.0
1750.0,740.0,1679.7148,0.0
1760.0,740.0,1701.6445,0.0
1770.0,740.0,1723.9686,0.0
1780.0,740.0,1746.689,0.0
1790.0,740.0,1769.804,0.0
1800.0,740.0,1793.314,0.0
-200.0,750.0,39270.906,1.0
-190.0,750.0,39270.906,1.0
-180.0,750.0,39270.906,1.0
-170.0,750.0,39270.906,1.0
-160.0,750.0,39270.906,1.0
-150.0,750.0,39270.906,1.0
-140.0,750.0,39270.906,1.0
-130.0,750.0,39270.906,1.0
-120.0,750.0,39270.906,1.0
-110.0,750.0,39270.906,1.0
-100.0,750.0,39270.906,1.0
-90.0,750.0,39270.906,1.0
-80.0,750.0,39270.906,1.0
-70.0,750.0,39270.906,1.0
-60.0,750.0,39270.906,1.0
-50.0,750.0,39270.906,1.0
-40.0,750.0,39270.906,1.0
-30.0,750.0,39270.906,1.0
-20.0,750.0,39270.906,1.0
-10.0,750.0,39270.906,1.0
0.0,750.0,39270.906,1.0
10.0,750.0,39270.906,1.0
20.0,750.0,39270.906,1.0
30.0,750.0,39270.906,1.0
40.0,750.0,39270.906,1.0
50.0,750.0,39270.906,1.0
60.0,750.0,39270.906,1.0
70.0,750.0,39270.906,1.0
80.0,750.0,39270.906,1.0
90.0,750.0,39270.906,1.0
100.0,750.0,39270.906,1.0
110.0,750.0,39270.906,1.0
120.0,750.0,39270.906,1.0
130.0,750.0,39270.906,1.0
140.0,750.0,39270.906,1.0
150.0,750.0,39270.906,1.0
160.0,750.0,39270.906,1.0
170.0,750.0,39270.906,1.0
180.0,750.0,39270.906,1.0
190.0,750.0,39270.906,1.0
200.0,750.0,39270.906,1.0
210.0,750.0,3019.2217,0.0
220.0,750.0,2980.456,0.0
230.0,750.0,2942.088,0.0
240.0,750.0,2904.12,0.0
250.0,750.0,2866.5513,0.0
260.0,750.0,2829.381,0.0
270.0,750.0,2792.6091,0.0
280.0,750.0,2756.2354,0.0
290.0,750.0,2720.2607,0.0
300.0,750.0,2684.6833,0.0
310.0,750.0,2649.504,0.0
320.0,750.0,2614.722,0.0
330.0,750.0,2580.3389,0.0
340.0,750.0,2546.3516,0.0
350.0,750.0,2512.7617,0.0
360.0,750.0,2479.5698,0.0
370.0,750.0,2446.774,0.0
380.0,750.0,2414.3748,0.0
390.0,750.0,2382.373,0.0
400.0,750.0,2350.7664,0.0
410.0,750.0,2319.5564,0.0
420.0,750.0,2288.7432,0.0
430.0,750.0,2258.3252,0.0
440.0,750.0,2228.3037,0.0
450.0,750.0,2198.6777,0.0
460.0,750.0,2169.4463,0.0
470.0,750.0,2140.6104,0.0
480.0,750.0,2112.17,0.0
490.0,750.0,2084.1245,0.0
500.0,750.0,2056.4746,0.0
510.0,750.0,2029.2192,0.0
520.0,750.0,2002.3589,0.0
530.0,750.0,1975.8931,0.0
540.0,750.0,1949.8213,0.0
550.0,750.0,1924.1443,0.0
560.0,750.0,1898.8616,0.0
570.0,750.0,1873.9727,0.0
580.0,750.0,1849.478,0.0
590.0,750.0,1825.3771,0.0
600.0,750.0,1801.6702,0.0
610.0,750.0,1778.3572,0.0
620.0,750.0,1755.4377,0.0
630.0,750.0,1732.9111,0.0
640.0,750.0,1710.7783,0.0
650.0,750.0,1689.0391,0.0
660.0,750.0,1667.6931,0.0
670.0,750.0,1646.7396,0.0
680.0,750.0,1626.1799,0.0
690.0,750.0,1606.0122,0.0
700.0,750.0,1586.2375,0.0
710.0,750.0,1566.856,0.0
720.0,750.0,1547.8672,0.0
730.0,750.0,1529.2712,0.0
740.0,750.0,1511.0679,0.0
750.0,750.0,1493.2563,0.0
760.0,750.0,1475.8379,0.0
770.0,750.0,1458.8102,0.0
780.0,750.0,1442.1758,0.0
790.0,750.0,1425.9329,0.0
800.0,750.0,1410.0829,0.0
810.0,750.0,1394.6245,0.0
820.0,750.0,1379.5591,0.0
830.0,750.0,1364.8845,0.0
840.0,750.0,1350.6027,0.0
850.0,750.0,1336.7117,0.0
860.0,750.0,1323.2122,0.0
870.0,750.0,1310.1049,0.0
880.0,750.0,1297.3887,0.0
890.0,750.0,1285.0647,0.0
900.0,750.0,1273.1313,0.0
910.0,750.0,1261.5898,0.0
920.0,750.0,1250.4401,0.0
930.0,750.0,1239.6809,0.0
940.0,750.0,1229.3132,0.0
950.0,750.0,1219.3369,0.0
960.0,750.0,1209.752,0.0
970.0,750.0,1200.5569,0.0
980.0,750.0,1191.754,0.0
990.0,750.0,1183.3425,0.0
1000.0,750.0,1175.3218,0.0
1010.0,750.0,1167.692,0.0
1020.0,750.0,1160.4521,0.0
1030.0,750.0,1153.6041,0.0
1040.0,750.0,1147.1469,0.0
1050.0,750.0,1141.0801,0.0
1060.0,750.0,1135.4043,0.0
1070.0,750.0,1130.1191,0.0
1080.0,750.0,1125.2253,0.0
1090.0,750.0,1120.7214,0.0
1100.0,750.0,1116.6084,0.0
1110.0,750.0,1112.8861,0.0
1120.0,750.0,1109.5541,0.0
1130.0,750.0,1106.6132,0.0
1140.0,750.0,1104.0625,0.0
1150.0,750.0,1101.9019,0.0
1160.0,750.0,1100.1321,0.0
1170.0,750.0,1098.7533,0.0
1180.0,750.0,1097.7644,0.0
1190.0,750.0,1097.1655,0.0
1200.0,750.0,1096.9581,0.0
1210.0,750.0,1097.1409,0.0
1220.0,750.0,1097.7141,0.0
1230.0,750.0,1098.6768,0.0
1240.0,750.0,1100.0305,0.0
1250.0,750.0,1101.7744,0.0
1260.0,750.0,1103.9084,0.0
1270.0,750.0,1106.4329,0.0
1280.0,750.0,1109.3475,0.0
1290.0,750.0,1112.6526,0.0
1300.0,750.0,1116.3474,0.0
1310.0,750.0,1120.4329,0.0
1320.0,750.0,1124.9084,0.0
1330.0,750.0,1129.7745,0.0
1340.0,750.0,1135.0304,0.0
1350.0,750.0,1140.6771,0.0
1360.0,750.0,1146.7134,0.0
1370.0,750.0,1153.1394,0.0
1380.0,750.0,1159.9559,0.0
1390.0,750.0,1167.1627,0.0
1400.0,750.0,1174.7596,0.0
1410.0,750.0,1182.7466,0.0
1420.0,750.0,1191.1241,0.0
1430.0,750.0,1199.8914,0.0
1440.0,750.0,1209.0487,0.0
1450.0,750.0,1218.5961,0.0
1460.0,750.0,1228.5336,0.0
1470.0,750.0,1238.8613,0.0
1480.0,750.0,1249.5789,0.0
1490.0,750.0,1260.687,0.0
1500.0,750.0,1272.1846,0.0
1510.0,750.0,1284.0725,0.0
1520.0,750.0,1296.3496,0.0
1530.0,750.0,1309.0164,0.0
1540.0,750.0,1322.0728,0.0
1550.0,750.0,1335.5193,0.0
1560.0,750.0,1349.3547,0.0
1570.0,750.0,1363.5815,0.0
1580.0,750.0,1378.1989,0.0
1590.0,750.0,1393.2067,0.0
1600.0,750.0,1408.6055,0.0
1610.0,750.0,1424.394,0.0
1620.0,750.0,1440.5713,0.0
1630.0,750.0,1457.1387,0.0
1640.0,750.0,1474.0964,0.0
1650.0,750.0,1491.444,0.0
1660.0,750.0,1509.1816,0.0
1670.0,750.0,1527.3093,0.0
1680.0,750.0,1545.8271,0.0
1690.0,750.0,1564.7341,0.0
1700.0,750.0,1584.032,0.0
1710.0,750.0,1603.7196,0.0
1720.0,750.0,1623.7964,0.0
1730.0,750.0,1644.2638,0.0
1740.0,750.0,1665.1211,0.0
1750.0,750.0,1686.3683,0.0
1760.0,750.0,1708.0045,0.0
1770.0,750.0,1730.032,0.0
1780.0,750.0,1752.4479,0.0
1790.0,750.0,1775.2554,0.0
1800.0,750.0,1798.4514,0.0
-200.0,760.0,39270.906,1.0
-190.0,760.0,39270.906,1.0
-180.0,760.0,39270.906,1.0
-170.0,760.0,39270.906,1.0
-160.0,760.0,39270.906,1.0
-150.0,760.0,39270.906,1.0
-140.0,760.0,39270.906,1.0
-130.0,760.0,39270.906,1.0
-120.0,760.0,39270.906,1.0
-110.0,760.0,39270.906,1.0
-100.0,760.0,39270.906,1.0
-90.0,760.0,39270.906,1.0
-80.0,760.0,39270.906,1.0
-70.0,760.0,39270.906,1.0
-60.0,760.0,39270.906,1.0
-50.0,760.0,39270.906,1.0
-40.0,760.0,39270.906,1.0
-30.0,760.0,39270.906,1.0
-20.0,760.0,39270.906,1.0
-10.0,760.0,39270.906,1.0
0.0,760.0,39270.906,1.0
10.0,760.0,39270.906,1.0
20.0,760.0,39270.906,1.0
30.0,760.0,39270.906,1.0
40.0,760.0,39270.906,1.0
50.0,760.0,39270.906,1.0
60.0,760.0,39270.906,1.0
70.0,760.0,39270.906,1.0
80.0,760.0,39270.906,1.0
90.0,760.0,39270.906,1.0
100.0,760.0,39270.906,1.0
110.0,760.0,39270.906,1.0
120.0,760.0,39270.906,1.0
130.0,760.0,39270.906,1.0
140.0,760.0,39270.906,1.0
150.0,760.0,39270.906,1.0
160.0,760.0,39270.906,1.0
170.0,760.0,39270.906,1.0
180.0,760.0,39270.906,1.0
190.0,760.0,39270.906,1.0
200.0,760.0,39270.906,1.0
210.0,760.0,3008.415,0.0
220.0,760.0,2970.1653,0.0
230.0,760.0,2932.308,0.0
240.0,760.0,2894.8457,0.0
250.0,760.0,2857.7754,0.0
260.0,760.0,2821.1006,0.0
270.0,760.0,2784.817,0.0
280.0,760.0,2748.928,0.0
290.0,760.0,2713.4312,0.0
300.0,760.0,2678.326,0.0
310.0,760.0,2643.6147,0.0
320.0,760.0,2609.295,0.0
330.0,760.0,2575.3682,0.0
340.0,760.0,2541.832,0.0
350.0,760.0,2508.6877,0.0
360.0,760.0,2475.936,0.0
370.0,760.0,2443.5754,0.0
380.0,760.0,2411.6064,0.0
390.0,760.0,2380.0286,0.0
400.0,760.0,2348.8418,0.0
410.0,760.0,2318.0457,0.0
420.0,760.0,2287.6401,0.0
430.0,760.0,2257.6255,0.0
440.0,760.0,2228.0017,0.0
450.0,760.0,2198.7676,0.0
460.0,760.0,2169.9233,0.0
470.0,760.0,2141.4695,0.0
480.0,760.0,2113.405,0.0
490.0,760.0,2085.7317,0.0
500.0,760.0,2058.4468,0.0
510.0,760.0,2031.5525,0.0
520.0,760.0,2005.0475,0.0
530.0,760.0,1978.9315,0.0
540.0,760.0,1953.2046,0.0
550.0,760.0,1927.8674,0.0
560.0,760.0,1902.9185,0.0
570.0,760.0,1878.3589,0.0
580.0,760.0,1854.1877,0.0
590.0,760.0,1830.4055,0.0
600.0,760.0,1807.0115,0.0
610.0,760.0,1784.006,0.0
620.0,760.0,1761.3893,0.0
630.0,760.0,1739.1609,0.0
640.0,760.0,1717.3201,0.0
650.0,760.0,1695.8678,0.0
660.0,760.0,1674.8032,0.0
670.0,760.0,1654.1266,0.0
680.0,760.0,1633.8372,0.0
690.0,760.0,1613.936,0.0
700.0,760.0,1594.4224,0.0
710.0,760.0,1575.2961,0.0
720.0,760.0,1556.5579,0.0
730.0,760.0,1538.2072,0.0
740.0,760.0,1520.2434,0.0
750.0,760.0,1502.6675,0.0
760.0,760.0,1485.4784,0.0
770.0,760.0,1468.6753,0.0
780.0,760.0,1452.2594,0.0
790.0,760.0,1436.2316,0.0
800.0,760.0,1420.5901,0.0
810.0,760.0,1405.3365,0.0
820.0,760.0,1390.469,0.0
830.0,760.0,1375.9877,0.0
840.0,760.0,1361.8933,0.0
850.0,760.0,1348.1852,0.0
860.0,760.0,1334.864,0.0
870.0,760.0,1321.9287,0.0
880.0,760.0,1309.3806,0.0
890.0,760.0,1297.2183,0.0
900.0,760.0,1285.4421,0.0
910.0,760.0,1274.0525,0.0
920.0,760.0,1263.0494,0.0
930.0,760.0,1252.4319,0.0
940.0,760.0,1242.2009,0.0
950.0,760.0,1232.3555,0.0
960.0,760.0,1222.8965,0.0
970.0,760.0,1213.8234,0.0
980.0,760.0,1205.136,0.0
990.0,760.0,1196.8347,0.0
1000.0,760.0,1188.9191,0.0
1010.0,760.0,1181.3896,0.0
1020.0,760.0,1174.2456,0.0
1030.0,760.0,1167.4869,0.0
1040.0,760.0,1161.1146,0.0
1050.0,760.0,1155.1278,0.0
1060.0,760.0,1149.5265,0.0
1070.0,760.0,1144.3108,0.0
1080.0,760.0,1139.4807,0.0
1090.0,760.0,1135.0364,0.0
1100.0,760.0,1130.9775,0.0
1110.0,760.0,1127.3035,0.0
1120.0,760.0,1124.0154,0.0
1130.0,760.0,1121.1129,0.0
1140.0,760.0,1118.5957,0.0
1150.0,760.0,1116.4639,0.0
1160.0,760.0,1114.7173,0.0
1170.0,760.0,1113.356,0.0
1180.0,760.0,1112.3801,0.0
1190.0,760.0,1111.7896,0.0
1200.0,760.0,1111.5842,0.0
1210.0,760.0,1111.7642,0.0
1220.0,760.0,1112.3295,0.0
1230.0,760.0,1113.2799,0.0
1240.0,760.0,1114.6156,0.0
1250.0,760.0,1116.3364,0.0
1260.0,760.0,1118.4419,0.0
1270.0,760.0,1120.9336,0.0
1280.0,760.0,1123.8091,0.0
1290.0,760.0,1127.0706,0.0
1300.0,760.0,1130.717,0.0
1310.0,760.0,1134.7488,0.0
1320.0,760.0,1139.1653,0.0
1330.0,760.0,1143.9668,0.0
1340.0,760.0,1149.1534,0.0
1350.0,760.0,1154.7253,0.0
1360.0,760.0,1160.6821,0.0
1370.0,760.0,1167.0239,0.0
1380.0,760.0,1173.7502,0.0
1390.0,760.0,1180.8624,0.0
1400.0,760.0,1188.3589,0.0
1410.0,760.0,1196.2415,0.0
1420.0,760.0,1204.5083,0.0
1430.0,760.0,1213.1597,0.0
1440.0,760.0,1222.1965,0.0
1450.0,760.0,1231.6183,0.0
1460.0,760.0,1241.4248,0.0
1470.0,760.0,1251.6167,0.0
1480.0,760.0,1262.1932,0.0
1490.0,760.0,1273.1545,0.0
1500.0,760.0,1284.501,0.0
1510.0,760.0,1296.2318,0.0
1520.0,760.0,1308.3484,0.0
1530.0,760.0,1320.8484,0.0
1540.0,760.0,1333.7332,0.0
1550.0,760.0,1347.0027,0.0
1560.0,760.0,1360.6555,0.0
1570.0,760.0,1374.6951,0.0
1580.0,760.0,1389.1189,0.0
1590.0,760.0,1403.9292,0.0
1600.0,760.0,1419.1255,0.0
1610.0,760.0,1434.7059,0.0
1620.0,760.0,1450.6705,0.0
1630.0,760.0,1467.0201,0.0
1640.0,760.0,1483.7544,0.0
1650.0,760.0,1500.8728,0.0
1660.0,760.0,1518.3767,0.0
1670.0,760.0,1536.2664,0.0
1680.0,760.0,1554.5398,0.0
1690.0,760.0,1573.1987,0.0
1700.0,760.0,1592.2418,0.0
1710.0,760.0,1611.6702,0.0
1720.0,760.0,1631.4832,0.0
1730.0,760.0,1651.6807,0.0
1740.0,760.0,1672.2633,0.0
1750.0,760.0,1693.231,0.0
1760.0,760.0,1714.5826,0.0
1770.0,760.0,1736.3193,0.0
1780.0,760.0,1758.4401,0.0
1790.0,760.0,1780.9471,0.0
1800.0,760.0,1803.8384,0.0
-200.0,770.0,39270.906,1.0
-190.0,770.0,39270.906,1.0
-180.0,770.0,39270.906,1.0
-170.0,770.0,39270.906,1.0
-160.0,770.0,39270.906,1.0
-150.0,770.0,39270.906,1.0
-140.0,770.0,39270.906,1.0
-130.0,770.0,39270.906,1.0
-120.0,770.0,39270.906,1.0
-110.0,770.0,39270.906,1.0
-100.0,770.0,39270.906,1.0
-90.0,770.0,39270.906,1.0
-80.0,770.0,39270.906,1.0
-70.0,770.0,39270.906,1.0
-60.0,770.0,39270.906,1.0
-50.0,770.0,39270.906,1.0
-40.0,770.0,39270.906,1.0
-30.0,770.0,39270.906,1.0
-20.0,770.0,39270.906,1.0
-10.0,770.0,39270.906,1.0
0.0,770.0,39270.906,1.0
10.0,770.0,39270.906,1.0
20.0,770.0,39270.906,1.0
30.0,770.0,39270.906,1.0
40.0,770.0,39270.906,1.0
50.0,770.0,39270.906,1.0
60.0,770.0,39270.906,1.0
70.0,770.0,39270.906,1.0
80.0,770.0,39270.906,1.0
90.0,770.0,39270.906,1.0
100.0,770.0,39270.906,1.0
110.0,770.0,39270.906,1.0
120.0,770.0,39270.906,1.0
130.0,770.0,39270.906,1.0
140.0,770.0,39270.906,1.0
150.0,770.0,39270.906,1.0
160.0,770.0,39270.906,1.0
170.0,770.0,39270.906,1.0
180.0,770.0,39270.906,1.0
190.0,770.0,39270.906,1.0
200.0,770.0,39270.906,1.0
210.0,770.0,39270.906,1.0
220.0,770.0,2960.5269,0.0
230.0,770.0,2923.1677,0.0
240.0,770.0,2886.1973,0.0
250.0,770.0,2849.614,0.0
260.0,770.0,2813.4202,0.0
270.0,770.0,2777.6128,0.0
280.0,770.0,2742.1938,0.0
290.0,770.0,2707.1626,0.0
300.0,770.0,2672.5186,0.0
310.0,770.0,2638.2622,0.0
320.0,770.0,2604.392,0.0
330.0,770.0,2570.9092,0.0
340.0,770.0,2537.8127,0.0
350.0,770.0,2505.1028,0.0
360.0,770.0,2472.78,0.0
370.0,770.0,2440.8428,0.0
380.0,770.0,2409.2922,0.0
390.0,770.0,2378.128,0.0
400.0,770.0,2347.349,0.0
410.0,770.0,2316.9558,0.0
420.0,770.0,2286.9487,0.0
430.0,770.0,2257.3267,0.0
440.0,770.0,2228.0884,0.0
450.0,770.0,2199.237,0.0
460.0,770.0,2170.7698,0.0
470.0,770.0,2142.6875,0.0
480.0,770.0,2114.9902,0.0
490.0,770.0,2087.6782,0.0
500.0,770.0,2060.7495,0.0
510.0,770.0,2034.2064,0.0
520.0,770.0,2008.0471,0.0
530.0,770.0,1982.2725,0.0
540.0,770.0,1956.8809,0.0
550.0,770.0,1931.8739,0.0
560.0,770.0,1907.2507,0.0
570.0,770.0,1883.0112,0.0
580.0,770.0,1859.1555,0.0
590.0,770.0,1835.6832,0.0
600.0,770.0,1812.5947,0.0
610.0,770.0,1789.8893,0.0
620.0,770.0,1767.5669,0.0
630.0,770.0,1745.6279,0.0
640.0,770.0,1724.072,0.0
650.0,770.0,1702.8992,0.0
660.0,770.0,1682.1089,0.0
670.0,770.0,1661.7017,0.0
680.0,770.0,1641.6765,0.0
690.0,770.0,1622.0344,0.0
700.0,770.0,1602.7751,0.0
710.0,770.0,1583.8981,0.0
720.0,770.0,1565.4038,0.0
730.0,770.0,1547.2917,0.0
740.0,770.0,1529.5618,0.0
750.0,770.0,1512.2141,0.0
760.0,770.0,1495.2477,0.0
770.0,770.0,1478.6638,0.0
780.0,770.0,1462.4623,0.0
790.0,770.0,1446.643,0.0
800.0,770.0,1431.2052,0.0
810.0,770.0,1416.1494,0.0
820.0,770.0,1401.4749,0.0
830.0,770.0,1387.1818,0.0
840.0,770.0,1373.2708,0.0
850.0,770.0,1359.741,0.0
860.0,770.0,1346.5933,0.0
870.0,770.0,1333.8257,0.0
880.0,770.0,1321.4403,0.0
890.0,770.0,1309.4364,0.0
900.0,770.0,1297.8134,0.0
910.0,770.0,1286.5715,0.0
920.0,770.0,1275.7109,0.0
930.0,770.0,1265.2317,0.0
940.0,770.0,1255.1333,0.0
950.0,770.0,1245.416,0.0
960.0,770.0,1236.0796,0.0
970.0,770.0,1227.1243,0.0
980.0,770.0,1218.5498,0.0
990.0,770.0,1210.3564,0.0
1000.0,770.0,1202.5437,0.0
1010.0,770.0,1195.1118,0.0
1020.0,770.0,1188.0602,0.0
1030.0,770.0,1181.3899,0.0
1040.0,770.0,1175.1,0.0
1050.0,770.0,1169.1904,0.0
1060.0,770.0,1163.6619,0.0
1070.0,770.0,1158.5137,0.0
1080.0,770.0,1153.7461,0.0
1090.0,770.0,1149.3594,0.0
1100.0,770.0,1145.353,0.0
1110.0,770.0,1141.727,0.0
1120.0,770.0,1138.4812,0.0
1130.0,770.0,1135.6165,0.0
1140.0,770.0,1133.1317,0.0
1150.0,770.0,1131.0273,0.0
1160.0,770.0,1129.3032,0.0
1170.0,770.0,1127.9594,0.0
1180.0,770.0,1126.9961,0.0
1190.0,770.0,1126.4131,0.0
1200.0,770.0,1126.2101,0.0
1210.0,770.0,1126.3878,0.0
1220.0,770.0,1126.9458,0.0
1230.0,770.0,1127.8833,0.0
1240.0,770.0,1129.2019,0.0
1250.0,770.0,1130.8995,0.0
1260.0,770.0,1132.9783,0.0
1270.0,770.0,1135.4368,0.0
1280.0,770.0,1138.2754,0.0
1290.0,770.0,1141.4943,0.0
1300.0,770.0,1145.0936,0.0
1310.0,770.0,1149.0723,0.0
1320.0,770.0,1153.4312,0.0
1330.0,770.0,1158.1707,0.0
1340.0,770.0,1163.2898,0.0
1350.0,770.0,1168.7891,0.0
1360.0,770.0,1174.6683,0.0
1370.0,770.0,1180.9275,0.0
1380.0,770.0,1187.5667,0.0
1390.0,770.0,1194.586,0.0
1400.0,770.0,1201.9856,0.0
1410.0,770.0,1209.7645,0.0
1420.0,770.0,1217.9242,0.0
1430.0,770.0,1226.4636,0.0
1440.0,770.0,1235.3833,0.0
1450.0,770.0,1244.6816,0.0
1460.0,770.0,1254.3611,0.0
1470.0,770.0,1264.4202,0.0
1480.0,770.0,1274.8594,0.0
1490.0,770.0,1285.6785,0.0
1500.0,770.0,1296.8772,0.0
1510.0,770.0,1308.456,0.0
1520.0,770.0,1320.4147,0.0
1530.0,770.0,1332.7527,0.0
1540.0,770.0,1345.4698,0.0
1550.0,770.0,1358.5669,0.0
1560.0,770.0,1372.0437,0.0
1570.0,770.0,1385.8998,0.0
1580.0,770.0,1400.1359,0.0
1590.0,770.0,1414.7533,0.0
1600.0,770.0,1429.7512,0.0
1610.0,770.0,1445.1294,0.0
1620.0,770.0,1460.8868,0.0
1630.0,770.0,1477.0243,0.0
1640.0,770.0,1493.5408,0.0
1650.0,770.0,1510.4377,0.0
1660.0,770.0,1527.7139,0.0
1670.0,770.0,1545.3701,0.0
1680.0,770.0,1563.407,0.0
1690.0,770.0,1581.8225,0.0
1700.0,770.0,1600.6189,0.0
1710.0,770.0,1619.7942,0.0
1720.0,770.0,1639.3499,0.0
1730.0,770.0,1659.2852,0.0
1740.0,770.0,1679.5999,0.0
1750.0,770.0,1700.2948,0.0
1760.0,770.0,1721.3689,0.0
1770.0,770.0,1742.8237,0.0
1780.0,770.0,1764.6577,0.0
1790.0,770.0,1786.8721,0.0
1800.0,770.0,1809.4648,0.0
-200.0,780.0,39270.906,1.0
-190.0,780.0,39270.906,1.0
-180.0,780.0,39270.906,1.0
-170.0,780.0,39270.906,1.0
-160.0,780.0,39270.906,1.0
-150.0,780.0,39270.906,1.0
-140.0,780.0,39270.906,1.0
-130.0,780.0,39270.906,1.0
-120.0,780.0,39270.906,1.0
-110.0,780.0,39270.906,1.0
-100.0,780.0,39270.906,1.0
-90.0,780.0,39270.906,1.0
-80.0,780.0,39270.906,1.0
-70.0,780.0,39270.906,1.0
-60.0,780.0,39270.906,1.0
-50.0,780.0,39270.906,1.0
-40.0,780.0,39270.906,1.0
-30.0,780.0,39270.906,1.0
-20.0,780.0,39270.906,1.0
-10.0,780.0,39270.906,1.0
0.0,780.0,39270.906,1.0
10.0,780.0,39270.906,1.0
20.0,780.0,39270.906,1.0
30.0,780.0,39270.906,1.0
40.0,780.0,39270.906,1.0
50.0,780.0,39270.906,1.0
60.0,780.0,39270.906,1.0
70.0,780.0,39270.906,1.0
80.0,780.0,39270.906,1.0
90.0,780.0,39270.906,1.0
100.0,780.0,39270.906,1.0
110.0,780.0,39270.906,1.0
120.0,780.0,39270.906,1.0
130.0,780.0,39270.906,1.0
140.0,780.0,39270.906,1.0
150.0,780.0,39270.906,1.0
160.0,780.0,39270.906,1.0
170.0,780.0,39270.906,1.0
180.0,780.0,39270.906,1.0
190.0,780.0,39270.906,1.0
200.0,780.0,39270.906,1.0
210.0,780.0,39270.906,1.0
220.0,780.0,39270.906,1.0
230.0,780.0,2914.6418,0.0
240.0,780.0,2878.1497,0.0
250.0,780.0,2842.0415,0.0
260.0,780.0,2806.3154,0.0
270.0,780.0,2770.9727,0.0
280.0,780.0,2736.0125,0.0
290.0,780.0,2701.4346,0.0
300.0,780.0,2667.2385,0.0
310.0,780.0,2633.4253,0.0
320.0,780.0,2599.994,0.0
330.0,780.0,2566.9448,0.0
340.0,780.0,2534.275,0.0
350.0,780.0,2501.9883,0.0
360.0,780.0,2470.0825,0.0
370.0,780.0,2438.559,0.0
380.0,780.0,2407.4165,0.0
390.0,780.0,2376.6538,0.0
400.0,780.0,2346.273,0.0
410.0,780.0,2316.2715,0.0
420.0,780.0,2286.6519,0.0
430.0,780.0,2257.4116,0.0
440.0,780.0,2228.5508,0.0
450.0,780.0,2200.0713,0.0
460.0,780.0,2171.9712,0.0
470.0,780.0,2144.2515,0.0
480.0,780.0,2116.9114,0.0
490.0,780.0,2089.9512,0.0
500.0,780.0,2063.3699,0.0
510.0,780.0,2037.1687,0.0
520.0,780.0,2011.3463,0.0
530.0,780.0,1985.9033,0.0
540.0,780.0,1960.8396,0.0
550.0,780.0,1936.1548,0.0
560.0,780.0,1911.8489,0.0
570.0,780.0,1887.9209,0.0
580.0,780.0,1864.3726,0.0
590.0,780.0,1841.2026,0.0
600.0,780.0,1818.4106,0.0
610.0,780.0,1795.9973,0.0
620.0,780.0,1773.9626,0.0
630.0,780.0,1752.3057,0.0
640.0,780.0,1731.027,0.0
650.0,780.0,1710.1261,0.0
660.0,780.0,1689.6035,0.0
670.0,780.0,1669.4578,0.0
680.0,780.0,1649.6909,0.0
690.0,780.0,1630.3015,0.0
700.0,780.0,1611.2888,0.0
710.0,780.0,1592.6553,0.0
720.0,780.0,1574.3982,0.0
730.0,780.0,1556.5189,0.0
740.0,780.0,1539.017,0.0
750.0,780.0,1521.8911,0.0
760.0,780.0,1505.1433,0.0
770.0,780.0,1488.772,0.0
780.0,780.0,1472.7781,0.0
790.0,780.0,1457.1626,0.0
800.0,780.0,1441.923,0.0
810.0,780.0,1427.0602,0.0
820.0,780.0,1412.5742,0.0
830.0,780.0,1398.4644,0.0
840.0,780.0,1384.7317,0.0
850.0,780.0,1371.3755,0.0
860.0,780.0,1358.3959,0.0
870.0,780.0,1345.793,0.0
880.0,780.0,1333.5662,0.0
890.0,780.0,1321.7162,0.0
900.0,780.0,1310.2421,0.0
910.0,780.0,1299.1447,0.0
920.0,780.0,1288.4235,0.0
930.0,780.0,1278.0782,0.0
940.0,780.0,1268.1095,0.0
950.0,780.0,1258.5171,0.0
960.0,780.0,1249.3,0.0
970.0,780.0,1240.4594,0.0
980.0,780.0,1231.9949,0.0
990.0,780.0,1223.9062,0.0
1000.0,780.0,1216.1937,0.0
1010.0,780.0,1208.8569,0.0
1020.0,780.0,1201.896,0.0
1030.0,780.0,1195.3107,0.0
1040.0,780.0,1189.1013,0.0
1050.0,780.0,1183.2676,0.0
1060.0,780.0,1177.8097,0.0
1070.0,780.0,1172.7275,0.0
1080.0,780.0,1168.0212,0.0
1090.0,780.0,1163.6901,0.0
1100.0,780.0,1159.7351,0.0
1110.0,780.0,1156.1553,0.0
1120.0,780.0,1152.9514,0.0
1130.0,780.0,1150.1228,0.0
1140.0,780.0,1147.67,0.0
1150.0,780.0,1145.5925,0.0
1160.0,780.0,1143.8901,0.0
1170.0,780.0,1142.5638,0.0
1180.0,780.0,1141.6128,0.0
1190.0,780.0,1141.037,0.0
1200.0,780.0,1140.8364,0.0
1210.0,780.0,1141.0115,0.0
1220.0,780.0,1141.562,0.0
1230.0,780.0,1142.4878,0.0
1240.0,780.0,1143.789,0.0
1250.0,780.0,1145.465,0.0
1260.0,780.0,1147.5166,0.0
1270.0,780.0,1149.9436,0.0
1280.0,780.0,1152.7457,0.0
1290.0,780.0,1155.9231,0.0
1300.0,780.0,1159.4757,0.0
1310.0,780.0,1163.4036,0.0
1320.0,780.0,1167.7069,0.0
1330.0,780.0,1172.385,0.0
1340.0,780.0,1177.4385,0.0
1350.0,780.0,1182.867,0.0
1360.0,780.0,1188.6709,0.0
1370.0,780.0,1194.8499,0.0
1380.0,780.0,1201.4039,0.0
1390.0,780.0,1208.3328,0.0
1400.0,780.0,1215.637,0.0
1410.0,780.0,1223.3165,0.0
1420.0,780.0,1231.3713,0.0
1430.0,780.0,1239.801,0.0
1440.0,780.0,1248.6062,0.0
1450.0,780.0,1257.7859,0.0
1460.0,780.0,1267.3406,0.0
1470.0,780.0,1277.271,0.0
1480.0,780.0,1287.576,0.0
1490.0,780.0,1298.256,0.0
1500.0,780.0,1309.3113,0.0
1510.0,780.0,1320.7411,0.0
1520.0,780.0,1332.5468,0.0
1530.0,780.0,1344.7264,0.0
1540.0,780.0,1357.281,0.0
1550.0,780.0,1370.2098,0.0
1560.0,780.0,1383.5137,0.0
1570.0,780.0,1397.1924,0.0
1580.0,780.0,1411.2456,0.0
1590.0,780.0,1425.6747,0.0
1600.0,780.0,1440.4803,0.0
1610.0,780.0,1455.6606,0.0
1620.0,780.0,1471.2163,0.0
1630.0,780.0,1487.1469,0.0
1640.0,780.0,1503.4515,0.0
1650.0,780.0,1520.131,0.0
1660.0,780.0,1537.186,0.0
1670.0,780.0,1554.616,0.0
1680.0,780.0,1572.4209,0.0
1690.0,780.0,1590.5999,0.0
1700.0,780.0,1609.155,0.0
1710.0,780.0,1628.0847,0.0
1720.0,780.0,1647.3896,0.0
1730.0,780.0,1667.0688,0.0
1740.0,780.0,1687.1235,0.0
1750.0,780.0,1707.5527,0.0
1760.0,780.0,1728.3569,0.0
1770.0,780.0,1749.5354,0.0
1780.0,780.0,1771.0898,0.0
1790.0,780.0,1793.0188,0.0
1800.0,780.0,1815.322,0.0
-200.0,790.0,39270.906,1.0
-190.0,790.0,39270.906,1.0
-180.0,790.0,39270.906,1.0
-170.0,790.0,39270.906,1.0
-160.0,790.0,39270.906,1.0
-150.0,790.0,39270.906,1.0
-140.0,790.0,39270.906,1.0
-130.0,790.0,39270.906,1.0
-120.0,790.0,39270.906,1.0
-110.0,790.0,39270.906,1.0
-100.0,790.0,39270.906,1.0
-90.0,790.0,39270.906,1.0
-80.0,790.0,39270.906,1.0
-70.0,790.0,39270.906,1.0
-60.0,790.0,39270.906,1.0
-50.0,790.0,39270.906,1.0
-40.0,790.0,39270.906,1.0
-30.0,790.0,39270.906,1.0
-20.0,790.0,39270.906,1.0
-10.0,790.0,39270.906,1.0
0.0,790.0,39270.906,1.0
10.0,790.0,39270.906,1.0
20.0,790.0,39270.906,1.0
30.0,790.0,39270.906,1.0
40.0,790.0,39270.906,1.0
50.0,790.0,39270.906,1.0
60.0,790.0,39270.906,1.0
70.0,790.0,39270.906,1.0
80.0,790.0,39270.906,1.0
90.0,790.0,39270.906,1.0
100.0,790.0,39270.906,1.0
110.0,790.0,39270.906,1.0
120.0,790.0,39270.906,1.0
130.0,790.0,39270.906,1.0
140.0,790.0,39270.906,1.0
150.0,790.0,39270.906,1.0
160.0,790.0,39270.906,1.0
170.0,790.0,39270.906,1.0
180.0,790.0,39270.906,1.0
190.0,790.0,39270.906,1.0
200.0,790.0,39270.906,1.0
210.0,790.0,39270.906,1.0
220.0,790.0,39270.906,1.0
230.0,790.0,39270.906,1.0
240.0,790.0,2870.6824,0.0
250.0,790.0,2835.0352,0.0
260.0,790.0,2799.7668,0.0
270.0,790.0,2764.8743,0.0
280.0,790.0,2730.3618,0.0
290.0,790.0,2696.2258,0.0
300.0,790.0,2662.4668,0.0
310.0,790.0,2629.0852,0.0
320.0,790.0,2596.0806,0.0
330.0,790.0,2563.4524,0.0
340.0,790.0,2531.201,0.0
350.0,790.0,2499.3262,0.0
360.0,790.0,2467.8276,0.0
370.0,790.0,2436.7065,0.0
380.0,790.0,2405.96,0.0
390.0,790.0,2375.5903,0.0
400.0,790.0,2345.5957,0.0
410.0,790.0,2315.9775,0.0
420.0,790.0,2286.7341,0.0
430.0,790.0,2257.8662,0.0
440.0,790.0,2229.3735,0.0
450.0,790.0,2201.2573,0.0
460.0,790.0,2173.5146,0.0
470.0,790.0,2146.148,0.0
480.0,790.0,2119.156,0.0
490.0,790.0,2092.5383,0.0
500.0,790.0,2066.2954,0.0
510.0,790.0,2040.4272,0.0
520.0,790.0,2014.934,0.0
530.0,790.0,1989.8146,0.0
540.0,790.0,1965.0696,0.0
550.0,790.0,1940.6978,0.0
560.0,790.0,1916.7012,0.0
570.0,790.0,1893.0781,0.0
580.0,790.0,1869.8279,0.0
590.0,790.0,1846.9526,0.0
600.0,790.0,1824.4502,0.0
610.0,790.0,1802.3218,0.0
620.0,790.0,1780.5667,0.0
630.0,790.0,1759.1853,0.0
640.0,790.0,1738.1766,0.0
650.0,790.0,1717.5415,0.0
660.0,790.0,1697.2783,0.0
670.0,790.0,1677.3892,0.0
680.0,790.0,1657.8726,0.0
690.0,790.0,1638.7291,0.0
700.0,790.0,1619.9587,0.0
710.0,790.0,1601.5605,0.0
720.0,790.0,1583.5359,0.0
730.0,790.0,1565.8828,0.0
740.0,790.0,1548.6028,0.0
750.0,790.0,1531.6941,0.0
760.0,790.0,1515.1587,0.0
770.0,790.0,1498.9949,0.0
780.0,790.0,1483.2047,0.0
790.0,790.0,1467.7861,0.0
800.0,790.0,1452.7397,0.0
810.0,790.0,1438.0657,0.0
820.0,790.0,1423.7631,0.0
830.0,790.0,1409.832,0.0
840.0,790.0,1396.2732,0.0
850.0,790.0,1383.0862,0.0
860.0,790.0,1370.2714,0.0
870.0,790.0,1357.8275,0.0
880.0,790.0,1345.7559,0.0
890.0,790.0,1334.0557,0.0
900.0,790.0,1322.7268,0.0
910.0,790.0,1311.7697,0.0
920.0,790.0,1301.1843,0.0
930.0,790.0,1290.9703,0.0
940.0,790.0,1281.1274,0.0
950.0,790.0,1271.6562,0.0
960.0,790.0,1262.5562,0.0
970.0,790.0,1253.8271,0.0
980.0,790.0,1245.4698,0.0
990.0,790.0,1237.4839,0.0
1000.0,790.0,1229.8685,0.0
1010.0,790.0,1222.6243,0.0
1020.0,790.0,1215.7513,0.0
1030.0,790.0,1209.2494,0.0
1040.0,790.0,1203.1185,0.0
1050.0,790.0,1197.3586,0.0
1060.0,790.0,1191.9697,0.0
1070.0,790.0,1186.9519,0.0
1080.0,790.0,1182.3048,0.0
1090.0,790.0,1178.0284,0.0
1100.0,790.0,1174.1235,0.0
1110.0,790.0,1170.5889,0.0
1120.0,790.0,1167.4252,0.0
1130.0,790.0,1164.6324,0.0
1140.0,790.0,1162.2103,0.0
1150.0,790.0,1160.1587,0.0
1160.0,790.0,1158.4783,0.0
1170.0,790.0,1157.1685,0.0
1180.0,790.0,1156.2296,0.0
1190.0,790.0,1155.6599,0.0
1200.0,790.0,1155.4624,0.0
1210.0,790.0,1155.6356,0.0
1220.0,790.0,1156.1791,0.0
1230.0,790.0,1157.0928,0.0
1240.0,790.0,1158.3768,0.0
1250.0,790.0,1160.0317,0.0
1260.0,790.0,1162.0571,0.0
1270.0,790.0,1164.4532,0.0
1280.0,790.0,1167.2198,0.0
1290.0,790.0,1170.3569,0.0
1300.0,790.0,1173.8647,0.0
1310.0,790.0,1177.7427,0.0
1320.0,790.0,1181.991,0.0
1330.0,790.0,1186.6101,0.0
1340.0,790.0,1191.5994,0.0
1350.0,790.0,1196.9589,0.0
1360.0,790.0,1202.6895,0.0
1370.0,790.0,1208.7897,0.0
1380.0,790.0,1215.2605,0.0
1390.0,790.0,1222.1018,0.0
1400.0,790.0,1229.3134,0.0
1410.0,790.0,1236.8959,0.0
1420.0,790.0,1244.8483,0.0
1430.0,790.0,1253.1713,0.0
1440.0,790.0,1261.8643,0.0
1450.0,790.0,1270.9281,0.0
1460.0,790.0,1280.362,0.0
1470.0,790.0,1290.1658,0.0
1480.0,790.0,1300.3406,0.0
1490.0,790.0,1310.8856,0.0
1500.0,790.0,1321.8003,0.0
1510.0,790.0,1333.0858,0.0
1520.0,790.0,1344.7415,0.0
1530.0,790.0,1356.7676,0.0
1540.0,790.0,1369.1632,0.0
1550.0,790.0,1381.9287,0.0
1560.0,790.0,1395.0638,0.0
1570.0,790.0,1408.569,0.0
1580.0,790.0,1422.444,0.0
1590.0,790.0,1436.6903,0.0
1600.0,790.0,1451.3076,0.0
1610.0,790.0,1466.2957,0.0
1620.0,790.0,1481.6542,0.0
1630.0,790.0,1497.383,0.0
1640.0,790.0,1513.4812,0.0
1650.0,790.0,1529.95,0.0
1660.0,790.0,1546.7888,0.0
1670.0,790.0,1563.9973,0.0
1680.0,790.0,1581.5767,0.0
1690.0,790.0,1599.5264,0.0
1700.0,790.0,1617.8467,0.0
1710.0,790.0,1636.536,0.0
1720.0,790.0,1655.5962,0.0
1730.0,790.0,1675.0264,0.0
1740.0,790.0,1694.8263,0.0
1750.0,790.0,1714.9967,0.0
1760.0,790.0,1735.5375,0.0
1770.0,790.0,1756.4482,0.0
1780.0,790.0,1777.7286,0.0
1790.0,790.0,1799.3801,0.0
1800.0,790.0,1821.4015,0.0
-200.0,800.0,39270.906,1.0
-190.0,800.0,39270.906,1.0
-180.0,800.0,39270.906,1.0
-170.0,800.0,39270.906,1.0
-160.0,800.0,39270.906,1.0
-150.0,800.0,39270.906,1.0
-140.0,800.0,39270.906,1.0
-130.0,800.0,39270.906,1.0
-120.0,800.0,39270.906,1.0
-110.0,800.0,39270.906,1.0
-100.0,800.0,39270.906,1.0
-90.0,800.0,39270.906,1.0
-80.0,800.0,39270.906,1.0
-70.0,800.0,39270.906,1.0
-60.0,800.0,39270.906,1.0
-50.0,800.0,39270.906,1.0
-40.0,800.0,39270.906,1.0
-30.0,800.0,39270.906,1.0
-20.0,800.0,39270.906,1.0
-10.0,800.0,39270.906,1.0
0.0,800.0,39270.906,1.0
10.0,800.0,39270.906,1.0
20.0,800.0,39270.906,1.0
30.0,800.0,39270.906,1.0
40.0,800.0,39270.906,1.0
50.0,800.0,39270.906,1.0
60.0,800.0,39270.906,1.0
70.0,800.0,39270.906,1.0
80.0,800.0,39270.906,1.0
90.0,800.0,39270.906,1.0
100.0,800.0,39270.906,1.0
110.0,800.0,39270.906,1.0
120.0,800.0,39270.906,1.0
130.0,800.0,39270.906,1.0
140.0,800.0,39270.906,1.0
150.0,800.0,39270.906,1.0
160.0,800.0,39270.906,1.0
170.0,800.0,39270.906,1.0
180.0,800.0,39270.906,1.0
190.0,800.0,39270.906,1.0
200.0,800.0,39270.906,1.0
210.0,800.0,39270.906,1.0
220.0,800.0,39270.906,1.0
230.0,800.0,39270.906,1.0
240.0,800.0,2863.771,0.0
250.0,800.0,2828.5737,0.0
260.0,800.0,2793.751,0.0
270.0,800.0,2759.2993,0.0
280.0,800.0,2725.2217,0.0
290.0,800.0,2691.5159,0.0
300.0,800.0,2658.183,0.0
310.0,800.0,2625.2222,0.0
320.0,800.0,2592.634,0.0
330.0,800.0,2560.4165,0.0
340.0,800.0,2528.571,0.0
350.0,800.0,2497.0981,0.0
360.0,800.0,2465.9963,0.0
370.0,800.0,2435.267,0.0
380.0,800.0,2404.9087,0.0
390.0,800.0,2374.9204,0.0
400.0,800.0,2345.3037,0.0
410.0,800.0,2316.0571,0.0
420.0,800.0,2287.1816,0.0
430.0,800.0,2258.6775,0.0
440.0,800.0,2230.5437,0.0
450.0,800.0,2202.7808,0.0
460.0,800.0,2175.3872,0.0
470.0,800.0,2148.364,0.0
480.0,800.0,2121.7114,0.0
490.0,800.0,2095.4282,0.0
500.0,800.0,2069.5151,0.0
510.0,800.0,2043.9724,0.0
520.0,800.0,2018.7991,0.0
530.0,800.0,1993.9949,0.0
540.0,800.0,1969.5597,0.0
550.0,800.0,1945.4946,0.0
560.0,800.0,1921.7993,0.0
570.0,800.0,1898.4722,0.0
580.0,800.0,1875.5145,0.0
590.0,800.0,1852.926,0.0
600.0,800.0,1830.706,0.0
610.0,800.0,1808.8546,0.0
620.0,800.0,1787.3726,0.0
630.0,800.0,1766.2587,0.0
640.0,800.0,1745.5134,0.0
650.0,800.0,1725.1372,0.0
660.0,800.0,1705.1284,0.0
670.0,800.0,1685.4882,0.0
680.0,800.0,1666.2158,0.0
690.0,800.0,1647.313,0.0
700.0,800.0,1628.7776,0.0
710.0,800.0,1610.6101,0.0
720.0,800.0,1592.8104,0.0
730.0,800.0,1575.3792,0.0
740.0,800.0,1558.3142,0.0
750.0,800.0,1541.6185,0.0
760.0,800.0,1525.2898,0.0
770.0,800.0,1509.3286,0.0
780.0,800.0,1493.7358,0.0
790.0,800.0,1478.5103,0.0
800.0,800.0,1463.6523,0.0
810.0,800.0,1449.1614,0.0
820.0,800.0,1435.0377,0.0
830.0,800.0,1421.2809,0.0
840.0,800.0,1407.8918,0.0
850.0,800.0,1394.8696,0.0
860.0,800.0,1382.2152,0.0
870.0,800.0,1369.9271,0.0
880.0,800.0,1358.0066,0.0
890.0,800.0,1346.4525,0.0
900.0,800.0,1335.2655,0.0
910.0,800.0,1324.4454,0.0
920.0,800.0,1313.9921,0.0
930.0,800.0,1303.9055,0.0
940.0,800.0,1294.1858,0.0
950.0,800.0,1284.833,0.0
960.0,800.0,1275.8463,0.0
970.0,800.0,1267.2272,0.0
980.0,800.0,1258.9739,0.0
990.0,800.0,1251.0874,0.0
1000.0,800.0,1243.5671,0.0
1010.0,800.0,1236.4138,0.0
1020.0,800.0,1229.6265,0.0
1030.0,800.0,1223.2056,0.0
1040.0,800.0,1217.1515,0.0
1050.0,800.0,1211.4633,0.0
1060.0,800.0,1206.1418,0.0
1070.0,800.0,1201.1863,0.0
1080.0,800.0,1196.5969,0.0
1090.0,800.0,1192.3746,0.0
1100.0,800.0,1188.5178,0.0
1110.0,800.0,1185.0276,0.0
1120.0,800.0,1181.9032,0.0
1130.0,800.0,1179.1453,0.0
1140.0,800.0,1176.7532,0.0
1150.0,800.0,1174.7273,0.0
1160.0,800.0,1173.0673,0.0
1170.0,800.0,1171.7737,0.0
1180.0,800.0,1170.846,0.0
1190.0,800.0,1170.2844,0.0
1200.0,800.0,1170.089,0.0
1210.0,800.0,1170.2593,0.0
1220.0,800.0,1170.7957,0.0
1230.0,800.0,1171.698,0.0
1240.0,800.0,1172.9661,0.0
1250.0,800.0,1174.6,0.0
1260.0,800.0,1176.6001,0.0
1270.0,800.0,1178.9658,0.0
1280.0,800.0,1181.6981,0.0
1290.0,800.0,1184.7959,0.0
1300.0,800.0,1188.2593,0.0
1310.0,800.0,1192.0887,0.0
1320.0,800.0,1196.2838,0.0
1330.0,800.0,1200.845,0.0
1340.0,800.0,1205.7717,0.0
1350.0,800.0,1211.0642,0.0
1360.0,800.0,1216.7225,0.0
1370.0,800.0,1222.747,0.0
1380.0,800.0,1229.1371,0.0
1390.0,800.0,1235.8927,0.0
1400.0,800.0,1243.0135,0.0
1410.0,800.0,1250.501,0.0
1420.0,800.0,1258.354,0.0
1430.0,800.0,1266.5729,0.0
1440.0,800.0,1275.1577,0.0
1450.0,800.0,1284.1074,0.0
1460.0,800.0,1293.4232,0.0
1470.0,800.0,1303.1044,0.0
1480.0,800.0,1313.1519,0.0
1490.0,800.0,1323.5651,0.0
1500.0,800.0,1334.3435,0.0
1510.0,800.0,1345.4875,0.0
1520.0,800.0,1356.9977,0.0
1530.0,800.0,1368.8733,0.0
1540.0,800.0,1381.1136,0.0
1550.0,800.0,1393.7196,0.0
1560.0,800.0,1406.6904,0.0
1570.0,800.0,1420.0266,0.0
1580.0,800.0,1433.7285,0.0
1590.0,800.0,1447.7961,0.0
1600.0,800.0,1462.23,0.0
1610.0,800.0,1477.0306,0.0
1620.0,800.0,1492.1967,0.0
1630.0,800.0,1507.729,0.0
1640.0,800.0,1523.6261,0.0
1650.0,800.0,1539.8887,0.0
1660.0,800.0,1556.5165,0.0
1670.0,800.0,1573.5103,0.0
1680.0,800.0,1590.8696,0.0
1690.0,800.0,1608.5947,0.0
1700.0,800.0,1626.6853,0.0
1710.0,800.0,1645.1414,0.0
1720.0,800.0,1663.9626,0.0
1730.0,800.0,1683.1499,0.0
1740.0,800.0,1702.7028,0.0
1750.0,800.0,1722.621,0.0
1760.0,800.0,1742.9045,0.0
1770.0,800.0,1763.5535,0.0
1780.0,800.0,1784.5681,0.0
1790.0,800.0,1805.948,0.0
1800.0,800.0,1827.6943,0.0
-200.0,810.0,39270.906,1.0
-190.0,810.0,39270.906,1.0
-180.0,810.0,39270.906,1.0
-170.0,810.0,39270.906,1.0
-160.0,810.0,39270.906,1.0
-150.0,810.0,39270.906,1.0
-140.0,810.0,39270.906,1.0
-130.0,810.0,39270.906,1.0
-120.0,810.0,39270.906,1.0
-110.0,810.0,39270.906,1.0
-100.0,810.0,39270.906,1.0
-90.0,810.0,39270.906,1.0
-80.0,810.0,39270.906,1.0
-70.0,810.0,39270.906,1.0
-60.0,810.0,39270.906,1.0
-50.0,810.0,39270.906,1.0
-40.0,810.0,39270.906,1.0
-30.0,810.0,39270.906,1.0
-20.0,810.0,39270.906,1.0
-10.0,810.0,39270.906,1.0
0.0,810.0,39270.906,1.0
10.0,810.0,39270.906,1.0
20.0,810.0,39270.906,1.0
30.0,810.0,39270.906,1.0
40.0,810.0,39270.906,1.0
50.0,810.0,39270.906,1.0
60.0,810.0,39270.906,1.0
70.0,810.0,39270.906,1.0
80.0,810.0,39270.906,1.0
90.0,810.0,39270.906,1.0
100.0,810.0,39270.906,1.0
110.0,810.0,39270.906,1.0
120.0,810.0,39270.906,1.0
130.0,810.0,39270.906,1.0
140.0,810.0,39270.906,1.0
150.0,810.0,39270.906,1.0
160.0,810.0,39270.906,1.0
170.0,810.0,39270.906,1.0
180.0,810.0,39270.906,1.0
190.0,810.0,39270.906,1.0
200.0,810.0,39270.906,1.0
210.0,810.0,39270.906,1.0
220.0,810.0,39270.906,1.0
230.0,810.0,39270.906,1.0
240.0,810.0,39270.906,1.0
250.0,810.0,2822.6372,0.0
260.0,810.0,2788.2485,0.0
270.0,810.0,2754.226,0.0
280.0,810.0,2720.5728,0.0
290.0,810.0,2687.2876,0.0
300.0,810.0,2654.3691,0.0
310.0,810.0,2621.8198,0.0
320.0,810.0,2589.6357,0.0
330.0,810.0,2557.8198,0.0
340.0,810.0,2526.3716,0.0
350.0,810.0,2495.2893,0.0
360.0,810.0,2464.575,0.0
370.0,810.0,2434.227,0.0
380.0,810.0,2404.246,0.0
390.0,810.0,2374.631,0.0
400.0,810.0,2345.3818,0.0
410.0,810.0,2316.499,0.0
420.0,810.0,2287.982,0.0
430.0,810.0,2259.8318,0.0
440.0,810.0,2232.047,0.0
450.0,810.0,2204.6292,0.0
460.0,810.0,2177.5757,0.0
470.0,810.0,2150.8882,0.0
480.0,810.0,2124.5662,0.0
490.0,810.0,2098.6096,0.0
500.0,810.0,2073.0178,0.0
510.0,810.0,2047.7913,0.0
520.0,810.0,2022.9299,0.0
530.0,810.0,1998.4336,0.0
540.0,810.0,1974.3024,0.0
550.0,810.0,1950.5354,0.0
560.0,810.0,1927.133,0.0
570.0,810.0,1904.0952,0.0
580.0,810.0,1881.4221,0.0
590.0,810.0,1859.1135,0.0
600.0,810.0,1837.1687,0.0
610.0,810.0,1815.5884,0.0
620.0,810.0,1794.3718,0.0
630.0,810.0,1773.5197,0.0
640.0,810.0,1753.0314,0.0
650.0,810.0,1732.9062,0.0
660.0,810.0,1713.1456,0.0
670.0,810.0,1693.7485,0.0
680.0,810.0,1674.7148,0.0
690.0,810.0,1656.0457,0.0
700.0,810.0,1637.74,0.0
710.0,810.0,1619.7975,0.0
720.0,810.0,1602.218,0.0
730.0,810.0,1585.0016,0.0
740.0,810.0,1568.1484,0.0
750.0,810.0,1551.6584,0.0
760.0,810.0,1535.532,0.0
770.0,810.0,1519.7684,0.0
780.0,810.0,1504.3683,0.0
790.0,810.0,1489.331,0.0
800.0,810.0,1474.6562,0.0
810.0,810.0,1460.3445,0.0
820.0,810.0,1446.3956,0.0
830.0,810.0,1432.8088,0.0
840.0,810.0,1419.5851,0.0
850.0,810.0,1406.7244,0.0
860.0,810.0,1394.2255,0.0
870.0,810.0,1382.0896,0.0
880.0,810.0,1370.3154,0.0
890.0,810.0,1358.9047,0.0
900.0,810.0,1347.8556,0.0
910.0,810.0,1337.169,0.0
920.0,810.0,1326.8445,0.0
930.0,810.0,1316.8826,0.0
940.0,810.0,1307.2832,0.0
950.0,810.0,1298.0454,0.0
960.0,810.0,1289.1704,0.0
970.0,810.0,1280.6571,0.0
980.0,810.0,1272.5057,0.0
990.0,810.0,1264.7163,0.0
1000.0,810.0,1257.2888,0.0
1010.0,810.0,1250.2235,0.0
1020.0,810.0,1243.5199,0.0
1030.0,810.0,1237.1782,0.0
1040.0,810.0,1231.1985,0.0
1050.0,810.0,1225.5807,0.0
1060.0,810.0,1220.3243,0.0
1070.0,810.0,1215.4302,0.0
1080.0,810.0,1210.8976,0.0
1090.0,810.0,1206.7267,0.0
1100.0,810.0,1202.9177,0.0
1110.0,810.0,1199.4703,0.0
1120.0,810.0,1196.3848,0.0
1130.0,810.0,1193.6602,0.0
1140.0,810.0,1191.298,0.0
1150.0,810.0,1189.2966,0.0
1160.0,810.0,1187.6575,0.0
1170.0,810.0,1186.3794,0.0
1180.0,810.0,1185.4631,0.0
1190.0,810.0,1184.9082,0.0
1200.0,810.0,1184.7148,0.0
1210.0,810.0,1184.8833,0.0
1220.0,810.0,1185.4128,0.0
1230.0,810.0,1186.304,0.0
1240.0,810.0,1187.556,0.0
1250.0,810.0,1189.1699,0.0
1260.0,810.0,1191.1454,0.0
1270.0,810.0,1193.4817,0.0
1280.0,810.0,1196.1798,0.0
1290.0,810.0,1199.2391,0.0
1300.0,810.0,1202.6594,0.0
1310.0,810.0,1206.4417,0.0
1320.0,810.0,1210.5851,0.0
1330.0,810.0,1215.0894,0.0
1340.0,810.0,1219.9553,0.0
1350.0,810.0,1225.1824,0.0
1360.0,810.0,1230.7712,0.0
1370.0,810.0,1236.7207,0.0
1380.0,810.0,1243.0314,0.0
1390.0,810.0,1249.7037,0.0
1400.0,810.0,1256.7366,0.0
1410.0,810.0,1264.1309,0.0
1420.0,810.0,1271.8872,0.0
1430.0,810.0,1280.0045,0.0
1440.0,810.0,1288.4827,0.0
1450.0,810.0,1297.322,0.0
1460.0,810.0,1306.5233,0.0
1470.0,810.0,1316.085,0.0
1480.0,810.0,1326.0082,0.0
1490.0,810.0,1336.2925,0.0
1500.0,810.0,1346.9375,0.0
1510.0,810.0,1357.944,0.0
1520.0,810.0,1369.3118,0.0
1530.0,810.0,1381.0403,0.0
1540.0,810.0,1393.13,0.0
1550.0,810.0,1405.5804,0.0
1560.0,810.0,1418.3911,0.0
1570.0,810.0,1431.563,0.0
1580.0,810.0,1445.0955,0.0
1590.0,810.0,1458.989,0.0
1600.0,810.0,1473.2441,0.0
1610.0,810.0,1487.861,0.0
1620.0,810.0,1502.8402,0.0
1630.0,810.0,1518.1799,0.0
1640.0,810.0,1533.8816,0.0
1650.0,810.0,1549.9432,0.0
1660.0,810.0,1566.3657,0.0
1670.0,810.0,1583.1494,0.0
1680.0,810.0,1600.2938,0.0
1690.0,810.0,1617.7998,0.0
1700.0,810.0,1635.667,0.0
1710.0,810.0,1653.8955,0.0
1720.0,810.0,1672.4846,0.0
1730.0,810.0,1691.4338,0.0
1740.0,810.0,1710.7451,0.0
1750.0,810.0,1730.4171,0.0
1760.0,810.0,1750.4502,0.0
1770.0,810.0,1770.8442,0.0
1780.0,810.0,1791.5997,0.0
1790.0,810.0,1812.7158,0.0
1800.0,810.0,1834.1926,0.0
-200.0,820.0,39270.906,1.0
-190.0,820.0,39270.906,1.0
-180.0,820.0,39270.906,1.0
-170.0,820.0,39270.906,1.0
-160.0,820.0,39270.906,1.0
-150.0,820.0,39270.906,1.0
-140.0,820.0,39270.906,1.0
-130.0,820.0,39270.906,1.0
-120.0,820.0,39270.906,1.0
-110.0,820.0,39270.906,1.0
-100.0,820.0,39270.906,1.0
-90.0,820.0,39270.906,1.0
-80.0,820.0,39270.906,1.0
-70.0,820.0,39270.906,1.0
-60.0,820.0,39270.906,1.0
-50.0,820.0,39270.906,1.0
-40.0,820.0,39270.906,1.0
-30.0,820.0,39270.906,1.0
-20.0,820.0,39270.906,1.0
-10.0,820.0,39270.906,1.0
0.0,820.0,39270.906,1.0
10.0,820.0,39270.906,1.0
20.0,820.0,39270.906,1.0
30.0,820.0,39270.906,1.0
40.0,820.0,39270.906,1.0
50.0,820.0,39270.906,1.0
60.0,820.0,39270.906,1.0
70.0,820.0,39270.906,1.0
80.0,820.0,39270.906,1.0
90.0,820.0,39270.906,1.0
100.0,820.0,39270.906,1.0
110.0,820.0,39270.906,1.0
120.0,820.0,39270.906,1.0
130.0,820.0,39270.906,1.0
140.0,820.0,39270.906,1.0
150.0,820.0,39270.906,1.0
160.0,820.0,39270.906,1.0
170.0,820.0,39270.906,1.0
180.0,820.0,39270.906,1.0
190.0,820.0,39270.906,1.0
200.0,820.0,39270.906,1.0
210.0,820.0,39270.906,1.0
220.0,820.0,39270.906,1.0
230.0,820.0,39270.906,1.0
240.0,820.0,39270.906,1.0
250.0,820.0,39270.906,1.0
260.0,820.0,2783.2402,0.0
270.0,820.0,2749.6375,0.0
280.0,820.0,2716.3982,0.0
290.0,820.0,2683.522,0.0
300.0,820.0,2651.0088,0.0
310.0,820.0,2618.859,0.0
320.0,820.0,2587.0708,0.0
330.0,820.0,2555.6462,0.0
340.0,820.0,2524.5833,0.0
350.0,820.0,2493.8843,0.0
360.0,820.0,2463.547,0.0
370.0,820.0,2433.5718,0.0
380.0,820.0,2403.9585,0.0
390.0,820.0,2374.7065,0.0
400.0,820.0,2345.8164,0.0
410.0,820.0,2317.2886,0.0
420.0,820.0,2289.121,0.0
430.0,820.0,2261.3167,0.0
440.0,820.0,2233.8726,0.0
450.0,820.0,2206.7908,0.0
460.0,820.0,2180.0688,0.0
470.0,820.0,2153.7085,0.0
480.0,820.0,2127.709,0.0
490.0,820.0,2102.0708,0.0
500.0,820.0,2076.793,0.0
510.0,820.0,2051.8755,0.0
520.0,820.0,2027.3184,0.0
530.0,820.0,2003.1218,0.0
540.0,820.0,1979.2863,0.0
550.0,820.0,1955.81,0.0
560.0,820.0,1932.6943,0.0
570.0,820.0,1909.9385,0.0
580.0,820.0,1887.5432,0.0
590.0,820.0,1865.5073,0.0
600.0,820.0,1843.831,0.0
610.0,820.0,1822.5144,0.0
620.0,820.0,1801.5576,0.0
630.0,820.0,1780.9606,0.0
640.0,820.0,1760.7229,0.0
650.0,820.0,1740.844,0.0
660.0,820.0,1721.3247,0.0
670.0,820.0,1702.1655,0.0
680.0,820.0,1683.3645,0.0
690.0,820.0,1664.9232,0.0
700.0,820.0,1646.8413,0.0
710.0,820.0,1629.1173,0.0
720.0,820.0,1611.7527,0.0
730.0,820.0,1594.7467,0.0
740.0,820.0,1578.0996,0.0
750.0,820.0,1561.811,0.0
760.0,820.0,1545.8812,0.0
770.0,820.0,1530.3107,0.0
780.0,820.0,1515.0986,0.0
790.0,820.0,1500.2449,0.0
800.0,820.0,1485.7491,0.0
810.0,820.0,1471.612,0.0
820.0,820.0,1457.833,0.0
830.0,820.0,1444.4124,0.0
840.0,820.0,1431.35,0.0
850.0,820.0,1418.6455,0.0
860.0,820.0,1406.2996,0.0
870.0,820.0,1394.3115,0.0
880.0,820.0,1382.6819,0.0
890.0,820.0,1371.4094,0.0
900.0,820.0,1360.4956,0.0
910.0,820.0,1349.9391,0.0
920.0,820.0,1339.741,0.0
930.0,820.0,1329.9004,0.0
940.0,820.0,1320.4177,0.0
950.0,820.0,1311.2922,0.0
960.0,820.0,1302.5255,0.0
970.0,820.0,1294.1157,0.0
980.0,820.0,1286.0641,0.0
990.0,820.0,1278.3694,0.0
1000.0,820.0,1271.0325,0.0
1010.0,820.0,1264.053,0.0
1020.0,820.0,1257.4309,0.0
1030.0,820.0,1251.1666,0.0
1040.0,820.0,1245.2596,0.0
1050.0,820.0,1239.7107,0.0
1060.0,820.0,1234.5184,0.0
1070.0,820.0,1229.6833,0.0
1080.0,820.0,1225.2062,0.0
1090.0,820.0,1221.0862,0.0
1100.0,820.0,1217.3235,0.0
1110.0,820.0,1213.9176,0.0
1120.0,820.0,1210.8694,0.0
1130.0,820.0,1208.1783,0.0
1140.0,820.0,1205.8447,0.0
1150.0,820.0,1203.8676,0.0
1160.0,820.0,1202.2482,0.0
1170.0,820.0,1200.9855,0.0
1180.0,820.0,1200.0803,0.0
1190.0,820.0,1199.5321,0.0
1200.0,820.0,1199.3411,0.0
1210.0,820.0,1199.5071,0.0
1220.0,820.0,1200.03,0.0
1230.0,820.0,1200.9099,0.0
1240.0,820.0,1202.1475,0.0
1250.0,820.0,1203.7411,0.0
1260.0,820.0,1205.6919,0.0
1270.0,820.0,1208.0,0.0
1280.0,820.0,1210.6649,0.0
1290.0,820.0,1213.6865,0.0
1300.0,820.0,1217.0654,0.0
1310.0,820.0,1220.8011,0.0
1320.0,820.0,1224.8936,0.0
1330.0,820.0,1229.3433,0.0
1340.0,820.0,1234.1497,0.0
1350.0,820.0,1239.3129,0.0
1360.0,820.0,1244.833,0.0
1370.0,820.0,1250.7102,0.0
1380.0,820.0,1256.9437,0.0
1390.0,820.0,1263.5344,0.0
1400.0,820.0,1270.4814,0.0
1410.0,820.0,1277.7859,0.0
1420.0,820.0,1285.4474,0.0
1430.0,820.0,1293.4653,0.0
1440.0,820.0,1301.8403,0.0
1450.0,820.0,1310.5718,0.0
1460.0,820.0,1319.6604,0.0
1470.0,820.0,1329.1055,0.0
1480.0,820.0,1338.9067,0.0
1490.0,820.0,1349.0657,0.0
1500.0,820.0,1359.5813,0.0
1510.0,820.0,1370.453,0.0
1520.0,820.0,1381.6821,0.0
1530.0,820.0,1393.2676,0.0
1540.0,820.0,1405.2098,0.0
1550.0,820.0,1417.5085,0.0
1560.0,820.0,1430.1633,0.0
1570.0,820.0,1443.1746,0.0
1580.0,820.0,1456.5417,0.0
1590.0,820.0,1470.2649,0.0
1600.0,820.0,1484.3464,0.0
1610.0,820.0,1498.784,0.0
1620.0,820.0,1513.5802,0.0
1630.0,820.0,1528.7335,0.0
1640.0,820.0,1544.2427,0.0
1650.0,820.0,1560.1088,0.0
1660.0,820.0,1576.331,0.0
1670.0,820.0,1592.9099,0.0
1680.0,820.0,1609.8448,0.0
1690.0,820.0,1627.1375,0.0
1700.0,820.0,1644.7861,0.0
1710.0,820.0,1662.7917,0.0
1720.0,820.0,1681.1545,0.0
1730.0,820.0,1699.873,0.0
1740.0,820.0,1718.9482,0.0
1750.0,820.0,1738.3804,0.0
1760.0,820.0,1758.1693,0.0
1770.0,820.0,1778.3138,0.0
1780.0,820.0,1798.8162,0.0
1790.0,820.0,1819.6744,0.0
1800.0,820.0,1840.889,0.0
-200.0,830.0,39270.906,1.0
-190.0,830.0,39270.906,1.0
-180.0,830.0,39270.906,1.0
-170.0,830.0,39270.906,1.0
-160.0,830.0,39270.906,1.0
-150.0,830.0,39270.906,1.0
-140.0,830.0,39270.906,1.0
-130.0,830.0,39270.906,1.0
-120.0,830.0,39270.906,1.0
-110.0,830.0,39270.906,1.0
-100.0,830.0,39270.906,1.0
-90.0,830.0,39270.906,1.0
-80.0,830.0,39270.906,1.0
-70.0,830.0,39270.906,1.0
-60.0,830.0,39270.906,1.0
-50.0,830.0,39270.906,1.0
-40.0,830.0,39270.906,1.0
-30.0,830.0,39270.906,1.0
-20.0,830.0,39270.906,1.0
-10.0,830.0,39270.906,1.0
0.0,830.0,39270.906,1.0
10.0,830.0,39270.906,1.0
20.0,830.0,39270.906,1.0
30.0,830.0,39270.906,1.0
40.0,830.0,39270.906,1.0
50.0,830.0,39270.906,1.0
60.0,830.0,39270.906,1.0
70.0,830.0,39270.906,1.0
80.0,830.0,39270.906,1.0
90.0,830.0,39270.906,1.0
100.0,830.0,39270.906,1.0
110.0,830.0,39270.906,1.0
120.0,830.0,39270.906,1.0
130.0,830.0,39270.906,1.0
140.0,830.0,39270.906,1.0
150.0,830.0,39270.906,1.0
160.0,830.0,39270.906,1.0
170.0,830.0,39270.906,1.0
180.0,830.0,39270.906,1.0
190.0,830.0,39270.906,1.0
200.0,830.0,39270.906,1.0
210.0,830.0,39270.906,1.0
220.0,830.0,39270.906,1.0
230.0,830.0,39270.906,1.0
240.0,830.0,39270.906,1.0
250.0,830.0,39270.906,1.0
260.0,830.0,39270.906,1.0
270.0,830.0,2745.5151,0.0
280.0,830.0,2712.6792,0.0
290.0,830.0,2680.2031,0.0
300.0,830.0,2648.084,0.0
310.0,830.0,2616.3245,0.0
320.0,830.0,2584.923,0.0
330.0,830.0,2553.8794,0.0
340.0,830.0,2523.1948,0.0
350.0,830.0,2492.868,0.0
360.0,830.0,2462.899,0.0
370.0,830.0,2433.2866,0.0
380.0,830.0,2404.0327,0.0
390.0,830.0,2375.1353,0.0
400.0,830.0,2346.5952,0.0
410.0,830.0,2318.4126,0.0
420.0,830.0,2290.5874,0.0
430.0,830.0,2263.1196,0.0
440.0,830.0,2236.0078,0.0
450.0,830.0,2209.254,0.0
460.0,830.0,2182.8564,0.0
470.0,830.0,2156.8154,0.0
480.0,830.0,2131.1306,0.0
490.0,830.0,2105.8027,0.0
500.0,830.0,2080.8298,0.0
510.0,830.0,2056.214,0.0
520.0,830.0,2031.9548,0.0
530.0,830.0,2008.0515,0.0
540.0,830.0,1984.5035,0.0
550.0,830.0,1961.3115,0.0
560.0,830.0,1938.4753,0.0
570.0,830.0,1915.9951,0.0
580.0,830.0,1893.8694,0.0
590.0,830.0,1872.0999,0.0
600.0,830.0,1850.6863,0.0
610.0,830.0,1829.6274,0.0
620.0,830.0,1808.9236,0.0
630.0,830.0,1788.5753,0.0
640.0,830.0,1768.5813,0.0
650.0,830.0,1748.9429,0.0
660.0,830.0,1729.6602,0.0
670.0,830.0,1710.731,0.0
680.0,830.0,1692.1578,0.0
690.0,830.0,1673.9395,0.0
700.0,830.0,1656.0759,0.0
710.0,830.0,1638.5659,0.0
720.0,830.0,1621.4103,0.0
730.0,830.0,1604.6094,0.0
740.0,830.0,1588.1633,0.0
750.0,830.0,1572.071,0.0
760.0,830.0,1556.334,0.0
770.0,830.0,1540.9517,0.0
780.0,830.0,1525.9229,0.0
790.0,830.0,1511.248,0.0
800.0,830.0,1496.9269,0.0
810.0,830.0,1482.9603,0.0
820.0,830.0,1469.3479,0.0
830.0,830.0,1456.0891,0.0
840.0,830.0,1443.1837,0.0
850.0,830.0,1430.6326,0.0
860.0,830.0,1418.4349,0.0
870.0,830.0,1406.5917,0.0
880.0,830.0,1395.1019,0.0
890.0,830.0,1383.9656,0.0
900.0,830.0,1373.1832,0.0
910.0,830.0,1362.754,0.0
920.0,830.0,1352.6785,0.0
930.0,830.0,1342.9565,0.0
940.0,830.0,1333.5883,0.0
950.0,830.0,1324.5728,0.0
960.0,830.0,1315.9109,0.0
970.0,830.0,1307.6029,0.0
980.0,830.0,1299.6482,0.0
990.0,830.0,1292.0461,0.0
1000.0,830.0,1284.7979,0.0
1010.0,830.0,1277.9023,0.0
1020.0,830.0,1271.3597,0.0
1030.0,830.0,1265.1708,0.0
1040.0,830.0,1259.335,0.0
1050.0,830.0,1253.8525,0.0
1060.0,830.0,1248.7225,0.0
1070.0,830.0,1243.9458,0.0
1080.0,830.0,1239.5225,0.0
1090.0,830.0,1235.4519,0.0
1100.0,830.0,1231.7345,0.0
1110.0,830.0,1228.3694,0.0
1120.0,830.0,1225.3577,0.0
1130.0,830.0,1222.6992,0.0
1140.0,830.0,1220.3932,0.0
1150.0,830.0,1218.44,0.0
1160.0,830.0,1216.8396,0.0
1170.0,830.0,1215.5923,0.0
1180.0,830.0,1214.6982,0.0
1190.0,830.0,1214.156,0.0
1200.0,830.0,1213.9672,0.0
1210.0,830.0,1214.1306,0.0
1220.0,830.0,1214.6471,0.0
1230.0,830.0,1215.5165,0.0
1240.0,830.0,1216.7385,0.0
1250.0,830.0,1218.3135,0.0
1260.0,830.0,1220.2405,0.0
1270.0,830.0,1222.5205,0.0
1280.0,830.0,1225.1531,0.0
1290.0,830.0,1228.1383,0.0
1300.0,830.0,1231.4766,0.0
1310.0,830.0,1235.1672,0.0
1320.0,830.0,1239.2102,0.0
1330.0,830.0,1243.6061,0.0
1340.0,830.0,1248.3542,0.0
1350.0,830.0,1253.4552,0.0
1360.0,830.0,1258.9088,0.0
1370.0,830.0,1264.7151,0.0
1380.0,830.0,1270.8734,0.0
1390.0,830.0,1277.3843,0.0
1400.0,830.0,1284.2476,0.0
1410.0,830.0,1291.4639,0.0
1420.0,830.0,1299.0322,0.0
1430.0,830.0,1306.9545,0.0
1440.0,830.0,1315.228,0.0
1450.0,830.0,1323.8544,0.0
1460.0,830.0,1332.8331,0.0
1470.0,830.0,1342.1643,0.0
1480.0,830.0,1351.8475,0.0
1490.0,830.0,1361.8839,0.0
1500.0,830.0,1372.2722,0.0
1510.0,830.0,1383.0132,0.0
1520.0,830.0,1394.107,0.0
1530.0,830.0,1405.5526,0.0
1540.0,830.0,1417.3511,0.0
1550.0,830.0,1429.5015,0.0
1560.0,830.0,1442.0038,0.0
1570.0,830.0,1454.8584,0.0
1580.0,830.0,1468.0645,0.0
1590.0,830.0,1481.6228,0.0
1600.0,830.0,1495.534,0.0
1610.0,830.0,1509.7975,0.0
1620.0,830.0,1524.414,0.0
1630.0,830.0,1539.3844,0.0
1640.0,830.0,1554.7073,0.0
1650.0,830.0,1570.3821,0.0
1660.0,830.0,1586.4087,0.0
1670.0,830.0,1602.7875,0.0
1680.0,830.0,1619.519,0.0
1690.0,830.0,1636.602,0.0
1700.0,830.0,1654.0381,0.0
1710.0,830.0,1671.8271,0.0
1720.0,830.0,1689.9677,0.0
1730.0,830.0,1708.4612,0.0
1740.0,830.0,1727.3064,0.0
1750.0,830.0,1746.5044,0.0
1760.0,830.0,1766.054,0.0
1770.0,830.0,1785.9562,0.0
1780.0,830.0,1806.2107,0.0
1790.0,830.0,1826.818,0.0
1800.0,830.0,1847.7766,0.0
-200.0,840.0,39270.906,1.0
-190.0,840.0,39270.906,1.0
-180.0,840.0,39270.906,1.0
-170.0,840.0,39270.906,1.0
-160.0,840.0,39270.906,1.0
-150.0,840.0,39270.906,1.0
-140.0,840.0,39270.906,1.0
-130.0,840.0,39270.906,1.0
-120.0,840.0,39270.906,1.0
-110.0,840.0,39270.906,1.0
-100.0,840.0,39270.906,1.0
-90.0,840.0,39270.906,1.0
-80.0,840.0,39270.906,1.0
-70.0,840.0,39270.906,1.0
-60.0,840.0,39270.906,1.0
-50.0,840.0,39270.906,1.0
-40.0,840.0,39270.906,1.0
-30.0,840.0,39270.906,1.0
-20.0,840.0,39270.906,1.0
-10.0,840.0,39270.906,1.0
0.0,840.0,39270.906,1.0
10.0,840.0,39270.906,1.0
20.0,840.0,39270.906,1.0
30.0,840.0,39270.906,1.0
40.0,840.0,39270.906,1.0
50.0,840.0,39270.906,1.0
60.0,840.0,39270.906,1.0
70.0,840.0,39270.906,1.0
80.0,840.0,39270.906,1.0
90.0,840.0,39270.906,1.0
100.0,840.0,39270.906,1.0
110.0,840.0,39270.906,1.0
120.0,840.0,39270.906,1.0
130.0,840.0,39270.906,1.0
140.0,840.0,39270.906,1.0
150.0,840.0,39270.906,1.0
160.0,840.0,39270.906,1.0
170.0,840.0,39270.906,1.0
180.0,840.0,39270.906,1.0
190.0,840.0,39270.906,1.0
200.0,840.0,39270.906,1.0
210.0,840.0,39270.906,1.0
220.0,840.0,39270.906,1.0
230.0,840.0,39270.906,1.0
240.0,840.0,39270.906,1.0
250.0,840.0,39270.906,1.0
260.0,840.0,39270.906,1.0
270.0,840.0,39270.906,1.0
280.0,840.0,2709.401,0.0
290.0,840.0,2677.313,0.0
300.0,840.0,2645.5806,0.0
310.0,840.0,2614.2014,0.0
320.0,840.0,2583.1772,0.0
330.0,840.0,2552.5063,0.0
340.0,840.0,2522.1895,0.0
350.0,840.0,2492.2256,0.0
360.0,840.0,2462.6155,0.0
370.0,840.0,2433.3577,0.0
380.0,840.0,2404.4543,0.0
390.0,840.0,2375.9043,0.0
400.0,840.0,2347.7056,0.0
410.0,840.0,2319.8608,0.0
420.0,840.0,2292.3684,0.0
430.0,840.0,2265.229,0.0
440.0,840.0,2238.4424,0.0
450.0,840.0,2212.0088,0.0
460.0,840.0,2185.9268,0.0
470.0,840.0,2160.1973,0.0
480.0,840.0,2134.8196,0.0
490.0,840.0,2109.795,0.0
500.0,840.0,2085.1208,0.0
510.0,840.0,2060.7993,0.0
520.0,840.0,2036.8303,0.0
530.0,840.0,2013.2124,0.0
540.0,840.0,1989.9458,0.0
550.0,840.0,1967.0311,0.0
560.0,840.0,1944.4678,0.0
570.0,840.0,1922.2557,0.0
580.0,840.0,1900.3945,0.0
590.0,840.0,1878.885,0.0
600.0,840.0,1857.7269,0.0
610.0,840.0,1836.9197,0.0
620.0,840.0,1816.463,0.0
630.0,840.0,1796.3573,0.0
640.0,840.0,1776.6022,0.0
650.0,840.0,1757.1985,0.0
660.0,840.0,1738.1454,0.0
670.0,840.0,1719.4429,0.0
680.0,840.0,1701.0913,0.0
690.0,840.0,1683.0898,0.0
700.0,840.0,1665.4385,0.0
710.0,840.0,1648.1377,0.0
720.0,840.0,1631.1865,0.0
730.0,840.0,1614.5865,0.0
740.0,840.0,1598.3356,0.0
750.0,840.0,1582.4368,0.0
760.0,840.0,1566.8867,0.0
770.0,840.0,1551.6874,0.0
780.0,840.0,1536.838,0.0
790.0,840.0,1522.3378,0.0
800.0,840.0,1508.1871,0.0
810.0,840.0,1494.3873,0.0
820.0,840.0,1480.9364,0.0
830.0,840.0,1467.8357,0.0
840.0,840.0,1455.0846,0.0
850.0,840.0,1442.6829,0.0
860.0,840.0,1430.6311,0.0
870.0,840.0,1418.9279,0.0
880.0,840.0,1407.5752,0.0
890.0,840.0,1396.5713,0.0
900.0,840.0,1385.9167,0.0
910.0,840.0,1375.6124,0.0
920.0,840.0,1365.6565,0.0
930.0,840.0,1356.0502,0.0
940.0,840.0,1346.7932,0.0
950.0,840.0,1337.8855,0.0
960.0,840.0,1329.3265,0.0
970.0,840.0,1321.1172,0.0
980.0,840.0,1313.2573,0.0
990.0,840.0,1305.7456,0.0
1000.0,840.0,1298.5833,0.0
1010.0,840.0,1291.7694,0.0
1020.0,840.0,1285.305,0.0
1030.0,840.0,1279.1895,0.0
1040.0,840.0,1273.4233,0.0
1050.0,840.0,1268.006,0.0
1060.0,840.0,1262.937,0.0
1070.0,840.0,1258.2172,0.0
1080.0,840.0,1253.846,0.0
1090.0,840.0,1249.824,0.0
1100.0,840.0,1246.1501,0.0
1110.0,840.0,1242.8254,0.0
1120.0,840.0,1239.8495,0.0
1130.0,840.0,1237.2222,0.0
1140.0,840.0,1234.9436,0.0
1150.0,840.0,1233.0134,0.0
1160.0,840.0,1231.4323,0.0
1170.0,840.0,1230.1992,0.0
1180.0,840.0,1229.3154,0.0
1190.0,840.0,1228.7798,0.0
1200.0,840.0,1228.5929,0.0
1210.0,840.0,1228.7551,0.0
1220.0,840.0,1229.265,0.0
1230.0,840.0,1230.1243,0.0
1240.0,840.0,1231.3307,0.0
1250.0,840.0,1232.8868,0.0
1260.0,840.0,1234.7913,0.0
1270.0,840.0,1237.0441,0.0
1280.0,840.0,1239.645,0.0
1290.0,840.0,1242.5944,0.0
1300.0,840.0,1245.8925,0.0
1310.0,840.0,1249.5391,0.0
1320.0,840.0,1253.534,0.0
1330.0,840.0,1257.8774,0.0
1340.0,840.0,1262.5691,0.0
1350.0,840.0,1267.6091,0.0
1360.0,840.0,1272.9971,0.0
1370.0,840.0,1278.7344,0.0
1380.0,840.0,1284.8196,0.0
1390.0,840.0,1291.2526,0.0
1400.0,840.0,1298.034,0.0
1410.0,840.0,1305.1643,0.0
1420.0,840.0,1312.6431,0.0
1430.0,840.0,1320.4697,0.0
1440.0,840.0,1328.6448,0.0
1450.0,840.0,1337.1687,0.0
1460.0,840.0,1346.0403,0.0
1470.0,840.0,1355.26,0.0
1480.0,840.0,1364.8284,0.0
1490.0,840.0,1374.7448,0.0
1500.0,840.0,1385.0098,0.0
1510.0,840.0,1395.6226,0.0
1520.0,840.0,1406.584,0.0
1530.0,840.0,1417.8933,0.0
1540.0,840.0,1429.551,0.0
1550.0,840.0,1441.5573,0.0
1560.0,840.0,1453.9102,0.0
1570.0,840.0,1466.6118,0.0
1580.0,840.0,1479.6611,0.0
1590.0,840.0,1493.0582,0.0
1600.0,840.0,1506.8032,0.0
1610.0,840.0,1520.8967,0.0
1620.0,840.0,1535.3384,0.0
1630.0,840.0,1550.1301,0.0
1640.0,840.0,1565.2703,0.0
1650.0,840.0,1580.7587,0.0
1660.0,840.0,1596.5945,0.0
1670.0,840.0,1612.7783,0.0
1680.0,840.0,1629.3103,0.0
1690.0,840.0,1646.1902,0.0
1700.0,840.0,1663.4182,0.0
1710.0,840.0,1680.9949,0.0
1720.0,840.0,1698.9194,0.0
1730.0,840.0,1717.1921,0.0
1740.0,840.0,1735.8132,0.0
1750.0,840.0,1754.7823,0.0
1760.0,840.0,1774.0996,0.0
1770.0,840.0,1793.7644,0.0
1780.0,840.0,1813.778,0.0
1790.0,840.0,1834.1387,0.0
1800.0,840.0,1854.8489,0.0
-200.0,850.0,39270.906,1.0
-190.0,850.0,39270.906,1.0
-180.0,850.0,39270.906,1.0
-170.0,850.0,39270.906,1.0
-160.0,850.0,39270.906,1.0
-150.0,850.0,39270.906,1.0
-140.0,850.0,39270.906,1.0
-130.0,850.0,39270.906,1.0
-120.0,850.0,39270.906,1.0
-110.0,850.0,39270.906,1.0
-100.0,850.0,39270.906,1.0
-90.0,850.0,39270.906,1.0
-80.0,850.0,39270.906,1.0
-70.0,850.0,39270.906,1.0
-60.0,850.0,39270.906,1.0
-50.0,850.0,39270.906,1.0
-40.0,850.0,39270.906,1.0
-30.0,850.0,39270.906,1.0
-20.0,850.0,39270.906,1.0
-10.0,850.0,39270.906,1.0
0.0,850.0,39270.906,1.0
10.0,850.0,39270.906,1.0
20.0,850.0,39270.906,1.0
30.0,850.0,39270.906,1.0
40.0,850.0,39270.906,1.0
50.0,850.0,39270.906,1.0
60.0,850.0,39270.906,1.0
70.0,850.0,39270.906,1.0
80.0,850.0,39270.906,1.0
90.0,850.0,39270.906,1.0
100.0,850.0,39270.906,1.0
110.0,850.0,39270.906,1.0
120.0,850.0,39270.906,1.0
130.0,850.0,39270.906,1.0
140.0,850.0,39270.906,1.0
150.0,850.0,39270.906,1.0
160.0,850.0,39270.906,1.0
170.0,850.0,39270.906,1.0
180.0,850.0,39270.906,1.0
190.0,850.0,39270.906,1.0
200.0,850.0,39270.906,1.0
210.0,850.0,39270.906,1.0
220.0,850.0,39270.906,1.0
230.0,850.0,39270.906,1.0
240.0,850.0,39270.906,1.0
250.0,850.0,39270.906,1.0
260.0,850.0,39270.906,1.0
270.0,850.0,39270.906,1.0
280.0,850.0,39270.906,1.0
290.0,850.0,2674.8396,0.0
300.0,850.0,2643.4822,0.0
310.0,850.0,2612.476,0.0
320.0,850.0,2581.819,0.0
330.0,850.0,2551.512,0.0
340.0,850.0,2521.5535,0.0
350.0,850.0,2491.9446,0.0
360.0,850.0,2462.685,0.0
370.0,850.0,2433.7744,0.0
380.0,850.0,2405.2124,0.0
390.0,850.0,2377.0,0.0
400.0,850.0,2349.1353,0.0
410.0,850.0,2321.62,0.0
420.0,850.0,2294.4531,0.0
430.0,850.0,2267.6353,0.0
440.0,850.0,2241.1655,0.0
450.0,850.0,2215.044,0.0
460.0,850.0,2189.2705,0.0
470.0,850.0,2163.8452,0.0
480.0,850.0,2138.768,0.0
490.0,850.0,2114.0378,0.0
500.0,850.0,2089.6562,0.0
510.0,850.0,2065.6223,0.0
520.0,850.0,2041.9349,0.0
530.0,850.0,2018.5968,0.0
540.0,850.0,1995.6047,0.0
550.0,850.0,1972.9603,0.0
560.0,850.0,1950.6628,0.0
570.0,850.0,1928.7136,0.0
580.0,850.0,1907.1108,0.0
590.0,850.0,1885.8558,0.0
600.0,850.0,1864.9468,0.0
610.0,850.0,1844.3849,0.0
620.0,850.0,1824.1691,0.0
630.0,850.0,1804.3011,0.0
640.0,850.0,1784.7789,0.0
650.0,850.0,1765.604,0.0
660.0,850.0,1746.7766,0.0
670.0,850.0,1728.2937,0.0
680.0,850.0,1710.1583,0.0
690.0,850.0,1692.3691,0.0
700.0,850.0,1674.9259,0.0
710.0,850.0,1657.8284,0.0
720.0,850.0,1641.0776,0.0
730.0,850.0,1624.672,0.0
740.0,850.0,1608.614,0.0
750.0,850.0,1592.9016,0.0
760.0,850.0,1577.5354,0.0
770.0,850.0,1562.5149,0.0
780.0,850.0,1547.8402,0.0
790.0,850.0,1533.5107,0.0
800.0,850.0,1519.5271,0.0
810.0,850.0,1505.8892,0.0
820.0,850.0,1492.5972,0.0
830.0,850.0,1479.65,0.0
840.0,850.0,1467.0491,0.0
850.0,850.0,1454.7935,0.0
860.0,850.0,1442.883,0.0
870.0,850.0,1431.3188,0.0
880.0,850.0,1420.0988,0.0
890.0,850.0,1409.2247,0.0
900.0,850.0,1398.6959,0.0
910.0,850.0,1388.5121,0.0
920.0,850.0,1378.6735,0.0
930.0,850.0,1369.1799,0.0
940.0,850.0,1360.0322,0.0
950.0,850.0,1351.229,0.0
960.0,850.0,1342.7709,0.0
970.0,850.0,1334.6577,0.0
980.0,850.0,1326.8901,0.0
990.0,850.0,1319.4666,0.0
1000.0,850.0,1312.3885,0.0
1010.0,850.0,1305.6553,0.0
1020.0,850.0,1299.2664,0.0
1030.0,850.0,1293.2228,0.0
1040.0,850.0,1287.524,0.0
1050.0,850.0,1282.1702,0.0
1060.0,850.0,1277.1611,0.0
1070.0,850.0,1272.4966,0.0
1080.0,850.0,1268.1768,0.0
1090.0,850.0,1264.2017,0.0
1100.0,850.0,1260.5712,0.0
1110.0,850.0,1257.2858,0.0
1120.0,850.0,1254.3445,0.0
1130.0,850.0,1251.748,0.0
1140.0,850.0,1249.4961,0.0
1150.0,850.0,1247.5886,0.0
1160.0,850.0,1246.0253,0.0
1170.0,850.0,1244.8069,0.0
1180.0,850.0,1243.9332,0.0
1190.0,850.0,1243.4038,0.0
1200.0,850.0,1243.2192,0.0
1210.0,850.0,1243.3789,0.0
1220.0,850.0,1243.8833,0.0
1230.0,850.0,1244.7317,0.0
1240.0,850.0,1245.9246,0.0
1250.0,850.0,1247.4617,0.0
1260.0,850.0,1249.3433,0.0
1270.0,850.0,1251.5696,0.0
1280.0,850.0,1254.14,0.0
1290.0,850.0,1257.0549,0.0
1300.0,850.0,1260.3137,0.0
1310.0,850.0,1263.9172,0.0
1320.0,850.0,1267.8649,0.0
1330.0,850.0,1272.157,0.0
1340.0,850.0,1276.7938,0.0
1350.0,850.0,1281.7739,0.0
1360.0,850.0,1287.0986,0.0
1370.0,850.0,1292.7681,0.0
1380.0,850.0,1298.7817,0.0
1390.0,850.0,1305.139,0.0
1400.0,850.0,1311.8408,0.0
1410.0,850.0,1318.8867,0.0
1420.0,850.0,1326.2773,0.0
1430.0,850.0,1334.0115,0.0
1440.0,850.0,1342.0908,0.0
1450.0,850.0,1350.5139,0.0
1460.0,850.0,1359.2809,0.0
1470.0,850.0,1368.3923,0.0
1480.0,850.0,1377.8481,0.0
1490.0,850.0,1387.6475,0.0
1500.0,850.0,1397.7913,0.0
1510.0,850.0,1408.2792,0.0
1520.0,850.0,1419.1117,0.0
1530.0,850.0,1430.2878,0.0
1540.0,850.0,1441.8081,0.0
1550.0,850.0,1453.6726,0.0
1560.0,850.0,1465.8811,0.0
1570.0,850.0,1478.4332,0.0
1580.0,850.0,1491.3286,0.0
1590.0,850.0,1504.568,0.0
1600.0,850.0,1518.1514,0.0
1610.0,850.0,1532.0786,0.0
1620.0,850.0,1546.3499,0.0
1630.0,850.0,1560.967,0.0
1640.0,850.0,1575.929,0.0
1650.0,850.0,1591.2346,0.0
1660.0,850.0,1606.8845,0.0
1670.0,850.0,1622.8776,0.0
1680.0,850.0,1639.2148,0.0
1690.0,850.0,1655.896,0.0
1700.0,850.0,1672.9216,0.0
1710.0,850.0,1690.291,0.0
1720.0,850.0,1708.0046,0.0
1730.0,850.0,1726.0624,0.0
1740.0,850.0,1744.4646,0.0
1750.0,850.0,1763.2095,0.0
1760.0,850.0,1782.2996,0.0
1770.0,850.0,1801.7329,0.0
1780.0,850.0,1821.5105,0.0
1790.0,850.0,1841.6324,0.0
1800.0,850.0,1862.0981,0.0
-200.0,860.0,39270.906,1.0
-190.0,860.0,39270.906,1.0
-180.0,860.0,39270.906,1.0
-170.0,860.0,39270.906,1.0
-160.0,860.0,39270.906,1.0
-150.0,860.0,39270.906,1.0
-140.0,860.0,39270.906,1.0
-130.0,860.0,39270.906,1.0
-120.0,860.0,39270.906,1.0
-110.0,860.0,39270.906,1.0
-100.0,860.0,39270.906,1.0
-90.0,860.0,39270.906,1.0
-80.0,860.0,39270.906,1.0
-70.0,860.0,39270.906,1.0
-60.0,860.0,39270.906,1.0
-50.0,860.0,39270.906,1.0
-40.0,860.0,39270.906,1.0
-30.0,860.0,39270.906,1.0
-20.0,860.0,39270.906,1.0
-10.0,860.0,39270.906,1.0
0.0,860.0,39270.906,1.0
10.0,860.0,39270.906,1.0
20.0,860.0,39270.906,1.0
30.0,860.0,39270.906,1.0
40.0,860.0,39270.906,1.0
50.0,860.0,39270.906,1.0
60.0,860.0,39270.906,1.0
70.0,860.0,39270.906,1.0
80.0,860.0,39270.906,1.0
90.0,860.0,39270.906,1.0
100.0,860.0,39270.906,1.0
110.0,860.0,39270.906,1.0
120.0,860.0,39270.906,1.0
130.0,860.0,39270.906,1.0
140.0,860.0,39270.906,1.0
150.0,860.0,39270.906,1.0
160.0,860.0,39270.906,1.0
170.0,860.0,39270.906,1.0
180.0,860.0,39270.906,1.0
190.0,860.0,39270.906,1.0
200.0,860.0,39270.906,1.0
210.0,860.0,39270.906,1.0
220.0,860.0,39270.906,1.0
230.0,860.0,39270.906,1.0
240.0,860.0,39270.906,1.0
250.0,860.0,39270.906,1.0
260.0,860.0,39270.906,1.0
270.0,860.0,39270.906,1.0
280.0,860.0,39270.906,1.0
290.0,860.0,39270.906,1.0
300.0,860.0,2641.7766,0.0
310.0,860.0,2611.1328,0.0
320.0,860.0,2580.8345,0.0
330.0,860.0,2550.8826,0.0
340.0,860.0,2521.2747,0.0
350.0,860.0,2492.0127,0.0
360.0,860.0,2463.0947,0.0
370.0,860.0,2434.5227,0.0
380.0,860.0,2406.2952,0.0
390.0,860.0,2378.412,0.0
400.0,860.0,2350.8738,0.0
410.0,860.0,2323.6802,0.0
420.0,860.0,2296.831,0.0
430.0,860.0,2270.3267,0.0
440.0,860.0,2244.1663,0.0
450.0,860.0,2218.35,0.0
460.0,860.0,2192.8774,0.0
470.0,860.0,2167.7495,0.0
480.0,860.0,2142.9644,0.0
490.0,860.0,2118.5237,0.0
500.0,860.0,2094.4268,0.0
510.0,860.0,2070.6729,0.0
520.0,860.0,2047.263,0.0
530.0,860.0,2024.1968,0.0
540.0,860.0,2001.4736,0.0
550.0,860.0,1979.0935,0.0
560.0,860.0,1957.0564,0.0
570.0,860.0,1935.3627,0.0
580.0,860.0,1914.012,0.0
590.0,860.0,1893.0042,0.0
600.0,860.0,1872.3392,0.0
610.0,860.0,1852.0173,0.0
620.0,860.0,1832.0374,0.0
630.0,860.0,1812.4009,0.0
640.0,860.0,1793.1063,0.0
650.0,860.0,1774.1549,0.0
660.0,860.0,1755.5459,0.0
670.0,860.0,1737.2798,0.0
680.0,860.0,1719.3549,0.0
690.0,860.0,1701.7734,0.0
700.0,860.0,1684.5325,0.0
710.0,860.0,1667.6348,0.0
720.0,860.0,1651.0789,0.0
730.0,860.0,1634.8643,0.0
740.0,860.0,1618.9929,0.0
750.0,860.0,1603.464,0.0
760.0,860.0,1588.2773,0.0
770.0,860.0,1573.4314,0.0
780.0,860.0,1558.927,0.0
790.0,860.0,1544.7645,0.0
800.0,860.0,1530.9436,0.0
810.0,860.0,1517.4644,0.0
820.0,860.0,1504.3269,0.0
830.0,860.0,1491.5309,0.0
840.0,860.0,1479.0762,0.0
850.0,860.0,1466.9629,0.0
860.0,860.0,1455.1909,0.0
870.0,860.0,1443.7605,0.0
880.0,860.0,1432.6716,0.0
890.0,860.0,1421.9241,0.0
900.0,860.0,1411.5171,0.0
910.0,860.0,1401.4515,0.0
920.0,860.0,1391.7283,0.0
930.0,860.0,1382.3447,0.0
940.0,860.0,1373.3029,0.0
950.0,860.0,1364.602,0.0
960.0,860.0,1356.2427,0.0
970.0,860.0,1348.2241,0.0
980.0,860.0,1340.546,0.0
990.0,860.0,1333.2087,0.0
1000.0,860.0,1326.2131,0.0
1010.0,860.0,1319.5575,0.0
1020.0,860.0,1313.2434,0.0
1030.0,860.0,1307.2698,0.0
1040.0,860.0,1301.6373,0.0
1050.0,860.0,1296.3455,0.0
1060.0,860.0,1291.3945,0.0
1070.0,860.0,1286.7839,0.0
1080.0,860.0,1282.5146,0.0
1090.0,860.0,1278.5853,0.0
1100.0,860.0,1274.9968,0.0
1110.0,860.0,1271.7495,0.0
1120.0,860.0,1268.8425,0.0
1130.0,860.0,1266.2761,0.0
1140.0,860.0,1264.0498,0.0
1150.0,860.0,1262.1646,0.0
1160.0,860.0,1260.6196,0.0
1170.0,860.0,1259.4153,0.0
1180.0,860.0,1258.5515,0.0
1190.0,860.0,1258.0281,0.0
1200.0,860.0,1257.8453,0.0
1210.0,860.0,1258.003,0.0
1220.0,860.0,1258.5012,0.0
1230.0,860.0,1259.3401,0.0
1240.0,860.0,1260.5183,0.0
1250.0,860.0,1262.0376,0.0
1260.0,860.0,1263.8975,0.0
1270.0,860.0,1266.0974,0.0
1280.0,860.0,1268.6377,0.0
1290.0,860.0,1271.5187,0.0
1300.0,860.0,1274.7395,0.0
1310.0,860.0,1278.3008,0.0
1320.0,860.0,1282.2029,0.0
1330.0,860.0,1286.4446,0.0
1340.0,860.0,1291.0271,0.0
1350.0,860.0,1295.9495,0.0
1360.0,860.0,1301.2124,0.0
1370.0,860.0,1306.8157,0.0
1380.0,860.0,1312.7588,0.0
1390.0,860.0,1319.0422,0.0
1400.0,860.0,1325.6663,0.0
1410.0,860.0,1332.6299,0.0
1420.0,860.0,1339.9338,0.0
1430.0,860.0,1347.5789,0.0
1440.0,860.0,1355.5635,0.0
1450.0,860.0,1363.8888,0.0
1460.0,860.0,1372.5537,0.0
1470.0,860.0,1381.5594,0.0
1480.0,860.0,1390.9047,0.0
1490.0,860.0,1400.5901,0.0
1500.0,860.0,1410.616,0.0
1510.0,860.0,1420.9817,0.0
1520.0,860.0,1431.688,0.0
1530.0,860.0,1442.734,0.0
1540.0,860.0,1454.1202,0.0
1550.0,860.0,1465.8472,0.0
1560.0,860.0,1477.9133,0.0
1570.0,860.0,1490.3196,0.0
1580.0,860.0,1503.065,0.0
1590.0,860.0,1516.151,0.0
1600.0,860.0,1529.5762,0.0
1610.0,860.0,1543.3405,0.0
1620.0,860.0,1557.446,0.0
1630.0,860.0,1571.8921,0.0
1640.0,860.0,1586.6794,0.0
1650.0,860.0,1601.8069,0.0
1660.0,860.0,1617.2748,0.0
1670.0,860.0,1633.0825,0.0
1680.0,860.0,1649.2299,0.0
1690.0,860.0,1665.7169,0.0
1700.0,860.0,1682.5436,0.0
1710.0,860.0,1699.7112,0.0
1720.0,860.0,1717.2188,0.0
1730.0,860.0,1735.0662,0.0
1740.0,860.0,1753.2534,0.0
1750.0,860.0,1771.781,0.0
1760.0,860.0,1790.6489,0.0
1770.0,860.0,1809.8557,0.0
1780.0,860.0,1829.4036,0.0
1790.0,860.0,1849.2915,0.0
1800.0,860.0,1869.5184,0.0
-200.0,870.0,39270.906,1.0
-190.0,870.0,39270.906,1.0
-180.0,870.0,39270.906,1.0
-170.0,870.0,39270.906,1.0
-160.0,870.0,39270.906,1.0
-150.0,870.0,39270.906,1.0
-140.0,870.0,39270.906,1.0
-130.0,870.0,39270.906,1.0
-120.0,870.0,39270.906,1.0
-110.0,870.0,39270.906,1.0
-100.0,870.0,39270.906,1.0
-90.0,870.0,39270.906,1.0
-80.0,870.0,39270.906,1.0
-70.0,870.0,39270.906,1.0
-60.0,870.0,39270.906,1.0
-50.0,870.0,39270.906,1.0
-40.0,870.0,39270.906,1.0
-30.0,870.0,39270.906,1.0
-20.0,870.0,39270.906,1.0
-10.0,870.0,39270.906,1.0
0.0,870.0,39270.906,1.0
10.0,870.0,39270.906,1.0
20.0,870.0,39270.906,1.0
30.0,870.0,39270.906,1.0
40.0,870.0,39270.906,1.0
50.0,870.0,39270.906,1.0
60.0,870.0,39270.906,1.0
70.0,870.0,39270.906,1.0
80.0,870.0,39270.906,1.0
90.0,870.0,39270.906,1.0
100.0,870.0,39270.906,1.0
110.0,870.0,39270.906,1.0
120.0,870.0,39270.906,1.0
130.0,870.0,39270.906,1.0
140.0,870.0,39270.906,1.0
150.0,870.0,39270.906,1.0
160.0,870.0,39270.906,1.0
170.0,870.0,39270.906,1.0
180.0,870.0,39270.906,1.0
190.0,870.0,39270.906,1.0
200.0,870.0,39270.906,1.0
210.0,870.0,39270.906,1.0
220.0,870.0,39270.906,1.0
230.0,870.0,39270.906,1.0
240.0,870.0,39270.906,1.0
250.0,870.0,39270.906,1.0
260.0,870.0,39270.906,1.0
270.0,870.0,39270.906,1.0
280.0,870.0,39270.906,1.0
290.0,870.0,39270.906,1.0
300.0,870.0,39270.906,1.0
310.0,870.0,2610.1592,0.0
320.0,870.0,2580.2114,0.0
330.0,870.0,2550.6057,0.0
340.0,870.0,2521.3403,0.0
350.0,870.0,2492.4165,0.0
360.0,870.0,2463.833,0.0
370.0,870.0,2435.5916,0.0
380.0,870.0,2407.69,0.0
390.0,870.0,2380.1301,0.0
400.0,870.0,2352.9104,0.0
410.0,870.0,2326.0308,0.0
420.0,870.0,2299.4917,0.0
430.0,870.0,2273.2935,0.0
440.0,870.0,2247.4353,0.0
450.0,870.0,2221.9175,0.0
460.0,870.0,2196.7388,0.0
470.0,870.0,2171.9014,0.0
480.0,870.0,2147.4028,0.0
490.0,870.0,2123.2441,0.0
500.0,870.0,2099.4246,0.0
510.0,870.0,2075.9453,0.0
520.0,870.0,2052.806,0.0
530.0,870.0,2030.0051,0.0
540.0,870.0,2007.544,0.0
550.0,870.0,1985.4219,0.0
560.0,870.0,1963.6392,0.0
570.0,870.0,1942.1952,0.0
580.0,870.0,1921.091,0.0
590.0,870.0,1900.3257,0.0
600.0,870.0,1879.8987,0.0
610.0,870.0,1859.8103,0.0
620.0,870.0,1840.0615,0.0
630.0,870.0,1820.6499,0.0
640.0,870.0,1801.5786,0.0
650.0,870.0,1782.846,0.0
660.0,870.0,1764.4512,0.0
670.0,870.0,1746.3953,0.0
680.0,870.0,1728.6766,0.0
690.0,870.0,1711.2979,0.0
700.0,870.0,1694.2549,0.0
710.0,870.0,1677.5522,0.0
720.0,870.0,1661.1859,0.0
730.0,870.0,1645.1595,0.0
740.0,870.0,1629.4705,0.0
750.0,870.0,1614.1201,0.0
760.0,870.0,1599.1074,0.0
770.0,870.0,1584.4324,0.0
780.0,870.0,1570.0948,0.0
790.0,870.0,1556.0958,0.0
800.0,870.0,1542.4336,0.0
810.0,870.0,1529.1096,0.0
820.0,870.0,1516.123,0.0
830.0,870.0,1503.4741,0.0
840.0,870.0,1491.1628,0.0
850.0,870.0,1479.1888,0.0
860.0,870.0,1467.5524,0.0
870.0,870.0,1456.2537,0.0
880.0,870.0,1445.2917,0.0
890.0,870.0,1434.6672,0.0
900.0,870.0,1424.3806,0.0
910.0,870.0,1414.4307,0.0
920.0,870.0,1404.8182,0.0
930.0,870.0,1395.5435,0.0
940.0,870.0,1386.605,0.0
950.0,870.0,1378.0044,0.0
960.0,870.0,1369.7407,0.0
970.0,870.0,1361.8142,0.0
980.0,870.0,1354.2249,0.0
990.0,870.0,1346.9718,0.0
1000.0,870.0,1340.0559,0.0
1010.0,870.0,1333.477,0.0
1020.0,870.0,1327.2351,0.0
1030.0,870.0,1321.3308,0.0
1040.0,870.0,1315.7625,0.0
1050.0,870.0,1310.5312,0.0
1060.0,870.0,1305.637,0.0
1070.0,870.0,1301.0793,0.0
1080.0,870.0,1296.8586,0.0
1090.0,870.0,1292.9746,0.0
1100.0,870.0,1289.4276,0.0
1110.0,870.0,1286.2168,0.0
1120.0,870.0,1283.3429,0.0
1130.0,870.0,1280.8064,0.0
1140.0,870.0,1278.6052,0.0
1150.0,870.0,1276.7415,0.0
1160.0,870.0,1275.2145,0.0
1170.0,870.0,1274.0237,0.0
1180.0,870.0,1273.1696,0.0
1190.0,870.0,1272.6521,0.0
1200.0,870.0,1272.4712,0.0
1210.0,870.0,1272.6271,0.0
1220.0,870.0,1273.1195,0.0
1230.0,870.0,1273.948,0.0
1240.0,870.0,1275.1134,0.0
1250.0,870.0,1276.615,0.0
1260.0,870.0,1278.4529,0.0
1270.0,870.0,1280.6279,0.0
1280.0,870.0,1283.1388,0.0
1290.0,870.0,1285.9866,0.0
1300.0,870.0,1289.1699,0.0
1310.0,870.0,1292.6902,0.0
1320.0,870.0,1296.5471,0.0
1330.0,870.0,1300.7401,0.0
1340.0,870.0,1305.2695,0.0
1350.0,870.0,1310.1357,0.0
1360.0,870.0,1315.3374,0.0
1370.0,870.0,1320.8762,0.0
1380.0,870.0,1326.7512,0.0
1390.0,870.0,1332.9623,0.0
1400.0,870.0,1339.5096,0.0
1410.0,870.0,1346.3936,0.0
1420.0,870.0,1353.6136,0.0
1430.0,870.0,1361.1699,0.0
1440.0,870.0,1369.0634,0.0
1450.0,870.0,1377.2924,0.0
1460.0,870.0,1385.8579,0.0
1470.0,870.0,1394.7593,0.0
1480.0,870.0,1403.9972,0.0
1490.0,870.0,1413.5713,0.0
1500.0,870.0,1423.4817,0.0
1510.0,870.0,1433.728,0.0
1520.0,870.0,1444.311,0.0
1530.0,870.0,1455.2301,0.0
1540.0,870.0,1466.4858,0.0
1550.0,870.0,1478.0773,0.0
1560.0,870.0,1490.0054,0.0
1570.0,870.0,1502.2686,0.0
1580.0,870.0,1514.8679,0.0
1590.0,870.0,1527.8027,0.0
1600.0,870.0,1541.0737,0.0
1610.0,870.0,1554.6802,0.0
1620.0,870.0,1568.6228,0.0
1630.0,870.0,1582.9028,0.0
1640.0,870.0,1597.5192,0.0
1650.0,870.0,1612.4733,0.0
1660.0,870.0,1627.7628,0.0
1670.0,870.0,1643.3882,0.0
1680.0,870.0,1659.3501,0.0
1690.0,870.0,1675.6482,0.0
1700.0,870.0,1692.2817,0.0
1710.0,870.0,1709.2515,0.0
1720.0,870.0,1726.5571,0.0
1730.0,870.0,1744.1995,0.0
1740.0,870.0,1762.1777,0.0
1750.0,870.0,1780.492,0.0
1760.0,870.0,1799.1422,0.0
1770.0,870.0,1818.1292,0.0
1780.0,870.0,1837.4517,0.0
1790.0,870.0,1857.11,0.0
1800.0,870.0,1877.1051,0.0
-200.0,880.0,39270.906,1.0
-190.0,880.0,39270.906,1.0
-180.0,880.0,39270.906,1.0
-170.0,880.0,39270.906,1.0
-160.0,880.0,39270.906,1.0
-150.0,880.0,39270.906,1.0
-140.0,880.0,39270.906,1.0
-130.0,880.0,39270.906,1.0
-120.0,880.0,39270.906,1.0
-110.0,880.0,39270.906,1.0
-100.0,880.0,39270.906,1.0
-90.0,880.0,39270.906,1.0
-80.0,880.0,39270.906,1.0
-70.0,880.0,39270.906,1.0
-60.0,880.0,39270.906,1.0
-50.0,880.0,39270.906,1.0
-40.0,880.0,39270.906,1.0
-30.0,880.0,39270.906,1.0
-20.0,880.0,39270.906,1.0
-10.0,880.0,39270.906,1.0
0.0,880.0,39270.906,1.0
10.0,880.0,39270.906,1.0
20.0,880.0,39270.906,1.0
30.0,880.0,39270.906,1.0
40.0,880.0,39270.906,1.0
50.0,880.0,39270.906,1.0
60.0,880.0,39270.906,1.0
70.0,880.0,39270.906,1.0
80.0,880.0,39270.906,1.0
90.0,880.0,39270.906,1.0
100.0,880.0,39270.906,1.0
110.0,880.0,39270.906,1.0
120.0,880.0,39270.906,1.0
130.0,880.0,39270.906,1.0
140.0,880.0,39270.906,1.0
150.0,880.0,39270.906,1.0
160.0,880.0,39270.906,1.0
170.0,880.0,39270.906,1.0
180.0,880.0,39270.906,1.0
190.0,880.0,39270.906,1.0
200.0,880.0,39270.906,1.0
210.0,880.0,39270.906,1.0
220.0,880.0,39270.906,1.0
230.0,880.0,39270.906,1.0
240.0,880.0,39270.906,1.0
250.0,880.0,39270.906,1.0
260.0,880.0,39270.906,1.0
270.0,880.0,39270.906,1.0
280.0,880.0,39270.906,1.0
290.0,880.0,39270.906,1.0
300.0,880.0,39270.906,1.0
310.0,880.0,39270.906,1.0
320.0,880.0,2579.9375,0.0
330.0,880.0,2550.669,0.0
340.0,880.0,2521.7388,0.0
350.0,880.0,2493.1455,0.0
360.0,880.0,2464.8896,0.0
370.0,880.0,2436.9705,0.0
380.0,880.0,2409.3884,0.0
390.0,880.0,2382.1428,0.0
400.0,880.0,2355.2336,0.0
410.0,880.0,2328.6619,0.0
420.0,880.0,2302.4263,0.0
430.0,880.0,2276.5269,0.0
440.0,880.0,2250.9634,0.0
450.0,880.0,2225.7373,0.0
460.0,880.0,2200.8457,0.0
470.0,880.0,2176.292,0.0
480.0,880.0,2152.0728,0.0
490.0,880.0,2128.19,0.0
500.0,880.0,2104.642,0.0
510.0,880.0,2081.4312,0.0
520.0,880.0,2058.5552,0.0
530.0,880.0,2036.0149,0.0
540.0,880.0,2013.8093,0.0
550.0,880.0,1991.94,0.0
560.0,880.0,1970.4055,0.0
570.0,880.0,1949.206,0.0
580.0,880.0,1928.3423,0.0
590.0,880.0,1907.8135,0.0
600.0,880.0,1887.6191,0.0
610.0,880.0,1867.7596,0.0
620.0,880.0,1848.2354,0.0
630.0,880.0,1829.0463,0.0
640.0,880.0,1810.1915,0.0
650.0,880.0,1791.6721,0.0
660.0,880.0,1773.487,0.0
670.0,880.0,1755.6362,0.0
680.0,880.0,1738.1196,0.0
690.0,880.0,1720.9377,0.0
700.0,880.0,1704.09,0.0
710.0,880.0,1687.5769,0.0
720.0,880.0,1671.3977,0.0
730.0,880.0,1655.553,0.0
740.0,880.0,1640.043,0.0
750.0,880.0,1624.8666,0.0
760.0,880.0,1610.0254,0.0
770.0,880.0,1595.5164,0.0
780.0,880.0,1581.3425,0.0
790.0,880.0,1567.5024,0.0
800.0,880.0,1553.9954,0.0
810.0,880.0,1540.8228,0.0
820.0,880.0,1527.9838,0.0
830.0,880.0,1515.4788,0.0
840.0,880.0,1503.3076,0.0
850.0,880.0,1491.4695,0.0
860.0,880.0,1479.9656,0.0
870.0,880.0,1468.7949,0.0
880.0,880.0,1457.9575,0.0
890.0,880.0,1447.4541,0.0
900.0,880.0,1437.2839,0.0
910.0,880.0,1427.447,0.0
920.0,880.0,1417.9438,0.0
930.0,880.0,1408.7742,0.0
940.0,880.0,1399.9375,0.0
950.0,880.0,1391.4344,0.0
960.0,880.0,1383.2645,0.0
970.0,880.0,1375.4285,0.0
980.0,880.0,1367.9248,0.0
990.0,880.0,1360.7539,0.0
1000.0,880.0,1353.9166,0.0
1010.0,880.0,1347.4126,0.0
1020.0,880.0,1341.2415,0.0
1030.0,880.0,1335.4033,0.0
1040.0,880.0,1329.8987,0.0
1050.0,880.0,1324.7266,0.0
1060.0,880.0,1319.8884,0.0
1070.0,880.0,1315.3821,0.0
1080.0,880.0,1311.2095,0.0
1090.0,880.0,1307.3696,0.0
1100.0,880.0,1303.862,0.0
1110.0,880.0,1300.6877,0.0
1120.0,880.0,1297.8468,0.0
1130.0,880.0,1295.3386,0.0
1140.0,880.0,1293.1628,0.0
1150.0,880.0,1291.3202,0.0
1160.0,880.0,1289.8098,0.0
1170.0,880.0,1288.6326,0.0
1180.0,880.0,1287.7882,0.0
1190.0,880.0,1287.2765,0.0
1200.0,880.0,1287.0977,0.0
1210.0,880.0,1287.251,0.0
1220.0,880.0,1287.7378,0.0
1230.0,880.0,1288.5574,0.0
1240.0,880.0,1289.7087,0.0
1250.0,880.0,1291.193,0.0
1260.0,880.0,1293.0105,0.0
1270.0,880.0,1295.1597,0.0
1280.0,880.0,1297.6425,0.0
1290.0,880.0,1300.4575,0.0
1300.0,880.0,1303.6047,0.0
1310.0,880.0,1307.0852,0.0
1320.0,880.0,1310.8978,0.0
1330.0,880.0,1315.0432,0.0
1340.0,880.0,1319.5209,0.0
1350.0,880.0,1324.3317,0.0
1360.0,880.0,1329.4742,0.0
1370.0,880.0,1334.9502,0.0
1380.0,880.0,1340.7579,0.0
1390.0,880.0,1346.8984,0.0
1400.0,880.0,1353.3713,0.0
1410.0,880.0,1360.1769,0.0
1420.0,880.0,1367.3145,0.0
1430.0,880.0,1374.7849,0.0
1440.0,880.0,1382.588,0.0
1450.0,880.0,1390.7234,0.0
1460.0,880.0,1399.1917,0.0
1470.0,880.0,1407.992,0.0
1480.0,880.0,1417.1248,0.0
1490.0,880.0,1426.5898,0.0
1500.0,880.0,1436.3876,0.0
1510.0,880.0,1446.5173,0.0
1520.0,880.0,1456.9802,0.0
1530.0,880.0,1467.7749,0.0
1540.0,880.0,1478.9023,0.0
1550.0,880.0,1490.3618,0.0
1560.0,880.0,1502.1538,0.0
1570.0,880.0,1514.2783,0.0
1580.0,880.0,1526.7344,0.0
1590.0,880.0,1539.5225,0.0
1600.0,880.0,1552.6422,0.0
1610.0,880.0,1566.0948,0.0
1620.0,880.0,1579.8787,0.0
1630.0,880.0,1593.9957,0.0
1640.0,880.0,1608.4448,0.0
1650.0,880.0,1623.2289,0.0
1660.0,880.0,1638.3445,0.0
1670.0,880.0,1653.7927,0.0
1680.0,880.0,1669.5729,0.0
1690.0,880.0,1685.6855,0.0
1700.0,880.0,1702.1301,0.0
1710.0,880.0,1718.9067,0.0
1720.0,880.0,1736.0154,0.0
1730.0,880.0,1753.4575,0.0
1740.0,880.0,1771.2308,0.0
1750.0,880.0,1789.3369,0.0
1760.0,880.0,1807.7751,0.0
1770.0,880.0,1826.5457,0.0
1780.0,880.0,1845.6487,0.0
1790.0,880.0,1865.0842,0.0
1800.0,880.0,1884.8516,0.0
-200.0,890.0,39270.906,1.0
-190.0,890.0,39270.906,1.0
-180.0,890.0,39270.906,1.0
-170.0,890.0,39270.906,1.0
-160.0,890.0,39270.906,1.0
-150.0,890.0,39270.906,1.0
-140.0,890.0,39270.906,1.0
-130.0,890.0,39270.906,1.0
-120.0,890.0,39270.906,1.0
-110.0,890.0,39270.906,1.0
-100.0,890.0,39270.906,1.0
-90.0,890.0,39270.906,1.0
-80.0,890.0,39270.906,1.0
-70.0,890.0,39270.906,1.0
-60.0,890.0,39270.906,1.0
-50.0,890.0,39270.906,1.0
-40.0,890.0,39270.906,1.0
-30.0,890.0,39270.906,1.0
-20.0,890.0,39270.906,1.0
-10.0,890.0,39270.906,1.0
0.0,890.0,39270.906,1.0
10.0,890.0,39270.906,1.0
20.0,890.0,39270.906,1.0
30.0,890.0,39270.906,1.0
40.0,890.0,39270.906,1.0
50.0,890.0,39270.906,1.0
60.0,890.0,39270.906,1.0
70.0,890.0,39270.906,1.0
80.0,890.0,39270.906,1.0
90.0,890.0,39270.906,1.0
100.0,890.0,39270.906,1.0
110.0,890.0,39270.906,1.0
120.0,890.0,39270.906,1.0
130.0,890.0,39270.906,1.0
140.0,890.0,39270.906,1.0
150.0,890.0,39270.906,1.0
160.0,890.0,39270.906,1.0
170.0,890.0,39270.906,1.0
180.0,890.0,39270.906,1.0
190.0,890.0,39270.906,1.0
200.0,890.0,39270.906,1.0
210.0,890.0,39270.906,1.0
220.0,890.0,39270.906,1.0
230.0,890.0,39270.906,1.0
240.0,890.0,39270.906,1.0
250.0,890.0,39270.906,1.0
260.0,890.0,39270.906,1.0
270.0,890.0,39270.906,1.0
280.0,890.0,39270.906,1.0
290.0,890.0,39270.906,1.0
300.0,890.0,39270.906,1.0
310.0,890.0,39270.906,1.0
320.0,890.0,39270.906,1.0
330.0,890.0,2551.0625,0.0
340.0,890.0,2522.458,0.0
350.0,890.0,2494.1885,0.0
360.0,890.0,2466.2517,0.0
370.0,890.0,2438.649,0.0
380.0,890.0,2411.378,0.0
390.0,890.0,2384.4404,0.0
400.0,890.0,2357.8354,0.0
410.0,890.0,2331.564,0.0
420.0,890.0,2305.6245,0.0
430.0,890.0,2280.0176,0.0
440.0,890.0,2254.7437,0.0
450.0,890.0,2229.8008,0.0
460.0,890.0,2205.1914,0.0
470.0,890.0,2180.9136,0.0
480.0,890.0,2156.9675,0.0
490.0,890.0,2133.354,0.0
500.0,890.0,2110.0728,0.0
510.0,890.0,2087.1228,0.0
520.0,890.0,2064.5046,0.0
530.0,890.0,2042.2183,0.0
540.0,890.0,2020.2637,0.0
550.0,890.0,1998.6404,0.0
560.0,890.0,1977.3492,0.0
570.0,890.0,1956.3885,0.0
580.0,890.0,1935.759,0.0
590.0,890.0,1915.4613,0.0
600.0,890.0,1895.4946,0.0
610.0,890.0,1875.8594,0.0
620.0,890.0,1856.5555,0.0
630.0,890.0,1837.5824,0.0
640.0,890.0,1818.9393,0.0
650.0,890.0,1800.6292,0.0
660.0,890.0,1782.6484,0.0
670.0,890.0,1764.9983,0.0
680.0,890.0,1747.6791,0.0
690.0,890.0,1730.6904,0.0
700.0,890.0,1714.0325,0.0
710.0,890.0,1697.7043,0.0
720.0,890.0,1681.7076,0.0
730.0,890.0,1666.042,0.0
740.0,890.0,1650.7063,0.0
750.0,890.0,1635.7006,0.0
760.0,890.0,1621.0254,0.0
770.0,890.0,1606.6804,0.0
780.0,890.0,1592.6655,0.0
790.0,890.0,1578.9806,0.0
800.0,890.0,1565.626,0.0
810.0,890.0,1552.6013,0.0
820.0,890.0,1539.9069,0.0
830.0,890.0,1527.5422,0.0
840.0,890.0,1515.5078,0.0
850.0,890.0,1503.8029,0.0
860.0,890.0,1492.4276,0.0
870.0,890.0,1481.3829,0.0
880.0,890.0,1470.6676,0.0
890.0,890.0,1460.2822,0.0
900.0,890.0,1450.2263,0.0
910.0,890.0,1440.5002,0.0
920.0,890.0,1431.1033,0.0
930.0,890.0,1422.0364,0.0
940.0,890.0,1413.2992,0.0
950.0,890.0,1404.8915,0.0
960.0,890.0,1396.8137,0.0
970.0,890.0,1389.065,0.0
980.0,890.0,1381.6455,0.0
990.0,890.0,1374.5553,0.0
1000.0,890.0,1367.7947,0.0
1010.0,890.0,1361.3633,0.0
1020.0,890.0,1355.2615,0.0
1030.0,890.0,1349.4893,0.0
1040.0,890.0,1344.0461,0.0
1050.0,890.0,1338.9324,0.0
1060.0,890.0,1334.1482,0.0
1070.0,890.0,1329.6924,0.0
1080.0,890.0,1325.5664,0.0
1090.0,890.0,1321.7693,0.0
1100.0,890.0,1318.3018,0.0
1110.0,890.0,1315.163,0.0
1120.0,890.0,1312.3533,0.0
1130.0,890.0,1309.8728,0.0
1140.0,890.0,1307.7217,0.0
1150.0,890.0,1305.8998,0.0
1160.0,890.0,1304.4064,0.0
1170.0,890.0,1303.2417,0.0
1180.0,890.0,1302.4067,0.0
1190.0,890.0,1301.9005,0.0
1200.0,890.0,1301.7235,0.0
1210.0,890.0,1301.8754,0.0
1220.0,890.0,1302.3564,0.0
1230.0,890.0,1303.1665,0.0
1240.0,890.0,1304.3049,0.0
1250.0,890.0,1305.7722,0.0
1260.0,890.0,1307.569,0.0
1270.0,890.0,1309.6943,0.0
1280.0,890.0,1312.1489,0.0
1290.0,890.0,1314.9319,0.0
1300.0,890.0,1318.0442,0.0
1310.0,890.0,1321.485,0.0
1320.0,890.0,1325.2549,0.0
1330.0,890.0,1329.3533,0.0
1340.0,890.0,1333.7806,0.0
1350.0,890.0,1338.5369,0.0
1360.0,890.0,1343.6222,0.0
1370.0,890.0,1349.0359,0.0
1380.0,890.0,1354.7786,0.0
1390.0,890.0,1360.8496,0.0
1400.0,890.0,1367.25,0.0
1410.0,890.0,1373.9788,0.0
1420.0,890.0,1381.0359,0.0
1430.0,890.0,1388.4221,0.0
1440.0,890.0,1396.1378,0.0
1450.0,890.0,1404.1821,0.0
1460.0,890.0,1412.5546,0.0
1470.0,890.0,1421.2557,0.0
1480.0,890.0,1430.2856,0.0
1490.0,890.0,1439.6448,0.0
1500.0,890.0,1449.332,0.0
1510.0,890.0,1459.348,0.0
1520.0,890.0,1469.6927,0.0
1530.0,890.0,1480.3665,0.0
1540.0,890.0,1491.3685,0.0
1550.0,890.0,1502.6991,0.0
1560.0,890.0,1514.3586,0.0
1570.0,890.0,1526.3467,0.0
1580.0,890.0,1538.6626,0.0
1590.0,890.0,1551.3073,0.0
1600.0,890.0,1564.2797,0.0
1610.0,890.0,1577.581,0.0
1620.0,890.0,1591.2102,0.0
1630.0,890.0,1605.1678,0.0
1640.0,890.0,1619.4553,0.0
1650.0,890.0,1634.0712,0.0
1660.0,890.0,1649.017,0.0
1670.0,890.0,1664.2917,0.0
1680.0,890.0,1679.8945,0.0
1690.0,890.0,1695.8257,0.0
1700.0,890.0,1712.0854,0.0
1710.0,890.0,1728.6736,0.0
1720.0,890.0,1745.5901,0.0
1730.0,890.0,1762.835,0.0
1740.0,890.0,1780.409,0.0
1750.0,890.0,1798.3119,0.0
1760.0,890.0,1816.5422,0.0
1770.0,890.0,1835.1018,0.0
1780.0,890.0,1853.9895,0.0
1790.0,890.0,1873.2068,0.0
1800.0,890.0,1892.7522,0.0
-200.0,900.0,39270.906,1.0
-190.0,900.0,39270.906,1.0
-180.0,900.0,39270.906,1.0
-170.0,900.0,39270.906,1.0
-160.0,900.0,39270.906,1.0
-150.0,900.0,39270.906,1.0
-140.0,900.0,39270.906,1.0
-130.0,900.0,39270.906,1.0
-120.0,900.0,39270.906,1.0
-110.0,900.0,39270.906,1.0
-100.0,900.0,39270.906,1.0
-90.0,900.0,39270.906,1.0
-80.0,900.0,39270.906,1.0
-70.0,900.0,39270.906,1.0
-60.0,900.0,39270.906,1.0
-50.0,900.0,39270.906,1.0
-40.0,900.0,39270.906,1.0
-30.0,900.0,39270.906,1.0
-20.0,900.0,39270.906,1.0
-10.0,900.0,39270.906,1.0
0.0,900.0,39270.906,1.0
10.0,900.0,39270.906,1.0
20.0,900.0,39270.906,1.0
30.0,900.0,39270.906,1.0
40.0,900.0,39270.906,1.0
50.0,900.0,39270.906,1.0
60.0,900.0,39270.906,1.0
70.0,900.0,39270.906,1.0
80.0,900.0,39270.906,1.0
90.0,900.0,39270.906,1.0
100.0,900.0,39270.906,1.0
110.0,900.0,39270.906,1.0
120.0,900.0,39270.906,1.0
130.0,900.0,39270.906,1.0
140.0,900.0,39270.906,1.0
150.0,900.0,39270.906,1.0
160.0,900.0,39270.906,1.0
170.0,900.0,39270.906,1.0
180.0,900.0,39270.906,1.0
190.0,900.0,39270.906,1.0
200.0,900.0,39270.906,1.0
210.0,900.0,39270.906,1.0
220.0,900.0,39270.906,1.0
230.0,900.0,39270.906,1.0
240.0,900.0,39270.906,1.0
250.0,900.0,39270.906,1.0
260.0,900.0,39270.906,1.0
270.0,900.0,39270.906,1.0
280.0,900.0,39270.906,1.0
290.0,900.0,39270.906,1.0
300.0,900.0,39270.906,1.0
310.0,900.0,39270.906,1.0
320.0,900.0,39270.906,1.0
330.0,900.0,39270.906,1.0
340.0,900.0,2523.4893,0.0
350.0,900.0,2495.5354,0.0
360.0,900.0,2467.9111,0.0
370.0,900.0,2440.6157,0.0
380.0,900.0,2413.6501,0.0
390.0,900.0,2387.0137,0.0
400.0,900.0,2360.7058,0.0
410.0,900.0,2334.727,0.0
420.0,900.0,2309.0776,0.0
430.0,900.0,2283.7566,0.0
440.0,900.0,2258.7646,0.0
450.0,900.0,2234.1008,0.0
460.0,900.0,2209.7659,0.0
470.0,900.0,2185.7588,0.0
480.0,900.0,2162.0806,0.0
490.0,900.0,2138.7302,0.0
500.0,900.0,2115.7085,0.0
510.0,900.0,2093.014,0.0
520.0,900.0,2070.6484,0.0
530.0,900.0,2048.6104,0.0
540.0,900.0,2026.8999,0.0
550.0,900.0,2005.5176,0.0
560.0,900.0,1984.4634,0.0
570.0,900.0,1963.7368,0.0
580.0,900.0,1943.3376,0.0
590.0,900.0,1923.2659,0.0
600.0,900.0,1903.5212,0.0
610.0,900.0,1884.1052,0.0
620.0,900.0,1865.0156,0.0
630.0,900.0,1846.2539,0.0
640.0,900.0,1827.8193,0.0
650.0,900.0,1809.7122,0.0
660.0,900.0,1791.9316,0.0
670.0,900.0,1774.4783,0.0
680.0,900.0,1757.3518,0.0
690.0,900.0,1740.5518,0.0
700.0,900.0,1724.0787,0.0
710.0,900.0,1707.9331,0.0
720.0,900.0,1692.1143,0.0
730.0,900.0,1676.6226,0.0
740.0,900.0,1661.4578,0.0
750.0,900.0,1646.6193,0.0
760.0,900.0,1632.1075,0.0
770.0,900.0,1617.9216,0.0
780.0,900.0,1604.0625,0.0
790.0,900.0,1590.5299,0.0
800.0,900.0,1577.3232,0.0
810.0,900.0,1564.4435,0.0
820.0,900.0,1551.8904,0.0
830.0,900.0,1539.6628,0.0
840.0,900.0,1527.7625,0.0
850.0,900.0,1516.1875,0.0
860.0,900.0,1504.939,0.0
870.0,900.0,1494.0161,0.0
880.0,900.0,1483.4202,0.0
890.0,900.0,1473.1505,0.0
900.0,900.0,1463.206,0.0
910.0,900.0,1453.5874,0.0
920.0,900.0,1444.2954,0.0
930.0,900.0,1435.3293,0.0
940.0,900.0,1426.6891,0.0
950.0,900.0,1418.3749,0.0
960.0,900.0,1410.3865,0.0
970.0,900.0,1402.7238,0.0
980.0,900.0,1395.3862,0.0
990.0,900.0,1388.375,0.0
1000.0,900.0,1381.6896,0.0
1010.0,900.0,1375.3298,0.0
1020.0,900.0,1369.2953,0.0
1030.0,900.0,1363.587,0.0
1040.0,900.0,1358.2048,0.0
1050.0,900.0,1353.1475,0.0
1060.0,900.0,1348.4158,0.0
1070.0,900.0,1344.0095,0.0
1080.0,900.0,1339.9294,0.0
1090.0,900.0,1336.1743,0.0
1100.0,900.0,1332.7454,0.0
1110.0,900.0,1329.6412,0.0
1120.0,900.0,1326.8623,0.0
1130.0,900.0,1324.4095,0.0
1140.0,900.0,1322.282,0.0
1150.0,900.0,1320.4797,0.0
1160.0,900.0,1319.0032,0.0
1170.0,900.0,1317.8516,0.0
1180.0,900.0,1317.0255,0.0
1190.0,900.0,1316.5251,0.0
1200.0,900.0,1316.3499,0.0
1210.0,900.0,1316.4998,0.0
1220.0,900.0,1316.9753,0.0
1230.0,900.0,1317.7761,0.0
1240.0,900.0,1318.9022,0.0
1250.0,900.0,1320.3531,0.0
1260.0,900.0,1322.1292,0.0
1270.0,900.0,1324.2312,0.0
1280.0,900.0,1326.6578,0.0
1290.0,900.0,1329.4104,0.0
1300.0,900.0,1332.4875,0.0
1310.0,900.0,1335.89,0.0
1320.0,900.0,1339.6178,0.0
1330.0,900.0,1343.6705,0.0
1340.0,900.0,1348.049,0.0
1350.0,900.0,1352.752,0.0
1360.0,900.0,1357.7805,0.0
1370.0,900.0,1363.134,0.0
1380.0,900.0,1368.8126,0.0
1390.0,900.0,1374.8167,0.0
1400.0,900.0,1381.145,0.0
1410.0,900.0,1387.7992,0.0
1420.0,900.0,1394.778,0.0
1430.0,900.0,1402.0818,0.0
1440.0,900.0,1409.7112,0.0
1450.0,900.0,1417.6658,0.0
1460.0,900.0,1425.9453,0.0
1470.0,900.0,1434.55,0.0
1480.0,900.0,1443.4797,0.0
1490.0,900.0,1452.7346,0.0
1500.0,900.0,1462.314,0.0
1510.0,900.0,1472.2185,0.0
1520.0,900.0,1482.4486,0.0
1530.0,900.0,1493.0027,0.0
1540.0,900.0,1503.8828,0.0
1550.0,900.0,1515.0872,0.0
1560.0,900.0,1526.6172,0.0
1570.0,900.0,1538.4717,0.0
1580.0,900.0,1550.6512,0.0
1590.0,900.0,1563.1553,0.0
1600.0,900.0,1575.9836,0.0
1610.0,900.0,1589.1368,0.0
1620.0,900.0,1602.6152,0.0
1630.0,900.0,1616.4171,0.0
1640.0,900.0,1630.5447,0.0
1650.0,900.0,1644.9979,0.0
1660.0,900.0,1659.7773,0.0
1670.0,900.0,1674.8823,0.0
1680.0,900.0,1690.3113,0.0
1690.0,900.0,1706.0657,0.0
1700.0,900.0,1722.145,0.0
1710.0,900.0,1738.5481,0.0
1720.0,900.0,1755.2765,0.0
1730.0,900.0,1772.3301,0.0
1740.0,900.0,1789.7083,0.0
1750.0,900.0,1807.4121,0.0
1760.0,900.0,1825.4401,0.0
1770.0,900.0,1843.7935,0.0
1780.0,900.0,1862.4711,0.0
1790.0,900.0,1881.4744,0.0
1800.0,900.0,1900.8025,0.0
