along_m,lateral_m,expected_area_m2,no_signal
-200.0,-900.0,39270.906,1.0
-190.0,-900.0,39270.906,1.0
-180.0,-900.0,39270.906,1.0
-170.0,-900.0,39270.906,1.0
-160.0,-900.0,39270.906,1.0
-150.0,-900.0,39270.906,1.0
-140.0,-900.0,39270.906,1.0
-130.0,-900.0,39270.906,1.0
-120.0,-900.0,39270.906,1.0
-110.0,-900.0,39270.906,1.0
-100.0,-900.0,39270.906,1.0
-90.0,-900.0,39270.906,1.0
-80.0,-900.0,39270.906,1.0
-70.0,-900.0,39270.906,1.0
-60.0,-900.0,39270.906,1.0
-50.0,-900.0,39270.906,1.0
-40.0,-900.0,39270.906,1.0
-30.0,-900.0,39270.906,1.0
-20.0,-900.0,39270.906,1.0
-10.0,-900.0,39270.906,1.0
0.0,-900.0,39270.906,1.0
10.0,-900.0,39270.906,1.0
20.0,-900.0,39270.906,1.0
30.0,-900.0,39270.906,1.0
40.0,-900.0,39270.906,1.0
50.0,-900.0,39270.906,1.0
60.0,-900.0,39270.906,1.0
70.0,-900.0,39270.906,1.0
80.0,-900.0,39270.906,1.0
90.0,-900.0,39270.906,1.0
100.0,-900.0,39270.906,1.0
110.0,-900.0,39270.906,1.0
120.0,-900.0,2213.8916,0.0
130.0,-900.0,2188.6018,0.0
140.0,-900.0,2163.6067,0.0
150.0,-900.0,2138.9072,0.0
160.0,-900.0,2114.503,0.0
170.0,-900.0,2090.3936,0.0
180.0,-900.0,2066.5784,0.0
190.0,-900.0,2043.0573,0.0
200.0,-900.0,2019.8303,0.0
210.0,-900.0,1996.8981,0.0
220.0,-900.0,1974.2583,0.0
230.0,-900.0,1951.9124,0.0
240.0,-900.0,1929.8596,0.0
250.0,-900.0,1908.0989,0.0
260.0,-900.0,1886.6321,0.0
270.0,-900.0,1865.457,0.0
280.0,-900.0,1844.5745,0.0
290.0,-900.0,1823.9845,0.0
300.0,-900.0,1803.6858,0.0
310.0,-900.0,1783.6785,0.0
320.0,-900.0,1763.9629,0.0
330.0,-900.0,1744.5386,0.0
340.0,-900.0,1725.405,0.0
350.0,-900.0,1706.5623,0.0
360.0,-900.0,1688.0105,0.0
370.0,-900.0,1669.7491,0.0
380.0,-900.0,1651.7778,0.0
390.0,-900.0,1634.0964,0.0
400.0,-900.0,1616.7048,0.0
410.0,-900.0,1599.6028,0.0
420.0,-900.0,1582.7906,0.0
430.0,-900.0,1566.2678,0.0
440.0,-900.0,1550.0344,0.0
450.0,-900.0,1534.0894,0.0
460.0,-900.0,1518.4329,0.0
470.0,-900.0,1503.0652,0.0
480.0,-900.0,1487.9856,0.0
490.0,-900.0,1473.1937,0.0
500.0,-900.0,1458.6903,0.0
510.0,-900.0,1444.4744,0.0
520.0,-900.0,1430.546,0.0
530.0,-900.0,1416.906,0.0
540.0,-900.0,1403.5521,0.0
550.0,-900.0,1390.4863,0.0
560.0,-900.0,1377.7069,0.0
570.0,-900.0,1365.2141,0.0
580.0,-900.0,1353.0073,0.0
590.0,-900.0,1341.0874,0.0
600.0,-900.0,1329.4536,0.0
610.0,-900.0,1318.1055,0.0
620.0,-900.0,1307.0432,0.0
630.0,-900.0,1296.2666,0.0
640.0,-900.0,1285.7755,0.0
650.0,-900.0,1275.5697,0.0
660.0,-900.0,1265.6489,0.0
670.0,-900.0,1256.0134,0.0
680.0,-900.0,1246.663,0.0
690.0,-900.0,1237.5964,0.0
700.0,-900.0,1228.8147,0.0
710.0,-900.0,1220.3174,0.0
720.0,-900.0,1212.1039,0.0
730.0,-900.0,1204.1747,0.0
740.0,-900.0,1196.5288,0.0
750.0,-900.0,1189.167,0.0
760.0,-900.0,1182.0889,0.0
770.0,-900.0,1175.2937,0.0
780.0,-900.0,1168.782,0.0
790.0,-900.0,1162.553,0.0
800.0,-900.0,1156.6069,0.0
810.0,-900.0,1150.9432,0.0
820.0,-900.0,1145.563,0.0
830.0,-900.0,1140.464,0.0
840.0,-900.0,1135.648,0.0
850.0,-900.0,1131.1143,0.0
860.0,-900.0,1126.862,0.0
870.0,-900.0,1122.8916,0.0
880.0,-900.0,1119.2029,0.0
890.0,-900.0,1115.7954,0.0
900.0,-900.0,1112.6696,0.0
910.0,-900.0,1109.8248,0.0
920.0,-900.0,1107.261,0.0
930.0,-900.0,1104.9779,0.0
940.0,-900.0,1102.976,0.0
950.0,-900.0,1101.254,0.0
960.0,-900.0,1099.8131,0.0
970.0,-900.0,1098.6522,0.0
980.0,-900.0,1097.7712,0.0
990.0,-900.0,1097.1705,0.0
1000.0,-900.0,1096.8499,0.0
1010.0,-900.0,1096.8086,0.0
1020.0,-900.0,1097.0466,0.0
1030.0,-900.0,1097.5645,0.0
1040.0,-900.0,1098.3611,0.0
1050.0,-900.0,1099.437,0.0
1060.0,-900.0,1100.7919,0.0
1070.0,-900.0,1102.4257,0.0
1080.0,-900.0,1104.3381,0.0
1090.0,-900.0,1106.5293,0.0
1100.0,-900.0,1108.9988,0.0
1110.0,-900.0,1111.7458,0.0
1120.0,-900.0,1114.772,0.0
1130.0,-900.0,1118.0754,0.0
1140.0,-900.0,1121.6572,0.0
1150.0,-900.0,1125.5165,0.0
1160.0,-900.0,1129.6528,0.0
1170.0,-900.0,1134.0671,0.0
1180.0,-900.0,1138.7583,0.0
1190.0,-900.0,1143.727,0.0
1200.0,-900.0,1148.9724,0.0
1210.0,-900.0,1154.4945,0.0
1220.0,-900.0,1160.2932,0.0
1230.0,-900.0,1166.3688,0.0
1240.0,-900.0,1172.7208,0.0
1250.0,-900.0,1179.3491,0.0
1260.0,-900.0,1186.2537,0.0
1270.0,-900.0,1193.4342,0.0
1280.0,-900.0,1200.8904,0.0
1290.0,-900.0,1208.6222,0.0
1300.0,-900.0,1216.6296,0.0
1310.0,-900.0,1224.9126,0.0
1320.0,-900.0,1233.4705,0.0
1330.0,-900.0,1242.3037,0.0
1340.0,-900.0,1251.4121,0.0
1350.0,-900.0,1260.7954,0.0
1360.0,-900.0,1270.4535,0.0
1370.0,-900.0,1280.3859,0.0
1380.0,-900.0,1290.592,0.0
1390.0,-900.0,1301.0728,0.0
1400.0,-900.0,1311.8269,0.0
1410.0,-900.0,1322.855,0.0
1420.0,-900.0,1334.1562,0.0
1430.0,-900.0,1345.7318,0.0
1440.0,-900.0,1357.5813,0.0
1450.0,-900.0,1369.7048,0.0
1460.0,-900.0,1382.1027,0.0
1470.0,-900.0,1394.774,0.0
1480.0,-900.0,1407.7178,0.0
1490.0,-900.0,1420.9341,0.0
1500.0,-900.0,1434.4227,0.0
1510.0,-900.0,1448.184,0.0
1520.0,-900.0,1462.2185,0.0
1530.0,-900.0,1476.5251,0.0
1540.0,-900.0,1491.1034,0.0
1550.0,-900.0,1505.9546,0.0
1560.0,-900.0,1521.077,0.0
1570.0,-900.0,1536.4716,0.0
1580.0,-900.0,1552.1375,0.0
1590.0,-900.0,1568.0751,0.0
1600.0,-900.0,1584.2839,0.0
1610.0,-900.0,1600.764,0.0
1620.0,-900.0,1617.5148,0.0
1630.0,-900.0,1634.5366,0.0
1640.0,-900.0,1651.8291,0.0
1650.0,-900.0,1669.3923,0.0
1660.0,-900.0,1687.2258,0.0
1670.0,-900.0,1705.3298,0.0
1680.0,-900.0,1723.7037,0.0
1690.0,-900.0,1742.3473,0.0
1700.0,-900.0,1761.2615,0.0
1710.0,-900.0,1780.4448,0.0
1720.0,-900.0,1799.8972,0.0
1730.0,-900.0,1819.6199,0.0
1740.0,-900.0,1839.6108,0.0
1750.0,-900.0,1859.8711,0.0
1760.0,-900.0,1880.4006,0.0
1770.0,-900.0,1901.1991,0.0
1780.0,-900.0,1922.266,0.0
1790.0,-900.0,1943.6012,0.0
1800.0,-900.0,1965.2047,0.0
-200.0,-890.0,39270.906,1.0
-190.0,-890.0,39270.906,1.0
-180.0,-890.0,39270.906,1.0
-170.0,-890.0,39270.906,1.0
-160.0,-890.0,39270.906,1.0
-150.0,-890.0,39270.906,1.0
-140.0,-890.0,39270.906,1.0
-130.0,-890.0,39270.906,1.0
-120.0,-890.0,39270.906,1.0
-110.0,-890.0,39270.906,1.0
-100.0,-890.0,39270.906,1.0
-90.0,-890.0,39270.906,1.0
-80.0,-890.0,39270.906,1.0
-70.0,-890.0,39270.906,1.0
-60.0,-890.0,39270.906,1.0
-50.0,-890.0,39270.906,1.0
-40.0,-890.0,39270.906,1.0
-30.0,-890.0,39270.906,1.0
-20.0,-890.0,39270.906,1.0
-10.0,-890.0,39270.906,1.0
0.0,-890.0,39270.906,1.0
10.0,-890.0,39270.906,1.0
20.0,-890.0,39270.906,1.0
30.0,-890.0,39270.906,1.0
40.0,-890.0,39270.906,1.0
50.0,-890.0,39270.906,1.0
60.0,-890.0,39270.906,1.0
70.0,-890.0,39270.906,1.0
80.0,-890.0,39270.906,1.0
90.0,-890.0,39270.906,1.0
100.0,-890.0,39270.906,1.0
110.0,-890.0,2240.5754,0.0
120.0,-890.0,2214.688,0.0
130.0,-890.0,2189.099,0.0
140.0,-890.0,2163.8086,0.0
150.0,-890.0,2138.8174,0.0
160.0,-890.0,2114.1248,0.0
170.0,-890.0,2089.7305,0.0
180.0,-890.0,2065.6348,0.0
190.0,-890.0,2041.8364,0.0
200.0,-890.0,2018.3358,0.0
210.0,-890.0,1995.133,0.0
220.0,-890.0,1972.2263,0.0
230.0,-890.0,1949.6177,0.0
240.0,-890.0,1927.3055,0.0
250.0,-890.0,1905.289,0.0
260.0,-890.0,1883.5696,0.0
270.0,-890.0,1862.1458,0.0
280.0,-890.0,1841.0186,0.0
290.0,-890.0,1820.1865,0.0
300.0,-890.0,1799.6494,0.0
310.0,-890.0,1779.408,0.0
320.0,-890.0,1759.4614,0.0
330.0,-890.0,1739.8096,0.0
340.0,-890.0,1720.4524,0.0
350.0,-890.0,1701.3893,0.0
360.0,-890.0,1682.6205,0.0
370.0,-890.0,1664.1458,0.0
380.0,-890.0,1645.9646,0.0
390.0,-890.0,1628.077,0.0
400.0,-890.0,1610.4824,0.0
410.0,-890.0,1593.1812,0.0
420.0,-890.0,1576.1724,0.0
430.0,-890.0,1559.4569,0.0
440.0,-890.0,1543.0344,0.0
450.0,-890.0,1526.9038,0.0
460.0,-890.0,1511.0653,0.0
470.0,-890.0,1495.5193,0.0
480.0,-890.0,1480.264,0.0
490.0,-890.0,1465.301,0.0
500.0,-890.0,1450.6287,0.0
510.0,-890.0,1436.2478,0.0
520.0,-890.0,1422.158,0.0
530.0,-890.0,1408.3593,0.0
540.0,-890.0,1394.8513,0.0
550.0,-890.0,1381.6338,0.0
560.0,-890.0,1368.707,0.0
570.0,-890.0,1356.0693,0.0
580.0,-890.0,1343.7219,0.0
590.0,-890.0,1331.6641,0.0
600.0,-890.0,1319.896,0.0
610.0,-890.0,1308.4171,0.0
620.0,-890.0,1297.2274,0.0
630.0,-890.0,1286.3274,0.0
640.0,-890.0,1275.7156,0.0
650.0,-890.0,1265.3923,0.0
660.0,-890.0,1255.3577,0.0
670.0,-890.0,1245.6116,0.0
680.0,-890.0,1236.1533,0.0
690.0,-890.0,1226.9833,0.0
700.0,-890.0,1218.1011,0.0
710.0,-890.0,1209.5065,0.0
720.0,-890.0,1201.1997,0.0
730.0,-890.0,1193.1797,0.0
740.0,-890.0,1185.447,0.0
750.0,-890.0,1178.0013,0.0
760.0,-890.0,1170.8428,0.0
770.0,-890.0,1163.9705,0.0
780.0,-890.0,1157.385,0.0
790.0,-890.0,1151.0856,0.0
800.0,-890.0,1145.072,0.0
810.0,-890.0,1139.3446,0.0
820.0,-890.0,1133.9034,0.0
830.0,-890.0,1128.748,0.0
840.0,-890.0,1123.8777,0.0
850.0,-890.0,1119.293,0.0
860.0,-890.0,1114.9935,0.0
870.0,-890.0,1110.9789,0.0
880.0,-890.0,1107.2498,0.0
890.0,-890.0,1103.8048,0.0
900.0,-890.0,1100.6448,0.0
910.0,-890.0,1097.7689,0.0
920.0,-890.0,1095.1775,0.0
930.0,-890.0,1092.8701,0.0
940.0,-890.0,1090.8469,0.0
950.0,-890.0,1089.1077,0.0
960.0,-890.0,1087.6515,0.0
970.0,-890.0,1086.4791,0.0
980.0,-890.0,1085.5903,0.0
990.0,-890.0,1084.9851,0.0
1000.0,-890.0,1084.6624,0.0
1010.0,-890.0,1084.6228,0.0
1020.0,-890.0,1084.8657,0.0
1030.0,-890.0,1085.3916,0.0
1040.0,-890.0,1086.1997,0.0
1050.0,-890.0,1087.2903,0.0
1060.0,-890.0,1088.6628,0.0
1070.0,-890.0,1090.3179,0.0
1080.0,-890.0,1092.2546,0.0
1090.0,-890.0,1094.4729,0.0
1100.0,-890.0,1096.9731,0.0
1110.0,-890.0,1099.7544,0.0
1120.0,-890.0,1102.8174,0.0
1130.0,-890.0,1106.1613,0.0
1140.0,-890.0,1109.7861,0.0
1150.0,-890.0,1113.6924,0.0
1160.0,-890.0,1117.8788,0.0
1170.0,-890.0,1122.3464,0.0
1180.0,-890.0,1127.0942,0.0
1190.0,-890.0,1132.1216,0.0
1200.0,-890.0,1137.4298,0.0
1210.0,-890.0,1143.0176,0.0
1220.0,-890.0,1148.8854,0.0
1230.0,-890.0,1155.0327,0.0
1240.0,-890.0,1161.4607,0.0
1250.0,-890.0,1168.1675,0.0
1260.0,-890.0,1175.1536,0.0
1270.0,-890.0,1182.4192,0.0
1280.0,-890.0,1189.9629,0.0
1290.0,-890.0,1197.7864,0.0
1300.0,-890.0,1205.888,0.0
1310.0,-890.0,1214.2683,0.0
1320.0,-890.0,1222.927,0.0
1330.0,-890.0,1231.8638,0.0
1340.0,-890.0,1241.0791,0.0
1350.0,-890.0,1250.5725,0.0
1360.0,-890.0,1260.3436,0.0
1370.0,-890.0,1270.3916,0.0
1380.0,-890.0,1280.7175,0.0
1390.0,-890.0,1291.3203,0.0
1400.0,-890.0,1302.2002,0.0
1410.0,-890.0,1313.3562,0.0
1420.0,-890.0,1324.7899,0.0
1430.0,-890.0,1336.5007,0.0
1440.0,-890.0,1348.4884,0.0
1450.0,-890.0,1360.754,0.0
1460.0,-890.0,1373.2959,0.0
1470.0,-890.0,1386.1143,0.0
1480.0,-890.0,1399.2085,0.0
1490.0,-890.0,1412.5781,0.0
1500.0,-890.0,1426.2239,0.0
1510.0,-890.0,1440.145,0.0
1520.0,-890.0,1454.3423,0.0
1530.0,-890.0,1468.8148,0.0
1540.0,-890.0,1483.5624,0.0
1550.0,-890.0,1498.5853,0.0
1560.0,-890.0,1513.8832,0.0
1570.0,-890.0,1529.4558,0.0
1580.0,-890.0,1545.303,0.0
1590.0,-890.0,1561.4247,0.0
1600.0,-890.0,1577.8215,0.0
1610.0,-890.0,1594.4912,0.0
1620.0,-890.0,1611.4363,0.0
1630.0,-890.0,1628.6543,0.0
1640.0,-890.0,1646.146,0.0
1650.0,-890.0,1663.9121,0.0
1660.0,-890.0,1681.9517,0.0
1670.0,-890.0,1700.2639,0.0
1680.0,-890.0,1718.8491,0.0
1690.0,-890.0,1737.7078,0.0
1700.0,-890.0,1756.8396,0.0
1710.0,-890.0,1776.2439,0.0
1720.0,-890.0,1795.92,0.0
1730.0,-890.0,1815.8693,0.0
1740.0,-890.0,1836.0906,0.0
1750.0,-890.0,1856.5836,0.0
1760.0,-890.0,1877.349,0.0
1770.0,-890.0,1898.3857,0.0
1780.0,-890.0,1919.6943,0.0
1790.0,-890.0,1941.2749,0.0
1800.0,-890.0,1963.126,0.0
-200.0,-880.0,39270.906,1.0
-190.0,-880.0,39270.906,1.0
-180.0,-880.0,39270.906,1.0
-170.0,-880.0,39270.906,1.0
-160.0,-880.0,39270.906,1.0
-150.0,-880.0,39270.906,1.0
-140.0,-880.0,39270.906,1.0
-130.0,-880.0,39270.906,1.0
-120.0,-880.0,39270.906,1.0
-110.0,-880.0,39270.906,1.0
-100.0,-880.0,39270.906,1.0
-90.0,-880.0,39270.906,1.0
-80.0,-880.0,39270.906,1.0
-70.0,-880.0,39270.906,1.0
-60.0,-880.0,39270.906,1.0
-50.0,-880.0,39270.906,1.0
-40.0,-880.0,39270.906,1.0
-30.0,-880.0,39270.906,1.0
-20.0,-880.0,39270.906,1.0
-10.0,-880.0,39270.906,1.0
0.0,-880.0,39270.906,1.0
10.0,-880.0,39270.906,1.0
20.0,-880.0,39270.906,1.0
30.0,-880.0,39270.906,1.0
40.0,-880.0,39270.906,1.0
50.0,-880.0,39270.906,1.0
60.0,-880.0,39270.906,1.0
70.0,-880.0,39270.906,1.0
80.0,-880.0,39270.906,1.0
90.0,-880.0,39270.906,1.0
100.0,-880.0,2268.4932,0.0
110.0,-880.0,2241.9922,0.0
120.0,-880.0,2215.7944,0.0
130.0,-880.0,2189.8994,0.0
140.0,-880.0,2164.3062,0.0
150.0,-880.0,2139.0166,0.0
160.0,-880.0,2114.029,0.0
170.0,-880.0,2089.3433,0.0
180.0,-880.0,2064.9595,0.0
190.0,-880.0,2040.8773,0.0
200.0,-880.0,2017.0962,0.0
210.0,-880.0,1993.6162,0.0
220.0,-880.0,1970.4375,0.0
230.0,-880.0,1947.5596,0.0
240.0,-880.0,1924.9811,0.0
250.0,-880.0,1902.7026,0.0
260.0,-880.0,1880.7256,0.0
270.0,-880.0,1859.047,0.0
280.0,-880.0,1837.6683,0.0
290.0,-880.0,1816.5891,0.0
300.0,-880.0,1795.808,0.0
310.0,-880.0,1775.3264,0.0
320.0,-880.0,1755.1431,0.0
330.0,-880.0,1735.2583,0.0
340.0,-880.0,1715.6716,0.0
350.0,-880.0,1696.3827,0.0
360.0,-880.0,1677.3921,0.0
370.0,-880.0,1658.699,0.0
380.0,-880.0,1640.3025,0.0
390.0,-880.0,1622.2039,0.0
400.0,-880.0,1604.4012,0.0
410.0,-880.0,1586.8961,0.0
420.0,-880.0,1569.687,0.0
430.0,-880.0,1552.7742,0.0
440.0,-880.0,1536.1575,0.0
450.0,-880.0,1519.8369,0.0
460.0,-880.0,1503.8123,0.0
470.0,-880.0,1488.083,0.0
480.0,-880.0,1472.649,0.0
490.0,-880.0,1457.5093,0.0
500.0,-880.0,1442.6655,0.0
510.0,-880.0,1428.1154,0.0
520.0,-880.0,1413.8602,0.0
530.0,-880.0,1399.8989,0.0
540.0,-880.0,1386.2332,0.0
550.0,-880.0,1372.8606,0.0
560.0,-880.0,1359.7825,0.0
570.0,-880.0,1346.9973,0.0
580.0,-880.0,1334.5057,0.0
590.0,-880.0,1322.3069,0.0
600.0,-880.0,1310.4011,0.0
610.0,-880.0,1298.7883,0.0
620.0,-880.0,1287.4685,0.0
630.0,-880.0,1276.441,0.0
640.0,-880.0,1265.7056,0.0
650.0,-880.0,1255.2625,0.0
660.0,-880.0,1245.1113,0.0
670.0,-880.0,1235.2517,0.0
680.0,-880.0,1225.6841,0.0
690.0,-880.0,1216.4076,0.0
700.0,-880.0,1207.4225,0.0
710.0,-880.0,1198.7283,0.0
720.0,-880.0,1190.3254,0.0
730.0,-880.0,1182.2129,0.0
740.0,-880.0,1174.3911,0.0
750.0,-880.0,1166.8596,0.0
760.0,-880.0,1159.6185,0.0
770.0,-880.0,1152.6675,0.0
780.0,-880.0,1146.0063,0.0
790.0,-880.0,1139.6345,0.0
800.0,-880.0,1133.5525,0.0
810.0,-880.0,1127.7601,0.0
820.0,-880.0,1122.2566,0.0
830.0,-880.0,1117.0425,0.0
840.0,-880.0,1112.1171,0.0
850.0,-880.0,1107.4807,0.0
860.0,-880.0,1103.1326,0.0
870.0,-880.0,1099.0731,0.0
880.0,-880.0,1095.3018,0.0
890.0,-880.0,1091.8187,0.0
900.0,-880.0,1088.6237,0.0
910.0,-880.0,1085.7164,0.0
920.0,-880.0,1083.0963,0.0
930.0,-880.0,1080.7643,0.0
940.0,-880.0,1078.7192,0.0
950.0,-880.0,1076.9617,0.0
960.0,-880.0,1075.4908,0.0
970.0,-880.0,1074.3071,0.0
980.0,-880.0,1073.4097,0.0
990.0,-880.0,1072.7993,0.0
1000.0,-880.0,1072.4749,0.0
1010.0,-880.0,1072.4373,0.0
1020.0,-880.0,1072.6852,0.0
1030.0,-880.0,1073.2194,0.0
1040.0,-880.0,1074.039,0.0
1050.0,-880.0,1075.1445,0.0
1060.0,-880.0,1076.5354,0.0
1070.0,-880.0,1078.2122,0.0
1080.0,-880.0,1080.1736,0.0
1090.0,-880.0,1082.42,0.0
1100.0,-880.0,1084.9514,0.0
1110.0,-880.0,1087.7676,0.0
1120.0,-880.0,1090.8685,0.0
1130.0,-880.0,1094.2539,0.0
1140.0,-880.0,1097.9232,0.0
1150.0,-880.0,1101.877,0.0
1160.0,-880.0,1106.1149,0.0
1170.0,-880.0,1110.6364,0.0
1180.0,-880.0,1115.4417,0.0
1190.0,-880.0,1120.5303,0.0
1200.0,-880.0,1125.9023,0.0
1210.0,-880.0,1131.5576,0.0
1220.0,-880.0,1137.496,0.0
1230.0,-880.0,1143.718,0.0
1240.0,-880.0,1150.2222,0.0
1250.0,-880.0,1157.0093,0.0
1260.0,-880.0,1164.0791,0.0
1270.0,-880.0,1171.4312,0.0
1280.0,-880.0,1179.0653,0.0
1290.0,-880.0,1186.9814,0.0
1300.0,-880.0,1195.1799,0.0
1310.0,-880.0,1203.6597,0.0
1320.0,-880.0,1212.4219,0.0
1330.0,-880.0,1221.4648,0.0
1340.0,-880.0,1230.7894,0.0
1350.0,-880.0,1240.3953,0.0
1360.0,-880.0,1250.282,0.0
1370.0,-880.0,1260.449,0.0
1380.0,-880.0,1270.897,0.0
1390.0,-880.0,1281.625,0.0
1400.0,-880.0,1292.6329,0.0
1410.0,-880.0,1303.921,0.0
1420.0,-880.0,1315.49,0.0
1430.0,-880.0,1327.3387,0.0
1440.0,-880.0,1339.4684,0.0
1450.0,-880.0,1351.8782,0.0
1460.0,-880.0,1364.5682,0.0
1470.0,-880.0,1377.5374,0.0
1480.0,-880.0,1390.785,0.0
1490.0,-880.0,1404.3119,0.0
1500.0,-880.0,1418.118,0.0
1510.0,-880.0,1432.2029,0.0
1520.0,-880.0,1446.5662,0.0
1530.0,-880.0,1461.2086,0.0
1540.0,-880.0,1476.1293,0.0
1550.0,-880.0,1491.3282,0.0
1560.0,-880.0,1506.8049,0.0
1570.0,-880.0,1522.5598,0.0
1580.0,-880.0,1538.5928,0.0
1590.0,-880.0,1554.9032,0.0
1600.0,-880.0,1571.4915,0.0
1610.0,-880.0,1588.3568,0.0
1620.0,-880.0,1605.4991,0.0
1630.0,-880.0,1622.9186,0.0
1640.0,-880.0,1640.6144,0.0
1650.0,-880.0,1658.5878,0.0
1660.0,-880.0,1676.8369,0.0
1670.0,-880.0,1695.3629,0.0
1680.0,-880.0,1714.165,0.0
1690.0,-880.0,1733.2437,0.0
1700.0,-880.0,1752.5978,0.0
1710.0,-880.0,1772.2281,0.0
1720.0,-880.0,1792.1329,0.0
1730.0,-880.0,1812.3143,0.0
1740.0,-880.0,1832.7706,0.0
1750.0,-880.0,1853.5015,0.0
1760.0,-880.0,1874.508,0.0
1770.0,-880.0,1895.7897,0.0
1780.0,-880.0,1917.3455,0.0
1790.0,-880.0,1939.1765,0.0
1800.0,-880.0,1961.281,0.0
-200.0,-870.0,39270.906,1.0
-190.0,-870.0,39270.906,1.0
-180.0,-870.0,39270.906,1.0
-170.0,-870.0,39270.906,1.0
-160.0,-870.0,39270.906,1.0
-150.0,-870.0,39270.906,1.0
-140.0,-870.0,39270.906,1.0
-130.0,-870.0,39270.906,1.0
-120.0,-870.0,39270.906,1.0
-110.0,-870.0,39270.906,1.0
-100.0,-870.0,39270.906,1.0
-90.0,-870.0,39270.906,1.0
-80.0,-870.0,39270.906,1.0
-70.0,-870.0,39270.906,1.0
-60.0,-870.0,39270.906,1.0
-50.0,-870.0,39270.906,1.0
-40.0,-870.0,39270.906,1.0
-30.0,-870.0,39270.906,1.0
-20.0,-870.0,39270.906,1.0
-10.0,-870.0,39270.906,1.0
0.0,-870.0,39270.906,1.0
10.0,-870.0,39270.906,1.0
20.0,-870.0,39270.906,1.0
30.0,-870.0,39270.906,1.0
40.0,-870.0,39270.906,1.0
50.0,-870.0,39270.906,1.0
60.0,-870.0,39270.906,1.0
70.0,-870.0,39270.906,1.0
80.0,-870.0,39270.906,1.0
90.0,-870.0,2297.6897,0.0
100.0,-870.0,2270.56,0.0
110.0,-870.0,2243.7373,0.0
120.0,-870.0,2217.2222,0.0
130.0,-870.0,2191.0137,0.0
140.0,-870.0,2165.1113,0.0
150.0,-870.0,2139.5151,0.0
160.0,-870.0,2114.225,0.0
170.0,-870.0,2089.241,0.0
180.0,-870.0,2064.5623,0.0
190.0,-870.0,2040.189,0.0
200.0,-870.0,2016.1206,0.0
210.0,-870.0,1992.3577,0.0
220.0,-870.0,1968.8992,0.0
230.0,-870.0,1945.7449,0.0
240.0,-870.0,1922.8945,0.0
250.0,-870.0,1900.3474,0.0
260.0,-870.0,1878.106,0.0
270.0,-870.0,1856.1667,0.0
280.0,-870.0,1834.5309,0.0
290.0,-870.0,1813.1978,0.0
300.0,-870.0,1792.1675,0.0
310.0,-870.0,1771.44,0.0
320.0,-870.0,1751.0142,0.0
330.0,-870.0,1730.8909,0.0
340.0,-870.0,1711.0693,0.0
350.0,-870.0,1691.5496,0.0
360.0,-870.0,1672.3309,0.0
370.0,-870.0,1653.4136,0.0
380.0,-870.0,1634.798,0.0
390.0,-870.0,1616.4822,0.0
400.0,-870.0,1598.4672,0.0
410.0,-870.0,1580.7526,0.0
420.0,-870.0,1563.3374,0.0
430.0,-870.0,1546.2229,0.0
440.0,-870.0,1529.4082,0.0
450.0,-870.0,1512.8926,0.0
460.0,-870.0,1496.6775,0.0
470.0,-870.0,1480.7607,0.0
480.0,-870.0,1465.1426,0.0
490.0,-870.0,1449.8237,0.0
500.0,-870.0,1434.8021,0.0
510.0,-870.0,1420.0798,0.0
520.0,-870.0,1405.6553,0.0
530.0,-870.0,1391.5288,0.0
540.0,-870.0,1377.7002,0.0
550.0,-870.0,1364.1691,0.0
560.0,-870.0,1350.936,0.0
570.0,-870.0,1337.9998,0.0
580.0,-870.0,1325.3599,0.0
590.0,-870.0,1313.0171,0.0
600.0,-870.0,1300.971,0.0
610.0,-870.0,1289.2208,0.0
620.0,-870.0,1277.7671,0.0
630.0,-870.0,1266.6096,0.0
640.0,-870.0,1255.7482,0.0
650.0,-870.0,1245.1816,0.0
660.0,-870.0,1234.9111,0.0
670.0,-870.0,1224.9357,0.0
680.0,-870.0,1215.2552,0.0
690.0,-870.0,1205.8704,0.0
700.0,-870.0,1196.7798,0.0
710.0,-870.0,1187.984,0.0
720.0,-870.0,1179.4824,0.0
730.0,-870.0,1171.2754,0.0
740.0,-870.0,1163.3623,0.0
750.0,-870.0,1155.7429,0.0
760.0,-870.0,1148.4178,0.0
770.0,-870.0,1141.3859,0.0
780.0,-870.0,1134.6477,0.0
790.0,-870.0,1128.2017,0.0
800.0,-870.0,1122.0492,0.0
810.0,-870.0,1116.1897,0.0
820.0,-870.0,1110.6228,0.0
830.0,-870.0,1105.3486,0.0
840.0,-870.0,1100.3668,0.0
850.0,-870.0,1095.6775,0.0
860.0,-870.0,1091.28,0.0
870.0,-870.0,1087.1741,0.0
880.0,-870.0,1083.3597,0.0
890.0,-870.0,1079.8376,0.0
900.0,-870.0,1076.6067,0.0
910.0,-870.0,1073.6666,0.0
920.0,-870.0,1071.0181,0.0
930.0,-870.0,1068.6599,0.0
940.0,-870.0,1066.5934,0.0
950.0,-870.0,1064.8168,0.0
960.0,-870.0,1063.3306,0.0
970.0,-870.0,1062.135,0.0
980.0,-870.0,1061.2291,0.0
990.0,-870.0,1060.6138,0.0
1000.0,-870.0,1060.2876,0.0
1010.0,-870.0,1060.2516,0.0
1020.0,-870.0,1060.5051,0.0
1030.0,-870.0,1061.0476,0.0
1040.0,-870.0,1061.8792,0.0
1050.0,-870.0,1063.0,0.0
1060.0,-870.0,1064.4092,0.0
1070.0,-870.0,1066.108,0.0
1080.0,-870.0,1068.095,0.0
1090.0,-870.0,1070.3701,0.0
1100.0,-870.0,1072.9338,0.0
1110.0,-870.0,1075.7856,0.0
1120.0,-870.0,1078.9253,0.0
1130.0,-870.0,1082.3525,0.0
1140.0,-870.0,1086.0676,0.0
1150.0,-870.0,1090.0706,0.0
1160.0,-870.0,1094.3602,0.0
1170.0,-870.0,1098.9377,0.0
1180.0,-870.0,1103.802,0.0
1190.0,-870.0,1108.9528,0.0
1200.0,-870.0,1114.3904,0.0
1210.0,-870.0,1120.1147,0.0
1220.0,-870.0,1126.1257,0.0
1230.0,-870.0,1132.423,0.0
1240.0,-870.0,1139.0063,0.0
1250.0,-870.0,1145.8757,0.0
1260.0,-870.0,1153.0308,0.0
1270.0,-870.0,1160.4717,0.0
1280.0,-870.0,1168.1982,0.0
1290.0,-870.0,1176.21,0.0
1300.0,-870.0,1184.5068,0.0
1310.0,-870.0,1193.0889,0.0
1320.0,-870.0,1201.9558,0.0
1330.0,-870.0,1211.1079,0.0
1340.0,-870.0,1220.5444,0.0
1350.0,-870.0,1230.2654,0.0
1360.0,-870.0,1240.2703,0.0
1370.0,-870.0,1250.5596,0.0
1380.0,-870.0,1261.1318,0.0
1390.0,-870.0,1271.9883,0.0
1400.0,-870.0,1283.1276,0.0
1410.0,-870.0,1294.5505,0.0
1420.0,-870.0,1306.2578,0.0
1430.0,-870.0,1318.2478,0.0
1440.0,-870.0,1330.523,0.0
1450.0,-870.0,1343.0808,0.0
1460.0,-870.0,1355.9214,0.0
1470.0,-870.0,1369.0447,0.0
1480.0,-870.0,1382.4502,0.0
1490.0,-870.0,1396.1377,0.0
1500.0,-870.0,1410.1079,0.0
1510.0,-870.0,1424.3602,0.0
1520.0,-870.0,1438.894,0.0
1530.0,-870.0,1453.7103,0.0
1540.0,-870.0,1468.8079,0.0
1550.0,-870.0,1484.187,0.0
1560.0,-870.0,1499.8472,0.0
1570.0,-870.0,1515.7886,0.0
1580.0,-870.0,1532.011,0.0
1590.0,-870.0,1548.515,0.0
1600.0,-870.0,1565.2991,0.0
1610.0,-870.0,1582.364,0.0
1620.0,-870.0,1599.7085,0.0
1630.0,-870.0,1617.3339,0.0
1640.0,-870.0,1635.2388,0.0
1650.0,-870.0,1653.4238,0.0
1660.0,-870.0,1671.8893,0.0
1670.0,-870.0,1690.6333,0.0
1680.0,-870.0,1709.657,0.0
1690.0,-870.0,1728.96,0.0
1700.0,-870.0,1748.5424,0.0
1710.0,-870.0,1768.4036,0.0
1720.0,-870.0,1788.5428,0.0
1730.0,-870.0,1808.9617,0.0
1740.0,-870.0,1829.6587,0.0
1750.0,-870.0,1850.6329,0.0
1760.0,-870.0,1871.8868,0.0
1770.0,-870.0,1893.4186,0.0
1780.0,-870.0,1915.2273,0.0
1790.0,-870.0,1937.3145,0.0
1800.0,-870.0,1959.6779,0.0
-200.0,-860.0,39270.906,1.0
-190.0,-860.0,39270.906,1.0
-180.0,-860.0,39270.906,1.0
-170.0,-860.0,39270.906,1.0
-160.0,-860.0,39270.906,1.0
-150.0,-860.0,39270.906,1.0
-140.0,-860.0,39270.906,1.0
-130.0,-860.0,39270.906,1.0
-120.0,-860.0,39270.906,1.0
-110.0,-860.0,39270.906,1.0
-100.0,-860.0,39270.906,1.0
-90.0,-860.0,39270.906,1.0
-80.0,-860.0,39270.906,1.0
-70.0,-860.0,39270.906,1.0
-60.0,-860.0,39270.906,1.0
-50.0,-860.0,39270.906,1.0
-40.0,-860.0,39270.906,1.0
-30.0,-860.0,39270.906,1.0
-20.0,-860.0,39270.906,1.0
-10.0,-860.0,39270.906,1.0
0.0,-860.0,39270.906,1.0
10.0,-860.0,39270.906,1.0
20.0,-860.0,39270.906,1.0
30.0,-860.0,39270.906,1.0
40.0,-860.0,39270.906,1.0
50.0,-860.0,39270.906,1.0
60.0,-860.0,39270.906,1.0
70.0,-860.0,39270.906,1.0
80.0,-860.0,2328.2144,0.0
90.0,-860.0,2300.4402,0.0
100.0,-860.0,2272.977,0.0
110.0,-860.0,2245.825,0.0
120.0,-860.0,2218.9836,0.0
130.0,-860.0,2192.4539,0.0
140.0,-860.0,2166.2334,0.0
150.0,-860.0,2140.324,0.0
160.0,-860.0,2114.724,0.0
170.0,-860.0,2089.434,0.0
180.0,-860.0,2064.4531,0.0
190.0,-860.0,2039.782,0.0
200.0,-860.0,2015.4199,0.0
210.0,-860.0,1991.3656,0.0
220.0,-860.0,1967.6205,0.0
230.0,-860.0,1944.1837,0.0
240.0,-860.0,1921.0552,0.0
250.0,-860.0,1898.2335,0.0
260.0,-860.0,1875.7197,0.0
270.0,-860.0,1853.5137,0.0
280.0,-860.0,1831.6136,0.0
290.0,-860.0,1810.0211,0.0
300.0,-860.0,1788.7351,0.0
310.0,-860.0,1767.756,0.0
320.0,-860.0,1747.082,0.0
330.0,-860.0,1726.7141,0.0
340.0,-860.0,1706.6516,0.0
350.0,-860.0,1686.8951,0.0
360.0,-860.0,1667.4434,0.0
370.0,-860.0,1648.297,0.0
380.0,-860.0,1629.4553,0.0
390.0,-860.0,1610.9177,0.0
400.0,-860.0,1592.6847,0.0
410.0,-860.0,1574.7561,0.0
420.0,-860.0,1557.131,0.0
430.0,-860.0,1539.8088,0.0
440.0,-860.0,1522.7911,0.0
450.0,-860.0,1506.0762,0.0
460.0,-860.0,1489.665,0.0
470.0,-860.0,1473.5562,0.0
480.0,-860.0,1457.7502,0.0
490.0,-860.0,1442.2467,0.0
500.0,-860.0,1427.0448,0.0
510.0,-860.0,1412.1453,0.0
520.0,-860.0,1397.5469,0.0
530.0,-860.0,1383.251,0.0
540.0,-860.0,1369.2556,0.0
550.0,-860.0,1355.5624,0.0
560.0,-860.0,1342.1704,0.0
570.0,-860.0,1329.079,0.0
580.0,-860.0,1316.2881,0.0
590.0,-860.0,1303.7974,0.0
600.0,-860.0,1291.6069,0.0
610.0,-860.0,1279.7168,0.0
620.0,-860.0,1268.1263,0.0
630.0,-860.0,1256.8354,0.0
640.0,-860.0,1245.8442,0.0
650.0,-860.0,1235.1525,0.0
660.0,-860.0,1224.7588,0.0
670.0,-860.0,1214.665,0.0
680.0,-860.0,1204.8699,0.0
690.0,-860.0,1195.373,0.0
700.0,-860.0,1186.175,0.0
710.0,-860.0,1177.2747,0.0
720.0,-860.0,1168.6726,0.0
730.0,-860.0,1160.3682,0.0
740.0,-860.0,1152.3616,0.0
750.0,-860.0,1144.6523,0.0
760.0,-860.0,1137.2405,0.0
770.0,-860.0,1130.126,0.0
780.0,-860.0,1123.3086,0.0
790.0,-860.0,1116.7869,0.0
800.0,-860.0,1110.5624,0.0
810.0,-860.0,1104.6345,0.0
820.0,-860.0,1099.0024,0.0
830.0,-860.0,1093.667,0.0
840.0,-860.0,1088.6272,0.0
850.0,-860.0,1083.8832,0.0
860.0,-860.0,1079.4352,0.0
870.0,-860.0,1075.282,0.0
880.0,-860.0,1071.4241,0.0
890.0,-860.0,1067.8616,0.0
900.0,-860.0,1064.5938,0.0
910.0,-860.0,1061.6208,0.0
920.0,-860.0,1058.9426,0.0
930.0,-860.0,1056.5585,0.0
940.0,-860.0,1054.4691,0.0
950.0,-860.0,1052.6731,0.0
960.0,-860.0,1051.171,0.0
970.0,-860.0,1049.9633,0.0
980.0,-860.0,1049.049,0.0
990.0,-860.0,1048.4282,0.0
1000.0,-860.0,1048.1006,0.0
1010.0,-860.0,1048.0659,0.0
1020.0,-860.0,1048.3246,0.0
1030.0,-860.0,1048.8761,0.0
1040.0,-860.0,1049.72,0.0
1050.0,-860.0,1050.8562,0.0
1060.0,-860.0,1052.2849,0.0
1070.0,-860.0,1054.006,0.0
1080.0,-860.0,1056.0186,0.0
1090.0,-860.0,1058.3237,0.0
1100.0,-860.0,1060.9203,0.0
1110.0,-860.0,1063.8081,0.0
1120.0,-860.0,1066.9878,0.0
1130.0,-860.0,1070.4586,0.0
1140.0,-860.0,1074.2202,0.0
1150.0,-860.0,1078.2731,0.0
1160.0,-860.0,1082.6167,0.0
1170.0,-860.0,1087.2509,0.0
1180.0,-860.0,1092.1753,0.0
1190.0,-860.0,1097.39,0.0
1200.0,-860.0,1102.8947,0.0
1210.0,-860.0,1108.6892,0.0
1220.0,-860.0,1114.7744,0.0
1230.0,-860.0,1121.1494,0.0
1240.0,-860.0,1127.8135,0.0
1250.0,-860.0,1134.7671,0.0
1260.0,-860.0,1142.0099,0.0
1270.0,-860.0,1149.5415,0.0
1280.0,-860.0,1157.3623,0.0
1290.0,-860.0,1165.4722,0.0
1300.0,-860.0,1173.8701,0.0
1310.0,-860.0,1182.5566,0.0
1320.0,-860.0,1191.5319,0.0
1330.0,-860.0,1200.7947,0.0
1340.0,-860.0,1210.3455,0.0
1350.0,-860.0,1220.1846,0.0
1360.0,-860.0,1230.3108,0.0
1370.0,-860.0,1240.7241,0.0
1380.0,-860.0,1251.4246,0.0
1390.0,-860.0,1262.4122,0.0
1400.0,-860.0,1273.6863,0.0
1410.0,-860.0,1285.2474,0.0
1420.0,-860.0,1297.0957,0.0
1430.0,-860.0,1309.2318,0.0
1440.0,-860.0,1321.6544,0.0
1450.0,-860.0,1334.3638,0.0
1460.0,-860.0,1347.3591,0.0
1470.0,-860.0,1360.6405,0.0
1480.0,-860.0,1374.2069,0.0
1490.0,-860.0,1388.0593,0.0
1500.0,-860.0,1402.1974,0.0
1510.0,-860.0,1416.6206,0.0
1520.0,-860.0,1431.3297,0.0
1530.0,-860.0,1446.3234,0.0
1540.0,-860.0,1461.6017,0.0
1550.0,-860.0,1477.1654,0.0
1560.0,-860.0,1493.0138,0.0
1570.0,-860.0,1509.1462,0.0
1580.0,-860.0,1525.5626,0.0
1590.0,-860.0,1542.2639,0.0
1600.0,-860.0,1559.2493,0.0
1610.0,-860.0,1576.5181,0.0
1620.0,-860.0,1594.0701,0.0
1630.0,-860.0,1611.9058,0.0
1640.0,-860.0,1630.0251,0.0
1650.0,-860.0,1648.4272,0.0
1660.0,-860.0,1667.1123,0.0
1670.0,-860.0,1686.0806,0.0
1680.0,-860.0,1705.331,0.0
1690.0,-860.0,1724.864,0.0
1700.0,-860.0,1744.6798,0.0
1710.0,-860.0,1764.7777,0.0
1720.0,-860.0,1785.1564,0.0
1730.0,-860.0,1805.8188,0.0
1740.0,-860.0,1826.7616,0.0
1750.0,-860.0,1847.9858,0.0
1760.0,-860.0,1869.4922,0.0
1770.0,-860.0,1891.2793,0.0
1780.0,-860.0,1913.3475,0.0
1790.0,-860.0,1935.6968,0.0
1800.0,-860.0,1958.326,0.0
-200.0,-850.0,39270.906,1.0
-190.0,-850.0,39270.906,1.0
-180.0,-850.0,39270.906,1.0
-170.0,-850.0,39270.906,1.0
-160.0,-850.0,39270.906,1.0
-150.0,-850.0,39270.906,1.0
-140.0,-850.0,39270.906,1.0
-130.0,-850.0,39270.906,1.0
-120.0,-850.0,39270.906,1.0
-110.0,-850.0,39270.906,1.0
-100.0,-850.0,39270.906,1.0
-90.0,-850.0,39270.906,1.0
-80.0,-850.0,39270.906,1.0
-70.0,-850.0,39270.906,1.0
-60.0,-850.0,39270.906,1.0
-50.0,-850.0,39270.906,1.0
-40.0,-850.0,39270.906,1.0
-30.0,-850.0,39270.906,1.0
-20.0,-850.0,39270.906,1.0
-10.0,-850.0,39270.906,1.0
0.0,-850.0,39270.906,1.0
10.0,-850.0,39270.906,1.0
20.0,-850.0,39270.906,1.0
30.0,-850.0,39270.906,1.0
40.0,-850.0,39270.906,1.0
50.0,-850.0,39270.906,1.0
60.0,-850.0,39270.906,1.0
70.0,-850.0,39270.906,1.0
80.0,-850.0,2331.6804,0.0
90.0,-850.0,2303.5596,0.0
100.0,-850.0,2275.7554,0.0
110.0,-850.0,2248.2651,0.0
120.0,-850.0,2221.0913,0.0
130.0,-850.0,2194.2314,0.0
140.0,-850.0,2167.6858,0.0
150.0,-850.0,2141.455,0.0
160.0,-850.0,2115.5374,0.0
170.0,-850.0,2089.9336,0.0
180.0,-850.0,2064.644,0.0
190.0,-850.0,2039.667,0.0
200.0,-850.0,2015.0029,0.0
210.0,-850.0,1990.6511,0.0
220.0,-850.0,1966.6118,0.0
230.0,-850.0,1942.8857,0.0
240.0,-850.0,1919.4707,0.0
250.0,-850.0,1896.3671,0.0
260.0,-850.0,1873.5762,0.0
270.0,-850.0,1851.0958,0.0
280.0,-850.0,1828.9266,0.0
290.0,-850.0,1807.0673,0.0
300.0,-850.0,1785.519,0.0
310.0,-850.0,1764.2817,0.0
320.0,-850.0,1743.3529,0.0
330.0,-850.0,1722.7345,0.0
340.0,-850.0,1702.425,0.0
350.0,-850.0,1682.4261,0.0
360.0,-850.0,1662.7361,0.0
370.0,-850.0,1643.354,0.0
380.0,-850.0,1624.2815,0.0
390.0,-850.0,1605.5168,0.0
400.0,-850.0,1587.0599,0.0
410.0,-850.0,1568.9113,0.0
420.0,-850.0,1551.0706,0.0
430.0,-850.0,1533.5371,0.0
440.0,-850.0,1516.311,0.0
450.0,-850.0,1499.3918,0.0
460.0,-850.0,1482.7795,0.0
470.0,-850.0,1466.4746,0.0
480.0,-850.0,1450.4751,0.0
490.0,-850.0,1434.783,0.0
500.0,-850.0,1419.3964,0.0
510.0,-850.0,1404.3143,0.0
520.0,-850.0,1389.5391,0.0
530.0,-850.0,1375.069,0.0
540.0,-850.0,1360.9031,0.0
550.0,-850.0,1347.0438,0.0
560.0,-850.0,1333.489,0.0
570.0,-850.0,1320.2388,0.0
580.0,-850.0,1307.2928,0.0
590.0,-850.0,1294.6509,0.0
600.0,-850.0,1282.3127,0.0
610.0,-850.0,1270.2783,0.0
620.0,-850.0,1258.5479,0.0
630.0,-850.0,1247.1204,0.0
640.0,-850.0,1235.9963,0.0
650.0,-850.0,1225.175,0.0
660.0,-850.0,1214.657,0.0
670.0,-850.0,1204.4414,0.0
680.0,-850.0,1194.5282,0.0
690.0,-850.0,1184.917,0.0
700.0,-850.0,1175.6082,0.0
710.0,-850.0,1166.6013,0.0
720.0,-850.0,1157.8962,0.0
730.0,-850.0,1149.492,0.0
740.0,-850.0,1141.3896,0.0
750.0,-850.0,1133.5884,0.0
760.0,-850.0,1126.088,0.0
770.0,-850.0,1118.8885,0.0
780.0,-850.0,1111.9897,0.0
790.0,-850.0,1105.3911,0.0
800.0,-850.0,1099.0927,0.0
810.0,-850.0,1093.0947,0.0
820.0,-850.0,1087.3962,0.0
830.0,-850.0,1081.9977,0.0
840.0,-850.0,1076.8984,0.0
850.0,-850.0,1072.0988,0.0
860.0,-850.0,1067.5986,0.0
870.0,-850.0,1063.3971,0.0
880.0,-850.0,1059.4944,0.0
890.0,-850.0,1055.8904,0.0
900.0,-850.0,1052.5852,0.0
910.0,-850.0,1049.5781,0.0
920.0,-850.0,1046.8691,0.0
930.0,-850.0,1044.4581,0.0
940.0,-850.0,1042.3457,0.0
950.0,-850.0,1040.5303,0.0
960.0,-850.0,1039.0122,0.0
970.0,-850.0,1037.7922,0.0
980.0,-850.0,1036.8689,0.0
990.0,-850.0,1036.2426,0.0
1000.0,-850.0,1035.9131,0.0
1010.0,-850.0,1035.881,0.0
1020.0,-850.0,1036.1447,0.0
1030.0,-850.0,1036.7051,0.0
1040.0,-850.0,1037.5608,0.0
1050.0,-850.0,1038.7136,0.0
1060.0,-850.0,1040.1619,0.0
1070.0,-850.0,1041.906,0.0
1080.0,-850.0,1043.9458,0.0
1090.0,-850.0,1046.2806,0.0
1100.0,-850.0,1048.9109,0.0
1110.0,-850.0,1051.8359,0.0
1120.0,-850.0,1055.0565,0.0
1130.0,-850.0,1058.5713,0.0
1140.0,-850.0,1062.3807,0.0
1150.0,-850.0,1066.485,0.0
1160.0,-850.0,1070.883,0.0
1170.0,-850.0,1075.5757,0.0
1180.0,-850.0,1080.562,0.0
1190.0,-850.0,1085.8424,0.0
1200.0,-850.0,1091.416,0.0
1210.0,-850.0,1097.283,0.0
1220.0,-850.0,1103.4435,0.0
1230.0,-850.0,1109.8975,0.0
1240.0,-850.0,1116.6447,0.0
1250.0,-850.0,1123.6846,0.0
1260.0,-850.0,1131.0166,0.0
1270.0,-850.0,1138.6415,0.0
1280.0,-850.0,1146.5591,0.0
1290.0,-850.0,1154.7688,0.0
1300.0,-850.0,1163.2705,0.0
1310.0,-850.0,1172.0638,0.0
1320.0,-850.0,1181.1494,0.0
1330.0,-850.0,1190.5261,0.0
1340.0,-850.0,1200.1945,0.0
1350.0,-850.0,1210.1543,0.0
1360.0,-850.0,1220.4043,0.0
1370.0,-850.0,1230.946,0.0
1380.0,-850.0,1241.7775,0.0
1390.0,-850.0,1252.8989,0.0
1400.0,-850.0,1264.3108,0.0
1410.0,-850.0,1276.0137,0.0
1420.0,-850.0,1288.0072,0.0
1430.0,-850.0,1300.2917,0.0
1440.0,-850.0,1312.8662,0.0
1450.0,-850.0,1325.7305,0.0
1460.0,-850.0,1338.884,0.0
1470.0,-850.0,1352.327,0.0
1480.0,-850.0,1366.0587,0.0
1490.0,-850.0,1380.0796,0.0
1500.0,-850.0,1394.3896,0.0
1510.0,-850.0,1408.9886,0.0
1520.0,-850.0,1423.876,0.0
1530.0,-850.0,1439.052,0.0
1540.0,-850.0,1454.516,0.0
1550.0,-850.0,1470.2686,0.0
1560.0,-850.0,1486.309,0.0
1570.0,-850.0,1502.6372,0.0
1580.0,-850.0,1519.2529,0.0
1590.0,-850.0,1536.156,0.0
1600.0,-850.0,1553.3467,0.0
1610.0,-850.0,1570.8245,0.0
1620.0,-850.0,1588.5895,0.0
1630.0,-850.0,1606.6406,0.0
1640.0,-850.0,1624.9788,0.0
1650.0,-850.0,1643.6033,0.0
1660.0,-850.0,1662.5142,0.0
1670.0,-850.0,1681.7114,0.0
1680.0,-850.0,1701.194,0.0
1690.0,-850.0,1720.9629,0.0
1700.0,-850.0,1741.0173,0.0
1710.0,-850.0,1761.3569,0.0
1720.0,-850.0,1781.9825,0.0
1730.0,-850.0,1802.8925,0.0
1740.0,-850.0,1824.0878,0.0
1750.0,-850.0,1845.5674,0.0
1760.0,-850.0,1867.3323,0.0
1770.0,-850.0,1889.3816,0.0
1780.0,-850.0,1911.7151,0.0
1790.0,-850.0,1934.3323,0.0
1800.0,-850.0,1957.2334,0.0
-200.0,-840.0,39270.906,1.0
-190.0,-840.0,39270.906,1.0
-180.0,-840.0,39270.906,1.0
-170.0,-840.0,39270.906,1.0
-160.0,-840.0,39270.906,1.0
-150.0,-840.0,39270.906,1.0
-140.0,-840.0,39270.906,1.0
-130.0,-840.0,39270.906,1.0
-120.0,-840.0,39270.906,1.0
-110.0,-840.0,39270.906,1.0
-100.0,-840.0,39270.906,1.0
-90.0,-840.0,39270.906,1.0
-80.0,-840.0,39270.906,1.0
-70.0,-840.0,39270.906,1.0
-60.0,-840.0,39270.906,1.0
-50.0,-840.0,39270.906,1.0
-40.0,-840.0,39270.906,1.0
-30.0,-840.0,39270.906,1.0
-20.0,-840.0,39270.906,1.0
-10.0,-840.0,39270.906,1.0
0.0,-840.0,39270.906,1.0
10.0,-840.0,39270.906,1.0
20.0,-840.0,39270.906,1.0
30.0,-840.0,39270.906,1.0
40.0,-840.0,39270.906,1.0
50.0,-840.0,39270.906,1.0
60.0,-840.0,39270.906,1.0
70.0,-840.0,2364.336,0.0
80.0,-840.0,2335.5405,0.0
90.0,-840.0,2307.0654,0.0
100.0,-840.0,2278.9106,0.0
110.0,-840.0,2251.0737,0.0
120.0,-840.0,2223.5576,0.0
130.0,-840.0,2196.3594,0.0
140.0,-840.0,2169.48,0.0
150.0,-840.0,2142.9197,0.0
160.0,-840.0,2116.677,0.0
170.0,-840.0,2090.752,0.0
180.0,-840.0,2065.1443,0.0
190.0,-840.0,2039.8536,0.0
200.0,-840.0,2014.8804,0.0
210.0,-840.0,1990.2235,0.0
220.0,-840.0,1965.8838,0.0
230.0,-840.0,1941.8599,0.0
240.0,-840.0,1918.1522,0.0
250.0,-840.0,1894.759,0.0
260.0,-840.0,1871.6836,0.0
270.0,-840.0,1848.9225,0.0
280.0,-840.0,1826.4761,0.0
290.0,-840.0,1804.3446,0.0
300.0,-840.0,1782.5271,0.0
310.0,-840.0,1761.0245,0.0
320.0,-840.0,1739.8353,0.0
330.0,-840.0,1718.9606,0.0
340.0,-840.0,1698.3983,0.0
350.0,-840.0,1678.1503,0.0
360.0,-840.0,1658.2148,0.0
370.0,-840.0,1638.592,0.0
380.0,-840.0,1619.2825,0.0
390.0,-840.0,1600.2847,0.0
400.0,-840.0,1581.5992,0.0
410.0,-840.0,1563.2251,0.0
420.0,-840.0,1545.1633,0.0
430.0,-840.0,1527.4133,0.0
440.0,-840.0,1509.9731,0.0
450.0,-840.0,1492.8441,0.0
460.0,-840.0,1476.0266,0.0
470.0,-840.0,1459.5199,0.0
480.0,-840.0,1443.3235,0.0
490.0,-840.0,1427.4368,0.0
500.0,-840.0,1411.8604,0.0
510.0,-840.0,1396.593,0.0
520.0,-840.0,1381.6351,0.0
530.0,-840.0,1366.9868,0.0
540.0,-840.0,1352.6465,0.0
550.0,-840.0,1338.616,0.0
560.0,-840.0,1324.8943,0.0
570.0,-840.0,1311.4814,0.0
580.0,-840.0,1298.3765,0.0
590.0,-840.0,1285.5791,0.0
600.0,-840.0,1273.0901,0.0
610.0,-840.0,1260.908,0.0
620.0,-840.0,1249.0339,0.0
630.0,-840.0,1237.4666,0.0
640.0,-840.0,1226.2065,0.0
650.0,-840.0,1215.2533,0.0
660.0,-840.0,1204.6067,0.0
670.0,-840.0,1194.2662,0.0
680.0,-840.0,1184.232,0.0
690.0,-840.0,1174.5039,0.0
700.0,-840.0,1165.082,0.0
710.0,-840.0,1155.9653,0.0
720.0,-840.0,1147.1543,0.0
730.0,-840.0,1138.6487,0.0
740.0,-840.0,1130.448,0.0
750.0,-840.0,1122.5519,0.0
760.0,-840.0,1114.9612,0.0
770.0,-840.0,1107.6746,0.0
780.0,-840.0,1100.6929,0.0
790.0,-840.0,1094.0151,0.0
800.0,-840.0,1087.6409,0.0
810.0,-840.0,1081.5706,0.0
820.0,-840.0,1075.804,0.0
830.0,-840.0,1070.341,0.0
840.0,-840.0,1065.1809,0.0
850.0,-840.0,1060.3242,0.0
860.0,-840.0,1055.7701,0.0
870.0,-840.0,1051.5193,0.0
880.0,-840.0,1047.5713,0.0
890.0,-840.0,1043.9246,0.0
900.0,-840.0,1040.5808,0.0
910.0,-840.0,1037.5388,0.0
920.0,-840.0,1034.7991,0.0
930.0,-840.0,1032.3606,0.0
940.0,-840.0,1030.2241,0.0
950.0,-840.0,1028.3889,0.0
960.0,-840.0,1026.8545,0.0
970.0,-840.0,1025.6213,0.0
980.0,-840.0,1024.6891,0.0
990.0,-840.0,1024.0573,0.0
1000.0,-840.0,1023.7264,0.0
1010.0,-840.0,1023.6958,0.0
1020.0,-840.0,1023.9648,0.0
1030.0,-840.0,1024.534,0.0
1040.0,-840.0,1025.4032,0.0
1050.0,-840.0,1026.5723,0.0
1060.0,-840.0,1028.0403,0.0
1070.0,-840.0,1029.8081,0.0
1080.0,-840.0,1031.875,0.0
1090.0,-840.0,1034.2411,0.0
1100.0,-840.0,1036.9058,0.0
1110.0,-840.0,1039.8694,0.0
1120.0,-840.0,1043.1311,0.0
1130.0,-840.0,1046.6917,0.0
1140.0,-840.0,1050.5497,0.0
1150.0,-840.0,1054.7065,0.0
1160.0,-840.0,1059.1609,0.0
1170.0,-840.0,1063.913,0.0
1180.0,-840.0,1068.963,0.0
1190.0,-840.0,1074.31,0.0
1200.0,-840.0,1079.954,0.0
1210.0,-840.0,1085.8953,0.0
1220.0,-840.0,1092.1338,0.0
1230.0,-840.0,1098.669,0.0
1240.0,-840.0,1105.501,0.0
1250.0,-840.0,1112.6288,0.0
1260.0,-840.0,1120.053,0.0
1270.0,-840.0,1127.7737,0.0
1280.0,-840.0,1135.7896,0.0
1290.0,-840.0,1144.102,0.0
1300.0,-840.0,1152.7096,0.0
1310.0,-840.0,1161.613,0.0
1320.0,-840.0,1170.8114,0.0
1330.0,-840.0,1180.3053,0.0
1340.0,-840.0,1190.094,0.0
1350.0,-840.0,1200.1771,0.0
1360.0,-840.0,1210.5547,0.0
1370.0,-840.0,1221.2262,0.0
1380.0,-840.0,1232.1915,0.0
1390.0,-840.0,1243.451,0.0
1400.0,-840.0,1255.0045,0.0
1410.0,-840.0,1266.8525,0.0
1420.0,-840.0,1278.9946,0.0
1430.0,-840.0,1291.4312,0.0
1440.0,-840.0,1304.1609,0.0
1450.0,-840.0,1317.1837,0.0
1460.0,-840.0,1330.4996,0.0
1470.0,-840.0,1344.1084,0.0
1480.0,-840.0,1358.009,0.0
1490.0,-840.0,1372.2028,0.0
1500.0,-840.0,1386.6888,0.0
1510.0,-840.0,1401.4673,0.0
1520.0,-840.0,1416.5386,0.0
1530.0,-840.0,1431.9006,0.0
1540.0,-840.0,1447.5547,0.0
1550.0,-840.0,1463.5007,0.0
1560.0,-840.0,1479.7375,0.0
1570.0,-840.0,1496.2664,0.0
1580.0,-840.0,1513.0857,0.0
1590.0,-840.0,1530.1958,0.0
1600.0,-840.0,1547.5972,0.0
1610.0,-840.0,1565.2891,0.0
1620.0,-840.0,1583.2716,0.0
1630.0,-840.0,1601.5433,0.0
1640.0,-840.0,1620.1064,0.0
1650.0,-840.0,1638.958,0.0
1660.0,-840.0,1658.1003,0.0
1670.0,-840.0,1677.5319,0.0
1680.0,-840.0,1697.2529,0.0
1690.0,-840.0,1717.2627,0.0
1700.0,-840.0,1737.5618,0.0
1710.0,-840.0,1758.1499,0.0
1720.0,-840.0,1779.0264,0.0
1730.0,-840.0,1800.1917,0.0
1740.0,-840.0,1821.6448,0.0
1750.0,-840.0,1843.3867,0.0
1760.0,-840.0,1865.416,0.0
1770.0,-840.0,1887.7336,0.0
1780.0,-840.0,1910.3381,0.0
1790.0,-840.0,1933.2305,0.0
1800.0,-840.0,1956.4099,0.0
-200.0,-830.0,39270.906,1.0
-190.0,-830.0,39270.906,1.0
-180.0,-830.0,39270.906,1.0
-170.0,-830.0,39270.906,1.0
-160.0,-830.0,39270.906,1.0
-150.0,-830.0,39270.906,1.0
-140.0,-830.0,39270.906,1.0
-130.0,-830.0,39270.906,1.0
-120.0,-830.0,39270.906,1.0
-110.0,-830.0,39270.906,1.0
-100.0,-830.0,39270.906,1.0
-90.0,-830.0,39270.906,1.0
-80.0,-830.0,39270.906,1.0
-70.0,-830.0,39270.906,1.0
-60.0,-830.0,39270.906,1.0
-50.0,-830.0,39270.906,1.0
-40.0,-830.0,39270.906,1.0
-30.0,-830.0,39270.906,1.0
-20.0,-830.0,39270.906,1.0
-10.0,-830.0,39270.906,1.0
0.0,-830.0,39270.906,1.0
10.0,-830.0,39270.906,1.0
20.0,-830.0,39270.906,1.0
30.0,-830.0,39270.906,1.0
40.0,-830.0,39270.906,1.0
50.0,-830.0,39270.906,1.0
60.0,-830.0,2398.4595,0.0
70.0,-830.0,2368.972,0.0
80.0,-830.0,2339.809,0.0
90.0,-830.0,2310.9697,0.0
100.0,-830.0,2282.455,0.0
110.0,-830.0,2254.2637,0.0
120.0,-830.0,2226.3965,0.0
130.0,-830.0,2198.852,0.0
140.0,-830.0,2171.63,0.0
150.0,-830.0,2144.7312,0.0
160.0,-830.0,2118.1545,0.0
170.0,-830.0,2091.8997,0.0
180.0,-830.0,2065.9668,0.0
190.0,-830.0,2040.3551,0.0
200.0,-830.0,2015.0645,0.0
210.0,-830.0,1990.0952,0.0
220.0,-830.0,1965.4458,0.0
230.0,-830.0,1941.117,0.0
240.0,-830.0,1917.1088,0.0
250.0,-830.0,1893.4202,0.0
260.0,-830.0,1870.0515,0.0
270.0,-830.0,1847.0027,0.0
280.0,-830.0,1824.272,0.0
290.0,-830.0,1801.8612,0.0
300.0,-830.0,1779.7678,0.0
310.0,-830.0,1757.9937,0.0
320.0,-830.0,1736.5375,0.0
330.0,-830.0,1715.3986,0.0
340.0,-830.0,1694.5776,0.0
350.0,-830.0,1674.0743,0.0
360.0,-830.0,1653.8875,0.0
370.0,-830.0,1634.018,0.0
380.0,-830.0,1614.4648,0.0
390.0,-830.0,1595.2283,0.0
400.0,-830.0,1576.3074,0.0
410.0,-830.0,1557.7031,0.0
420.0,-830.0,1539.4148,0.0
430.0,-830.0,1521.4412,0.0
440.0,-830.0,1503.7832,0.0
450.0,-830.0,1486.439,0.0
460.0,-830.0,1469.4106,0.0
470.0,-830.0,1452.6973,0.0
480.0,-830.0,1436.2979,0.0
490.0,-830.0,1420.2128,0.0
500.0,-830.0,1404.441,0.0
510.0,-830.0,1388.9827,0.0
520.0,-830.0,1373.8392,0.0
530.0,-830.0,1359.0077,0.0
540.0,-830.0,1344.4888,0.0
550.0,-830.0,1330.2832,0.0
560.0,-830.0,1316.3906,0.0
570.0,-830.0,1302.8103,0.0
580.0,-830.0,1289.5422,0.0
590.0,-830.0,1276.5862,0.0
600.0,-830.0,1263.9415,0.0
610.0,-830.0,1251.6089,0.0
620.0,-830.0,1239.5873,0.0
630.0,-830.0,1227.8765,0.0
640.0,-830.0,1216.477,0.0
650.0,-830.0,1205.388,0.0
660.0,-830.0,1194.6094,0.0
670.0,-830.0,1184.1416,0.0
680.0,-830.0,1173.9835,0.0
690.0,-830.0,1164.1355,0.0
700.0,-830.0,1154.5974,0.0
710.0,-830.0,1145.3685,0.0
720.0,-830.0,1136.4489,0.0
730.0,-830.0,1127.8386,0.0
740.0,-830.0,1119.5375,0.0
750.0,-830.0,1111.5449,0.0
760.0,-830.0,1103.8608,0.0
770.0,-830.0,1096.4855,0.0
780.0,-830.0,1089.4182,0.0
790.0,-830.0,1082.659,0.0
800.0,-830.0,1076.2074,0.0
810.0,-830.0,1070.0632,0.0
820.0,-830.0,1064.2267,0.0
830.0,-830.0,1058.6971,0.0
840.0,-830.0,1053.4751,0.0
850.0,-830.0,1048.5603,0.0
860.0,-830.0,1043.9515,0.0
870.0,-830.0,1039.6499,0.0
880.0,-830.0,1035.654,0.0
890.0,-830.0,1031.9648,0.0
900.0,-830.0,1028.5813,0.0
910.0,-830.0,1025.5039,0.0
920.0,-830.0,1022.73175,0.0
930.0,-830.0,1020.2657,0.0
940.0,-830.0,1018.10425,0.0
950.0,-830.0,1016.24805,0.0
960.0,-830.0,1014.69727,0.0
970.0,-830.0,1013.4509,0.0
980.0,-830.0,1012.5093,0.0
990.0,-830.0,1011.87177,0.0
1000.0,-830.0,1011.539,0.0
1010.0,-830.0,1011.51025,0.0
1020.0,-830.0,1011.78503,0.0
1030.0,-830.0,1012.3639,0.0
1040.0,-830.0,1013.246,0.0
1050.0,-830.0,1014.43176,0.0
1060.0,-830.0,1015.92053,0.0
1070.0,-830.0,1017.71265,0.0
1080.0,-830.0,1019.8077,0.0
1090.0,-830.0,1022.20526,0.0
1100.0,-830.0,1024.905,0.0
1110.0,-830.0,1027.9076,0.0
1120.0,-830.0,1031.2128,0.0
1130.0,-830.0,1034.8193,0.0
1140.0,-830.0,1038.728,0.0
1150.0,-830.0,1042.9385,0.0
1160.0,-830.0,1047.4502,0.0
1170.0,-830.0,1052.2639,0.0
1180.0,-830.0,1057.3782,0.0
1190.0,-830.0,1062.794,0.0
1200.0,-830.0,1068.5103,0.0
1210.0,-830.0,1074.5277,0.0
1220.0,-830.0,1080.8455,0.0
1230.0,-830.0,1087.4641,0.0
1240.0,-830.0,1094.3826,0.0
1250.0,-830.0,1101.6012,0.0
1260.0,-830.0,1109.1194,0.0
1270.0,-830.0,1116.9379,0.0
1280.0,-830.0,1125.0559,0.0
1290.0,-830.0,1133.4733,0.0
1300.0,-830.0,1142.1892,0.0
1310.0,-830.0,1151.2051,0.0
1320.0,-830.0,1160.5197,0.0
1330.0,-830.0,1170.1328,0.0
1340.0,-830.0,1180.0444,0.0
1350.0,-830.0,1190.2544,0.0
1360.0,-830.0,1200.762,0.0
1370.0,-830.0,1211.5673,0.0
1380.0,-830.0,1222.6703,0.0
1390.0,-830.0,1234.0706,0.0
1400.0,-830.0,1245.7692,0.0
1410.0,-830.0,1257.7659,0.0
1420.0,-830.0,1270.0603,0.0
1430.0,-830.0,1282.6528,0.0
1440.0,-830.0,1295.5415,0.0
1450.0,-830.0,1308.7272,0.0
1460.0,-830.0,1322.209,0.0
1470.0,-830.0,1335.9872,0.0
1480.0,-830.0,1350.0612,0.0
1490.0,-830.0,1364.4321,0.0
1500.0,-830.0,1379.0991,0.0
1510.0,-830.0,1394.0613,0.0
1520.0,-830.0,1409.3196,0.0
1530.0,-830.0,1424.8734,0.0
1540.0,-830.0,1440.7224,0.0
1550.0,-830.0,1456.8661,0.0
1560.0,-830.0,1473.3049,0.0
1570.0,-830.0,1490.0388,0.0
1580.0,-830.0,1507.0668,0.0
1590.0,-830.0,1524.3896,0.0
1600.0,-830.0,1542.007,0.0
1610.0,-830.0,1559.9181,0.0
1620.0,-830.0,1578.123,0.0
1630.0,-830.0,1596.6213,0.0
1640.0,-830.0,1615.4136,0.0
1650.0,-830.0,1634.4993,0.0
1660.0,-830.0,1653.8782,0.0
1670.0,-830.0,1673.5498,0.0
1680.0,-830.0,1693.5145,0.0
1690.0,-830.0,1713.7715,0.0
1700.0,-830.0,1734.3213,0.0
1710.0,-830.0,1755.1638,0.0
1720.0,-830.0,1776.2976,0.0
1730.0,-830.0,1797.7239,0.0
1740.0,-830.0,1819.442,0.0
1750.0,-830.0,1841.4513,0.0
1760.0,-830.0,1863.7523,0.0
1770.0,-830.0,1886.3445,0.0
1780.0,-830.0,1909.2275,0.0
1790.0,-830.0,1932.4011,0.0
1800.0,-830.0,1955.8655,0.0
-200.0,-820.0,39270.906,1.0
-190.0,-820.0,39270.906,1.0
-180.0,-820.0,39270.906,1.0
-170.0,-820.0,39270.906,1.0
-160.0,-820.0,39270.906,1.0
-150.0,-820.0,39270.906,1.0
-140.0,-820.0,39270.906,1.0
-130.0,-820.0,39270.906,1.0
-120.0,-820.0,39270.906,1.0
-110.0,-820.0,39270.906,1.0
-100.0,-820.0,39270.906,1.0
-90.0,-820.0,39270.906,1.0
-80.0,-820.0,39270.906,1.0
-70.0,-820.0,39270.906,1.0
-60.0,-820.0,39270.906,1.0
-50.0,-820.0,39270.906,1.0
-40.0,-820.0,39270.906,1.0
-30.0,-820.0,39270.906,1.0
-20.0,-820.0,39270.906,1.0
-10.0,-820.0,39270.906,1.0
0.0,-820.0,39270.906,1.0
10.0,-820.0,39270.906,1.0
20.0,-820.0,39270.906,1.0
30.0,-820.0,39270.906,1.0
40.0,-820.0,39270.906,1.0
50.0,-820.0,2434.1113,0.0
60.0,-820.0,2403.9126,0.0
70.0,-820.0,2374.0427,0.0
80.0,-820.0,2344.5017,0.0
90.0,-820.0,2315.2896,0.0
100.0,-820.0,2286.4053,0.0
110.0,-820.0,2257.8499,0.0
120.0,-820.0,2229.622,0.0
130.0,-820.0,2201.722,0.0
140.0,-820.0,2174.1482,0.0
150.0,-820.0,2146.9026,0.0
160.0,-820.0,2119.983,0.0
170.0,-820.0,2093.3901,0.0
180.0,-820.0,2067.1235,0.0
190.0,-820.0,2041.1824,0.0
200.0,-820.0,2015.5662,0.0
210.0,-820.0,1990.2756,0.0
220.0,-820.0,1965.3098,0.0
230.0,-820.0,1940.6687,0.0
240.0,-820.0,1916.3518,0.0
250.0,-820.0,1892.3591,0.0
260.0,-820.0,1868.6907,0.0
270.0,-820.0,1845.3455,0.0
280.0,-820.0,1822.3245,0.0
290.0,-820.0,1799.6261,0.0
300.0,-820.0,1777.25,0.0
310.0,-820.0,1755.1975,0.0
320.0,-820.0,1733.4661,0.0
330.0,-820.0,1712.0576,0.0
340.0,-820.0,1690.9708,0.0
350.0,-820.0,1670.2056,0.0
360.0,-820.0,1649.7615,0.0
370.0,-820.0,1629.6381,0.0
380.0,-820.0,1609.8358,0.0
390.0,-820.0,1590.3542,0.0
400.0,-820.0,1571.1929,0.0
410.0,-820.0,1552.3516,0.0
420.0,-820.0,1533.83,0.0
430.0,-820.0,1515.6283,0.0
440.0,-820.0,1497.7455,0.0
450.0,-820.0,1480.1819,0.0
460.0,-820.0,1462.937,0.0
470.0,-820.0,1446.0112,0.0
480.0,-820.0,1429.4043,0.0
490.0,-820.0,1413.115,0.0
500.0,-820.0,1397.144,0.0
510.0,-820.0,1381.4902,0.0
520.0,-820.0,1366.1548,0.0
530.0,-820.0,1351.1362,0.0
540.0,-820.0,1336.4333,0.0
550.0,-820.0,1322.0483,0.0
560.0,-820.0,1307.9803,0.0
570.0,-820.0,1294.2294,0.0
580.0,-820.0,1280.794,0.0
590.0,-820.0,1267.6748,0.0
600.0,-820.0,1254.8711,0.0
610.0,-820.0,1242.3828,0.0
620.0,-820.0,1230.2101,0.0
630.0,-820.0,1218.3524,0.0
640.0,-820.0,1206.81,0.0
650.0,-820.0,1195.5822,0.0
660.0,-820.0,1184.6687,0.0
670.0,-820.0,1174.0691,0.0
680.0,-820.0,1163.7842,0.0
690.0,-820.0,1153.8135,0.0
700.0,-820.0,1144.1558,0.0
710.0,-820.0,1134.8116,0.0
720.0,-820.0,1125.7815,0.0
730.0,-820.0,1117.0638,0.0
740.0,-820.0,1108.6598,0.0
750.0,-820.0,1100.5676,0.0
760.0,-820.0,1092.7881,0.0
770.0,-820.0,1085.3215,0.0
780.0,-820.0,1078.1666,0.0
790.0,-820.0,1071.324,0.0
800.0,-820.0,1064.793,0.0
810.0,-820.0,1058.573,0.0
820.0,-820.0,1052.6649,0.0
830.0,-820.0,1047.0679,0.0
840.0,-820.0,1041.7817,0.0
850.0,-820.0,1036.8066,0.0
860.0,-820.0,1032.1421,0.0
870.0,-820.0,1027.7881,0.0
880.0,-820.0,1023.74414,0.0
890.0,-820.0,1020.01025,0.0
900.0,-820.0,1016.58636,0.0
910.0,-820.0,1013.47217,0.0
920.0,-820.0,1010.6678,0.0
930.0,-820.0,1008.17224,0.0
940.0,-820.0,1005.9862,0.0
950.0,-820.0,1004.1094,0.0
960.0,-820.0,1002.5406,0.0
970.0,-820.0,1001.28076,0.0
980.0,-820.0,1000.32947,0.0
990.0,-820.0,999.6865,0.0
1000.0,-820.0,999.3519,0.0
1010.0,-820.0,999.32465,0.0
1020.0,-820.0,999.60535,0.0
1030.0,-820.0,1000.1936,0.0
1040.0,-820.0,1001.0894,0.0
1050.0,-820.0,1002.29224,0.0
1060.0,-820.0,1003.80225,0.0
1070.0,-820.0,1005.6191,0.0
1080.0,-820.0,1007.7429,0.0
1090.0,-820.0,1010.1728,0.0
1100.0,-820.0,1012.9094,0.0
1110.0,-820.0,1015.95184,0.0
1120.0,-820.0,1019.3004,0.0
1130.0,-820.0,1022.9549,0.0
1140.0,-820.0,1026.915,0.0
1150.0,-820.0,1031.1809,0.0
1160.0,-820.0,1035.752,0.0
1170.0,-820.0,1040.6279,0.0
1180.0,-820.0,1045.809,0.0
1190.0,-820.0,1051.2947,0.0
1200.0,-820.0,1057.0852,0.0
1210.0,-820.0,1063.1804,0.0
1220.0,-820.0,1069.58,0.0
1230.0,-820.0,1076.2838,0.0
1240.0,-820.0,1083.2913,0.0
1250.0,-820.0,1090.6027,0.0
1260.0,-820.0,1098.2178,0.0
1270.0,-820.0,1106.1362,0.0
1280.0,-820.0,1114.3577,0.0
1290.0,-820.0,1122.8829,0.0
1300.0,-820.0,1131.7109,0.0
1310.0,-820.0,1140.8417,0.0
1320.0,-820.0,1150.275,0.0
1330.0,-820.0,1160.0107,0.0
1340.0,-820.0,1170.0483,0.0
1350.0,-820.0,1180.3882,0.0
1360.0,-820.0,1191.0294,0.0
1370.0,-820.0,1201.9722,0.0
1380.0,-820.0,1213.2155,0.0
1390.0,-820.0,1224.7614,0.0
1400.0,-820.0,1236.6086,0.0
1410.0,-820.0,1248.7576,0.0
1420.0,-820.0,1261.2078,0.0
1430.0,-820.0,1273.9595,0.0
1440.0,-820.0,1287.0117,0.0
1450.0,-820.0,1300.3635,0.0
1460.0,-820.0,1314.0156,0.0
1470.0,-820.0,1327.9678,0.0
1480.0,-820.0,1342.22,0.0
1490.0,-820.0,1356.7725,0.0
1500.0,-820.0,1371.6238,0.0
1510.0,-820.0,1386.7754,0.0
1520.0,-820.0,1402.2255,0.0
1530.0,-820.0,1417.9753,0.0
1540.0,-820.0,1434.0236,0.0
1550.0,-820.0,1450.3704,0.0
1560.0,-820.0,1467.0164,0.0
1570.0,-820.0,1483.9604,0.0
1580.0,-820.0,1501.2026,0.0
1590.0,-820.0,1518.7428,0.0
1600.0,-820.0,1536.581,0.0
1610.0,-820.0,1554.7166,0.0
1620.0,-820.0,1573.1499,0.0
1630.0,-820.0,1591.8805,0.0
1640.0,-820.0,1610.9084,0.0
1650.0,-820.0,1630.2329,0.0
1660.0,-820.0,1649.854,0.0
1670.0,-820.0,1669.7721,0.0
1680.0,-820.0,1689.9868,0.0
1690.0,-820.0,1710.4973,0.0
1700.0,-820.0,1731.3035,0.0
1710.0,-820.0,1752.4058,0.0
1720.0,-820.0,1773.8047,0.0
1730.0,-820.0,1795.4984,0.0
1740.0,-820.0,1817.4873,0.0
1750.0,-820.0,1839.7712,0.0
1760.0,-820.0,1862.3501,0.0
1770.0,-820.0,1885.2236,0.0
1780.0,-820.0,1908.3916,0.0
1790.0,-820.0,1931.8542,0.0
1800.0,-820.0,1955.6111,0.0
-200.0,-810.0,39270.906,1.0
-190.0,-810.0,39270.906,1.0
-180.0,-810.0,39270.906,1.0
-170.0,-810.0,39270.906,1.0
-160.0,-810.0,39270.906,1.0
-150.0,-810.0,39270.906,1.0
-140.0,-810.0,39270.906,1.0
-130.0,-810.0,39270.906,1.0
-120.0,-810.0,39270.906,1.0
-110.0,-810.0,39270.906,1.0
-100.0,-810.0,39270.906,1.0
-90.0,-810.0,39270.906,1.0
-80.0,-810.0,39270.906,1.0
-70.0,-810.0,39270.906,1.0
-60.0,-810.0,39270.906,1.0
-50.0,-810.0,39270.906,1.0
-40.0,-810.0,39270.906,1.0
-30.0,-810.0,39270.906,1.0
-20.0,-810.0,39270.906,1.0
-10.0,-810.0,39270.906,1.0
0.0,-810.0,39270.906,1.0
10.0,-810.0,39270.906,1.0
20.0,-810.0,39270.906,1.0
30.0,-810.0,39270.906,1.0
40.0,-810.0,2471.3525,0.0
50.0,-810.0,2440.4214,0.0
60.0,-810.0,2409.8257,0.0
70.0,-810.0,2379.564,0.0
80.0,-810.0,2349.6348,0.0
90.0,-810.0,2320.0398,0.0
100.0,-810.0,2290.7773,0.0
110.0,-810.0,2261.8477,0.0
120.0,-810.0,2233.2505,0.0
130.0,-810.0,2204.9844,0.0
140.0,-810.0,2177.0508,0.0
150.0,-810.0,2149.4482,0.0
160.0,-810.0,2122.177,0.0
170.0,-810.0,2095.2373,0.0
180.0,-810.0,2068.6272,0.0
190.0,-810.0,2042.348,0.0
200.0,-810.0,2016.3984,0.0
210.0,-810.0,1990.7781,0.0
220.0,-810.0,1965.4867,0.0
230.0,-810.0,1940.5255,0.0
240.0,-810.0,1915.8921,0.0
250.0,-810.0,1891.5875,0.0
260.0,-810.0,1867.6107,0.0
270.0,-810.0,1843.9629,0.0
280.0,-810.0,1820.6423,0.0
290.0,-810.0,1797.6494,0.0
300.0,-810.0,1774.9834,0.0
310.0,-810.0,1752.6448,0.0
320.0,-810.0,1730.6323,0.0
330.0,-810.0,1708.9465,0.0
340.0,-810.0,1687.5859,0.0
350.0,-810.0,1666.5522,0.0
360.0,-810.0,1645.8439,0.0
370.0,-810.0,1625.4609,0.0
380.0,-810.0,1605.403,0.0
390.0,-810.0,1585.6697,0.0
400.0,-810.0,1566.2611,0.0
410.0,-810.0,1547.1765,0.0
420.0,-810.0,1528.4163,0.0
430.0,-810.0,1509.9805,0.0
440.0,-810.0,1491.8674,0.0
450.0,-810.0,1474.0786,0.0
460.0,-810.0,1456.6113,0.0
470.0,-810.0,1439.4678,0.0
480.0,-810.0,1422.6475,0.0
490.0,-810.0,1406.1493,0.0
500.0,-810.0,1389.9731,0.0
510.0,-810.0,1374.1185,0.0
520.0,-810.0,1358.5864,0.0
530.0,-810.0,1343.3754,0.0
540.0,-810.0,1328.4851,0.0
550.0,-810.0,1313.916,0.0
560.0,-810.0,1299.668,0.0
570.0,-810.0,1285.7407,0.0
580.0,-810.0,1272.1338,0.0
590.0,-810.0,1258.8472,0.0
600.0,-810.0,1245.8806,0.0
610.0,-810.0,1233.2335,0.0
620.0,-810.0,1220.9058,0.0
630.0,-810.0,1208.8969,0.0
640.0,-810.0,1197.2075,0.0
650.0,-810.0,1185.8368,0.0
660.0,-810.0,1174.7852,0.0
670.0,-810.0,1164.0515,0.0
680.0,-810.0,1153.6361,0.0
690.0,-810.0,1143.5391,0.0
700.0,-810.0,1133.759,0.0
710.0,-810.0,1124.2974,0.0
720.0,-810.0,1115.153,0.0
730.0,-810.0,1106.3257,0.0
740.0,-810.0,1097.815,0.0
750.0,-810.0,1089.6213,0.0
760.0,-810.0,1081.7444,0.0
770.0,-810.0,1074.1835,0.0
780.0,-810.0,1066.9396,0.0
790.0,-810.0,1060.011,0.0
800.0,-810.0,1053.3982,0.0
810.0,-810.0,1047.1011,0.0
820.0,-810.0,1041.1193,0.0
830.0,-810.0,1035.4526,0.0
840.0,-810.0,1030.101,0.0
850.0,-810.0,1025.0645,0.0
860.0,-810.0,1020.34247,0.0
870.0,-810.0,1015.9347,0.0
880.0,-810.0,1011.8413,0.0
890.0,-810.0,1008.0623,0.0
900.0,-810.0,1004.5965,0.0
910.0,-810.0,1001.4448,0.0
920.0,-810.0,998.60645,0.0
930.0,-810.0,996.08167,0.0
940.0,-810.0,993.87,0.0
950.0,-810.0,991.9711,0.0
960.0,-810.0,990.38477,0.0
970.0,-810.0,989.1113,0.0
980.0,-810.0,988.15027,0.0
990.0,-810.0,987.50134,0.0
1000.0,-810.0,987.1644,0.0
1010.0,-810.0,987.13983,0.0
1020.0,-810.0,987.42615,0.0
1030.0,-810.0,988.0243,0.0
1040.0,-810.0,988.9339,0.0
1050.0,-810.0,990.1542,0.0
1060.0,-810.0,991.6859,0.0
1070.0,-810.0,993.52795,0.0
1080.0,-810.0,995.6813,0.0
1090.0,-810.0,998.14496,0.0
1100.0,-810.0,1000.9182,0.0
1110.0,-810.0,1004.00195,0.0
1120.0,-810.0,1007.3956,0.0
1130.0,-810.0,1011.0989,0.0
1140.0,-810.0,1015.1116,0.0
1150.0,-810.0,1019.4342,0.0
1160.0,-810.0,1024.0654,0.0
1170.0,-810.0,1029.0062,0.0
1180.0,-810.0,1034.2556,0.0
1190.0,-810.0,1039.8135,0.0
1200.0,-810.0,1045.6797,0.0
1210.0,-810.0,1051.8549,0.0
1220.0,-810.0,1058.3376,0.0
1230.0,-810.0,1065.1292,0.0
1240.0,-810.0,1072.228,0.0
1250.0,-810.0,1079.6344,0.0
1260.0,-810.0,1087.3485,0.0
1270.0,-810.0,1095.3699,0.0
1280.0,-810.0,1103.6981,0.0
1290.0,-810.0,1112.3335,0.0
1300.0,-810.0,1121.2758,0.0
1310.0,-810.0,1130.5243,0.0
1320.0,-810.0,1140.0793,0.0
1330.0,-810.0,1149.9412,0.0
1340.0,-810.0,1160.108,0.0
1350.0,-810.0,1170.5808,0.0
1360.0,-810.0,1181.3589,0.0
1370.0,-810.0,1192.4424,0.0
1380.0,-810.0,1203.8303,0.0
1390.0,-810.0,1215.5245,0.0
1400.0,-810.0,1227.5239,0.0
1410.0,-810.0,1239.8298,0.0
1420.0,-810.0,1252.4403,0.0
1430.0,-810.0,1265.3545,0.0
1440.0,-810.0,1278.5735,0.0
1450.0,-810.0,1292.0966,0.0
1460.0,-810.0,1305.9232,0.0
1470.0,-810.0,1320.0542,0.0
1480.0,-810.0,1334.4886,0.0
1490.0,-810.0,1349.2268,0.0
1500.0,-810.0,1364.2681,0.0
1510.0,-810.0,1379.6128,0.0
1520.0,-810.0,1395.2601,0.0
1530.0,-810.0,1411.2104,0.0
1540.0,-810.0,1427.4639,0.0
1550.0,-810.0,1444.0186,0.0
1560.0,-810.0,1460.8762,0.0
1570.0,-810.0,1478.036,0.0
1580.0,-810.0,1495.4977,0.0
1590.0,-810.0,1513.2606,0.0
1600.0,-810.0,1531.326,0.0
1610.0,-810.0,1549.692,0.0
1620.0,-810.0,1568.3591,0.0
1630.0,-810.0,1587.3276,0.0
1640.0,-810.0,1606.5968,0.0
1650.0,-810.0,1626.1665,0.0
1660.0,-810.0,1646.0364,0.0
1670.0,-810.0,1666.2069,0.0
1680.0,-810.0,1686.6772,0.0
1690.0,-810.0,1707.448,0.0
1700.0,-810.0,1728.5173,0.0
1710.0,-810.0,1749.8871,0.0
1720.0,-810.0,1771.5557,0.0
1730.0,-810.0,1793.5239,0.0
1740.0,-810.0,1815.7906,0.0
1750.0,-810.0,1838.3564,0.0
1760.0,-810.0,1861.2197,0.0
1770.0,-810.0,1884.3816,0.0
1780.0,-810.0,1907.842,0.0
1790.0,-810.0,1931.6008,0.0
1800.0,-810.0,1955.6571,0.0
-200.0,-800.0,39270.906,1.0
-190.0,-800.0,39270.906,1.0
-180.0,-800.0,39270.906,1.0
-170.0,-800.0,39270.906,1.0
-160.0,-800.0,39270.906,1.0
-150.0,-800.0,39270.906,1.0
-140.0,-800.0,39270.906,1.0
-130.0,-800.0,39270.906,1.0
-120.0,-800.0,39270.906,1.0
-110.0,-800.0,39270.906,1.0
-100.0,-800.0,39270.906,1.0
-90.0,-800.0,39270.906,1.0
-80.0,-800.0,39270.906,1.0
-70.0,-800.0,39270.906,1.0
-60.0,-800.0,39270.906,1.0
-50.0,-800.0,39270.906,1.0
-40.0,-800.0,39270.906,1.0
-30.0,-800.0,39270.906,1.0
-20.0,-800.0,39270.906,1.0
-10.0,-800.0,39270.906,1.0
0.0,-800.0,39270.906,1.0
10.0,-800.0,39270.906,1.0
20.0,-800.0,39270.906,1.0
30.0,-800.0,2510.2446,0.0
40.0,-800.0,2478.564,0.0
50.0,-800.0,2447.2207,0.0
60.0,-800.0,2416.2178,0.0
70.0,-800.0,2385.5535,0.0
80.0,-800.0,2355.227,0.0
90.0,-800.0,2325.2383,0.0
100.0,-800.0,2295.587,0.0
110.0,-800.0,2266.2737,0.0
120.0,-800.0,2237.2964,0.0
130.0,-800.0,2208.6558,0.0
140.0,-800.0,2180.3516,0.0
150.0,-800.0,2152.3838,0.0
160.0,-800.0,2124.7515,0.0
170.0,-800.0,2097.4548,0.0
180.0,-800.0,2070.4932,0.0
190.0,-800.0,2043.8661,0.0
200.0,-800.0,2017.573,0.0
210.0,-800.0,1991.6152,0.0
220.0,-800.0,1965.9902,0.0
230.0,-800.0,1940.6987,0.0
240.0,-800.0,1915.7411,0.0
250.0,-800.0,1891.1162,0.0
260.0,-800.0,1866.8242,0.0
270.0,-800.0,1842.8644,0.0
280.0,-800.0,1819.2373,0.0
290.0,-800.0,1795.9419,0.0
300.0,-800.0,1772.9783,0.0
310.0,-800.0,1750.346,0.0
320.0,-800.0,1728.0442,0.0
330.0,-800.0,1706.0732,0.0
340.0,-800.0,1684.4333,0.0
350.0,-800.0,1663.1235,0.0
360.0,-800.0,1642.1437,0.0
370.0,-800.0,1621.4935,0.0
380.0,-800.0,1601.1737,0.0
390.0,-800.0,1581.1821,0.0
400.0,-800.0,1561.5198,0.0
410.0,-800.0,1542.186,0.0
420.0,-800.0,1523.181,0.0
430.0,-800.0,1504.5034,0.0
440.0,-800.0,1486.1552,0.0
450.0,-800.0,1468.133,0.0
460.0,-800.0,1450.4392,0.0
470.0,-800.0,1433.0725,0.0
480.0,-800.0,1416.0323,0.0
490.0,-800.0,1399.3196,0.0
500.0,-800.0,1382.9332,0.0
510.0,-800.0,1366.873,0.0
520.0,-800.0,1351.1388,0.0
530.0,-800.0,1335.7305,0.0
540.0,-800.0,1320.6476,0.0
550.0,-800.0,1305.8896,0.0
560.0,-800.0,1291.4565,0.0
570.0,-800.0,1277.3494,0.0
580.0,-800.0,1263.5662,0.0
590.0,-800.0,1250.1077,0.0
600.0,-800.0,1236.9736,0.0
610.0,-800.0,1224.1633,0.0
620.0,-800.0,1211.6765,0.0
630.0,-800.0,1199.5131,0.0
640.0,-800.0,1187.6731,0.0
650.0,-800.0,1176.1558,0.0
660.0,-800.0,1164.962,0.0
670.0,-800.0,1154.0905,0.0
680.0,-800.0,1143.5411,0.0
690.0,-800.0,1133.3145,0.0
700.0,-800.0,1123.4094,0.0
710.0,-800.0,1113.8262,0.0
720.0,-800.0,1104.5647,0.0
730.0,-800.0,1095.6248,0.0
740.0,-800.0,1087.0055,0.0
750.0,-800.0,1078.7075,0.0
760.0,-800.0,1070.7301,0.0
770.0,-800.0,1063.0732,0.0
780.0,-800.0,1055.7368,0.0
790.0,-800.0,1048.7205,0.0
800.0,-800.0,1042.0243,0.0
810.0,-800.0,1035.6475,0.0
820.0,-800.0,1029.5903,0.0
830.0,-800.0,1023.8523,0.0
840.0,-800.0,1018.4336,0.0
850.0,-800.0,1013.3335,0.0
860.0,-800.0,1008.55255,0.0
870.0,-800.0,1004.0898,0.0
880.0,-800.0,999.9458,0.0
890.0,-800.0,996.1196,0.0
900.0,-800.0,992.612,0.0
910.0,-800.0,989.42145,0.0
920.0,-800.0,986.5486,0.0
930.0,-800.0,983.99365,0.0
940.0,-800.0,981.7551,0.0
950.0,-800.0,979.8342,0.0
960.0,-800.0,978.2299,0.0
970.0,-800.0,976.9425,0.0
980.0,-800.0,975.97076,0.0
990.0,-800.0,975.3157,0.0
1000.0,-800.0,974.97754,0.0
1010.0,-800.0,974.95447,0.0
1020.0,-800.0,975.2471,0.0
1030.0,-800.0,975.85547,0.0
1040.0,-800.0,976.77856,0.0
1050.0,-800.0,978.01746,0.0
1060.0,-800.0,979.5713,0.0
1070.0,-800.0,981.43976,0.0
1080.0,-800.0,983.6228,0.0
1090.0,-800.0,986.12054,0.0
1100.0,-800.0,988.9325,0.0
1110.0,-800.0,992.05804,0.0
1120.0,-800.0,995.49786,0.0
1130.0,-800.0,999.2512,0.0
1140.0,-800.0,1003.31805,0.0
1150.0,-800.0,1007.6987,0.0
1160.0,-800.0,1012.3922,0.0
1170.0,-800.0,1017.3992,0.0
1180.0,-800.0,1022.718,0.0
1190.0,-800.0,1028.3499,0.0
1200.0,-800.0,1034.2942,0.0
1210.0,-800.0,1040.551,0.0
1220.0,-800.0,1047.1201,0.0
1230.0,-800.0,1054.001,0.0
1240.0,-800.0,1061.1935,0.0
1250.0,-800.0,1068.6975,0.0
1260.0,-800.0,1076.5128,0.0
1270.0,-800.0,1084.6395,0.0
1280.0,-800.0,1093.0779,0.0
1290.0,-800.0,1101.8263,0.0
1300.0,-800.0,1110.8857,0.0
1310.0,-800.0,1120.2551,0.0
1320.0,-800.0,1129.9357,0.0
1330.0,-800.0,1139.9258,0.0
1340.0,-800.0,1150.2253,0.0
1350.0,-800.0,1160.8345,0.0
1360.0,-800.0,1171.7532,0.0
1370.0,-800.0,1182.9805,0.0
1380.0,-800.0,1194.5173,0.0
1390.0,-800.0,1206.3636,0.0
1400.0,-800.0,1218.52,0.0
1410.0,-800.0,1230.9854,0.0
1420.0,-800.0,1243.7599,0.0
1430.0,-800.0,1256.8419,0.0
1440.0,-800.0,1270.2322,0.0
1450.0,-800.0,1283.9299,0.0
1460.0,-800.0,1297.9359,0.0
1470.0,-800.0,1312.2502,0.0
1480.0,-800.0,1326.872,0.0
1490.0,-800.0,1341.8003,0.0
1500.0,-800.0,1357.0364,0.0
1510.0,-800.0,1372.5789,0.0
1520.0,-800.0,1388.4285,0.0
1530.0,-800.0,1404.5852,0.0
1540.0,-800.0,1421.0479,0.0
1550.0,-800.0,1437.8167,0.0
1560.0,-800.0,1454.8911,0.0
1570.0,-800.0,1472.2722,0.0
1580.0,-800.0,1489.9587,0.0
1590.0,-800.0,1507.9506,0.0
1600.0,-800.0,1526.2483,0.0
1610.0,-800.0,1544.8507,0.0
1620.0,-800.0,1563.758,0.0
1630.0,-800.0,1582.9697,0.0
1640.0,-800.0,1602.4865,0.0
1650.0,-800.0,1622.3076,0.0
1660.0,-800.0,1642.4329,0.0
1670.0,-800.0,1662.8618,0.0
1680.0,-800.0,1683.5951,0.0
1690.0,-800.0,1704.6316,0.0
1700.0,-800.0,1725.9711,0.0
1710.0,-800.0,1747.615,0.0
1720.0,-800.0,1769.5613,0.0
1730.0,-800.0,1791.8103,0.0
1740.0,-800.0,1814.3618,0.0
1750.0,-800.0,1837.2156,0.0
1760.0,-800.0,1860.3713,0.0
1770.0,-800.0,1883.8298,0.0
1780.0,-800.0,1907.5897,0.0
1790.0,-800.0,1931.6521,0.0
1800.0,-800.0,1956.0156,0.0
-200.0,-790.0,39270.906,1.0
-190.0,-790.0,39270.906,1.0
-180.0,-790.0,39270.906,1.0
-170.0,-790.0,39270.906,1.0
-160.0,-790.0,39270.906,1.0
-150.0,-790.0,39270.906,1.0
-140.0,-790.0,39270.906,1.0
-130.0,-790.0,39270.906,1.0
-120.0,-790.0,39270.906,1.0
-110.0,-790.0,39270.906,1.0
-100.0,-790.0,39270.906,1.0
-90.0,-790.0,39270.906,1.0
-80.0,-790.0,39270.906,1.0
-70.0,-790.0,39270.906,1.0
-60.0,-790.0,39270.906,1.0
-50.0,-790.0,39270.906,1.0
-40.0,-790.0,39270.906,1.0
-30.0,-790.0,39270.906,1.0
-20.0,-790.0,39270.906,1.0
-10.0,-790.0,39270.906,1.0
0.0,-790.0,39270.906,1.0
10.0,-790.0,39270.906,1.0
20.0,-790.0,2550.8599,0.0
30.0,-790.0,2518.406,0.0
40.0,-790.0,2486.297,0.0
50.0,-790.0,2454.5312,0.0
60.0,-790.0,2423.1094,0.0
70.0,-790.0,2392.031,0.0
80.0,-790.0,2361.2957,0.0
90.0,-790.0,2330.9028,0.0
100.0,-790.0,2300.8525,0.0
110.0,-790.0,2271.1443,0.0
120.0,-790.0,2241.7778,0.0
130.0,-790.0,2212.7524,0.0
140.0,-790.0,2184.0674,0.0
150.0,-790.0,2155.7236,0.0
160.0,-790.0,2127.7207,0.0
170.0,-790.0,2100.0574,0.0
180.0,-790.0,2072.7344,0.0
190.0,-790.0,2045.7506,0.0
200.0,-790.0,2019.1057,0.0
210.0,-790.0,1992.8,0.0
220.0,-790.0,1966.8325,0.0
230.0,-790.0,1941.203,0.0
240.0,-790.0,1915.9114,0.0
250.0,-790.0,1890.9573,0.0
260.0,-790.0,1866.3411,0.0
270.0,-790.0,1842.0619,0.0
280.0,-790.0,1818.1189,0.0
290.0,-790.0,1794.5134,0.0
300.0,-790.0,1771.2432,0.0
310.0,-790.0,1748.3096,0.0
320.0,-790.0,1725.7113,0.0
330.0,-790.0,1703.4485,0.0
340.0,-790.0,1681.521,0.0
350.0,-790.0,1659.9279,0.0
360.0,-790.0,1638.6697,0.0
370.0,-790.0,1617.7454,0.0
380.0,-790.0,1597.1554,0.0
390.0,-790.0,1576.899,0.0
400.0,-790.0,1556.9761,0.0
410.0,-790.0,1537.3864,0.0
420.0,-790.0,1518.1296,0.0
430.0,-790.0,1499.2051,0.0
440.0,-790.0,1480.6138,0.0
450.0,-790.0,1462.354,0.0
460.0,-790.0,1444.4265,0.0
470.0,-790.0,1426.8308,0.0
480.0,-790.0,1409.5658,0.0
490.0,-790.0,1392.6323,0.0
500.0,-790.0,1376.0299,0.0
510.0,-790.0,1359.7576,0.0
520.0,-790.0,1343.8174,0.0
530.0,-790.0,1328.2059,0.0
540.0,-790.0,1312.9248,0.0
550.0,-790.0,1297.9733,0.0
560.0,-790.0,1283.3511,0.0
570.0,-790.0,1269.0585,0.0
580.0,-790.0,1255.0941,0.0
590.0,-790.0,1241.4595,0.0
600.0,-790.0,1228.1532,0.0
610.0,-790.0,1215.1754,0.0
620.0,-790.0,1202.5253,0.0
630.0,-790.0,1190.2029,0.0
640.0,-790.0,1178.2083,0.0
650.0,-790.0,1166.5413,0.0
660.0,-790.0,1155.2013,0.0
670.0,-790.0,1144.1882,0.0
680.0,-790.0,1133.5016,0.0
690.0,-790.0,1123.1416,0.0
700.0,-790.0,1113.1084,0.0
710.0,-790.0,1103.4004,0.0
720.0,-790.0,1094.0193,0.0
730.0,-790.0,1084.9629,0.0
740.0,-790.0,1076.2327,0.0
750.0,-790.0,1067.8271,0.0
760.0,-790.0,1059.7468,0.0
770.0,-790.0,1051.9913,0.0
780.0,-790.0,1044.5608,0.0
790.0,-790.0,1037.4541,0.0
800.0,-790.0,1030.6719,0.0
810.0,-790.0,1024.2131,0.0
820.0,-790.0,1018.0785,0.0
830.0,-790.0,1012.26733,0.0
840.0,-790.0,1006.7794,0.0
850.0,-790.0,1001.61487,0.0
860.0,-790.0,996.7734,0.0
870.0,-790.0,992.2544,0.0
880.0,-790.0,988.0581,0.0
890.0,-790.0,984.18396,0.0
900.0,-790.0,980.63226,0.0
910.0,-790.0,977.40247,0.0
920.0,-790.0,974.49445,0.0
930.0,-790.0,971.90784,0.0
940.0,-790.0,969.643,0.0
950.0,-790.0,967.6988,0.0
960.0,-790.0,966.0757,0.0
970.0,-790.0,964.7737,0.0
980.0,-790.0,963.79175,0.0
990.0,-790.0,963.1311,0.0
1000.0,-790.0,962.79,0.0
1010.0,-790.0,962.7693,0.0
1020.0,-790.0,963.0679,0.0
1030.0,-790.0,963.68665,0.0
1040.0,-790.0,964.6246,0.0
1050.0,-790.0,965.8821,0.0
1060.0,-790.0,967.4584,0.0
1070.0,-790.0,969.3539,0.0
1080.0,-790.0,971.568,0.0
1090.0,-790.0,974.1007,0.0
1100.0,-790.0,976.9514,0.0
1110.0,-790.0,980.1205,0.0
1120.0,-790.0,983.6078,0.0
1130.0,-790.0,987.4125,0.0
1140.0,-790.0,991.53503,0.0
1150.0,-790.0,995.9749,0.0
1160.0,-790.0,1000.7323,0.0
1170.0,-790.0,1005.80615,0.0
1180.0,-790.0,1011.19727,0.0
1190.0,-790.0,1016.90515,0.0
1200.0,-790.0,1022.9291,0.0
1210.0,-790.0,1029.2703,0.0
1220.0,-790.0,1035.9272,0.0
1230.0,-790.0,1042.9004,0.0
1240.0,-790.0,1050.189,0.0
1250.0,-790.0,1057.7931,0.0
1260.0,-790.0,1065.7124,0.0
1270.0,-790.0,1073.9475,0.0
1280.0,-790.0,1082.4977,0.0
1290.0,-790.0,1091.3623,0.0
1300.0,-790.0,1100.542,0.0
1310.0,-790.0,1110.036,0.0
1320.0,-790.0,1119.8442,0.0
1330.0,-790.0,1129.9666,0.0
1340.0,-790.0,1140.4027,0.0
1350.0,-790.0,1151.1516,0.0
1360.0,-790.0,1162.2141,0.0
1370.0,-790.0,1173.5898,0.0
1380.0,-790.0,1185.279,0.0
1390.0,-790.0,1197.2817,0.0
1400.0,-790.0,1209.5986,0.0
1410.0,-790.0,1222.2281,0.0
1420.0,-790.0,1235.1703,0.0
1430.0,-790.0,1248.4244,0.0
1440.0,-790.0,1261.9902,0.0
1450.0,-790.0,1275.8687,0.0
1460.0,-790.0,1290.0582,0.0
1470.0,-790.0,1304.5602,0.0
1480.0,-790.0,1319.3733,0.0
1490.0,-790.0,1334.4976,0.0
1500.0,-790.0,1349.9329,0.0
1510.0,-790.0,1365.679,0.0
1520.0,-790.0,1381.7363,0.0
1530.0,-790.0,1398.1035,0.0
1540.0,-790.0,1414.7811,0.0
1550.0,-790.0,1431.7697,0.0
1560.0,-790.0,1449.0671,0.0
1570.0,-790.0,1466.675,0.0
1580.0,-790.0,1484.5923,0.0
1590.0,-790.0,1502.8188,0.0
1600.0,-790.0,1521.3547,0.0
1610.0,-790.0,1540.1992,0.0
1620.0,-790.0,1559.353,0.0
1630.0,-790.0,1578.8151,0.0
1640.0,-790.0,1598.5854,0.0
1650.0,-790.0,1618.6643,0.0
1660.0,-790.0,1639.0511,0.0
1670.0,-790.0,1659.7461,0.0
1680.0,-790.0,1680.7485,0.0
1690.0,-790.0,1702.0581,0.0
1700.0,-790.0,1723.6748,0.0
1710.0,-790.0,1745.5994,0.0
1720.0,-790.0,1767.8302,0.0
1730.0,-790.0,1790.3672,0.0
1740.0,-790.0,1813.2108,0.0
1750.0,-790.0,1836.3605,0.0
1760.0,-790.0,1859.8167,0.0
1770.0,-790.0,1883.5781,0.0
1780.0,-790.0,1907.6459,0.0
1790.0,-790.0,1932.0198,0.0
1800.0,-790.0,1956.699,0.0
-200.0,-780.0,39270.906,1.0
-190.0,-780.0,39270.906,1.0
-180.0,-780.0,39270.906,1.0
-170.0,-780.0,39270.906,1.0
-160.0,-780.0,39270.906,1.0
-150.0,-780.0,39270.906,1.0
-140.0,-780.0,39270.906,1.0
-130.0,-780.0,39270.906,1.0
-120.0,-780.0,39270.906,1.0
-110.0,-780.0,39270.906,1.0
-100.0,-780.0,39270.906,1.0
-90.0,-780.0,39270.906,1.0
-80.0,-780.0,39270.906,1.0
-70.0,-780.0,39270.906,1.0
-60.0,-780.0,39270.906,1.0
-50.0,-780.0,39270.906,1.0
-40.0,-780.0,39270.906,1.0
-30.0,-780.0,39270.906,1.0
-20.0,-780.0,39270.906,1.0
-10.0,-780.0,39270.906,1.0
0.0,-780.0,39270.906,1.0
10.0,-780.0,39270.906,1.0
20.0,-780.0,2560.0195,0.0
30.0,-780.0,2527.121,0.0
40.0,-780.0,2494.5718,0.0
50.0,-780.0,2462.3716,0.0
60.0,-780.0,2430.5205,0.0
70.0,-780.0,2399.0166,0.0
80.0,-780.0,2367.8608,0.0
90.0,-780.0,2337.053,0.0
100.0,-780.0,2306.5928,0.0
110.0,-780.0,2276.4788,0.0
120.0,-780.0,2246.7114,0.0
130.0,-780.0,2217.291,0.0
140.0,-780.0,2188.215,0.0
150.0,-780.0,2159.4856,0.0
160.0,-780.0,2131.1008,0.0
170.0,-780.0,2103.062,0.0
180.0,-780.0,2075.3662,0.0
190.0,-780.0,2048.016,0.0
200.0,-780.0,2021.0095,0.0
210.0,-780.0,1994.3472,0.0
220.0,-780.0,1968.0276,0.0
230.0,-780.0,1942.0505,0.0
240.0,-780.0,1916.4163,0.0
250.0,-780.0,1891.1241,0.0
260.0,-780.0,1866.1748,0.0
270.0,-780.0,1841.567,0.0
280.0,-780.0,1817.3008,0.0
290.0,-780.0,1793.3757,0.0
300.0,-780.0,1769.7917,0.0
310.0,-780.0,1746.5485,0.0
320.0,-780.0,1723.6449,0.0
330.0,-780.0,1701.0819,0.0
340.0,-780.0,1678.8583,0.0
350.0,-780.0,1656.9745,0.0
360.0,-780.0,1635.4304,0.0
370.0,-780.0,1614.2242,0.0
380.0,-780.0,1593.3579,0.0
390.0,-780.0,1572.829,0.0
400.0,-780.0,1552.6382,0.0
410.0,-780.0,1532.7855,0.0
420.0,-780.0,1513.2705,0.0
430.0,-780.0,1494.092,0.0
440.0,-780.0,1475.2517,0.0
450.0,-780.0,1456.7476,0.0
460.0,-780.0,1438.5796,0.0
470.0,-780.0,1420.7482,0.0
480.0,-780.0,1403.2529,0.0
490.0,-780.0,1386.0928,0.0
500.0,-780.0,1369.2689,0.0
510.0,-780.0,1352.78,0.0
520.0,-780.0,1336.626,0.0
530.0,-780.0,1320.8066,0.0
540.0,-780.0,1305.3221,0.0
550.0,-780.0,1290.1719,0.0
560.0,-780.0,1275.3549,0.0
570.0,-780.0,1260.8718,0.0
580.0,-780.0,1246.7219,0.0
590.0,-780.0,1232.906,0.0
600.0,-780.0,1219.4231,0.0
610.0,-780.0,1206.2732,0.0
620.0,-780.0,1193.4556,0.0
630.0,-780.0,1180.9702,0.0
640.0,-780.0,1168.8167,0.0
650.0,-780.0,1156.9952,0.0
660.0,-780.0,1145.5054,0.0
670.0,-780.0,1134.3472,0.0
680.0,-780.0,1123.5195,0.0
690.0,-780.0,1113.0232,0.0
700.0,-780.0,1102.8574,0.0
710.0,-780.0,1093.0222,0.0
720.0,-780.0,1083.5173,0.0
730.0,-780.0,1074.342,0.0
740.0,-780.0,1065.4973,0.0
750.0,-780.0,1056.9819,0.0
760.0,-780.0,1048.7959,0.0
770.0,-780.0,1040.939,0.0
780.0,-780.0,1033.4113,0.0
790.0,-780.0,1026.212,0.0
800.0,-780.0,1019.34174,0.0
810.0,-780.0,1012.7991,0.0
820.0,-780.0,1006.58484,0.0
830.0,-780.0,1000.6981,0.0
840.0,-780.0,995.13965,0.0
850.0,-780.0,989.9088,0.0
860.0,-780.0,985.0049,0.0
870.0,-780.0,980.428,0.0
880.0,-780.0,976.1779,0.0
890.0,-780.0,972.2553,0.0
900.0,-780.0,968.65796,0.0
910.0,-780.0,965.3879,0.0
920.0,-780.0,962.44354,0.0
930.0,-780.0,959.8249,0.0
940.0,-780.0,957.532,0.0
950.0,-780.0,955.56445,0.0
960.0,-780.0,953.9225,0.0
970.0,-780.0,952.60535,0.0
980.0,-780.0,951.613,0.0
990.0,-780.0,950.94586,0.0
1000.0,-780.0,950.603,0.0
1010.0,-780.0,950.58417,0.0
1020.0,-780.0,950.88934,0.0
1030.0,-780.0,951.51843,0.0
1040.0,-780.0,952.4715,0.0
1050.0,-780.0,953.748,0.0
1060.0,-780.0,955.3476,0.0
1070.0,-780.0,957.27026,0.0
1080.0,-780.0,959.5167,0.0
1090.0,-780.0,962.08496,0.0
1100.0,-780.0,964.97644,0.0
1110.0,-780.0,968.18994,0.0
1120.0,-780.0,971.7252,0.0
1130.0,-780.0,975.5829,0.0
1140.0,-780.0,979.76245,0.0
1150.0,-780.0,984.2637,0.0
1160.0,-780.0,989.08594,0.0
1170.0,-780.0,994.22974,0.0
1180.0,-780.0,999.6947,0.0
1190.0,-780.0,1005.48,0.0
1200.0,-780.0,1011.5865,0.0
1210.0,-780.0,1018.0135,0.0
1220.0,-780.0,1024.761,0.0
1230.0,-780.0,1031.8282,0.0
1240.0,-780.0,1039.2157,0.0
1250.0,-780.0,1046.9224,0.0
1260.0,-780.0,1054.9493,0.0
1270.0,-780.0,1063.2953,0.0
1280.0,-780.0,1071.9602,0.0
1290.0,-780.0,1080.9446,0.0
1300.0,-780.0,1090.2471,0.0
1310.0,-780.0,1099.8688,0.0
1320.0,-780.0,1109.8088,0.0
1330.0,-780.0,1120.0664,0.0
1340.0,-780.0,1130.642,0.0
1350.0,-780.0,1141.5353,0.0
1360.0,-780.0,1152.7454,0.0
1370.0,-780.0,1164.273,0.0
1380.0,-780.0,1176.1187,0.0
1390.0,-780.0,1188.2823,0.0
1400.0,-780.0,1200.7634,0.0
1410.0,-780.0,1213.5615,0.0
1420.0,-780.0,1226.6758,0.0
1430.0,-780.0,1240.1063,0.0
1440.0,-780.0,1253.8529,0.0
1450.0,-780.0,1267.9153,0.0
1460.0,-780.0,1282.2941,0.0
1470.0,-780.0,1296.9883,0.0
1480.0,-780.0,1311.9985,0.0
1490.0,-780.0,1327.3232,0.0
1500.0,-780.0,1342.9634,0.0
1510.0,-780.0,1358.9185,0.0
1520.0,-780.0,1375.1881,0.0
1530.0,-780.0,1391.773,0.0
1540.0,-780.0,1408.671,0.0
1550.0,-780.0,1425.884,0.0
1560.0,-780.0,1443.4106,0.0
1570.0,-780.0,1461.2512,0.0
1580.0,-780.0,1479.405,0.0
1590.0,-780.0,1497.8718,0.0
1600.0,-780.0,1516.6531,0.0
1610.0,-780.0,1535.7462,0.0
1620.0,-780.0,1555.1525,0.0
1630.0,-780.0,1574.871,0.0
1640.0,-780.0,1594.9023,0.0
1650.0,-780.0,1615.2461,0.0
1660.0,-780.0,1635.9011,0.0
1670.0,-780.0,1656.8677,0.0
1680.0,-780.0,1678.1467,0.0
1690.0,-780.0,1699.7363,0.0
1700.0,-780.0,1721.6376,0.0
1710.0,-780.0,1743.8499,0.0
1720.0,-780.0,1766.3726,0.0
1730.0,-780.0,1789.2053,0.0
1740.0,-780.0,1812.3491,0.0
1750.0,-780.0,1835.8025,0.0
1760.0,-780.0,1859.5659,0.0
1770.0,-780.0,1883.6394,0.0
1780.0,-780.0,1908.0232,0.0
1790.0,-780.0,1932.7163,0.0
1800.0,-780.0,1957.7181,0.0
-200.0,-770.0,39270.906,1.0
-190.0,-770.0,39270.906,1.0
-180.0,-770.0,39270.906,1.0
-170.0,-770.0,39270.906,1.0
-160.0,-770.0,39270.906,1.0
-150.0,-770.0,39270.906,1.0
-140.0,-770.0,39270.906,1.0
-130.0,-770.0,39270.906,1.0
-120.0,-770.0,39270.906,1.0
-110.0,-770.0,39270.906,1.0
-100.0,-770.0,39270.906,1.0
-90.0,-770.0,39270.906,1.0
-80.0,-770.0,39270.906,1.0
-70.0,-770.0,39270.906,1.0
-60.0,-770.0,39270.906,1.0
-50.0,-770.0,39270.906,1.0
-40.0,-770.0,39270.906,1.0
-30.0,-770.0,39270.906,1.0
-20.0,-770.0,39270.906,1.0
-10.0,-770.0,39270.906,1.0
0.0,-770.0,39270.906,1.0
10.0,-770.0,2603.4805,0.0
20.0,-770.0,2569.77,0.0
30.0,-770.0,2536.4138,0.0
40.0,-770.0,2503.4128,0.0
50.0,-770.0,2470.7646,0.0
60.0,-770.0,2438.471,0.0
70.0,-770.0,2406.5303,0.0
80.0,-770.0,2374.9434,0.0
90.0,-770.0,2343.709,0.0
100.0,-770.0,2312.8264,0.0
110.0,-770.0,2282.2954,0.0
120.0,-770.0,2252.1172,0.0
130.0,-770.0,2222.289,0.0
140.0,-770.0,2192.8115,0.0
150.0,-770.0,2163.685,0.0
160.0,-770.0,2134.9087,0.0
170.0,-770.0,2106.4827,0.0
180.0,-770.0,2078.4067,0.0
190.0,-770.0,2050.6787,0.0
200.0,-770.0,2023.3003,0.0
210.0,-770.0,1996.271,0.0
220.0,-770.0,1969.5892,0.0
230.0,-770.0,1943.2556,0.0
240.0,-770.0,1917.2698,0.0
250.0,-770.0,1891.6298,0.0
260.0,-770.0,1866.3379,0.0
270.0,-770.0,1841.3927,0.0
280.0,-770.0,1816.7932,0.0
290.0,-770.0,1792.5408,0.0
300.0,-770.0,1768.6337,0.0
310.0,-770.0,1745.072,0.0
320.0,-770.0,1721.8555,0.0
330.0,-770.0,1698.9839,0.0
340.0,-770.0,1676.4567,0.0
350.0,-770.0,1654.274,0.0
360.0,-770.0,1632.4358,0.0
370.0,-770.0,1610.9407,0.0
380.0,-770.0,1589.789,0.0
390.0,-770.0,1568.9807,0.0
400.0,-770.0,1548.5154,0.0
410.0,-770.0,1528.3921,0.0
420.0,-770.0,1508.6115,0.0
430.0,-770.0,1489.1727,0.0
440.0,-770.0,1470.0759,0.0
450.0,-770.0,1451.3208,0.0
460.0,-770.0,1432.9062,0.0
470.0,-770.0,1414.8331,0.0
480.0,-770.0,1397.1001,0.0
490.0,-770.0,1379.7076,0.0
500.0,-770.0,1362.6556,0.0
510.0,-770.0,1345.9431,0.0
520.0,-770.0,1329.5712,0.0
530.0,-770.0,1313.5385,0.0
540.0,-770.0,1297.8442,0.0
550.0,-770.0,1282.489,0.0
560.0,-770.0,1267.4722,0.0
570.0,-770.0,1252.7941,0.0
580.0,-770.0,1238.4539,0.0
590.0,-770.0,1224.4513,0.0
600.0,-770.0,1210.7874,0.0
610.0,-770.0,1197.4602,0.0
620.0,-770.0,1184.4707,0.0
630.0,-770.0,1171.8179,0.0
640.0,-770.0,1159.5007,0.0
650.0,-770.0,1147.521,0.0
660.0,-770.0,1135.8772,0.0
670.0,-770.0,1124.5696,0.0
680.0,-770.0,1113.5972,0.0
690.0,-770.0,1102.9604,0.0
700.0,-770.0,1092.6592,0.0
710.0,-770.0,1082.6927,0.0
720.0,-770.0,1073.0613,0.0
730.0,-770.0,1063.7642,0.0
740.0,-770.0,1054.8013,0.0
750.0,-770.0,1046.1729,0.0
760.0,-770.0,1037.8782,0.0
770.0,-770.0,1029.917,0.0
780.0,-770.0,1022.2897,0.0
790.0,-770.0,1014.9955,0.0
800.0,-770.0,1008.0343,0.0
810.0,-770.0,1001.4061,0.0
820.0,-770.0,995.10974,0.0
830.0,-770.0,989.1461,0.0
840.0,-770.0,983.515,0.0
850.0,-770.0,978.21545,0.0
860.0,-770.0,973.2478,0.0
870.0,-770.0,968.6118,0.0
880.0,-770.0,964.307,0.0
890.0,-770.0,960.333,0.0
900.0,-770.0,956.69025,0.0
910.0,-770.0,953.3779,0.0
920.0,-770.0,950.39636,0.0
930.0,-770.0,947.7449,0.0
940.0,-770.0,945.4236,0.0
950.0,-770.0,943.432,0.0
960.0,-770.0,941.77014,0.0
970.0,-770.0,940.4376,0.0
980.0,-770.0,939.43494,0.0
990.0,-770.0,938.761,0.0
1000.0,-770.0,938.41547,0.0
1010.0,-770.0,938.3991,0.0
1020.0,-770.0,938.7112,0.0
1030.0,-770.0,939.3508,0.0
1040.0,-770.0,940.319,0.0
1050.0,-770.0,941.61523,0.0
1060.0,-770.0,943.2388,0.0
1070.0,-770.0,945.1901,0.0
1080.0,-770.0,947.4685,0.0
1090.0,-770.0,950.0741,0.0
1100.0,-770.0,953.0065,0.0
1110.0,-770.0,956.2656,0.0
1120.0,-770.0,959.85144,0.0
1130.0,-770.0,963.76324,0.0
1140.0,-770.0,968.001,0.0
1150.0,-770.0,972.56506,0.0
1160.0,-770.0,977.4549,0.0
1170.0,-770.0,982.6698,0.0
1180.0,-770.0,988.20996,0.0
1190.0,-770.0,994.07556,0.0
1200.0,-770.0,1000.2663,0.0
1210.0,-770.0,1006.78186,0.0
1220.0,-770.0,1013.62195,0.0
1230.0,-770.0,1020.7866,0.0
1240.0,-770.0,1028.2747,0.0
1250.0,-770.0,1036.0874,0.0
1260.0,-770.0,1044.2236,0.0
1270.0,-770.0,1052.6837,0.0
1280.0,-770.0,1061.4669,0.0
1290.0,-770.0,1070.5735,0.0
1300.0,-770.0,1080.0028,0.0
1310.0,-770.0,1089.756,0.0
1320.0,-770.0,1099.8302,0.0
1330.0,-770.0,1110.2274,0.0
1340.0,-770.0,1120.946,0.0
1350.0,-770.0,1131.9868,0.0
1360.0,-770.0,1143.3486,0.0
1370.0,-770.0,1155.0331,0.0
1380.0,-770.0,1167.0394,0.0
1390.0,-770.0,1179.3678,0.0
1400.0,-770.0,1192.0175,0.0
1410.0,-770.0,1204.9885,0.0
1420.0,-770.0,1218.2795,0.0
1430.0,-770.0,1231.8911,0.0
1440.0,-770.0,1245.8232,0.0
1450.0,-770.0,1260.0751,0.0
1460.0,-770.0,1274.6477,0.0
1470.0,-770.0,1289.5403,0.0
1480.0,-770.0,1304.7517,0.0
1490.0,-770.0,1320.2826,0.0
1500.0,-770.0,1336.1332,0.0
1510.0,-770.0,1352.3025,0.0
1520.0,-770.0,1368.7904,0.0
1530.0,-770.0,1385.5977,0.0
1540.0,-770.0,1402.7229,0.0
1550.0,-770.0,1420.1659,0.0
1560.0,-770.0,1437.9281,0.0
1570.0,-770.0,1456.007,0.0
1580.0,-770.0,1474.4042,0.0
1590.0,-770.0,1493.1183,0.0
1600.0,-770.0,1512.1501,0.0
1610.0,-770.0,1531.499,0.0
1620.0,-770.0,1551.1643,0.0
1630.0,-770.0,1571.1467,0.0
1640.0,-770.0,1591.4454,0.0
1650.0,-770.0,1612.0604,0.0
1660.0,-770.0,1632.991,0.0
1670.0,-770.0,1654.237,0.0
1680.0,-770.0,1675.7998,0.0
1690.0,-770.0,1697.6774,0.0
1700.0,-770.0,1719.8704,0.0
1710.0,-770.0,1742.378,0.0
1720.0,-770.0,1765.1997,0.0
1730.0,-770.0,1788.3367,0.0
1740.0,-770.0,1811.7877,0.0
1750.0,-770.0,1835.553,0.0
1760.0,-770.0,1859.6326,0.0
1770.0,-770.0,1884.0266,0.0
1780.0,-770.0,1908.7334,0.0
1790.0,-770.0,1933.7549,0.0
1800.0,-770.0,1959.0884,0.0
-200.0,-760.0,39270.906,1.0
-190.0,-760.0,39270.906,1.0
-180.0,-760.0,39270.906,1.0
-170.0,-760.0,39270.906,1.0
-160.0,-760.0,39270.906,1.0
-150.0,-760.0,39270.906,1.0
-140.0,-760.0,39270.906,1.0
-130.0,-760.0,39270.906,1.0
-120.0,-760.0,39270.906,1.0
-110.0,-760.0,39270.906,1.0
-100.0,-760.0,39270.906,1.0
-90.0,-760.0,39270.906,1.0
-80.0,-760.0,39270.906,1.0
-70.0,-760.0,39270.906,1.0
-60.0,-760.0,39270.906,1.0
-50.0,-760.0,39270.906,1.0
-40.0,-760.0,39270.906,1.0
-30.0,-760.0,39270.906,1.0
-20.0,-760.0,39270.906,1.0
-10.0,-760.0,39270.906,1.0
0.0,-760.0,2648.8682,0.0
10.0,-760.0,2614.3208,0.0
20.0,-760.0,2580.1348,0.0
30.0,-760.0,2546.3088,0.0
40.0,-760.0,2512.8413,0.0
50.0,-760.0,2479.7349,0.0
60.0,-760.0,2446.9854,0.0
70.0,-760.0,2414.5962,0.0
80.0,-760.0,2382.5645,0.0
90.0,-760.0,2350.8901,0.0
100.0,-760.0,2319.5745,0.0
110.0,-760.0,2288.6157,0.0
120.0,-760.0,2258.0127,0.0
130.0,-760.0,2227.767,0.0
140.0,-760.0,2197.877,0.0
150.0,-760.0,2168.3428,0.0
160.0,-760.0,2139.1636,0.0
170.0,-760.0,2110.3396,0.0
180.0,-760.0,2081.8706,0.0
190.0,-760.0,2053.7559,0.0
200.0,-760.0,2025.9946,0.0
210.0,-760.0,1998.5875,0.0
220.0,-760.0,1971.5337,0.0
230.0,-760.0,1944.8333,0.0
240.0,-760.0,1918.4854,0.0
250.0,-760.0,1892.4885,0.0
260.0,-760.0,1866.8446,0.0
270.0,-760.0,1841.5522,0.0
280.0,-760.0,1816.6108,0.0
290.0,-760.0,1792.0215,0.0
300.0,-760.0,1767.7815,0.0
310.0,-760.0,1743.8936,0.0
320.0,-760.0,1720.3547,0.0
330.0,-760.0,1697.1661,0.0
340.0,-760.0,1674.3267,0.0
350.0,-760.0,1651.8369,0.0
360.0,-760.0,1629.6956,0.0
370.0,-760.0,1607.9038,0.0
380.0,-760.0,1586.4592,0.0
390.0,-760.0,1565.3634,0.0
400.0,-760.0,1544.6152,0.0
410.0,-760.0,1524.2144,0.0
420.0,-760.0,1504.1609,0.0
430.0,-760.0,1484.4541,0.0
440.0,-760.0,1465.0942,0.0
450.0,-760.0,1446.0798,0.0
460.0,-760.0,1427.4128,0.0
470.0,-760.0,1409.0903,0.0
480.0,-760.0,1391.1145,0.0
490.0,-760.0,1373.4825,0.0
500.0,-760.0,1356.1963,0.0
510.0,-760.0,1339.2549,0.0
520.0,-760.0,1322.6575,0.0
530.0,-760.0,1306.4053,0.0
540.0,-760.0,1290.4965,0.0
550.0,-760.0,1274.9309,0.0
560.0,-760.0,1259.7095,0.0
570.0,-760.0,1244.8301,0.0
580.0,-760.0,1230.2937,0.0
590.0,-760.0,1216.1,0.0
600.0,-760.0,1202.2489,0.0
610.0,-760.0,1188.7402,0.0
620.0,-760.0,1175.574,0.0
630.0,-760.0,1162.7489,0.0
640.0,-760.0,1150.2646,0.0
650.0,-760.0,1138.1216,0.0
660.0,-760.0,1126.3196,0.0
670.0,-760.0,1114.8582,0.0
680.0,-760.0,1103.7372,0.0
690.0,-760.0,1092.9563,0.0
700.0,-760.0,1082.5151,0.0
710.0,-760.0,1072.4143,0.0
720.0,-760.0,1062.6526,0.0
730.0,-760.0,1053.2302,0.0
740.0,-760.0,1044.1465,0.0
750.0,-760.0,1035.402,0.0
760.0,-760.0,1026.9956,0.0
770.0,-760.0,1018.9278,0.0
780.0,-760.0,1011.1979,0.0
790.0,-760.0,1003.8058,0.0
800.0,-760.0,996.7516,0.0
810.0,-760.0,990.0348,0.0
820.0,-760.0,983.65454,0.0
830.0,-760.0,977.61194,0.0
840.0,-760.0,971.9055,0.0
850.0,-760.0,966.53595,0.0
860.0,-760.0,961.5026,0.0
870.0,-760.0,956.8054,0.0
880.0,-760.0,952.4441,0.0
890.0,-760.0,948.41846,0.0
900.0,-760.0,944.7283,0.0
910.0,-760.0,941.37305,0.0
920.0,-760.0,938.353,0.0
930.0,-760.0,935.66797,0.0
940.0,-760.0,933.31726,0.0
950.0,-760.0,931.3009,0.0
960.0,-760.0,929.6187,0.0
970.0,-760.0,928.2706,0.0
980.0,-760.0,927.25635,0.0
990.0,-760.0,926.5759,0.0
1000.0,-760.0,926.2283,0.0
1010.0,-760.0,926.2141,0.0
1020.0,-760.0,926.5327,0.0
1030.0,-760.0,927.18396,0.0
1040.0,-760.0,928.1677,0.0
1050.0,-760.0,929.484,0.0
1060.0,-760.0,931.1323,0.0
1070.0,-760.0,933.1124,0.0
1080.0,-760.0,935.42456,0.0
1090.0,-760.0,938.0679,0.0
1100.0,-760.0,941.04297,0.0
1110.0,-760.0,944.3487,0.0
1120.0,-760.0,947.98584,0.0
1130.0,-760.0,951.95337,0.0
1140.0,-760.0,956.2515,0.0
1150.0,-760.0,960.87994,0.0
1160.0,-760.0,965.838,0.0
1170.0,-760.0,971.12646,0.0
1180.0,-760.0,976.7448,0.0
1190.0,-760.0,982.69226,0.0
1200.0,-760.0,988.9698,0.0
1210.0,-760.0,995.576,0.0
1220.0,-760.0,1002.51135,0.0
1230.0,-760.0,1009.7753,0.0
1240.0,-760.0,1017.3679,0.0
1250.0,-760.0,1025.289,0.0
1260.0,-760.0,1033.5376,0.0
1270.0,-760.0,1042.115,0.0
1280.0,-760.0,1051.0199,0.0
1290.0,-760.0,1060.2522,0.0
1300.0,-760.0,1069.812,0.0
1310.0,-760.0,1079.699,0.0
1320.0,-760.0,1089.9119,0.0
1330.0,-760.0,1100.4519,0.0
1340.0,-760.0,1111.3181,0.0
1350.0,-760.0,1122.5103,0.0
1360.0,-760.0,1134.0283,0.0
1370.0,-760.0,1145.873,0.0
1380.0,-760.0,1158.0446,0.0
1390.0,-760.0,1170.5425,0.0
1400.0,-760.0,1183.3651,0.0
1410.0,-760.0,1196.5135,0.0
1420.0,-760.0,1209.9861,0.0
1430.0,-760.0,1223.7836,0.0
1440.0,-760.0,1237.9062,0.0
1450.0,-760.0,1252.3528,0.0
1460.0,-760.0,1267.1243,0.0
1470.0,-760.0,1282.2195,0.0
1480.0,-760.0,1297.6389,0.0
1490.0,-760.0,1313.3811,0.0
1500.0,-760.0,1329.4476,0.0
1510.0,-760.0,1345.8372,0.0
1520.0,-760.0,1362.5496,0.0
1530.0,-760.0,1379.5845,0.0
1540.0,-760.0,1396.9426,0.0
1550.0,-760.0,1414.6232,0.0
1560.0,-760.0,1432.6261,0.0
1570.0,-760.0,1450.9504,0.0
1580.0,-760.0,1469.5973,0.0
1590.0,-760.0,1488.5654,0.0
1600.0,-760.0,1507.8552,0.0
1610.0,-760.0,1527.4663,0.0
1620.0,-760.0,1547.3973,0.0
1630.0,-760.0,1567.6499,0.0
1640.0,-760.0,1588.2231,0.0
1650.0,-760.0,1609.1173,0.0
1660.0,-760.0,1630.3307,0.0
1670.0,-760.0,1651.8647,0.0
1680.0,-760.0,1673.718,0.0
1690.0,-760.0,1695.8907,0.0
1700.0,-760.0,1718.383,0.0
1710.0,-760.0,1741.1943,0.0
1720.0,-760.0,1764.3237,0.0
1730.0,-760.0,1787.7725,0.0
1740.0,-760.0,1811.5394,0.0
1750.0,-760.0,1835.6255,0.0
1760.0,-760.0,1860.0295,0.0
1770.0,-760.0,1884.7516,0.0
1780.0,-760.0,1909.7914,0.0
1790.0,-760.0,1935.1487,0.0
1800.0,-760.0,1960.8223,0.0
-200.0,-750.0,39270.906,1.0
-190.0,-750.0,39270.906,1.0
-180.0,-750.0,39270.906,1.0
-170.0,-750.0,39270.906,1.0
-160.0,-750.0,39270.906,1.0
-150.0,-750.0,39270.906,1.0
-140.0,-750.0,39270.906,1.0
-130.0,-750.0,39270.906,1.0
-120.0,-750.0,39270.906,1.0
-110.0,-750.0,39270.906,1.0
-100.0,-750.0,39270.906,1.0
-90.0,-750.0,39270.906,1.0
-80.0,-750.0,39270.906,1.0
-70.0,-750.0,39270.906,1.0
-60.0,-750.0,39270.906,1.0
-50.0,-750.0,39270.906,1.0
-40.0,-750.0,39270.906,1.0
-30.0,-750.0,39270.906,1.0
-20.0,-750.0,39270.906,1.0
-10.0,-750.0,2696.2656,0.0
0.0,-750.0,2660.857,0.0
10.0,-750.0,2625.815,0.0
20.0,-750.0,2591.1392,0.0
30.0,-750.0,2556.829,0.0
40.0,-750.0,2522.8843,0.0
50.0,-750.0,2489.3032,0.0
60.0,-750.0,2456.0874,0.0
70.0,-750.0,2423.235,0.0
80.0,-750.0,2390.7466,0.0
90.0,-750.0,2358.6216,0.0
100.0,-750.0,2326.8594,0.0
110.0,-750.0,2295.4592,0.0
120.0,-750.0,2264.4214,0.0
130.0,-750.0,2233.7454,0.0
140.0,-750.0,2203.4297,0.0
150.0,-750.0,2173.476,0.0
160.0,-750.0,2143.8833,0.0
170.0,-750.0,2114.6504,0.0
180.0,-750.0,2085.7769,0.0
190.0,-750.0,2057.2637,0.0
200.0,-750.0,2029.109,0.0
210.0,-750.0,2001.3142,0.0
220.0,-750.0,1973.8777,0.0
230.0,-750.0,1946.7988,0.0
240.0,-750.0,1920.0784,0.0
250.0,-750.0,1893.7146,0.0
260.0,-750.0,1867.709,0.0
270.0,-750.0,1842.0599,0.0
280.0,-750.0,1816.7666,0.0
290.0,-750.0,1791.83,0.0
300.0,-750.0,1767.2493,0.0
310.0,-750.0,1743.0242,0.0
320.0,-750.0,1719.1543,0.0
330.0,-750.0,1695.6396,0.0
340.0,-750.0,1672.4791,0.0
350.0,-750.0,1649.6732,0.0
360.0,-750.0,1627.2213,0.0
370.0,-750.0,1605.1233,0.0
380.0,-750.0,1583.3785,0.0
390.0,-750.0,1561.9863,0.0
400.0,-750.0,1540.948,0.0
410.0,-750.0,1520.2615,0.0
420.0,-750.0,1499.9272,0.0
430.0,-750.0,1479.9446,0.0
440.0,-750.0,1460.3142,0.0
450.0,-750.0,1441.0352,0.0
460.0,-750.0,1422.1066,0.0
470.0,-750.0,1403.529,0.0
480.0,-750.0,1385.3018,0.0
490.0,-750.0,1367.425,0.0
500.0,-750.0,1349.8977,0.0
510.0,-750.0,1332.7197,0.0
520.0,-750.0,1315.8921,0.0
530.0,-750.0,1299.4132,0.0
540.0,-750.0,1283.2832,0.0
550.0,-750.0,1267.502,0.0
560.0,-750.0,1252.0691,0.0
570.0,-750.0,1236.9839,0.0
580.0,-750.0,1222.2458,0.0
590.0,-750.0,1207.8558,0.0
600.0,-750.0,1193.8127,0.0
610.0,-750.0,1180.1174,0.0
620.0,-750.0,1166.7689,0.0
630.0,-750.0,1153.7668,0.0
640.0,-750.0,1141.1104,0.0
650.0,-750.0,1128.7997,0.0
660.0,-750.0,1116.8354,0.0
670.0,-750.0,1105.2161,0.0
680.0,-750.0,1093.9424,0.0
690.0,-750.0,1083.0132,0.0
700.0,-750.0,1072.429,0.0
710.0,-750.0,1062.1893,0.0
720.0,-750.0,1052.2938,0.0
730.0,-750.0,1042.7418,0.0
740.0,-750.0,1033.5344,0.0
750.0,-750.0,1024.67,0.0
760.0,-750.0,1016.1491,0.0
770.0,-750.0,1007.9712,0.0
780.0,-750.0,1000.13635,0.0
790.0,-750.0,992.6441,0.0
800.0,-750.0,985.4939,0.0
810.0,-750.0,978.6861,0.0
820.0,-750.0,972.21985,0.0
830.0,-750.0,966.09546,0.0
840.0,-750.0,960.3124,0.0
850.0,-750.0,954.8703,0.0
860.0,-750.0,949.76965,0.0
870.0,-750.0,945.00977,0.0
880.0,-750.0,940.5902,0.0
890.0,-750.0,936.51135,0.0
900.0,-750.0,932.772,0.0
910.0,-750.0,929.37305,0.0
920.0,-750.0,926.31396,0.0
930.0,-750.0,923.5939,0.0
940.0,-750.0,921.21313,0.0
950.0,-750.0,919.1715,0.0
960.0,-750.0,917.4686,0.0
970.0,-750.0,916.1043,0.0
980.0,-750.0,915.0781,0.0
990.0,-750.0,914.3905,0.0
1000.0,-750.0,914.04114,0.0
1010.0,-750.0,914.0295,0.0
1020.0,-750.0,914.35486,0.0
1030.0,-750.0,915.01733,0.0
1040.0,-750.0,916.0172,0.0
1050.0,-750.0,917.3543,0.0
1060.0,-750.0,919.0279,0.0
1070.0,-750.0,921.03845,0.0
1080.0,-750.0,923.38434,0.0
1090.0,-750.0,926.0668,0.0
1100.0,-750.0,929.0852,0.0
1110.0,-750.0,932.43933,0.0
1120.0,-750.0,936.12897,0.0
1130.0,-750.0,940.1538,0.0
1140.0,-750.0,944.5133,0.0
1150.0,-750.0,949.2081,0.0
1160.0,-750.0,954.23755,0.0
1170.0,-750.0,959.60126,0.0
1180.0,-750.0,965.2991,0.0
1190.0,-750.0,971.3312,0.0
1200.0,-750.0,977.69727,0.0
1210.0,-750.0,984.3969,0.0
1220.0,-750.0,991.4307,0.0
1230.0,-750.0,998.7968,0.0
1240.0,-750.0,1006.49615,0.0
1250.0,-750.0,1014.52826,0.0
1260.0,-750.0,1022.89294,0.0
1270.0,-750.0,1031.5908,0.0
1280.0,-750.0,1040.6201,0.0
1290.0,-750.0,1049.9817,0.0
1300.0,-750.0,1059.675,0.0
1310.0,-750.0,1069.7,0.0
1320.0,-750.0,1080.056,0.0
1330.0,-750.0,1090.7427,0.0
1340.0,-750.0,1101.7601,0.0
1350.0,-750.0,1113.1078,0.0
1360.0,-750.0,1124.7865,0.0
1370.0,-750.0,1136.7961,0.0
1380.0,-750.0,1149.1372,0.0
1390.0,-750.0,1161.8086,0.0
1400.0,-750.0,1174.81,0.0
1410.0,-750.0,1188.1401,0.0
1420.0,-750.0,1201.7993,0.0
1430.0,-750.0,1215.7886,0.0
1440.0,-750.0,1230.1062,0.0
1450.0,-750.0,1244.753,0.0
1460.0,-750.0,1259.7284,0.0
1470.0,-750.0,1275.0325,0.0
1480.0,-750.0,1290.6641,0.0
1490.0,-750.0,1306.6249,0.0
1500.0,-750.0,1322.9124,0.0
1510.0,-750.0,1339.5283,0.0
1520.0,-750.0,1356.4712,0.0
1530.0,-750.0,1373.7412,0.0
1540.0,-750.0,1391.3383,0.0
1550.0,-750.0,1409.2621,0.0
1560.0,-750.0,1427.5122,0.0
1570.0,-750.0,1446.0891,0.0
1580.0,-750.0,1464.9922,0.0
1590.0,-750.0,1484.2211,0.0
1600.0,-750.0,1503.7756,0.0
1610.0,-750.0,1523.6558,0.0
1620.0,-750.0,1543.8613,0.0
1630.0,-750.0,1564.3911,0.0
1640.0,-750.0,1585.2466,0.0
1650.0,-750.0,1606.4272,0.0
1660.0,-750.0,1627.9307,0.0
1670.0,-750.0,1649.7595,0.0
1680.0,-750.0,1671.912,0.0
1690.0,-750.0,1694.3887,0.0
1700.0,-750.0,1717.1877,0.0
1710.0,-750.0,1740.3107,0.0
1720.0,-750.0,1763.7566,0.0
1730.0,-750.0,1787.5255,0.0
1740.0,-750.0,1811.6177,0.0
1750.0,-750.0,1836.0328,0.0
1760.0,-750.0,1860.7693,0.0
1770.0,-750.0,1885.8282,0.0
1780.0,-750.0,1911.209,0.0
1790.0,-750.0,1936.9126,0.0
1800.0,-750.0,1962.936,0.0
-200.0,-740.0,39270.906,1.0
-190.0,-740.0,39270.906,1.0
-180.0,-740.0,39270.906,1.0
-170.0,-740.0,39270.906,1.0
-160.0,-740.0,39270.906,1.0
-150.0,-740.0,39270.906,1.0
-140.0,-740.0,39270.906,1.0
-130.0,-740.0,39270.906,1.0
-120.0,-740.0,39270.906,1.0
-110.0,-740.0,39270.906,1.0
-100.0,-740.0,39270.906,1.0
-90.0,-740.0,39270.906,1.0
-80.0,-740.0,39270.906,1.0
-70.0,-740.0,39270.906,1.0
-60.0,-740.0,39270.906,1.0
-50.0,-740.0,39270.906,1.0
-40.0,-740.0,39270.906,1.0
-30.0,-740.0,39270.906,1.0
-20.0,-740.0,39270.906,1.0
-10.0,-740.0,2709.4668,0.0
0.0,-740.0,2673.5435,0.0
10.0,-740.0,2637.9927,0.0
20.0,-740.0,2602.8132,0.0
30.0,-740.0,2568.0046,0.0
40.0,-740.0,2533.5674,0.0
50.0,-740.0,2499.4988,0.0
60.0,-740.0,2465.8015,0.0
70.0,-740.0,2432.4736,0.0
80.0,-740.0,2399.515,0.0
90.0,-740.0,2366.9248,0.0
100.0,-740.0,2334.7039,0.0
110.0,-740.0,2302.85,0.0
120.0,-740.0,2271.3633,0.0
130.0,-740.0,2240.2441,0.0
140.0,-740.0,2209.4922,0.0
150.0,-740.0,2179.1064,0.0
160.0,-740.0,2149.087,0.0
170.0,-740.0,2119.433,0.0
180.0,-740.0,2090.1445,0.0
190.0,-740.0,2061.2212,0.0
200.0,-740.0,2032.6619,0.0
210.0,-740.0,2004.4673,0.0
220.0,-740.0,1976.6366,0.0
230.0,-740.0,1949.1694,0.0
240.0,-740.0,1922.0654,0.0
250.0,-740.0,1895.3242,0.0
260.0,-740.0,1868.9458,0.0
270.0,-740.0,1842.9297,0.0
280.0,-740.0,1817.2749,0.0
290.0,-740.0,1791.9818,0.0
300.0,-740.0,1767.0496,0.0
310.0,-740.0,1742.4783,0.0
320.0,-740.0,1718.2673,0.0
330.0,-740.0,1694.417,0.0
340.0,-740.0,1670.9268,0.0
350.0,-740.0,1647.7953,0.0
360.0,-740.0,1625.0239,0.0
370.0,-740.0,1602.6113,0.0
380.0,-740.0,1580.5569,0.0
390.0,-740.0,1558.861,0.0
400.0,-740.0,1537.5234,0.0
410.0,-740.0,1516.5427,0.0
420.0,-740.0,1495.9202,0.0
430.0,-740.0,1475.6543,0.0
440.0,-740.0,1455.7449,0.0
450.0,-740.0,1436.1924,0.0
460.0,-740.0,1416.9963,0.0
470.0,-740.0,1398.1555,0.0
480.0,-740.0,1379.6704,0.0
490.0,-740.0,1361.5408,0.0
500.0,-740.0,1343.766,0.0
510.0,-740.0,1326.3457,0.0
520.0,-740.0,1309.2803,0.0
530.0,-740.0,1292.5688,0.0
540.0,-740.0,1276.2119,0.0
550.0,-740.0,1260.2085,0.0
560.0,-740.0,1244.5579,0.0
570.0,-740.0,1229.2605,0.0
580.0,-740.0,1214.3156,0.0
590.0,-740.0,1199.7231,0.0
600.0,-740.0,1185.4833,0.0
610.0,-740.0,1171.5952,0.0
620.0,-740.0,1158.0596,0.0
630.0,-740.0,1144.8752,0.0
640.0,-740.0,1132.0417,0.0
650.0,-740.0,1119.5593,0.0
660.0,-740.0,1107.4275,0.0
670.0,-740.0,1095.646,0.0
680.0,-740.0,1084.2147,0.0
690.0,-740.0,1073.1333,0.0
700.0,-740.0,1062.4016,0.0
710.0,-740.0,1052.0193,0.0
720.0,-740.0,1041.9865,0.0
730.0,-740.0,1032.3022,0.0
740.0,-740.0,1022.9663,0.0
750.0,-740.0,1013.9795,0.0
760.0,-740.0,1005.3408,0.0
770.0,-740.0,997.0497,0.0
780.0,-740.0,989.1063,0.0
790.0,-740.0,981.51074,0.0
800.0,-740.0,974.2622,0.0
810.0,-740.0,967.36096,0.0
820.0,-740.0,960.806,0.0
830.0,-740.0,954.5978,0.0
840.0,-740.0,948.73584,0.0
850.0,-740.0,943.2197,0.0
860.0,-740.0,938.04944,0.0
870.0,-740.0,933.225,0.0
880.0,-740.0,928.74603,0.0
890.0,-740.0,924.612,0.0
900.0,-740.0,920.8229,0.0
910.0,-740.0,917.37854,0.0
920.0,-740.0,914.27844,0.0
930.0,-740.0,911.52295,0.0
940.0,-740.0,909.1116,0.0
950.0,-740.0,907.04346,0.0
960.0,-740.0,905.3194,0.0
970.0,-740.0,903.9386,0.0
980.0,-740.0,902.90076,0.0
990.0,-740.0,902.2058,0.0
1000.0,-740.0,901.8537,0.0
1010.0,-740.0,901.8446,0.0
1020.0,-740.0,902.1769,0.0
1030.0,-740.0,902.8515,0.0
1040.0,-740.0,903.8677,0.0
1050.0,-740.0,905.226,0.0
1060.0,-740.0,906.9263,0.0
1070.0,-740.0,908.9668,0.0
1080.0,-740.0,911.34863,0.0
1090.0,-740.0,914.07104,0.0
1100.0,-740.0,917.1341,0.0
1110.0,-740.0,920.53754,0.0
1120.0,-740.0,924.28156,0.0
1130.0,-740.0,928.365,0.0
1140.0,-740.0,932.788,0.0
1150.0,-740.0,937.551,0.0
1160.0,-740.0,942.65356,0.0
1170.0,-740.0,948.0945,0.0
1180.0,-740.0,953.8744,0.0
1190.0,-740.0,959.9933,0.0
1200.0,-740.0,966.45074,0.0
1210.0,-740.0,973.24646,0.0
1220.0,-740.0,980.38025,0.0
1230.0,-740.0,987.85205,0.0
1240.0,-740.0,995.66113,0.0
1250.0,-740.0,1003.8076,0.0
1260.0,-740.0,1012.2919,0.0
1270.0,-740.0,1021.1127,0.0
1280.0,-740.0,1030.2705,0.0
1290.0,-740.0,1039.7653,0.0
1300.0,-740.0,1049.5961,0.0
1310.0,-740.0,1059.7622,0.0
1320.0,-740.0,1070.2644,0.0
1330.0,-740.0,1081.102,0.0
1340.0,-740.0,1092.275,0.0
1350.0,-740.0,1103.7832,0.0
1360.0,-740.0,1115.6271,0.0
1370.0,-740.0,1127.8069,0.0
1380.0,-740.0,1140.3215,0.0
1390.0,-740.0,1153.1714,0.0
1400.0,-740.0,1166.355,0.0
1410.0,-740.0,1179.8722,0.0
1420.0,-740.0,1193.7238,0.0
1430.0,-740.0,1207.9094,0.0
1440.0,-740.0,1222.4282,0.0
1450.0,-740.0,1237.2806,0.0
1460.0,-740.0,1252.4662,0.0
1470.0,-740.0,1267.9844,0.0
1480.0,-740.0,1283.8351,0.0
1490.0,-740.0,1300.0189,0.0
1500.0,-740.0,1316.5348,0.0
1510.0,-740.0,1333.3826,0.0
1520.0,-740.0,1350.5624,0.0
1530.0,-740.0,1368.0736,0.0
1540.0,-740.0,1385.9165,0.0
1550.0,-740.0,1404.0906,0.0
1560.0,-740.0,1422.5956,0.0
1570.0,-740.0,1441.4307,0.0
1580.0,-740.0,1460.5972,0.0
1590.0,-740.0,1480.0938,0.0
1600.0,-740.0,1499.9209,0.0
1610.0,-740.0,1520.0776,0.0
1620.0,-740.0,1540.5641,0.0
1630.0,-740.0,1561.3799,0.0
1640.0,-740.0,1582.5249,0.0
1650.0,-740.0,1603.9995,0.0
1660.0,-740.0,1625.8024,0.0
1670.0,-740.0,1647.9338,0.0
1680.0,-740.0,1670.3938,0.0
1690.0,-740.0,1693.181,0.0
1700.0,-740.0,1716.2966,0.0
1710.0,-740.0,1739.74,0.0
1720.0,-740.0,1763.511,0.0
1730.0,-740.0,1787.6089,0.0
1740.0,-740.0,1812.0349,0.0
1750.0,-740.0,1836.7877,0.0
1760.0,-740.0,1861.8662,0.0
1770.0,-740.0,1887.2721,0.0
1780.0,-740.0,1913.0034,0.0
1790.0,-740.0,1939.0613,0.0
1800.0,-740.0,1965.4432,0.0
-200.0,-730.0,39270.906,1.0
-190.0,-730.0,39270.906,1.0
-180.0,-730.0,39270.906,1.0
-170.0,-730.0,39270.906,1.0
-160.0,-730.0,39270.906,1.0
-150.0,-730.0,39270.906,1.0
-140.0,-730.0,39270.906,1.0
-130.0,-730.0,39270.906,1.0
-120.0,-730.0,39270.906,1.0
-110.0,-730.0,39270.906,1.0
-100.0,-730.0,39270.906,1.0
-90.0,-730.0,39270.906,1.0
-80.0,-730.0,39270.906,1.0
-70.0,-730.0,39270.906,1.0
-60.0,-730.0,39270.906,1.0
-50.0,-730.0,39270.906,1.0
-40.0,-730.0,39270.906,1.0
-30.0,-730.0,39270.906,1.0
-20.0,-730.0,2760.2437,0.0
-10.0,-730.0,2723.4116,0.0
0.0,-730.0,2686.9575,0.0
10.0,-730.0,2650.8826,0.0
20.0,-730.0,2615.1836,0.0
30.0,-730.0,2579.8628,0.0
40.0,-730.0,2544.9177,0.0
50.0,-730.0,2510.3489,0.0
60.0,-730.0,2476.1553,0.0
70.0,-730.0,2442.3374,0.0
80.0,-730.0,2408.894,0.0
90.0,-730.0,2375.8264,0.0
100.0,-730.0,2343.1318,0.0
110.0,-730.0,2310.811,0.0
120.0,-730.0,2278.8633,0.0
130.0,-730.0,2247.288,0.0
140.0,-730.0,2216.086,0.0
150.0,-730.0,2185.2554,0.0
160.0,-730.0,2154.7969,0.0
170.0,-730.0,2124.71,0.0
180.0,-730.0,2094.9937,0.0
190.0,-730.0,2065.648,0.0
200.0,-730.0,2036.6725,0.0
210.0,-730.0,2008.0667,0.0
220.0,-730.0,1979.8296,0.0
230.0,-730.0,1951.9629,0.0
240.0,-730.0,1924.4647,0.0
250.0,-730.0,1897.3346,0.0
260.0,-730.0,1870.5724,0.0
270.0,-730.0,1844.1786,0.0
280.0,-730.0,1818.1512,0.0
290.0,-730.0,1792.4907,0.0
300.0,-730.0,1767.197,0.0
310.0,-730.0,1742.2695,0.0
320.0,-730.0,1717.708,0.0
330.0,-730.0,1693.5122,0.0
340.0,-730.0,1669.6819,0.0
350.0,-730.0,1646.2161,0.0
360.0,-730.0,1623.1155,0.0
370.0,-730.0,1600.3789,0.0
380.0,-730.0,1578.0066,0.0
390.0,-730.0,1555.9968,0.0
400.0,-730.0,1534.3517,0.0
410.0,-730.0,1513.0687,0.0
420.0,-730.0,1492.1484,0.0
430.0,-730.0,1471.5908,0.0
440.0,-730.0,1451.3958,0.0
450.0,-730.0,1431.562,0.0
460.0,-730.0,1412.0894,0.0
470.0,-730.0,1392.9785,0.0
480.0,-730.0,1374.2285,0.0
490.0,-730.0,1355.8385,0.0
500.0,-730.0,1337.8093,0.0
510.0,-730.0,1320.1394,0.0
520.0,-730.0,1302.8293,0.0
530.0,-730.0,1285.8788,0.0
540.0,-730.0,1269.2876,0.0
550.0,-730.0,1253.0549,0.0
560.0,-730.0,1237.1814,0.0
570.0,-730.0,1221.6654,0.0
580.0,-730.0,1206.5076,0.0
590.0,-730.0,1191.7073,0.0
600.0,-730.0,1177.2639,0.0
610.0,-730.0,1163.1783,0.0
620.0,-730.0,1149.4501,0.0
630.0,-730.0,1136.0781,0.0
640.0,-730.0,1123.0632,0.0
650.0,-730.0,1110.4032,0.0
660.0,-730.0,1098.0996,0.0
670.0,-730.0,1086.1509,0.0
680.0,-730.0,1074.5576,0.0
690.0,-730.0,1063.32,0.0
700.0,-730.0,1052.4363,0.0
710.0,-730.0,1041.9075,0.0
720.0,-730.0,1031.7328,0.0
730.0,-730.0,1021.9126,0.0
740.0,-730.0,1012.44525,0.0
750.0,-730.0,1003.33203,0.0
760.0,-730.0,994.57153,0.0
770.0,-730.0,986.1644,0.0
780.0,-730.0,978.1101,0.0
790.0,-730.0,970.40796,0.0
800.0,-730.0,963.05835,0.0
810.0,-730.0,956.0605,0.0
820.0,-730.0,949.4148,0.0
830.0,-730.0,943.1198,0.0
840.0,-730.0,937.1765,0.0
850.0,-730.0,931.58435,0.0
860.0,-730.0,926.3427,0.0
870.0,-730.0,921.45184,0.0
880.0,-730.0,916.9115,0.0
890.0,-730.0,912.72076,0.0
900.0,-730.0,908.88025,0.0
910.0,-730.0,905.38995,0.0
920.0,-730.0,902.2481,0.0
930.0,-730.0,899.4557,0.0
940.0,-730.0,897.01184,0.0
950.0,-730.0,894.9173,0.0
960.0,-730.0,893.17096,0.0
970.0,-730.0,891.7733,0.0
980.0,-730.0,890.723,0.0
990.0,-730.0,890.02106,0.0
1000.0,-730.0,889.6669,0.0
1010.0,-730.0,889.6598,0.0
1020.0,-730.0,889.99945,0.0
1030.0,-730.0,890.6863,0.0
1040.0,-730.0,891.7196,0.0
1050.0,-730.0,893.0998,0.0
1060.0,-730.0,894.8259,0.0
1070.0,-730.0,896.8988,0.0
1080.0,-730.0,899.3168,0.0
1090.0,-730.0,902.0805,0.0
1100.0,-730.0,905.19,0.0
1110.0,-730.0,908.6441,0.0
1120.0,-730.0,912.4435,0.0
1130.0,-730.0,916.58765,0.0
1140.0,-730.0,921.0762,0.0
1150.0,-730.0,925.90906,0.0
1160.0,-730.0,931.0861,0.0
1170.0,-730.0,936.60675,0.0
1180.0,-730.0,942.4711,0.0
1190.0,-730.0,948.67926,0.0
1200.0,-730.0,955.2307,0.0
1210.0,-730.0,962.12537,0.0
1220.0,-730.0,969.36224,0.0
1230.0,-730.0,976.94226,0.0
1240.0,-730.0,984.8644,0.0
1250.0,-730.0,993.12866,0.0
1260.0,-730.0,1001.735,0.0
1270.0,-730.0,1010.6831,0.0
1280.0,-730.0,1019.97284,0.0
1290.0,-730.0,1029.6038,0.0
1300.0,-730.0,1039.5757,0.0
1310.0,-730.0,1049.8882,0.0
1320.0,-730.0,1060.5405,0.0
1330.0,-730.0,1071.5336,0.0
1340.0,-730.0,1082.8665,0.0
1350.0,-730.0,1094.5393,0.0
1360.0,-730.0,1106.5532,0.0
1370.0,-730.0,1118.9075,0.0
1380.0,-730.0,1131.6008,0.0
1390.0,-730.0,1144.6342,0.0
1400.0,-730.0,1158.0056,0.0
1410.0,-730.0,1171.716,0.0
1420.0,-730.0,1185.7642,0.0
1430.0,-730.0,1200.152,0.0
1440.0,-730.0,1214.8773,0.0
1450.0,-730.0,1229.941,0.0
1460.0,-730.0,1245.3423,0.0
1470.0,-730.0,1261.0809,0.0
1480.0,-730.0,1277.1572,0.0
1490.0,-730.0,1293.5701,0.0
1500.0,-730.0,1310.3203,0.0
1510.0,-730.0,1327.4075,0.0
1520.0,-730.0,1344.8301,0.0
1530.0,-730.0,1362.5901,0.0
1540.0,-730.0,1380.6847,0.0
1550.0,-730.0,1399.1161,0.0
1560.0,-730.0,1417.8823,0.0
1570.0,-730.0,1436.9845,0.0
1580.0,-730.0,1456.4214,0.0
1590.0,-730.0,1476.1935,0.0
1600.0,-730.0,1496.3005,0.0
1610.0,-730.0,1516.7417,0.0
1620.0,-730.0,1537.5168,0.0
1630.0,-730.0,1558.6265,0.0
1640.0,-730.0,1580.0688,0.0
1650.0,-730.0,1601.8462,0.0
1660.0,-730.0,1623.956,0.0
1670.0,-730.0,1646.3986,0.0
1680.0,-730.0,1669.1743,0.0
1690.0,-730.0,1692.2825,0.0
1700.0,-730.0,1715.7227,0.0
1710.0,-730.0,1739.4952,0.0
1720.0,-730.0,1763.6005,0.0
1730.0,-730.0,1788.0372,0.0
1740.0,-730.0,1812.8057,0.0
1750.0,-730.0,1837.9052,0.0
1760.0,-730.0,1863.3362,0.0
1770.0,-730.0,1889.0977,0.0
1780.0,-730.0,1915.1891,0.0
1790.0,-730.0,1941.6113,0.0
1800.0,-730.0,1968.363,0.0
-200.0,-720.0,39270.906,1.0
-190.0,-720.0,39270.906,1.0
-180.0,-720.0,39270.906,1.0
-170.0,-720.0,39270.906,1.0
-160.0,-720.0,39270.906,1.0
-150.0,-720.0,39270.906,1.0
-140.0,-720.0,39270.906,1.0
-130.0,-720.0,39270.906,1.0
-120.0,-720.0,39270.906,1.0
-110.0,-720.0,39270.906,1.0
-100.0,-720.0,39270.906,1.0
-90.0,-720.0,39270.906,1.0
-80.0,-720.0,39270.906,1.0
-70.0,-720.0,39270.906,1.0
-60.0,-720.0,39270.906,1.0
-50.0,-720.0,39270.906,1.0
-40.0,-720.0,39270.906,1.0
-30.0,-720.0,2813.2864,0.0
-20.0,-720.0,2775.517,0.0
-10.0,-720.0,2738.1333,0.0
0.0,-720.0,2701.1328,0.0
10.0,-720.0,2664.517,0.0
20.0,-720.0,2628.2847,0.0
30.0,-720.0,2592.434,0.0
40.0,-720.0,2556.9663,0.0
50.0,-720.0,2521.8818,0.0
60.0,-720.0,2487.1777,0.0
70.0,-720.0,2452.855,0.0
80.0,-720.0,2418.913,0.0
90.0,-720.0,2385.3516,0.0
100.0,-720.0,2352.1702,0.0
110.0,-720.0,2319.3682,0.0
120.0,-720.0,2286.9448,0.0
130.0,-720.0,2254.9004,0.0
140.0,-720.0,2223.2344,0.0
150.0,-720.0,2191.946,0.0
160.0,-720.0,2161.0356,0.0
170.0,-720.0,2130.502,0.0
180.0,-720.0,2100.3452,0.0
190.0,-720.0,2070.5645,0.0
200.0,-720.0,2041.1602,0.0
210.0,-720.0,2012.1309,0.0
220.0,-720.0,1983.477,0.0
230.0,-720.0,1955.1979,0.0
240.0,-720.0,1927.2932,0.0
250.0,-720.0,1899.7623,0.0
260.0,-720.0,1872.6051,0.0
270.0,-720.0,1845.822,0.0
280.0,-720.0,1819.4119,0.0
290.0,-720.0,1793.3728,0.0
300.0,-720.0,1767.707,0.0
310.0,-720.0,1742.4131,0.0
320.0,-720.0,1717.4905,0.0
330.0,-720.0,1692.9388,0.0
340.0,-720.0,1668.7582,0.0
350.0,-720.0,1644.9482,0.0
360.0,-720.0,1621.5087,0.0
370.0,-720.0,1598.4386,0.0
380.0,-720.0,1575.7378,0.0
390.0,-720.0,1553.4067,0.0
400.0,-720.0,1531.4436,0.0
410.0,-720.0,1509.85,0.0
420.0,-720.0,1488.624,0.0
430.0,-720.0,1467.7666,0.0
440.0,-720.0,1447.2759,0.0
450.0,-720.0,1427.1525,0.0
460.0,-720.0,1407.396,0.0
470.0,-720.0,1388.0068,0.0
480.0,-720.0,1368.9834,0.0
490.0,-720.0,1350.3257,0.0
500.0,-720.0,1332.0337,0.0
510.0,-720.0,1314.1069,0.0
520.0,-720.0,1296.5454,0.0
530.0,-720.0,1279.349,0.0
540.0,-720.0,1262.5165,0.0
550.0,-720.0,1246.0488,0.0
560.0,-720.0,1229.9446,0.0
570.0,-720.0,1214.2045,0.0
580.0,-720.0,1198.8273,0.0
590.0,-720.0,1183.8131,0.0
600.0,-720.0,1169.1613,0.0
610.0,-720.0,1154.8718,0.0
620.0,-720.0,1140.9448,0.0
630.0,-720.0,1127.3806,0.0
640.0,-720.0,1114.1774,0.0
650.0,-720.0,1101.3354,0.0
660.0,-720.0,1088.8547,0.0
670.0,-720.0,1076.7344,0.0
680.0,-720.0,1064.9744,0.0
690.0,-720.0,1053.5754,0.0
700.0,-720.0,1042.5358,0.0
710.0,-720.0,1031.8561,0.0
720.0,-720.0,1021.5356,0.0
730.0,-720.0,1011.5748,0.0
740.0,-720.0,1001.97217,0.0
750.0,-720.0,992.729,0.0
760.0,-720.0,983.8438,0.0
770.0,-720.0,975.3168,0.0
780.0,-720.0,967.1477,0.0
790.0,-720.0,959.33655,0.0
800.0,-720.0,951.88275,0.0
810.0,-720.0,944.786,0.0
820.0,-720.0,938.0461,0.0
830.0,-720.0,931.6626,0.0
840.0,-720.0,925.63544,0.0
850.0,-720.0,919.9649,0.0
860.0,-720.0,914.6498,0.0
870.0,-720.0,909.6908,0.0
880.0,-720.0,905.0873,0.0
890.0,-720.0,900.8384,0.0
900.0,-720.0,896.94495,0.0
910.0,-720.0,893.4064,0.0
920.0,-720.0,890.2218,0.0
930.0,-720.0,887.3916,0.0
940.0,-720.0,884.91516,0.0
950.0,-720.0,882.79285,0.0
960.0,-720.0,881.02405,0.0
970.0,-720.0,879.6084,0.0
980.0,-720.0,878.5459,0.0
990.0,-720.0,877.8362,0.0
1000.0,-720.0,877.47943,0.0
1010.0,-720.0,877.4745,0.0
1020.0,-720.0,877.82214,0.0
1030.0,-720.0,878.5216,0.0
1040.0,-720.0,879.5726,0.0
1050.0,-720.0,880.97516,0.0
1060.0,-720.0,882.72894,0.0
1070.0,-720.0,884.834,0.0
1080.0,-720.0,887.28955,0.0
1090.0,-720.0,890.0958,0.0
1100.0,-720.0,893.2525,0.0
1110.0,-720.0,896.75916,0.0
1120.0,-720.0,900.6155,0.0
1130.0,-720.0,904.8218,0.0
1140.0,-720.0,909.3775,0.0
1150.0,-720.0,914.2824,0.0
1160.0,-720.0,919.5365,0.0
1170.0,-720.0,925.1394,0.0
1180.0,-720.0,931.0902,0.0
1190.0,-720.0,937.3905,0.0
1200.0,-720.0,944.03864,0.0
1210.0,-720.0,951.03436,0.0
1220.0,-720.0,958.378,0.0
1230.0,-720.0,966.0692,0.0
1240.0,-720.0,974.1076,0.0
1250.0,-720.0,982.4928,0.0
1260.0,-720.0,991.22534,0.0
1270.0,-720.0,1000.3041,0.0
1280.0,-720.0,1009.7292,0.0
1290.0,-720.0,1019.50073,0.0
1300.0,-720.0,1029.6177,0.0
1310.0,-720.0,1040.0801,0.0
1320.0,-720.0,1050.8875,0.0
1330.0,-720.0,1062.0398,0.0
1340.0,-720.0,1073.5375,0.0
1350.0,-720.0,1085.3802,0.0
1360.0,-720.0,1097.5688,0.0
1370.0,-720.0,1110.102,0.0
1380.0,-720.0,1122.9799,0.0
1390.0,-720.0,1136.201,0.0
1400.0,-720.0,1149.7659,0.0
1410.0,-720.0,1163.6746,0.0
1420.0,-720.0,1177.9261,0.0
1430.0,-720.0,1192.5212,0.0
1440.0,-720.0,1207.4591,0.0
1450.0,-720.0,1222.7397,0.0
1460.0,-720.0,1238.3635,0.0
1470.0,-720.0,1254.3289,0.0
1480.0,-720.0,1270.6365,0.0
1490.0,-720.0,1287.2859,0.0
1500.0,-720.0,1304.2767,0.0
1510.0,-720.0,1321.6091,0.0
1520.0,-720.0,1339.2827,0.0
1530.0,-720.0,1357.2969,0.0
1540.0,-720.0,1375.6519,0.0
1550.0,-720.0,1394.3477,0.0
1560.0,-720.0,1413.3829,0.0
1570.0,-720.0,1432.759,0.0
1580.0,-720.0,1452.4746,0.0
1590.0,-720.0,1472.5295,0.0
1600.0,-720.0,1492.9246,0.0
1610.0,-720.0,1513.6582,0.0
1620.0,-720.0,1534.7307,0.0
1630.0,-720.0,1556.1415,0.0
1640.0,-720.0,1577.8909,0.0
1650.0,-720.0,1599.9785,0.0
1660.0,-720.0,1622.4039,0.0
1670.0,-720.0,1645.1667,0.0
1680.0,-720.0,1668.2671,0.0
1690.0,-720.0,1691.7045,0.0
1700.0,-720.0,1715.479,0.0
1710.0,-720.0,1739.591,0.0
1720.0,-720.0,1764.0396,0.0
1730.0,-720.0,1788.824,0.0
1740.0,-720.0,1813.9451,0.0
1750.0,-720.0,1839.4016,0.0
1760.0,-720.0,1865.194,0.0
1770.0,-720.0,1891.321,0.0
1780.0,-720.0,1917.7828,0.0
1790.0,-720.0,1944.5803,0.0
1800.0,-720.0,1971.712,0.0
-200.0,-710.0,39270.906,1.0
-190.0,-710.0,39270.906,1.0
-180.0,-710.0,39270.906,1.0
-170.0,-710.0,39270.906,1.0
-160.0,-710.0,39270.906,1.0
-150.0,-710.0,39270.906,1.0
-140.0,-710.0,39270.906,1.0
-130.0,-710.0,39270.906,1.0
-120.0,-710.0,39270.906,1.0
-110.0,-710.0,39270.906,1.0
-100.0,-710.0,39270.906,1.0
-90.0,-710.0,39270.906,1.0
-80.0,-710.0,39270.906,1.0
-70.0,-710.0,39270.906,1.0
-60.0,-710.0,39270.906,1.0
-50.0,-710.0,39270.906,1.0
-40.0,-710.0,39270.906,1.0
-30.0,-710.0,2829.964,0.0
-20.0,-710.0,2791.62,0.0
-10.0,-710.0,2753.667,0.0
0.0,-710.0,2716.1038,0.0
10.0,-710.0,2678.9297,0.0
20.0,-710.0,2642.1465,0.0
30.0,-710.0,2605.7515,0.0
40.0,-710.0,2569.7463,0.0
50.0,-710.0,2534.1274,0.0
60.0,-710.0,2498.8977,0.0
70.0,-710.0,2464.0547,0.0
80.0,-710.0,2429.599,0.0
90.0,-710.0,2395.5298,0.0
100.0,-710.0,2361.8467,0.0
110.0,-710.0,2328.5476,0.0
120.0,-710.0,2295.6355,0.0
130.0,-710.0,2263.1074,0.0
140.0,-710.0,2230.963,0.0
150.0,-710.0,2199.2026,0.0
160.0,-710.0,2167.8267,0.0
170.0,-710.0,2136.833,0.0
180.0,-710.0,2106.2217,0.0
190.0,-710.0,2075.9941,0.0
200.0,-710.0,2046.1475,0.0
210.0,-710.0,2016.6819,0.0
220.0,-710.0,1987.5974,0.0
230.0,-710.0,1958.8942,0.0
240.0,-710.0,1930.5706,0.0
250.0,-710.0,1902.6268,0.0
260.0,-710.0,1875.063,0.0
270.0,-710.0,1847.8787,0.0
280.0,-710.0,1821.0731,0.0
290.0,-710.0,1794.6454,0.0
300.0,-710.0,1768.5964,0.0
310.0,-710.0,1742.9241,0.0
320.0,-710.0,1717.629,0.0
330.0,-710.0,1692.7114,0.0
340.0,-710.0,1668.1702,0.0
350.0,-710.0,1644.0052,0.0
360.0,-710.0,1620.2161,0.0
370.0,-710.0,1596.8032,0.0
380.0,-710.0,1573.7651,0.0
390.0,-710.0,1551.1016,0.0
400.0,-710.0,1528.8127,0.0
410.0,-710.0,1506.8975,0.0
420.0,-710.0,1485.3569,0.0
430.0,-710.0,1464.19,0.0
440.0,-710.0,1443.3956,0.0
450.0,-710.0,1422.9744,0.0
460.0,-710.0,1402.9258,0.0
470.0,-710.0,1383.2485,0.0
480.0,-710.0,1363.9438,0.0
490.0,-710.0,1345.0109,0.0
500.0,-710.0,1326.4489,0.0
510.0,-710.0,1308.2576,0.0
520.0,-710.0,1290.4371,0.0
530.0,-710.0,1272.9868,0.0
540.0,-710.0,1255.9065,0.0
550.0,-710.0,1239.1958,0.0
560.0,-710.0,1222.8551,0.0
570.0,-710.0,1206.8833,0.0
580.0,-710.0,1191.2803,0.0
590.0,-710.0,1176.0459,0.0
600.0,-710.0,1161.1788,0.0
610.0,-710.0,1146.6797,0.0
620.0,-710.0,1132.5488,0.0
630.0,-710.0,1118.7856,0.0
640.0,-710.0,1105.3892,0.0
650.0,-710.0,1092.3597,0.0
660.0,-710.0,1079.6965,0.0
670.0,-710.0,1067.3992,0.0
680.0,-710.0,1055.4685,0.0
690.0,-710.0,1043.9027,0.0
700.0,-710.0,1032.7029,0.0
710.0,-710.0,1021.8673,0.0
720.0,-710.0,1011.39734,0.0
730.0,-710.0,1001.2915,0.0
740.0,-710.0,991.55005,0.0
750.0,-710.0,982.17267,0.0
760.0,-710.0,973.15924,0.0
770.0,-710.0,964.509,0.0
780.0,-710.0,956.22205,0.0
790.0,-710.0,948.2979,0.0
800.0,-710.0,940.7368,0.0
810.0,-710.0,933.53796,0.0
820.0,-710.0,926.70166,0.0
830.0,-710.0,920.227,0.0
840.0,-710.0,914.11346,0.0
850.0,-710.0,908.362,0.0
860.0,-710.0,902.9718,0.0
870.0,-710.0,897.9419,0.0
880.0,-710.0,893.27344,0.0
890.0,-710.0,888.9649,0.0
900.0,-710.0,885.01685,0.0
910.0,-710.0,881.4288,0.0
920.0,-710.0,878.20013,0.0
930.0,-710.0,875.33093,0.0
940.0,-710.0,872.82104,0.0
950.0,-710.0,870.6703,0.0
960.0,-710.0,868.87805,0.0
970.0,-710.0,867.44434,0.0
980.0,-710.0,866.369,0.0
990.0,-710.0,865.65155,0.0
1000.0,-710.0,865.29236,0.0
1010.0,-710.0,865.2904,0.0
1020.0,-710.0,865.64526,0.0
1030.0,-710.0,866.35767,0.0
1040.0,-710.0,867.4264,0.0
1050.0,-710.0,868.8522,0.0
1060.0,-710.0,870.6343,0.0
1070.0,-710.0,872.7726,0.0
1080.0,-710.0,875.2669,0.0
1090.0,-710.0,878.11694,0.0
1100.0,-710.0,881.32227,0.0
1110.0,-710.0,884.88257,0.0
1120.0,-710.0,888.7981,0.0
1130.0,-710.0,893.0684,0.0
1140.0,-710.0,897.6933,0.0
1150.0,-710.0,902.6722,0.0
1160.0,-710.0,908.00574,0.0
1170.0,-710.0,913.6926,0.0
1180.0,-710.0,919.7335,0.0
1190.0,-710.0,926.12756,0.0
1200.0,-710.0,932.8751,0.0
1210.0,-710.0,939.9756,0.0
1220.0,-710.0,947.4287,0.0
1230.0,-710.0,955.2345,0.0
1240.0,-710.0,963.3923,0.0
1250.0,-710.0,971.9021,0.0
1260.0,-710.0,980.76416,0.0
1270.0,-710.0,989.97766,0.0
1280.0,-710.0,999.5425,0.0
1290.0,-710.0,1009.4584,0.0
1300.0,-710.0,1019.7246,0.0
1310.0,-710.0,1030.3413,0.0
1320.0,-710.0,1041.3083,0.0
1330.0,-710.0,1052.6246,0.0
1340.0,-710.0,1064.2921,0.0
1350.0,-710.0,1076.3096,0.0
1360.0,-710.0,1088.6777,0.0
1370.0,-710.0,1101.395,0.0
1380.0,-710.0,1114.4622,0.0
1390.0,-710.0,1127.877,0.0
1400.0,-710.0,1141.641,0.0
1410.0,-710.0,1155.7532,0.0
1420.0,-710.0,1170.2139,0.0
1430.0,-710.0,1185.0228,0.0
1440.0,-710.0,1200.1794,0.0
1450.0,-710.0,1215.6838,0.0
1460.0,-710.0,1231.5354,0.0
1470.0,-710.0,1247.7343,0.0
1480.0,-710.0,1264.2803,0.0
1490.0,-710.0,1281.1725,0.0
1500.0,-710.0,1298.4111,0.0
1510.0,-710.0,1315.9963,0.0
1520.0,-710.0,1333.927,0.0
1530.0,-710.0,1352.2041,0.0
1540.0,-710.0,1370.8262,0.0
1550.0,-710.0,1389.7941,0.0
1560.0,-710.0,1409.1067,0.0
1570.0,-710.0,1428.764,0.0
1580.0,-710.0,1448.7656,0.0
1590.0,-710.0,1469.1124,0.0
1600.0,-710.0,1489.8037,0.0
1610.0,-710.0,1510.8379,0.0
1620.0,-710.0,1532.2163,0.0
1630.0,-710.0,1553.9373,0.0
1640.0,-710.0,1576.0015,0.0
1650.0,-710.0,1598.4094,0.0
1660.0,-710.0,1621.1593,0.0
1670.0,-710.0,1644.2513,0.0
1680.0,-710.0,1667.6859,0.0
1690.0,-710.0,1691.4624,0.0
1700.0,-710.0,1715.5806,0.0
1710.0,-710.0,1740.041,0.0
1720.0,-710.0,1764.843,0.0
1730.0,-710.0,1789.9856,0.0
1740.0,-710.0,1815.4684,0.0
1750.0,-710.0,1841.2927,0.0
1760.0,-710.0,1867.4562,0.0
1770.0,-710.0,1893.9602,0.0
1780.0,-710.0,1920.8032,0.0
1790.0,-710.0,1947.9862,0.0
1800.0,-710.0,1975.5085,0.0
-200.0,-700.0,39270.906,1.0
-190.0,-700.0,39270.906,1.0
-180.0,-700.0,39270.906,1.0
-170.0,-700.0,39270.906,1.0
-160.0,-700.0,39270.906,1.0
-150.0,-700.0,39270.906,1.0
-140.0,-700.0,39270.906,1.0
-130.0,-700.0,39270.906,1.0
-120.0,-700.0,39270.906,1.0
-110.0,-700.0,39270.906,1.0
-100.0,-700.0,39270.906,1.0
-90.0,-700.0,39270.906,1.0
-80.0,-700.0,39270.906,1.0
-70.0,-700.0,39270.906,1.0
-60.0,-700.0,39270.906,1.0
-50.0,-700.0,39270.906,1.0
-40.0,-700.0,2886.863,0.0
-30.0,-700.0,2847.5278,0.0
-20.0,-700.0,2808.5894,0.0
-10.0,-700.0,2770.0488,0.0
0.0,-700.0,2731.904,0.0
10.0,-700.0,2694.1567,0.0
20.0,-700.0,2656.8052,0.0
30.0,-700.0,2619.8486,0.0
40.0,-700.0,2583.2874,0.0
50.0,-700.0,2547.1204,0.0
60.0,-700.0,2511.3477,0.0
70.0,-700.0,2475.969,0.0
80.0,-700.0,2440.983,0.0
90.0,-700.0,2406.3904,0.0
100.0,-700.0,2372.189,0.0
110.0,-700.0,2338.38,0.0
120.0,-700.0,2304.9624,0.0
130.0,-700.0,2271.935,0.0
140.0,-700.0,2239.2983,0.0
150.0,-700.0,2207.0518,0.0
160.0,-700.0,2175.195,0.0
170.0,-700.0,2143.7273,0.0
180.0,-700.0,2112.6484,0.0
190.0,-700.0,2081.958,0.0
200.0,-700.0,2051.6558,0.0
210.0,-700.0,2021.7415,0.0
220.0,-700.0,1992.2134,0.0
230.0,-700.0,1963.0719,0.0
240.0,-700.0,1934.3176,0.0
250.0,-700.0,1905.9485,0.0
260.0,-700.0,1877.9653,0.0
270.0,-700.0,1850.3677,0.0
280.0,-700.0,1823.1545,0.0
290.0,-700.0,1796.3257,0.0
300.0,-700.0,1769.881,0.0
310.0,-700.0,1743.82,0.0
320.0,-700.0,1718.1414,0.0
330.0,-700.0,1692.8467,0.0
340.0,-700.0,1667.9331,0.0
350.0,-700.0,1643.4028,0.0
360.0,-700.0,1619.2537,0.0
370.0,-700.0,1595.4865,0.0
380.0,-700.0,1572.1,0.0
390.0,-700.0,1549.095,0.0
400.0,-700.0,1526.4696,0.0
410.0,-700.0,1504.2251,0.0
420.0,-700.0,1482.3594,0.0
430.0,-700.0,1460.8733,0.0
440.0,-700.0,1439.7656,0.0
450.0,-700.0,1419.0376,0.0
460.0,-700.0,1398.687,0.0
470.0,-700.0,1378.7148,0.0
480.0,-700.0,1359.1205,0.0
490.0,-700.0,1339.9031,0.0
500.0,-700.0,1321.0625,0.0
510.0,-700.0,1302.5994,0.0
520.0,-700.0,1284.5116,0.0
530.0,-700.0,1266.8003,0.0
540.0,-700.0,1249.464,0.0
550.0,-700.0,1232.5039,0.0
560.0,-700.0,1215.9187,0.0
570.0,-700.0,1199.7083,0.0
580.0,-700.0,1183.873,0.0
590.0,-700.0,1168.4109,0.0
600.0,-700.0,1153.3228,0.0
610.0,-700.0,1138.6082,0.0
620.0,-700.0,1124.2673,0.0
630.0,-700.0,1110.2985,0.0
640.0,-700.0,1096.7034,0.0
650.0,-700.0,1083.4805,0.0
660.0,-700.0,1070.6298,0.0
670.0,-700.0,1058.1501,0.0
680.0,-700.0,1046.0422,0.0
690.0,-700.0,1034.3059,0.0
700.0,-700.0,1022.9399,0.0
710.0,-700.0,1011.9448,0.0
720.0,-700.0,1001.3198,0.0
730.0,-700.0,991.0654,0.0
740.0,-700.0,981.1808,0.0
750.0,-700.0,971.66534,0.0
760.0,-700.0,962.51917,0.0
770.0,-700.0,953.74207,0.0
780.0,-700.0,945.3339,0.0
790.0,-700.0,937.2943,0.0
800.0,-700.0,929.6223,0.0
810.0,-700.0,922.3183,0.0
820.0,-700.0,915.38257,0.0
830.0,-700.0,908.81384,0.0
840.0,-700.0,902.61194,0.0
850.0,-700.0,896.777,0.0
860.0,-700.0,891.30853,0.0
870.0,-700.0,886.2068,0.0
880.0,-700.0,881.47095,0.0
890.0,-700.0,877.101,0.0
900.0,-700.0,873.09656,0.0
910.0,-700.0,869.4577,0.0
920.0,-700.0,866.1836,0.0
930.0,-700.0,863.27454,0.0
940.0,-700.0,860.72986,0.0
950.0,-700.0,858.54956,0.0
960.0,-700.0,856.7334,0.0
970.0,-700.0,855.281,0.0
980.0,-700.0,854.19244,0.0
990.0,-700.0,853.467,0.0
1000.0,-700.0,853.10486,0.0
1010.0,-700.0,853.10596,0.0
1020.0,-700.0,853.4685,0.0
1030.0,-700.0,854.1942,0.0
1040.0,-700.0,855.28174,0.0
1050.0,-700.0,856.7316,0.0
1060.0,-700.0,858.5423,0.0
1070.0,-700.0,860.71545,0.0
1080.0,-700.0,863.249,0.0
1090.0,-700.0,866.14404,0.0
1100.0,-700.0,869.3994,0.0
1110.0,-700.0,873.0154,0.0
1120.0,-700.0,876.9918,0.0
1130.0,-700.0,881.328,0.0
1140.0,-700.0,886.02405,0.0
1150.0,-700.0,891.0796,0.0
1160.0,-700.0,896.49426,0.0
1170.0,-700.0,902.26794,0.0
1180.0,-700.0,908.40076,0.0
1190.0,-700.0,914.8922,0.0
1200.0,-700.0,921.7423,0.0
1210.0,-700.0,928.94995,0.0
1220.0,-700.0,936.5156,0.0
1230.0,-700.0,944.43933,0.0
1240.0,-700.0,952.72046,0.0
1250.0,-700.0,961.35834,0.0
1260.0,-700.0,970.3539,0.0
1270.0,-700.0,979.7061,0.0
1280.0,-700.0,989.4143,0.0
1290.0,-700.0,999.479,0.0
1300.0,-700.0,1009.8992,0.0
1310.0,-700.0,1020.6747,0.0
1320.0,-700.0,1031.8057,0.0
1330.0,-700.0,1043.291,0.0
1340.0,-700.0,1055.1334,0.0
1350.0,-700.0,1067.3306,0.0
1360.0,-700.0,1079.8835,0.0
1370.0,-700.0,1092.7909,0.0
1380.0,-700.0,1106.0515,0.0
1390.0,-700.0,1119.6665,0.0
1400.0,-700.0,1133.6353,0.0
1410.0,-700.0,1147.9578,0.0
1420.0,-700.0,1162.6338,0.0
1430.0,-700.0,1177.6626,0.0
1440.0,-700.0,1193.0444,0.0
1450.0,-700.0,1208.7787,0.0
1460.0,-700.0,1224.8657,0.0
1470.0,-700.0,1241.3043,0.0
1480.0,-700.0,1258.0952,0.0
1490.0,-700.0,1275.2375,0.0
1500.0,-700.0,1292.7316,0.0
1510.0,-700.0,1310.5769,0.0
1520.0,-700.0,1328.773,0.0
1530.0,-700.0,1347.3198,0.0
1540.0,-700.0,1366.2166,0.0
1550.0,-700.0,1385.4647,0.0
1560.0,-700.0,1405.0616,0.0
1570.0,-700.0,1425.0093,0.0
1580.0,-700.0,1445.3062,0.0
1590.0,-700.0,1465.9528,0.0
1600.0,-700.0,1486.9485,0.0
1610.0,-700.0,1508.2922,0.0
1620.0,-700.0,1529.9845,0.0
1630.0,-700.0,1552.026,0.0
1640.0,-700.0,1574.4148,0.0
1650.0,-700.0,1597.1511,0.0
1660.0,-700.0,1620.2349,0.0
1670.0,-700.0,1643.6663,0.0
1680.0,-700.0,1667.4448,0.0
1690.0,-700.0,1691.5707,0.0
1700.0,-700.0,1716.0427,0.0
1710.0,-700.0,1740.862,0.0
1720.0,-700.0,1766.0269,0.0
1730.0,-700.0,1791.5377,0.0
1740.0,-700.0,1817.3936,0.0
1750.0,-700.0,1843.595,0.0
1760.0,-700.0,1870.1412,0.0
1770.0,-700.0,1897.0321,0.0
1780.0,-700.0,1924.268,0.0
1790.0,-700.0,1951.8477,0.0
1800.0,-700.0,1979.772,0.0
-200.0,-690.0,39270.906,1.0
-190.0,-690.0,39270.906,1.0
-180.0,-690.0,39270.906,1.0
-170.0,-690.0,39270.906,1.0
-160.0,-690.0,39270.906,1.0
-150.0,-690.0,39270.906,1.0
-140.0,-690.0,39270.906,1.0
-130.0,-690.0,39270.906,1.0
-120.0,-690.0,39270.906,1.0
-110.0,-690.0,39270.906,1.0
-100.0,-690.0,39270.906,1.0
-90.0,-690.0,39270.906,1.0
-80.0,-690.0,39270.906,1.0
-70.0,-690.0,39270.906,1.0
-60.0,-690.0,39270.906,1.0
-50.0,-690.0,2946.333,0.0
-40.0,-690.0,2905.9717,0.0
-30.0,-690.0,2866.0166,0.0
-20.0,-690.0,2826.4663,0.0
-10.0,-690.0,2787.3193,0.0
0.0,-690.0,2748.5752,0.0
10.0,-690.0,2710.2356,0.0
20.0,-690.0,2672.2983,0.0
30.0,-690.0,2634.763,0.0
40.0,-690.0,2597.6282,0.0
50.0,-690.0,2560.8955,0.0
60.0,-690.0,2524.563,0.0
70.0,-690.0,2488.63,0.0
80.0,-690.0,2453.0977,0.0
90.0,-690.0,2417.9644,0.0
100.0,-690.0,2383.229,0.0
110.0,-690.0,2348.8926,0.0
120.0,-690.0,2314.9543,0.0
130.0,-690.0,2281.413,0.0
140.0,-690.0,2248.268,0.0
150.0,-690.0,2215.5195,0.0
160.0,-690.0,2183.1675,0.0
170.0,-690.0,2151.211,0.0
180.0,-690.0,2119.6504,0.0
190.0,-690.0,2088.483,0.0
200.0,-690.0,2057.7102,0.0
210.0,-690.0,2027.3322,0.0
220.0,-690.0,1997.3472,0.0
230.0,-690.0,1967.7549,0.0
240.0,-690.0,1938.5554,0.0
250.0,-690.0,1909.7476,0.0
260.0,-690.0,1881.3324,0.0
270.0,-690.0,1853.3079,0.0
280.0,-690.0,1825.6748,0.0
290.0,-690.0,1798.4324,0.0
300.0,-690.0,1771.5796,0.0
310.0,-690.0,1745.1176,0.0
320.0,-690.0,1719.044,0.0
330.0,-690.0,1693.3594,0.0
340.0,-690.0,1668.0635,0.0
350.0,-690.0,1643.1555,0.0
360.0,-690.0,1618.6357,0.0
370.0,-690.0,1594.5037,0.0
380.0,-690.0,1570.7588,0.0
390.0,-690.0,1547.4009,0.0
400.0,-690.0,1524.4286,0.0
410.0,-690.0,1501.8431,0.0
420.0,-690.0,1479.6431,0.0
430.0,-690.0,1457.8284,0.0
440.0,-690.0,1436.398,0.0
450.0,-690.0,1415.3534,0.0
460.0,-690.0,1394.6923,0.0
470.0,-690.0,1374.4153,0.0
480.0,-690.0,1354.5211,0.0
490.0,-690.0,1335.0117,0.0
500.0,-690.0,1315.8843,0.0
510.0,-690.0,1297.1394,0.0
520.0,-690.0,1278.7769,0.0
530.0,-690.0,1260.7959,0.0
540.0,-690.0,1243.1973,0.0
550.0,-690.0,1225.9792,0.0
560.0,-690.0,1209.1423,0.0
570.0,-690.0,1192.6865,0.0
580.0,-690.0,1176.6106,0.0
590.0,-690.0,1160.915,0.0
600.0,-690.0,1145.5988,0.0
610.0,-690.0,1130.6615,0.0
620.0,-690.0,1116.1035,0.0
630.0,-690.0,1101.9243,0.0
640.0,-690.0,1088.1237,0.0
650.0,-690.0,1074.7017,0.0
660.0,-690.0,1061.6573,0.0
670.0,-690.0,1048.9902,0.0
680.0,-690.0,1036.7003,0.0
690.0,-690.0,1024.7874,0.0
700.0,-690.0,1013.2505,0.0
710.0,-690.0,1002.09094,0.0
720.0,-690.0,991.307,0.0
730.0,-690.0,980.8988,0.0
740.0,-690.0,970.86633,0.0
750.0,-690.0,961.2089,0.0
760.0,-690.0,951.9262,0.0
770.0,-690.0,943.0188,0.0
780.0,-690.0,934.4854,0.0
790.0,-690.0,926.3252,0.0
800.0,-690.0,918.5403,0.0
810.0,-690.0,911.12805,0.0
820.0,-690.0,904.08966,0.0
830.0,-690.0,897.4238,0.0
840.0,-690.0,891.1304,0.0
850.0,-690.0,885.2096,0.0
860.0,-690.0,879.6615,0.0
870.0,-690.0,874.4855,0.0
880.0,-690.0,869.6804,0.0
890.0,-690.0,865.24677,0.0
900.0,-690.0,861.18494,0.0
910.0,-690.0,857.4929,0.0
920.0,-690.0,854.1723,0.0
930.0,-690.0,851.22205,0.0
940.0,-690.0,848.6415,0.0
950.0,-690.0,846.4313,0.0
960.0,-690.0,844.59,0.0
970.0,-690.0,843.1185,0.0
980.0,-690.0,842.0161,0.0
990.0,-690.0,841.28253,0.0
1000.0,-690.0,840.9177,0.0
1010.0,-690.0,840.9209,0.0
1020.0,-690.0,841.29224,0.0
1030.0,-690.0,842.0317,0.0
1040.0,-690.0,843.1384,0.0
1050.0,-690.0,844.6124,0.0
1060.0,-690.0,846.45374,0.0
1070.0,-690.0,848.66174,0.0
1080.0,-690.0,851.23645,0.0
1090.0,-690.0,854.178,0.0
1100.0,-690.0,857.48474,0.0
1110.0,-690.0,861.1579,0.0
1120.0,-690.0,865.1966,0.0
1130.0,-690.0,869.6007,0.0
1140.0,-690.0,874.37006,0.0
1150.0,-690.0,879.504,0.0
1160.0,-690.0,885.00305,0.0
1170.0,-690.0,890.86584,0.0
1180.0,-690.0,897.09375,0.0
1190.0,-690.0,903.68555,0.0
1200.0,-690.0,910.6405,0.0
1210.0,-690.0,917.95935,0.0
1220.0,-690.0,925.64136,0.0
1230.0,-690.0,933.68634,0.0
1240.0,-690.0,942.09375,0.0
1250.0,-690.0,950.8644,0.0
1260.0,-690.0,959.9969,0.0
1270.0,-690.0,969.4915,0.0
1280.0,-690.0,979.3481,0.0
1290.0,-690.0,989.56573,0.0
1300.0,-690.0,1000.14386,0.0
1310.0,-690.0,1011.08356,0.0
1320.0,-690.0,1022.383,0.0
1330.0,-690.0,1034.0437,0.0
1340.0,-690.0,1046.0652,0.0
1350.0,-690.0,1058.4482,0.0
1360.0,-690.0,1071.1908,0.0
1370.0,-690.0,1084.2932,0.0
1380.0,-690.0,1097.755,0.0
1390.0,-690.0,1111.5752,0.0
1400.0,-690.0,1125.7549,0.0
1410.0,-690.0,1140.2935,0.0
1420.0,-690.0,1155.1909,0.0
1430.0,-690.0,1170.4463,0.0
1440.0,-690.0,1186.0602,0.0
1450.0,-690.0,1202.0312,0.0
1460.0,-690.0,1218.36,0.0
1470.0,-690.0,1235.0459,0.0
1480.0,-690.0,1252.0897,0.0
1490.0,-690.0,1269.4893,0.0
1500.0,-690.0,1287.2458,0.0
1510.0,-690.0,1305.3586,0.0
1520.0,-690.0,1323.8284,0.0
1530.0,-690.0,1342.6531,0.0
1540.0,-690.0,1361.8336,0.0
1550.0,-690.0,1381.3694,0.0
1560.0,-690.0,1401.2607,0.0
1570.0,-690.0,1421.5066,0.0
1580.0,-690.0,1442.1067,0.0
1590.0,-690.0,1463.0615,0.0
1600.0,-690.0,1484.3713,0.0
1610.0,-690.0,1506.0337,0.0
1620.0,-690.0,1528.0502,0.0
1630.0,-690.0,1550.4203,0.0
1640.0,-690.0,1573.1426,0.0
1650.0,-690.0,1596.2185,0.0
1660.0,-690.0,1619.6462,0.0
1670.0,-690.0,1643.427,0.0
1680.0,-690.0,1667.5592,0.0
1690.0,-690.0,1692.0444,0.0
1700.0,-690.0,1716.8813,0.0
1710.0,-690.0,1742.0691,0.0
1720.0,-690.0,1767.6084,0.0
1730.0,-690.0,1793.4979,0.0
1740.0,-690.0,1819.7378,0.0
1750.0,-690.0,1846.3281,0.0
1760.0,-690.0,1873.2681,0.0
1770.0,-690.0,1900.5579,0.0
1780.0,-690.0,1928.197,0.0
1790.0,-690.0,1956.1858,0.0
1800.0,-690.0,1984.5237,0.0
-200.0,-680.0,39270.906,1.0
-190.0,-680.0,39270.906,1.0
-180.0,-680.0,39270.906,1.0
-170.0,-680.0,39270.906,1.0
-160.0,-680.0,39270.906,1.0
-150.0,-680.0,39270.906,1.0
-140.0,-680.0,39270.906,1.0
-130.0,-680.0,39270.906,1.0
-120.0,-680.0,39270.906,1.0
-110.0,-680.0,39270.906,1.0
-100.0,-680.0,39270.906,1.0
-90.0,-680.0,39270.906,1.0
-80.0,-680.0,39270.906,1.0
-70.0,-680.0,39270.906,1.0
-60.0,-680.0,39270.906,1.0
-50.0,-680.0,2967.0789,0.0
-40.0,-680.0,2926.0708,0.0
-30.0,-680.0,2885.4768,0.0
-20.0,-680.0,2845.294,0.0
-10.0,-680.0,2805.5212,0.0
0.0,-680.0,2766.1592,0.0
10.0,-680.0,2727.207,0.0
20.0,-680.0,2688.665,0.0
30.0,-680.0,2650.5312,0.0
40.0,-680.0,2612.8052,0.0
50.0,-680.0,2575.4883,0.0
60.0,-680.0,2538.5781,0.0
70.0,-680.0,2502.0742,0.0
80.0,-680.0,2465.9778,0.0
90.0,-680.0,2430.2861,0.0
100.0,-680.0,2395.001,0.0
110.0,-680.0,2360.12,0.0
120.0,-680.0,2325.644,0.0
130.0,-680.0,2291.572,0.0
140.0,-680.0,2257.9023,0.0
150.0,-680.0,2224.6365,0.0
160.0,-680.0,2191.7734,0.0
170.0,-680.0,2159.312,0.0
180.0,-680.0,2127.2524,0.0
190.0,-680.0,2095.595,0.0
200.0,-680.0,2064.3374,0.0
210.0,-680.0,2033.481,0.0
220.0,-680.0,2003.0234,0.0
230.0,-680.0,1972.9656,0.0
240.0,-680.0,1943.3076,0.0
250.0,-680.0,1914.0469,0.0
260.0,-680.0,1885.1853,0.0
270.0,-680.0,1856.7217,0.0
280.0,-680.0,1828.6555,0.0
290.0,-680.0,1800.9855,0.0
300.0,-680.0,1773.7122,0.0
310.0,-680.0,1746.8354,0.0
320.0,-680.0,1720.3546,0.0
330.0,-680.0,1694.2689,0.0
340.0,-680.0,1668.5773,0.0
350.0,-680.0,1643.2815,0.0
360.0,-680.0,1618.3783,0.0
370.0,-680.0,1593.8701,0.0
380.0,-680.0,1569.755,0.0
390.0,-680.0,1546.0327,0.0
400.0,-680.0,1522.7035,0.0
410.0,-680.0,1499.7664,0.0
420.0,-680.0,1477.2212,0.0
430.0,-680.0,1455.0673,0.0
440.0,-680.0,1433.3049,0.0
450.0,-680.0,1411.9331,0.0
460.0,-680.0,1390.9517,0.0
470.0,-680.0,1370.3601,0.0
480.0,-680.0,1350.159,0.0
490.0,-680.0,1330.3466,0.0
500.0,-680.0,1310.923,0.0
510.0,-680.0,1291.8892,0.0
520.0,-680.0,1273.2434,0.0
530.0,-680.0,1254.9846,0.0
540.0,-680.0,1237.114,0.0
550.0,-680.0,1219.6305,0.0
560.0,-680.0,1202.5337,0.0
570.0,-680.0,1185.8245,0.0
580.0,-680.0,1169.5017,0.0
590.0,-680.0,1153.5642,0.0
600.0,-680.0,1138.013,0.0
610.0,-680.0,1122.8464,0.0
620.0,-680.0,1108.0652,0.0
630.0,-680.0,1093.6681,0.0
640.0,-680.0,1079.6562,0.0
650.0,-680.0,1066.0283,0.0
660.0,-680.0,1052.7845,0.0
670.0,-680.0,1039.9238,0.0
680.0,-680.0,1027.4463,0.0
690.0,-680.0,1015.3514,0.0
700.0,-680.0,1003.63934,0.0
710.0,-680.0,992.3092,0.0
720.0,-680.0,981.3611,0.0
730.0,-680.0,970.7949,0.0
740.0,-680.0,960.61017,0.0
750.0,-680.0,950.8059,0.0
760.0,-680.0,941.3826,0.0
770.0,-680.0,932.3404,0.0
780.0,-680.0,923.6777,0.0
790.0,-680.0,915.39526,0.0
800.0,-680.0,907.49207,0.0
810.0,-680.0,899.9685,0.0
820.0,-680.0,892.8242,0.0
830.0,-680.0,886.0586,0.0
840.0,-680.0,879.6713,0.0
850.0,-680.0,873.662,0.0
860.0,-680.0,868.0311,0.0
870.0,-680.0,862.7777,0.0
880.0,-680.0,857.9016,0.0
890.0,-680.0,853.40283,0.0
900.0,-680.0,849.28076,0.0
910.0,-680.0,845.53546,0.0
920.0,-680.0,842.1663,0.0
930.0,-680.0,839.17334,0.0
940.0,-680.0,836.5564,0.0
950.0,-680.0,834.31445,0.0
960.0,-680.0,832.44824,0.0
970.0,-680.0,830.95685,0.0
980.0,-680.0,829.84045,0.0
990.0,-680.0,829.098,0.0
1000.0,-680.0,828.7306,0.0
1010.0,-680.0,828.73706,0.0
1020.0,-680.0,829.1167,0.0
1030.0,-680.0,829.8695,0.0
1040.0,-680.0,830.9962,0.0
1050.0,-680.0,832.4955,0.0
1060.0,-680.0,834.36755,0.0
1070.0,-680.0,836.6124,0.0
1080.0,-680.0,839.22925,0.0
1090.0,-680.0,842.2178,0.0
1100.0,-680.0,845.57837,0.0
1110.0,-680.0,849.3106,0.0
1120.0,-680.0,853.41345,0.0
1130.0,-680.0,857.8874,0.0
1140.0,-680.0,862.7327,0.0
1150.0,-680.0,867.9475,0.0
1160.0,-680.0,873.53284,0.0
1170.0,-680.0,879.4883,0.0
1180.0,-680.0,885.8137,0.0
1190.0,-680.0,892.5084,0.0
1200.0,-680.0,899.5725,0.0
1210.0,-680.0,907.00525,0.0
1220.0,-680.0,914.80664,0.0
1230.0,-680.0,922.9769,0.0
1240.0,-680.0,931.5155,0.0
1250.0,-680.0,940.4219,0.0
1260.0,-680.0,949.69556,0.0
1270.0,-680.0,959.3374,0.0
1280.0,-680.0,969.34644,0.0
1290.0,-680.0,979.72156,0.0
1300.0,-680.0,990.4632,0.0
1310.0,-680.0,1001.5709,0.0
1320.0,-680.0,1013.04504,0.0
1330.0,-680.0,1024.8855,0.0
1340.0,-680.0,1037.0925,0.0
1350.0,-680.0,1049.6658,0.0
1360.0,-680.0,1062.6049,0.0
1370.0,-680.0,1075.9081,0.0
1380.0,-680.0,1089.5762,0.0
1390.0,-680.0,1103.6086,0.0
1400.0,-680.0,1118.0059,0.0
1410.0,-680.0,1132.7672,0.0
1420.0,-680.0,1147.8922,0.0
1430.0,-680.0,1163.3811,0.0
1440.0,-680.0,1179.2333,0.0
1450.0,-680.0,1195.4485,0.0
1460.0,-680.0,1212.0269,0.0
1470.0,-680.0,1228.968,0.0
1480.0,-680.0,1246.271,0.0
1490.0,-680.0,1263.9362,0.0
1500.0,-680.0,1281.9636,0.0
1510.0,-680.0,1300.3524,0.0
1520.0,-680.0,1319.1025,0.0
1530.0,-680.0,1338.2144,0.0
1540.0,-680.0,1357.6865,0.0
1550.0,-680.0,1377.5193,0.0
1560.0,-680.0,1397.7124,0.0
1570.0,-680.0,1418.2657,0.0
1580.0,-680.0,1439.179,0.0
1590.0,-680.0,1460.4521,0.0
1600.0,-680.0,1482.0845,0.0
1610.0,-680.0,1504.0759,0.0
1620.0,-680.0,1526.426,0.0
1630.0,-680.0,1549.134,0.0
1640.0,-680.0,1572.2007,0.0
1650.0,-680.0,1595.6256,0.0
1660.0,-680.0,1619.4077,0.0
1670.0,-680.0,1643.5479,0.0
1680.0,-680.0,1668.0459,0.0
1690.0,-680.0,1692.901,0.0
1700.0,-680.0,1718.1125,0.0
1710.0,-680.0,1743.6807,0.0
1720.0,-680.0,1769.6047,0.0
1730.0,-680.0,1795.8845,0.0
1740.0,-680.0,1822.52,0.0
1750.0,-680.0,1849.511,0.0
1760.0,-680.0,1876.8563,0.0
1770.0,-680.0,1904.557,0.0
1780.0,-680.0,1932.612,0.0
1790.0,-680.0,1961.022,0.0
1800.0,-680.0,1989.7858,0.0
-200.0,-670.0,39270.906,1.0
-190.0,-670.0,39270.906,1.0
-180.0,-670.0,39270.906,1.0
-170.0,-670.0,39270.906,1.0
-160.0,-670.0,39270.906,1.0
-150.0,-670.0,39270.906,1.0
-140.0,-670.0,39270.906,1.0
-130.0,-670.0,39270.906,1.0
-120.0,-670.0,39270.906,1.0
-110.0,-670.0,39270.906,1.0
-100.0,-670.0,39270.906,1.0
-90.0,-670.0,39270.906,1.0
-80.0,-670.0,39270.906,1.0
-70.0,-670.0,39270.906,1.0
-60.0,-670.0,3030.977,0.0
-50.0,-670.0,2988.8835,0.0
-40.0,-670.0,2947.2085,0.0
-30.0,-670.0,2905.954,0.0
-20.0,-670.0,2865.1167,0.0
-10.0,-670.0,2824.6995,0.0
0.0,-670.0,2784.6982,0.0
10.0,-670.0,2745.1138,0.0
20.0,-670.0,2705.9468,0.0
30.0,-670.0,2667.1963,0.0
40.0,-670.0,2628.8594,0.0
50.0,-670.0,2590.9382,0.0
60.0,-670.0,2553.4316,0.0
70.0,-670.0,2516.3384,0.0
80.0,-670.0,2479.6592,0.0
90.0,-670.0,2443.392,0.0
100.0,-670.0,2407.538,0.0
110.0,-670.0,2372.0952,0.0
120.0,-670.0,2337.064,0.0
130.0,-670.0,2302.4434,0.0
140.0,-670.0,2268.233,0.0
150.0,-670.0,2234.4329,0.0
160.0,-670.0,2201.042,0.0
170.0,-670.0,2168.0598,0.0
180.0,-670.0,2135.4863,0.0
190.0,-670.0,2103.3218,0.0
200.0,-670.0,2071.5635,0.0
210.0,-670.0,2040.2124,0.0
220.0,-670.0,2009.2687,0.0
230.0,-670.0,1978.7302,0.0
240.0,-670.0,1948.5978,0.0
250.0,-670.0,1918.8705,0.0
260.0,-670.0,1889.5486,0.0
270.0,-670.0,1860.6306,0.0
280.0,-670.0,1832.1174,0.0
290.0,-670.0,1804.0067,0.0
300.0,-670.0,1776.2992,0.0
310.0,-670.0,1748.9951,0.0
320.0,-670.0,1722.0931,0.0
330.0,-670.0,1695.5935,0.0
340.0,-670.0,1669.4946,0.0
350.0,-670.0,1643.797,0.0
360.0,-670.0,1618.4993,0.0
370.0,-670.0,1593.6018,0.0
380.0,-670.0,1569.105,0.0
390.0,-670.0,1545.0076,0.0
400.0,-670.0,1521.3087,0.0
410.0,-670.0,1498.0093,0.0
420.0,-670.0,1475.1077,0.0
430.0,-670.0,1452.605,0.0
440.0,-670.0,1430.4987,0.0
450.0,-670.0,1408.7896,0.0
460.0,-670.0,1387.4778,0.0
470.0,-670.0,1366.562,0.0
480.0,-670.0,1346.0426,0.0
490.0,-670.0,1325.9191,0.0
500.0,-670.0,1306.1907,0.0
510.0,-670.0,1286.8567,0.0
520.0,-670.0,1267.9178,0.0
530.0,-670.0,1249.3734,0.0
540.0,-670.0,1231.2227,0.0
550.0,-670.0,1213.4656,0.0
560.0,-670.0,1196.1011,0.0
570.0,-670.0,1179.1304,0.0
580.0,-670.0,1162.5522,0.0
590.0,-670.0,1146.3658,0.0
600.0,-670.0,1130.5715,0.0
610.0,-670.0,1115.1687,0.0
620.0,-670.0,1100.1565,0.0
630.0,-670.0,1085.5356,0.0
640.0,-670.0,1071.3047,0.0
650.0,-670.0,1057.4655,0.0
660.0,-670.0,1044.0156,0.0
670.0,-670.0,1030.9554,0.0
680.0,-670.0,1018.2835,0.0
690.0,-670.0,1006.0017,0.0
700.0,-670.0,994.10803,0.0
710.0,-670.0,982.6029,0.0
720.0,-670.0,971.48517,0.0
730.0,-670.0,960.756,0.0
740.0,-670.0,950.4137,0.0
750.0,-670.0,940.459,0.0
760.0,-670.0,930.89044,0.0
770.0,-670.0,921.70874,0.0
780.0,-670.0,912.91345,0.0
790.0,-670.0,904.5039,0.0
800.0,-670.0,896.4794,0.0
810.0,-670.0,888.84125,0.0
820.0,-670.0,881.5878,0.0
830.0,-670.0,874.71906,0.0
840.0,-670.0,868.2346,0.0
850.0,-670.0,862.13416,0.0
860.0,-670.0,856.4178,0.0
870.0,-670.0,851.0851,0.0
880.0,-670.0,846.1359,0.0
890.0,-670.0,841.56934,0.0
900.0,-670.0,837.38574,0.0
910.0,-670.0,833.5851,0.0
920.0,-670.0,830.1657,0.0
930.0,-670.0,827.129,0.0
940.0,-670.0,824.47375,0.0
950.0,-670.0,822.2004,0.0
960.0,-670.0,820.30756,0.0
970.0,-670.0,818.7958,0.0
980.0,-670.0,817.6648,0.0
990.0,-670.0,816.9139,0.0
1000.0,-670.0,816.54315,0.0
1010.0,-670.0,816.55206,0.0
1020.0,-670.0,816.9407,0.0
1030.0,-670.0,817.7083,0.0
1040.0,-670.0,818.8554,0.0
1050.0,-670.0,820.38086,0.0
1060.0,-670.0,822.2847,0.0
1070.0,-670.0,824.5673,0.0
1080.0,-670.0,827.2274,0.0
1090.0,-670.0,830.26526,0.0
1100.0,-670.0,833.6808,0.0
1110.0,-670.0,837.4735,0.0
1120.0,-670.0,841.6428,0.0
1130.0,-670.0,846.1892,0.0
1140.0,-670.0,851.1117,0.0
1150.0,-670.0,856.41064,0.0
1160.0,-670.0,862.0848,0.0
1170.0,-670.0,868.1354,0.0
1180.0,-670.0,874.5615,0.0
1190.0,-670.0,881.3627,0.0
1200.0,-670.0,888.5383,0.0
1210.0,-670.0,896.08905,0.0
1220.0,-670.0,904.01416,0.0
1230.0,-670.0,912.31323,0.0
1240.0,-670.0,920.98615,0.0
1250.0,-670.0,930.03284,0.0
1260.0,-670.0,939.4529,0.0
1270.0,-670.0,949.24585,0.0
1280.0,-670.0,959.4122,0.0
1290.0,-670.0,969.94965,0.0
1300.0,-670.0,980.8596,0.0
1310.0,-670.0,992.1413,0.0
1320.0,-670.0,1003.7949,0.0
1330.0,-670.0,1015.8206,0.0
1340.0,-670.0,1028.2192,0.0
1350.0,-670.0,1040.9888,0.0
1360.0,-670.0,1054.1294,0.0
1370.0,-670.0,1067.6398,0.0
1380.0,-670.0,1081.5208,0.0
1390.0,-670.0,1095.772,0.0
1400.0,-670.0,1110.3928,0.0
1410.0,-670.0,1125.3838,0.0
1420.0,-670.0,1140.7444,0.0
1430.0,-670.0,1156.4735,0.0
1440.0,-670.0,1172.5718,0.0
1450.0,-670.0,1189.0386,0.0
1460.0,-670.0,1205.8746,0.0
1470.0,-670.0,1223.0773,0.0
1480.0,-670.0,1240.6489,0.0
1490.0,-670.0,1258.5875,0.0
1500.0,-670.0,1276.8937,0.0
1510.0,-670.0,1295.5668,0.0
1520.0,-670.0,1314.6073,0.0
1530.0,-670.0,1334.0139,0.0
1540.0,-670.0,1353.7864,0.0
1550.0,-670.0,1373.9253,0.0
1560.0,-670.0,1394.43,0.0
1570.0,-670.0,1415.3004,0.0
1580.0,-670.0,1436.5359,0.0
1590.0,-670.0,1458.1365,0.0
1600.0,-670.0,1480.1023,0.0
1610.0,-670.0,1502.4321,0.0
1620.0,-670.0,1525.125,0.0
1630.0,-670.0,1548.1829,0.0
1640.0,-670.0,1571.6038,0.0
1650.0,-670.0,1595.3882,0.0
1660.0,-670.0,1619.5358,0.0
1670.0,-670.0,1644.0474,0.0
1680.0,-670.0,1668.921,0.0
1690.0,-670.0,1694.1566,0.0
1700.0,-670.0,1719.755,0.0
1710.0,-670.0,1745.7146,0.0
1720.0,-670.0,1772.0352,0.0
1730.0,-670.0,1798.7173,0.0
1740.0,-670.0,1825.76,0.0
1750.0,-670.0,1853.164,0.0
1760.0,-670.0,1880.9275,0.0
1770.0,-670.0,1909.0511,0.0
1780.0,-670.0,1937.5353,0.0
1790.0,-670.0,1966.3782,0.0
1800.0,-670.0,1995.5808,0.0
-200.0,-660.0,39270.906,1.0
-190.0,-660.0,39270.906,1.0
-180.0,-660.0,39270.906,1.0
-170.0,-660.0,39270.906,1.0
-160.0,-660.0,39270.906,1.0
-150.0,-660.0,39270.906,1.0
-140.0,-660.0,39270.906,1.0
-130.0,-660.0,39270.906,1.0
-120.0,-660.0,39270.906,1.0
-110.0,-660.0,39270.906,1.0
-100.0,-660.0,39270.906,1.0
-90.0,-660.0,39270.906,1.0
-80.0,-660.0,39270.906,1.0
-70.0,-660.0,3097.809,0.0
-60.0,-660.0,3054.5894,0.0
-50.0,-660.0,3011.7988,0.0
-40.0,-660.0,2969.4336,0.0
-30.0,-660.0,2927.4973,0.0
-20.0,-660.0,2885.985,0.0
-10.0,-660.0,2844.9,0.0
0.0,-660.0,2804.239,0.0
10.0,-660.0,2764.0027,0.0
20.0,-660.0,2724.1907,0.0
30.0,-660.0,2684.8005,0.0
40.0,-660.0,2645.8335,0.0
50.0,-660.0,2607.2886,0.0
60.0,-660.0,2569.1658,0.0
70.0,-660.0,2531.4639,0.0
80.0,-660.0,2494.1812,0.0
90.0,-660.0,2457.3203,0.0
100.0,-660.0,2420.8777,0.0
110.0,-660.0,2384.8552,0.0
120.0,-660.0,2349.2507,0.0
130.0,-660.0,2314.0645,0.0
140.0,-660.0,2279.2942,0.0
150.0,-660.0,2244.942,0.0
160.0,-660.0,2211.006,0.0
170.0,-660.0,2177.4866,0.0
180.0,-660.0,2144.3818,0.0
190.0,-660.0,2111.6926,0.0
200.0,-660.0,2079.4175,0.0
210.0,-660.0,2047.5565,0.0
220.0,-660.0,2016.1091,0.0
230.0,-660.0,1985.0751,0.0
240.0,-660.0,1954.4534,0.0
250.0,-660.0,1924.2434,0.0
260.0,-660.0,1894.4456,0.0
270.0,-660.0,1865.0594,0.0
280.0,-660.0,1836.084,0.0
290.0,-660.0,1807.5178,0.0
300.0,-660.0,1779.3628,0.0
310.0,-660.0,1751.6172,0.0
320.0,-660.0,1724.2803,0.0
330.0,-660.0,1697.3523,0.0
340.0,-660.0,1670.8329,0.0
350.0,-660.0,1644.721,0.0
360.0,-660.0,1619.0154,0.0
370.0,-660.0,1593.7178,0.0
380.0,-660.0,1568.8267,0.0
390.0,-660.0,1544.3413,0.0
400.0,-660.0,1520.2612,0.0
410.0,-660.0,1496.5872,0.0
420.0,-660.0,1473.3181,0.0
430.0,-660.0,1450.4539,0.0
440.0,-660.0,1427.9937,0.0
450.0,-660.0,1405.9368,0.0
460.0,-660.0,1384.2834,0.0
470.0,-660.0,1363.0332,0.0
480.0,-660.0,1342.1855,0.0
490.0,-660.0,1321.7407,0.0
500.0,-660.0,1301.6963,0.0
510.0,-660.0,1282.0542,0.0
520.0,-660.0,1262.813,0.0
530.0,-660.0,1243.9727,0.0
540.0,-660.0,1225.533,0.0
550.0,-660.0,1207.4929,0.0
560.0,-660.0,1189.8528,0.0
570.0,-660.0,1172.6116,0.0
580.0,-660.0,1155.7697,0.0
590.0,-660.0,1139.3264,0.0
600.0,-660.0,1123.2817,0.0
610.0,-660.0,1107.6346,0.0
620.0,-660.0,1092.385,0.0
630.0,-660.0,1077.5327,0.0
640.0,-660.0,1063.0771,0.0
650.0,-660.0,1049.0181,0.0
660.0,-660.0,1035.3557,0.0
670.0,-660.0,1022.0894,0.0
680.0,-660.0,1009.2184,0.0
690.0,-660.0,996.7423,0.0
700.0,-660.0,984.66174,0.0
710.0,-660.0,972.97546,0.0
720.0,-660.0,961.68353,0.0
730.0,-660.0,950.7854,0.0
740.0,-660.0,940.28143,0.0
750.0,-660.0,930.1703,0.0
760.0,-660.0,920.45215,0.0
770.0,-660.0,911.1272,0.0
780.0,-660.0,902.1941,0.0
790.0,-660.0,893.6537,0.0
800.0,-660.0,885.5045,0.0
810.0,-660.0,877.74695,0.0
820.0,-660.0,870.3812,0.0
830.0,-660.0,863.4065,0.0
840.0,-660.0,856.82166,0.0
850.0,-660.0,850.6273,0.0
860.0,-660.0,844.8231,0.0
870.0,-660.0,839.40826,0.0
880.0,-660.0,834.38354,0.0
890.0,-660.0,829.74744,0.0
900.0,-660.0,825.5001,0.0
910.0,-660.0,821.64185,0.0
920.0,-660.0,818.172,0.0
930.0,-660.0,815.0896,0.0
940.0,-660.0,812.39526,0.0
950.0,-660.0,810.08826,0.0
960.0,-660.0,808.1687,0.0
970.0,-660.0,806.63556,0.0
980.0,-660.0,805.48975,0.0
990.0,-660.0,804.7297,0.0
1000.0,-660.0,804.35596,0.0
1010.0,-660.0,804.368,0.0
1020.0,-660.0,804.7653,0.0
1030.0,-660.0,805.54834,0.0
1040.0,-660.0,806.7157,0.0
1050.0,-660.0,808.26843,0.0
1060.0,-660.0,810.2051,0.0
1070.0,-660.0,812.5266,0.0
1080.0,-660.0,815.23175,0.0
1090.0,-660.0,818.3202,0.0
1100.0,-660.0,821.79254,0.0
1110.0,-660.0,825.64746,0.0
1120.0,-660.0,829.8855,0.0
1130.0,-660.0,834.50616,0.0
1140.0,-660.0,839.50903,0.0
1150.0,-660.0,844.89386,0.0
1160.0,-660.0,850.66077,0.0
1170.0,-660.0,856.8088,0.0
1180.0,-660.0,863.339,0.0
1190.0,-660.0,870.24963,0.0
1200.0,-660.0,877.541,0.0
1210.0,-660.0,885.21313,0.0
1220.0,-660.0,893.26526,0.0
1230.0,-660.0,901.6975,0.0
1240.0,-660.0,910.5089,0.0
1250.0,-660.0,919.7003,0.0
1260.0,-660.0,929.271,0.0
1270.0,-660.0,939.2207,0.0
1280.0,-660.0,949.54816,0.0
1290.0,-660.0,960.25354,0.0
1300.0,-660.0,971.33716,0.0
1310.0,-660.0,982.79785,0.0
1320.0,-660.0,994.63696,0.0
1330.0,-660.0,1006.8543,0.0
1340.0,-660.0,1019.4498,0.0
1350.0,-660.0,1032.4214,0.0
1360.0,-660.0,1045.77,0.0
1370.0,-660.0,1059.4945,0.0
1380.0,-660.0,1073.5946,0.0
1390.0,-660.0,1088.0715,0.0
1400.0,-660.0,1102.9238,0.0
1410.0,-660.0,1118.1512,0.0
1420.0,-660.0,1133.754,0.0
1430.0,-660.0,1149.7308,0.0
1440.0,-660.0,1166.0836,0.0
1450.0,-660.0,1182.8096,0.0
1460.0,-660.0,1199.91,0.0
1470.0,-660.0,1217.3839,0.0
1480.0,-660.0,1235.2318,0.0
1490.0,-660.0,1253.4523,0.0
1500.0,-660.0,1272.0464,0.0
1510.0,-660.0,1291.0128,0.0
1520.0,-660.0,1310.3513,0.0
1530.0,-660.0,1330.0623,0.0
1540.0,-660.0,1350.1453,0.0
1550.0,-660.0,1370.5997,0.0
1560.0,-660.0,1391.4258,0.0
1570.0,-660.0,1412.6228,0.0
1580.0,-660.0,1434.1908,0.0
1590.0,-660.0,1456.1292,0.0
1600.0,-660.0,1478.438,0.0
1610.0,-660.0,1501.1162,0.0
1620.0,-660.0,1524.1637,0.0
1630.0,-660.0,1547.5813,0.0
1640.0,-660.0,1571.3679,0.0
1650.0,-660.0,1595.5234,0.0
1660.0,-660.0,1620.0486,0.0
1670.0,-660.0,1644.9414,0.0
1680.0,-660.0,1670.2026,0.0
1690.0,-660.0,1695.8317,0.0
1700.0,-660.0,1721.8279,0.0
1710.0,-660.0,1748.1904,0.0
1720.0,-660.0,1774.921,0.0
1730.0,-660.0,1802.0175,0.0
1740.0,-660.0,1829.4802,0.0
1750.0,-660.0,1857.3094,0.0
1760.0,-660.0,1885.5037,0.0
1770.0,-660.0,1914.0641,0.0
1780.0,-660.0,1942.9888,0.0
1790.0,-660.0,1972.2795,0.0
1800.0,-660.0,2001.9348,0.0
-200.0,-650.0,39270.906,1.0
-190.0,-650.0,39270.906,1.0
-180.0,-650.0,39270.906,1.0
-170.0,-650.0,39270.906,1.0
-160.0,-650.0,39270.906,1.0
-150.0,-650.0,39270.906,1.0
-140.0,-650.0,39270.906,1.0
-130.0,-650.0,39270.906,1.0
-120.0,-650.0,39270.906,1.0
-110.0,-650.0,39270.906,1.0
-100.0,-650.0,39270.906,1.0
-90.0,-650.0,39270.906,1.0
-80.0,-650.0,39270.906,1.0
-70.0,-650.0,3123.3413,0.0
-60.0,-650.0,3079.3928,0.0
-50.0,-650.0,3035.8818,0.0
-40.0,-650.0,2992.8047,0.0
-30.0,-650.0,2950.1611,0.0
-20.0,-650.0,2907.9521,0.0
-10.0,-650.0,2866.1758,0.0
0.0,-650.0,2824.8325,0.0
10.0,-650.0,2783.9214,0.0
20.0,-650.0,2743.441,0.0
30.0,-650.0,2703.392,0.0
40.0,-650.0,2663.7732,0.0
50.0,-650.0,2624.583,0.0
60.0,-650.0,2585.823,0.0
70.0,-650.0,2547.4907,0.0
80.0,-650.0,2509.5867,0.0
90.0,-650.0,2472.1116,0.0
100.0,-650.0,2435.062,0.0
110.0,-650.0,2398.438,0.0
120.0,-650.0,2362.2412,0.0
130.0,-650.0,2326.4692,0.0
140.0,-650.0,2291.1216,0.0
150.0,-650.0,2256.1992,0.0
160.0,-650.0,2221.6997,0.0
170.0,-650.0,2187.624,0.0
180.0,-650.0,2153.9707,0.0
190.0,-650.0,2120.74,0.0
200.0,-650.0,2087.9307,0.0
210.0,-650.0,2055.5425,0.0
220.0,-650.0,2023.5754,0.0
230.0,-650.0,1992.0278,0.0
240.0,-650.0,1960.9019,0.0
250.0,-650.0,1930.1929,0.0
260.0,-650.0,1899.9037,0.0
270.0,-650.0,1870.0332,0.0
280.0,-650.0,1840.5807,0.0
290.0,-650.0,1811.5446,0.0
300.0,-650.0,1782.9265,0.0
310.0,-650.0,1754.7247,0.0
320.0,-650.0,1726.9388,0.0
330.0,-650.0,1699.5682,0.0
340.0,-650.0,1672.6135,0.0
350.0,-650.0,1646.0739,0.0
360.0,-650.0,1619.9478,0.0
370.0,-650.0,1594.2356,0.0
380.0,-650.0,1568.937,0.0
390.0,-650.0,1544.0515,0.0
400.0,-650.0,1519.578,0.0
410.0,-650.0,1495.5171,0.0
420.0,-650.0,1471.8679,0.0
430.0,-650.0,1448.6309,0.0
440.0,-650.0,1425.8042,0.0
450.0,-650.0,1403.3884,0.0
460.0,-650.0,1381.3821,0.0
470.0,-650.0,1359.7861,0.0
480.0,-650.0,1338.5999,0.0
490.0,-650.0,1317.8218,0.0
500.0,-650.0,1297.4524,0.0
510.0,-650.0,1277.492,0.0
520.0,-650.0,1257.9387,0.0
530.0,-650.0,1238.793,0.0
540.0,-650.0,1220.0543,0.0
550.0,-650.0,1201.7225,0.0
560.0,-650.0,1183.7971,0.0
570.0,-650.0,1166.277,0.0
580.0,-650.0,1149.1632,0.0
590.0,-650.0,1132.4542,0.0
600.0,-650.0,1116.1506,0.0
610.0,-650.0,1100.2515,0.0
620.0,-650.0,1084.7563,0.0
630.0,-650.0,1069.6649,0.0
640.0,-650.0,1054.9768,0.0
650.0,-650.0,1040.6917,0.0
660.0,-650.0,1026.8103,0.0
670.0,-650.0,1013.33105,0.0
680.0,-650.0,1000.2539,0.0
690.0,-650.0,987.57837,0.0
700.0,-650.0,975.30396,0.0
710.0,-650.0,963.4314,0.0
720.0,-650.0,951.959,0.0
730.0,-650.0,940.8866,0.0
740.0,-650.0,930.2151,0.0
750.0,-650.0,919.943,0.0
760.0,-650.0,910.07043,0.0
770.0,-650.0,900.5973,0.0
780.0,-650.0,891.52295,0.0
790.0,-650.0,882.8468,0.0
800.0,-650.0,874.5688,0.0
810.0,-650.0,866.68896,0.0
820.0,-650.0,859.2069,0.0
830.0,-650.0,852.1218,0.0
840.0,-650.0,845.43384,0.0
850.0,-650.0,839.14233,0.0
860.0,-650.0,833.247,0.0
870.0,-650.0,827.74805,0.0
880.0,-650.0,822.6448,0.0
890.0,-650.0,817.9373,0.0
900.0,-650.0,813.62463,0.0
910.0,-650.0,809.70715,0.0
920.0,-650.0,806.1839,0.0
930.0,-650.0,803.0547,0.0
940.0,-650.0,800.3197,0.0
950.0,-650.0,797.9789,0.0
960.0,-650.0,796.031,0.0
970.0,-650.0,794.47656,0.0
980.0,-650.0,793.31464,0.0
990.0,-650.0,792.54535,0.0
1000.0,-650.0,792.16907,0.0
1010.0,-650.0,792.18396,0.0
1020.0,-650.0,792.59076,0.0
1030.0,-650.0,793.3887,0.0
1040.0,-650.0,794.578,0.0
1050.0,-650.0,796.15845,0.0
1060.0,-650.0,798.1294,0.0
1070.0,-650.0,800.49023,0.0
1080.0,-650.0,803.24194,0.0
1090.0,-650.0,806.3828,0.0
1100.0,-650.0,809.9132,0.0
1110.0,-650.0,813.83307,0.0
1120.0,-650.0,818.14185,0.0
1130.0,-650.0,822.83905,0.0
1140.0,-650.0,827.925,0.0
1150.0,-650.0,833.3989,0.0
1160.0,-650.0,839.2606,0.0
1170.0,-650.0,845.5098,0.0
1180.0,-650.0,852.147,0.0
1190.0,-650.0,859.1707,0.0
1200.0,-650.0,866.5816,0.0
1210.0,-650.0,874.3788,0.0
1220.0,-650.0,882.56244,0.0
1230.0,-650.0,891.1315,0.0
1240.0,-650.0,900.0867,0.0
1250.0,-650.0,909.42755,0.0
1260.0,-650.0,919.15375,0.0
1270.0,-650.0,929.2638,0.0
1280.0,-650.0,939.75836,0.0
1290.0,-650.0,950.63696,0.0
1300.0,-650.0,961.8994,0.0
1310.0,-650.0,973.54553,0.0
1320.0,-650.0,985.5759,0.0
1330.0,-650.0,997.9908,0.0
1340.0,-650.0,1010.7887,0.0
1350.0,-650.0,1023.9696,0.0
1360.0,-650.0,1037.5327,0.0
1370.0,-650.0,1051.4775,0.0
1380.0,-650.0,1065.8049,0.0
1390.0,-650.0,1080.5139,0.0
1400.0,-650.0,1095.6047,0.0
1410.0,-650.0,1111.076,0.0
1420.0,-650.0,1126.9287,0.0
1430.0,-650.0,1143.1624,0.0
1440.0,-650.0,1159.7762,0.0
1450.0,-650.0,1176.77,0.0
1460.0,-650.0,1194.1436,0.0
1470.0,-650.0,1211.8969,0.0
1480.0,-650.0,1230.0298,0.0
1490.0,-650.0,1248.5413,0.0
1500.0,-650.0,1267.4316,0.0
1510.0,-650.0,1286.7009,0.0
1520.0,-650.0,1306.3477,0.0
1530.0,-650.0,1326.3726,0.0
1540.0,-650.0,1346.7754,0.0
1550.0,-650.0,1367.5555,0.0
1560.0,-650.0,1388.7129,0.0
1570.0,-650.0,1410.2467,0.0
1580.0,-650.0,1432.157,0.0
1590.0,-650.0,1454.4438,0.0
1600.0,-650.0,1477.1064,0.0
1610.0,-650.0,1500.1448,0.0
1620.0,-650.0,1523.5583,0.0
1630.0,-650.0,1547.3468,0.0
1640.0,-650.0,1571.5107,0.0
1650.0,-650.0,1596.0497,0.0
1660.0,-650.0,1620.9622,0.0
1670.0,-650.0,1646.2499,0.0
1680.0,-650.0,1671.9102,0.0
1690.0,-650.0,1697.9442,0.0
1700.0,-650.0,1724.3506,0.0
1710.0,-650.0,1751.1305,0.0
1720.0,-650.0,1778.2827,0.0
1730.0,-650.0,1805.8069,0.0
1740.0,-650.0,1833.7029,0.0
1750.0,-650.0,1861.9711,0.0
1760.0,-650.0,1890.6099,0.0
1770.0,-650.0,1919.6194,0.0
1780.0,-650.0,1949.0002,0.0
1790.0,-650.0,1978.7516,0.0
1800.0,-650.0,2008.8735,0.0
-200.0,-640.0,39270.906,1.0
-190.0,-640.0,39270.906,1.0
-180.0,-640.0,39270.906,1.0
-170.0,-640.0,39270.906,1.0
-160.0,-640.0,39270.906,1.0
-150.0,-640.0,39270.906,1.0
-140.0,-640.0,39270.906,1.0
-130.0,-640.0,39270.906,1.0
-120.0,-640.0,39270.906,1.0
-110.0,-640.0,39270.906,1.0
-100.0,-640.0,39270.906,1.0
-90.0,-640.0,39270.906,1.0
-80.0,-640.0,3195.296,0.0
-70.0,-640.0,3150.1497,0.0
-60.0,-640.0,3105.4482,0.0
-50.0,-640.0,3061.1914,0.0
-40.0,-640.0,3017.3748,0.0
-30.0,-640.0,2974.002,0.0
-20.0,-640.0,2931.0718,0.0
-10.0,-640.0,2888.5818,0.0
0.0,-640.0,2846.5322,0.0
10.0,-640.0,2804.9229,0.0
20.0,-640.0,2763.752,0.0
30.0,-640.0,2723.0205,0.0
40.0,-640.0,2682.7266,0.0
50.0,-640.0,2642.8696,0.0
60.0,-640.0,2603.45,0.0
70.0,-640.0,2564.4678,0.0
80.0,-640.0,2525.9207,0.0
90.0,-640.0,2487.8079,0.0
100.0,-640.0,2450.1309,0.0
110.0,-640.0,2412.8867,0.0
120.0,-640.0,2376.0764,0.0
130.0,-640.0,2339.7,0.0
140.0,-640.0,2303.7546,0.0
150.0,-640.0,2268.2417,0.0
160.0,-640.0,2233.16,0.0
170.0,-640.0,2198.5093,0.0
180.0,-640.0,2164.2886,0.0
190.0,-640.0,2130.498,0.0
200.0,-640.0,2097.1362,0.0
210.0,-640.0,2064.2031,0.0
220.0,-640.0,2031.6982,0.0
230.0,-640.0,1999.6208,0.0
240.0,-640.0,1967.9714,0.0
250.0,-640.0,1936.7473,0.0
260.0,-640.0,1905.9503,0.0
270.0,-640.0,1875.5793,0.0
280.0,-640.0,1845.6335,0.0
290.0,-640.0,1816.112,0.0
300.0,-640.0,1787.0142,0.0
310.0,-640.0,1758.3411,0.0
320.0,-640.0,1730.0913,0.0
330.0,-640.0,1702.2637,0.0
340.0,-640.0,1674.859,0.0
350.0,-640.0,1647.8765,0.0
360.0,-640.0,1621.3159,0.0
370.0,-640.0,1595.1759,0.0
380.0,-640.0,1569.456,0.0
390.0,-640.0,1544.1562,0.0
400.0,-640.0,1519.2764,0.0
410.0,-640.0,1494.8158,0.0
420.0,-640.0,1470.7742,0.0
430.0,-640.0,1447.1514,0.0
440.0,-640.0,1423.9462,0.0
450.0,-640.0,1401.1589,0.0
460.0,-640.0,1378.7888,0.0
470.0,-640.0,1356.8354,0.0
480.0,-640.0,1335.2982,0.0
490.0,-640.0,1314.177,0.0
500.0,-640.0,1293.4717,0.0
510.0,-640.0,1273.1816,0.0
520.0,-640.0,1253.3057,0.0
530.0,-640.0,1233.8447,0.0
540.0,-640.0,1214.7976,0.0
550.0,-640.0,1196.1641,0.0
560.0,-640.0,1177.944,0.0
570.0,-640.0,1160.1362,0.0
580.0,-640.0,1142.741,0.0
590.0,-640.0,1125.7577,0.0
600.0,-640.0,1109.187,0.0
610.0,-640.0,1093.0269,0.0
620.0,-640.0,1077.2784,0.0
630.0,-640.0,1061.9402,0.0
640.0,-640.0,1047.0117,0.0
650.0,-640.0,1032.4934,0.0
660.0,-640.0,1018.3845,0.0
670.0,-640.0,1004.6854,0.0
680.0,-640.0,991.3955,0.0
690.0,-640.0,978.5138,0.0
700.0,-640.0,966.03973,0.0
710.0,-640.0,953.9735,0.0
720.0,-640.0,942.31494,0.0
730.0,-640.0,931.06335,0.0
740.0,-640.0,920.2188,0.0
750.0,-640.0,909.7804,0.0
760.0,-640.0,899.74817,0.0
770.0,-640.0,890.12177,0.0
780.0,-640.0,880.90106,0.0
790.0,-640.0,872.08496,0.0
800.0,-640.0,863.6742,0.0
810.0,-640.0,855.6676,0.0
820.0,-640.0,848.06525,0.0
830.0,-640.0,840.86707,0.0
840.0,-640.0,834.0721,0.0
850.0,-640.0,827.68054,0.0
860.0,-640.0,821.69135,0.0
870.0,-640.0,816.1053,0.0
880.0,-640.0,810.921,0.0
890.0,-640.0,806.13904,0.0
900.0,-640.0,801.75903,0.0
910.0,-640.0,797.7799,0.0
920.0,-640.0,794.2024,0.0
930.0,-640.0,791.0249,0.0
940.0,-640.0,788.24854,0.0
950.0,-640.0,785.8718,0.0
960.0,-640.0,783.89514,0.0
970.0,-640.0,782.31824,0.0
980.0,-640.0,781.14044,0.0
990.0,-640.0,780.3614,0.0
1000.0,-640.0,779.98145,0.0
1010.0,-640.0,779.9999,0.0
1020.0,-640.0,780.41614,0.0
1030.0,-640.0,781.2303,0.0
1040.0,-640.0,782.4419,0.0
1050.0,-640.0,784.0508,0.0
1060.0,-640.0,786.0569,0.0
1070.0,-640.0,788.45935,0.0
1080.0,-640.0,791.2584,0.0
1090.0,-640.0,794.4534,0.0
1100.0,-640.0,798.04407,0.0
1110.0,-640.0,802.031,0.0
1120.0,-640.0,806.4125,0.0
1130.0,-640.0,811.1892,0.0
1140.0,-640.0,816.36053,0.0
1150.0,-640.0,821.9261,0.0
1160.0,-640.0,827.886,0.0
1170.0,-640.0,834.23975,0.0
1180.0,-640.0,840.9874,0.0
1190.0,-640.0,848.1283,0.0
1200.0,-640.0,855.66174,0.0
1210.0,-640.0,863.5882,0.0
1220.0,-640.0,871.9073,0.0
1230.0,-640.0,880.61816,0.0
1240.0,-640.0,889.7216,0.0
1250.0,-640.0,899.21606,0.0
1260.0,-640.0,909.1025,0.0
1270.0,-640.0,919.37933,0.0
1280.0,-640.0,930.0465,0.0
1290.0,-640.0,941.1034,0.0
1300.0,-640.0,952.5503,0.0
1310.0,-640.0,964.3882,0.0
1320.0,-640.0,976.61646,0.0
1330.0,-640.0,989.2347,0.0
1340.0,-640.0,1002.2422,0.0
1350.0,-640.0,1015.6384,0.0
1360.0,-640.0,1029.423,0.0
1370.0,-640.0,1043.5957,0.0
1380.0,-640.0,1058.1566,0.0
1390.0,-640.0,1073.106,0.0
1400.0,-640.0,1088.4424,0.0
1410.0,-640.0,1104.1663,0.0
1420.0,-640.0,1120.277,0.0
1430.0,-640.0,1136.7748,0.0
1440.0,-640.0,1153.6587,0.0
1450.0,-640.0,1170.929,0.0
1460.0,-640.0,1188.585,0.0
1470.0,-640.0,1206.626,0.0
1480.0,-640.0,1225.0532,0.0
1490.0,-640.0,1243.8651,0.0
1500.0,-640.0,1263.0615,0.0
1510.0,-640.0,1282.6423,0.0
1520.0,-640.0,1302.6077,0.0
1530.0,-640.0,1322.9568,0.0
1540.0,-640.0,1343.6896,0.0
1550.0,-640.0,1364.8054,0.0
1560.0,-640.0,1386.3044,0.0
1570.0,-640.0,1408.1865,0.0
1580.0,-640.0,1430.4506,0.0
1590.0,-640.0,1453.097,0.0
1600.0,-640.0,1476.125,0.0
1610.0,-640.0,1499.5347,0.0
1620.0,-640.0,1523.325,0.0
1630.0,-640.0,1547.4973,0.0
1640.0,-640.0,1572.0504,0.0
1650.0,-640.0,1596.9841,0.0
1660.0,-640.0,1622.2977,0.0
1670.0,-640.0,1647.9915,0.0
1680.0,-640.0,1674.0642,0.0
1690.0,-640.0,1700.5159,0.0
1700.0,-640.0,1727.3468,0.0
1710.0,-640.0,1754.5562,0.0
1720.0,-640.0,1782.1436,0.0
1730.0,-640.0,1810.1088,0.0
1740.0,-640.0,1838.4521,0.0
1750.0,-640.0,1867.1722,0.0
1760.0,-640.0,1896.27,0.0
1770.0,-640.0,1925.7441,0.0
1780.0,-640.0,1955.5948,0.0
1790.0,-640.0,1985.8215,0.0
1800.0,-640.0,2016.4248,0.0
-200.0,-630.0,39270.906,1.0
-190.0,-630.0,39270.906,1.0
-180.0,-630.0,39270.906,1.0
-170.0,-630.0,39270.906,1.0
-160.0,-630.0,39270.906,1.0
-150.0,-630.0,39270.906,1.0
-140.0,-630.0,39270.906,1.0
-130.0,-630.0,39270.906,1.0
-120.0,-630.0,39270.906,1.0
-110.0,-630.0,39270.906,1.0
-100.0,-630.0,39270.906,1.0
-90.0,-630.0,39270.906,1.0
-80.0,-630.0,3224.2346,0.0
-70.0,-630.0,3178.3003,0.0
-60.0,-630.0,3132.8188,0.0
-50.0,-630.0,3087.7896,0.0
-40.0,-630.0,3043.21,0.0
-30.0,-630.0,2999.0825,0.0
-20.0,-630.0,2955.4043,0.0
-10.0,-630.0,2912.1753,0.0
0.0,-630.0,2869.3936,0.0
10.0,-630.0,2827.0618,0.0
20.0,-630.0,2785.1763,0.0
30.0,-630.0,2743.7397,0.0
40.0,-630.0,2702.747,0.0
50.0,-630.0,2662.2004,0.0
60.0,-630.0,2622.099,0.0
70.0,-630.0,2582.4421,0.0
80.0,-630.0,2543.2288,0.0
90.0,-630.0,2504.4587,0.0
100.0,-630.0,2466.1309,0.0
110.0,-630.0,2428.245,0.0
120.0,-630.0,2390.801,0.0
130.0,-630.0,2353.7976,0.0
140.0,-630.0,2317.2344,0.0
150.0,-630.0,2281.1108,0.0
160.0,-630.0,2245.4263,0.0
170.0,-630.0,2210.1807,0.0
180.0,-630.0,2175.373,0.0
190.0,-630.0,2141.003,0.0
200.0,-630.0,2107.0696,0.0
210.0,-630.0,2073.5728,0.0
220.0,-630.0,2040.5117,0.0
230.0,-630.0,2007.8866,0.0
240.0,-630.0,1975.6953,0.0
250.0,-630.0,1943.9387,0.0
260.0,-630.0,1912.6165,0.0
270.0,-630.0,1881.7268,0.0
280.0,-630.0,1851.2706,0.0
290.0,-630.0,1821.2463,0.0
300.0,-630.0,1791.6547,0.0
310.0,-630.0,1762.4934,0.0
320.0,-630.0,1733.7627,0.0
330.0,-630.0,1705.4635,0.0
340.0,-630.0,1677.5935,0.0
350.0,-630.0,1650.1532,0.0
360.0,-630.0,1623.1418,0.0
370.0,-630.0,1596.5588,0.0
380.0,-630.0,1570.4038,0.0
390.0,-630.0,1544.6765,0.0
400.0,-630.0,1519.3759,0.0
410.0,-630.0,1494.502,0.0
420.0,-630.0,1470.0544,0.0
430.0,-630.0,1446.033,0.0
440.0,-630.0,1422.437,0.0
450.0,-630.0,1399.2654,0.0
460.0,-630.0,1376.5186,0.0
470.0,-630.0,1354.1959,0.0
480.0,-630.0,1332.2966,0.0
490.0,-630.0,1310.8204,0.0
500.0,-630.0,1289.7671,0.0
510.0,-630.0,1269.1365,0.0
520.0,-630.0,1248.9272,0.0
530.0,-630.0,1229.1398,0.0
540.0,-630.0,1209.7737,0.0
550.0,-630.0,1190.8282,0.0
560.0,-630.0,1172.3032,0.0
570.0,-630.0,1154.1978,0.0
580.0,-630.0,1136.512,0.0
590.0,-630.0,1119.2452,0.0
600.0,-630.0,1102.398,0.0
610.0,-630.0,1085.9688,0.0
620.0,-630.0,1069.9579,0.0
630.0,-630.0,1054.3646,0.0
640.0,-630.0,1039.1881,0.0
650.0,-630.0,1024.4285,0.0
660.0,-630.0,1010.08527,0.0
670.0,-630.0,996.1588,0.0
680.0,-630.0,982.6481,0.0
690.0,-630.0,969.55316,0.0
700.0,-630.0,956.87305,0.0
710.0,-630.0,944.607,0.0
720.0,-630.0,932.7562,0.0
730.0,-630.0,921.3187,0.0
740.0,-630.0,910.2953,0.0
750.0,-630.0,899.68506,0.0
760.0,-630.0,889.4881,0.0
770.0,-630.0,879.7035,0.0
780.0,-630.0,870.3316,0.0
790.0,-630.0,861.37085,0.0
800.0,-630.0,852.8224,0.0
810.0,-630.0,844.6852,0.0
820.0,-630.0,836.95856,0.0
830.0,-630.0,829.64325,0.0
840.0,-630.0,822.7383,0.0
850.0,-630.0,816.2427,0.0
860.0,-630.0,810.15656,0.0
870.0,-630.0,804.48035,0.0
880.0,-630.0,799.21313,0.0
890.0,-630.0,794.3543,0.0
900.0,-630.0,789.90393,0.0
910.0,-630.0,785.86206,0.0
920.0,-630.0,782.2275,0.0
930.0,-630.0,779.0006,0.0
940.0,-630.0,776.1804,0.0
950.0,-630.0,773.7676,0.0
960.0,-630.0,771.76074,0.0
970.0,-630.0,770.1606,0.0
980.0,-630.0,768.9663,0.0
990.0,-630.0,768.1776,0.0
1000.0,-630.0,767.7941,0.0
1010.0,-630.0,767.81616,0.0
1020.0,-630.0,768.24194,0.0
1030.0,-630.0,769.0726,0.0
1040.0,-630.0,770.3075,0.0
1050.0,-630.0,771.9459,0.0
1060.0,-630.0,773.98804,0.0
1070.0,-630.0,776.4335,0.0
1080.0,-630.0,779.2816,0.0
1090.0,-630.0,782.5326,0.0
1100.0,-630.0,786.1857,0.0
1110.0,-630.0,790.2411,0.0
1120.0,-630.0,794.6981,0.0
1130.0,-630.0,799.5569,0.0
1140.0,-630.0,804.8166,0.0
1150.0,-630.0,810.47705,0.0
1160.0,-630.0,816.5382,0.0
1170.0,-630.0,823.0001,0.0
1180.0,-630.0,829.8618,0.0
1190.0,-630.0,837.1229,0.0
1200.0,-630.0,844.78406,0.0
1210.0,-630.0,852.844,0.0
1220.0,-630.0,861.3027,0.0
1230.0,-630.0,870.1603,0.0
1240.0,-630.0,879.4164,0.0
1250.0,-630.0,889.06995,0.0
1260.0,-630.0,899.1218,0.0
1270.0,-630.0,909.5703,0.0
1280.0,-630.0,920.41565,0.0
1290.0,-630.0,931.6571,0.0
1300.0,-630.0,943.29565,0.0
1310.0,-630.0,955.33057,0.0
1320.0,-630.0,967.76324,0.0
1330.0,-630.0,980.5918,0.0
1340.0,-630.0,993.81555,0.0
1350.0,-630.0,1007.43396,0.0
1360.0,-630.0,1021.44727,0.0
1370.0,-630.0,1035.8557,0.0
1380.0,-630.0,1050.6584,0.0
1390.0,-630.0,1065.855,0.0
1400.0,-630.0,1081.4457,0.0
1410.0,-630.0,1097.4298,0.0
1420.0,-630.0,1113.8074,0.0
1430.0,-630.0,1130.5771,0.0
1440.0,-630.0,1147.7405,0.0
1450.0,-630.0,1165.2959,0.0
1460.0,-630.0,1183.243,0.0
1470.0,-630.0,1201.5823,0.0
1480.0,-630.0,1220.313,0.0
1490.0,-630.0,1239.4348,0.0
1500.0,-630.0,1258.9479,0.0
1510.0,-630.0,1278.8508,0.0
1520.0,-630.0,1299.1445,0.0
1530.0,-630.0,1319.8286,0.0
1540.0,-630.0,1340.9014,0.0
1550.0,-630.0,1362.3646,0.0
1560.0,-630.0,1384.2167,0.0
1570.0,-630.0,1406.458,0.0
1580.0,-630.0,1429.0869,0.0
1590.0,-630.0,1452.1042,0.0
1600.0,-630.0,1475.5099,0.0
1610.0,-630.0,1499.3029,0.0
1620.0,-630.0,1523.4835,0.0
1630.0,-630.0,1548.0514,0.0
1640.0,-630.0,1573.0063,0.0
1650.0,-630.0,1598.3472,0.0
1660.0,-630.0,1624.0748,0.0
1670.0,-630.0,1650.1879,0.0
1680.0,-630.0,1676.6863,0.0
1690.0,-630.0,1703.5695,0.0
1700.0,-630.0,1730.8381,0.0
1710.0,-630.0,1758.4907,0.0
1720.0,-630.0,1786.5277,0.0
1730.0,-630.0,1814.9487,0.0
1740.0,-630.0,1843.7538,0.0
1750.0,-630.0,1872.9412,0.0
1760.0,-630.0,1902.5115,0.0
1770.0,-630.0,1932.4658,0.0
1780.0,-630.0,1962.8008,0.0
1790.0,-630.0,1993.5183,0.0
1800.0,-630.0,2024.6184,0.0
-200.0,-620.0,39270.906,1.0
-190.0,-620.0,39270.906,1.0
-180.0,-620.0,39270.906,1.0
-170.0,-620.0,39270.906,1.0
-160.0,-620.0,39270.906,1.0
-150.0,-620.0,39270.906,1.0
-140.0,-620.0,39270.906,1.0
-130.0,-620.0,39270.906,1.0
-120.0,-620.0,39270.906,1.0
-110.0,-620.0,39270.906,1.0
-100.0,-620.0,39270.906,1.0
-90.0,-620.0,3301.8296,0.0
-80.0,-620.0,3254.6167,0.0
-70.0,-620.0,3207.8647,0.0
-60.0,-620.0,3161.5742,0.0
-50.0,-620.0,3115.7449,0.0
-40.0,-620.0,3070.3735,0.0
-30.0,-620.0,3025.4636,0.0
-20.0,-620.0,2981.0112,0.0
-10.0,-620.0,2937.0176,0.0
0.0,-620.0,2893.48,0.0
10.0,-620.0,2850.399,0.0
20.0,-620.0,2807.7744,0.0
30.0,-620.0,2765.6055,0.0
40.0,-620.0,2723.89,0.0
50.0,-620.0,2682.6284,0.0
60.0,-620.0,2641.8206,0.0
70.0,-620.0,2601.4653,0.0
80.0,-620.0,2561.5627,0.0
90.0,-620.0,2522.1108,0.0
100.0,-620.0,2483.1106,0.0
110.0,-620.0,2444.5596,0.0
120.0,-620.0,2406.4595,0.0
130.0,-620.0,2368.8074,0.0
140.0,-620.0,2331.604,0.0
150.0,-620.0,2294.8477,0.0
160.0,-620.0,2258.5396,0.0
170.0,-620.0,2222.6787,0.0
180.0,-620.0,2187.263,0.0
190.0,-620.0,2152.293,0.0
200.0,-620.0,2117.7686,0.0
210.0,-620.0,2083.6875,0.0
220.0,-620.0,2050.051,0.0
230.0,-620.0,2016.8579,0.0
240.0,-620.0,1984.1082,0.0
250.0,-620.0,1951.7991,0.0
260.0,-620.0,1919.9326,0.0
270.0,-620.0,1888.5073,0.0
280.0,-620.0,1857.5227,0.0
290.0,-620.0,1826.9783,0.0
300.0,-620.0,1796.8737,0.0
310.0,-620.0,1767.2079,0.0
320.0,-620.0,1737.9812,0.0
330.0,-620.0,1709.1923,0.0
340.0,-620.0,1680.8407,0.0
350.0,-620.0,1652.927,0.0
360.0,-620.0,1625.4492,0.0
370.0,-620.0,1598.4084,0.0
380.0,-620.0,1571.8036,0.0
390.0,-620.0,1545.6333,0.0
400.0,-620.0,1519.898,0.0
410.0,-620.0,1494.5962,0.0
420.0,-620.0,1469.7288,0.0
430.0,-620.0,1445.2942,0.0
440.0,-620.0,1421.2935,0.0
450.0,-620.0,1397.7244,0.0
460.0,-620.0,1374.5878,0.0
470.0,-620.0,1351.8826,0.0
480.0,-620.0,1329.6086,0.0
490.0,-620.0,1307.7657,0.0
500.0,-620.0,1286.3528,0.0
510.0,-620.0,1265.37,0.0
520.0,-620.0,1244.8157,0.0
530.0,-620.0,1224.6909,0.0
540.0,-620.0,1204.9944,0.0
550.0,-620.0,1185.7266,0.0
560.0,-620.0,1166.8862,0.0
570.0,-620.0,1148.4734,0.0
580.0,-620.0,1130.487,0.0
590.0,-620.0,1112.9272,0.0
600.0,-620.0,1095.7932,0.0
610.0,-620.0,1079.0856,0.0
620.0,-620.0,1062.8031,0.0
630.0,-620.0,1046.9458,0.0
640.0,-620.0,1031.513,0.0
650.0,-620.0,1016.50366,0.0
660.0,-620.0,1001.9181,0.0
670.0,-620.0,987.7564,0.0
680.0,-620.0,974.01794,0.0
690.0,-620.0,960.7025,0.0
700.0,-620.0,947.8089,0.0
710.0,-620.0,935.3369,0.0
720.0,-620.0,923.2866,0.0
730.0,-620.0,911.6576,0.0
740.0,-620.0,900.449,0.0
750.0,-620.0,889.66125,0.0
760.0,-620.0,879.2932,0.0
770.0,-620.0,869.3454,0.0
780.0,-620.0,859.81696,0.0
790.0,-620.0,850.7069,0.0
800.0,-620.0,842.0161,0.0
810.0,-620.0,833.7438,0.0
820.0,-620.0,825.88885,0.0
830.0,-620.0,818.45215,0.0
840.0,-620.0,811.4329,0.0
850.0,-620.0,804.8307,0.0
860.0,-620.0,798.6444,0.0
870.0,-620.0,792.8746,0.0
880.0,-620.0,787.521,0.0
890.0,-620.0,782.5831,0.0
900.0,-620.0,778.0603,0.0
910.0,-620.0,773.9526,0.0
920.0,-620.0,770.2598,0.0
930.0,-620.0,766.98114,0.0
940.0,-620.0,764.11676,0.0
950.0,-620.0,761.6659,0.0
960.0,-620.0,759.6286,0.0
970.0,-620.0,758.0042,0.0
980.0,-620.0,756.7929,0.0
990.0,-620.0,755.9938,0.0
1000.0,-620.0,755.6072,0.0
1010.0,-620.0,755.6321,0.0
1020.0,-620.0,756.06854,0.0
1030.0,-620.0,756.916,0.0
1040.0,-620.0,758.1747,0.0
1050.0,-620.0,759.8439,0.0
1060.0,-620.0,761.92346,0.0
1070.0,-620.0,764.4129,0.0
1080.0,-620.0,767.3119,0.0
1090.0,-620.0,770.6207,0.0
1100.0,-620.0,774.3382,0.0
1110.0,-620.0,778.46484,0.0
1120.0,-620.0,783.0,0.0
1130.0,-620.0,787.94324,0.0
1140.0,-620.0,793.29407,0.0
1150.0,-620.0,799.05255,0.0
1160.0,-620.0,805.2183,0.0
1170.0,-620.0,811.79156,0.0
1180.0,-620.0,818.77124,0.0
1190.0,-620.0,826.1577,0.0
1200.0,-620.0,833.9499,0.0
1210.0,-620.0,842.14764,0.0
1220.0,-620.0,850.7512,0.0
1230.0,-620.0,859.7605,0.0
1240.0,-620.0,869.1742,0.0
1250.0,-620.0,878.9923,0.0
1260.0,-620.0,889.21484,0.0
1270.0,-620.0,899.8408,0.0
1280.0,-620.0,910.8704,0.0
1290.0,-620.0,922.3026,0.0
1300.0,-620.0,934.1388,0.0
1310.0,-620.0,946.3787,0.0
1320.0,-620.0,959.0215,0.0
1330.0,-620.0,972.06726,0.0
1340.0,-620.0,985.51404,0.0
1350.0,-620.0,999.36224,0.0
1360.0,-620.0,1013.61255,0.0
1370.0,-620.0,1028.2642,0.0
1380.0,-620.0,1043.3164,0.0
1390.0,-620.0,1058.7693,0.0
1400.0,-620.0,1074.6221,0.0
1410.0,-620.0,1090.8756,0.0
1420.0,-620.0,1107.5283,0.0
1430.0,-620.0,1124.5803,0.0
1440.0,-620.0,1142.0316,0.0
1450.0,-620.0,1159.8815,0.0
1460.0,-620.0,1178.1301,0.0
1470.0,-620.0,1196.7765,0.0
1480.0,-620.0,1215.821,0.0
1490.0,-620.0,1235.2633,0.0
1500.0,-620.0,1255.1028,0.0
1510.0,-620.0,1275.3391,0.0
1520.0,-620.0,1295.9724,0.0
1530.0,-620.0,1317.0016,0.0
1540.0,-620.0,1338.4274,0.0
1550.0,-620.0,1360.2484,0.0
1560.0,-620.0,1382.4648,0.0
1570.0,-620.0,1405.0769,0.0
1580.0,-620.0,1428.0835,0.0
1590.0,-620.0,1451.4844,0.0
1600.0,-620.0,1475.2795,0.0
1610.0,-620.0,1499.4694,0.0
1620.0,-620.0,1524.052,0.0
1630.0,-620.0,1549.0294,0.0
1640.0,-620.0,1574.3993,0.0
1650.0,-620.0,1600.1614,0.0
1660.0,-620.0,1626.3151,0.0
1670.0,-620.0,1652.862,0.0
1680.0,-620.0,1679.7998,0.0
1690.0,-620.0,1707.1294,0.0
1700.0,-620.0,1734.8494,0.0
1710.0,-620.0,1762.9607,0.0
1720.0,-620.0,1791.4622,0.0
1730.0,-620.0,1820.353,0.0
1740.0,-620.0,1849.6345,0.0
1750.0,-620.0,1879.3049,0.0
1760.0,-620.0,1909.3647,0.0
1770.0,-620.0,1939.8127,0.0
1780.0,-620.0,1970.6497,0.0
1790.0,-620.0,2001.8745,0.0
1800.0,-620.0,2033.4873,0.0
-200.0,-610.0,39270.906,1.0
-190.0,-610.0,39270.906,1.0
-180.0,-610.0,39270.906,1.0
-170.0,-610.0,39270.906,1.0
-160.0,-610.0,39270.906,1.0
-150.0,-610.0,39270.906,1.0
-140.0,-610.0,39270.906,1.0
-130.0,-610.0,39270.906,1.0
-120.0,-610.0,39270.906,1.0
-110.0,-610.0,39270.906,1.0
-100.0,-610.0,39270.906,1.0
-90.0,-610.0,3334.5864,0.0
-80.0,-610.0,3286.517,0.0
-70.0,-610.0,3238.9185,0.0
-60.0,-610.0,3191.7903,0.0
-50.0,-610.0,3145.1301,0.0
-40.0,-610.0,3098.9404,0.0
-30.0,-610.0,3053.2173,0.0
-20.0,-610.0,3007.9634,0.0
-10.0,-610.0,2963.1763,0.0
0.0,-610.0,2918.8555,0.0
10.0,-610.0,2874.998,0.0
20.0,-610.0,2831.6072,0.0
30.0,-610.0,2788.6797,0.0
40.0,-610.0,2746.2153,0.0
50.0,-610.0,2704.2134,0.0
60.0,-610.0,2662.673,0.0
70.0,-610.0,2621.5947,0.0
80.0,-610.0,2580.977,0.0
90.0,-610.0,2540.8206,0.0
100.0,-610.0,2501.122,0.0
110.0,-610.0,2461.8826,0.0
120.0,-610.0,2423.1016,0.0
130.0,-610.0,2384.7786,0.0
140.0,-610.0,2346.9106,0.0
150.0,-610.0,2309.5002,0.0
160.0,-610.0,2272.5464,0.0
170.0,-610.0,2236.0464,0.0
180.0,-610.0,2200.0015,0.0
190.0,-610.0,2164.4106,0.0
200.0,-610.0,2129.273,0.0
210.0,-610.0,2094.5884,0.0
220.0,-610.0,2060.355,0.0
230.0,-610.0,2026.5737,0.0
240.0,-610.0,1993.2434,0.0
250.0,-610.0,1960.3639,0.0
260.0,-610.0,1927.9338,0.0
270.0,-610.0,1895.9536,0.0
280.0,-610.0,1864.422,0.0
290.0,-610.0,1833.3394,0.0
300.0,-610.0,1802.704,0.0
310.0,-610.0,1772.5156,0.0
320.0,-610.0,1742.7742,0.0
330.0,-610.0,1713.479,0.0
340.0,-610.0,1684.6292,0.0
350.0,-610.0,1656.2247,0.0
360.0,-610.0,1628.2649,0.0
370.0,-610.0,1600.7493,0.0
380.0,-610.0,1573.6782,0.0
390.0,-610.0,1547.0491,0.0
400.0,-610.0,1520.8633,0.0
410.0,-610.0,1495.1189,0.0
420.0,-610.0,1469.8171,0.0
430.0,-610.0,1444.956,0.0
440.0,-610.0,1420.5354,0.0
450.0,-610.0,1396.5552,0.0
460.0,-610.0,1373.0151,0.0
470.0,-610.0,1349.9143,0.0
480.0,-610.0,1327.2527,0.0
490.0,-610.0,1305.0292,0.0
500.0,-610.0,1283.2434,0.0
510.0,-610.0,1261.896,0.0
520.0,-610.0,1240.9851,0.0
530.0,-610.0,1220.5109,0.0
540.0,-610.0,1200.4731,0.0
550.0,-610.0,1180.8713,0.0
560.0,-610.0,1161.7045,0.0
570.0,-610.0,1142.9728,0.0
580.0,-610.0,1124.6754,0.0
590.0,-610.0,1106.8123,0.0
600.0,-610.0,1089.3828,0.0
610.0,-610.0,1072.3865,0.0
620.0,-610.0,1055.823,0.0
630.0,-610.0,1039.693,0.0
640.0,-610.0,1023.994,0.0
650.0,-610.0,1008.727,0.0
660.0,-610.0,993.89087,0.0
670.0,-610.0,979.4856,0.0
680.0,-610.0,965.5116,0.0
690.0,-610.0,951.96735,0.0
700.0,-610.0,938.85297,0.0
710.0,-610.0,926.1675,0.0
720.0,-610.0,913.91113,0.0
730.0,-610.0,902.0831,0.0
740.0,-610.0,890.68384,0.0
750.0,-610.0,879.71216,0.0
760.0,-610.0,869.16766,0.0
770.0,-610.0,859.05054,0.0
780.0,-610.0,849.3601,0.0
790.0,-610.0,840.0959,0.0
800.0,-610.0,831.25757,0.0
810.0,-610.0,822.845,0.0
820.0,-610.0,814.8577,0.0
830.0,-610.0,807.2954,0.0
840.0,-610.0,800.1582,0.0
850.0,-610.0,793.4446,0.0
860.0,-610.0,787.155,0.0
870.0,-610.0,781.28894,0.0
880.0,-610.0,775.84595,0.0
890.0,-610.0,770.8262,0.0
900.0,-610.0,766.2285,0.0
910.0,-610.0,762.0532,0.0
920.0,-610.0,758.29974,0.0
930.0,-610.0,754.9679,0.0
940.0,-610.0,752.05725,0.0
950.0,-610.0,749.5673,0.0
960.0,-610.0,747.498,0.0
970.0,-610.0,745.84924,0.0
980.0,-610.0,744.61975,0.0
990.0,-610.0,743.81006,0.0
1000.0,-610.0,743.41986,0.0
1010.0,-610.0,743.4485,0.0
1020.0,-610.0,743.8954,0.0
1030.0,-610.0,744.76013,0.0
1040.0,-610.0,746.04395,0.0
1050.0,-610.0,747.7446,0.0
1060.0,-610.0,749.8629,0.0
1070.0,-610.0,752.3981,0.0
1080.0,-610.0,755.35,0.0
1090.0,-610.0,758.7183,0.0
1100.0,-610.0,762.5021,0.0
1110.0,-610.0,766.7025,0.0
1120.0,-610.0,771.3184,0.0
1130.0,-610.0,776.3491,0.0
1140.0,-610.0,781.7944,0.0
1150.0,-610.0,787.6544,0.0
1160.0,-610.0,793.9287,0.0
1170.0,-610.0,800.6169,0.0
1180.0,-610.0,807.719,0.0
1190.0,-610.0,815.2343,0.0
1200.0,-610.0,823.1621,0.0
1210.0,-610.0,831.5027,0.0
1220.0,-610.0,840.25586,0.0
1230.0,-610.0,849.421,0.0
1240.0,-610.0,858.9988,0.0
1250.0,-610.0,868.98706,0.0
1260.0,-610.0,879.3862,0.0
1270.0,-610.0,890.1952,0.0
1280.0,-610.0,901.4153,0.0
1290.0,-610.0,913.0448,0.0
1300.0,-610.0,925.0852,0.0
1310.0,-610.0,937.5366,0.0
1320.0,-610.0,950.39734,0.0
1330.0,-610.0,963.667,0.0
1340.0,-610.0,977.345,0.0
1350.0,-610.0,991.43097,0.0
1360.0,-610.0,1005.9259,0.0
1370.0,-610.0,1020.8291,0.0
1380.0,-610.0,1036.139,0.0
1390.0,-610.0,1051.8564,0.0
1400.0,-610.0,1067.9811,0.0
1410.0,-610.0,1084.5125,0.0
1420.0,-610.0,1101.4496,0.0
1430.0,-610.0,1118.7933,0.0
1440.0,-610.0,1136.5425,0.0
1450.0,-610.0,1154.6968,0.0
1460.0,-610.0,1173.2567,0.0
1470.0,-610.0,1192.2213,0.0
1480.0,-610.0,1211.5903,0.0
1490.0,-610.0,1231.3634,0.0
1500.0,-610.0,1251.5408,0.0
1510.0,-610.0,1272.1216,0.0
1520.0,-610.0,1293.1052,0.0
1530.0,-610.0,1314.4915,0.0
1540.0,-610.0,1336.2816,0.0
1550.0,-610.0,1358.4729,0.0
1560.0,-610.0,1381.0664,0.0
1570.0,-610.0,1404.0618,0.0
1580.0,-610.0,1427.458,0.0
1590.0,-610.0,1451.2552,0.0
1600.0,-610.0,1475.4542,0.0
1610.0,-610.0,1500.0535,0.0
1620.0,-610.0,1525.053,0.0
1630.0,-610.0,1550.4519,0.0
1640.0,-610.0,1576.2502,0.0
1650.0,-610.0,1602.4473,0.0
1660.0,-610.0,1629.0435,0.0
1670.0,-610.0,1656.0378,0.0
1680.0,-610.0,1683.4302,0.0
1690.0,-610.0,1711.2202,0.0
1700.0,-610.0,1739.4076,0.0
1710.0,-610.0,1767.9924,0.0
1720.0,-610.0,1796.9738,0.0
1730.0,-610.0,1826.3513,0.0
1740.0,-610.0,1856.1249,0.0
1750.0,-610.0,1886.2944,0.0
1760.0,-610.0,1916.8591,0.0
1770.0,-610.0,1947.819,0.0
1780.0,-610.0,1979.1724,0.0
1790.0,-610.0,2010.9226,0.0
1800.0,-610.0,2043.0646,0.0
-200.0,-600.0,39270.906,1.0
-190.0,-600.0,39270.906,1.0
-180.0,-600.0,39270.906,1.0
-170.0,-600.0,39270.906,1.0
-160.0,-600.0,39270.906,1.0
-150.0,-600.0,39270.906,1.0
-140.0,-600.0,39270.906,1.0
-130.0,-600.0,39270.906,1.0
-120.0,-600.0,39270.906,1.0
-110.0,-600.0,39270.906,1.0
-100.0,-600.0,3418.4177,0.0
-90.0,-600.0,3368.9775,0.0
-80.0,-600.0,3320.0203,0.0
-70.0,-600.0,3271.5425,0.0
-60.0,-600.0,3223.5444,0.0
-50.0,-600.0,3176.0254,0.0
-40.0,-600.0,3128.984,0.0
-30.0,-600.0,3082.421,0.0
-20.0,-600.0,3036.334,0.0
-10.0,-600.0,2990.7236,0.0
0.0,-600.0,2945.5889,0.0
10.0,-600.0,2900.9282,0.0
20.0,-600.0,2856.7417,0.0
30.0,-600.0,2813.0278,0.0
40.0,-600.0,2769.7869,0.0
50.0,-600.0,2727.016,0.0
60.0,-600.0,2684.7183,0.0
70.0,-600.0,2642.8894,0.0
80.0,-600.0,2601.5312,0.0
90.0,-600.0,2560.6416,0.0
100.0,-600.0,2520.2217,0.0
110.0,-600.0,2480.267,0.0
120.0,-600.0,2440.781,0.0
130.0,-600.0,2401.7612,0.0
140.0,-600.0,2363.2065,0.0
150.0,-600.0,2325.1174,0.0
160.0,-600.0,2287.4927,0.0
170.0,-600.0,2250.3325,0.0
180.0,-600.0,2213.6348,0.0
190.0,-600.0,2177.3994,0.0
200.0,-600.0,2141.6265,0.0
210.0,-600.0,2106.3154,0.0
220.0,-600.0,2071.4648,0.0
230.0,-600.0,2037.0739,0.0
240.0,-600.0,2003.1431,0.0
250.0,-600.0,1969.6711,0.0
260.0,-600.0,1936.6578,0.0
270.0,-600.0,1904.1023,0.0
280.0,-600.0,1872.004,0.0
290.0,-600.0,1840.3623,0.0
300.0,-600.0,1809.177,0.0
310.0,-600.0,1778.4478,0.0
320.0,-600.0,1748.173,0.0
330.0,-600.0,1718.3534,0.0
340.0,-600.0,1688.987,0.0
350.0,-600.0,1660.0746,0.0
360.0,-600.0,1631.6147,0.0
370.0,-600.0,1603.6083,0.0
380.0,-600.0,1576.053,0.0
390.0,-600.0,1548.9492,0.0
400.0,-600.0,1522.2961,0.0
410.0,-600.0,1496.0945,0.0
420.0,-600.0,1470.341,0.0
430.0,-600.0,1445.038,0.0
440.0,-600.0,1420.1836,0.0
450.0,-600.0,1395.7773,0.0
460.0,-600.0,1371.8191,0.0
470.0,-600.0,1348.3085,0.0
480.0,-600.0,1325.2448,0.0
490.0,-600.0,1302.6274,0.0
500.0,-600.0,1280.4567,0.0
510.0,-600.0,1258.7312,0.0
520.0,-600.0,1237.4506,0.0
530.0,-600.0,1216.6147,0.0
540.0,-600.0,1196.2231,0.0
550.0,-600.0,1176.2754,0.0
560.0,-600.0,1156.7708,0.0
570.0,-600.0,1137.7087,0.0
580.0,-600.0,1119.0894,0.0
590.0,-600.0,1100.9125,0.0
600.0,-600.0,1083.1763,0.0
610.0,-600.0,1065.8813,0.0
620.0,-600.0,1049.0276,0.0
630.0,-600.0,1032.6135,0.0
640.0,-600.0,1016.6399,0.0
650.0,-600.0,1001.1056,0.0
660.0,-600.0,986.01,0.0
670.0,-600.0,971.3528,0.0
680.0,-600.0,957.13403,0.0
690.0,-600.0,943.3535,0.0
700.0,-600.0,930.0106,0.0
710.0,-600.0,917.1045,0.0
720.0,-600.0,904.63477,0.0
730.0,-600.0,892.60126,0.0
740.0,-600.0,881.00366,0.0
750.0,-600.0,869.84155,0.0
760.0,-600.0,859.1144,0.0
770.0,-600.0,848.8221,0.0
780.0,-600.0,838.9642,0.0
790.0,-600.0,829.5396,0.0
800.0,-600.0,820.5493,0.0
810.0,-600.0,811.99194,0.0
820.0,-600.0,803.86755,0.0
830.0,-600.0,796.1754,0.0
840.0,-600.0,788.91516,0.0
850.0,-600.0,782.0875,0.0
860.0,-600.0,775.6899,0.0
870.0,-600.0,769.7242,0.0
880.0,-600.0,764.189,0.0
890.0,-600.0,759.084,0.0
900.0,-600.0,754.4091,0.0
910.0,-600.0,750.1642,0.0
920.0,-600.0,746.3476,0.0
930.0,-600.0,742.9608,0.0
940.0,-600.0,740.0024,0.0
950.0,-600.0,737.4724,0.0
960.0,-600.0,735.3696,0.0
970.0,-600.0,733.69464,0.0
980.0,-600.0,732.447,0.0
990.0,-600.0,731.6264,0.0
1000.0,-600.0,731.23254,0.0
1010.0,-600.0,731.2649,0.0
1020.0,-600.0,731.7224,0.0
1030.0,-600.0,732.6059,0.0
1040.0,-600.0,733.91437,0.0
1050.0,-600.0,735.64856,0.0
1060.0,-600.0,737.80676,0.0
1070.0,-600.0,740.38885,0.0
1080.0,-600.0,743.39575,0.0
1090.0,-600.0,746.8255,0.0
1100.0,-600.0,750.6791,0.0
1110.0,-600.0,754.95526,0.0
1120.0,-600.0,759.65393,0.0
1130.0,-600.0,764.7754,0.0
1140.0,-600.0,770.3185,0.0
1150.0,-600.0,776.2834,0.0
1160.0,-600.0,782.66986,0.0
1170.0,-600.0,789.4773,0.0
1180.0,-600.0,796.7056,0.0
1190.0,-600.0,804.35486,0.0
1200.0,-600.0,812.423,0.0
1210.0,-600.0,820.9115,0.0
1220.0,-600.0,829.8192,0.0
1230.0,-600.0,839.14636,0.0
1240.0,-600.0,848.8924,0.0
1250.0,-600.0,859.0566,0.0
1260.0,-600.0,869.6384,0.0
1270.0,-600.0,880.6377,0.0
1280.0,-600.0,892.0542,0.0
1290.0,-600.0,903.8888,0.0
1300.0,-600.0,916.141,0.0
1310.0,-600.0,928.8103,0.0
1320.0,-600.0,941.896,0.0
1330.0,-600.0,955.3974,0.0
1340.0,-600.0,969.31494,0.0
1350.0,-600.0,983.64703,0.0
1360.0,-600.0,998.3951,0.0
1370.0,-600.0,1013.55786,0.0
1380.0,-600.0,1029.1348,0.0
1390.0,-600.0,1045.1267,0.0
1400.0,-600.0,1061.5315,0.0
1410.0,-600.0,1078.3499,0.0
1420.0,-600.0,1095.5822,0.0
1430.0,-600.0,1113.2272,0.0
1440.0,-600.0,1131.2845,0.0
1450.0,-600.0,1149.754,0.0
1460.0,-600.0,1168.636,0.0
1470.0,-600.0,1187.9296,0.0
1480.0,-600.0,1207.634,0.0
1490.0,-600.0,1227.7498,0.0
1500.0,-600.0,1248.2759,0.0
1510.0,-600.0,1269.2129,0.0
1520.0,-600.0,1290.5594,0.0
1530.0,-600.0,1312.3162,0.0
1540.0,-600.0,1334.4822,0.0
1550.0,-600.0,1357.056,0.0
1560.0,-600.0,1380.0396,0.0
1570.0,-600.0,1403.4309,0.0
1580.0,-600.0,1427.2307,0.0
1590.0,-600.0,1451.4384,0.0
1600.0,-600.0,1476.0542,0.0
1610.0,-600.0,1501.0774,0.0
1620.0,-600.0,1526.5066,0.0
1630.0,-600.0,1552.3423,0.0
1640.0,-600.0,1578.584,0.0
1650.0,-600.0,1605.2313,0.0
1660.0,-600.0,1632.2842,0.0
1670.0,-600.0,1659.7412,0.0
1680.0,-600.0,1687.604,0.0
1690.0,-600.0,1715.8705,0.0
1700.0,-600.0,1744.5409,0.0
1710.0,-600.0,1773.615,0.0
1720.0,-600.0,1803.0925,0.0
1730.0,-600.0,1832.9731,0.0
1740.0,-600.0,1863.2561,0.0
1750.0,-600.0,1893.9412,0.0
1760.0,-600.0,1925.028,0.0
1770.0,-600.0,1956.5159,0.0
1780.0,-600.0,1988.406,0.0
1790.0,-600.0,2020.6969,0.0
1800.0,-600.0,2053.3875,0.0
-200.0,-590.0,39270.906,1.0
-190.0,-590.0,39270.906,1.0
-180.0,-590.0,39270.906,1.0
-170.0,-590.0,39270.906,1.0
-160.0,-590.0,39270.906,1.0
-150.0,-590.0,39270.906,1.0
-140.0,-590.0,39270.906,1.0
-130.0,-590.0,39270.906,1.0
-120.0,-590.0,39270.906,1.0
-110.0,-590.0,39270.906,1.0
-100.0,-590.0,3455.4668,0.0
-90.0,-590.0,3405.0942,0.0
-80.0,-590.0,3355.2144,0.0
-70.0,-590.0,3305.8242,0.0
-60.0,-590.0,3256.9229,0.0
-50.0,-590.0,3208.512,0.0
-40.0,-590.0,3160.5874,0.0
-30.0,-590.0,3113.151,0.0
-20.0,-590.0,3066.2012,0.0
-10.0,-590.0,3019.7363,0.0
0.0,-590.0,2973.7578,0.0
10.0,-590.0,2928.2617,0.0
20.0,-590.0,2883.25,0.0
30.0,-590.0,2838.7212,0.0
40.0,-590.0,2794.6738,0.0
50.0,-590.0,2751.1062,0.0
60.0,-590.0,2708.0205,0.0
70.0,-590.0,2665.4146,0.0
80.0,-590.0,2623.2876,0.0
90.0,-590.0,2581.6384,0.0
100.0,-590.0,2540.4675,0.0
110.0,-590.0,2499.7734,0.0
120.0,-590.0,2459.5557,0.0
130.0,-590.0,2419.8132,0.0
140.0,-590.0,2380.545,0.0
150.0,-590.0,2341.751,0.0
160.0,-590.0,2303.4326,0.0
170.0,-590.0,2265.586,0.0
180.0,-590.0,2228.2114,0.0
190.0,-590.0,2191.3083,0.0
200.0,-590.0,2154.877,0.0
210.0,-590.0,2118.9155,0.0
220.0,-590.0,2083.4238,0.0
230.0,-590.0,2048.4016,0.0
240.0,-590.0,2013.8479,0.0
250.0,-590.0,1979.7612,0.0
260.0,-590.0,1946.1428,0.0
270.0,-590.0,1912.9905,0.0
280.0,-590.0,1880.3047,0.0
290.0,-590.0,1848.084,0.0
300.0,-590.0,1816.3284,0.0
310.0,-590.0,1785.0382,0.0
320.0,-590.0,1754.2102,0.0
330.0,-590.0,1723.8464,0.0
340.0,-590.0,1693.945,0.0
350.0,-590.0,1664.5056,0.0
360.0,-590.0,1635.5281,0.0
370.0,-590.0,1607.0118,0.0
380.0,-590.0,1578.9556,0.0
390.0,-590.0,1551.3594,0.0
400.0,-590.0,1524.2229,0.0
410.0,-590.0,1497.5447,0.0
420.0,-590.0,1471.3259,0.0
430.0,-590.0,1445.5637,0.0
440.0,-590.0,1420.2593,0.0
450.0,-590.0,1395.4115,0.0
460.0,-590.0,1371.0201,0.0
470.0,-590.0,1347.0847,0.0
480.0,-590.0,1323.6046,0.0
490.0,-590.0,1300.5793,0.0
500.0,-590.0,1278.0083,0.0
510.0,-590.0,1255.8917,0.0
520.0,-590.0,1234.228,0.0
530.0,-590.0,1213.0176,0.0
540.0,-590.0,1192.2592,0.0
550.0,-590.0,1171.9528,0.0
560.0,-590.0,1152.0981,0.0
570.0,-590.0,1132.6941,0.0
580.0,-590.0,1113.741,0.0
590.0,-590.0,1095.2378,0.0
600.0,-590.0,1077.1847,0.0
610.0,-590.0,1059.5801,0.0
620.0,-590.0,1042.4248,0.0
630.0,-590.0,1025.718,0.0
640.0,-590.0,1009.4592,0.0
650.0,-590.0,993.6481,0.0
660.0,-590.0,978.2838,0.0
670.0,-590.0,963.3659,0.0
680.0,-590.0,948.8939,0.0
690.0,-590.0,934.8683,0.0
700.0,-590.0,921.2882,0.0
710.0,-590.0,908.1534,0.0
720.0,-590.0,895.46265,0.0
730.0,-590.0,883.21594,0.0
740.0,-590.0,871.41345,0.0
750.0,-590.0,860.0537,0.0
760.0,-590.0,849.1377,0.0
770.0,-590.0,838.6632,0.0
780.0,-590.0,828.632,0.0
790.0,-590.0,819.04175,0.0
800.0,-590.0,809.8934,0.0
810.0,-590.0,801.1864,0.0
820.0,-590.0,792.91943,0.0
830.0,-590.0,785.09265,0.0
840.0,-590.0,777.7064,0.0
850.0,-590.0,770.75964,0.0
860.0,-590.0,764.25104,0.0
870.0,-590.0,758.1819,0.0
880.0,-590.0,752.5509,0.0
890.0,-590.0,747.3582,0.0
900.0,-590.0,742.6029,0.0
910.0,-590.0,738.28503,0.0
920.0,-590.0,734.4044,0.0
930.0,-590.0,730.96,0.0
940.0,-590.0,727.95197,0.0
950.0,-590.0,725.38007,0.0
960.0,-590.0,723.2434,0.0
970.0,-590.0,721.5418,0.0
980.0,-590.0,720.2751,0.0
990.0,-590.0,719.44305,0.0
1000.0,-590.0,719.0455,0.0
1010.0,-590.0,719.08105,0.0
1020.0,-590.0,719.5507,0.0
1030.0,-590.0,720.4527,0.0
1040.0,-590.0,721.78796,0.0
1050.0,-590.0,723.55524,0.0
1060.0,-590.0,725.7549,0.0
1070.0,-590.0,728.3867,0.0
1080.0,-590.0,731.44965,0.0
1090.0,-590.0,734.9435,0.0
1100.0,-590.0,738.86804,0.0
1110.0,-590.0,743.22327,0.0
1120.0,-590.0,748.0089,0.0
1130.0,-590.0,753.2234,0.0
1140.0,-590.0,758.8677,0.0
1150.0,-590.0,764.9415,0.0
1160.0,-590.0,771.44434,0.0
1170.0,-590.0,778.37476,0.0
1180.0,-590.0,785.73376,0.0
1190.0,-590.0,793.5204,0.0
1200.0,-590.0,801.7346,0.0
1210.0,-590.0,810.376,0.0
1220.0,-590.0,819.4443,0.0
1230.0,-590.0,828.9393,0.0
1240.0,-590.0,838.8597,0.0
1250.0,-590.0,849.20593,0.0
1260.0,-590.0,859.9773,0.0
1270.0,-590.0,871.173,0.0
1280.0,-590.0,882.79346,0.0
1290.0,-590.0,894.8396,0.0
1300.0,-590.0,907.3108,0.0
1310.0,-590.0,920.2065,0.0
1320.0,-590.0,933.5246,0.0
1330.0,-590.0,947.26636,0.0
1340.0,-590.0,961.431,0.0
1350.0,-590.0,976.01825,0.0
1360.0,-590.0,991.0282,0.0
1370.0,-590.0,1006.4597,0.0
1380.0,-590.0,1022.31335,0.0
1390.0,-590.0,1038.5881,0.0
1400.0,-590.0,1055.2834,0.0
1410.0,-590.0,1072.4005,0.0
1420.0,-590.0,1089.9371,0.0
1430.0,-590.0,1107.8936,0.0
1440.0,-590.0,1126.2703,0.0
1450.0,-590.0,1145.066,0.0
1460.0,-590.0,1164.2811,0.0
1470.0,-590.0,1183.9146,0.0
1480.0,-590.0,1203.9666,0.0
1490.0,-590.0,1224.437,0.0
1500.0,-590.0,1245.325,0.0
1510.0,-590.0,1266.6299,0.0
1520.0,-590.0,1288.3518,0.0
1530.0,-590.0,1310.4907,0.0
1540.0,-590.0,1333.0457,0.0
1550.0,-590.0,1356.017,0.0
1560.0,-590.0,1379.4032,0.0
1570.0,-590.0,1403.2054,0.0
1580.0,-590.0,1427.4229,0.0
1590.0,-590.0,1452.0557,0.0
1600.0,-590.0,1477.1025,0.0
1610.0,-590.0,1502.5634,0.0
1620.0,-590.0,1528.4376,0.0
1630.0,-590.0,1554.7253,0.0
1640.0,-590.0,1581.4255,0.0
1650.0,-590.0,1608.5383,0.0
1660.0,-590.0,1636.0636,0.0
1670.0,-590.0,1664.0005,0.0
1680.0,-590.0,1692.3491,0.0
1690.0,-590.0,1721.1086,0.0
1700.0,-590.0,1750.2788,0.0
1710.0,-590.0,1779.8591,0.0
1720.0,-590.0,1809.8508,0.0
1730.0,-590.0,1840.251,0.0
1740.0,-590.0,1871.0607,0.0
1750.0,-590.0,1902.2795,0.0
1760.0,-590.0,1933.9067,0.0
1770.0,-590.0,1965.942,0.0
1780.0,-590.0,1998.3857,0.0
1790.0,-590.0,2031.2363,0.0
1800.0,-590.0,2064.4946,0.0
-200.0,-580.0,39270.906,1.0
-190.0,-580.0,39270.906,1.0
-180.0,-580.0,39270.906,1.0
-170.0,-580.0,39270.906,1.0
-160.0,-580.0,39270.906,1.0
-150.0,-580.0,39270.906,1.0
-140.0,-580.0,39270.906,1.0
-130.0,-580.0,39270.906,1.0
-120.0,-580.0,39270.906,1.0
-110.0,-580.0,3546.2173,0.0
-100.0,-580.0,3494.375,0.0
-90.0,-580.0,3443.0344,0.0
-80.0,-580.0,3392.1958,0.0
-70.0,-580.0,3341.858,0.0
-60.0,-580.0,3292.0205,0.0
-50.0,-580.0,3242.6804,0.0
-40.0,-580.0,3193.8394,0.0
-30.0,-580.0,3145.496,0.0
-20.0,-580.0,3097.6484,0.0
-10.0,-580.0,3050.2974,0.0
0.0,-580.0,3003.4412,0.0
10.0,-580.0,2957.079,0.0
20.0,-580.0,2911.211,0.0
30.0,-580.0,2865.8333,0.0
40.0,-580.0,2820.9502,0.0
50.0,-580.0,2776.5552,0.0
60.0,-580.0,2732.6516,0.0
70.0,-580.0,2689.238,0.0
80.0,-580.0,2646.312,0.0
90.0,-580.0,2603.875,0.0
100.0,-580.0,2561.9258,0.0
110.0,-580.0,2520.4614,0.0
120.0,-580.0,2479.4849,0.0
130.0,-580.0,2438.9932,0.0
140.0,-580.0,2398.9849,0.0
150.0,-580.0,2359.461,0.0
160.0,-580.0,2320.4194,0.0
170.0,-580.0,2281.861,0.0
180.0,-580.0,2243.7837,0.0
190.0,-580.0,2206.188,0.0
200.0,-580.0,2169.0728,0.0
210.0,-580.0,2132.4373,0.0
220.0,-580.0,2096.28,0.0
230.0,-580.0,2060.6025,0.0
240.0,-580.0,2025.4019,0.0
250.0,-580.0,1990.6779,0.0
260.0,-580.0,1956.4314,0.0
270.0,-580.0,1922.6599,0.0
280.0,-580.0,1889.3643,0.0
290.0,-580.0,1856.5436,0.0
300.0,-580.0,1824.1965,0.0
310.0,-580.0,1792.323,0.0
320.0,-580.0,1760.9221,0.0
330.0,-580.0,1729.9939,0.0
340.0,-580.0,1699.5366,0.0
350.0,-580.0,1669.5515,0.0
360.0,-580.0,1640.0359,0.0
370.0,-580.0,1610.9907,0.0
380.0,-580.0,1582.415,0.0
390.0,-580.0,1554.3081,0.0
400.0,-580.0,1526.6692,0.0
410.0,-580.0,1499.4987,0.0
420.0,-580.0,1472.7949,0.0
430.0,-580.0,1446.558,0.0
440.0,-580.0,1420.7864,0.0
450.0,-580.0,1395.4805,0.0
460.0,-580.0,1370.6403,0.0
470.0,-580.0,1346.2642,0.0
480.0,-580.0,1322.3522,0.0
490.0,-580.0,1298.9038,0.0
500.0,-580.0,1275.9176,0.0
510.0,-580.0,1253.3953,0.0
520.0,-580.0,1231.3345,0.0
530.0,-580.0,1209.7347,0.0
540.0,-580.0,1188.5964,0.0
550.0,-580.0,1167.9183,0.0
560.0,-580.0,1147.7008,0.0
570.0,-580.0,1127.9429,0.0
580.0,-580.0,1108.6431,0.0
590.0,-580.0,1089.8025,0.0
600.0,-580.0,1071.4202,0.0
610.0,-580.0,1053.4946,0.0
620.0,-580.0,1036.027,0.0
630.0,-580.0,1019.0161,0.0
640.0,-580.0,1002.4619,0.0
650.0,-580.0,986.3633,0.0
660.0,-580.0,970.72003,0.0
670.0,-580.0,955.5316,0.0
680.0,-580.0,940.7977,0.0
690.0,-580.0,926.5182,0.0
700.0,-580.0,912.69214,0.0
710.0,-580.0,899.32007,0.0
720.0,-580.0,886.40045,0.0
730.0,-580.0,873.9332,0.0
740.0,-580.0,861.9176,0.0
750.0,-580.0,850.3535,0.0
760.0,-580.0,839.2411,0.0
770.0,-580.0,828.5791,0.0
780.0,-580.0,818.36743,0.0
790.0,-580.0,808.6057,0.0
800.0,-580.0,799.29346,0.0
810.0,-580.0,790.4308,0.0
820.0,-580.0,782.01666,0.0
830.0,-580.0,774.05066,0.0
840.0,-580.0,766.53284,0.0
850.0,-580.0,759.4626,0.0
860.0,-580.0,752.83936,0.0
870.0,-580.0,746.66315,0.0
880.0,-580.0,740.9332,0.0
890.0,-580.0,735.64874,0.0
900.0,-580.0,730.8104,0.0
910.0,-580.0,726.4178,0.0
920.0,-580.0,722.4694,0.0
930.0,-580.0,718.9658,0.0
940.0,-580.0,715.9068,0.0
950.0,-580.0,713.2914,0.0
960.0,-580.0,711.11914,0.0
970.0,-580.0,709.3901,0.0
980.0,-580.0,708.1037,0.0
990.0,-580.0,707.2599,0.0
1000.0,-580.0,706.8583,0.0
1010.0,-580.0,706.8981,0.0
1020.0,-580.0,707.3789,0.0
1030.0,-580.0,708.30084,0.0
1040.0,-580.0,709.6633,0.0
1050.0,-580.0,711.46576,0.0
1060.0,-580.0,713.708,0.0
1070.0,-580.0,716.3906,0.0
1080.0,-580.0,719.51184,0.0
1090.0,-580.0,723.07214,0.0
1100.0,-580.0,727.0708,0.0
1110.0,-580.0,731.50775,0.0
1120.0,-580.0,736.3824,0.0
1130.0,-580.0,741.69434,0.0
1140.0,-580.0,747.4435,0.0
1150.0,-580.0,753.62976,0.0
1160.0,-580.0,760.2523,0.0
1170.0,-580.0,767.311,0.0
1180.0,-580.0,774.80554,0.0
1190.0,-580.0,782.73553,0.0
1200.0,-580.0,791.10034,0.0
1210.0,-580.0,799.9,0.0
1220.0,-580.0,809.1344,0.0
1230.0,-580.0,818.80273,0.0
1240.0,-580.0,828.90405,0.0
1250.0,-580.0,839.4391,0.0
1260.0,-580.0,850.4062,0.0
1270.0,-580.0,861.8055,0.0
1280.0,-580.0,873.63794,0.0
1290.0,-580.0,885.9033,0.0
1300.0,-580.0,898.60114,0.0
1310.0,-580.0,911.7302,0.0
1320.0,-580.0,925.2899,0.0
1330.0,-580.0,939.2802,0.0
1340.0,-580.0,953.7013,0.0
1350.0,-580.0,968.5526,0.0
1360.0,-580.0,983.834,0.0
1370.0,-580.0,999.5442,0.0
1380.0,-580.0,1015.6837,0.0
1390.0,-580.0,1032.2518,0.0
1400.0,-580.0,1049.2485,0.0
1410.0,-580.0,1066.6735,0.0
1420.0,-580.0,1084.5259,0.0
1430.0,-580.0,1102.8054,0.0
1440.0,-580.0,1121.512,0.0
1450.0,-580.0,1140.6462,0.0
1460.0,-580.0,1160.206,0.0
1470.0,-580.0,1180.1921,0.0
1480.0,-580.0,1200.6039,0.0
1490.0,-580.0,1221.4409,0.0
1500.0,-580.0,1242.7029,0.0
1510.0,-580.0,1264.3898,0.0
1520.0,-580.0,1286.5005,0.0
1530.0,-580.0,1309.0356,0.0
1540.0,-580.0,1331.9937,0.0
1550.0,-580.0,1355.3752,0.0
1560.0,-580.0,1379.1792,0.0
1570.0,-580.0,1403.4067,0.0
1580.0,-580.0,1428.0564,0.0
1590.0,-580.0,1453.1285,0.0
1600.0,-580.0,1478.6223,0.0
1610.0,-580.0,1504.5369,0.0
1620.0,-580.0,1530.8716,0.0
1630.0,-580.0,1557.6262,0.0
1640.0,-580.0,1584.8018,0.0
1650.0,-580.0,1612.3969,0.0
1660.0,-580.0,1640.4108,0.0
1670.0,-580.0,1668.8447,0.0
1680.0,-580.0,1697.6967,0.0
1690.0,-580.0,1726.9666,0.0
1700.0,-580.0,1756.6538,0.0
1710.0,-580.0,1786.7593,0.0
1720.0,-580.0,1817.281,0.0
1730.0,-580.0,1848.2201,0.0
1740.0,-580.0,1879.5752,0.0
1750.0,-580.0,1911.3464,0.0
1760.0,-580.0,1943.533,0.0
1770.0,-580.0,1976.1349,0.0
1780.0,-580.0,2009.1516,0.0
1790.0,-580.0,2042.5828,0.0
1800.0,-580.0,2076.4275,0.0
-200.0,-570.0,39270.906,1.0
-190.0,-570.0,39270.906,1.0
-180.0,-570.0,39270.906,1.0
-170.0,-570.0,39270.906,1.0
-160.0,-570.0,39270.906,1.0
-150.0,-570.0,39270.906,1.0
-140.0,-570.0,39270.906,1.0
-130.0,-570.0,39270.906,1.0
-120.0,-570.0,39270.906,1.0
-110.0,-570.0,3588.1118,0.0
-100.0,-570.0,3535.2498,0.0
-90.0,-570.0,3482.9036,0.0
-80.0,-570.0,3431.0684,0.0
-70.0,-570.0,3379.745,0.0
-60.0,-570.0,3328.9326,0.0
-50.0,-570.0,3278.6292,0.0
-40.0,-570.0,3228.8345,0.0
-30.0,-570.0,3179.5483,0.0
-20.0,-570.0,3130.7686,0.0
-10.0,-570.0,3082.495,0.0
0.0,-570.0,3034.7285,0.0
10.0,-570.0,2987.4656,0.0
20.0,-570.0,2940.7065,0.0
30.0,-570.0,2894.449,0.0
40.0,-570.0,2848.6948,0.0
50.0,-570.0,2803.4407,0.0
60.0,-570.0,2758.688,0.0
70.0,-570.0,2714.4346,0.0
80.0,-570.0,2670.681,0.0
90.0,-570.0,2627.4238,0.0
100.0,-570.0,2584.6646,0.0
110.0,-570.0,2542.4033,0.0
120.0,-570.0,2500.6367,0.0
130.0,-570.0,2459.3652,0.0
140.0,-570.0,2418.5881,0.0
150.0,-570.0,2378.3047,0.0
160.0,-570.0,2338.5146,0.0
170.0,-570.0,2299.2166,0.0
180.0,-570.0,2260.4102,0.0
190.0,-570.0,2222.0942,0.0
200.0,-570.0,2184.269,0.0
210.0,-570.0,2146.9326,0.0
220.0,-570.0,2110.085,0.0
230.0,-570.0,2073.7256,0.0
240.0,-570.0,2037.854,0.0
250.0,-570.0,2002.4688,0.0
260.0,-570.0,1967.5691,0.0
270.0,-570.0,1933.1554,0.0
280.0,-570.0,1899.2268,0.0
290.0,-570.0,1865.782,0.0
300.0,-570.0,1832.8213,0.0
310.0,-570.0,1800.3429,0.0
320.0,-570.0,1768.3462,0.0
330.0,-570.0,1736.832,0.0
340.0,-570.0,1705.7981,0.0
350.0,-570.0,1675.2454,0.0
360.0,-570.0,1645.1725,0.0
370.0,-570.0,1615.578,0.0
380.0,-570.0,1586.463,0.0
390.0,-570.0,1557.8254,0.0
400.0,-570.0,1529.6655,0.0
410.0,-570.0,1501.9834,0.0
420.0,-570.0,1474.7766,0.0
430.0,-570.0,1448.0464,0.0
440.0,-570.0,1421.7913,0.0
450.0,-570.0,1396.0095,0.0
460.0,-570.0,1370.7026,0.0
470.0,-570.0,1345.8696,0.0
480.0,-570.0,1321.5092,0.0
490.0,-570.0,1297.6213,0.0
500.0,-570.0,1274.2056,0.0
510.0,-570.0,1251.2616,0.0
520.0,-570.0,1228.7883,0.0
530.0,-570.0,1206.7859,0.0
540.0,-570.0,1185.2526,0.0
550.0,-570.0,1164.1891,0.0
560.0,-570.0,1143.5945,0.0
570.0,-570.0,1123.468,0.0
580.0,-570.0,1103.8098,0.0
590.0,-570.0,1084.6187,0.0
600.0,-570.0,1065.8945,0.0
610.0,-570.0,1047.637,0.0
620.0,-570.0,1029.8451,0.0
630.0,-570.0,1012.51855,0.0
640.0,-570.0,995.6576,0.0
650.0,-570.0,979.2615,0.0
660.0,-570.0,963.3288,0.0
670.0,-570.0,947.8596,0.0
680.0,-570.0,932.8542,0.0
690.0,-570.0,918.31067,0.0
700.0,-570.0,904.2299,0.0
710.0,-570.0,890.61145,0.0
720.0,-570.0,877.45447,0.0
730.0,-570.0,864.7582,0.0
740.0,-570.0,852.52185,0.0
750.0,-570.0,840.74585,0.0
760.0,-570.0,829.42957,0.0
770.0,-570.0,818.57263,0.0
780.0,-570.0,808.17444,0.0
790.0,-570.0,798.235,0.0
800.0,-570.0,788.7528,0.0
810.0,-570.0,779.7285,0.0
820.0,-570.0,771.161,0.0
830.0,-570.0,763.0509,0.0
840.0,-570.0,755.3968,0.0
850.0,-570.0,748.1987,0.0
860.0,-570.0,741.4565,0.0
870.0,-570.0,735.1687,0.0
880.0,-570.0,729.3357,0.0
890.0,-570.0,723.9572,0.0
900.0,-570.0,719.0327,0.0
910.0,-570.0,714.5618,0.0
920.0,-570.0,710.5442,0.0
930.0,-570.0,706.9791,0.0
940.0,-570.0,703.8665,0.0
950.0,-570.0,701.2062,0.0
960.0,-570.0,698.997,0.0
970.0,-570.0,697.2396,0.0
980.0,-570.0,695.93286,0.0
990.0,-570.0,695.07666,0.0
1000.0,-570.0,694.6709,0.0
1010.0,-570.0,694.715,0.0
1020.0,-570.0,695.2079,0.0
1030.0,-570.0,696.14966,0.0
1040.0,-570.0,697.54065,0.0
1050.0,-570.0,699.38,0.0
1060.0,-570.0,701.6669,0.0
1070.0,-570.0,704.402,0.0
1080.0,-570.0,707.584,0.0
1090.0,-570.0,711.21265,0.0
1100.0,-570.0,715.2881,0.0
1110.0,-570.0,719.8094,0.0
1120.0,-570.0,724.777,0.0
1130.0,-570.0,730.1896,0.0
1140.0,-570.0,736.0473,0.0
1150.0,-570.0,742.3506,0.0
1160.0,-570.0,749.0975,0.0
1170.0,-570.0,756.2886,0.0
1180.0,-570.0,763.92365,0.0
1190.0,-570.0,772.0017,0.0
1200.0,-570.0,780.5231,0.0
1210.0,-570.0,789.4867,0.0
1220.0,-570.0,798.89294,0.0
1230.0,-570.0,808.7412,0.0
1240.0,-570.0,819.0305,0.0
1250.0,-570.0,829.7603,0.0
1260.0,-570.0,840.9308,0.0
1270.0,-570.0,852.5415,0.0
1280.0,-570.0,864.5932,0.0
1290.0,-570.0,877.0863,0.0
1300.0,-570.0,890.0184,0.0
1310.0,-570.0,903.3898,0.0
1320.0,-570.0,917.1996,0.0
1330.0,-570.0,931.44794,0.0
1340.0,-570.0,946.1349,0.0
1350.0,-570.0,961.25946,0.0
1360.0,-570.0,976.8216,0.0
1370.0,-570.0,992.8209,0.0
1380.0,-570.0,1009.25653,0.0
1390.0,-570.0,1026.129,0.0
1400.0,-570.0,1043.438,0.0
1410.0,-570.0,1061.1821,0.0
1420.0,-570.0,1079.3613,0.0
1430.0,-570.0,1097.9761,0.0
1440.0,-570.0,1117.025,0.0
1450.0,-570.0,1136.5083,0.0
1460.0,-570.0,1156.4265,0.0
1470.0,-570.0,1176.7776,0.0
1480.0,-570.0,1197.5616,0.0
1490.0,-570.0,1218.779,0.0
1500.0,-570.0,1240.4291,0.0
1510.0,-570.0,1262.511,0.0
1520.0,-570.0,1285.0247,0.0
1530.0,-570.0,1307.97,0.0
1540.0,-570.0,1331.346,0.0
1550.0,-570.0,1355.1526,0.0
1560.0,-570.0,1379.3904,0.0
1570.0,-570.0,1404.0581,0.0
1580.0,-570.0,1429.1555,0.0
1590.0,-570.0,1454.6829,0.0
1600.0,-570.0,1480.6392,0.0
1610.0,-570.0,1507.0231,0.0
1620.0,-570.0,1533.835,0.0
1630.0,-570.0,1561.0753,0.0
1640.0,-570.0,1588.7424,0.0
1650.0,-570.0,1616.8369,0.0
1660.0,-570.0,1645.3582,0.0
1670.0,-570.0,1674.3054,0.0
1680.0,-570.0,1703.6786,0.0
1690.0,-570.0,1733.4766,0.0
1700.0,-570.0,1763.7004,0.0
1710.0,-570.0,1794.3492,0.0
1720.0,-570.0,1825.4224,0.0
1730.0,-570.0,1856.918,0.0
1740.0,-570.0,1888.8384,0.0
1750.0,-570.0,1921.1819,0.0
1760.0,-570.0,1953.9478,0.0
1770.0,-570.0,1987.1359,0.0
1780.0,-570.0,2020.7461,0.0
1790.0,-570.0,2054.7788,0.0
1800.0,-570.0,2089.2312,0.0
-200.0,-560.0,39270.906,1.0
-190.0,-560.0,39270.906,1.0
-180.0,-560.0,39270.906,1.0
-170.0,-560.0,39270.906,1.0
-160.0,-560.0,39270.906,1.0
-150.0,-560.0,39270.906,1.0
-140.0,-560.0,39270.906,1.0
-130.0,-560.0,39270.906,1.0
-120.0,-560.0,3686.5737,0.0
-110.0,-560.0,3632.129,0.0
-100.0,-560.0,3578.2102,0.0
-90.0,-560.0,3524.8142,0.0
-80.0,-560.0,3471.9434,0.0
-70.0,-560.0,3419.5952,0.0
-60.0,-560.0,3367.769,0.0
-50.0,-560.0,3316.4631,0.0
-40.0,-560.0,3265.6748,0.0
-30.0,-560.0,3215.408,0.0
-20.0,-560.0,3165.6592,0.0
-10.0,-560.0,3116.4275,0.0
0.0,-560.0,3067.712,0.0
10.0,-560.0,3019.512,0.0
20.0,-560.0,2971.826,0.0
30.0,-560.0,2924.6548,0.0
40.0,-560.0,2877.9958,0.0
50.0,-560.0,2831.8477,0.0
60.0,-560.0,2786.211,0.0
70.0,-560.0,2741.0857,0.0
80.0,-560.0,2696.4692,0.0
90.0,-560.0,2652.3604,0.0
100.0,-560.0,2608.7612,0.0
110.0,-560.0,2565.6675,0.0
120.0,-560.0,2523.0806,0.0
130.0,-560.0,2480.9998,0.0
140.0,-560.0,2439.4229,0.0
150.0,-560.0,2398.3506,0.0
160.0,-560.0,2357.7812,0.0
170.0,-560.0,2317.7148,0.0
180.0,-560.0,2278.1501,0.0
190.0,-560.0,2239.0862,0.0
200.0,-560.0,2200.5222,0.0
210.0,-560.0,2162.4585,0.0
220.0,-560.0,2124.893,0.0
230.0,-560.0,2087.8262,0.0
240.0,-560.0,2051.2563,0.0
250.0,-560.0,2015.183,0.0
260.0,-560.0,1979.6057,0.0
270.0,-560.0,1944.5244,0.0
280.0,-560.0,1909.9374,0.0
290.0,-560.0,1875.845,0.0
300.0,-560.0,1842.2456,0.0
310.0,-560.0,1809.1385,0.0
320.0,-560.0,1776.5239,0.0
330.0,-560.0,1744.4006,0.0
340.0,-560.0,1712.7681,0.0
350.0,-560.0,1681.6257,0.0
360.0,-560.0,1650.9725,0.0
370.0,-560.0,1620.8087,0.0
380.0,-560.0,1591.133,0.0
390.0,-560.0,1561.9451,0.0
400.0,-560.0,1533.2441,0.0
410.0,-560.0,1505.0294,0.0
420.0,-560.0,1477.3009,0.0
430.0,-560.0,1450.0574,0.0
440.0,-560.0,1423.299,0.0
450.0,-560.0,1397.0249,0.0
460.0,-560.0,1371.2335,0.0
470.0,-560.0,1345.925,0.0
480.0,-560.0,1321.0994,0.0
490.0,-560.0,1296.7554,0.0
500.0,-560.0,1272.8928,0.0
510.0,-560.0,1249.5111,0.0
520.0,-560.0,1226.6096,0.0
530.0,-560.0,1204.1885,0.0
540.0,-560.0,1182.2454,0.0
550.0,-560.0,1160.7815,0.0
560.0,-560.0,1139.7957,0.0
570.0,-560.0,1119.2871,0.0
580.0,-560.0,1099.2559,0.0
590.0,-560.0,1079.7009,0.0
600.0,-560.0,1060.6223,0.0
610.0,-560.0,1042.0194,0.0
620.0,-560.0,1023.89105,0.0
630.0,-560.0,1006.23706,0.0
640.0,-560.0,989.0579,0.0
650.0,-560.0,972.35205,0.0
660.0,-560.0,956.1193,0.0
670.0,-560.0,940.3593,0.0
680.0,-560.0,925.0709,0.0
690.0,-560.0,910.2543,0.0
700.0,-560.0,895.90875,0.0
710.0,-560.0,882.0348,0.0
720.0,-560.0,868.63104,0.0
730.0,-560.0,855.6968,0.0
740.0,-560.0,843.23193,0.0
750.0,-560.0,831.2356,0.0
760.0,-560.0,819.70825,0.0
770.0,-560.0,808.6488,0.0
780.0,-560.0,798.05676,0.0
790.0,-560.0,787.93207,0.0
800.0,-560.0,778.2739,0.0
810.0,-560.0,769.08215,0.0
820.0,-560.0,760.3562,0.0
830.0,-560.0,752.09595,0.0
840.0,-560.0,744.3008,0.0
850.0,-560.0,736.9697,0.0
860.0,-560.0,730.1034,0.0
870.0,-560.0,723.70056,0.0
880.0,-560.0,717.761,0.0
890.0,-560.0,712.2848,0.0
900.0,-560.0,707.2706,0.0
910.0,-560.0,702.7187,0.0
920.0,-560.0,698.62854,0.0
930.0,-560.0,694.9999,0.0
940.0,-560.0,691.83234,0.0
950.0,-560.0,689.1251,0.0
960.0,-560.0,686.8783,0.0
970.0,-560.0,685.0907,0.0
980.0,-560.0,683.76294,0.0
990.0,-560.0,682.8939,0.0
1000.0,-560.0,682.48364,0.0
1010.0,-560.0,682.5315,0.0
1020.0,-560.0,683.03723,0.0
1030.0,-560.0,684.0004,0.0
1040.0,-560.0,685.42053,0.0
1050.0,-560.0,687.298,0.0
1060.0,-560.0,689.6311,0.0
1070.0,-560.0,692.42017,0.0
1080.0,-560.0,695.6652,0.0
1090.0,-560.0,699.36536,0.0
1100.0,-560.0,703.52026,0.0
1110.0,-560.0,708.1299,0.0
1120.0,-560.0,713.1934,0.0
1130.0,-560.0,718.71045,0.0
1140.0,-560.0,724.6809,0.0
1150.0,-560.0,731.1045,0.0
1160.0,-560.0,737.9812,0.0
1170.0,-560.0,745.3095,0.0
1180.0,-560.0,753.0901,0.0
1190.0,-560.0,761.32245,0.0
1200.0,-560.0,770.0059,0.0
1210.0,-560.0,779.1395,0.0
1220.0,-560.0,788.7242,0.0
1230.0,-560.0,798.7588,0.0
1240.0,-560.0,809.2426,0.0
1250.0,-560.0,820.1752,0.0
1260.0,-560.0,831.5562,0.0
1270.0,-560.0,843.3868,0.0
1280.0,-560.0,855.6662,0.0
1290.0,-560.0,868.3946,0.0
1300.0,-560.0,881.56995,0.0
1310.0,-560.0,895.19244,0.0
1320.0,-560.0,909.2617,0.0
1330.0,-560.0,923.77795,0.0
1340.0,-560.0,938.7399,0.0
1350.0,-560.0,954.1477,0.0
1360.0,-560.0,970.0017,0.0
1370.0,-560.0,986.30054,0.0
1380.0,-560.0,1003.0435,0.0
1390.0,-560.0,1020.2315,0.0
1400.0,-560.0,1037.8628,0.0
1410.0,-560.0,1055.9384,0.0
1420.0,-560.0,1074.4574,0.0
1430.0,-560.0,1093.4192,0.0
1440.0,-560.0,1112.8232,0.0
1450.0,-560.0,1132.6697,0.0
1460.0,-560.0,1152.9583,0.0
1470.0,-560.0,1173.6881,0.0
1480.0,-560.0,1194.8589,0.0
1490.0,-560.0,1216.4706,0.0
1500.0,-560.0,1238.5222,0.0
1510.0,-560.0,1261.0143,0.0
1520.0,-560.0,1283.9453,0.0
1530.0,-560.0,1307.3157,0.0
1540.0,-560.0,1331.1249,0.0
1550.0,-560.0,1355.373,0.0
1560.0,-560.0,1380.0598,0.0
1570.0,-560.0,1405.1842,0.0
1580.0,-560.0,1430.7462,0.0
1590.0,-560.0,1456.7444,0.0
1600.0,-560.0,1483.18,0.0
1610.0,-560.0,1510.051,0.0
1620.0,-560.0,1537.3582,0.0
1630.0,-560.0,1565.1006,0.0
1640.0,-560.0,1593.2781,0.0
1650.0,-560.0,1621.8903,0.0
1660.0,-560.0,1650.9366,0.0
1670.0,-560.0,1680.4167,0.0
1680.0,-560.0,1710.3303,0.0
1690.0,-560.0,1740.6768,0.0
1700.0,-560.0,1771.456,0.0
1710.0,-560.0,1802.6672,0.0
1720.0,-560.0,1834.3108,0.0
1730.0,-560.0,1866.3855,0.0
1740.0,-560.0,1898.8906,0.0
1750.0,-560.0,1931.8278,0.0
1760.0,-560.0,1965.1941,0.0
1770.0,-560.0,1998.9897,0.0
1780.0,-560.0,2033.2148,0.0
1790.0,-560.0,2067.87,0.0
1800.0,-560.0,2102.9531,0.0
-200.0,-550.0,39270.906,1.0
-190.0,-550.0,39270.906,1.0
-180.0,-550.0,39270.906,1.0
-170.0,-550.0,39270.906,1.0
-160.0,-550.0,39270.906,1.0
-150.0,-550.0,39270.906,1.0
-140.0,-550.0,39270.906,1.0
-130.0,-550.0,39270.906,1.0
-120.0,-550.0,3733.959,0.0
-110.0,-550.0,3678.3997,0.0
-100.0,-550.0,3623.3774,0.0
-90.0,-550.0,3568.8916,0.0
-80.0,-550.0,3514.9414,0.0
-70.0,-550.0,3461.5266,0.0
-60.0,-550.0,3408.644,0.0
-50.0,-550.0,3356.293,0.0
-40.0,-550.0,3304.4744,0.0
-30.0,-550.0,3253.1855,0.0
-20.0,-550.0,3202.4272,0.0
-10.0,-550.0,3152.1978,0.0
0.0,-550.0,3102.495,0.0
10.0,-550.0,3053.3188,0.0
20.0,-550.0,3004.67,0.0
30.0,-550.0,2956.5447,0.0
40.0,-550.0,2908.944,0.0
50.0,-550.0,2861.8652,0.0
60.0,-550.0,2815.31,0.0
70.0,-550.0,2769.276,0.0
80.0,-550.0,2723.7625,0.0
90.0,-550.0,2678.7676,0.0
100.0,-550.0,2634.2932,0.0
110.0,-550.0,2590.3364,0.0
120.0,-550.0,2546.8953,0.0
130.0,-550.0,2503.9714,0.0
140.0,-550.0,2461.563,0.0
150.0,-550.0,2419.6692,0.0
160.0,-550.0,2378.2903,0.0
170.0,-550.0,2337.4233,0.0
180.0,-550.0,2297.0698,0.0
190.0,-550.0,2257.228,0.0
200.0,-550.0,2217.8958,0.0
210.0,-550.0,2179.0752,0.0
220.0,-550.0,2140.763,0.0
230.0,-550.0,2102.96,0.0
240.0,-550.0,2065.664,0.0
250.0,-550.0,2028.8757,0.0
260.0,-550.0,1992.5941,0.0
270.0,-550.0,1956.8181,0.0
280.0,-550.0,1921.5471,0.0
290.0,-550.0,1886.7802,0.0
300.0,-550.0,1852.5171,0.0
310.0,-550.0,1818.7571,0.0
320.0,-550.0,1785.4985,0.0
330.0,-550.0,1752.7429,0.0
340.0,-550.0,1720.4872,0.0
350.0,-550.0,1688.732,0.0
360.0,-550.0,1657.4768,0.0
370.0,-550.0,1626.7198,0.0
380.0,-550.0,1596.4619,0.0
390.0,-550.0,1566.7009,0.0
400.0,-550.0,1537.4373,0.0
410.0,-550.0,1508.6699,0.0
420.0,-550.0,1480.3986,0.0
430.0,-550.0,1452.6223,0.0
440.0,-550.0,1425.341,0.0
450.0,-550.0,1398.5532,0.0
460.0,-550.0,1372.2593,0.0
470.0,-550.0,1346.4575,0.0
480.0,-550.0,1321.1477,0.0
490.0,-550.0,1296.3298,0.0
500.0,-550.0,1272.0028,0.0
510.0,-550.0,1248.1666,0.0
520.0,-550.0,1224.8203,0.0
530.0,-550.0,1201.963,0.0
540.0,-550.0,1179.5947,0.0
550.0,-550.0,1157.7142,0.0
560.0,-550.0,1136.3223,0.0
570.0,-550.0,1115.4167,0.0
580.0,-550.0,1094.9983,0.0
590.0,-550.0,1075.065,0.0
600.0,-550.0,1055.6179,0.0
610.0,-550.0,1036.6561,0.0
620.0,-550.0,1018.17834,0.0
630.0,-550.0,1000.18445,0.0
640.0,-550.0,982.67426,0.0
650.0,-550.0,965.647,0.0
660.0,-550.0,949.1021,0.0
670.0,-550.0,933.03955,0.0
680.0,-550.0,917.45807,0.0
690.0,-550.0,902.3573,0.0
700.0,-550.0,887.737,0.0
710.0,-550.0,873.5971,0.0
720.0,-550.0,859.93677,0.0
730.0,-550.0,846.756,0.0
740.0,-550.0,834.0534,0.0
750.0,-550.0,821.8287,0.0
760.0,-550.0,810.0815,0.0
770.0,-550.0,798.8118,0.0
780.0,-550.0,788.0187,0.0
790.0,-550.0,777.702,0.0
800.0,-550.0,767.8606,0.0
810.0,-550.0,758.49524,0.0
820.0,-550.0,749.6045,0.0
830.0,-550.0,741.1886,0.0
840.0,-550.0,733.24646,0.0
850.0,-550.0,725.77814,0.0
860.0,-550.0,718.78284,0.0
870.0,-550.0,712.26025,0.0
880.0,-550.0,706.20966,0.0
890.0,-550.0,700.6315,0.0
900.0,-550.0,695.52454,0.0
910.0,-550.0,690.88873,0.0
920.0,-550.0,686.72363,0.0
930.0,-550.0,683.0288,0.0
940.0,-550.0,679.8036,0.0
950.0,-550.0,677.048,0.0
960.0,-550.0,674.7613,0.0
970.0,-550.0,672.9433,0.0
980.0,-550.0,671.59326,0.0
990.0,-550.0,670.711,0.0
1000.0,-550.0,670.2964,0.0
1010.0,-550.0,670.34875,0.0
1020.0,-550.0,670.8672,0.0
1030.0,-550.0,671.85254,0.0
1040.0,-550.0,673.30316,0.0
1050.0,-550.0,675.21936,0.0
1060.0,-550.0,677.6008,0.0
1070.0,-550.0,680.44684,0.0
1080.0,-550.0,683.75696,0.0
1090.0,-550.0,687.531,0.0
1100.0,-550.0,691.7683,0.0
1110.0,-550.0,696.46924,0.0
1120.0,-550.0,701.63257,0.0
1130.0,-550.0,707.25793,0.0
1140.0,-550.0,713.34595,0.0
1150.0,-550.0,719.8948,0.0
1160.0,-550.0,726.9055,0.0
1170.0,-550.0,734.3766,0.0
1180.0,-550.0,742.3084,0.0
1190.0,-550.0,750.70026,0.0
1200.0,-550.0,759.55164,0.0
1210.0,-550.0,768.86255,0.0
1220.0,-550.0,778.63245,0.0
1230.0,-550.0,788.86035,0.0
1240.0,-550.0,799.54565,0.0
1250.0,-550.0,810.68884,0.0
1260.0,-550.0,822.28894,0.0
1270.0,-550.0,834.3468,0.0
1280.0,-550.0,846.86304,0.0
1290.0,-550.0,859.8352,0.0
1300.0,-550.0,873.2628,0.0
1310.0,-550.0,887.14636,0.0
1320.0,-550.0,901.48474,0.0
1330.0,-550.0,916.27856,0.0
1340.0,-550.0,931.5266,0.0
1350.0,-550.0,947.2289,0.0
1360.0,-550.0,963.385,0.0
1370.0,-550.0,979.99445,0.0
1380.0,-550.0,997.0571,0.0
1390.0,-550.0,1014.57214,0.0
1400.0,-550.0,1032.5396,0.0
1410.0,-550.0,1050.958,0.0
1420.0,-550.0,1069.829,0.0
1430.0,-550.0,1089.1509,0.0
1440.0,-550.0,1108.9235,0.0
1450.0,-550.0,1129.1466,0.0
1460.0,-550.0,1149.8196,0.0
1470.0,-550.0,1170.9424,0.0
1480.0,-550.0,1192.5138,0.0
1490.0,-550.0,1214.5347,0.0
1500.0,-550.0,1237.0039,0.0
1510.0,-550.0,1259.9202,0.0
1520.0,-550.0,1283.2849,0.0
1530.0,-550.0,1307.0963,0.0
1540.0,-550.0,1331.356,0.0
1550.0,-550.0,1356.0618,0.0
1560.0,-550.0,1381.2136,0.0
1570.0,-550.0,1406.8123,0.0
1580.0,-550.0,1432.8551,0.0
1590.0,-550.0,1459.3428,0.0
1600.0,-550.0,1486.2759,0.0
1610.0,-550.0,1513.652,0.0
1620.0,-550.0,1541.4727,0.0
1630.0,-550.0,1569.7365,0.0
1640.0,-550.0,1598.4429,0.0
1650.0,-550.0,1627.592,0.0
1660.0,-550.0,1657.1833,0.0
1670.0,-550.0,1687.2158,0.0
1680.0,-550.0,1717.6897,0.0
1690.0,-550.0,1748.6049,0.0
1700.0,-550.0,1779.9602,0.0
1710.0,-550.0,1811.7561,0.0
1720.0,-550.0,1843.9912,0.0
1730.0,-550.0,1876.6653,0.0
1740.0,-550.0,1909.7784,0.0
1750.0,-550.0,1943.3295,0.0
1760.0,-550.0,1977.3186,0.0
1770.0,-550.0,2011.7444,0.0
1780.0,-550.0,2046.608,0.0
1790.0,-550.0,2081.9092,0.0
1800.0,-550.0,2117.6445,0.0
-200.0,-540.0,39270.906,1.0
-190.0,-540.0,39270.906,1.0
-180.0,-540.0,39270.906,1.0
-170.0,-540.0,39270.906,1.0
-160.0,-540.0,39270.906,1.0
-150.0,-540.0,39270.906,1.0
-140.0,-540.0,39270.906,1.0
-130.0,-540.0,3841.054,0.0
-120.0,-540.0,3783.7822,0.0
-110.0,-540.0,3727.0618,0.0
-100.0,-540.0,3670.8901,0.0
-90.0,-540.0,3615.2688,0.0
-80.0,-540.0,3560.1934,0.0
-70.0,-540.0,3505.6648,0.0
-60.0,-540.0,3451.683,0.0
-50.0,-540.0,3398.245,0.0
-40.0,-540.0,3345.349,0.0
-30.0,-540.0,3292.9963,0.0
-20.0,-540.0,3241.186,0.0
-10.0,-540.0,3189.9165,0.0
0.0,-540.0,3139.186,0.0
10.0,-540.0,3088.9946,0.0
20.0,-540.0,3039.3408,0.0
30.0,-540.0,2990.2222,0.0
40.0,-540.0,2941.6406,0.0
50.0,-540.0,2893.5925,0.0
60.0,-540.0,2846.0806,0.0
70.0,-540.0,2799.0999,0.0
80.0,-540.0,2752.6523,0.0
90.0,-540.0,2706.7354,0.0
100.0,-540.0,2661.349,0.0
110.0,-540.0,2616.4912,0.0
120.0,-540.0,2572.1626,0.0
130.0,-540.0,2528.3618,0.0
140.0,-540.0,2485.087,0.0
150.0,-540.0,2442.3384,0.0
160.0,-540.0,2400.1147,0.0
170.0,-540.0,2358.417,0.0
180.0,-540.0,2317.241,0.0
190.0,-540.0,2276.5886,0.0
200.0,-540.0,2236.4585,0.0
210.0,-540.0,2196.849,0.0
220.0,-540.0,2157.7598,0.0
230.0,-540.0,2119.1904,0.0
240.0,-540.0,2081.1396,0.0
250.0,-540.0,2043.6061,0.0
260.0,-540.0,2006.5913,0.0
270.0,-540.0,1970.092,0.0
280.0,-540.0,1934.1091,0.0
290.0,-540.0,1898.6409,0.0
300.0,-540.0,1863.688,0.0
310.0,-540.0,1829.2476,0.0
320.0,-540.0,1795.3196,0.0
330.0,-540.0,1761.9055,0.0
340.0,-540.0,1729.001,0.0
350.0,-540.0,1696.6086,0.0
360.0,-540.0,1664.7256,0.0
370.0,-540.0,1633.3528,0.0
380.0,-540.0,1602.4885,0.0
390.0,-540.0,1572.132,0.0
400.0,-540.0,1542.283,0.0
410.0,-540.0,1512.9407,0.0
420.0,-540.0,1484.1047,0.0
430.0,-540.0,1455.7742,0.0
440.0,-540.0,1427.9486,0.0
450.0,-540.0,1400.6272,0.0
460.0,-540.0,1373.8091,0.0
470.0,-540.0,1347.4948,0.0
480.0,-540.0,1321.682,0.0
490.0,-540.0,1296.371,0.0
500.0,-540.0,1271.5605,0.0
510.0,-540.0,1247.2515,0.0
520.0,-540.0,1223.4421,0.0
530.0,-540.0,1200.1328,0.0
540.0,-540.0,1177.3212,0.0
550.0,-540.0,1155.0085,0.0
560.0,-540.0,1133.1937,0.0
570.0,-540.0,1111.8752,0.0
580.0,-540.0,1091.0532,0.0
590.0,-540.0,1070.728,0.0
600.0,-540.0,1050.8976,0.0
610.0,-540.0,1031.5621,0.0
620.0,-540.0,1012.7208,0.0
630.0,-540.0,994.37384,0.0
640.0,-540.0,976.5195,0.0
650.0,-540.0,959.15784,0.0
660.0,-540.0,942.2886,0.0
670.0,-540.0,925.91125,0.0
680.0,-540.0,910.025,0.0
690.0,-540.0,894.62915,0.0
700.0,-540.0,879.7236,0.0
710.0,-540.0,865.30707,0.0
720.0,-540.0,851.3804,0.0
730.0,-540.0,837.94305,0.0
740.0,-540.0,824.9933,0.0
750.0,-540.0,812.53076,0.0
760.0,-540.0,800.5559,0.0
770.0,-540.0,789.06726,0.0
780.0,-540.0,778.0652,0.0
790.0,-540.0,767.5485,0.0
800.0,-540.0,757.51746,0.0
810.0,-540.0,747.9708,0.0
820.0,-540.0,738.9094,0.0
830.0,-540.0,730.3312,0.0
840.0,-540.0,722.23645,0.0
850.0,-540.0,714.625,0.0
860.0,-540.0,707.4958,0.0
870.0,-540.0,700.8488,0.0
880.0,-540.0,694.6836,0.0
890.0,-540.0,688.999,0.0
900.0,-540.0,683.7959,0.0
910.0,-540.0,679.07263,0.0
920.0,-540.0,674.8297,0.0
930.0,-540.0,671.06604,0.0
940.0,-540.0,667.781,0.0
950.0,-540.0,664.9751,0.0
960.0,-540.0,662.64734,0.0
970.0,-540.0,660.79724,0.0
980.0,-540.0,659.4241,0.0
990.0,-540.0,658.5282,0.0
1000.0,-540.0,658.1092,0.0
1010.0,-540.0,658.166,0.0
1020.0,-540.0,658.69836,0.0
1030.0,-540.0,659.7057,0.0
1040.0,-540.0,661.1886,0.0
1050.0,-540.0,663.1459,0.0
1060.0,-540.0,665.57654,0.0
1070.0,-540.0,668.48145,0.0
1080.0,-540.0,671.85944,0.0
1090.0,-540.0,675.7102,0.0
1100.0,-540.0,680.03394,0.0
1110.0,-540.0,684.82886,0.0
1120.0,-540.0,690.09595,0.0
1130.0,-540.0,695.83374,0.0
1140.0,-540.0,702.0431,0.0
1150.0,-540.0,708.72345,0.0
1160.0,-540.0,715.8728,0.0
1170.0,-540.0,723.49225,0.0
1180.0,-540.0,731.58105,0.0
1190.0,-540.0,740.1388,0.0
1200.0,-540.0,749.16504,0.0
1210.0,-540.0,758.6594,0.0
1220.0,-540.0,768.6216,0.0
1230.0,-540.0,779.05023,0.0
1240.0,-540.0,789.9456,0.0
1250.0,-540.0,801.3069,0.0
1260.0,-540.0,813.1345,0.0
1270.0,-540.0,825.42957,0.0
1280.0,-540.0,838.1902,0.0
1290.0,-540.0,851.4162,0.0
1300.0,-540.0,865.1057,0.0
1310.0,-540.0,879.25995,0.0
1320.0,-540.0,893.8782,0.0
1330.0,-540.0,908.9602,0.0
1340.0,-540.0,924.5054,0.0
1350.0,-540.0,940.51337,0.0
1360.0,-540.0,956.9834,0.0
1370.0,-540.0,973.91565,0.0
1380.0,-540.0,991.30914,0.0
1390.0,-540.0,1009.16406,0.0
1400.0,-540.0,1027.48,0.0
1410.0,-540.0,1046.2559,0.0
1420.0,-540.0,1065.4921,0.0
1430.0,-540.0,1085.1875,0.0
1440.0,-540.0,1105.3429,0.0
1450.0,-540.0,1125.9568,0.0
1460.0,-540.0,1147.029,0.0
1470.0,-540.0,1168.5593,0.0
1480.0,-540.0,1190.5475,0.0
1490.0,-540.0,1212.9929,0.0
1500.0,-540.0,1235.8948,0.0
1510.0,-540.0,1259.2528,0.0
1520.0,-540.0,1283.0674,0.0
1530.0,-540.0,1307.3375,0.0
1540.0,-540.0,1332.0642,0.0
1550.0,-540.0,1357.2449,0.0
1560.0,-540.0,1382.8806,0.0
1570.0,-540.0,1408.9695,0.0
1580.0,-540.0,1435.5125,0.0
1590.0,-540.0,1462.5084,0.0
1600.0,-540.0,1489.9575,0.0
1610.0,-540.0,1517.8588,0.0
1620.0,-540.0,1546.2117,0.0
1630.0,-540.0,1575.0166,0.0
1640.0,-540.0,1604.2722,0.0
1650.0,-540.0,1633.9786,0.0
1660.0,-540.0,1664.1355,0.0
1670.0,-540.0,1694.7427,0.0
1680.0,-540.0,1725.7987,0.0
1690.0,-540.0,1757.3035,0.0
1700.0,-540.0,1789.2568,0.0
1710.0,-540.0,1821.658,0.0
1720.0,-540.0,1854.507,0.0
1730.0,-540.0,1887.8042,0.0
1740.0,-540.0,1921.5466,0.0
1750.0,-540.0,1955.7365,0.0
1760.0,-540.0,1990.3718,0.0
1770.0,-540.0,2025.452,0.0
1780.0,-540.0,2060.9775,0.0
1790.0,-540.0,2096.948,0.0
1800.0,-540.0,2133.3623,0.0
-200.0,-530.0,39270.906,1.0
-190.0,-530.0,39270.906,1.0
-180.0,-530.0,39270.906,1.0
-170.0,-530.0,39270.906,1.0
-160.0,-530.0,39270.906,1.0
-150.0,-530.0,39270.906,1.0
-140.0,-530.0,39270.906,1.0
-130.0,-530.0,3894.6946,0.0
-120.0,-530.0,3836.198,0.0
-110.0,-530.0,3778.266,0.0
-100.0,-530.0,3720.8965,0.0
-90.0,-530.0,3664.088,0.0
-80.0,-530.0,3607.8403,0.0
-70.0,-530.0,3552.1519,0.0
-60.0,-530.0,3497.0217,0.0
-50.0,-530.0,3442.4495,0.0
-40.0,-530.0,3388.4312,0.0
-30.0,-530.0,3334.9702,0.0
-20.0,-530.0,3282.0625,0.0
-10.0,-530.0,3229.7075,0.0
0.0,-530.0,3177.905,0.0
10.0,-530.0,3126.6543,0.0
20.0,-530.0,3075.9521,0.0
30.0,-530.0,3025.7998,0.0
40.0,-530.0,2976.1956,0.0
50.0,-530.0,2927.1375,0.0
60.0,-530.0,2878.6262,0.0
70.0,-530.0,2830.6602,0.0
80.0,-530.0,2783.2383,0.0
90.0,-530.0,2736.3594,0.0
100.0,-530.0,2690.023,0.0
110.0,-530.0,2644.2283,0.0
120.0,-530.0,2598.973,0.0
130.0,-530.0,2554.2573,0.0
140.0,-530.0,2510.081,0.0
150.0,-530.0,2466.441,0.0
160.0,-530.0,2423.3386,0.0
170.0,-530.0,2380.7734,0.0
180.0,-530.0,2338.7417,0.0
190.0,-530.0,2297.2441,0.0
200.0,-530.0,2256.2817,0.0
210.0,-530.0,2215.8508,0.0
220.0,-530.0,2175.9526,0.0
230.0,-530.0,2136.5845,0.0
240.0,-530.0,2097.7468,0.0
250.0,-530.0,2059.438,0.0
260.0,-530.0,2021.6589,0.0
270.0,-530.0,1984.4072,0.0
280.0,-530.0,1947.6824,0.0
290.0,-530.0,1911.4834,0.0
300.0,-530.0,1875.8107,0.0
310.0,-530.0,1840.6626,0.0
320.0,-530.0,1806.0383,0.0
330.0,-530.0,1771.937,0.0
340.0,-530.0,1738.3586,0.0
350.0,-530.0,1705.3021,0.0
360.0,-530.0,1672.7665,0.0
370.0,-530.0,1640.7512,0.0
380.0,-530.0,1609.2561,0.0
390.0,-530.0,1578.2793,0.0
400.0,-530.0,1547.8206,0.0
410.0,-530.0,1517.8799,0.0
420.0,-530.0,1488.4562,0.0
430.0,-530.0,1459.5483,0.0
440.0,-530.0,1431.1564,0.0
450.0,-530.0,1403.279,0.0
460.0,-530.0,1375.9165,0.0
470.0,-530.0,1349.0671,0.0
480.0,-530.0,1322.731,0.0
490.0,-530.0,1296.9065,0.0
500.0,-530.0,1271.5942,0.0
510.0,-530.0,1246.7927,0.0
520.0,-530.0,1222.5015,0.0
530.0,-530.0,1198.7202,0.0
540.0,-530.0,1175.4485,0.0
550.0,-530.0,1152.6855,0.0
560.0,-530.0,1130.43,0.0
570.0,-530.0,1108.6826,0.0
580.0,-530.0,1087.4412,0.0
590.0,-530.0,1066.707,0.0
600.0,-530.0,1046.4778,0.0
610.0,-530.0,1026.7539,0.0
620.0,-530.0,1007.53455,0.0
630.0,-530.0,988.81946,0.0
640.0,-530.0,970.6078,0.0
650.0,-530.0,952.89813,0.0
660.0,-530.0,935.6913,0.0
670.0,-530.0,918.9867,0.0
680.0,-530.0,902.78326,0.0
690.0,-530.0,887.0803,0.0
700.0,-530.0,871.8772,0.0
710.0,-530.0,857.17413,0.0
720.0,-530.0,842.9701,0.0
730.0,-530.0,829.2648,0.0
740.0,-530.0,816.0581,0.0
750.0,-530.0,803.349,0.0
760.0,-530.0,791.1366,0.0
770.0,-530.0,779.4208,0.0
780.0,-530.0,768.2008,0.0
790.0,-530.0,757.47687,0.0
800.0,-530.0,747.2478,0.0
810.0,-530.0,737.5134,0.0
820.0,-530.0,728.2737,0.0
830.0,-530.0,719.52673,0.0
840.0,-530.0,711.2737,0.0
850.0,-530.0,703.51306,0.0
860.0,-530.0,696.2451,0.0
870.0,-530.0,689.4688,0.0
880.0,-530.0,683.1834,0.0
890.0,-530.0,677.38916,0.0
900.0,-530.0,672.08545,0.0
910.0,-530.0,667.27155,0.0
920.0,-530.0,662.94714,0.0
930.0,-530.0,659.112,0.0
940.0,-530.0,655.7652,0.0
950.0,-530.0,652.90704,0.0
960.0,-530.0,650.53625,0.0
970.0,-530.0,648.65247,0.0
980.0,-530.0,647.2561,0.0
990.0,-530.0,646.3457,0.0
1000.0,-530.0,645.9219,0.0
1010.0,-530.0,645.9834,0.0
1020.0,-530.0,646.53,0.0
1030.0,-530.0,647.5608,0.0
1040.0,-530.0,649.0768,0.0
1050.0,-530.0,651.0758,0.0
1060.0,-530.0,653.55884,0.0
1070.0,-530.0,656.5247,0.0
1080.0,-530.0,659.973,0.0
1090.0,-530.0,663.9045,0.0
1100.0,-530.0,668.3168,0.0
1110.0,-530.0,673.2106,0.0
1120.0,-530.0,678.5851,0.0
1130.0,-530.0,684.4404,0.0
1140.0,-530.0,690.7759,0.0
1150.0,-530.0,697.59106,0.0
1160.0,-530.0,704.88617,0.0
1170.0,-530.0,712.6594,0.0
1180.0,-530.0,720.91125,0.0
1190.0,-530.0,729.6415,0.0
1200.0,-530.0,738.8495,0.0
1210.0,-530.0,748.53455,0.0
1220.0,-530.0,758.69604,0.0
1230.0,-530.0,769.33386,0.0
1240.0,-530.0,780.44653,0.0
1250.0,-530.0,792.0357,0.0
1260.0,-530.0,804.1002,0.0
1270.0,-530.0,816.6413,0.0
1280.0,-530.0,829.6565,0.0
1290.0,-530.0,843.14514,0.0
1300.0,-530.0,857.1076,0.0
1310.0,-530.0,871.5436,0.0
1320.0,-530.0,886.45264,0.0
1330.0,-530.0,901.8335,0.0
1340.0,-530.0,917.6876,0.0
1350.0,-530.0,934.01294,0.0
1360.0,-530.0,950.8097,0.0
1370.0,-530.0,968.07697,0.0
1380.0,-530.0,985.81494,0.0
1390.0,-530.0,1004.0231,0.0
1400.0,-530.0,1022.7006,0.0
1410.0,-530.0,1041.8475,0.0
1420.0,-530.0,1061.4634,0.0
1430.0,-530.0,1081.5479,0.0
1440.0,-530.0,1102.1003,0.0
1450.0,-530.0,1123.1201,0.0
1460.0,-530.0,1144.6079,0.0
1470.0,-530.0,1166.5625,0.0
1480.0,-530.0,1188.9824,0.0
1490.0,-530.0,1211.8687,0.0
1500.0,-530.0,1235.2206,0.0
1510.0,-530.0,1259.0377,0.0
1520.0,-530.0,1283.3196,0.0
1530.0,-530.0,1308.0664,0.0
1540.0,-530.0,1333.2777,0.0
1550.0,-530.0,1358.9519,0.0
1560.0,-530.0,1385.0891,0.0
1570.0,-530.0,1411.6888,0.0
1580.0,-530.0,1438.7509,0.0
1590.0,-530.0,1466.2744,0.0
1600.0,-530.0,1494.2605,0.0
1610.0,-530.0,1522.7063,0.0
1620.0,-530.0,1551.613,0.0
1630.0,-530.0,1580.9797,0.0
1640.0,-530.0,1610.8063,0.0
1650.0,-530.0,1641.0917,0.0
1660.0,-530.0,1671.8357,0.0
1670.0,-530.0,1703.0388,0.0
1680.0,-530.0,1734.6984,0.0
1690.0,-530.0,1766.8162,0.0
1700.0,-530.0,1799.391,0.0
1710.0,-530.0,1832.4216,0.0
1720.0,-530.0,1865.9089,0.0
1730.0,-530.0,1899.8517,0.0
1740.0,-530.0,1934.2498,0.0
1750.0,-530.0,1969.1017,0.0
1760.0,-530.0,2004.4077,0.0
1770.0,-530.0,2040.1678,0.0
1780.0,-530.0,2076.3809,0.0
1790.0,-530.0,2113.0479,0.0
1800.0,-530.0,2150.1655,0.0
-200.0,-520.0,39270.906,1.0
-190.0,-520.0,39270.906,1.0
-180.0,-520.0,39270.906,1.0
-170.0,-520.0,39270.906,1.0
-160.0,-520.0,39270.906,1.0
-150.0,-520.0,39270.906,1.0
-140.0,-520.0,4011.504,0.0
-130.0,-520.0,3951.1484,0.0
-120.0,-520.0,3891.374,0.0
-110.0,-520.0,3832.1755,0.0
-100.0,-520.0,3773.5537,0.0
-90.0,-520.0,3715.5076,0.0
-80.0,-520.0,3658.0347,0.0
-70.0,-520.0,3601.1353,0.0
-60.0,-520.0,3544.8076,0.0
-50.0,-520.0,3489.0498,0.0
-40.0,-520.0,3433.8613,0.0
-30.0,-520.0,3379.2417,0.0
-20.0,-520.0,3325.1895,0.0
-10.0,-520.0,3271.7031,0.0
0.0,-520.0,3218.7822,0.0
10.0,-520.0,3166.4243,0.0
20.0,-520.0,3114.6304,0.0
30.0,-520.0,3063.397,0.0
40.0,-520.0,3012.726,0.0
50.0,-520.0,2962.6145,0.0
60.0,-520.0,2913.06,0.0
70.0,-520.0,2864.0664,0.0
80.0,-520.0,2815.6274,0.0
90.0,-520.0,2767.746,0.0
100.0,-520.0,2720.4177,0.0
110.0,-520.0,2673.644,0.0
120.0,-520.0,2627.4236,0.0
130.0,-520.0,2581.754,0.0
140.0,-520.0,2536.6357,0.0
150.0,-520.0,2492.0679,0.0
160.0,-520.0,2448.0488,0.0
170.0,-520.0,2404.5776,0.0
180.0,-520.0,2361.6545,0.0
190.0,-520.0,2319.277,0.0
200.0,-520.0,2277.4458,0.0
210.0,-520.0,2236.159,0.0
220.0,-520.0,2195.4155,0.0
230.0,-520.0,2155.2158,0.0
240.0,-520.0,2115.5576,0.0
250.0,-520.0,2076.4412,0.0
260.0,-520.0,2037.8644,0.0
270.0,-520.0,1999.8276,0.0
280.0,-520.0,1962.3298,0.0
290.0,-520.0,1925.3694,0.0
300.0,-520.0,1888.9468,0.0
310.0,-520.0,1853.0609,0.0
320.0,-520.0,1817.7097,0.0
330.0,-520.0,1782.894,0.0
340.0,-520.0,1748.6115,0.0
350.0,-520.0,1714.8633,0.0
360.0,-520.0,1681.6472,0.0
370.0,-520.0,1648.9628,0.0
380.0,-520.0,1616.8097,0.0
390.0,-520.0,1585.1868,0.0
400.0,-520.0,1554.0934,0.0
410.0,-520.0,1523.5293,0.0
420.0,-520.0,1493.4922,0.0
430.0,-520.0,1463.9839,0.0
440.0,-520.0,1435.0012,0.0
450.0,-520.0,1406.5449,0.0
460.0,-520.0,1378.6143,0.0
470.0,-520.0,1351.2081,0.0
480.0,-520.0,1324.3264,0.0
490.0,-520.0,1297.968,0.0
500.0,-520.0,1272.1318,0.0
510.0,-520.0,1246.8175,0.0
520.0,-520.0,1222.0244,0.0
530.0,-520.0,1197.753,0.0
540.0,-520.0,1174.001,0.0
550.0,-520.0,1150.7686,0.0
560.0,-520.0,1128.0554,0.0
570.0,-520.0,1105.8599,0.0
580.0,-520.0,1084.1826,0.0
590.0,-520.0,1063.0217,0.0
600.0,-520.0,1042.3777,0.0
610.0,-520.0,1022.2494,0.0
620.0,-520.0,1002.6359,0.0
630.0,-520.0,983.5376,0.0
640.0,-520.0,964.9527,0.0
650.0,-520.0,946.8825,0.0
660.0,-520.0,929.3235,0.0
670.0,-520.0,912.27783,0.0
680.0,-520.0,895.7438,0.0
690.0,-520.0,879.7214,0.0
700.0,-520.0,864.20935,0.0
710.0,-520.0,849.20715,0.0
720.0,-520.0,834.7146,0.0
730.0,-520.0,820.7312,0.0
740.0,-520.0,807.25635,0.0
750.0,-520.0,794.28955,0.0
760.0,-520.0,781.8304,0.0
770.0,-520.0,769.8778,0.0
780.0,-520.0,758.4319,0.0
790.0,-520.0,747.4917,0.0
800.0,-520.0,737.0564,0.0
810.0,-520.0,727.1266,0.0
820.0,-520.0,717.7009,0.0
830.0,-520.0,708.7794,0.0
840.0,-520.0,700.3609,0.0
850.0,-520.0,692.44543,0.0
860.0,-520.0,685.03235,0.0
870.0,-520.0,678.12146,0.0
880.0,-520.0,671.7117,0.0
890.0,-520.0,665.8024,0.0
900.0,-520.0,660.39404,0.0
910.0,-520.0,655.4859,0.0
920.0,-520.0,651.07715,0.0
930.0,-520.0,647.1675,0.0
940.0,-520.0,643.7562,0.0
950.0,-520.0,640.8434,0.0
960.0,-520.0,638.4282,0.0
970.0,-520.0,636.5099,0.0
980.0,-520.0,635.0886,0.0
990.0,-520.0,634.1636,0.0
1000.0,-520.0,633.7344,0.0
1010.0,-520.0,633.801,0.0
1020.0,-520.0,634.36206,0.0
1030.0,-520.0,635.4181,0.0
1040.0,-520.0,636.9675,0.0
1050.0,-520.0,639.0112,0.0
1060.0,-520.0,641.5479,0.0
1070.0,-520.0,644.57745,0.0
1080.0,-520.0,648.0994,0.0
1090.0,-520.0,652.1135,0.0
1100.0,-520.0,656.6186,0.0
1110.0,-520.0,661.61456,0.0
1120.0,-520.0,667.10175,0.0
1130.0,-520.0,673.0786,0.0
1140.0,-520.0,679.5459,0.0
1150.0,-520.0,686.5023,0.0
1160.0,-520.0,693.94714,0.0
1170.0,-520.0,701.88086,0.0
1180.0,-520.0,710.30286,0.0
1190.0,-520.0,719.2126,0.0
1200.0,-520.0,728.6091,0.0
1210.0,-520.0,738.49304,0.0
1220.0,-520.0,748.86206,0.0
1230.0,-520.0,759.7169,0.0
1240.0,-520.0,771.05664,0.0
1250.0,-520.0,782.8822,0.0
1260.0,-520.0,795.1935,0.0
1270.0,-520.0,807.9895,0.0
1280.0,-520.0,821.26904,0.0
1290.0,-520.0,835.03204,0.0
1300.0,-520.0,849.2777,0.0
1310.0,-520.0,864.00696,0.0
1320.0,-520.0,879.2179,0.0
1330.0,-520.0,894.91064,0.0
1340.0,-520.0,911.0849,0.0
1350.0,-520.0,927.7405,0.0
1360.0,-520.0,944.87695,0.0
1370.0,-520.0,962.49304,0.0
1380.0,-520.0,980.5891,0.0
1390.0,-520.0,999.1646,0.0
1400.0,-520.0,1018.2186,0.0
1410.0,-520.0,1037.7515,0.0
1420.0,-520.0,1057.7617,0.0
1430.0,-520.0,1078.2504,0.0
1440.0,-520.0,1099.2158,0.0
1450.0,-520.0,1120.6586,0.0
1460.0,-520.0,1142.5773,0.0
1470.0,-520.0,1164.972,0.0
1480.0,-520.0,1187.8419,0.0
1490.0,-520.0,1211.187,0.0
1500.0,-520.0,1235.0068,0.0
1510.0,-520.0,1259.3008,0.0
1520.0,-520.0,1284.0701,0.0
1530.0,-520.0,1309.3116,0.0
1540.0,-520.0,1335.0261,0.0
1550.0,-520.0,1361.2134,0.0
1560.0,-520.0,1387.8726,0.0
1570.0,-520.0,1415.0029,0.0
1580.0,-520.0,1442.6052,0.0
1590.0,-520.0,1470.6777,0.0
1600.0,-520.0,1499.221,0.0
1610.0,-520.0,1528.2338,0.0
1620.0,-520.0,1557.7158,0.0
1630.0,-520.0,1587.666,0.0
1640.0,-520.0,1618.0854,0.0
1650.0,-520.0,1648.9731,0.0
1660.0,-520.0,1680.3276,0.0
1670.0,-520.0,1712.15,0.0
1680.0,-520.0,1744.4382,0.0
1690.0,-520.0,1777.1929,0.0
1700.0,-520.0,1810.4131,0.0
1710.0,-520.0,1844.0981,0.0
1720.0,-520.0,1878.2482,0.0
1730.0,-520.0,1912.8627,0.0
1740.0,-520.0,1947.9402,0.0
1750.0,-520.0,1983.4818,0.0
1760.0,-520.0,2019.4855,0.0
1770.0,-520.0,2055.952,0.0
1780.0,-520.0,2092.8784,0.0
1790.0,-520.0,2130.2686,0.0
1800.0,-520.0,2168.1182,0.0
-200.0,-510.0,39270.906,1.0
-190.0,-510.0,39270.906,1.0
-180.0,-510.0,39270.906,1.0
-170.0,-510.0,39270.906,1.0
-160.0,-510.0,39270.906,1.0
-150.0,-510.0,39270.906,1.0
-140.0,-510.0,4072.3076,0.0
-130.0,-510.0,4010.6016,0.0
-120.0,-510.0,3949.4888,0.0
-110.0,-510.0,3888.9678,0.0
-100.0,-510.0,3829.0388,0.0
-90.0,-510.0,3769.6975,0.0
-80.0,-510.0,3710.9448,0.0
-70.0,-510.0,3652.78,0.0
-60.0,-510.0,3595.2002,0.0
-50.0,-510.0,3538.205,0.0
-40.0,-510.0,3481.7927,0.0
-30.0,-510.0,3425.963,0.0
-20.0,-510.0,3370.714,0.0
-10.0,-510.0,3316.0454,0.0
0.0,-510.0,3261.9556,0.0
10.0,-510.0,3208.4436,0.0
20.0,-510.0,3155.507,0.0
30.0,-510.0,3103.1472,0.0
40.0,-510.0,3051.3613,0.0
50.0,-510.0,3000.1475,0.0
60.0,-510.0,2949.5068,0.0
70.0,-510.0,2899.4375,0.0
80.0,-510.0,2849.938,0.0
90.0,-510.0,2801.0073,0.0
100.0,-510.0,2752.6445,0.0
110.0,-510.0,2704.85,0.0
120.0,-510.0,2657.6191,0.0
130.0,-510.0,2610.9548,0.0
140.0,-510.0,2564.8535,0.0
150.0,-510.0,2519.3164,0.0
160.0,-510.0,2474.3403,0.0
170.0,-510.0,2429.9253,0.0
180.0,-510.0,2386.0708,0.0
190.0,-510.0,2342.7744,0.0
200.0,-510.0,2300.0361,0.0
210.0,-510.0,2257.8564,0.0
220.0,-510.0,2216.232,0.0
230.0,-510.0,2175.163,0.0
240.0,-510.0,2134.6492,0.0
250.0,-510.0,2094.688,0.0
260.0,-510.0,2055.281,0.0
270.0,-510.0,2016.4253,0.0
280.0,-510.0,1978.1206,0.0
290.0,-510.0,1940.366,0.0
300.0,-510.0,1903.1614,0.0
310.0,-510.0,1866.5046,0.0
320.0,-510.0,1830.3956,0.0
330.0,-510.0,1794.8342,0.0
340.0,-510.0,1759.8184,0.0
350.0,-510.0,1725.3475,0.0
360.0,-510.0,1691.4221,0.0
370.0,-510.0,1658.0398,0.0
380.0,-510.0,1625.2007,0.0
390.0,-510.0,1592.9036,0.0
400.0,-510.0,1561.1475,0.0
410.0,-510.0,1529.9329,0.0
420.0,-510.0,1499.2574,0.0
430.0,-510.0,1469.1216,0.0
440.0,-510.0,1439.5239,0.0
450.0,-510.0,1410.4641,0.0
460.0,-510.0,1381.9415,0.0
470.0,-510.0,1353.9543,0.0
480.0,-510.0,1326.5038,0.0
490.0,-510.0,1299.5878,0.0
500.0,-510.0,1273.206,0.0
510.0,-510.0,1247.3572,0.0
520.0,-510.0,1222.041,0.0
530.0,-510.0,1197.2576,0.0
540.0,-510.0,1173.0054,0.0
550.0,-510.0,1149.2839,0.0
560.0,-510.0,1126.0929,0.0
570.0,-510.0,1103.4312,0.0
580.0,-510.0,1081.2983,0.0
590.0,-510.0,1059.6934,0.0
600.0,-510.0,1038.617,0.0
610.0,-510.0,1018.06696,0.0
620.0,-510.0,998.0435,0.0
630.0,-510.0,978.54565,0.0
640.0,-510.0,959.57245,0.0
650.0,-510.0,941.12415,0.0
660.0,-510.0,923.1997,0.0
670.0,-510.0,905.7985,0.0
680.0,-510.0,888.9199,0.0
690.0,-510.0,872.5645,0.0
700.0,-510.0,856.7302,0.0
710.0,-510.0,841.4162,0.0
720.0,-510.0,826.62317,0.0
730.0,-510.0,812.34955,0.0
740.0,-510.0,798.59625,0.0
750.0,-510.0,785.3613,0.0
760.0,-510.0,772.6448,0.0
770.0,-510.0,760.4453,0.0
780.0,-510.0,748.7634,0.0
790.0,-510.0,737.59827,0.0
800.0,-510.0,726.94836,0.0
810.0,-510.0,716.81464,0.0
820.0,-510.0,707.1958,0.0
830.0,-510.0,698.0915,0.0
840.0,-510.0,689.5011,0.0
850.0,-510.0,681.4243,0.0
860.0,-510.0,673.8605,0.0
870.0,-510.0,666.80896,0.0
880.0,-510.0,660.2695,0.0
890.0,-510.0,654.24133,0.0
900.0,-510.0,648.7239,0.0
910.0,-510.0,643.7173,0.0
920.0,-510.0,639.2206,0.0
930.0,-510.0,635.2332,0.0
940.0,-510.0,631.755,0.0
950.0,-510.0,628.78516,0.0
960.0,-510.0,626.32355,0.0
970.0,-510.0,624.36926,0.0
980.0,-510.0,622.92224,0.0
990.0,-510.0,621.98145,0.0
1000.0,-510.0,621.5473,0.0
1010.0,-510.0,621.61896,0.0
1020.0,-510.0,622.1953,0.0
1030.0,-510.0,623.2763,0.0
1040.0,-510.0,624.8623,0.0
1050.0,-510.0,626.9514,0.0
1060.0,-510.0,629.54443,0.0
1070.0,-510.0,632.64014,0.0
1080.0,-510.0,636.2383,0.0
1090.0,-510.0,640.3386,0.0
1100.0,-510.0,644.94073,0.0
1110.0,-510.0,650.04346,0.0
1120.0,-510.0,655.64746,0.0
1130.0,-510.0,661.75104,0.0
1140.0,-510.0,668.3549,0.0
1150.0,-510.0,675.45807,0.0
1160.0,-510.0,683.06024,0.0
1170.0,-510.0,691.16064,0.0
1180.0,-510.0,699.7593,0.0
1190.0,-510.0,708.8557,0.0
1200.0,-510.0,718.449,0.0
1210.0,-510.0,728.53906,0.0
1220.0,-510.0,739.1248,0.0
1230.0,-510.0,750.2054,0.0
1240.0,-510.0,761.78143,0.0
1250.0,-510.0,773.8534,0.0
1260.0,-510.0,786.4209,0.0
1270.0,-510.0,799.4828,0.0
1280.0,-510.0,813.0376,0.0
1290.0,-510.0,827.08563,0.0
1300.0,-510.0,841.6268,0.0
1310.0,-510.0,856.66064,0.0
1320.0,-510.0,872.1865,0.0
1330.0,-510.0,888.2035,0.0
1340.0,-510.0,904.7119,0.0
1350.0,-510.0,921.71094,0.0
1360.0,-510.0,939.2004,0.0
1370.0,-510.0,957.1793,0.0
1380.0,-510.0,975.6484,0.0
1390.0,-510.0,994.60565,0.0
1400.0,-510.0,1014.0519,0.0
1410.0,-510.0,1033.9856,0.0
1420.0,-510.0,1054.4075,0.0
1430.0,-510.0,1075.3164,0.0
1440.0,-510.0,1096.7119,0.0
1450.0,-510.0,1118.594,0.0
1460.0,-510.0,1140.9619,0.0
1470.0,-510.0,1163.8147,0.0
1480.0,-510.0,1187.153,0.0
1490.0,-510.0,1210.9753,0.0
1500.0,-510.0,1235.2822,0.0
1510.0,-510.0,1260.0732,0.0
1520.0,-510.0,1285.3474,0.0
1530.0,-510.0,1311.1044,0.0
1540.0,-510.0,1337.3433,0.0
1550.0,-510.0,1364.0641,0.0
1560.0,-510.0,1391.2661,0.0
1570.0,-510.0,1418.9489,0.0
1580.0,-510.0,1447.1122,0.0
1590.0,-510.0,1475.7561,0.0
1600.0,-510.0,1504.8795,0.0
1610.0,-510.0,1534.4812,0.0
1620.0,-510.0,1564.5621,0.0
1630.0,-510.0,1595.121,0.0
1640.0,-510.0,1626.157,0.0
1650.0,-510.0,1657.6704,0.0
1660.0,-510.0,1689.6609,0.0
1670.0,-510.0,1722.1262,0.0
1680.0,-510.0,1755.0681,0.0
1690.0,-510.0,1788.4856,0.0
1700.0,-510.0,1822.3776,0.0
1710.0,-510.0,1856.7435,0.0
1720.0,-510.0,1891.5835,0.0
1730.0,-510.0,1926.8955,0.0
1740.0,-510.0,1962.6809,0.0
1750.0,-510.0,1998.939,0.0
1760.0,-510.0,2035.6682,0.0
1770.0,-510.0,2072.8682,0.0
1780.0,-510.0,2110.539,0.0
1790.0,-510.0,2148.6812,0.0
1800.0,-510.0,2187.2915,0.0
-200.0,-500.0,39270.906,1.0
-190.0,-500.0,39270.906,1.0
-180.0,-500.0,39270.906,1.0
-170.0,-500.0,39270.906,1.0
-160.0,-500.0,39270.906,1.0
-150.0,-500.0,4200.1045,0.0
-140.0,-500.0,4136.374,0.0
-130.0,-500.0,4073.2537,0.0
-120.0,-500.0,4010.7424,0.0
-110.0,-500.0,3948.8381,0.0
-100.0,-500.0,3887.5388,0.0
-90.0,-500.0,3826.8442,0.0
-80.0,-500.0,3766.753,0.0
-70.0,-500.0,3707.2632,0.0
-60.0,-500.0,3648.3735,0.0
-50.0,-500.0,3590.0847,0.0
-40.0,-500.0,3532.392,0.0
-30.0,-500.0,3475.297,0.0
-20.0,-500.0,3418.797,0.0
-10.0,-500.0,3362.892,0.0
0.0,-500.0,3307.58,0.0
10.0,-500.0,3252.8599,0.0
20.0,-500.0,3198.7305,0.0
30.0,-500.0,3145.1904,0.0
40.0,-500.0,3092.2388,0.0
50.0,-500.0,3039.8743,0.0
60.0,-500.0,2988.0967,0.0
70.0,-500.0,2936.9043,0.0
80.0,-500.0,2886.2952,0.0
90.0,-500.0,2836.27,0.0
100.0,-500.0,2786.8254,0.0
110.0,-500.0,2737.9617,0.0
120.0,-500.0,2689.6782,0.0
130.0,-500.0,2641.9722,0.0
140.0,-500.0,2594.8457,0.0
150.0,-500.0,2548.2927,0.0
160.0,-500.0,2502.3176,0.0
170.0,-500.0,2456.9165,0.0
180.0,-500.0,2412.0881,0.0
190.0,-500.0,2367.8315,0.0
200.0,-500.0,2324.1475,0.0
210.0,-500.0,2281.0332,0.0
220.0,-500.0,2238.4895,0.0
230.0,-500.0,2196.513,0.0
240.0,-500.0,2155.105,0.0
250.0,-500.0,2114.2632,0.0
260.0,-500.0,2073.9866,0.0
270.0,-500.0,2034.2761,0.0
280.0,-500.0,1995.1292,0.0
290.0,-500.0,1956.5447,0.0
300.0,-500.0,1918.5227,0.0
310.0,-500.0,1881.0629,0.0
320.0,-500.0,1844.1628,0.0
330.0,-500.0,1807.822,0.0
340.0,-500.0,1772.0398,0.0
350.0,-500.0,1736.8151,0.0
360.0,-500.0,1702.1482,0.0
370.0,-500.0,1668.0376,0.0
380.0,-500.0,1634.4822,0.0
390.0,-500.0,1601.4814,0.0
400.0,-500.0,1569.0347,0.0
410.0,-500.0,1537.1399,0.0
420.0,-500.0,1505.7983,0.0
430.0,-500.0,1475.0084,0.0
440.0,-500.0,1444.7683,0.0
450.0,-500.0,1415.0785,0.0
460.0,-500.0,1385.938,0.0
470.0,-500.0,1357.3451,0.0
480.0,-500.0,1329.3003,0.0
490.0,-500.0,1301.8021,0.0
500.0,-500.0,1274.8508,0.0
510.0,-500.0,1248.4446,0.0
520.0,-500.0,1222.583,0.0
530.0,-500.0,1197.2649,0.0
540.0,-500.0,1172.4905,0.0
550.0,-500.0,1148.2593,0.0
560.0,-500.0,1124.5693,0.0
570.0,-500.0,1101.4218,0.0
580.0,-500.0,1078.8137,0.0
590.0,-500.0,1056.7458,0.0
600.0,-500.0,1035.2175,0.0
610.0,-500.0,1014.2278,0.0
620.0,-500.0,993.7756,0.0
630.0,-500.0,973.86115,0.0
640.0,-500.0,954.48315,0.0
650.0,-500.0,935.6415,0.0
660.0,-500.0,917.3353,0.0
670.0,-500.0,899.56354,0.0
680.0,-500.0,882.3262,0.0
690.0,-500.0,865.62256,0.0
700.0,-500.0,849.4517,0.0
710.0,-500.0,833.8135,0.0
720.0,-500.0,818.70654,0.0
730.0,-500.0,804.13104,0.0
740.0,-500.0,790.0862,0.0
750.0,-500.0,776.57153,0.0
760.0,-500.0,763.58673,0.0
770.0,-500.0,751.1305,0.0
780.0,-500.0,739.2023,0.0
790.0,-500.0,727.80225,0.0
800.0,-500.0,716.9292,0.0
810.0,-500.0,706.583,0.0
820.0,-500.0,696.76227,0.0
830.0,-500.0,687.46747,0.0
840.0,-500.0,678.69775,0.0
850.0,-500.0,670.4529,0.0
860.0,-500.0,662.73145,0.0
870.0,-500.0,655.5336,0.0
880.0,-500.0,648.8588,0.0
890.0,-500.0,642.70654,0.0
900.0,-500.0,637.0756,0.0
910.0,-500.0,631.96643,0.0
920.0,-500.0,627.3776,0.0
930.0,-500.0,623.30963,0.0
940.0,-500.0,619.7612,0.0
950.0,-500.0,616.7323,0.0
960.0,-500.0,614.22205,0.0
970.0,-500.0,612.23035,0.0
980.0,-500.0,610.75635,0.0
990.0,-500.0,609.79974,0.0
1000.0,-500.0,609.3603,0.0
1010.0,-500.0,609.43665,0.0
1020.0,-500.0,610.02936,0.0
1030.0,-500.0,611.1371,0.0
1040.0,-500.0,612.7599,0.0
1050.0,-500.0,614.8974,0.0
1060.0,-500.0,617.54846,0.0
1070.0,-500.0,620.71313,0.0
1080.0,-500.0,624.39124,0.0
1090.0,-500.0,628.5814,0.0
1100.0,-500.0,633.2845,0.0
1110.0,-500.0,638.4983,0.0
1120.0,-500.0,644.22314,0.0
1130.0,-500.0,650.4594,0.0
1140.0,-500.0,657.2057,0.0
1150.0,-500.0,664.46204,0.0
1160.0,-500.0,672.2278,0.0
1170.0,-500.0,680.5021,0.0
1180.0,-500.0,689.2854,0.0
1190.0,-500.0,698.5762,0.0
1200.0,-500.0,708.37427,0.0
1210.0,-500.0,718.6791,0.0
1220.0,-500.0,729.48975,0.0
1230.0,-500.0,740.8062,0.0
1240.0,-500.0,752.62836,0.0
1250.0,-500.0,764.958,0.0
1260.0,-500.0,777.792,0.0
1270.0,-500.0,791.1305,0.0
1280.0,-500.0,804.97217,0.0
1290.0,-500.0,819.31775,0.0
1300.0,-500.0,834.1665,0.0
1310.0,-500.0,849.51733,0.0
1320.0,-500.0,865.3708,0.0
1330.0,-500.0,881.72577,0.0
1340.0,-500.0,898.582,0.0
1350.0,-500.0,915.939,0.0
1360.0,-500.0,933.7966,0.0
1370.0,-500.0,952.1536,0.0
1380.0,-500.0,971.01013,0.0
1390.0,-500.0,990.3656,0.0
1400.0,-500.0,1010.21985,0.0
1410.0,-500.0,1030.5715,0.0
1420.0,-500.0,1051.4216,0.0
1430.0,-500.0,1072.7686,0.0
1440.0,-500.0,1094.6122,0.0
1450.0,-500.0,1116.9517,0.0
1460.0,-500.0,1139.7871,0.0
1470.0,-500.0,1163.1177,0.0
1480.0,-500.0,1186.9427,0.0
1490.0,-500.0,1211.2626,0.0
1500.0,-500.0,1236.0773,0.0
1510.0,-500.0,1261.385,0.0
1520.0,-500.0,1287.1859,0.0
1530.0,-500.0,1313.4788,0.0
1540.0,-500.0,1340.2634,0.0
1550.0,-500.0,1367.5405,0.0
1560.0,-500.0,1395.3079,0.0
1570.0,-500.0,1423.5659,0.0
1580.0,-500.0,1452.3137,0.0
1590.0,-500.0,1481.552,0.0
1600.0,-500.0,1511.2793,0.0
1610.0,-500.0,1541.4949,0.0
1620.0,-500.0,1572.1989,0.0
1630.0,-500.0,1603.3899,0.0
1640.0,-500.0,1635.0692,0.0
1650.0,-500.0,1667.2341,0.0
1660.0,-500.0,1699.885,0.0
1670.0,-500.0,1733.0226,0.0
1680.0,-500.0,1766.6448,0.0
1690.0,-500.0,1800.7512,0.0
1700.0,-500.0,1835.3423,0.0
1710.0,-500.0,1870.4164,0.0
1720.0,-500.0,1905.974,0.0
1730.0,-500.0,1942.0139,0.0
1740.0,-500.0,1978.5365,0.0
1750.0,-500.0,2015.5391,0.0
1760.0,-500.0,2053.0237,0.0
1770.0,-500.0,2090.989,0.0
1780.0,-500.0,2129.4324,0.0
1790.0,-500.0,2168.3567,0.0
1800.0,-500.0,2207.7593,0.0
-200.0,-490.0,39270.906,1.0
-190.0,-490.0,39270.906,1.0
-180.0,-490.0,39270.906,1.0
-170.0,-490.0,39270.906,1.0
-160.0,-490.0,39270.906,1.0
-150.0,-490.0,4269.1567,0.0
-140.0,-490.0,4203.9287,0.0
-130.0,-490.0,4139.326,0.0
-120.0,-490.0,4075.35,0.0
-110.0,-490.0,4011.9966,0.0
-100.0,-490.0,3949.263,0.0
-90.0,-490.0,3887.1506,0.0
-80.0,-490.0,3825.6572,0.0
-70.0,-490.0,3764.7793,0.0
-60.0,-490.0,3704.5205,0.0
-50.0,-490.0,3644.875,0.0
-40.0,-490.0,3585.8418,0.0
-30.0,-490.0,3527.4219,0.0
-20.0,-490.0,3469.6133,0.0
-10.0,-490.0,3412.4143,0.0
0.0,-490.0,3355.8223,0.0
10.0,-490.0,3299.8376,0.0
20.0,-490.0,3244.459,0.0
30.0,-490.0,3189.6853,0.0
40.0,-490.0,3135.5142,0.0
50.0,-490.0,3081.9443,0.0
60.0,-490.0,3028.977,0.0
70.0,-490.0,2976.609,0.0
80.0,-490.0,2924.8398,0.0
90.0,-490.0,2873.667,0.0
100.0,-490.0,2823.0916,0.0
110.0,-490.0,2773.1113,0.0
120.0,-490.0,2723.724,0.0
130.0,-490.0,2674.9307,0.0
140.0,-490.0,2626.7275,0.0
150.0,-490.0,2579.1172,0.0
160.0,-490.0,2532.095,0.0
170.0,-490.0,2485.6614,0.0
180.0,-490.0,2439.8157,0.0
190.0,-490.0,2394.5562,0.0
200.0,-490.0,2349.8813,0.0
210.0,-490.0,2305.7908,0.0
220.0,-490.0,2262.2842,0.0
230.0,-490.0,2219.3604,0.0
240.0,-490.0,2177.017,0.0
250.0,-490.0,2135.2532,0.0
260.0,-490.0,2094.0698,0.0
270.0,-490.0,2053.4646,0.0
280.0,-490.0,2013.4363,0.0
290.0,-490.0,1973.9851,0.0
300.0,-490.0,1935.1093,0.0
310.0,-490.0,1896.8083,0.0
320.0,-490.0,1859.0812,0.0
330.0,-490.0,1821.9264,0.0
340.0,-490.0,1785.3438,0.0
350.0,-490.0,1749.3319,0.0
360.0,-490.0,1713.8905,0.0
370.0,-490.0,1679.0183,0.0
380.0,-490.0,1644.7151,0.0
390.0,-490.0,1610.9785,0.0
400.0,-490.0,1577.8088,0.0
410.0,-490.0,1545.2053,0.0
420.0,-490.0,1513.1669,0.0
430.0,-490.0,1481.6924,0.0
440.0,-490.0,1450.7816,0.0
450.0,-490.0,1420.4336,0.0
460.0,-490.0,1390.647,0.0
470.0,-490.0,1361.4218,0.0
480.0,-490.0,1332.7563,0.0
490.0,-490.0,1304.6511,0.0
500.0,-490.0,1277.1044,0.0
510.0,-490.0,1250.116,0.0
520.0,-490.0,1223.6843,0.0
530.0,-490.0,1197.8093,0.0
540.0,-490.0,1172.4894,0.0
550.0,-490.0,1147.7249,0.0
560.0,-490.0,1123.5145,0.0
570.0,-490.0,1099.8584,0.0
580.0,-490.0,1076.7546,0.0
590.0,-490.0,1054.2036,0.0
600.0,-490.0,1032.2031,0.0
610.0,-490.0,1010.7544,0.0
620.0,-490.0,989.85535,0.0
630.0,-490.0,969.5056,0.0
640.0,-490.0,949.70483,0.0
650.0,-490.0,930.45245,0.0
660.0,-490.0,911.747,0.0
670.0,-490.0,893.58875,0.0
680.0,-490.0,875.97595,0.0
690.0,-490.0,858.90924,0.0
700.0,-490.0,842.3873,0.0
710.0,-490.0,826.4104,0.0
720.0,-490.0,810.97644,0.0
730.0,-490.0,796.0854,0.0
740.0,-490.0,781.73645,0.0
750.0,-490.0,767.9301,0.0
760.0,-490.0,754.665,0.0
770.0,-490.0,741.9405,0.0
780.0,-490.0,729.75574,0.0
790.0,-490.0,718.11035,0.0
800.0,-490.0,707.00397,0.0
810.0,-490.0,696.43567,0.0
820.0,-490.0,686.40515,0.0
830.0,-490.0,676.9114,0.0
840.0,-490.0,667.9546,0.0
850.0,-490.0,659.5338,0.0
860.0,-490.0,651.6488,0.0
870.0,-490.0,644.298,0.0
880.0,-490.0,637.48206,0.0
890.0,-490.0,631.1996,0.0
900.0,-490.0,625.4503,0.0
910.0,-490.0,620.2339,0.0
920.0,-490.0,615.5499,0.0
930.0,-490.0,611.39746,0.0
940.0,-490.0,607.77625,0.0
950.0,-490.0,604.6854,0.0
960.0,-490.0,602.12463,0.0
970.0,-490.0,600.0935,0.0
980.0,-490.0,598.59186,0.0
990.0,-490.0,597.6182,0.0
1000.0,-490.0,597.17285,0.0
1010.0,-490.0,597.2549,0.0
1020.0,-490.0,597.86414,0.0
1030.0,-490.0,598.9998,0.0
1040.0,-490.0,600.6613,0.0
1050.0,-490.0,602.8485,0.0
1060.0,-490.0,605.5609,0.0
1070.0,-490.0,608.79767,0.0
1080.0,-490.0,612.55865,0.0
1090.0,-490.0,616.84314,0.0
1100.0,-490.0,621.65063,0.0
1110.0,-490.0,626.9807,0.0
1120.0,-490.0,632.8326,0.0
1130.0,-490.0,639.20685,0.0
1140.0,-490.0,646.10187,0.0
1150.0,-490.0,653.5177,0.0
1160.0,-490.0,661.4534,0.0
1170.0,-490.0,669.9088,0.0
1180.0,-490.0,678.8839,0.0
1190.0,-490.0,688.3777,0.0
1200.0,-490.0,698.38947,0.0
1210.0,-490.0,708.9187,0.0
1220.0,-490.0,719.96423,0.0
1230.0,-490.0,731.52673,0.0
1240.0,-490.0,743.6061,0.0
1250.0,-490.0,756.20264,0.0
1260.0,-490.0,769.3148,0.0
1270.0,-490.0,782.9418,0.0
1280.0,-490.0,797.0826,0.0
1290.0,-490.0,811.7385,0.0
1300.0,-490.0,826.9075,0.0
1310.0,-490.0,842.5899,0.0
1320.0,-490.0,858.7848,0.0
1330.0,-490.0,875.4917,0.0
1340.0,-490.0,892.71094,0.0
1350.0,-490.0,910.4407,0.0
1360.0,-490.0,928.68195,0.0
1370.0,-490.0,947.43353,0.0
1380.0,-490.0,966.6947,0.0
1390.0,-490.0,986.46533,0.0
1400.0,-490.0,1006.7449,0.0
1410.0,-490.0,1027.5325,0.0
1420.0,-490.0,1048.8284,0.0
1430.0,-490.0,1070.6317,0.0
1440.0,-490.0,1092.9421,0.0
1450.0,-490.0,1115.7585,0.0
1460.0,-490.0,1139.0815,0.0
1470.0,-490.0,1162.9094,0.0
1480.0,-490.0,1187.243,0.0
1490.0,-490.0,1212.082,0.0
1500.0,-490.0,1237.4248,0.0
1510.0,-490.0,1263.2712,0.0
1520.0,-490.0,1289.6204,0.0
1530.0,-490.0,1316.4723,0.0
1540.0,-490.0,1343.8262,0.0
1550.0,-490.0,1371.6819,0.0
1560.0,-490.0,1400.0386,0.0
1570.0,-490.0,1428.8969,0.0
1580.0,-490.0,1458.2539,0.0
1590.0,-490.0,1488.1113,0.0
1600.0,-490.0,1518.4685,0.0
1610.0,-490.0,1549.3234,0.0
1620.0,-490.0,1580.6763,0.0
1630.0,-490.0,1612.5271,0.0
1640.0,-490.0,1644.8752,0.0
1650.0,-490.0,1677.7195,0.0
1660.0,-490.0,1711.0593,0.0
1670.0,-490.0,1744.896,0.0
1680.0,-490.0,1779.227,0.0
1690.0,-490.0,1814.0521,0.0
1700.0,-490.0,1849.3708,0.0
1710.0,-490.0,1885.1838,0.0
1720.0,-490.0,1921.4893,0.0
1730.0,-490.0,1958.2866,0.0
1740.0,-490.0,1995.5757,0.0
1750.0,-490.0,2033.3562,0.0
1760.0,-490.0,2071.6272,0.0
1770.0,-490.0,2110.3877,0.0
1780.0,-490.0,2149.6377,0.0
1790.0,-490.0,2189.3774,0.0
1800.0,-490.0,2229.6045,0.0
-200.0,-480.0,39270.906,1.0
-190.0,-480.0,39270.906,1.0
-180.0,-480.0,39270.906,1.0
-170.0,-480.0,39270.906,1.0
-160.0,-480.0,39270.906,1.0
-150.0,-480.0,4342.0166,0.0
-140.0,-480.0,4275.2188,0.0
-130.0,-480.0,4209.0625,0.0
-120.0,-480.0,4143.547,0.0
-110.0,-480.0,4078.6726,0.0
-100.0,-480.0,4014.4365,0.0
-90.0,-480.0,3950.8374,0.0
-80.0,-480.0,3887.8728,0.0
-70.0,-480.0,3825.5435,0.0
-60.0,-480.0,3763.8467,0.0
-50.0,-480.0,3702.7788,0.0
-40.0,-480.0,3642.3418,0.0
-30.0,-480.0,3582.5334,0.0
-20.0,-480.0,3523.3525,0.0
-10.0,-480.0,3464.7954,0.0
0.0,-480.0,3406.8633,0.0
10.0,-480.0,3349.5552,0.0
20.0,-480.0,3292.8677,0.0
30.0,-480.0,3236.8005,0.0
40.0,-480.0,3181.3516,0.0
50.0,-480.0,3126.5205,0.0
60.0,-480.0,3072.306,0.0
70.0,-480.0,3018.7063,0.0
80.0,-480.0,2965.7212,0.0
90.0,-480.0,2913.3494,0.0
100.0,-480.0,2861.5884,0.0
110.0,-480.0,2810.4368,0.0
120.0,-480.0,2759.8958,0.0
130.0,-480.0,2709.9614,0.0
140.0,-480.0,2660.634,0.0
150.0,-480.0,2611.9124,0.0
160.0,-480.0,2563.795,0.0
170.0,-480.0,2516.2817,0.0
180.0,-480.0,2469.3706,0.0
190.0,-480.0,2423.06,0.0
200.0,-480.0,2377.3496,0.0
210.0,-480.0,2332.2373,0.0
220.0,-480.0,2287.7231,0.0
230.0,-480.0,2243.8057,0.0
240.0,-480.0,2200.4841,0.0
250.0,-480.0,2157.7559,0.0
260.0,-480.0,2115.6226,0.0
270.0,-480.0,2074.082,0.0
280.0,-480.0,2033.1318,0.0
290.0,-480.0,1992.773,0.0
300.0,-480.0,1953.0039,0.0
310.0,-480.0,1913.8241,0.0
320.0,-480.0,1875.2311,0.0
330.0,-480.0,1837.2251,0.0
340.0,-480.0,1799.8043,0.0
350.0,-480.0,1762.9685,0.0
360.0,-480.0,1726.7167,0.0
370.0,-480.0,1691.0482,0.0
380.0,-480.0,1655.9622,0.0
390.0,-480.0,1621.4565,0.0
400.0,-480.0,1587.5312,0.0
410.0,-480.0,1554.1855,0.0
420.0,-480.0,1521.419,0.0
430.0,-480.0,1489.2297,0.0
440.0,-480.0,1457.6168,0.0
450.0,-480.0,1426.5801,0.0
460.0,-480.0,1396.1188,0.0
470.0,-480.0,1366.2317,0.0
480.0,-480.0,1336.9182,0.0
490.0,-480.0,1308.177,0.0
500.0,-480.0,1280.008,0.0
510.0,-480.0,1252.4102,0.0
520.0,-480.0,1225.3826,0.0
530.0,-480.0,1198.9249,0.0
540.0,-480.0,1173.0354,0.0
550.0,-480.0,1147.7136,0.0
560.0,-480.0,1122.9595,0.0
570.0,-480.0,1098.7712,0.0
580.0,-480.0,1075.1503,0.0
590.0,-480.0,1052.0923,0.0
600.0,-480.0,1029.5999,0.0
610.0,-480.0,1007.6707,0.0
620.0,-480.0,986.30505,0.0
630.0,-480.0,965.5006,0.0
640.0,-480.0,945.25745,0.0
650.0,-480.0,925.57556,0.0
660.0,-480.0,906.4538,0.0
670.0,-480.0,887.8911,0.0
680.0,-480.0,869.88696,0.0
690.0,-480.0,852.44037,0.0
700.0,-480.0,835.5523,0.0
710.0,-480.0,819.2208,0.0
720.0,-480.0,803.4451,0.0
730.0,-480.0,788.22406,0.0
740.0,-480.0,773.558,0.0
750.0,-480.0,759.4467,0.0
760.0,-480.0,745.88904,0.0
770.0,-480.0,732.88403,0.0
780.0,-480.0,720.4309,0.0
790.0,-480.0,708.52966,0.0
800.0,-480.0,697.1791,0.0
810.0,-480.0,686.3791,0.0
820.0,-480.0,676.12897,0.0
830.0,-480.0,666.4279,0.0
840.0,-480.0,657.2757,0.0
850.0,-480.0,648.67145,0.0
860.0,-480.0,640.6146,0.0
870.0,-480.0,633.1045,0.0
880.0,-480.0,626.1412,0.0
890.0,-480.0,619.72327,0.0
900.0,-480.0,613.85034,0.0
910.0,-480.0,608.522,0.0
920.0,-480.0,603.73804,0.0
930.0,-480.0,599.49756,0.0
940.0,-480.0,595.7999,0.0
950.0,-480.0,592.645,0.0
960.0,-480.0,590.0314,0.0
970.0,-480.0,587.9593,0.0
980.0,-480.0,586.42786,0.0
990.0,-480.0,585.4367,0.0
1000.0,-480.0,584.9857,0.0
1010.0,-480.0,585.0735,0.0
1020.0,-480.0,585.7001,0.0
1030.0,-480.0,586.86475,0.0
1040.0,-480.0,588.5669,0.0
1050.0,-480.0,590.80615,0.0
1060.0,-480.0,593.58203,0.0
1070.0,-480.0,596.89386,0.0
1080.0,-480.0,600.7414,0.0
1090.0,-480.0,605.1242,0.0
1100.0,-480.0,610.04114,0.0
1110.0,-480.0,615.4922,0.0
1120.0,-480.0,621.4769,0.0
1130.0,-480.0,627.9949,0.0
1140.0,-480.0,635.0449,0.0
1150.0,-480.0,642.6272,0.0
1160.0,-480.0,650.7411,0.0
1170.0,-480.0,659.38586,0.0
1180.0,-480.0,668.5616,0.0
1190.0,-480.0,678.2672,0.0
1200.0,-480.0,688.5015,0.0
1210.0,-480.0,699.2644,0.0
1220.0,-480.0,710.5554,0.0
1230.0,-480.0,722.3747,0.0
1240.0,-480.0,734.72284,0.0
1250.0,-480.0,747.59863,0.0
1260.0,-480.0,761.0005,0.0
1270.0,-480.0,774.92847,0.0
1280.0,-480.0,789.3817,0.0
1290.0,-480.0,804.3609,0.0
1300.0,-480.0,819.8639,0.0
1310.0,-480.0,835.89185,0.0
1320.0,-480.0,852.4433,0.0
1330.0,-480.0,869.51843,0.0
1340.0,-480.0,887.1156,0.0
1350.0,-480.0,905.23505,0.0
1360.0,-480.0,923.8764,0.0
1370.0,-480.0,943.03894,0.0
1380.0,-480.0,962.72235,0.0
1390.0,-480.0,982.926,0.0
1400.0,-480.0,1003.6493,0.0
1410.0,-480.0,1024.8918,0.0
1420.0,-480.0,1046.6533,0.0
1430.0,-480.0,1068.9326,0.0
1440.0,-480.0,1091.7296,0.0
1450.0,-480.0,1115.044,0.0
1460.0,-480.0,1138.8756,0.0
1470.0,-480.0,1163.2234,0.0
1480.0,-480.0,1188.0872,0.0
1490.0,-480.0,1213.4669,0.0
1500.0,-480.0,1239.3606,0.0
1510.0,-480.0,1265.7688,0.0
1520.0,-480.0,1292.69,0.0
1530.0,-480.0,1320.1252,0.0
1540.0,-480.0,1348.0723,0.0
1550.0,-480.0,1376.5328,0.0
1560.0,-480.0,1405.5044,0.0
1570.0,-480.0,1434.987,0.0
1580.0,-480.0,1464.9802,0.0
1590.0,-480.0,1495.4836,0.0
1600.0,-480.0,1526.4971,0.0
1610.0,-480.0,1558.0193,0.0
1620.0,-480.0,1590.0494,0.0
1630.0,-480.0,1622.5878,0.0
1640.0,-480.0,1655.6343,0.0
1650.0,-480.0,1689.1866,0.0
1660.0,-480.0,1723.2451,0.0
1670.0,-480.0,1757.81,0.0
1680.0,-480.0,1792.8804,0.0
1690.0,-480.0,1828.4548,0.0
1700.0,-480.0,1864.5332,0.0
1710.0,-480.0,1901.1156,0.0
1720.0,-480.0,1938.2004,0.0
1730.0,-480.0,1975.7878,0.0
1740.0,-480.0,2013.8768,0.0
1750.0,-480.0,2052.4675,0.0
1760.0,-480.0,2091.5583,0.0
1770.0,-480.0,2131.149,0.0
1780.0,-480.0,2171.2393,0.0
1790.0,-480.0,2211.8296,0.0
1800.0,-480.0,2252.9165,0.0
-200.0,-470.0,39270.906,1.0
-190.0,-470.0,39270.906,1.0
-180.0,-470.0,39270.906,1.0
-170.0,-470.0,39270.906,1.0
-160.0,-470.0,4488.069,0.0
-150.0,-470.0,4418.9575,0.0
-140.0,-470.0,4350.5107,0.0
-130.0,-470.0,4282.7227,0.0
-120.0,-470.0,4215.594,0.0
-110.0,-470.0,4149.123,0.0
-100.0,-470.0,4083.309,0.0
-90.0,-470.0,4018.149,0.0
-80.0,-470.0,3953.6418,0.0
-70.0,-470.0,3889.7866,0.0
-60.0,-470.0,3826.5806,0.0
-50.0,-470.0,3764.0225,0.0
-40.0,-470.0,3702.1108,0.0
-30.0,-470.0,3640.8452,0.0
-20.0,-470.0,3580.2234,0.0
-10.0,-470.0,3520.2446,0.0
0.0,-470.0,3460.9058,0.0
10.0,-470.0,3402.2073,0.0
20.0,-470.0,3344.146,0.0
30.0,-470.0,3286.7222,0.0
40.0,-470.0,3229.9346,0.0
50.0,-470.0,3173.7793,0.0
60.0,-470.0,3118.2573,0.0
70.0,-470.0,3063.3677,0.0
80.0,-470.0,3009.1074,0.0
90.0,-470.0,2955.4753,0.0
100.0,-470.0,2902.4717,0.0
110.0,-470.0,2850.0947,0.0
120.0,-470.0,2798.3418,0.0
130.0,-470.0,2747.2126,0.0
140.0,-470.0,2696.7058,0.0
150.0,-470.0,2646.8206,0.0
160.0,-470.0,2597.556,0.0
170.0,-470.0,2548.9092,0.0
180.0,-470.0,2500.881,0.0
190.0,-470.0,2453.4692,0.0
200.0,-470.0,2406.6724,0.0
210.0,-470.0,2360.49,0.0
220.0,-470.0,2314.921,0.0
230.0,-470.0,2269.963,0.0
240.0,-470.0,2225.6162,0.0
250.0,-470.0,2181.8777,0.0
260.0,-470.0,2138.749,0.0
270.0,-470.0,2096.228,0.0
280.0,-470.0,2054.3135,0.0
290.0,-470.0,2013.0042,0.0
300.0,-470.0,1972.2988,0.0
310.0,-470.0,1932.1975,0.0
320.0,-470.0,1892.6975,0.0
330.0,-470.0,1853.7996,0.0
340.0,-470.0,1815.5015,0.0
350.0,-470.0,1777.8029,0.0
360.0,-470.0,1740.7036,0.0
370.0,-470.0,1704.201,0.0
380.0,-470.0,1668.2947,0.0
390.0,-470.0,1632.9844,0.0
400.0,-470.0,1598.268,0.0
410.0,-470.0,1564.145,0.0
420.0,-470.0,1530.6155,0.0
430.0,-470.0,1497.6777,0.0
440.0,-470.0,1465.3303,0.0
450.0,-470.0,1433.5732,0.0
460.0,-470.0,1402.405,0.0
470.0,-470.0,1371.8252,0.0
480.0,-470.0,1341.8329,0.0
490.0,-470.0,1312.427,0.0
500.0,-470.0,1283.6062,0.0
510.0,-470.0,1255.3713,0.0
520.0,-470.0,1227.7202,0.0
530.0,-470.0,1200.6519,0.0
540.0,-470.0,1174.1661,0.0
550.0,-470.0,1148.2617,0.0
560.0,-470.0,1122.938,0.0
570.0,-470.0,1098.1943,0.0
580.0,-470.0,1074.03,0.0
590.0,-470.0,1050.4443,0.0
600.0,-470.0,1027.4358,0.0
610.0,-470.0,1005.00476,0.0
620.0,-470.0,983.14966,0.0
630.0,-470.0,961.87,0.0
640.0,-470.0,941.1648,0.0
650.0,-470.0,921.0335,0.0
660.0,-470.0,901.47546,0.0
670.0,-470.0,882.49,0.0
680.0,-470.0,864.0763,0.0
690.0,-470.0,846.23364,0.0
700.0,-470.0,828.9614,0.0
710.0,-470.0,812.2588,0.0
720.0,-470.0,796.12585,0.0
730.0,-470.0,780.5603,0.0
740.0,-470.0,765.56256,0.0
750.0,-470.0,751.13196,0.0
760.0,-470.0,737.2678,0.0
770.0,-470.0,723.96967,0.0
780.0,-470.0,711.2361,0.0
790.0,-470.0,699.06683,0.0
800.0,-470.0,687.46155,0.0
810.0,-470.0,676.41956,0.0
820.0,-470.0,665.9398,0.0
830.0,-470.0,656.02185,0.0
840.0,-470.0,646.66486,0.0
850.0,-470.0,637.86926,0.0
860.0,-470.0,629.63306,0.0
870.0,-470.0,621.9563,0.0
880.0,-470.0,614.8386,0.0
890.0,-470.0,608.2792,0.0
900.0,-470.0,602.27686,0.0
910.0,-470.0,596.8318,0.0
920.0,-470.0,591.94324,0.0
930.0,-470.0,587.61084,0.0
940.0,-470.0,583.83344,0.0
950.0,-470.0,580.6106,0.0
960.0,-470.0,577.94226,0.0
970.0,-470.0,575.8274,0.0
980.0,-470.0,574.2652,0.0
990.0,-470.0,573.2558,0.0
1000.0,-470.0,572.7986,0.0
1010.0,-470.0,572.89233,0.0
1020.0,-470.0,573.53687,0.0
1030.0,-470.0,574.7318,0.0
1040.0,-470.0,576.4763,0.0
1050.0,-470.0,578.77,0.0
1060.0,-470.0,581.61255,0.0
1070.0,-470.0,585.0032,0.0
1080.0,-470.0,588.9412,0.0
1090.0,-470.0,593.4263,0.0
1100.0,-470.0,598.45795,0.0
1110.0,-470.0,604.0355,0.0
1120.0,-470.0,610.1585,0.0
1130.0,-470.0,616.8266,0.0
1140.0,-470.0,624.03906,0.0
1150.0,-470.0,631.79553,0.0
1160.0,-470.0,640.09485,0.0
1170.0,-470.0,648.9374,0.0
1180.0,-470.0,658.32214,0.0
1190.0,-470.0,668.2489,0.0
1200.0,-470.0,678.71643,0.0
1210.0,-470.0,689.7239,0.0
1220.0,-470.0,701.271,0.0
1230.0,-470.0,713.359,0.0
1240.0,-470.0,725.9873,0.0
1250.0,-470.0,739.15405,0.0
1260.0,-470.0,752.85895,0.0
1270.0,-470.0,767.1017,0.0
1280.0,-470.0,781.88153,0.0
1290.0,-470.0,797.19824,0.0
1300.0,-470.0,813.0509,0.0
1310.0,-470.0,829.43915,0.0
1320.0,-470.0,846.3635,0.0
1330.0,-470.0,863.82153,0.0
1340.0,-470.0,881.8146,0.0
1350.0,-470.0,900.34045,0.0
1360.0,-470.0,919.4001,0.0
1370.0,-470.0,938.9922,0.0
1380.0,-470.0,959.1165,0.0
1390.0,-470.0,979.7717,0.0
1400.0,-470.0,1000.95874,0.0
1410.0,-470.0,1022.6762,0.0
1420.0,-470.0,1044.9238,0.0
1430.0,-470.0,1067.7007,0.0
1440.0,-470.0,1091.0059,0.0
1450.0,-470.0,1114.8402,0.0
1460.0,-470.0,1139.2034,0.0
1470.0,-470.0,1164.0935,0.0
1480.0,-470.0,1189.5107,0.0
1490.0,-470.0,1215.4543,0.0
1500.0,-470.0,1241.924,0.0
1510.0,-470.0,1268.9181,0.0
1520.0,-470.0,1296.4377,0.0
1530.0,-470.0,1324.4813,0.0
1540.0,-470.0,1353.0491,0.0
1550.0,-470.0,1382.1395,0.0
1560.0,-470.0,1411.7529,0.0
1570.0,-470.0,1441.8877,0.0
1580.0,-470.0,1472.5449,0.0
1590.0,-470.0,1503.7222,0.0
1600.0,-470.0,1535.4214,0.0
1610.0,-470.0,1567.6396,0.0
1620.0,-470.0,1600.3777,0.0
1630.0,-470.0,1633.6335,0.0
1640.0,-470.0,1667.408,0.0
1650.0,-470.0,1701.7002,0.0
1660.0,-470.0,1736.5093,0.0
1670.0,-470.0,1771.8345,0.0
1680.0,-470.0,1807.6758,0.0
1690.0,-470.0,1844.0323,0.0
1700.0,-470.0,1880.904,0.0
1710.0,-470.0,1918.2898,0.0
1720.0,-470.0,1956.1877,0.0
1730.0,-470.0,1994.5994,0.0
1740.0,-470.0,2033.5237,0.0
1750.0,-470.0,2072.9595,0.0
1760.0,-470.0,2112.9055,0.0
1770.0,-470.0,2153.3625,0.0
1780.0,-470.0,2194.3293,0.0
1790.0,-470.0,2235.8064,0.0
1800.0,-470.0,2277.7915,0.0
-200.0,-460.0,39270.906,1.0
-190.0,-460.0,39270.906,1.0
-180.0,-460.0,39270.906,1.0
-170.0,-460.0,39270.906,1.0
-160.0,-460.0,4571.1494,0.0
-150.0,-460.0,4500.2847,0.0
-140.0,-460.0,4430.103,0.0
-130.0,-460.0,4360.5996,0.0
-120.0,-460.0,4291.7744,0.0
-110.0,-460.0,4223.6274,0.0
-100.0,-460.0,4156.1533,0.0
-90.0,-460.0,4089.353,0.0
-80.0,-460.0,4023.2234,0.0
-70.0,-460.0,3957.765,0.0
-60.0,-460.0,3892.9744,0.0
-50.0,-460.0,3828.8494,0.0
-40.0,-460.0,3765.3882,0.0
-30.0,-460.0,3702.5918,0.0
-20.0,-460.0,3640.457,0.0
-10.0,-460.0,3578.9834,0.0
0.0,-460.0,3518.168,0.0
10.0,-460.0,3458.0083,0.0
20.0,-460.0,3398.506,0.0
30.0,-460.0,3339.6572,0.0
40.0,-460.0,3281.4624,0.0
50.0,-460.0,3223.917,0.0
60.0,-460.0,3167.0234,0.0
70.0,-460.0,3110.777,0.0
80.0,-460.0,3055.1792,0.0
90.0,-460.0,3000.2256,0.0
100.0,-460.0,2945.9177,0.0
110.0,-460.0,2892.252,0.0
120.0,-460.0,2839.2288,0.0
130.0,-460.0,2786.8452,0.0
140.0,-460.0,2735.1008,0.0
150.0,-460.0,2683.9941,0.0
160.0,-460.0,2633.5247,0.0
170.0,-460.0,2583.69,0.0
180.0,-460.0,2534.4895,0.0
190.0,-460.0,2485.9216,0.0
200.0,-460.0,2437.986,0.0
210.0,-460.0,2390.6802,0.0
220.0,-460.0,2344.003,0.0
230.0,-460.0,2297.955,0.0
240.0,-460.0,2252.5322,0.0
250.0,-460.0,2207.7344,0.0
260.0,-460.0,2163.5618,0.0
270.0,-460.0,2120.013,0.0
280.0,-460.0,2077.0857,0.0
290.0,-460.0,2034.7795,0.0
300.0,-460.0,1993.093,0.0
310.0,-460.0,1952.0251,0.0
320.0,-460.0,1911.575,0.0
330.0,-460.0,1871.7423,0.0
340.0,-460.0,1832.5247,0.0
350.0,-460.0,1793.9221,0.0
360.0,-460.0,1755.9324,0.0
370.0,-460.0,1718.5552,0.0
380.0,-460.0,1681.7905,0.0
390.0,-460.0,1645.6357,0.0
400.0,-460.0,1610.0901,0.0
410.0,-460.0,1575.1532,0.0
420.0,-460.0,1540.8245,0.0
430.0,-460.0,1507.1014,0.0
440.0,-460.0,1473.9843,0.0
450.0,-460.0,1441.4719,0.0
460.0,-460.0,1409.5635,0.0
470.0,-460.0,1378.2578,0.0
480.0,-460.0,1347.5544,0.0
490.0,-460.0,1317.4518,0.0
500.0,-460.0,1287.9492,0.0
510.0,-460.0,1259.0461,0.0
520.0,-460.0,1230.7412,0.0
530.0,-460.0,1203.0337,0.0
540.0,-460.0,1175.9231,0.0
550.0,-460.0,1149.4089,0.0
560.0,-460.0,1123.4885,0.0
570.0,-460.0,1098.1628,0.0
580.0,-460.0,1073.43,0.0
590.0,-460.0,1049.29,0.0
600.0,-460.0,1025.7422,0.0
610.0,-460.0,1002.78455,0.0
620.0,-460.0,980.41785,0.0
630.0,-460.0,958.63995,0.0
640.0,-460.0,937.45056,0.0
650.0,-460.0,916.8493,0.0
660.0,-460.0,896.83435,0.0
670.0,-460.0,877.406,0.0
680.0,-460.0,858.5635,0.0
690.0,-460.0,840.30554,0.0
700.0,-460.0,822.6316,0.0
710.0,-460.0,805.5409,0.0
720.0,-460.0,789.03345,0.0
730.0,-460.0,773.1075,0.0
740.0,-460.0,757.7623,0.0
750.0,-460.0,742.99756,0.0
760.0,-460.0,728.8129,0.0
770.0,-460.0,715.2079,0.0
780.0,-460.0,702.181,0.0
790.0,-460.0,689.7317,0.0
800.0,-460.0,677.85944,0.0
810.0,-460.0,666.56323,0.0
820.0,-460.0,655.8436,0.0
830.0,-460.0,645.69824,0.0
840.0,-460.0,636.12756,0.0
850.0,-460.0,627.13086,0.0
860.0,-460.0,618.70734,0.0
870.0,-460.0,610.85626,0.0
880.0,-460.0,603.5773,0.0
890.0,-460.0,596.8693,0.0
900.0,-460.0,590.7318,0.0
910.0,-460.0,585.1645,0.0
920.0,-460.0,580.1668,0.0
930.0,-460.0,575.73755,0.0
940.0,-460.0,571.8766,0.0
950.0,-460.0,568.5838,0.0
960.0,-460.0,565.85754,0.0
970.0,-460.0,563.69775,0.0
980.0,-460.0,562.10376,0.0
990.0,-460.0,561.0748,0.0
1000.0,-460.0,560.6113,0.0
1010.0,-460.0,560.7112,0.0
1020.0,-460.0,561.3749,0.0
1030.0,-460.0,562.6013,0.0
1040.0,-460.0,564.3902,0.0
1050.0,-460.0,566.74097,0.0
1060.0,-460.0,569.6531,0.0
1070.0,-460.0,573.1261,0.0
1080.0,-460.0,577.15845,0.0
1090.0,-460.0,581.751,0.0
1100.0,-460.0,586.90234,0.0
1110.0,-460.0,592.61206,0.0
1120.0,-460.0,598.8801,0.0
1130.0,-460.0,605.7052,0.0
1140.0,-460.0,613.0873,0.0
1150.0,-460.0,621.0256,0.0
1160.0,-460.0,629.5196,0.0
1170.0,-460.0,638.5688,0.0
1180.0,-460.0,648.1726,0.0
1190.0,-460.0,658.33057,0.0
1200.0,-460.0,669.0414,0.0
1210.0,-460.0,680.3042,0.0
1220.0,-460.0,692.12006,0.0
1230.0,-460.0,704.4889,0.0
1240.0,-460.0,717.40967,0.0
1250.0,-460.0,730.8811,0.0
1260.0,-460.0,744.90265,0.0
1270.0,-460.0,759.4743,0.0
1280.0,-460.0,774.59534,0.0
1290.0,-460.0,790.26556,0.0
1300.0,-460.0,806.4835,0.0
1310.0,-460.0,823.2494,0.0
1320.0,-460.0,840.5624,0.0
1330.0,-460.0,858.42163,0.0
1340.0,-460.0,876.82715,0.0
1350.0,-460.0,895.7793,0.0
1360.0,-460.0,915.27576,0.0
1370.0,-460.0,935.3168,0.0
1380.0,-460.0,955.90155,0.0
1390.0,-460.0,977.0303,0.0
1400.0,-460.0,998.7013,0.0
1410.0,-460.0,1020.91516,0.0
1420.0,-460.0,1043.6707,0.0
1430.0,-460.0,1066.9674,0.0
1440.0,-460.0,1090.8047,0.0
1450.0,-460.0,1115.1824,0.0
1460.0,-460.0,1140.1006,0.0
1470.0,-460.0,1165.5581,0.0
1480.0,-460.0,1191.5535,0.0
1490.0,-460.0,1218.0865,0.0
1500.0,-460.0,1245.1575,0.0
1510.0,-460.0,1272.7648,0.0
1520.0,-460.0,1300.9092,0.0
1530.0,-460.0,1329.5886,0.0
1540.0,-460.0,1358.804,0.0
1550.0,-460.0,1388.5537,0.0
1560.0,-460.0,1418.837,0.0
1570.0,-460.0,1449.6549,0.0
1580.0,-460.0,1481.0051,0.0
1590.0,-460.0,1512.8877,0.0
1600.0,-460.0,1545.303,0.0
1610.0,-460.0,1578.2479,0.0
1620.0,-460.0,1611.725,0.0
1630.0,-460.0,1645.7311,0.0
1640.0,-460.0,1680.266,0.0
1650.0,-460.0,1715.3308,0.0
1660.0,-460.0,1750.9238,0.0
1670.0,-460.0,1787.044,0.0
1680.0,-460.0,1823.6909,0.0
1690.0,-460.0,1860.865,0.0
1700.0,-460.0,1898.5635,0.0
1710.0,-460.0,1936.7885,0.0
1720.0,-460.0,1975.5376,0.0
1730.0,-460.0,2014.8102,0.0
1740.0,-460.0,2054.6064,0.0
1750.0,-460.0,2094.924,0.0
1760.0,-460.0,2135.7651,0.0
1770.0,-460.0,2177.127,0.0
1780.0,-460.0,2219.0103,0.0
1790.0,-460.0,2261.4128,0.0
1800.0,-460.0,2304.3345,0.0
-200.0,-450.0,39270.906,1.0
-190.0,-450.0,39270.906,1.0
-180.0,-450.0,39270.906,1.0
-170.0,-450.0,4732.454,0.0
-160.0,-450.0,4659.0415,0.0
-150.0,-450.0,4586.331,0.0
-140.0,-450.0,4514.3228,0.0
-130.0,-450.0,4443.014,0.0
-120.0,-450.0,4372.404,0.0
-110.0,-450.0,4302.4883,0.0
-100.0,-450.0,4233.2705,0.0
-90.0,-450.0,4164.744,0.0
-80.0,-450.0,4096.907,0.0
-70.0,-450.0,4029.7612,0.0
-60.0,-450.0,3963.3022,0.0
-50.0,-450.0,3897.5283,0.0
-40.0,-450.0,3832.439,0.0
-30.0,-450.0,3768.0327,0.0
-20.0,-450.0,3704.3057,0.0
-10.0,-450.0,3641.2598,0.0
0.0,-450.0,3578.8904,0.0
10.0,-450.0,3517.1965,0.0
20.0,-450.0,3456.1772,0.0
30.0,-450.0,3395.8306,0.0
40.0,-450.0,3336.1558,0.0
50.0,-450.0,3277.1494,0.0
60.0,-450.0,3218.8123,0.0
70.0,-450.0,3161.1406,0.0
80.0,-450.0,3104.1362,0.0
90.0,-450.0,3047.7937,0.0
100.0,-450.0,2992.115,0.0
110.0,-450.0,2937.0962,0.0
120.0,-450.0,2882.7368,0.0
130.0,-450.0,2829.0354,0.0
140.0,-450.0,2775.99,0.0
150.0,-450.0,2723.601,0.0
160.0,-450.0,2671.8655,0.0
170.0,-450.0,2620.783,0.0
180.0,-450.0,2570.3516,0.0
190.0,-450.0,2520.5693,0.0
200.0,-450.0,2471.4363,0.0
210.0,-450.0,2422.9504,0.0
220.0,-450.0,2375.1108,0.0
230.0,-450.0,2327.916,0.0
240.0,-450.0,2281.3638,0.0
250.0,-450.0,2235.4531,0.0
260.0,-450.0,2190.185,0.0
270.0,-450.0,2145.5564,0.0
280.0,-450.0,2101.5662,0.0
290.0,-450.0,2058.2136,0.0
300.0,-450.0,2015.497,0.0
310.0,-450.0,1973.4155,0.0
320.0,-450.0,1931.9679,0.0
330.0,-450.0,1891.1528,0.0
340.0,-450.0,1850.9703,0.0
350.0,-450.0,1811.4178,0.0
360.0,-450.0,1772.4946,0.0
370.0,-450.0,1734.2007,0.0
380.0,-450.0,1696.5334,0.0
390.0,-450.0,1659.4929,0.0
400.0,-450.0,1623.0771,0.0
410.0,-450.0,1587.2861,0.0
420.0,-450.0,1552.1182,0.0
430.0,-450.0,1517.572,0.0
440.0,-450.0,1483.6477,0.0
450.0,-450.0,1450.3433,0.0
460.0,-450.0,1417.6576,0.0
470.0,-450.0,1385.5907,0.0
480.0,-450.0,1354.1409,0.0
490.0,-450.0,1323.3076,0.0
500.0,-450.0,1293.0894,0.0
510.0,-450.0,1263.4861,0.0
520.0,-450.0,1234.4952,0.0
530.0,-450.0,1206.1177,0.0
540.0,-450.0,1178.3522,0.0
550.0,-450.0,1151.1969,0.0
560.0,-450.0,1124.6521,0.0
570.0,-450.0,1098.7158,0.0
580.0,-450.0,1073.3875,0.0
590.0,-450.0,1048.6664,0.0
600.0,-450.0,1024.5521,0.0
610.0,-450.0,1001.04315,0.0
620.0,-450.0,978.1394,0.0
630.0,-450.0,955.8397,0.0
640.0,-450.0,934.1426,0.0
650.0,-450.0,913.04816,0.0
660.0,-450.0,892.5551,0.0
670.0,-450.0,872.66284,0.0
680.0,-450.0,853.37024,0.0
690.0,-450.0,834.67694,0.0
700.0,-450.0,816.582,0.0
710.0,-450.0,799.08496,0.0
720.0,-450.0,782.18445,0.0
730.0,-450.0,765.8804,0.0
740.0,-450.0,750.1714,0.0
750.0,-450.0,735.0571,0.0
760.0,-450.0,720.5364,0.0
770.0,-450.0,706.6096,0.0
780.0,-450.0,693.275,0.0
790.0,-450.0,680.5322,0.0
800.0,-450.0,668.38025,0.0
810.0,-450.0,656.81824,0.0
820.0,-450.0,645.84674,0.0
830.0,-450.0,635.4635,0.0
840.0,-450.0,625.66895,0.0
850.0,-450.0,616.46204,0.0
860.0,-450.0,607.84186,0.0
870.0,-450.0,599.80774,0.0
880.0,-450.0,592.35974,0.0
890.0,-450.0,585.49646,0.0
900.0,-450.0,579.2173,0.0
910.0,-450.0,573.52167,0.0
920.0,-450.0,568.40955,0.0
930.0,-450.0,563.8796,0.0
940.0,-450.0,559.931,0.0
950.0,-450.0,556.56415,0.0
960.0,-450.0,553.7777,0.0
970.0,-450.0,551.5709,0.0
980.0,-450.0,549.9434,0.0
990.0,-450.0,548.89465,0.0
1000.0,-450.0,548.424,0.0
1010.0,-450.0,548.5307,0.0
1020.0,-450.0,549.2141,0.0
1030.0,-450.0,550.47363,0.0
1040.0,-450.0,552.30914,0.0
1050.0,-450.0,554.7195,0.0
1060.0,-450.0,557.70404,0.0
1070.0,-450.0,561.26294,0.0
1080.0,-450.0,565.39496,0.0
1090.0,-450.0,570.09973,0.0
1100.0,-450.0,575.3762,0.0
1110.0,-450.0,581.22455,0.0
1120.0,-450.0,587.6442,0.0
1130.0,-450.0,594.6337,0.0
1140.0,-450.0,602.19366,0.0
1150.0,-450.0,610.3223,0.0
1160.0,-450.0,619.01996,0.0
1170.0,-450.0,628.2854,0.0
1180.0,-450.0,638.1188,0.0
1190.0,-450.0,648.5184,0.0
1200.0,-450.0,659.4842,0.0
1210.0,-450.0,671.01465,0.0
1220.0,-450.0,683.1116,0.0
1230.0,-450.0,695.77454,0.0
1240.0,-450.0,709.0016,0.0
1250.0,-450.0,722.79126,0.0
1260.0,-450.0,737.1446,0.0
1270.0,-450.0,752.0609,0.0
1280.0,-450.0,767.53906,0.0
1290.0,-450.0,783.5785,0.0
1300.0,-450.0,800.1785,0.0
1310.0,-450.0,817.33936,0.0
1320.0,-450.0,835.0598,0.0
1330.0,-450.0,853.33954,0.0
1340.0,-450.0,872.1777,0.0
1350.0,-450.0,891.57367,0.0
1360.0,-450.0,911.5279,0.0
1370.0,-450.0,932.0387,0.0
1380.0,-450.0,953.1061,0.0
1390.0,-450.0,974.7291,0.0
1400.0,-450.0,996.9075,0.0
1410.0,-450.0,1019.64026,0.0
1420.0,-450.0,1042.9272,0.0
1430.0,-450.0,1066.7675,0.0
1440.0,-450.0,1091.1616,0.0
1450.0,-450.0,1116.1086,0.0
1460.0,-450.0,1141.6072,0.0
1470.0,-450.0,1167.6572,0.0
1480.0,-450.0,1194.2573,0.0
1490.0,-450.0,1221.4077,0.0
1500.0,-450.0,1249.1082,0.0
1510.0,-450.0,1277.3573,0.0
1520.0,-450.0,1306.1543,0.0
1530.0,-450.0,1335.5002,0.0
1540.0,-450.0,1365.3923,0.0
1550.0,-450.0,1395.8318,0.0
1560.0,-450.0,1426.8169,0.0
1570.0,-450.0,1458.348,0.0
1580.0,-450.0,1490.4233,0.0
1590.0,-450.0,1523.0426,0.0
1600.0,-450.0,1556.207,0.0
1610.0,-450.0,1589.9136,0.0
1620.0,-450.0,1624.1622,0.0
1630.0,-450.0,1658.9529,0.0
1640.0,-450.0,1694.2849,0.0
1650.0,-450.0,1730.1572,0.0
1660.0,-450.0,1766.5691,0.0
1670.0,-450.0,1803.5209,0.0
1680.0,-450.0,1841.0107,0.0
1690.0,-450.0,1879.0383,0.0
1700.0,-450.0,1917.6038,0.0
1710.0,-450.0,1956.7052,0.0
1720.0,-450.0,1996.3428,0.0
1730.0,-450.0,2036.5156,0.0
1740.0,-450.0,2077.2246,0.0
1750.0,-450.0,2118.465,0.0
1760.0,-450.0,2160.241,0.0
1770.0,-450.0,2202.549,0.0
1780.0,-450.0,2245.3887,0.0
1790.0,-450.0,2288.7607,0.0
1800.0,-450.0,2332.6614,0.0
-200.0,-440.0,39270.906,1.0
-190.0,-440.0,39270.906,1.0
-180.0,-440.0,39270.906,1.0
-170.0,-440.0,4827.504,0.0
-160.0,-440.0,4752.122,0.0
-150.0,-440.0,4677.4663,0.0
-140.0,-440.0,4603.532,0.0
-130.0,-440.0,4530.3193,0.0
-120.0,-440.0,4457.827,0.0
-110.0,-440.0,4386.0513,0.0
-100.0,-440.0,4314.9927,0.0
-90.0,-440.0,4244.6455,0.0
-80.0,-440.0,4175.0117,0.0
-70.0,-440.0,4106.087,0.0
-60.0,-440.0,4037.8706,0.0
-50.0,-440.0,3970.361,0.0
-40.0,-440.0,3903.5542,0.0
-30.0,-440.0,3837.452,0.0
-20.0,-440.0,3772.0488,0.0
-10.0,-440.0,3707.3462,0.0
0.0,-440.0,3643.3408,0.0
10.0,-440.0,3580.0303,0.0
20.0,-440.0,3517.415,0.0
30.0,-440.0,3455.4907,0.0
40.0,-440.0,3394.2583,0.0
50.0,-440.0,3333.7136,0.0
60.0,-440.0,3273.857,0.0
70.0,-440.0,3214.6865,0.0
80.0,-440.0,3156.2004,0.0
90.0,-440.0,3098.397,0.0
100.0,-440.0,3041.2744,0.0
110.0,-440.0,2984.8315,0.0
120.0,-440.0,2929.0671,0.0
130.0,-440.0,2873.9788,0.0
140.0,-440.0,2819.565,0.0
150.0,-440.0,2765.8252,0.0
160.0,-440.0,2712.7588,0.0
170.0,-440.0,2660.3618,0.0
180.0,-440.0,2608.6357,0.0
190.0,-440.0,2557.577,0.0
200.0,-440.0,2507.1848,0.0
210.0,-440.0,2457.4575,0.0
220.0,-440.0,2408.3955,0.0
230.0,-440.0,2359.9944,0.0
240.0,-440.0,2312.2551,0.0
250.0,-440.0,2265.1755,0.0
260.0,-440.0,2218.755,0.0
270.0,-440.0,2172.9917,0.0
280.0,-440.0,2127.8843,0.0
290.0,-440.0,2083.4307,0.0
300.0,-440.0,2039.6318,0.0
310.0,-440.0,1996.4844,0.0
320.0,-440.0,1953.9883,0.0
330.0,-440.0,1912.1414,0.0
340.0,-440.0,1870.944,0.0
350.0,-440.0,1830.394,0.0
360.0,-440.0,1790.4897,0.0
370.0,-440.0,1751.2322,0.0
380.0,-440.0,1712.6178,0.0
390.0,-440.0,1674.6462,0.0
400.0,-440.0,1637.3165,0.0
410.0,-440.0,1600.6279,0.0
420.0,-440.0,1564.5789,0.0
430.0,-440.0,1529.1683,0.0
440.0,-440.0,1494.395,0.0
450.0,-440.0,1460.2583,0.0
460.0,-440.0,1426.7573,0.0
470.0,-440.0,1393.8911,0.0
480.0,-440.0,1361.6572,0.0
490.0,-440.0,1330.0565,0.0
500.0,-440.0,1299.0867,0.0
510.0,-440.0,1268.7473,0.0
520.0,-440.0,1239.0376,0.0
530.0,-440.0,1209.9562,0.0
540.0,-440.0,1181.502,0.0
550.0,-440.0,1153.6748,0.0
560.0,-440.0,1126.4734,0.0
570.0,-440.0,1099.8965,0.0
580.0,-440.0,1073.943,0.0
590.0,-440.0,1048.612,0.0
600.0,-440.0,1023.90326,0.0
610.0,-440.0,999.81586,0.0
620.0,-440.0,976.34845,0.0
630.0,-440.0,953.5001,0.0
640.0,-440.0,931.2708,0.0
650.0,-440.0,909.65894,0.0
660.0,-440.0,888.66376,0.0
670.0,-440.0,868.2843,0.0
680.0,-440.0,848.5198,0.0
690.0,-440.0,829.3697,0.0
700.0,-440.0,810.8334,0.0
710.0,-440.0,792.9093,0.0
720.0,-440.0,775.59674,0.0
730.0,-440.0,758.89575,0.0
740.0,-440.0,742.8053,0.0
750.0,-440.0,727.32404,0.0
760.0,-440.0,712.45087,0.0
770.0,-440.0,698.1859,0.0
780.0,-440.0,684.52905,0.0
790.0,-440.0,671.4784,0.0
800.0,-440.0,659.03284,0.0
810.0,-440.0,647.1923,0.0
820.0,-440.0,635.95667,0.0
830.0,-440.0,625.3241,0.0
840.0,-440.0,615.2942,0.0
850.0,-440.0,605.8666,0.0
860.0,-440.0,597.04047,0.0
870.0,-440.0,588.8148,0.0
880.0,-440.0,581.1894,0.0
890.0,-440.0,574.1631,0.0
900.0,-440.0,567.73517,0.0
910.0,-440.0,561.9055,0.0
920.0,-440.0,556.67334,0.0
930.0,-440.0,552.0373,0.0
940.0,-440.0,547.99774,0.0
950.0,-440.0,544.5529,0.0
960.0,-440.0,541.7034,0.0
970.0,-440.0,539.44727,0.0
980.0,-440.0,537.7843,0.0
990.0,-440.0,536.7147,0.0
1000.0,-440.0,536.2368,0.0
1010.0,-440.0,536.3502,0.0
1020.0,-440.0,537.05444,0.0
1030.0,-440.0,538.34894,0.0
1040.0,-440.0,540.23267,0.0
1050.0,-440.0,542.7059,0.0
1060.0,-440.0,545.7669,0.0
1070.0,-440.0,549.4159,0.0
1080.0,-440.0,553.6518,0.0
1090.0,-440.0,558.47424,0.0
1100.0,-440.0,563.8823,0.0
1110.0,-440.0,569.87573,0.0
1120.0,-440.0,576.454,0.0
1130.0,-440.0,583.6162,0.0
1140.0,-440.0,591.3621,0.0
1150.0,-440.0,599.6906,0.0
1160.0,-440.0,608.60144,0.0
1170.0,-440.0,618.09375,0.0
1180.0,-440.0,628.1671,0.0
1190.0,-440.0,638.8203,0.0
1200.0,-440.0,650.053,0.0
1210.0,-440.0,661.86444,0.0
1220.0,-440.0,674.2563,0.0
1230.0,-440.0,687.22644,0.0
1240.0,-440.0,700.7742,0.0
1250.0,-440.0,714.8986,0.0
1260.0,-440.0,729.59924,0.0
1270.0,-440.0,744.8762,0.0
1280.0,-440.0,760.7285,0.0
1290.0,-440.0,777.15515,0.0
1300.0,-440.0,794.1558,0.0
1310.0,-440.0,811.7301,0.0
1320.0,-440.0,829.8773,0.0
1330.0,-440.0,848.5963,0.0
1340.0,-440.0,867.8884,0.0
1350.0,-440.0,887.7502,0.0
1360.0,-440.0,908.1837,0.0
1370.0,-440.0,929.1864,0.0
1380.0,-440.0,950.7588,0.0
1390.0,-440.0,972.9,0.0
1400.0,-440.0,995.6094,0.0
1410.0,-440.0,1018.886,0.0
1420.0,-440.0,1042.7295,0.0
1430.0,-440.0,1067.1405,0.0
1440.0,-440.0,1092.1174,0.0
1450.0,-440.0,1117.6599,0.0
1460.0,-440.0,1143.7666,0.0
1470.0,-440.0,1170.4368,0.0
1480.0,-440.0,1197.6711,0.0
1490.0,-440.0,1225.468,0.0
1500.0,-440.0,1253.8273,0.0
1510.0,-440.0,1282.748,0.0
1520.0,-440.0,1312.23,0.0
1530.0,-440.0,1342.272,0.0
1540.0,-440.0,1372.874,0.0
1550.0,-440.0,1404.0349,0.0
1560.0,-440.0,1435.7554,0.0
1570.0,-440.0,1468.033,0.0
1580.0,-440.0,1500.8677,0.0
1590.0,-440.0,1534.2593,0.0
1600.0,-440.0,1568.2068,0.0
1610.0,-440.0,1602.7103,0.0
1620.0,-440.0,1637.7684,0.0
1630.0,-440.0,1673.38,0.0
1640.0,-440.0,1709.5452,0.0
1650.0,-440.0,1746.2627,0.0
1660.0,-440.0,1783.533,0.0
1670.0,-440.0,1821.3542,0.0
1680.0,-440.0,1859.7261,0.0
1690.0,-440.0,1898.6487,0.0
1700.0,-440.0,1938.1205,0.0
1710.0,-440.0,1978.1401,0.0
1720.0,-440.0,2018.7083,0.0
1730.0,-440.0,2059.8247,0.0
1740.0,-440.0,2101.4863,0.0
1750.0,-440.0,2143.6938,0.0
1760.0,-440.0,2186.4478,0.0
1770.0,-440.0,2229.7454,0.0
1780.0,-440.0,2273.5867,0.0
1790.0,-440.0,2317.9722,0.0
1800.0,-440.0,2362.897,0.0
-200.0,-430.0,39270.906,1.0
-190.0,-430.0,39270.906,1.0
-180.0,-430.0,39270.906,1.0
-170.0,-430.0,4928.2676,0.0
-160.0,-430.0,4850.8076,0.0
-150.0,-430.0,4774.0957,0.0
-140.0,-430.0,4698.1294,0.0
-130.0,-430.0,4622.9077,0.0
-120.0,-430.0,4548.4277,0.0
-110.0,-430.0,4474.6885,0.0
-100.0,-430.0,4401.6855,0.0
-90.0,-430.0,4329.4194,0.0
-80.0,-430.0,4257.8877,0.0
-70.0,-430.0,4187.086,0.0
-60.0,-430.0,4117.016,0.0
-50.0,-430.0,4047.6733,0.0
-40.0,-430.0,3979.057,0.0
-30.0,-430.0,3911.164,0.0
-20.0,-430.0,3843.9932,0.0
-10.0,-430.0,3777.5442,0.0
0.0,-430.0,3711.8135,0.0
10.0,-430.0,3646.7988,0.0
20.0,-430.0,3582.4995,0.0
30.0,-430.0,3518.9126,0.0
40.0,-430.0,3456.0364,0.0
50.0,-430.0,3393.8706,0.0
60.0,-430.0,3332.4128,0.0
70.0,-430.0,3271.6611,0.0
80.0,-430.0,3211.6138,0.0
90.0,-430.0,3152.27,0.0
100.0,-430.0,3093.6277,0.0
110.0,-430.0,3035.683,0.0
120.0,-430.0,2978.438,0.0
130.0,-430.0,2921.8884,0.0
140.0,-430.0,2866.0337,0.0
150.0,-430.0,2810.872,0.0
160.0,-430.0,2756.4023,0.0
170.0,-430.0,2702.623,0.0
180.0,-430.0,2649.532,0.0
190.0,-430.0,2597.129,0.0
200.0,-430.0,2545.411,0.0
210.0,-430.0,2494.377,0.0
220.0,-430.0,2444.0264,0.0
230.0,-430.0,2394.357,0.0
240.0,-430.0,2345.3667,0.0
250.0,-430.0,2297.055,0.0
260.0,-430.0,2249.4219,0.0
270.0,-430.0,2202.4639,0.0
280.0,-430.0,2156.1797,0.0
290.0,-430.0,2110.5698,0.0
300.0,-430.0,2065.6304,0.0
310.0,-430.0,2021.3612,0.0
320.0,-430.0,1977.7615,0.0
330.0,-430.0,1934.8298,0.0
340.0,-430.0,1892.5642,0.0
350.0,-430.0,1850.9648,0.0
360.0,-430.0,1810.029,0.0
370.0,-430.0,1769.7568,0.0
380.0,-430.0,1730.1454,0.0
390.0,-430.0,1691.1946,0.0
400.0,-430.0,1652.904,0.0
410.0,-430.0,1615.2704,0.0
420.0,-430.0,1578.2947,0.0
430.0,-430.0,1541.9746,0.0
440.0,-430.0,1506.3099,0.0
450.0,-430.0,1471.2976,0.0
460.0,-430.0,1436.9388,0.0
470.0,-430.0,1403.2312,0.0
480.0,-430.0,1370.1737,0.0
490.0,-430.0,1337.7661,0.0
500.0,-430.0,1306.0063,0.0
510.0,-430.0,1274.8936,0.0
520.0,-430.0,1244.427,0.0
530.0,-430.0,1214.6061,0.0
540.0,-430.0,1185.4288,0.0
550.0,-430.0,1156.8944,0.0
560.0,-430.0,1129.0027,0.0
570.0,-430.0,1101.7526,0.0
580.0,-430.0,1075.1417,0.0
590.0,-430.0,1049.1703,0.0
600.0,-430.0,1023.83685,0.0
610.0,-430.0,999.1408,0.0
620.0,-430.0,975.08167,0.0
630.0,-430.0,951.6575,0.0
640.0,-430.0,928.86804,0.0
650.0,-430.0,906.7124,0.0
660.0,-430.0,885.1896,0.0
670.0,-430.0,864.2982,0.0
680.0,-430.0,844.0382,0.0
690.0,-430.0,824.4084,0.0
700.0,-430.0,805.4076,0.0
710.0,-430.0,787.0353,0.0
720.0,-430.0,769.2903,0.0
730.0,-430.0,752.1721,0.0
740.0,-430.0,735.6804,0.0
750.0,-430.0,719.81366,0.0
760.0,-430.0,704.5708,0.0
770.0,-430.0,689.95154,0.0
780.0,-430.0,675.9553,0.0
790.0,-430.0,662.581,0.0
800.0,-430.0,649.82764,0.0
810.0,-430.0,637.69464,0.0
820.0,-430.0,626.1814,0.0
830.0,-430.0,615.28656,0.0
840.0,-430.0,605.01,0.0
850.0,-430.0,595.3512,0.0
860.0,-430.0,586.30804,0.0
870.0,-430.0,577.8816,0.0
880.0,-430.0,570.06946,0.0
890.0,-430.0,562.87256,0.0
900.0,-430.0,556.2884,0.0
910.0,-430.0,550.318,0.0
920.0,-430.0,544.95917,0.0
930.0,-430.0,540.2126,0.0
940.0,-430.0,536.0762,0.0
950.0,-430.0,532.55054,0.0
960.0,-430.0,529.63403,0.0
970.0,-430.0,527.3263,0.0
980.0,-430.0,525.62683,0.0
990.0,-430.0,524.5348,0.0
1000.0,-430.0,524.0497,0.0
1010.0,-430.0,524.17017,0.0
1020.0,-430.0,524.89624,0.0
1030.0,-430.0,526.22723,0.0
1040.0,-430.0,528.1622,0.0
1050.0,-430.0,530.70087,0.0
1060.0,-430.0,533.842,0.0
1070.0,-430.0,537.5857,0.0
1080.0,-430.0,541.93054,0.0
1090.0,-430.0,546.87634,0.0
1100.0,-430.0,552.4226,0.0
1110.0,-430.0,558.56854,0.0
1120.0,-430.0,565.3135,0.0
1130.0,-430.0,572.65656,0.0
1140.0,-430.0,580.59753,0.0
1150.0,-430.0,589.13586,0.0
1160.0,-430.0,598.2702,0.0
1170.0,-430.0,608.00037,0.0
1180.0,-430.0,618.32574,0.0
1190.0,-430.0,629.24493,0.0
1200.0,-430.0,640.7573,0.0
1210.0,-430.0,652.864,0.0
1220.0,-430.0,665.56494,0.0
1230.0,-430.0,678.85767,0.0
1240.0,-430.0,692.74115,0.0
1250.0,-430.0,707.21643,0.0
1260.0,-430.0,722.2817,0.0
1270.0,-430.0,737.93756,0.0
1280.0,-430.0,754.1814,0.0
1290.0,-430.0,771.01465,0.0
1300.0,-430.0,788.4356,0.0
1310.0,-430.0,806.4435,0.0
1320.0,-430.0,825.0382,0.0
1330.0,-430.0,844.21924,0.0
1340.0,-430.0,863.9857,0.0
1350.0,-430.0,884.3368,0.0
1360.0,-430.0,905.2724,0.0
1370.0,-430.0,926.7915,0.0
1380.0,-430.0,948.894,0.0
1390.0,-430.0,971.5783,0.0
1400.0,-430.0,994.84406,0.0
1410.0,-430.0,1018.6912,0.0
1420.0,-430.0,1043.1194,0.0
1430.0,-430.0,1068.1277,0.0
1440.0,-430.0,1093.7153,0.0
1450.0,-430.0,1119.8816,0.0
1460.0,-430.0,1146.6261,0.0
1470.0,-430.0,1173.9474,0.0
1480.0,-430.0,1201.8463,0.0
1490.0,-430.0,1230.3204,0.0
1500.0,-430.0,1259.3708,0.0
1510.0,-430.0,1288.9952,0.0
1520.0,-430.0,1319.1948,0.0
1530.0,-430.0,1349.9678,0.0
1540.0,-430.0,1381.3132,0.0
1550.0,-430.0,1413.2314,0.0
1560.0,-430.0,1445.7208,0.0
1570.0,-430.0,1478.7819,0.0
1580.0,-430.0,1512.4131,0.0
1590.0,-430.0,1546.613,0.0
1600.0,-430.0,1581.3835,0.0
1610.0,-430.0,1616.7214,0.0
1620.0,-430.0,1652.6273,0.0
1630.0,-430.0,1689.0995,0.0
1640.0,-430.0,1726.1377,0.0
1650.0,-430.0,1763.7421,0.0
1660.0,-430.0,1801.9114,0.0
1670.0,-430.0,1840.6443,0.0
1680.0,-430.0,1879.9415,0.0
1690.0,-430.0,1919.7999,0.0
1700.0,-430.0,1960.2213,0.0
1710.0,-430.0,2001.2043,0.0
1720.0,-430.0,2042.7476,0.0
1730.0,-430.0,2084.8506,0.0
1740.0,-430.0,2127.5125,0.0
1750.0,-430.0,2170.7324,0.0
1760.0,-430.0,2214.5103,0.0
1770.0,-430.0,2258.8447,0.0
1780.0,-430.0,2303.7341,0.0
1790.0,-430.0,2349.1812,0.0
1800.0,-430.0,2395.1807,0.0
-200.0,-420.0,39270.906,1.0
-190.0,-420.0,39270.906,1.0
-180.0,-420.0,5115.6533,0.0
-170.0,-420.0,5035.22,0.0
-160.0,-420.0,4955.5605,0.0
-150.0,-420.0,4876.675,0.0
-140.0,-420.0,4798.5596,0.0
-130.0,-420.0,4721.211,0.0
-120.0,-420.0,4644.63,0.0
-110.0,-420.0,4568.815,0.0
-100.0,-420.0,4493.7593,0.0
-90.0,-420.0,4419.463,0.0
-80.0,-420.0,4345.925,0.0
-70.0,-420.0,4273.1436,0.0
-60.0,-420.0,4201.1133,0.0
-50.0,-420.0,4129.834,0.0
-40.0,-420.0,4059.3032,0.0
-30.0,-420.0,3989.5205,0.0
-20.0,-420.0,3920.4834,0.0
-10.0,-420.0,3852.1877,0.0
0.0,-420.0,3784.6338,0.0
10.0,-420.0,3717.8198,0.0
20.0,-420.0,3651.741,0.0
30.0,-420.0,3586.3994,0.0
40.0,-420.0,3521.79,0.0
50.0,-420.0,3457.9116,0.0
60.0,-420.0,3394.7632,0.0
70.0,-420.0,3332.343,0.0
80.0,-420.0,3270.6492,0.0
90.0,-420.0,3209.6782,0.0
100.0,-420.0,3149.4307,0.0
110.0,-420.0,3089.903,0.0
120.0,-420.0,3031.0952,0.0
130.0,-420.0,2973.0042,0.0
140.0,-420.0,2915.6287,0.0
150.0,-420.0,2858.9673,0.0
160.0,-420.0,2803.018,0.0
170.0,-420.0,2747.7793,0.0
180.0,-420.0,2693.25,0.0
190.0,-420.0,2639.4277,0.0
200.0,-420.0,2586.3118,0.0
210.0,-420.0,2533.9,0.0
220.0,-420.0,2482.1907,0.0
230.0,-420.0,2431.1833,0.0
240.0,-420.0,2380.875,0.0
250.0,-420.0,2331.2654,0.0
260.0,-420.0,2282.3518,0.0
270.0,-420.0,2234.1353,0.0
280.0,-420.0,2186.6113,0.0
290.0,-420.0,2139.7803,0.0
300.0,-420.0,2093.6401,0.0
310.0,-420.0,2048.1904,0.0
320.0,-420.0,2003.4265,0.0
330.0,-420.0,1959.3511,0.0
340.0,-420.0,1915.9607,0.0
350.0,-420.0,1873.2554,0.0
360.0,-420.0,1831.2323,0.0
370.0,-420.0,1789.8909,0.0
380.0,-420.0,1749.2301,0.0
390.0,-420.0,1709.2484,0.0
400.0,-420.0,1669.9446,0.0
410.0,-420.0,1631.317,0.0
420.0,-420.0,1593.365,0.0
430.0,-420.0,1556.0872,0.0
440.0,-420.0,1519.4819,0.0
450.0,-420.0,1483.549,0.0
460.0,-420.0,1448.2866,0.0
470.0,-420.0,1413.694,0.0
480.0,-420.0,1379.7688,0.0
490.0,-420.0,1346.5115,0.0
500.0,-420.0,1313.9199,0.0
510.0,-420.0,1281.9929,0.0
520.0,-420.0,1250.7302,0.0
530.0,-420.0,1220.1305,0.0
540.0,-420.0,1190.1918,0.0
550.0,-420.0,1160.9138,0.0
560.0,-420.0,1132.2957,0.0
570.0,-420.0,1104.3359,0.0
580.0,-420.0,1077.0342,0.0
590.0,-420.0,1050.3882,0.0
600.0,-420.0,1024.3977,0.0
610.0,-420.0,999.06165,0.0
620.0,-420.0,974.3791,0.0
630.0,-420.0,950.349,0.0
640.0,-420.0,926.9706,0.0
650.0,-420.0,904.24286,0.0
660.0,-420.0,882.1649,0.0
670.0,-420.0,860.7356,0.0
680.0,-420.0,839.9539,0.0
690.0,-420.0,819.8185,0.0
700.0,-420.0,800.32996,0.0
710.0,-420.0,781.4865,0.0
720.0,-420.0,763.2863,0.0
730.0,-420.0,745.73016,0.0
740.0,-420.0,728.81604,0.0
750.0,-420.0,712.54407,0.0
760.0,-420.0,696.91223,0.0
770.0,-420.0,681.92,0.0
780.0,-420.0,667.567,0.0
790.0,-420.0,653.85284,0.0
800.0,-420.0,640.77527,0.0
810.0,-420.0,628.3346,0.0
820.0,-420.0,616.52954,0.0
830.0,-420.0,605.3592,0.0
840.0,-420.0,594.82336,0.0
850.0,-420.0,584.9203,0.0
860.0,-420.0,575.65027,0.0
870.0,-420.0,567.01184,0.0
880.0,-420.0,559.00476,0.0
890.0,-420.0,551.6276,0.0
900.0,-420.0,544.8799,0.0
910.0,-420.0,538.7606,0.0
920.0,-420.0,533.2696,0.0
930.0,-420.0,528.4059,0.0
940.0,-420.0,524.16895,0.0
950.0,-420.0,520.5576,0.0
960.0,-420.0,517.5713,0.0
970.0,-420.0,515.2093,0.0
980.0,-420.0,513.47095,0.0
990.0,-420.0,512.35547,0.0
1000.0,-420.0,511.86237,0.0
1010.0,-420.0,511.9906,0.0
1020.0,-420.0,512.73944,0.0
1030.0,-420.0,514.10895,0.0
1040.0,-420.0,516.0974,0.0
1050.0,-420.0,518.70514,0.0
1060.0,-420.0,521.9306,0.0
1070.0,-420.0,525.7732,0.0
1080.0,-420.0,530.2331,0.0
1090.0,-420.0,535.309,0.0
1100.0,-420.0,540.9997,0.0
1110.0,-420.0,547.3054,0.0
1120.0,-420.0,554.22565,0.0
1130.0,-420.0,561.7588,0.0
1140.0,-420.0,569.90497,0.0
1150.0,-420.0,578.6629,0.0
1160.0,-420.0,588.03253,0.0
1170.0,-420.0,598.01263,0.0
1180.0,-420.0,608.6024,0.0
1190.0,-420.0,619.8008,0.0
1200.0,-420.0,631.60834,0.0
1210.0,-420.0,644.025,0.0
1220.0,-420.0,657.0497,0.0
1230.0,-420.0,670.6807,0.0
1240.0,-420.0,684.91833,0.0
1250.0,-420.0,699.76135,0.0
1260.0,-420.0,715.21,0.0
1270.0,-420.0,731.26245,0.0
1280.0,-420.0,747.9191,0.0
1290.0,-420.0,765.1786,0.0
1300.0,-420.0,783.04004,0.0
1310.0,-420.0,801.504,0.0
1320.0,-420.0,820.5689,0.0
1330.0,-420.0,840.23413,0.0
1340.0,-420.0,860.4994,0.0
1350.0,-420.0,881.3639,0.0
1360.0,-420.0,902.8271,0.0
1370.0,-420.0,924.8878,0.0
1380.0,-420.0,947.5465,0.0
1390.0,-420.0,970.80084,0.0
1400.0,-420.0,994.6517,0.0
1410.0,-420.0,1019.09796,0.0
1420.0,-420.0,1044.1396,0.0
1430.0,-420.0,1069.7747,0.0
1440.0,-420.0,1096.0039,0.0
1450.0,-420.0,1122.8253,0.0
1460.0,-420.0,1150.239,0.0
1470.0,-420.0,1178.2444,0.0
1480.0,-420.0,1206.8398,0.0
1490.0,-420.0,1236.0249,0.0
1500.0,-420.0,1265.8009,0.0
1510.0,-420.0,1296.165,0.0
1520.0,-420.0,1327.1165,0.0
1530.0,-420.0,1358.6565,0.0
1540.0,-420.0,1390.7827,0.0
1550.0,-420.0,1423.4951,0.0
1560.0,-420.0,1456.7925,0.0
1570.0,-420.0,1490.6748,0.0
1580.0,-420.0,1525.1414,0.0
1590.0,-420.0,1560.1907,0.0
1600.0,-420.0,1595.8235,0.0
1610.0,-420.0,1632.0376,0.0
1620.0,-420.0,1668.8325,0.0
1630.0,-420.0,1706.2076,0.0
1640.0,-420.0,1744.163,0.0
1650.0,-420.0,1782.6968,0.0
1660.0,-420.0,1821.8091,0.0
1670.0,-420.0,1861.4989,0.0
1680.0,-420.0,1901.7656,0.0
1690.0,-420.0,1942.6079,0.0
1700.0,-420.0,1984.0258,0.0
1710.0,-420.0,2026.0173,0.0
1720.0,-420.0,2068.5835,0.0
1730.0,-420.0,2111.7224,0.0
1740.0,-420.0,2155.433,0.0
1750.0,-420.0,2199.7146,0.0
1760.0,-420.0,2244.5664,0.0
1770.0,-420.0,2289.9873,0.0
1780.0,-420.0,2335.9785,0.0
1790.0,-420.0,2382.5376,0.0
1800.0,-420.0,2429.6636,0.0
-200.0,-410.0,39270.906,1.0
-190.0,-410.0,39270.906,1.0
-180.0,-410.0,5231.674,0.0
-170.0,-410.0,5148.8843,0.0
-160.0,-410.0,5066.8955,0.0
-150.0,-410.0,4985.707,0.0
-140.0,-410.0,4905.3164,0.0
-130.0,-410.0,4825.7173,0.0
-120.0,-410.0,4746.912,0.0
-110.0,-410.0,4668.8945,0.0
-100.0,-410.0,4591.6675,0.0
-90.0,-410.0,4515.2227,0.0
-80.0,-410.0,4439.5605,0.0
-70.0,-410.0,4364.6797,0.0
-60.0,-410.0,4290.5767,0.0
-50.0,-410.0,4217.248,0.0
-40.0,-410.0,4144.6924,0.0
-30.0,-410.0,4072.9104,0.0
-20.0,-410.0,4001.8965,0.0
-10.0,-410.0,3931.65,0.0
0.0,-410.0,3862.168,0.0
10.0,-410.0,3793.4487,0.0
20.0,-410.0,3725.4907,0.0
30.0,-410.0,3658.2908,0.0
40.0,-410.0,3591.848,0.0
50.0,-410.0,3526.1594,0.0
60.0,-410.0,3461.2231,0.0
70.0,-410.0,3397.0386,0.0
80.0,-410.0,3333.604,0.0
90.0,-410.0,3270.914,0.0
100.0,-410.0,3208.9705,0.0
110.0,-410.0,3147.77,0.0
120.0,-410.0,3087.3105,0.0
130.0,-410.0,3027.5903,0.0
140.0,-410.0,2968.6074,0.0
150.0,-410.0,2910.3606,0.0
160.0,-410.0,2852.8486,0.0
170.0,-410.0,2796.069,0.0
180.0,-410.0,2740.0195,0.0
190.0,-410.0,2684.6992,0.0
200.0,-410.0,2630.1064,0.0
210.0,-410.0,2576.2395,0.0
220.0,-410.0,2523.0962,0.0
230.0,-410.0,2470.6753,0.0
240.0,-410.0,2418.976,0.0
250.0,-410.0,2367.9946,0.0
260.0,-410.0,2317.731,0.0
270.0,-410.0,2268.1846,0.0
280.0,-410.0,2219.3525,0.0
290.0,-410.0,2171.233,0.0
300.0,-410.0,2123.8254,0.0
310.0,-410.0,2077.127,0.0
320.0,-410.0,2031.1373,0.0
330.0,-410.0,1985.855,0.0
340.0,-410.0,1941.2773,0.0
350.0,-410.0,1897.4055,0.0
360.0,-410.0,1854.2355,0.0
370.0,-410.0,1811.767,0.0
380.0,-410.0,1769.9987,0.0
390.0,-410.0,1728.9282,0.0
400.0,-410.0,1688.5564,0.0
410.0,-410.0,1648.8801,0.0
420.0,-410.0,1609.8984,0.0
430.0,-410.0,1571.6105,0.0
440.0,-410.0,1534.0148,0.0
450.0,-410.0,1497.1099,0.0
460.0,-410.0,1460.8951,0.0
470.0,-410.0,1425.3682,0.0
480.0,-410.0,1390.5288,0.0
490.0,-410.0,1356.3752,0.0
500.0,-410.0,1322.9072,0.0
510.0,-410.0,1290.1221,0.0
520.0,-410.0,1258.0199,0.0
530.0,-410.0,1226.5989,0.0
540.0,-410.0,1195.8582,0.0
550.0,-410.0,1165.7964,0.0
560.0,-410.0,1136.4128,0.0
570.0,-410.0,1107.7056,0.0
580.0,-410.0,1079.6747,0.0
590.0,-410.0,1052.3184,0.0
600.0,-410.0,1025.636,0.0
610.0,-410.0,999.6251,0.0
620.0,-410.0,974.2864,0.0
630.0,-410.0,949.6178,0.0
640.0,-410.0,925.6187,0.0
650.0,-410.0,902.2883,0.0
660.0,-410.0,879.6256,0.0
670.0,-410.0,857.6293,0.0
680.0,-410.0,836.2982,0.0
690.0,-410.0,815.6314,0.0
700.0,-410.0,795.62854,0.0
710.0,-410.0,776.2881,0.0
720.0,-410.0,757.6092,0.0
730.0,-410.0,739.59106,0.0
740.0,-410.0,722.23267,0.0
750.0,-410.0,705.53345,0.0
760.0,-410.0,689.4919,0.0
770.0,-410.0,674.1079,0.0
780.0,-410.0,659.3793,0.0
790.0,-410.0,645.306,0.0
800.0,-410.0,631.88794,0.0
810.0,-410.0,619.1234,0.0
820.0,-410.0,607.01117,0.0
830.0,-410.0,595.5506,0.0
840.0,-410.0,584.7417,0.0
850.0,-410.0,574.5826,0.0
860.0,-410.0,565.07294,0.0
870.0,-410.0,556.21155,0.0
880.0,-410.0,547.99817,0.0
890.0,-410.0,540.432,0.0
900.0,-410.0,533.51166,0.0
910.0,-410.0,527.2365,0.0
920.0,-410.0,521.6062,0.0
930.0,-410.0,516.61975,0.0
940.0,-410.0,512.2759,0.0
950.0,-410.0,508.57483,0.0
960.0,-410.0,505.51483,0.0
970.0,-410.0,503.09576,0.0
980.0,-410.0,501.31628,0.0
990.0,-410.0,500.17642,0.0
1000.0,-410.0,499.67484,0.0
1010.0,-410.0,499.8114,0.0
1020.0,-410.0,500.5847,0.0
1030.0,-410.0,501.99408,0.0
1040.0,-410.0,504.03885,0.0
1050.0,-410.0,506.7193,0.0
1060.0,-410.0,510.03323,0.0
1070.0,-410.0,513.98047,0.0
1080.0,-410.0,518.56104,0.0
1090.0,-410.0,523.7732,0.0
1100.0,-410.0,529.6166,0.0
1110.0,-410.0,536.09076,0.0
1120.0,-410.0,543.1946,0.0
1130.0,-410.0,550.92773,0.0
1140.0,-410.0,559.28973,0.0
1150.0,-410.0,568.27905,0.0
1160.0,-410.0,577.8961,0.0
1170.0,-410.0,588.13904,0.0
1180.0,-410.0,599.0067,0.0
1190.0,-410.0,610.4988,0.0
1200.0,-410.0,622.6166,0.0
1210.0,-410.0,635.359,0.0
1220.0,-410.0,648.72406,0.0
1230.0,-410.0,662.7116,0.0
1240.0,-410.0,677.3208,0.0
1250.0,-410.0,692.5515,0.0
1260.0,-410.0,708.4021,0.0
1270.0,-410.0,724.87256,0.0
1280.0,-410.0,741.9619,0.0
1290.0,-410.0,759.6701,0.0
1300.0,-410.0,777.9959,0.0
1310.0,-410.0,796.93823,0.0
1320.0,-410.0,816.4974,0.0
1330.0,-410.0,836.672,0.0
1340.0,-410.0,857.46173,0.0
1350.0,-410.0,878.8653,0.0
1360.0,-410.0,900.8832,0.0
1370.0,-410.0,923.5139,0.0
1380.0,-410.0,946.7566,0.0
1390.0,-410.0,970.61084,0.0
1400.0,-410.0,995.0763,0.0
1410.0,-410.0,1020.15234,0.0
1420.0,-410.0,1045.8384,0.0
1430.0,-410.0,1072.1329,0.0
1440.0,-410.0,1099.0352,0.0
1450.0,-410.0,1126.5458,0.0
1460.0,-410.0,1154.6628,0.0
1470.0,-410.0,1183.3861,0.0
1480.0,-410.0,1212.7144,0.0
1490.0,-410.0,1242.6477,0.0
1500.0,-410.0,1273.1853,0.0
1510.0,-410.0,1304.3262,0.0
1520.0,-410.0,1336.0698,0.0
1530.0,-410.0,1368.4146,0.0
1540.0,-410.0,1401.3611,0.0
1550.0,-410.0,1434.9072,0.0
1560.0,-410.0,1469.054,0.0
1570.0,-410.0,1503.7993,0.0
1580.0,-410.0,1539.1434,0.0
1590.0,-410.0,1575.0854,0.0
1600.0,-410.0,1611.6245,0.0
1610.0,-410.0,1648.7588,0.0
1620.0,-410.0,1686.4877,0.0
1630.0,-410.0,1724.8115,0.0
1640.0,-410.0,1763.7292,0.0
1650.0,-410.0,1803.2407,0.0
1660.0,-410.0,1843.3438,0.0
1670.0,-410.0,1884.0378,0.0
1680.0,-410.0,1925.3228,0.0
1690.0,-410.0,1967.1978,0.0
1700.0,-410.0,2009.6616,0.0
1710.0,-410.0,2052.7144,0.0
1720.0,-410.0,2096.354,0.0
1730.0,-410.0,2140.5806,0.0
1740.0,-410.0,2185.391,0.0
1750.0,-410.0,2230.7876,0.0
1760.0,-410.0,2276.768,0.0
1770.0,-410.0,2323.3308,0.0
1780.0,-410.0,2370.4766,0.0
1790.0,-410.0,2418.2053,0.0
1800.0,-410.0,2466.5134,0.0
-200.0,-400.0,39270.906,1.0
-190.0,-400.0,39270.906,1.0
-180.0,-400.0,5355.1416,0.0
-170.0,-400.0,5269.8525,0.0
-160.0,-400.0,5185.392,0.0
-150.0,-400.0,5101.76,0.0
-140.0,-400.0,5018.9517,0.0
-130.0,-400.0,4936.966,0.0
-120.0,-400.0,4855.8,0.0
-110.0,-400.0,4775.451,0.0
-100.0,-400.0,4695.915,0.0
-90.0,-400.0,4617.193,0.0
-80.0,-400.0,4539.279,0.0
-70.0,-400.0,4462.1733,0.0
-60.0,-400.0,4385.872,0.0
-50.0,-400.0,4310.371,0.0
-40.0,-400.0,4235.67,0.0
-30.0,-400.0,4161.7666,0.0
-20.0,-400.0,4088.658,0.0
-10.0,-400.0,4016.3433,0.0
0.0,-400.0,3944.819,0.0
10.0,-400.0,3874.0823,0.0
20.0,-400.0,3804.1313,0.0
30.0,-400.0,3734.9653,0.0
40.0,-400.0,3666.58,0.0
50.0,-400.0,3598.9734,0.0
60.0,-400.0,3532.145,0.0
70.0,-400.0,3466.0918,0.0
80.0,-400.0,3400.8118,0.0
90.0,-400.0,3336.304,0.0
100.0,-400.0,3272.5632,0.0
110.0,-400.0,3209.5908,0.0
120.0,-400.0,3147.3843,0.0
130.0,-400.0,3085.94,0.0
140.0,-400.0,3025.2563,0.0
150.0,-400.0,2965.333,0.0
160.0,-400.0,2906.1665,0.0
170.0,-400.0,2847.756,0.0
180.0,-400.0,2790.0996,0.0
190.0,-400.0,2733.1948,0.0
200.0,-400.0,2677.0396,0.0
210.0,-400.0,2621.6333,0.0
220.0,-400.0,2566.9736,0.0
230.0,-400.0,2513.0583,0.0
240.0,-400.0,2459.8865,0.0
250.0,-400.0,2407.4553,0.0
260.0,-400.0,2355.7646,0.0
270.0,-400.0,2304.812,0.0
280.0,-400.0,2254.5957,0.0
290.0,-400.0,2205.1145,0.0
300.0,-400.0,2156.366,0.0
310.0,-400.0,2108.3496,0.0
320.0,-400.0,2061.064,0.0
330.0,-400.0,2014.5055,0.0
340.0,-400.0,1968.6746,0.0
350.0,-400.0,1923.5686,0.0
360.0,-400.0,1879.187,0.0
370.0,-400.0,1835.5273,0.0
380.0,-400.0,1792.5889,0.0
390.0,-400.0,1750.3699,0.0
400.0,-400.0,1708.869,0.0
410.0,-400.0,1668.0852,0.0
420.0,-400.0,1628.0166,0.0
430.0,-400.0,1588.6616,0.0
440.0,-400.0,1550.0198,0.0
450.0,-400.0,1512.0885,0.0
460.0,-400.0,1474.8678,0.0
470.0,-400.0,1438.3552,0.0
480.0,-400.0,1402.5502,0.0
490.0,-400.0,1367.4515,0.0
500.0,-400.0,1333.0566,0.0
510.0,-400.0,1299.366,0.0
520.0,-400.0,1266.3772,0.0
530.0,-400.0,1234.0901,0.0
540.0,-400.0,1202.502,0.0
550.0,-400.0,1171.6134,0.0
560.0,-400.0,1141.4215,0.0
570.0,-400.0,1111.9263,0.0
580.0,-400.0,1083.1259,0.0
590.0,-400.0,1055.0192,0.0
600.0,-400.0,1027.6056,0.0
610.0,-400.0,1000.8846,0.0
620.0,-400.0,974.8529,0.0
630.0,-400.0,949.5108,0.0
640.0,-400.0,924.85693,0.0
650.0,-400.0,900.8907,0.0
660.0,-400.0,877.6111,0.0
670.0,-400.0,855.0166,0.0
680.0,-400.0,833.1057,0.0
690.0,-400.0,811.87805,0.0
700.0,-400.0,791.33356,0.0
710.0,-400.0,771.4691,0.0
720.0,-400.0,752.28503,0.0
730.0,-400.0,733.77985,0.0
740.0,-400.0,715.9526,0.0
750.0,-400.0,698.80304,0.0
760.0,-400.0,682.3302,0.0
770.0,-400.0,666.5316,0.0
780.0,-400.0,651.40735,0.0
790.0,-400.0,636.9569,0.0
800.0,-400.0,623.17883,0.0
810.0,-400.0,610.0728,0.0
820.0,-400.0,597.63696,0.0
830.0,-400.0,585.871,0.0
840.0,-400.0,574.7733,0.0
850.0,-400.0,564.34424,0.0
860.0,-400.0,554.5819,0.0
870.0,-400.0,545.4862,0.0
880.0,-400.0,537.0557,0.0
890.0,-400.0,529.29,0.0
900.0,-400.0,522.1879,0.0
910.0,-400.0,515.7483,0.0
920.0,-400.0,509.97083,0.0
930.0,-400.0,504.8544,0.0
940.0,-400.0,500.3987,0.0
950.0,-400.0,496.6025,0.0
960.0,-400.0,493.4653,0.0
970.0,-400.0,490.98602,0.0
980.0,-400.0,489.16385,0.0
990.0,-400.0,487.998,0.0
1000.0,-400.0,487.48804,0.0
1010.0,-400.0,487.6325,0.0
1020.0,-400.0,488.431,0.0
1030.0,-400.0,489.8831,0.0
1040.0,-400.0,491.9876,0.0
1050.0,-400.0,494.7439,0.0
1060.0,-400.0,498.1515,0.0
1070.0,-400.0,502.20898,0.0
1080.0,-400.0,506.91632,0.0
1090.0,-400.0,512.2724,0.0
1100.0,-400.0,518.27625,0.0
1110.0,-400.0,524.9271,0.0
1120.0,-400.0,532.22546,0.0
1130.0,-400.0,540.1692,0.0
1140.0,-400.0,548.7582,0.0
1150.0,-400.0,557.99146,0.0
1160.0,-400.0,567.8685,0.0
1170.0,-400.0,578.3878,0.0
1180.0,-400.0,589.549,0.0
1190.0,-400.0,601.35065,0.0
1200.0,-400.0,613.7955,0.0
1210.0,-400.0,626.88025,0.0
1220.0,-400.0,640.6042,0.0
1230.0,-400.0,654.9666,0.0
1240.0,-400.0,669.96686,0.0
1250.0,-400.0,685.605,0.0
1260.0,-400.0,701.87994,0.0
1270.0,-400.0,718.7904,0.0
1280.0,-400.0,736.3356,0.0
1290.0,-400.0,754.51587,0.0
1300.0,-400.0,773.32935,0.0
1310.0,-400.0,792.7764,0.0
1320.0,-400.0,812.8551,0.0
1330.0,-400.0,833.5662,0.0
1340.0,-400.0,854.9077,0.0
1350.0,-400.0,876.87946,0.0
1360.0,-400.0,899.48145,0.0
1370.0,-400.0,922.71124,0.0
1380.0,-400.0,946.569,0.0
1390.0,-400.0,971.0547,0.0
1400.0,-400.0,996.16736,0.0
1410.0,-400.0,1021.9061,0.0
1420.0,-400.0,1048.2698,0.0
1430.0,-400.0,1075.2579,0.0
1440.0,-400.0,1102.8699,0.0
1450.0,-400.0,1131.1045,0.0
1460.0,-400.0,1159.9617,0.0
1470.0,-400.0,1189.4407,0.0
1480.0,-400.0,1219.5404,0.0
1490.0,-400.0,1250.2603,0.0
1500.0,-400.0,1281.5995,0.0
1510.0,-400.0,1313.5569,0.0
1520.0,-400.0,1346.133,0.0
1530.0,-400.0,1379.3262,0.0
1540.0,-400.0,1413.1348,0.0
1550.0,-400.0,1447.5599,0.0
1560.0,-400.0,1482.5997,0.0
1570.0,-400.0,1518.2527,0.0
1580.0,-400.0,1554.5199,0.0
1590.0,-400.0,1591.3995,0.0
1600.0,-400.0,1628.8914,0.0
1610.0,-400.0,1666.994,0.0
1620.0,-400.0,1705.706,0.0
1630.0,-400.0,1745.0276,0.0
1640.0,-400.0,1784.9585,0.0
1650.0,-400.0,1825.4968,0.0
1660.0,-400.0,1866.6414,0.0
1670.0,-400.0,1908.3928,0.0
1680.0,-400.0,1950.7488,0.0
1690.0,-400.0,1993.7104,0.0
1700.0,-400.0,2037.275,0.0
1710.0,-400.0,2081.4407,0.0
1720.0,-400.0,2126.2095,0.0
1730.0,-400.0,2171.5786,0.0
1740.0,-400.0,2217.5474,0.0
1750.0,-400.0,2264.1167,0.0
1760.0,-400.0,2311.2832,0.0
1770.0,-400.0,2359.046,0.0
1780.0,-400.0,2407.4077,0.0
1790.0,-400.0,2456.3643,0.0
1800.0,-400.0,2505.915,0.0
-200.0,-390.0,39270.906,1.0
-190.0,-390.0,5575.5435,0.0
-180.0,-390.0,5486.729,0.0
-170.0,-390.0,5398.7812,0.0
-160.0,-390.0,5311.6924,0.0
-150.0,-390.0,5225.463,0.0
-140.0,-390.0,5140.0854,0.0
-130.0,-390.0,5055.5605,0.0
-120.0,-390.0,4971.886,0.0
-110.0,-390.0,4889.0586,0.0
-100.0,-390.0,4807.074,0.0
-90.0,-390.0,4725.929,0.0
-80.0,-390.0,4645.6255,0.0
-70.0,-390.0,4566.154,0.0
-60.0,-390.0,4487.5166,0.0
-50.0,-390.0,4409.7095,0.0
-40.0,-390.0,4332.7295,0.0
-30.0,-390.0,4256.575,0.0
-20.0,-390.0,4181.244,0.0
-10.0,-390.0,4106.7334,0.0
0.0,-390.0,4033.04,0.0
10.0,-390.0,3960.1616,0.0
20.0,-390.0,3888.098,0.0
30.0,-390.0,3816.843,0.0
40.0,-390.0,3746.3972,0.0
50.0,-390.0,3676.7559,0.0
60.0,-390.0,3607.9197,0.0
70.0,-390.0,3539.8843,0.0
80.0,-390.0,3472.6494,0.0
90.0,-390.0,3406.211,0.0
100.0,-390.0,3340.567,0.0
110.0,-390.0,3275.7163,0.0
120.0,-390.0,3211.6555,0.0
130.0,-390.0,3148.3833,0.0
140.0,-390.0,3085.897,0.0
150.0,-390.0,3024.1956,0.0
160.0,-390.0,2963.2761,0.0
170.0,-390.0,2903.1377,0.0
180.0,-390.0,2843.777,0.0
190.0,-390.0,2785.193,0.0
200.0,-390.0,2727.3828,0.0
210.0,-390.0,2670.346,0.0
220.0,-390.0,2614.0786,0.0
230.0,-390.0,2558.581,0.0
240.0,-390.0,2503.85,0.0
250.0,-390.0,2449.8838,0.0
260.0,-390.0,2396.6807,0.0
270.0,-390.0,2344.2393,0.0
280.0,-390.0,2292.558,0.0
290.0,-390.0,2241.6348,0.0
300.0,-390.0,2191.468,0.0
310.0,-390.0,2142.0557,0.0
320.0,-390.0,2093.3965,0.0
330.0,-390.0,2045.4884,0.0
340.0,-390.0,1998.3293,0.0
350.0,-390.0,1951.9188,0.0
360.0,-390.0,1906.2546,0.0
370.0,-390.0,1861.3354,0.0
380.0,-390.0,1817.1584,0.0
390.0,-390.0,1773.7236,0.0
400.0,-390.0,1731.0283,0.0
410.0,-390.0,1689.0723,0.0
420.0,-390.0,1647.8533,0.0
430.0,-390.0,1607.3706,0.0
440.0,-390.0,1567.6218,0.0
450.0,-390.0,1528.6052,0.0
460.0,-390.0,1490.3201,0.0
470.0,-390.0,1452.766,0.0
480.0,-390.0,1415.9395,0.0
490.0,-390.0,1379.8407,0.0
500.0,-390.0,1344.4673,0.0
510.0,-390.0,1309.8184,0.0
520.0,-390.0,1275.8933,0.0
530.0,-390.0,1242.6896,0.0
540.0,-390.0,1210.2065,0.0
550.0,-390.0,1178.4429,0.0
560.0,-390.0,1147.3976,0.0
570.0,-390.0,1117.0684,0.0
580.0,-390.0,1087.4553,0.0
590.0,-390.0,1058.5566,0.0
600.0,-390.0,1030.3706,0.0
610.0,-390.0,1002.89716,0.0
620.0,-390.0,976.1341,0.0
630.0,-390.0,950.0807,0.0
640.0,-390.0,924.7352,0.0
650.0,-390.0,900.0968,0.0
660.0,-390.0,876.1654,0.0
670.0,-390.0,852.93933,0.0
680.0,-390.0,830.4162,0.0
690.0,-390.0,808.5963,0.0
700.0,-390.0,787.4782,0.0
710.0,-390.0,767.06116,0.0
720.0,-390.0,747.34326,0.0
730.0,-390.0,728.3237,0.0
740.0,-390.0,710.0023,0.0
750.0,-390.0,692.37646,0.0
760.0,-390.0,675.44714,0.0
770.0,-390.0,659.21204,0.0
780.0,-390.0,643.67017,0.0
790.0,-390.0,628.8207,0.0
800.0,-390.0,614.66284,0.0
810.0,-390.0,601.19604,0.0
820.0,-390.0,588.41864,0.0
830.0,-390.0,576.3295,0.0
840.0,-390.0,564.92816,0.0
850.0,-390.0,554.21405,0.0
860.0,-390.0,544.1852,0.0
870.0,-390.0,534.84143,0.0
880.0,-390.0,526.18225,0.0
890.0,-390.0,518.2058,0.0
900.0,-390.0,510.91116,0.0
910.0,-390.0,504.29846,0.0
920.0,-390.0,498.36618,0.0
930.0,-390.0,493.11298,0.0
940.0,-390.0,488.53894,0.0
950.0,-390.0,484.64288,0.0
960.0,-390.0,481.42358,0.0
970.0,-390.0,478.88052,0.0
980.0,-390.0,477.01276,0.0
990.0,-390.0,475.81982,0.0
1000.0,-390.0,475.30066,0.0
1010.0,-390.0,475.45422,0.0
1020.0,-390.0,476.27924,0.0
1030.0,-390.0,477.77588,0.0
1040.0,-390.0,479.9433,0.0
1050.0,-390.0,482.78033,0.0
1060.0,-390.0,486.28622,0.0
1070.0,-390.0,490.45996,0.0
1080.0,-390.0,495.30112,0.0
1090.0,-390.0,500.8086,0.0
1100.0,-390.0,506.982,0.0
1110.0,-390.0,513.82043,0.0
1120.0,-390.0,521.3229,0.0
1130.0,-390.0,529.48865,0.0
1140.0,-390.0,538.31726,0.0
1150.0,-390.0,547.80774,0.0
1160.0,-390.0,557.95917,0.0
1170.0,-390.0,568.76965,0.0
1180.0,-390.0,580.23975,0.0
1190.0,-390.0,592.36926,0.0
1200.0,-390.0,605.1577,0.0
1210.0,-390.0,618.6035,0.0
1220.0,-390.0,632.70544,0.0
1230.0,-390.0,647.4634,0.0
1240.0,-390.0,662.8771,0.0
1250.0,-390.0,678.94464,0.0
1260.0,-390.0,695.6659,0.0
1270.0,-390.0,713.04,0.0
1280.0,-390.0,731.0663,0.0
1290.0,-390.0,749.74414,0.0
1300.0,-390.0,769.07263,0.0
1310.0,-390.0,789.051,0.0
1320.0,-390.0,809.67816,0.0
1330.0,-390.0,830.954,0.0
1340.0,-390.0,852.8777,0.0
1350.0,-390.0,875.4478,0.0
1360.0,-390.0,898.6644,0.0
1370.0,-390.0,922.5259,0.0
1380.0,-390.0,947.0331,0.0
1390.0,-390.0,972.18445,0.0
1400.0,-390.0,997.97833,0.0
1410.0,-390.0,1024.4152,0.0
1420.0,-390.0,1051.4932,0.0
1430.0,-390.0,1079.2119,0.0
1440.0,-390.0,1107.5713,0.0
1450.0,-390.0,1136.5697,0.0
1460.0,-390.0,1166.2074,0.0
1470.0,-390.0,1196.4817,0.0
1480.0,-390.0,1227.3943,0.0
1490.0,-390.0,1258.9427,0.0
1500.0,-390.0,1291.1268,0.0
1510.0,-390.0,1323.9459,0.0
1520.0,-390.0,1357.3986,0.0
1530.0,-390.0,1391.4841,0.0
1540.0,-390.0,1426.2023,0.0
1550.0,-390.0,1461.5524,0.0
1560.0,-390.0,1497.5321,0.0
1570.0,-390.0,1534.1426,0.0
1580.0,-390.0,1571.3822,0.0
1590.0,-390.0,1609.2498,0.0
1600.0,-390.0,1647.7458,0.0
1610.0,-390.0,1686.8674,0.0
1620.0,-390.0,1726.615,0.0
1630.0,-390.0,1766.987,0.0
1640.0,-390.0,1807.9841,0.0
1650.0,-390.0,1849.6042,0.0
1660.0,-390.0,1891.8463,0.0
1670.0,-390.0,1934.7104,0.0
1680.0,-390.0,1978.1941,0.0
1690.0,-390.0,2022.2988,0.0
1700.0,-390.0,2067.021,0.0
1710.0,-390.0,2112.36,0.0
1720.0,-390.0,2158.3174,0.0
1730.0,-390.0,2204.8906,0.0
1740.0,-390.0,2252.0784,0.0
1750.0,-390.0,2299.8809,0.0
1760.0,-390.0,2348.2964,0.0
1770.0,-390.0,2397.3242,0.0
1780.0,-390.0,2446.963,0.0
1790.0,-390.0,2497.2136,0.0
1800.0,-390.0,2548.0723,0.0
-200.0,-380.0,39270.906,1.0
-190.0,-380.0,5718.872,0.0
-180.0,-380.0,5627.1934,0.0
-170.0,-380.0,5536.4126,0.0
-160.0,-380.0,5446.5234,0.0
-150.0,-380.0,5357.5244,0.0
-140.0,-380.0,5269.414,0.0
-130.0,-380.0,5182.1855,0.0
-120.0,-380.0,5095.84,0.0
-110.0,-380.0,5010.3716,0.0
-100.0,-380.0,4925.7773,0.0
-90.0,-380.0,4842.057,0.0
-80.0,-380.0,4759.203,0.0
-70.0,-380.0,4677.2188,0.0
-60.0,-380.0,4596.095,0.0
-50.0,-380.0,4515.834,0.0
-40.0,-380.0,4436.4297,0.0
-30.0,-380.0,4357.8804,0.0
-20.0,-380.0,4280.1855,0.0
-10.0,-380.0,4203.338,0.0
0.0,-380.0,4127.339,0.0
10.0,-380.0,4052.184,0.0
20.0,-380.0,3977.8708,0.0
30.0,-380.0,3904.397,0.0
40.0,-380.0,3831.7607,0.0
50.0,-380.0,3759.9575,0.0
60.0,-380.0,3688.9866,0.0
70.0,-380.0,3618.8464,0.0
80.0,-380.0,3549.532,0.0
90.0,-380.0,3481.0427,0.0
100.0,-380.0,3413.3765,0.0
110.0,-380.0,3346.5293,0.0
120.0,-380.0,3280.5007,0.0
130.0,-380.0,3215.2866,0.0
140.0,-380.0,3150.8857,0.0
150.0,-380.0,3087.2969,0.0
160.0,-380.0,3024.5164,0.0
170.0,-380.0,2962.5425,0.0
180.0,-380.0,2901.3728,0.0
190.0,-380.0,2841.0059,0.0
200.0,-380.0,2781.4404,0.0
210.0,-380.0,2722.6729,0.0
220.0,-380.0,2664.7002,0.0
230.0,-380.0,2607.523,0.0
240.0,-380.0,2551.1375,0.0
250.0,-380.0,2495.542,0.0
260.0,-380.0,2440.7356,0.0
270.0,-380.0,2386.7153,0.0
280.0,-380.0,2333.48,0.0
290.0,-380.0,2281.028,0.0
300.0,-380.0,2229.3555,0.0
310.0,-380.0,2178.463,0.0
320.0,-380.0,2128.348,0.0
330.0,-380.0,2079.0078,0.0
340.0,-380.0,2030.4415,0.0
350.0,-380.0,1982.6476,0.0
360.0,-380.0,1935.6243,0.0
370.0,-380.0,1889.368,0.0
380.0,-380.0,1843.8801,0.0
390.0,-380.0,1799.1562,0.0
400.0,-380.0,1755.1963,0.0
410.0,-380.0,1711.9987,0.0
420.0,-380.0,1669.5613,0.0
430.0,-380.0,1627.8821,0.0
440.0,-380.0,1586.9604,0.0
450.0,-380.0,1546.7944,0.0
460.0,-380.0,1507.3821,0.0
470.0,-380.0,1468.7238,0.0
480.0,-380.0,1430.8158,0.0
490.0,-380.0,1393.6578,0.0
500.0,-380.0,1357.2479,0.0
510.0,-380.0,1321.5851,0.0
520.0,-380.0,1286.6674,0.0
530.0,-380.0,1252.4939,0.0
540.0,-380.0,1219.063,0.0
550.0,-380.0,1186.3738,0.0
560.0,-380.0,1154.4241,0.0
570.0,-380.0,1123.213,0.0
580.0,-380.0,1092.7393,0.0
590.0,-380.0,1063.0015,0.0
600.0,-380.0,1033.9985,0.0
610.0,-380.0,1005.72876,0.0
620.0,-380.0,978.19165,0.0
630.0,-380.0,951.38525,0.0
640.0,-380.0,925.30756,0.0
650.0,-380.0,899.9592,0.0
660.0,-380.0,875.33795,0.0
670.0,-380.0,851.44244,0.0
680.0,-380.0,828.2724,0.0
690.0,-380.0,805.8257,0.0
700.0,-380.0,784.10187,0.0
710.0,-380.0,763.09906,0.0
720.0,-380.0,742.8169,0.0
730.0,-380.0,723.2534,0.0
740.0,-380.0,704.40857,0.0
750.0,-380.0,686.2804,0.0
760.0,-380.0,668.8679,0.0
770.0,-380.0,652.1708,0.0
780.0,-380.0,636.1873,0.0
790.0,-380.0,620.91626,0.0
800.0,-380.0,606.3568,0.0
810.0,-380.0,592.5085,0.0
820.0,-380.0,579.37,0.0
830.0,-380.0,566.9397,0.0
840.0,-380.0,555.21686,0.0
850.0,-380.0,544.2008,0.0
860.0,-380.0,533.8904,0.0
870.0,-380.0,524.28503,0.0
880.0,-380.0,515.3832,0.0
890.0,-380.0,507.18402,0.0
900.0,-380.0,499.68677,0.0
910.0,-380.0,492.89053,0.0
920.0,-380.0,486.79382,0.0
930.0,-380.0,481.39658,0.0
940.0,-380.0,476.69748,0.0
950.0,-380.0,472.69543,0.0
960.0,-380.0,469.38977,0.0
970.0,-380.0,466.77985,0.0
980.0,-380.0,464.86414,0.0
990.0,-380.0,463.64243,0.0
1000.0,-380.0,463.11337,0.0
1010.0,-380.0,463.27615,0.0
1020.0,-380.0,464.1296,0.0
1030.0,-380.0,465.67413,0.0
1040.0,-380.0,467.90747,0.0
1050.0,-380.0,470.82947,0.0
1060.0,-380.0,474.4391,0.0
1070.0,-380.0,478.73584,0.0
1080.0,-380.0,483.71863,0.0
1090.0,-380.0,489.3861,0.0
1100.0,-380.0,495.73828,0.0
1110.0,-380.0,502.7744,0.0
1120.0,-380.0,510.4927,0.0
1130.0,-380.0,518.8933,0.0
1140.0,-380.0,527.97473,0.0
1150.0,-380.0,537.7365,0.0
1160.0,-380.0,548.1776,0.0
1170.0,-380.0,559.2959,0.0
1180.0,-380.0,571.0928,0.0
1190.0,-380.0,583.5677,0.0
1200.0,-380.0,596.7191,0.0
1210.0,-380.0,610.5461,0.0
1220.0,-380.0,625.04755,0.0
1230.0,-380.0,640.22314,0.0
1240.0,-380.0,656.072,0.0
1250.0,-380.0,672.59375,0.0
1260.0,-380.0,689.7866,0.0
1270.0,-380.0,707.6506,0.0
1280.0,-380.0,726.184,0.0
1290.0,-380.0,745.3872,0.0
1300.0,-380.0,765.2585,0.0
1310.0,-380.0,785.7981,0.0
1320.0,-380.0,807.0043,0.0
1330.0,-380.0,828.877,0.0
1340.0,-380.0,851.4144,0.0
1350.0,-380.0,874.6161,0.0
1360.0,-380.0,898.48224,0.0
1370.0,-380.0,923.0109,0.0
1380.0,-380.0,948.20276,0.0
1390.0,-380.0,974.056,0.0
1400.0,-380.0,1000.5696,0.0
1410.0,-380.0,1027.7427,0.0
1420.0,-380.0,1055.5742,0.0
1430.0,-380.0,1084.0647,0.0
1440.0,-380.0,1113.2123,0.0
1450.0,-380.0,1143.0171,0.0
1460.0,-380.0,1173.4775,0.0
1470.0,-380.0,1204.5927,0.0
1480.0,-380.0,1236.362,0.0
1490.0,-380.0,1268.7849,0.0
1500.0,-380.0,1301.8602,0.0
1510.0,-380.0,1335.587,0.0
1520.0,-380.0,1369.9653,0.0
1530.0,-380.0,1404.9927,0.0
1540.0,-380.0,1440.6702,0.0
1550.0,-380.0,1476.9949,0.0
1560.0,-380.0,1513.9675,0.0
1570.0,-380.0,1551.5872,0.0
1580.0,-380.0,1589.8523,0.0
1590.0,-380.0,1628.7623,0.0
1600.0,-380.0,1668.3169,0.0
1610.0,-380.0,1708.5137,0.0
1620.0,-380.0,1749.3534,0.0
1630.0,-380.0,1790.8345,0.0
1640.0,-380.0,1832.9551,0.0
1650.0,-380.0,1875.7164,0.0
1660.0,-380.0,1919.1156,0.0
1670.0,-380.0,1963.1521,0.0
1680.0,-380.0,2007.8257,0.0
1690.0,-380.0,2053.134,0.0
1700.0,-380.0,2099.077,0.0
1710.0,-380.0,2145.6543,0.0
1720.0,-380.0,2192.8652,0.0
1730.0,-380.0,2240.707,0.0
1740.0,-380.0,2289.1802,0.0
1750.0,-380.0,2338.283,0.0
1760.0,-380.0,2388.0151,0.0
1770.0,-380.0,2438.3752,0.0
1780.0,-380.0,2489.3613,0.0
1790.0,-380.0,2540.9736,0.0
1800.0,-380.0,2593.2114,0.0
-200.0,-370.0,39270.906,1.0
-190.0,-370.0,5872.1304,0.0
-180.0,-370.0,5777.3916,0.0
-170.0,-370.0,5683.584,0.0
-160.0,-370.0,5590.706,0.0
-150.0,-370.0,5498.752,0.0
-140.0,-370.0,5407.7227,0.0
-130.0,-370.0,5317.6074,0.0
-120.0,-370.0,5228.411,0.0
-110.0,-370.0,5140.125,0.0
-100.0,-370.0,5052.75,0.0
-90.0,-370.0,4966.2783,0.0
-80.0,-370.0,4880.7095,0.0
-70.0,-370.0,4796.041,0.0
-60.0,-370.0,4712.2686,0.0
-50.0,-370.0,4629.3887,0.0
-40.0,-370.0,4547.3994,0.0
-30.0,-370.0,4466.298,0.0
-20.0,-370.0,4386.081,0.0
-10.0,-370.0,4306.744,0.0
0.0,-370.0,4228.288,0.0
10.0,-370.0,4150.707,0.0
20.0,-370.0,4073.999,0.0
30.0,-370.0,3998.1614,0.0
40.0,-370.0,3923.1914,0.0
50.0,-370.0,3849.085,0.0
60.0,-370.0,3775.8423,0.0
70.0,-370.0,3703.4587,0.0
80.0,-370.0,3631.9326,0.0
90.0,-370.0,3561.2603,0.0
100.0,-370.0,3491.4404,0.0
110.0,-370.0,3422.4695,0.0
120.0,-370.0,3354.3457,0.0
130.0,-370.0,3287.0664,0.0
140.0,-370.0,3220.6282,0.0
150.0,-370.0,3155.0303,0.0
160.0,-370.0,3090.2693,0.0
170.0,-370.0,3026.3445,0.0
180.0,-370.0,2963.2515,0.0
190.0,-370.0,2900.9895,0.0
200.0,-370.0,2839.5552,0.0
210.0,-370.0,2778.9468,0.0
220.0,-370.0,2719.1616,0.0
230.0,-370.0,2660.199,0.0
240.0,-370.0,2602.0547,0.0
250.0,-370.0,2544.7285,0.0
260.0,-370.0,2488.2168,0.0
270.0,-370.0,2432.519,0.0
280.0,-370.0,2377.6323,0.0
290.0,-370.0,2323.5552,0.0
300.0,-370.0,2270.2844,0.0
310.0,-370.0,2217.8193,0.0
320.0,-370.0,2166.1572,0.0
330.0,-370.0,2115.2964,0.0
340.0,-370.0,2065.2354,0.0
350.0,-370.0,2015.9723,0.0
360.0,-370.0,1967.5044,0.0
370.0,-370.0,1919.8308,0.0
380.0,-370.0,1872.9492,0.0
390.0,-370.0,1826.8579,0.0
400.0,-370.0,1781.5547,0.0
410.0,-370.0,1737.0383,0.0
420.0,-370.0,1693.3071,0.0
430.0,-370.0,1650.3586,0.0
440.0,-370.0,1608.1934,0.0
450.0,-370.0,1566.8071,0.0
460.0,-370.0,1526.1997,0.0
470.0,-370.0,1486.3689,0.0
480.0,-370.0,1447.3137,0.0
490.0,-370.0,1409.0322,0.0
500.0,-370.0,1371.5225,0.0
510.0,-370.0,1334.7836,0.0
520.0,-370.0,1298.8138,0.0
530.0,-370.0,1263.6119,0.0
540.0,-370.0,1229.1754,0.0
550.0,-370.0,1195.5039,0.0
560.0,-370.0,1162.5957,0.0
570.0,-370.0,1130.4492,0.0
580.0,-370.0,1099.063,0.0
590.0,-370.0,1068.4357,0.0
600.0,-370.0,1038.5662,0.0
610.0,-370.0,1009.4529,0.0
620.0,-370.0,981.09436,0.0
630.0,-370.0,953.48975,0.0
640.0,-370.0,926.63745,0.0
650.0,-370.0,900.53534,0.0
660.0,-370.0,875.1831,0.0
670.0,-370.0,850.57874,0.0
680.0,-370.0,826.72266,0.0
690.0,-370.0,803.6118,0.0
700.0,-370.0,781.2457,0.0
710.0,-370.0,759.6229,0.0
720.0,-370.0,738.7428,0.0
730.0,-370.0,718.60315,0.0
740.0,-370.0,699.20386,0.0
750.0,-370.0,680.5427,0.0
760.0,-370.0,662.6196,0.0
770.0,-370.0,645.4321,0.0
780.0,-370.0,628.9813,0.0
790.0,-370.0,613.2637,0.0
800.0,-370.0,598.27875,0.0
810.0,-370.0,584.02625,0.0
820.0,-370.0,570.505,0.0
830.0,-370.0,557.714,0.0
840.0,-370.0,545.65076,0.0
850.0,-370.0,534.3158,0.0
860.0,-370.0,523.70667,0.0
870.0,-370.0,513.8237,0.0
880.0,-370.0,504.6655,0.0
890.0,-370.0,496.23093,0.0
900.0,-370.0,488.51874,0.0
910.0,-370.0,481.5282,0.0
920.0,-370.0,475.2582,0.0
930.0,-370.0,469.70813,0.0
940.0,-370.0,464.87607,0.0
950.0,-370.0,460.76245,0.0
960.0,-370.0,457.3654,0.0
970.0,-370.0,454.68408,0.0
980.0,-370.0,452.7179,0.0
990.0,-370.0,451.4655,0.0
1000.0,-370.0,450.9263,0.0
1010.0,-370.0,451.09866,0.0
1020.0,-370.0,451.98236,0.0
1030.0,-370.0,453.57654,0.0
1040.0,-370.0,455.88016,0.0
1050.0,-370.0,458.8926,0.0
1060.0,-370.0,462.61227,0.0
1070.0,-370.0,467.03845,0.0
1080.0,-370.0,472.17084,0.0
1090.0,-370.0,478.00793,0.0
1100.0,-370.0,484.54938,0.0
1110.0,-370.0,491.7939,0.0
1120.0,-370.0,499.74088,0.0
1130.0,-370.0,508.3899,0.0
1140.0,-370.0,517.7389,0.0
1150.0,-370.0,527.7877,0.0
1160.0,-370.0,538.5346,0.0
1170.0,-370.0,549.9793,0.0
1180.0,-370.0,562.1217,0.0
1190.0,-370.0,574.9618,0.0
1200.0,-370.0,588.4973,0.0
1210.0,-370.0,602.7273,0.0
1220.0,-370.0,617.65137,0.0
1230.0,-370.0,633.2685,0.0
1240.0,-370.0,649.57794,0.0
1250.0,-370.0,666.5791,0.0
1260.0,-370.0,684.2707,0.0
1270.0,-370.0,702.6521,0.0
1280.0,-370.0,721.72253,0.0
1290.0,-370.0,741.4811,0.0
1300.0,-370.0,761.92725,0.0
1310.0,-370.0,783.0595,0.0
1320.0,-370.0,804.87756,0.0
1330.0,-370.0,827.3804,0.0
1340.0,-370.0,850.56683,0.0
1350.0,-370.0,874.4364,0.0
1360.0,-370.0,898.9894,0.0
1370.0,-370.0,924.2234,0.0
1380.0,-370.0,950.1388,0.0
1390.0,-370.0,976.7336,0.0
1400.0,-370.0,1004.00757,0.0
1410.0,-370.0,1031.959,0.0
1420.0,-370.0,1060.588,0.0
1430.0,-370.0,1089.8937,0.0
1440.0,-370.0,1119.8746,0.0
1450.0,-370.0,1150.5305,0.0
1460.0,-370.0,1181.8605,0.0
1470.0,-370.0,1213.8638,0.0
1480.0,-370.0,1246.5397,0.0
1490.0,-370.0,1279.8856,0.0
1500.0,-370.0,1313.9025,0.0
1510.0,-370.0,1348.5886,0.0
1520.0,-370.0,1383.944,0.0
1530.0,-370.0,1419.9677,0.0
1540.0,-370.0,1456.657,0.0
1550.0,-370.0,1494.0127,0.0
1560.0,-370.0,1532.0344,0.0
1570.0,-370.0,1570.72,0.0
1580.0,-370.0,1610.0682,0.0
1590.0,-370.0,1650.0792,0.0
1600.0,-370.0,1690.752,0.0
1610.0,-370.0,1732.0852,0.0
1620.0,-370.0,1774.0771,0.0
1630.0,-370.0,1816.7291,0.0
1640.0,-370.0,1860.0376,0.0
1650.0,-370.0,1904.0034,0.0
1660.0,-370.0,1948.6233,0.0
1670.0,-370.0,1993.898,0.0
1680.0,-370.0,2039.8271,0.0
1690.0,-370.0,2086.4082,0.0
1700.0,-370.0,2133.6418,0.0
1710.0,-370.0,2181.5254,0.0
1720.0,-370.0,2230.058,0.0
1730.0,-370.0,2279.2405,0.0
1740.0,-370.0,2329.0706,0.0
1750.0,-370.0,2379.546,0.0
1760.0,-370.0,2430.6682,0.0
1770.0,-370.0,2482.4329,0.0
1780.0,-370.0,2534.8406,0.0
1790.0,-370.0,2587.8928,0.0
1800.0,-370.0,2641.585,0.0
-200.0,-360.0,6135.302,0.0
-190.0,-360.0,6036.3096,0.0
-180.0,-360.0,5938.292,0.0
-170.0,-360.0,5841.2466,0.0
-160.0,-360.0,5745.1694,0.0
-150.0,-360.0,5650.053,0.0
-140.0,-360.0,5555.8975,0.0
-130.0,-360.0,5462.6973,0.0
-120.0,-360.0,5370.451,0.0
-110.0,-360.0,5279.153,0.0
-100.0,-360.0,5188.7993,0.0
-90.0,-360.0,5099.3877,0.0
-80.0,-360.0,5010.9165,0.0
-70.0,-360.0,4923.382,0.0
-60.0,-360.0,4836.777,0.0
-50.0,-360.0,4751.1016,0.0
-40.0,-360.0,4666.3486,0.0
-30.0,-360.0,4582.5205,0.0
-20.0,-360.0,4499.612,0.0
-10.0,-360.0,4417.617,0.0
0.0,-360.0,4336.536,0.0
10.0,-360.0,4256.3643,0.0
20.0,-360.0,4177.0986,0.0
30.0,-360.0,4098.739,0.0
40.0,-360.0,4021.2773,0.0
50.0,-360.0,3944.7139,0.0
60.0,-360.0,3869.045,0.0
70.0,-360.0,3794.269,0.0
80.0,-360.0,3720.3818,0.0
90.0,-360.0,3647.3809,0.0
100.0,-360.0,3575.2642,0.0
110.0,-360.0,3504.0283,0.0
120.0,-360.0,3433.6702,0.0
130.0,-360.0,3364.1885,0.0
140.0,-360.0,3295.5781,0.0
150.0,-360.0,3227.8389,0.0
160.0,-360.0,3160.9688,0.0
170.0,-360.0,3094.963,0.0
180.0,-360.0,3029.8198,0.0
190.0,-360.0,2965.537,0.0
200.0,-360.0,2902.1123,0.0
210.0,-360.0,2839.5437,0.0
220.0,-360.0,2777.8276,0.0
230.0,-360.0,2716.9626,0.0
240.0,-360.0,2656.9463,0.0
250.0,-360.0,2597.7754,0.0
260.0,-360.0,2539.4492,0.0
270.0,-360.0,2481.9644,0.0
280.0,-360.0,2425.319,0.0
290.0,-360.0,2369.512,0.0
300.0,-360.0,2314.5403,0.0
310.0,-360.0,2260.4014,0.0
320.0,-360.0,2207.0928,0.0
330.0,-360.0,2154.6145,0.0
340.0,-360.0,2102.962,0.0
350.0,-360.0,2052.1348,0.0
360.0,-360.0,2002.1317,0.0
370.0,-360.0,1952.9489,0.0
380.0,-360.0,1904.5848,0.0
390.0,-360.0,1857.0381,0.0
400.0,-360.0,1810.3065,0.0
410.0,-360.0,1764.3884,0.0
420.0,-360.0,1719.2825,0.0
430.0,-360.0,1674.9851,0.0
440.0,-360.0,1631.4955,0.0
450.0,-360.0,1588.8127,0.0
460.0,-360.0,1546.9341,0.0
470.0,-360.0,1505.8578,0.0
480.0,-360.0,1465.583,0.0
490.0,-360.0,1426.1072,0.0
500.0,-360.0,1387.4286,0.0
510.0,-360.0,1349.5464,0.0
520.0,-360.0,1312.4583,0.0
530.0,-360.0,1276.163,0.0
540.0,-360.0,1240.6587,0.0
550.0,-360.0,1205.9441,0.0
560.0,-360.0,1172.0176,0.0
570.0,-360.0,1138.8774,0.0
580.0,-360.0,1106.5222,0.0
590.0,-360.0,1074.9503,0.0
600.0,-360.0,1044.1606,0.0
610.0,-360.0,1014.1509,0.0
620.0,-360.0,984.9207,0.0
630.0,-360.0,956.46844,0.0
640.0,-360.0,928.7922,0.0
650.0,-360.0,901.89075,0.0
660.0,-360.0,875.7626,0.0
670.0,-360.0,850.40656,0.0
680.0,-360.0,825.82104,0.0
690.0,-360.0,802.00525,0.0
700.0,-360.0,778.9581,0.0
710.0,-360.0,756.67676,0.0
720.0,-360.0,735.16174,0.0
730.0,-360.0,714.41064,0.0
740.0,-360.0,694.42285,0.0
750.0,-360.0,675.1967,0.0
760.0,-360.0,656.7312,0.0
770.0,-360.0,639.02466,0.0
780.0,-360.0,622.0766,0.0
790.0,-360.0,605.8856,0.0
800.0,-360.0,590.4499,0.0
810.0,-360.0,575.7688,0.0
820.0,-360.0,561.84143,0.0
830.0,-360.0,548.66656,0.0
840.0,-360.0,536.2429,0.0
850.0,-360.0,524.5685,0.0
860.0,-360.0,513.6437,0.0
870.0,-360.0,503.46686,0.0
880.0,-360.0,494.03632,0.0
890.0,-360.0,485.35193,0.0
900.0,-360.0,477.41196,0.0
910.0,-360.0,470.21558,0.0
920.0,-360.0,463.76175,0.0
930.0,-360.0,458.04913,0.0
940.0,-360.0,453.07715,0.0
950.0,-360.0,448.8447,0.0
960.0,-360.0,445.3506,0.0
970.0,-360.0,442.59375,0.0
980.0,-360.0,440.57385,0.0
990.0,-360.0,439.28912,0.0
1000.0,-360.0,438.73907,0.0
1010.0,-360.0,438.92197,0.0
1020.0,-360.0,439.83765,0.0
1030.0,-360.0,441.48483,0.0
1040.0,-360.0,443.86246,0.0
1050.0,-360.0,446.97028,0.0
1060.0,-360.0,450.80652,0.0
1070.0,-360.0,455.37057,0.0
1080.0,-360.0,460.66113,0.0
1090.0,-360.0,466.67792,0.0
1100.0,-360.0,473.42017,0.0
1110.0,-360.0,480.8858,0.0
1120.0,-360.0,489.075,0.0
1130.0,-360.0,497.98648,0.0
1140.0,-360.0,507.6192,0.0
1150.0,-360.0,517.9718,0.0
1160.0,-360.0,529.0432,0.0
1170.0,-360.0,540.8332,0.0
1180.0,-360.0,553.3425,0.0
1190.0,-360.0,566.5688,0.0
1200.0,-360.0,580.5106,0.0
1210.0,-360.0,595.16785,0.0
1220.0,-360.0,610.53925,0.0
1230.0,-360.0,626.62445,0.0
1240.0,-360.0,643.4214,0.0
1250.0,-360.0,660.9307,0.0
1260.0,-360.0,679.1503,0.0
1270.0,-360.0,698.07996,0.0
1280.0,-360.0,717.7191,0.0
1290.0,-360.0,738.0658,0.0
1300.0,-360.0,759.11975,0.0
1310.0,-360.0,780.8802,0.0
1320.0,-360.0,803.3462,0.0
1330.0,-360.0,826.5162,0.0
1340.0,-360.0,850.39,0.0
1350.0,-360.0,874.9675,0.0
1360.0,-360.0,900.24695,0.0
1370.0,-360.0,926.22815,0.0
1380.0,-360.0,952.9088,0.0
1390.0,-360.0,980.28876,0.0
1400.0,-360.0,1008.3671,0.0
1410.0,-360.0,1037.1433,0.0
1420.0,-360.0,1066.616,0.0
1430.0,-360.0,1096.7839,0.0
1440.0,-360.0,1127.6472,0.0
1450.0,-360.0,1159.2048,0.0
1460.0,-360.0,1191.4553,0.0
1470.0,-360.0,1224.3984,0.0
1480.0,-360.0,1258.0312,0.0
1490.0,-360.0,1292.3561,0.0
1500.0,-360.0,1327.3699,0.0
1510.0,-360.0,1363.0712,0.0
1520.0,-360.0,1399.4615,0.0
1530.0,-360.0,1436.5371,0.0
1540.0,-360.0,1474.2986,0.0
1550.0,-360.0,1512.7454,0.0
1560.0,-360.0,1551.8754,0.0
1570.0,-360.0,1591.6881,0.0
1580.0,-360.0,1632.1829,0.0
1590.0,-360.0,1673.3584,0.0
1600.0,-360.0,1715.2144,0.0
1610.0,-360.0,1757.7491,0.0
1620.0,-360.0,1800.9607,0.0
1630.0,-360.0,1844.8511,0.0
1640.0,-360.0,1889.4148,0.0
1650.0,-360.0,1934.6543,0.0
1660.0,-360.0,1980.5657,0.0
1670.0,-360.0,2027.1511,0.0
1680.0,-360.0,2074.4092,0.0
1690.0,-360.0,2122.336,0.0
1700.0,-360.0,2170.9329,0.0
1710.0,-360.0,2220.1978,0.0
1720.0,-360.0,2270.1309,0.0
1730.0,-360.0,2320.728,0.0
1740.0,-360.0,2371.992,0.0
1750.0,-360.0,2423.9202,0.0
1760.0,-360.0,2476.5093,0.0
1770.0,-360.0,2529.7617,0.0
1780.0,-360.0,2583.673,0.0
1790.0,-360.0,2638.2446,0.0
1800.0,-360.0,2693.4736,0.0
-200.0,-350.0,6315.085,0.0
-190.0,-350.0,6212.534,0.0
-180.0,-350.0,6111.001,0.0
-170.0,-350.0,6010.4805,0.0
-160.0,-350.0,5910.968,0.0
-150.0,-350.0,5812.46,0.0
-140.0,-350.0,5714.954,0.0
-130.0,-350.0,5618.4443,0.0
-120.0,-350.0,5522.927,0.0
-110.0,-350.0,5428.4014,0.0
-100.0,-350.0,5334.8584,0.0
-90.0,-350.0,5242.297,0.0
-80.0,-350.0,5150.715,0.0
-70.0,-350.0,5060.1074,0.0
-60.0,-350.0,4970.4673,0.0
-50.0,-350.0,4881.796,0.0
-40.0,-350.0,4794.085,0.0
-30.0,-350.0,4707.3374,0.0
-20.0,-350.0,4621.5444,0.0
-10.0,-350.0,4536.7056,0.0
0.0,-350.0,4452.815,0.0
10.0,-350.0,4369.871,0.0
20.0,-350.0,4287.8696,0.0
30.0,-350.0,4206.8086,0.0
40.0,-350.0,4126.683,0.0
50.0,-350.0,4047.4905,0.0
60.0,-350.0,3969.2285,0.0
70.0,-350.0,3891.8936,0.0
80.0,-350.0,3815.4834,0.0
90.0,-350.0,3739.992,0.0
100.0,-350.0,3665.4202,0.0
110.0,-350.0,3591.7622,0.0
120.0,-350.0,3519.0176,0.0
130.0,-350.0,3447.1816,0.0
140.0,-350.0,3376.2505,0.0
150.0,-350.0,3306.2249,0.0
160.0,-350.0,3237.0981,0.0
170.0,-350.0,3168.8706,0.0
180.0,-350.0,3101.5378,0.0
190.0,-350.0,3035.0986,0.0
200.0,-350.0,2969.549,0.0
210.0,-350.0,2904.8867,0.0
220.0,-350.0,2841.1094,0.0
230.0,-350.0,2778.2146,0.0
240.0,-350.0,2716.1985,0.0
250.0,-350.0,2655.06,0.0
260.0,-350.0,2594.7969,0.0
270.0,-350.0,2535.4065,0.0
280.0,-350.0,2476.8857,0.0
290.0,-350.0,2419.2327,0.0
300.0,-350.0,2362.4458,0.0
310.0,-350.0,2306.522,0.0
320.0,-350.0,2251.4575,0.0
330.0,-350.0,2197.2534,0.0
340.0,-350.0,2143.9058,0.0
350.0,-350.0,2091.4116,0.0
360.0,-350.0,2039.7698,0.0
370.0,-350.0,1988.979,0.0
380.0,-350.0,1939.0347,0.0
390.0,-350.0,1889.938,0.0
400.0,-350.0,1841.6838,0.0
410.0,-350.0,1794.2717,0.0
420.0,-350.0,1747.6997,0.0
430.0,-350.0,1701.9657,0.0
440.0,-350.0,1657.0665,0.0
450.0,-350.0,1613.0017,0.0
460.0,-350.0,1569.7688,0.0
470.0,-350.0,1527.3668,0.0
480.0,-350.0,1485.7932,0.0
490.0,-350.0,1445.0452,0.0
500.0,-350.0,1405.123,0.0
510.0,-350.0,1366.023,0.0
520.0,-350.0,1327.7446,0.0
530.0,-350.0,1290.2854,0.0
540.0,-350.0,1253.6445,0.0
550.0,-350.0,1217.8193,0.0
560.0,-350.0,1182.8086,0.0
570.0,-350.0,1148.6113,0.0
580.0,-350.0,1115.2244,0.0
590.0,-350.0,1082.6475,0.0
600.0,-350.0,1050.8782,0.0
610.0,-350.0,1019.9156,0.0
620.0,-350.0,989.7581,0.0
630.0,-350.0,960.40344,0.0
640.0,-350.0,931.8508,0.0
650.0,-350.0,904.099,0.0
660.0,-350.0,877.1455,0.0
670.0,-350.0,850.98975,0.0
680.0,-350.0,825.6294,0.0
690.0,-350.0,801.0641,0.0
700.0,-350.0,777.2914,0.0
710.0,-350.0,754.31116,0.0
720.0,-350.0,732.1212,0.0
730.0,-350.0,710.72015,0.0
740.0,-350.0,690.1063,0.0
750.0,-350.0,670.27905,0.0
760.0,-350.0,651.2369,0.0
770.0,-350.0,632.97876,0.0
780.0,-350.0,615.5022,0.0
790.0,-350.0,598.80774,0.0
800.0,-350.0,582.89294,0.0
810.0,-350.0,567.7566,0.0
820.0,-350.0,553.39746,0.0
830.0,-350.0,539.8155,0.0
840.0,-350.0,527.008,0.0
850.0,-350.0,514.97424,0.0
860.0,-350.0,503.71338,0.0
870.0,-350.0,493.2236,0.0
880.0,-350.0,483.5042,0.0
890.0,-350.0,474.5541,0.0
900.0,-350.0,466.3722,0.0
910.0,-350.0,458.9573,0.0
920.0,-350.0,452.308,0.0
930.0,-350.0,446.42297,0.0
940.0,-350.0,441.30222,0.0
950.0,-350.0,436.94366,0.0
960.0,-350.0,433.34647,0.0
970.0,-350.0,430.51016,0.0
980.0,-350.0,428.43243,0.0
990.0,-350.0,427.11337,0.0
1000.0,-350.0,426.55173,0.0
1010.0,-350.0,426.74582,0.0
1020.0,-350.0,427.69525,0.0
1030.0,-350.0,429.39868,0.0
1040.0,-350.0,431.85504,0.0
1050.0,-350.0,435.06427,0.0
1060.0,-350.0,439.0241,0.0
1070.0,-350.0,443.73422,0.0
1080.0,-350.0,449.1936,0.0
1090.0,-350.0,455.40097,0.0
1100.0,-350.0,462.35574,0.0
1110.0,-350.0,470.0564,0.0
1120.0,-350.0,478.50214,0.0
1130.0,-350.0,487.6929,0.0
1140.0,-350.0,497.62622,0.0
1150.0,-350.0,508.3019,0.0
1160.0,-350.0,519.71735,0.0
1170.0,-350.0,531.8742,0.0
1180.0,-350.0,544.77234,0.0
1190.0,-350.0,558.40845,0.0
1200.0,-350.0,572.78156,0.0
1210.0,-350.0,587.8923,0.0
1220.0,-350.0,603.7385,0.0
1230.0,-350.0,620.31946,0.0
1240.0,-350.0,637.63403,0.0
1250.0,-350.0,655.68256,0.0
1260.0,-350.0,674.4625,0.0
1270.0,-350.0,693.974,0.0
1280.0,-350.0,714.21497,0.0
1290.0,-350.0,735.18616,0.0
1300.0,-350.0,756.885,0.0
1310.0,-350.0,779.3115,0.0
1320.0,-350.0,802.4641,0.0
1330.0,-350.0,826.3425,0.0
1340.0,-350.0,850.9459,0.0
1350.0,-350.0,876.2733,0.0
1360.0,-350.0,902.32434,0.0
1370.0,-350.0,929.09576,0.0
1380.0,-350.0,956.58856,0.0
1390.0,-350.0,984.8012,0.0
1400.0,-350.0,1013.73303,0.0
1410.0,-350.0,1043.3827,0.0
1420.0,-350.0,1073.75,0.0
1430.0,-350.0,1104.8337,0.0
1440.0,-350.0,1136.6316,0.0
1450.0,-350.0,1169.1451,0.0
1460.0,-350.0,1202.3717,0.0
1470.0,-350.0,1236.3093,0.0
1480.0,-350.0,1270.96,0.0
1490.0,-350.0,1306.3202,0.0
1500.0,-350.0,1342.3904,0.0
1510.0,-350.0,1379.1688,0.0
1520.0,-350.0,1416.6545,0.0
1530.0,-350.0,1454.8464,0.0
1540.0,-350.0,1493.7443,0.0
1550.0,-350.0,1533.3464,0.0
1560.0,-350.0,1573.6519,0.0
1570.0,-350.0,1614.6597,0.0
1580.0,-350.0,1656.3693,0.0
1590.0,-350.0,1698.7795,0.0
1600.0,-350.0,1741.8887,0.0
1610.0,-350.0,1785.6965,0.0
1620.0,-350.0,1830.2002,0.0
1630.0,-350.0,1875.4012,0.0
1640.0,-350.0,1921.2947,0.0
1650.0,-350.0,1967.8838,0.0
1660.0,-350.0,2015.165,0.0
1670.0,-350.0,2063.1377,0.0
1680.0,-350.0,2111.8022,0.0
1690.0,-350.0,2161.1543,0.0
1700.0,-350.0,2211.1958,0.0
1710.0,-350.0,2261.9233,0.0
1720.0,-350.0,2313.3376,0.0
1730.0,-350.0,2365.4358,0.0
1740.0,-350.0,2418.2173,0.0
1750.0,-350.0,2471.6812,0.0
1760.0,-350.0,2525.8267,0.0
1770.0,-350.0,2580.6523,0.0
1780.0,-350.0,2636.1553,0.0
1790.0,-350.0,2692.3374,0.0
1800.0,-350.0,2749.1926,0.0
-200.0,-340.0,6508.474,0.0
-190.0,-340.0,6402.0947,0.0
-180.0,-340.0,6296.7754,0.0
-170.0,-340.0,6192.517,0.0
-160.0,-340.0,6089.3115,0.0
-150.0,-340.0,5987.1577,0.0
-140.0,-340.0,5886.0483,0.0
-130.0,-340.0,5785.979,0.0
-120.0,-340.0,5686.9478,0.0
-110.0,-340.0,5588.949,0.0
-100.0,-340.0,5491.98,0.0
-90.0,-340.0,5396.035,0.0
-80.0,-340.0,5301.11,0.0
-70.0,-340.0,5207.2,0.0
-60.0,-340.0,5114.3027,0.0
-50.0,-340.0,5022.4155,0.0
-40.0,-340.0,4931.5283,0.0
-30.0,-340.0,4841.6475,0.0
-20.0,-340.0,4752.7593,0.0
-10.0,-340.0,4664.866,0.0
0.0,-340.0,4577.964,0.0
10.0,-340.0,4492.0454,0.0
20.0,-340.0,4407.108,0.0
30.0,-340.0,4323.1514,0.0
40.0,-340.0,4240.168,0.0
50.0,-340.0,4158.1562,0.0
60.0,-340.0,4077.1143,0.0
70.0,-340.0,3997.0361,0.0
80.0,-340.0,3917.919,0.0
90.0,-340.0,3839.7622,0.0
100.0,-340.0,3762.5576,0.0
110.0,-340.0,3686.3066,0.0
120.0,-340.0,3611.004,0.0
130.0,-340.0,3536.6465,0.0
140.0,-340.0,3463.2305,0.0
150.0,-340.0,3390.754,0.0
160.0,-340.0,3319.2153,0.0
170.0,-340.0,3248.609,0.0
180.0,-340.0,3178.9324,0.0
190.0,-340.0,3110.1833,0.0
200.0,-340.0,3042.36,0.0
210.0,-340.0,2975.458,0.0
220.0,-340.0,2909.4746,0.0
230.0,-340.0,2844.4077,0.0
240.0,-340.0,2780.2542,0.0
250.0,-340.0,2717.0112,0.0
260.0,-340.0,2654.6765,0.0
270.0,-340.0,2593.2473,0.0
280.0,-340.0,2532.7217,0.0
290.0,-340.0,2473.0962,0.0
300.0,-340.0,2414.3687,0.0
310.0,-340.0,2356.5366,0.0
320.0,-340.0,2299.5972,0.0
330.0,-340.0,2243.548,0.0
340.0,-340.0,2188.3875,0.0
350.0,-340.0,2134.1128,0.0
360.0,-340.0,2080.722,0.0
370.0,-340.0,2028.2122,0.0
380.0,-340.0,1976.581,0.0
390.0,-340.0,1925.8276,0.0
400.0,-340.0,1875.9474,0.0
410.0,-340.0,1826.9403,0.0
420.0,-340.0,1778.8032,0.0
430.0,-340.0,1731.5339,0.0
440.0,-340.0,1685.1313,0.0
450.0,-340.0,1639.5911,0.0
460.0,-340.0,1594.9138,0.0
470.0,-340.0,1551.0955,0.0
480.0,-340.0,1508.135,0.0
490.0,-340.0,1466.0308,0.0
500.0,-340.0,1424.7802,0.0
510.0,-340.0,1384.3817,0.0
520.0,-340.0,1344.8335,0.0
530.0,-340.0,1306.133,0.0
540.0,-340.0,1268.2793,0.0
550.0,-340.0,1231.2695,0.0
560.0,-340.0,1195.1033,0.0
570.0,-340.0,1159.7778,0.0
580.0,-340.0,1125.2913,0.0
590.0,-340.0,1091.6426,0.0
600.0,-340.0,1058.8291,0.0
610.0,-340.0,1026.8505,0.0
620.0,-340.0,995.7044,0.0
630.0,-340.0,965.38855,0.0
640.0,-340.0,935.9022,0.0
650.0,-340.0,907.2434,0.0
660.0,-340.0,879.4103,0.0
670.0,-340.0,852.4021,0.0
680.0,-340.0,826.21655,0.0
690.0,-340.0,800.8518,0.0
700.0,-340.0,776.3074,0.0
710.0,-340.0,752.58154,0.0
720.0,-340.0,729.67206,0.0
730.0,-340.0,707.5782,0.0
740.0,-340.0,686.2986,0.0
750.0,-340.0,665.8315,0.0
760.0,-340.0,646.1748,0.0
770.0,-340.0,627.3289,0.0
780.0,-340.0,609.29065,0.0
790.0,-340.0,592.0596,0.0
800.0,-340.0,575.6343,0.0
810.0,-340.0,560.013,0.0
820.0,-340.0,545.19476,0.0
830.0,-340.0,531.1787,0.0
840.0,-340.0,517.9631,0.0
850.0,-340.0,505.54657,0.0
860.0,-340.0,493.92758,0.0
870.0,-340.0,483.10547,0.0
880.0,-340.0,473.07855,0.0
890.0,-340.0,463.8462,0.0
900.0,-340.0,455.40637,0.0
910.0,-340.0,447.75867,0.0
920.0,-340.0,440.90118,0.0
930.0,-340.0,434.83295,0.0
940.0,-340.0,429.5537,0.0
950.0,-340.0,425.06088,0.0
960.0,-340.0,421.35437,0.0
970.0,-340.0,418.4325,0.0
980.0,-340.0,416.2941,0.0
990.0,-340.0,414.93848,0.0
1000.0,-340.0,414.36444,0.0
1010.0,-340.0,414.5706,0.0
1020.0,-340.0,415.5558,0.0
1030.0,-340.0,417.31906,0.0
1040.0,-340.0,419.85986,0.0
1050.0,-340.0,423.17612,0.0
1060.0,-340.0,427.268,0.0
1070.0,-340.0,432.13318,0.0
1080.0,-340.0,437.77124,0.0
1090.0,-340.0,444.18152,0.0
1100.0,-340.0,451.3625,0.0
1110.0,-340.0,459.31293,0.0
1120.0,-340.0,468.03223,0.0
1130.0,-340.0,477.51953,0.0
1140.0,-340.0,487.77295,0.0
1150.0,-340.0,498.79077,0.0
1160.0,-340.0,510.57294,0.0
1170.0,-340.0,523.1204,0.0
1180.0,-340.0,536.43066,0.0
1190.0,-340.0,550.5023,0.0
1200.0,-340.0,565.3344,0.0
1210.0,-340.0,580.92664,0.0
1220.0,-340.0,597.2771,0.0
1230.0,-340.0,614.3857,0.0
1240.0,-340.0,632.2506,0.0
1250.0,-340.0,650.8712,0.0
1260.0,-340.0,670.2468,0.0
1270.0,-340.0,690.3766,0.0
1280.0,-340.0,711.2583,0.0
1290.0,-340.0,732.89246,0.0
1300.0,-340.0,755.27673,0.0
1310.0,-340.0,778.4108,0.0
1320.0,-340.0,802.29333,0.0
1330.0,-340.0,826.92444,0.0
1340.0,-340.0,852.30286,0.0
1350.0,-340.0,878.4271,0.0
1360.0,-340.0,905.29553,0.0
1370.0,-340.0,932.90845,0.0
1380.0,-340.0,961.2641,0.0
1390.0,-340.0,990.36145,0.0
1400.0,-340.0,1020.1998,0.0
1410.0,-340.0,1050.7776,0.0
1420.0,-340.0,1082.095,0.0
1430.0,-340.0,1114.15,0.0
1440.0,-340.0,1146.9415,0.0
1450.0,-340.0,1180.4697,0.0
1460.0,-340.0,1214.7322,0.0
1470.0,-340.0,1249.7288,0.0
1480.0,-340.0,1285.4583,0.0
1490.0,-340.0,1321.9186,0.0
1500.0,-340.0,1359.1102,0.0
1510.0,-340.0,1397.031,0.0
1520.0,-340.0,1435.6809,0.0
1530.0,-340.0,1475.0576,0.0
1540.0,-340.0,1515.1616,0.0
1550.0,-340.0,1555.9907,0.0
1560.0,-340.0,1597.5449,0.0
1570.0,-340.0,1639.8214,0.0
1580.0,-340.0,1682.8198,0.0
1590.0,-340.0,1726.5396,0.0
1600.0,-340.0,1770.98,0.0
1610.0,-340.0,1816.1367,0.0
1620.0,-340.0,1862.013,0.0
1630.0,-340.0,1908.6041,0.0
1640.0,-340.0,1955.9102,0.0
1650.0,-340.0,2003.9313,0.0
1660.0,-340.0,2052.6655,0.0
1670.0,-340.0,2102.112,0.0
1680.0,-340.0,2152.267,0.0
1690.0,-340.0,2203.1328,0.0
1700.0,-340.0,2254.7063,0.0
1710.0,-340.0,2306.9856,0.0
1720.0,-340.0,2359.972,0.0
1730.0,-340.0,2413.6611,0.0
1740.0,-340.0,2468.0532,0.0
1750.0,-340.0,2523.1467,0.0
1760.0,-340.0,2578.9417,0.0
1770.0,-340.0,2635.436,0.0
1780.0,-340.0,2692.6255,0.0
1790.0,-340.0,2750.515,0.0
1800.0,-340.0,2809.0964,0.0
-200.0,-330.0,6716.9883,0.0
-190.0,-330.0,6606.4736,0.0
-180.0,-330.0,6497.073,0.0
-170.0,-330.0,6388.7793,0.0
-160.0,-330.0,6281.592,0.0
-150.0,-330.0,6175.5024,0.0
-140.0,-330.0,6070.5073,0.0
-130.0,-330.0,5966.6016,0.0
-120.0,-330.0,5863.782,0.0
-110.0,-330.0,5762.043,0.0
-100.0,-330.0,5661.378,0.0
-90.0,-330.0,5561.7856,0.0
-80.0,-330.0,5463.2607,0.0
-70.0,-330.0,5365.7983,0.0
-60.0,-330.0,5269.3916,0.0
-50.0,-330.0,5174.039,0.0
-40.0,-330.0,5079.7354,0.0
-30.0,-330.0,4986.4785,0.0
-20.0,-330.0,4894.2617,0.0
-10.0,-330.0,4803.082,0.0
0.0,-330.0,4712.936,0.0
10.0,-330.0,4623.8184,0.0
20.0,-330.0,4535.725,0.0
30.0,-330.0,4448.6533,0.0
40.0,-330.0,4362.599,0.0
50.0,-330.0,4277.5576,0.0
60.0,-330.0,4193.5254,0.0
70.0,-330.0,4110.499,0.0
80.0,-330.0,4028.4766,0.0
90.0,-330.0,3947.4531,0.0
100.0,-330.0,3867.4229,0.0
110.0,-330.0,3788.3857,0.0
120.0,-330.0,3710.336,0.0
130.0,-330.0,3633.271,0.0
140.0,-330.0,3557.1868,0.0
150.0,-330.0,3482.0806,0.0
160.0,-330.0,3407.9507,0.0
170.0,-330.0,3334.7915,0.0
180.0,-330.0,3262.601,0.0
190.0,-330.0,3191.375,0.0
200.0,-330.0,3121.111,0.0
210.0,-330.0,3051.8071,0.0
220.0,-330.0,2983.4578,0.0
230.0,-330.0,2916.0615,0.0
240.0,-330.0,2849.6157,0.0
250.0,-330.0,2784.1152,0.0
260.0,-330.0,2719.5605,0.0
270.0,-330.0,2655.9473,0.0
280.0,-330.0,2593.272,0.0
290.0,-330.0,2531.5327,0.0
300.0,-330.0,2470.7258,0.0
310.0,-330.0,2410.8494,0.0
320.0,-330.0,2351.9004,0.0
330.0,-330.0,2293.8765,0.0
340.0,-330.0,2236.7747,0.0
350.0,-330.0,2180.5928,0.0
360.0,-330.0,2125.329,0.0
370.0,-330.0,2070.9788,0.0
380.0,-330.0,2017.5416,0.0
390.0,-330.0,1965.0144,0.0
400.0,-330.0,1913.3943,0.0
410.0,-330.0,1862.6793,0.0
420.0,-330.0,1812.8678,0.0
430.0,-330.0,1763.9568,0.0
440.0,-330.0,1715.944,0.0
450.0,-330.0,1668.8267,0.0
460.0,-330.0,1622.6028,0.0
470.0,-330.0,1577.271,0.0
480.0,-330.0,1532.8279,0.0
490.0,-330.0,1489.2726,0.0
500.0,-330.0,1446.6017,0.0
510.0,-330.0,1404.8151,0.0
520.0,-330.0,1363.9087,0.0
530.0,-330.0,1323.8813,0.0
540.0,-330.0,1284.7306,0.0
550.0,-330.0,1246.4558,0.0
560.0,-330.0,1209.0542,0.0
570.0,-330.0,1172.5233,0.0
580.0,-330.0,1136.8613,0.0
590.0,-330.0,1102.0674,0.0
600.0,-330.0,1068.1387,0.0
610.0,-330.0,1035.0743,0.0
620.0,-330.0,1002.8722,0.0
630.0,-330.0,971.5294,0.0
640.0,-330.0,941.0453,0.0
650.0,-330.0,911.4182,0.0
660.0,-330.0,882.646,0.0
670.0,-330.0,854.72705,0.0
680.0,-330.0,827.66003,0.0
690.0,-330.0,801.4426,0.0
700.0,-330.0,776.0739,0.0
710.0,-330.0,751.55176,0.0
720.0,-330.0,727.8749,0.0
730.0,-330.0,705.04205,0.0
740.0,-330.0,683.05054,0.0
750.0,-330.0,661.9003,0.0
760.0,-330.0,641.5888,0.0
770.0,-330.0,622.115,0.0
780.0,-330.0,603.4769,0.0
790.0,-330.0,585.6737,0.0
800.0,-330.0,568.7036,0.0
810.0,-330.0,552.5653,0.0
820.0,-330.0,537.25696,0.0
830.0,-330.0,522.7782,0.0
840.0,-330.0,509.127,0.0
850.0,-330.0,496.30164,0.0
860.0,-330.0,484.30127,0.0
870.0,-330.0,473.12433,0.0
880.0,-330.0,462.76953,0.0
890.0,-330.0,453.2357,0.0
900.0,-330.0,444.52136,0.0
910.0,-330.0,436.62512,0.0
920.0,-330.0,429.54623,0.0
930.0,-330.0,423.28265,0.0
940.0,-330.0,417.83383,0.0
950.0,-330.0,413.1983,0.0
960.0,-330.0,409.37488,0.0
970.0,-330.0,406.362,0.0
980.0,-330.0,404.15903,0.0
990.0,-330.0,402.76465,0.0
1000.0,-330.0,402.17706,0.0
1010.0,-330.0,402.3958,0.0
1020.0,-330.0,403.4192,0.0
1030.0,-330.0,405.24652,0.0
1040.0,-330.0,407.8767,0.0
1050.0,-330.0,411.3082,0.0
1060.0,-330.0,415.53955,0.0
1070.0,-330.0,420.5705,0.0
1080.0,-330.0,426.3994,0.0
1090.0,-330.0,433.02545,0.0
1100.0,-330.0,440.4474,0.0
1110.0,-330.0,448.66418,0.0
1120.0,-330.0,457.67456,0.0
1130.0,-330.0,467.47742,0.0
1140.0,-330.0,478.07153,0.0
1150.0,-330.0,489.45465,0.0
1160.0,-330.0,501.6277,0.0
1170.0,-330.0,514.5903,0.0
1180.0,-330.0,528.33997,0.0
1190.0,-330.0,542.87555,0.0
1200.0,-330.0,558.1964,0.0
1210.0,-330.0,574.30176,0.0
1220.0,-330.0,591.18964,0.0
1230.0,-330.0,608.85944,0.0
1240.0,-330.0,627.3102,0.0
1250.0,-330.0,646.5412,0.0
1260.0,-330.0,666.5504,0.0
1270.0,-330.0,687.338,0.0
1280.0,-330.0,708.90173,0.0
1290.0,-330.0,731.24146,0.0
1300.0,-330.0,754.35583,0.0
1310.0,-330.0,778.24316,0.0
1320.0,-330.0,802.90326,0.0
1330.0,-330.0,828.3356,0.0
1340.0,-330.0,854.5387,0.0
1350.0,-330.0,881.5103,0.0
1360.0,-330.0,909.2505,0.0
1370.0,-330.0,937.7582,0.0
1380.0,-330.0,967.032,0.0
1390.0,-330.0,997.07074,0.0
1400.0,-330.0,1027.8735,0.0
1410.0,-330.0,1059.44,0.0
1420.0,-330.0,1091.7676,0.0
1430.0,-330.0,1124.8567,0.0
1440.0,-330.0,1158.7057,0.0
1450.0,-330.0,1193.3129,0.0
1460.0,-330.0,1228.6785,0.0
1470.0,-330.0,1264.8,0.0
1480.0,-330.0,1301.677,0.0
1490.0,-330.0,1339.308,0.0
1500.0,-330.0,1377.6936,0.0
1510.0,-330.0,1416.8307,0.0
1520.0,-330.0,1456.7175,0.0
1530.0,-330.0,1497.356,0.0
1540.0,-330.0,1538.7426,0.0
1550.0,-330.0,1580.8767,0.0
1560.0,-330.0,1623.7571,0.0
1570.0,-330.0,1667.3837,0.0
1580.0,-330.0,1711.7527,0.0
1590.0,-330.0,1756.8652,0.0
1600.0,-330.0,1802.7191,0.0
1610.0,-330.0,1849.3129,0.0
1620.0,-330.0,1896.647,0.0
1630.0,-330.0,1944.717,0.0
1640.0,-330.0,1993.5258,0.0
1650.0,-330.0,2043.0701,0.0
1660.0,-330.0,2093.348,0.0
1670.0,-330.0,2144.359,0.0
1680.0,-330.0,2196.1003,0.0
1690.0,-330.0,2248.5737,0.0
1700.0,-330.0,2301.7756,0.0
1710.0,-330.0,2355.7036,0.0
1720.0,-330.0,2410.3604,0.0
1730.0,-330.0,2465.74,0.0
1740.0,-330.0,2521.8447,0.0
1750.0,-330.0,2578.6697,0.0
1760.0,-330.0,2636.2175,0.0
1770.0,-330.0,2694.4827,0.0
1780.0,-330.0,2753.4673,0.0
1790.0,-330.0,2813.1675,0.0
1800.0,-330.0,2873.583,0.0
-200.0,-320.0,6942.373,0.0
-190.0,-320.0,6827.382,0.0
-180.0,-320.0,6713.5596,0.0
-170.0,-320.0,6600.9033,0.0
-160.0,-320.0,6489.4053,0.0
-150.0,-320.0,6379.059,0.0
-140.0,-320.0,6269.8613,0.0
-130.0,-320.0,6161.807,0.0
-120.0,-320.0,6054.8906,0.0
-110.0,-320.0,5949.1074,0.0
-100.0,-320.0,5844.45,0.0
-90.0,-320.0,5740.915,0.0
-80.0,-320.0,5638.502,0.0
-70.0,-320.0,5537.1978,0.0
-60.0,-320.0,5437.002,0.0
-50.0,-320.0,5337.91,0.0
-40.0,-320.0,5239.9155,0.0
-30.0,-320.0,5143.0166,0.0
-20.0,-320.0,5047.2065,0.0
-10.0,-320.0,4952.4805,0.0
0.0,-320.0,4858.837,0.0
10.0,-320.0,4766.2666,0.0
20.0,-320.0,4674.7705,0.0
30.0,-320.0,4584.341,0.0
40.0,-320.0,4494.9736,0.0
50.0,-320.0,4406.664,0.0
60.0,-320.0,4319.411,0.0
70.0,-320.0,4233.2085,0.0
80.0,-320.0,4148.0537,0.0
90.0,-320.0,4063.9414,0.0
100.0,-320.0,3980.8677,0.0
110.0,-320.0,3898.8293,0.0
120.0,-320.0,3817.822,0.0
130.0,-320.0,3737.8428,0.0
140.0,-320.0,3658.8855,0.0
150.0,-320.0,3580.9502,0.0
160.0,-320.0,3504.0312,0.0
170.0,-320.0,3428.1245,0.0
180.0,-320.0,3353.228,0.0
190.0,-320.0,3279.3381,0.0
200.0,-320.0,3206.4507,0.0
210.0,-320.0,3134.561,0.0
220.0,-320.0,3063.669,0.0
230.0,-320.0,2993.7693,0.0
240.0,-320.0,2924.859,0.0
250.0,-320.0,2856.9326,0.0
260.0,-320.0,2789.9917,0.0
270.0,-320.0,2724.0308,0.0
280.0,-320.0,2659.046,0.0
290.0,-320.0,2595.036,0.0
300.0,-320.0,2531.9958,0.0
310.0,-320.0,2469.9233,0.0
320.0,-320.0,2408.8164,0.0
330.0,-320.0,2348.6719,0.0
340.0,-320.0,2289.4858,0.0
350.0,-320.0,2231.2568,0.0
360.0,-320.0,2173.9817,0.0
370.0,-320.0,2117.6572,0.0
380.0,-320.0,2062.2817,0.0
390.0,-320.0,2007.8516,0.0
400.0,-320.0,1954.3646,0.0
410.0,-320.0,1901.8179,0.0
420.0,-320.0,1850.2096,0.0
430.0,-320.0,1799.5366,0.0
440.0,-320.0,1749.7971,0.0
450.0,-320.0,1700.9882,0.0
460.0,-320.0,1653.1067,0.0
470.0,-320.0,1606.1514,0.0
480.0,-320.0,1560.1202,0.0
490.0,-320.0,1515.009,0.0
500.0,-320.0,1470.8165,0.0
510.0,-320.0,1427.5409,0.0
520.0,-320.0,1385.1794,0.0
530.0,-320.0,1343.7302,0.0
540.0,-320.0,1303.1917,0.0
550.0,-320.0,1263.56,0.0
560.0,-320.0,1224.834,0.0
570.0,-320.0,1187.0125,0.0
580.0,-320.0,1150.0924,0.0
590.0,-320.0,1114.072,0.0
600.0,-320.0,1078.9492,0.0
610.0,-320.0,1044.7219,0.0
620.0,-320.0,1011.3882,0.0
630.0,-320.0,978.9463,0.0
640.0,-320.0,947.3949,0.0
650.0,-320.0,916.73096,0.0
660.0,-320.0,886.95325,0.0
670.0,-320.0,858.0598,0.0
680.0,-320.0,830.0495,0.0
690.0,-320.0,802.91943,0.0
700.0,-320.0,776.6688,0.0
710.0,-320.0,751.2949,0.0
720.0,-320.0,726.7969,0.0
730.0,-320.0,703.1727,0.0
740.0,-320.0,680.42096,0.0
750.0,-320.0,658.5394,0.0
760.0,-320.0,637.5272,0.0
770.0,-320.0,617.38226,0.0
780.0,-320.0,598.1029,0.0
790.0,-320.0,579.6875,0.0
800.0,-320.0,562.1349,0.0
810.0,-320.0,545.44385,0.0
820.0,-320.0,529.61206,0.0
830.0,-320.0,514.63794,0.0
840.0,-320.0,500.52087,0.0
850.0,-320.0,487.25888,0.0
860.0,-320.0,474.85092,0.0
870.0,-320.0,463.29443,0.0
880.0,-320.0,452.58887,0.0
890.0,-320.0,442.7331,0.0
900.0,-320.0,433.7251,0.0
910.0,-320.0,425.5637,0.0
920.0,-320.0,418.24792,0.0
930.0,-320.0,411.77545,0.0
940.0,-320.0,406.14575,0.0
950.0,-320.0,401.35754,0.0
960.0,-320.0,397.40936,0.0
970.0,-320.0,394.2998,0.0
980.0,-320.0,392.0277,0.0
990.0,-320.0,390.59125,0.0
1000.0,-320.0,389.9901,0.0
1010.0,-320.0,390.2221,0.0
1020.0,-320.0,391.28644,0.0
1030.0,-320.0,393.1818,0.0
1040.0,-320.0,395.90723,0.0
1050.0,-320.0,399.46103,0.0
1060.0,-320.0,403.8426,0.0
1070.0,-320.0,409.0504,0.0
1080.0,-320.0,415.08282,0.0
1090.0,-320.0,421.9397,0.0
1100.0,-320.0,429.61884,0.0
1110.0,-320.0,438.11987,0.0
1120.0,-320.0,447.44043,0.0
1130.0,-320.0,457.58057,0.0
1140.0,-320.0,468.53784,0.0
1150.0,-320.0,480.31116,0.0
1160.0,-320.0,492.90228,0.0
1170.0,-320.0,506.30725,0.0
1180.0,-320.0,520.52576,0.0
1190.0,-320.0,535.5567,0.0
1200.0,-320.0,551.3993,0.0
1210.0,-320.0,568.0514,0.0
1220.0,-320.0,585.51306,0.0
1230.0,-320.0,603.7822,0.0
1240.0,-320.0,622.85767,0.0
1250.0,-320.0,642.7394,0.0
1260.0,-320.0,663.4252,0.0
1270.0,-320.0,684.91516,0.0
1280.0,-320.0,707.2063,0.0
1290.0,-320.0,730.2986,0.0
1300.0,-320.0,754.19104,0.0
1310.0,-320.0,778.8829,0.0
1320.0,-320.0,804.3727,0.0
1330.0,-320.0,830.6591,0.0
1340.0,-320.0,857.74084,0.0
1350.0,-320.0,885.61707,0.0
1360.0,-320.0,914.2869,0.0
1370.0,-320.0,943.74866,0.0
1380.0,-320.0,974.002,0.0
1390.0,-320.0,1005.0443,0.0
1400.0,-320.0,1036.8759,0.0
1410.0,-320.0,1069.4956,0.0
1420.0,-320.0,1102.9014,0.0
1430.0,-320.0,1137.0928,0.0
1440.0,-320.0,1172.0684,0.0
1450.0,-320.0,1207.8269,0.0
1460.0,-320.0,1244.3679,0.0
1470.0,-320.0,1281.6893,0.0
1480.0,-320.0,1319.7902,0.0
1490.0,-320.0,1358.6697,0.0
1500.0,-320.0,1398.3262,0.0
1510.0,-320.0,1438.7585,0.0
1520.0,-320.0,1479.9664,0.0
1530.0,-320.0,1521.9475,0.0
1540.0,-320.0,1564.701,0.0
1550.0,-320.0,1608.2256,0.0
1560.0,-320.0,1652.521,0.0
1570.0,-320.0,1697.5837,0.0
1580.0,-320.0,1743.4136,0.0
1590.0,-320.0,1790.0098,0.0
1600.0,-320.0,1837.3711,0.0
1610.0,-320.0,1885.4956,0.0
1620.0,-320.0,1934.3828,0.0
1630.0,-320.0,1984.0303,0.0
1640.0,-320.0,2034.4384,0.0
1650.0,-320.0,2085.6028,0.0
1660.0,-320.0,2137.525,0.0
1670.0,-320.0,2190.2026,0.0
1680.0,-320.0,2243.6345,0.0
1690.0,-320.0,2297.8193,0.0
1700.0,-320.0,2352.755,0.0
1710.0,-320.0,2408.439,0.0
1720.0,-320.0,2464.873,0.0
1730.0,-320.0,2522.053,0.0
1740.0,-320.0,2579.9785,0.0
1750.0,-320.0,2638.649,0.0
1760.0,-320.0,2698.0613,0.0
1770.0,-320.0,2758.2139,0.0
1780.0,-320.0,2819.106,0.0
1790.0,-320.0,2880.7363,0.0
1800.0,-320.0,2943.101,0.0
-200.0,-310.0,7186.664,0.0
-190.0,-310.0,7066.8096,0.0
-180.0,-310.0,6948.1865,0.0
-170.0,-310.0,6830.7876,0.0
-160.0,-310.0,6714.6104,0.0
-150.0,-310.0,6599.6445,0.0
-140.0,-310.0,6485.8867,0.0
-130.0,-310.0,6373.329,0.0
-120.0,-310.0,6261.969,0.0
-110.0,-310.0,6151.8,0.0
-100.0,-310.0,6042.8154,0.0
-90.0,-310.0,5935.009,0.0
-80.0,-310.0,5828.378,0.0
-70.0,-310.0,5722.91,0.0
-60.0,-310.0,5618.6123,0.0
-50.0,-310.0,5515.4688,0.0
-40.0,-310.0,5413.4746,0.0
-30.0,-310.0,5312.632,0.0
-20.0,-310.0,5212.9316,0.0
-10.0,-310.0,5114.368,0.0
0.0,-310.0,5016.9365,0.0
10.0,-310.0,4920.634,0.0
20.0,-310.0,4825.452,0.0
30.0,-310.0,4731.3906,0.0
40.0,-310.0,4638.4404,0.0
50.0,-310.0,4546.5996,0.0
60.0,-310.0,4455.8657,0.0
70.0,-310.0,4366.2285,0.0
80.0,-310.0,4277.689,0.0
90.0,-310.0,4190.2397,0.0
100.0,-310.0,4103.8774,0.0
110.0,-310.0,4018.5974,0.0
120.0,-310.0,3934.396,0.0
130.0,-310.0,3851.2688,0.0
140.0,-310.0,3769.2114,0.0
150.0,-310.0,3688.2197,0.0
160.0,-310.0,3608.292,0.0
170.0,-310.0,3529.4224,0.0
180.0,-310.0,3451.6064,0.0
190.0,-310.0,3374.8408,0.0
200.0,-310.0,3299.1223,0.0
210.0,-310.0,3224.4478,0.0
220.0,-310.0,3150.8118,0.0
230.0,-310.0,3078.2124,0.0
240.0,-310.0,3006.6445,0.0
250.0,-310.0,2936.1052,0.0
260.0,-310.0,2866.5928,0.0
270.0,-310.0,2798.102,0.0
280.0,-310.0,2730.6287,0.0
290.0,-310.0,2664.1719,0.0
300.0,-310.0,2598.727,0.0
310.0,-310.0,2534.2905,0.0
320.0,-310.0,2470.8591,0.0
330.0,-310.0,2408.4312,0.0
340.0,-310.0,2347.0017,0.0
350.0,-310.0,2286.5696,0.0
360.0,-310.0,2227.1304,0.0
370.0,-310.0,2168.6812,0.0
380.0,-310.0,2111.2197,0.0
390.0,-310.0,2054.7427,0.0
400.0,-310.0,1999.2468,0.0
410.0,-310.0,1944.7302,0.0
420.0,-310.0,1891.1903,0.0
430.0,-310.0,1838.6228,0.0
440.0,-310.0,1787.0266,0.0
450.0,-310.0,1736.398,0.0
460.0,-310.0,1686.7351,0.0
470.0,-310.0,1638.035,0.0
480.0,-310.0,1590.2952,0.0
490.0,-310.0,1543.5127,0.0
500.0,-310.0,1497.6853,0.0
510.0,-310.0,1452.8105,0.0
520.0,-310.0,1408.8859,0.0
530.0,-310.0,1365.9094,0.0
540.0,-310.0,1323.8784,0.0
550.0,-310.0,1282.7906,0.0
560.0,-310.0,1242.644,0.0
570.0,-310.0,1203.4363,0.0
580.0,-310.0,1165.1647,0.0
590.0,-310.0,1127.8271,0.0
600.0,-310.0,1091.4219,0.0
610.0,-310.0,1055.947,0.0
620.0,-310.0,1021.39966,0.0
630.0,-310.0,987.7783,0.0
640.0,-310.0,955.0804,0.0
650.0,-310.0,923.30457,0.0
660.0,-310.0,892.4482,0.0
670.0,-310.0,862.50964,0.0
680.0,-310.0,833.4866,0.0
690.0,-310.0,805.37775,0.0
700.0,-310.0,778.181,0.0
710.0,-310.0,751.8936,0.0
720.0,-310.0,726.515,0.0
730.0,-310.0,702.04285,0.0
740.0,-310.0,678.4751,0.0
750.0,-310.0,655.8104,0.0
760.0,-310.0,634.0468,0.0
770.0,-310.0,613.1824,0.0
780.0,-310.0,593.21533,0.0
790.0,-310.0,574.1443,0.0
800.0,-310.0,555.9674,0.0
810.0,-310.0,538.6832,0.0
820.0,-310.0,522.2897,0.0
830.0,-310.0,506.78595,0.0
840.0,-310.0,492.16956,0.0
850.0,-310.0,478.43964,0.0
860.0,-310.0,465.59464,0.0
870.0,-310.0,453.63223,0.0
880.0,-310.0,442.5513,0.0
890.0,-310.0,432.3504,0.0
900.0,-310.0,423.02786,0.0
910.0,-310.0,414.58234,0.0
920.0,-310.0,407.01242,0.0
930.0,-310.0,400.31686,0.0
940.0,-310.0,394.49377,0.0
950.0,-310.0,389.54175,0.0
960.0,-310.0,385.45972,0.0
970.0,-310.0,382.24643,0.0
980.0,-310.0,379.89972,0.0
990.0,-310.0,378.41882,0.0
1000.0,-310.0,377.80255,0.0
1010.0,-310.0,378.04944,0.0
1020.0,-310.0,379.15747,0.0
1030.0,-310.0,381.12543,0.0
1040.0,-310.0,383.95312,0.0
1050.0,-310.0,387.63837,0.0
1060.0,-310.0,392.18002,0.0
1070.0,-310.0,397.57684,0.0
1080.0,-310.0,403.8275,0.0
1090.0,-310.0,410.93082,0.0
1100.0,-310.0,418.8852,0.0
1110.0,-310.0,427.6902,0.0
1120.0,-310.0,437.34332,0.0
1130.0,-310.0,447.84412,0.0
1140.0,-310.0,459.19003,0.0
1150.0,-310.0,471.3813,0.0
1160.0,-310.0,484.41803,0.0
1170.0,-310.0,498.297,0.0
1180.0,-310.0,513.01746,0.0
1190.0,-310.0,528.57825,0.0
1200.0,-310.0,544.978,0.0
1210.0,-310.0,562.2158,0.0
1220.0,-310.0,580.2904,0.0
1230.0,-310.0,599.2002,0.0
1240.0,-310.0,618.9446,0.0
1250.0,-310.0,639.522,0.0
1260.0,-310.0,660.9309,0.0
1270.0,-310.0,683.1711,0.0
1280.0,-310.0,706.2402,0.0
1290.0,-310.0,730.1373,0.0
1300.0,-310.0,754.86255,0.0
1310.0,-310.0,780.4135,0.0
1320.0,-310.0,806.78955,0.0
1330.0,-310.0,833.9893,0.0
1340.0,-310.0,862.0106,0.0
1350.0,-310.0,890.8537,0.0
1360.0,-310.0,920.51654,0.0
1370.0,-310.0,950.9985,0.0
1380.0,-310.0,982.29767,0.0
1390.0,-310.0,1014.4139,0.0
1400.0,-310.0,1047.3445,0.0
1410.0,-310.0,1081.0897,0.0
1420.0,-310.0,1115.6471,0.0
1430.0,-310.0,1151.0168,0.0
1440.0,-310.0,1187.1957,0.0
1450.0,-310.0,1224.1847,0.0
1460.0,-310.0,1261.9808,0.0
1470.0,-310.0,1300.5839,0.0
1480.0,-310.0,1339.9924,0.0
1490.0,-310.0,1380.2048,0.0
1500.0,-310.0,1421.2192,0.0
1510.0,-310.0,1463.0364,0.0
1520.0,-310.0,1505.6539,0.0
1530.0,-310.0,1549.0697,0.0
1540.0,-310.0,1593.2831,0.0
1550.0,-310.0,1638.2921,0.0
1560.0,-310.0,1684.0967,0.0
1570.0,-310.0,1730.6938,0.0
1580.0,-310.0,1778.0837,0.0
1590.0,-310.0,1826.2634,0.0
1600.0,-310.0,1875.235,0.0
1610.0,-310.0,1924.9937,0.0
1620.0,-310.0,1975.5381,0.0
1630.0,-310.0,2026.8691,0.0
1640.0,-310.0,2078.983,0.0
1650.0,-310.0,2131.8796,0.0
1660.0,-310.0,2185.5562,0.0
1670.0,-310.0,2240.0127,0.0
1680.0,-310.0,2295.247,0.0
1690.0,-310.0,2351.2578,0.0
1700.0,-310.0,2408.043,0.0
1710.0,-310.0,2465.602,0.0
1720.0,-310.0,2523.9329,0.0
1730.0,-310.0,2583.0337,0.0
1740.0,-310.0,2642.902,0.0
1750.0,-310.0,2703.538,0.0
1760.0,-310.0,2764.9404,0.0
1770.0,-310.0,2827.105,0.0
1780.0,-310.0,2890.0308,0.0
1790.0,-310.0,2953.7192,0.0
1800.0,-310.0,3018.1638,0.0
-200.0,-300.0,7452.236,0.0
-190.0,-300.0,7327.079,0.0
-180.0,-300.0,7203.2197,0.0
-170.0,-300.0,7080.6567,0.0
-160.0,-300.0,6959.378,0.0
-150.0,-300.0,6839.3804,0.0
-140.0,-300.0,6720.6562,0.0
-130.0,-300.0,6603.197,0.0
-120.0,-300.0,6486.998,0.0
-110.0,-300.0,6372.053,0.0
-100.0,-300.0,6258.3594,0.0
-90.0,-300.0,6145.904,0.0
-80.0,-300.0,6034.6855,0.0
-70.0,-300.0,5924.698,0.0
-60.0,-300.0,5815.9316,0.0
-50.0,-300.0,5708.3833,0.0
-40.0,-300.0,5602.0483,0.0
-30.0,-300.0,5496.9185,0.0
-20.0,-300.0,5392.991,0.0
-10.0,-300.0,5290.259,0.0
0.0,-300.0,5188.7173,0.0
10.0,-300.0,5088.3584,0.0
20.0,-300.0,4989.1797,0.0
30.0,-300.0,4891.177,0.0
40.0,-300.0,4794.3413,0.0
50.0,-300.0,4698.6675,0.0
60.0,-300.0,4604.1543,0.0
70.0,-300.0,4510.797,0.0
80.0,-300.0,4418.586,0.0
90.0,-300.0,4327.5205,0.0
100.0,-300.0,4237.5947,0.0
110.0,-300.0,4148.8027,0.0
120.0,-300.0,4061.1406,0.0
130.0,-300.0,3974.6035,0.0
140.0,-300.0,3889.1868,0.0
150.0,-300.0,3804.8887,0.0
160.0,-300.0,3721.7021,0.0
170.0,-300.0,3639.623,0.0
180.0,-300.0,3558.648,0.0
190.0,-300.0,3478.773,0.0
200.0,-300.0,3399.9917,0.0
210.0,-300.0,3322.3025,0.0
220.0,-300.0,3245.7007,0.0
230.0,-300.0,3170.1816,0.0
240.0,-300.0,3095.7412,0.0
250.0,-300.0,3022.3765,0.0
260.0,-300.0,2950.0835,0.0
270.0,-300.0,2878.8584,0.0
280.0,-300.0,2808.698,0.0
290.0,-300.0,2739.5981,0.0
300.0,-300.0,2671.5547,0.0
310.0,-300.0,2604.564,0.0
320.0,-300.0,2538.6235,0.0
330.0,-300.0,2473.7297,0.0
340.0,-300.0,2409.8787,0.0
350.0,-300.0,2347.0679,0.0
360.0,-300.0,2285.292,0.0
370.0,-300.0,2224.5503,0.0
380.0,-300.0,2164.8384,0.0
390.0,-300.0,2106.1528,0.0
400.0,-300.0,2048.491,0.0
410.0,-300.0,1991.8489,0.0
420.0,-300.0,1936.2251,0.0
430.0,-300.0,1881.6154,0.0
440.0,-300.0,1828.0168,0.0
450.0,-300.0,1775.4277,0.0
460.0,-300.0,1723.844,0.0
470.0,-300.0,1673.2633,0.0
480.0,-300.0,1623.682,0.0
490.0,-300.0,1575.0986,0.0
500.0,-300.0,1527.5095,0.0
510.0,-300.0,1480.9119,0.0
520.0,-300.0,1435.3043,0.0
530.0,-300.0,1390.6829,0.0
540.0,-300.0,1347.0444,0.0
550.0,-300.0,1304.3889,0.0
560.0,-300.0,1262.712,0.0
570.0,-300.0,1222.0115,0.0
580.0,-300.0,1182.2854,0.0
590.0,-300.0,1143.5306,0.0
600.0,-300.0,1105.7452,0.0
610.0,-300.0,1068.9275,0.0
620.0,-300.0,1033.0739,0.0
630.0,-300.0,998.18304,0.0
640.0,-300.0,964.2525,0.0
650.0,-300.0,931.28,0.0
660.0,-300.0,899.26324,0.0
670.0,-300.0,868.20044,0.0
680.0,-300.0,838.089,0.0
690.0,-300.0,808.9273,0.0
700.0,-300.0,780.71313,0.0
710.0,-300.0,753.44415,0.0
720.0,-300.0,727.1185,0.0
730.0,-300.0,701.7344,0.0
740.0,-300.0,677.28973,0.0
750.0,-300.0,653.7827,0.0
760.0,-300.0,631.2114,0.0
770.0,-300.0,609.5737,0.0
780.0,-300.0,588.86755,0.0
790.0,-300.0,569.0923,0.0
800.0,-300.0,550.2447,0.0
810.0,-300.0,532.32324,0.0
820.0,-300.0,515.32715,0.0
830.0,-300.0,499.25397,0.0
840.0,-300.0,484.10144,0.0
850.0,-300.0,469.8687,0.0
860.0,-300.0,456.55435,0.0
870.0,-300.0,444.15552,0.0
880.0,-300.0,432.67123,0.0
890.0,-300.0,422.10013,0.0
900.0,-300.0,412.43988,0.0
910.0,-300.0,403.68958,0.0
920.0,-300.0,395.8471,0.0
930.0,-300.0,388.91144,0.0
940.0,-300.0,382.88037,0.0
950.0,-300.0,377.75293,0.0
960.0,-300.0,373.52756,0.0
970.0,-300.0,370.20276,0.0
980.0,-300.0,367.77625,0.0
990.0,-300.0,366.24774,0.0
1000.0,-300.0,365.61542,0.0
1010.0,-300.0,365.87732,0.0
1020.0,-300.0,367.03217,0.0
1030.0,-300.0,369.07928,0.0
1040.0,-300.0,372.01608,0.0
1050.0,-300.0,375.8424,0.0
1060.0,-300.0,380.55548,0.0
1070.0,-300.0,386.1552,0.0
1080.0,-300.0,392.63995,0.0
1090.0,-300.0,400.0076,0.0
1100.0,-300.0,408.2573,0.0
1110.0,-300.0,417.38806,0.0
1120.0,-300.0,427.3982,0.0
1130.0,-300.0,438.28503,0.0
1140.0,-300.0,450.04816,0.0
1150.0,-300.0,462.6881,0.0
1160.0,-300.0,476.20233,0.0
1170.0,-300.0,490.58887,0.0
1180.0,-300.0,505.84784,0.0
1190.0,-300.0,521.9765,0.0
1200.0,-300.0,538.97394,0.0
1210.0,-300.0,556.8391,0.0
1220.0,-300.0,575.571,0.0
1230.0,-300.0,595.16797,0.0
1240.0,-300.0,615.6282,0.0
1250.0,-300.0,636.95105,0.0
1260.0,-300.0,659.1354,0.0
1270.0,-300.0,682.1798,0.0
1280.0,-300.0,706.08203,0.0
1290.0,-300.0,730.84265,0.0
1300.0,-300.0,756.4595,0.0
1310.0,-300.0,782.93164,0.0
1320.0,-300.0,810.257,0.0
1330.0,-300.0,838.4343,0.0
1340.0,-300.0,867.4631,0.0
1350.0,-300.0,897.34155,0.0
1360.0,-300.0,928.06885,0.0
1370.0,-300.0,959.6435,0.0
1380.0,-300.0,992.063,0.0
1390.0,-300.0,1025.3285,0.0
1400.0,-300.0,1059.4368,0.0
1410.0,-300.0,1094.3872,0.0
1420.0,-300.0,1130.1781,0.0
1430.0,-300.0,1166.8085,0.0
1440.0,-300.0,1204.2775,0.0
1450.0,-300.0,1242.5831,0.0
1460.0,-300.0,1281.7236,0.0
1470.0,-300.0,1321.6992,0.0
1480.0,-300.0,1362.5068,0.0
1490.0,-300.0,1404.1467,0.0
1500.0,-300.0,1446.6157,0.0
1510.0,-300.0,1489.9149,0.0
1520.0,-300.0,1534.0406,0.0
1530.0,-300.0,1578.992,0.0
1540.0,-300.0,1624.7675,0.0
1550.0,-300.0,1671.3647,0.0
1560.0,-300.0,1718.785,0.0
1570.0,-300.0,1767.0247,0.0
1580.0,-300.0,1816.0844,0.0
1590.0,-300.0,1865.9602,0.0
1600.0,-300.0,1916.6539,0.0
1610.0,-300.0,1968.1604,0.0
1620.0,-300.0,2020.4795,0.0
1630.0,-300.0,2073.6084,0.0
1640.0,-300.0,2127.548,0.0
1650.0,-300.0,2182.2964,0.0
1660.0,-300.0,2237.8499,0.0
1670.0,-300.0,2294.2095,0.0
1680.0,-300.0,2351.371,0.0
1690.0,-300.0,2409.3357,0.0
1700.0,-300.0,2468.0986,0.0
1710.0,-300.0,2527.662,0.0
1720.0,-300.0,2588.0205,0.0
1730.0,-300.0,2649.1733,0.0
1740.0,-300.0,2711.1191,0.0
1750.0,-300.0,2773.8564,0.0
1760.0,-300.0,2837.3848,0.0
1770.0,-300.0,2901.6987,0.0
1780.0,-300.0,2966.8008,0.0
1790.0,-300.0,3032.6865,0.0
1800.0,-300.0,3099.3528,0.0
-200.0,-290.0,7741.886,0.0
-190.0,-290.0,7610.923,0.0
-180.0,-290.0,7481.334,0.0
-170.0,-290.0,7353.1167,0.0
-160.0,-290.0,7226.2593,0.0
-150.0,-290.0,7100.7573,0.0
-140.0,-290.0,6976.6006,0.0
-130.0,-290.0,6853.782,0.0
-120.0,-290.0,6732.2974,0.0
-110.0,-290.0,6612.137,0.0
-100.0,-290.0,6493.296,0.0
-90.0,-290.0,6375.7656,0.0
-80.0,-290.0,6259.539,0.0
-70.0,-290.0,6144.6113,0.0
-60.0,-290.0,6030.9736,0.0
-50.0,-290.0,5918.6216,0.0
-40.0,-290.0,5807.545,0.0
-30.0,-290.0,5697.746,0.0
-20.0,-290.0,5589.2095,0.0
-10.0,-290.0,5481.9316,0.0
0.0,-290.0,5375.9087,0.0
10.0,-290.0,5271.135,0.0
20.0,-290.0,5167.6016,0.0
30.0,-290.0,5065.302,0.0
40.0,-290.0,4964.236,0.0
50.0,-290.0,4864.39,0.0
60.0,-290.0,4765.7666,0.0
70.0,-290.0,4668.356,0.0
80.0,-290.0,4572.1533,0.0
90.0,-290.0,4477.1533,0.0
100.0,-290.0,4383.3506,0.0
110.0,-290.0,4290.74,0.0
120.0,-290.0,4199.3164,0.0
130.0,-290.0,4109.074,0.0
140.0,-290.0,4020.0088,0.0
150.0,-290.0,3932.1152,0.0
160.0,-290.0,3845.3894,0.0
170.0,-290.0,3759.8257,0.0
180.0,-290.0,3675.42,0.0
190.0,-290.0,3592.1675,0.0
200.0,-290.0,3510.0632,0.0
210.0,-290.0,3429.102,0.0
220.0,-290.0,3349.2808,0.0
230.0,-290.0,3270.5952,0.0
240.0,-290.0,3193.0396,0.0
250.0,-290.0,3116.6104,0.0
260.0,-290.0,3041.3027,0.0
270.0,-290.0,2967.1143,0.0
280.0,-290.0,2894.0393,0.0
290.0,-290.0,2822.0747,0.0
300.0,-290.0,2751.2158,0.0
310.0,-290.0,2681.4583,0.0
320.0,-290.0,2612.7993,0.0
330.0,-290.0,2545.2354,0.0
340.0,-290.0,2478.7607,0.0
350.0,-290.0,2413.374,0.0
360.0,-290.0,2349.0703,0.0
370.0,-290.0,2285.8462,0.0
380.0,-290.0,2223.6978,0.0
390.0,-290.0,2162.623,0.0
400.0,-290.0,2102.6165,0.0
410.0,-290.0,2043.6764,0.0
420.0,-290.0,1985.7983,0.0
430.0,-290.0,1928.9802,0.0
440.0,-290.0,1873.217,0.0
450.0,-290.0,1818.5068,0.0
460.0,-290.0,1764.846,0.0
470.0,-290.0,1712.2319,0.0
480.0,-290.0,1660.6621,0.0
490.0,-290.0,1610.1313,0.0
500.0,-290.0,1560.6387,0.0
510.0,-290.0,1512.1802,0.0
520.0,-290.0,1464.7534,0.0
530.0,-290.0,1418.355,0.0
540.0,-290.0,1372.9822,0.0
550.0,-290.0,1328.6323,0.0
560.0,-290.0,1285.3033,0.0
570.0,-290.0,1242.9913,0.0
580.0,-290.0,1201.6943,0.0
590.0,-290.0,1161.4097,0.0
600.0,-290.0,1122.1353,0.0
610.0,-290.0,1083.8679,0.0
620.0,-290.0,1046.6051,0.0
630.0,-290.0,1010.34454,0.0
640.0,-290.0,975.0836,0.0
650.0,-290.0,940.82056,0.0
660.0,-290.0,907.55225,0.0
670.0,-290.0,875.2768,0.0
680.0,-290.0,843.99146,0.0
690.0,-290.0,813.694,0.0
700.0,-290.0,784.3833,0.0
710.0,-290.0,756.0554,0.0
720.0,-290.0,728.70905,0.0
730.0,-290.0,702.3424,0.0
740.0,-290.0,676.9524,0.0
750.0,-290.0,652.5375,0.0
760.0,-290.0,629.0958,0.0
770.0,-290.0,606.62494,0.0
780.0,-290.0,585.12317,0.0
790.0,-290.0,564.5884,0.0
800.0,-290.0,545.01776,0.0
810.0,-290.0,526.41113,0.0
820.0,-290.0,508.7648,0.0
830.0,-290.0,492.0782,0.0
840.0,-290.0,476.3485,0.0
850.0,-290.0,461.57468,0.0
860.0,-290.0,447.75455,0.0
870.0,-290.0,434.88626,0.0
880.0,-290.0,422.96765,0.0
890.0,-290.0,411.99768,0.0
900.0,-290.0,401.97412,0.0
910.0,-290.0,392.89526,0.0
920.0,-290.0,384.75952,0.0
930.0,-290.0,377.56558,0.0
940.0,-290.0,371.31104,0.0
950.0,-290.0,365.99466,0.0
960.0,-290.0,361.61475,0.0
970.0,-290.0,358.1699,0.0
980.0,-290.0,355.65787,0.0
990.0,-290.0,354.07797,0.0
1000.0,-290.0,353.42795,0.0
1010.0,-290.0,353.70663,0.0
1020.0,-290.0,354.91223,0.0
1030.0,-290.0,357.0431,0.0
1040.0,-290.0,360.09814,0.0
1050.0,-290.0,364.0752,0.0
1060.0,-290.0,368.97357,0.0
1070.0,-290.0,374.79132,0.0
1080.0,-290.0,381.52774,0.0
1090.0,-290.0,389.1799,0.0
1100.0,-290.0,397.74725,0.0
1110.0,-290.0,407.22827,0.0
1120.0,-290.0,417.62146,0.0
1130.0,-290.0,428.92365,0.0
1140.0,-290.0,441.13614,0.0
1150.0,-290.0,454.2574,0.0
1160.0,-290.0,468.28503,0.0
1170.0,-290.0,483.21783,0.0
1180.0,-290.0,499.05408,0.0
1190.0,-290.0,515.79333,0.0
1200.0,-290.0,533.4336,0.0
1210.0,-290.0,551.97266,0.0
1220.0,-290.0,571.41095,0.0
1230.0,-290.0,591.7459,0.0
1240.0,-290.0,612.9758,0.0
1250.0,-290.0,635.1002,0.0
1260.0,-290.0,658.1168,0.0
1270.0,-290.0,682.0252,0.0
1280.0,-290.0,706.82385,0.0
1290.0,-290.0,732.51117,0.0
1300.0,-290.0,759.08594,0.0
1310.0,-290.0,786.5465,0.0
1320.0,-290.0,814.8915,0.0
1330.0,-290.0,844.1194,0.0
1340.0,-290.0,874.2303,0.0
1350.0,-290.0,905.2208,0.0
1360.0,-290.0,937.0908,0.0
1370.0,-290.0,969.83826,0.0
1380.0,-290.0,1003.46173,0.0
1390.0,-290.0,1037.9609,0.0
1400.0,-290.0,1073.3328,0.0
1410.0,-290.0,1109.5776,0.0
1420.0,-290.0,1146.6931,0.0
1430.0,-290.0,1184.6774,0.0
1440.0,-290.0,1223.5299,0.0
1450.0,-290.0,1263.2489,0.0
1460.0,-290.0,1303.8333,0.0
1470.0,-290.0,1345.2815,0.0
1480.0,-290.0,1387.5913,0.0
1490.0,-290.0,1430.7634,0.0
1500.0,-290.0,1474.7935,0.0
1510.0,-290.0,1519.6804,0.0
1520.0,-290.0,1565.4236,0.0
1530.0,-290.0,1612.023,0.0
1540.0,-290.0,1659.4746,0.0
1550.0,-290.0,1707.7777,0.0
1560.0,-290.0,1756.9315,0.0
1570.0,-290.0,1806.9336,0.0
1580.0,-290.0,1857.7832,0.0
1590.0,-290.0,1909.4778,0.0
1600.0,-290.0,1962.0175,0.0
1610.0,-290.0,2015.3978,0.0
1620.0,-290.0,2069.6194,0.0
1630.0,-290.0,2124.6792,0.0
1640.0,-290.0,2180.576,0.0
1650.0,-290.0,2237.3096,0.0
1660.0,-290.0,2294.8752,0.0
1670.0,-290.0,2353.2734,0.0
1680.0,-290.0,2412.5027,0.0
1690.0,-290.0,2472.5598,0.0
1700.0,-290.0,2533.4434,0.0
1710.0,-290.0,2595.1528,0.0
1720.0,-290.0,2657.683,0.0
1730.0,-290.0,2721.0354,0.0
1740.0,-290.0,2785.2085,0.0
1750.0,-290.0,2850.1995,0.0
1760.0,-290.0,2916.002,0.0
1770.0,-290.0,2982.62,0.0
1780.0,-290.0,3050.0503,0.0
1790.0,-290.0,3118.2905,0.0
1800.0,-290.0,3187.3376,0.0
-200.0,-280.0,8058.926,0.0
-190.0,-280.0,7921.5767,0.0
-180.0,-280.0,7785.691,0.0
-170.0,-280.0,7651.2583,0.0
-160.0,-280.0,7518.2705,0.0
-150.0,-280.0,7386.721,0.0
-140.0,-280.0,7256.599,0.0
-130.0,-280.0,7127.8984,0.0
-120.0,-280.0,7000.6104,0.0
-110.0,-280.0,6874.7266,0.0
-100.0,-280.0,6750.2397,0.0
-90.0,-280.0,6627.1416,0.0
-80.0,-280.0,6505.425,0.0
-70.0,-280.0,6385.0835,0.0
-60.0,-280.0,6266.1084,0.0
-50.0,-280.0,6148.492,0.0
-40.0,-280.0,6032.2275,0.0
-30.0,-280.0,5917.3057,0.0
-20.0,-280.0,5803.726,0.0
-10.0,-280.0,5691.4775,0.0
0.0,-280.0,5580.5513,0.0
10.0,-280.0,5470.9434,0.0
20.0,-280.0,5362.6475,0.0
30.0,-280.0,5255.6562,0.0
40.0,-280.0,5149.962,0.0
50.0,-280.0,5045.558,0.0
60.0,-280.0,4942.442,0.0
70.0,-280.0,4840.6055,0.0
80.0,-280.0,4740.042,0.0
90.0,-280.0,4640.746,0.0
100.0,-280.0,4542.711,0.0
110.0,-280.0,4445.9326,0.0
120.0,-280.0,4350.4043,0.0
130.0,-280.0,4256.119,0.0
140.0,-280.0,4163.0737,0.0
150.0,-280.0,4071.2617,0.0
160.0,-280.0,3980.6772,0.0
170.0,-280.0,3891.315,0.0
180.0,-280.0,3803.1704,0.0
190.0,-280.0,3716.2378,0.0
200.0,-280.0,3630.5127,0.0
210.0,-280.0,3545.9888,0.0
220.0,-280.0,3462.662,0.0
230.0,-280.0,3380.5288,0.0
240.0,-280.0,3299.5808,0.0
250.0,-280.0,3219.8154,0.0
260.0,-280.0,3141.229,0.0
270.0,-280.0,3063.816,0.0
280.0,-280.0,2987.5708,0.0
290.0,-280.0,2912.4905,0.0
300.0,-280.0,2838.5703,0.0
310.0,-280.0,2765.8054,0.0
320.0,-280.0,2694.1912,0.0
330.0,-280.0,2623.725,0.0
340.0,-280.0,2554.401,0.0
350.0,-280.0,2486.2153,0.0
360.0,-280.0,2419.165,0.0
370.0,-280.0,2353.245,0.0
380.0,-280.0,2288.4526,0.0
390.0,-280.0,2224.7827,0.0
400.0,-280.0,2162.2314,0.0
410.0,-280.0,2100.7964,0.0
420.0,-280.0,2040.4727,0.0
430.0,-280.0,1981.2571,0.0
440.0,-280.0,1923.146,0.0
450.0,-280.0,1866.1355,0.0
460.0,-280.0,1810.2229,0.0
470.0,-280.0,1755.4042,0.0
480.0,-280.0,1701.6758,0.0
490.0,-280.0,1649.0353,0.0
500.0,-280.0,1597.4789,0.0
510.0,-280.0,1547.0028,0.0
520.0,-280.0,1497.6047,0.0
530.0,-280.0,1449.2808,0.0
540.0,-280.0,1402.0287,0.0
550.0,-280.0,1355.8444,0.0
560.0,-280.0,1310.7251,0.0
570.0,-280.0,1266.6685,0.0
580.0,-280.0,1223.6711,0.0
590.0,-280.0,1181.7297,0.0
600.0,-280.0,1140.8429,0.0
610.0,-280.0,1101.0066,0.0
620.0,-280.0,1062.2185,0.0
630.0,-280.0,1024.4758,0.0
640.0,-280.0,987.77563,0.0
650.0,-280.0,952.1157,0.0
660.0,-280.0,917.4934,0.0
670.0,-280.0,883.9061,0.0
680.0,-280.0,851.351,0.0
690.0,-280.0,819.8262,0.0
700.0,-280.0,789.3283,0.0
710.0,-280.0,759.85583,0.0
720.0,-280.0,731.406,0.0
730.0,-280.0,703.9764,0.0
740.0,-280.0,677.5649,0.0
750.0,-280.0,652.16895,0.0
760.0,-280.0,627.7864,0.0
770.0,-280.0,604.4154,0.0
780.0,-280.0,582.0534,0.0
790.0,-280.0,560.69775,0.0
800.0,-280.0,540.3469,0.0
810.0,-280.0,520.99854,0.0
820.0,-280.0,502.65076,0.0
830.0,-280.0,485.30127,0.0
840.0,-280.0,468.94858,0.0
850.0,-280.0,453.59015,0.0
860.0,-280.0,439.224,0.0
870.0,-280.0,425.8487,0.0
880.0,-280.0,413.46118,0.0
890.0,-280.0,402.06042,0.0
900.0,-280.0,391.64453,0.0
910.0,-280.0,382.21133,0.0
920.0,-280.0,373.7589,0.0
930.0,-280.0,366.2862,0.0
940.0,-280.0,359.7905,0.0
950.0,-280.0,354.2697,0.0
960.0,-280.0,349.7237,0.0
970.0,-280.0,346.1494,0.0
980.0,-280.0,343.54483,0.0
990.0,-280.0,341.90994,0.0
1000.0,-280.0,341.24066,0.0
1010.0,-280.0,341.53732,0.0
1020.0,-280.0,342.79724,0.0
1030.0,-280.0,345.01892,0.0
1040.0,-280.0,348.20093,0.0
1050.0,-280.0,352.34186,0.0
1060.0,-280.0,357.43958,0.0
1070.0,-280.0,363.4924,0.0
1080.0,-280.0,370.49957,0.0
1090.0,-280.0,378.45868,0.0
1100.0,-280.0,387.36847,0.0
1110.0,-280.0,397.22705,0.0
1120.0,-280.0,408.0326,0.0
1130.0,-280.0,419.78375,0.0
1140.0,-280.0,432.4798,0.0
1150.0,-280.0,446.11975,0.0
1160.0,-280.0,460.70096,0.0
1170.0,-280.0,476.22223,0.0
1180.0,-280.0,492.68216,0.0
1190.0,-280.0,510.07855,0.0
1200.0,-280.0,528.4114,0.0
1210.0,-280.0,547.677,0.0
1220.0,-280.0,567.8759,0.0
1230.0,-280.0,589.0055,0.0
1240.0,-280.0,611.0654,0.0
1250.0,-280.0,634.05255,0.0
1260.0,-280.0,657.9662,0.0
1270.0,-280.0,682.80566,0.0
1280.0,-280.0,708.569,0.0
1290.0,-280.0,735.2543,0.0
1300.0,-280.0,762.8607,0.0
1310.0,-280.0,791.38605,0.0
1320.0,-280.0,820.82935,0.0
1330.0,-280.0,851.1892,0.0
1340.0,-280.0,882.4636,0.0
1350.0,-280.0,914.6522,0.0
1360.0,-280.0,947.7521,0.0
1370.0,-280.0,981.763,0.0
1380.0,-280.0,1016.682,0.0
1390.0,-280.0,1052.5085,0.0
1400.0,-280.0,1089.2422,0.0
1410.0,-280.0,1126.8795,0.0
1420.0,-280.0,1165.4204,0.0
1430.0,-280.0,1204.8625,0.0
1440.0,-280.0,1245.2041,0.0
1450.0,-280.0,1286.4443,0.0
1460.0,-280.0,1328.5823,0.0
1470.0,-280.0,1371.6156,0.0
1480.0,-280.0,1415.5417,0.0
1490.0,-280.0,1460.3597,0.0
1500.0,-280.0,1506.0685,0.0
1510.0,-280.0,1552.6664,0.0
1520.0,-280.0,1600.1509,0.0
1530.0,-280.0,1648.5215,0.0
1540.0,-280.0,1697.7764,0.0
1550.0,-280.0,1747.9136,0.0
1560.0,-280.0,1798.9327,0.0
1570.0,-280.0,1850.8286,0.0
1580.0,-280.0,1903.6028,0.0
1590.0,-280.0,1957.2529,0.0
1600.0,-280.0,2011.7777,0.0
1610.0,-280.0,2067.1736,0.0
1620.0,-280.0,2123.44,0.0
1630.0,-280.0,2180.5737,0.0
1640.0,-280.0,2238.5752,0.0
1650.0,-280.0,2297.4414,0.0
1660.0,-280.0,2357.1704,0.0
1670.0,-280.0,2417.761,0.0
1680.0,-280.0,2479.2104,0.0
1690.0,-280.0,2541.5156,0.0
1700.0,-280.0,2604.6777,0.0
1710.0,-280.0,2668.693,0.0
1720.0,-280.0,2733.5576,0.0
1730.0,-280.0,2799.2734,0.0
1740.0,-280.0,2865.8364,0.0
1750.0,-280.0,2933.2437,0.0
1760.0,-280.0,3001.4941,0.0
1770.0,-280.0,3070.5864,0.0
1780.0,-280.0,3140.5156,0.0
1790.0,-280.0,3211.2817,0.0
1800.0,-280.0,3282.882,0.0
-200.0,-270.0,8407.309,0.0
-190.0,-270.0,8262.905,0.0
-180.0,-270.0,8120.0615,0.0
-170.0,-270.0,7978.7637,0.0
-160.0,-270.0,7839.0103,0.0
-150.0,-270.0,7700.785,0.0
-140.0,-270.0,7564.082,0.0
-130.0,-270.0,7428.889,0.0
-120.0,-270.0,7295.203,0.0
-110.0,-270.0,7163.008,0.0
-100.0,-270.0,7032.301,0.0
-90.0,-270.0,6903.0693,0.0
-80.0,-270.0,6775.3057,0.0
-70.0,-270.0,6649.002,0.0
-60.0,-270.0,6524.1504,0.0
-50.0,-270.0,6400.7417,0.0
-40.0,-270.0,6278.7656,0.0
-30.0,-270.0,6158.2173,0.0
-20.0,-270.0,6039.09,0.0
-10.0,-270.0,5921.3735,0.0
0.0,-270.0,5805.0605,0.0
10.0,-270.0,5690.1426,0.0
20.0,-270.0,5576.615,0.0
30.0,-270.0,5464.4683,0.0
40.0,-270.0,5353.6953,0.0
50.0,-270.0,5244.288,0.0
60.0,-270.0,5136.2437,0.0
70.0,-270.0,5029.5513,0.0
80.0,-270.0,4924.2046,0.0
90.0,-270.0,4820.198,0.0
100.0,-270.0,4717.5264,0.0
110.0,-270.0,4616.181,0.0
120.0,-270.0,4516.1533,0.0
130.0,-270.0,4417.442,0.0
140.0,-270.0,4320.036,0.0
150.0,-270.0,4223.932,0.0
160.0,-270.0,4129.1245,0.0
170.0,-270.0,4035.6042,0.0
180.0,-270.0,3943.3691,0.0
190.0,-270.0,3852.412,0.0
200.0,-270.0,3762.7275,0.0
210.0,-270.0,3674.3083,0.0
220.0,-270.0,3587.1494,0.0
230.0,-270.0,3501.246,0.0
240.0,-270.0,3416.593,0.0
250.0,-270.0,3333.1836,0.0
260.0,-270.0,3251.0151,0.0
270.0,-270.0,3170.0803,0.0
280.0,-270.0,3090.3755,0.0
290.0,-270.0,3011.8938,0.0
300.0,-270.0,2934.6323,0.0
310.0,-270.0,2858.5845,0.0
320.0,-270.0,2783.747,0.0
330.0,-270.0,2710.1147,0.0
340.0,-270.0,2637.6824,0.0
350.0,-270.0,2566.4463,0.0
360.0,-270.0,2496.4014,0.0
370.0,-270.0,2427.544,0.0
380.0,-270.0,2359.8684,0.0
390.0,-270.0,2293.3718,0.0
400.0,-270.0,2228.0483,0.0
410.0,-270.0,2163.8955,0.0
420.0,-270.0,2100.9077,0.0
430.0,-270.0,2039.0825,0.0
440.0,-270.0,1978.4149,0.0
450.0,-270.0,1918.9001,0.0
460.0,-270.0,1860.5366,0.0
470.0,-270.0,1803.319,0.0
480.0,-270.0,1747.2438,0.0
490.0,-270.0,1692.3066,0.0
500.0,-270.0,1638.5057,0.0
510.0,-270.0,1585.8357,0.0
520.0,-270.0,1534.2947,0.0
530.0,-270.0,1483.8774,0.0
540.0,-270.0,1434.5813,0.0
550.0,-270.0,1386.4032,0.0
560.0,-270.0,1339.339,0.0
570.0,-270.0,1293.3862,0.0
580.0,-270.0,1248.5414,0.0
590.0,-270.0,1204.8009,0.0
600.0,-270.0,1162.1619,0.0
610.0,-270.0,1120.6221,0.0
620.0,-270.0,1080.1772,0.0
630.0,-270.0,1040.8253,0.0
640.0,-270.0,1002.56213,0.0
650.0,-270.0,965.38635,0.0
660.0,-270.0,929.2947,0.0
670.0,-270.0,894.28406,0.0
680.0,-270.0,860.35077,0.0
690.0,-270.0,827.49365,0.0
700.0,-270.0,795.70886,0.0
710.0,-270.0,764.9945,0.0
720.0,-270.0,735.3478,0.0
730.0,-270.0,706.76526,0.0
740.0,-270.0,679.2462,0.0
750.0,-270.0,652.7868,0.0
760.0,-270.0,627.38416,0.0
770.0,-270.0,603.03687,0.0
780.0,-270.0,579.74194,0.0
790.0,-270.0,557.49725,0.0
800.0,-270.0,536.3003,0.0
810.0,-270.0,516.1492,0.0
820.0,-270.0,497.04105,0.0
830.0,-270.0,478.9733,0.0
840.0,-270.0,461.94568,0.0
850.0,-270.0,445.95374,0.0
860.0,-270.0,430.99597,0.0
870.0,-270.0,417.07117,0.0
880.0,-270.0,404.17636,0.0
890.0,-270.0,392.3095,0.0
900.0,-270.0,381.46838,0.0
910.0,-270.0,371.6516,0.0
920.0,-270.0,362.85657,0.0
930.0,-270.0,355.0818,0.0
940.0,-270.0,348.3247,0.0
950.0,-270.0,342.58362,0.0
960.0,-270.0,337.857,0.0
970.0,-270.0,334.14236,0.0
980.0,-270.0,331.4383,0.0
990.0,-270.0,329.7426,0.0
1000.0,-270.0,329.05353,0.0
1010.0,-270.0,329.36948,0.0
1020.0,-270.0,330.68817,0.0
1030.0,-270.0,333.00842,0.0
1040.0,-270.0,336.32812,0.0
1050.0,-270.0,340.64502,0.0
1060.0,-270.0,345.95813,0.0
1070.0,-270.0,352.2655,0.0
1080.0,-270.0,359.56567,0.0
1090.0,-270.0,367.85687,0.0
1100.0,-270.0,377.1365,0.0
1110.0,-270.0,387.40356,0.0
1120.0,-270.0,398.65524,0.0
1130.0,-270.0,410.8913,0.0
1140.0,-270.0,424.11124,0.0
1150.0,-270.0,438.3111,0.0
1160.0,-270.0,453.49094,0.0
1170.0,-270.0,469.64774,0.0
1180.0,-270.0,486.78146,0.0
1190.0,-270.0,504.88907,0.0
1200.0,-270.0,523.9691,0.0
1210.0,-270.0,544.0204,0.0
1220.0,-270.0,565.04144,0.0
1230.0,-270.0,587.0305,0.0
1240.0,-270.0,609.98535,0.0
1250.0,-270.0,633.90515,0.0
1260.0,-270.0,658.7886,0.0
1270.0,-270.0,684.6338,0.0
1280.0,-270.0,711.4386,0.0
1290.0,-270.0,739.2024,0.0
1300.0,-270.0,767.92194,0.0
1310.0,-270.0,797.59814,0.0
1320.0,-270.0,828.22766,0.0
1330.0,-270.0,859.80914,0.0
1340.0,-270.0,892.34106,0.0
1350.0,-270.0,925.82214,0.0
1360.0,-270.0,960.2506,0.0
1370.0,-270.0,995.6248,0.0
1380.0,-270.0,1031.9434,0.0
1390.0,-270.0,1069.2041,0.0
1400.0,-270.0,1107.406,0.0
1410.0,-270.0,1146.5471,0.0
1420.0,-270.0,1186.6262,0.0
1430.0,-270.0,1227.6411,0.0
1440.0,-270.0,1269.5901,0.0
1450.0,-270.0,1312.4724,0.0
1460.0,-270.0,1356.2869,0.0
1470.0,-270.0,1401.029,0.0
1480.0,-270.0,1446.6992,0.0
1490.0,-270.0,1493.2948,0.0
1500.0,-270.0,1540.8141,0.0
1510.0,-270.0,1589.2573,0.0
1520.0,-270.0,1638.6201,0.0
1530.0,-270.0,1688.9031,0.0
1540.0,-270.0,1740.1024,0.0
1550.0,-270.0,1792.2172,0.0
1560.0,-270.0,1845.2455,0.0
1570.0,-270.0,1899.1855,0.0
1580.0,-270.0,1954.0356,0.0
1590.0,-270.0,2009.7935,0.0
1600.0,-270.0,2066.4583,0.0
1610.0,-270.0,2124.0276,0.0
1620.0,-270.0,2182.4973,0.0
1630.0,-270.0,2241.8684,0.0
1640.0,-270.0,2302.1367,0.0
1650.0,-270.0,2363.3025,0.0
1660.0,-270.0,2425.3623,0.0
1670.0,-270.0,2488.313,0.0
1680.0,-270.0,2552.1553,0.0
1690.0,-270.0,2616.8853,0.0
1700.0,-270.0,2682.4985,0.0
1710.0,-270.0,2748.9976,0.0
1720.0,-270.0,2816.3777,0.0
1730.0,-270.0,2884.6377,0.0
1740.0,-270.0,2953.774,0.0
1750.0,-270.0,3023.785,0.0
1760.0,-270.0,3094.6675,0.0
1770.0,-270.0,3166.4219,0.0
1780.0,-270.0,3239.0425,0.0
1790.0,-270.0,3312.53,0.0
1800.0,-270.0,3386.8774,0.0
-200.0,-260.0,8791.803,0.0
-190.0,-260.0,8639.559,0.0
-180.0,-260.0,8488.981,0.0
-170.0,-260.0,8340.066,0.0
-160.0,-260.0,8192.799,0.0
-150.0,-260.0,8047.169,0.0
-140.0,-260.0,7903.1655,0.0
-130.0,-260.0,7760.7754,0.0
-120.0,-260.0,7619.995,0.0
-110.0,-260.0,7480.81,0.0
-100.0,-260.0,7343.21,0.0
-90.0,-260.0,7207.1865,0.0
-80.0,-260.0,7072.728,0.0
-70.0,-260.0,6939.828,0.0
-60.0,-260.0,6808.4736,0.0
-50.0,-260.0,6678.657,0.0
-40.0,-260.0,6550.368,0.0
-30.0,-260.0,6423.6006,0.0
-20.0,-260.0,6298.342,0.0
-10.0,-260.0,6174.587,0.0
0.0,-260.0,6052.323,0.0
10.0,-260.0,5931.5454,0.0
20.0,-260.0,5812.245,0.0
30.0,-260.0,5694.409,0.0
40.0,-260.0,5578.035,0.0
50.0,-260.0,5463.1123,0.0
60.0,-260.0,5349.632,0.0
70.0,-260.0,5237.591,0.0
80.0,-260.0,5126.9746,0.0
90.0,-260.0,5017.781,0.0
100.0,-260.0,4909.998,0.0
110.0,-260.0,4803.6255,0.0
120.0,-260.0,4698.6484,0.0
130.0,-260.0,4595.064,0.0
140.0,-260.0,4492.8623,0.0
150.0,-260.0,4392.04,0.0
160.0,-260.0,4292.587,0.0
170.0,-260.0,4194.499,0.0
180.0,-260.0,4097.7686,0.0
190.0,-260.0,4002.3896,0.0
200.0,-260.0,3908.3547,0.0
210.0,-260.0,3815.6567,0.0
220.0,-260.0,3724.291,0.0
230.0,-260.0,3634.2527,0.0
240.0,-260.0,3545.5332,0.0
250.0,-260.0,3458.125,0.0
260.0,-260.0,3372.0278,0.0
270.0,-260.0,3287.232,0.0
280.0,-260.0,3203.7322,0.0
290.0,-260.0,3121.5234,0.0
300.0,-260.0,3040.6003,0.0
310.0,-260.0,2960.957,0.0
320.0,-260.0,2882.588,0.0
330.0,-260.0,2805.4885,0.0
340.0,-260.0,2729.6528,0.0
350.0,-260.0,2655.0762,0.0
360.0,-260.0,2581.7544,0.0
370.0,-260.0,2509.6814,0.0
380.0,-260.0,2438.8525,0.0
390.0,-260.0,2369.2627,0.0
400.0,-260.0,2300.9077,0.0
410.0,-260.0,2233.7832,0.0
420.0,-260.0,2167.884,0.0
430.0,-260.0,2103.2056,0.0
440.0,-260.0,2039.744,0.0
450.0,-260.0,1977.4941,0.0
460.0,-260.0,1916.4521,0.0
470.0,-260.0,1856.6145,0.0
480.0,-260.0,1797.9757,0.0
490.0,-260.0,1740.532,0.0
500.0,-260.0,1684.2804,0.0
510.0,-260.0,1629.216,0.0
520.0,-260.0,1575.3346,0.0
530.0,-260.0,1522.633,0.0
540.0,-260.0,1471.1074,0.0
550.0,-260.0,1420.754,0.0
560.0,-260.0,1371.5684,0.0
570.0,-260.0,1323.5476,0.0
580.0,-260.0,1276.689,0.0
590.0,-260.0,1230.9863,0.0
600.0,-260.0,1186.439,0.0
610.0,-260.0,1143.0417,0.0
620.0,-260.0,1100.7914,0.0
630.0,-260.0,1059.686,0.0
640.0,-260.0,1019.72076,0.0
650.0,-260.0,980.8938,0.0
660.0,-260.0,943.20087,0.0
670.0,-260.0,906.6395,0.0
680.0,-260.0,871.2062,0.0
690.0,-260.0,836.8985,0.0
700.0,-260.0,803.713,0.0
710.0,-260.0,771.6465,0.0
720.0,-260.0,740.69714,0.0
730.0,-260.0,710.86096,0.0
740.0,-260.0,682.1356,0.0
750.0,-260.0,654.5186,0.0
760.0,-260.0,628.0067,0.0
770.0,-260.0,602.5973,0.0
780.0,-260.0,578.2883,0.0
790.0,-260.0,555.07623,0.0
800.0,-260.0,532.95966,0.0
810.0,-260.0,511.935,0.0
820.0,-260.0,492.00037,0.0
830.0,-260.0,473.153,0.0
840.0,-260.0,455.39005,0.0
850.0,-260.0,438.7102,0.0
860.0,-260.0,423.11017,0.0
870.0,-260.0,408.58777,0.0
880.0,-260.0,395.1413,0.0
890.0,-260.0,382.76797,0.0
900.0,-260.0,371.46542,0.0
910.0,-260.0,361.23157,0.0
920.0,-260.0,352.06415,0.0
930.0,-260.0,343.96136,0.0
940.0,-260.0,336.92084,0.0
950.0,-260.0,330.94012,0.0
960.0,-260.0,326.01758,0.0
970.0,-260.0,322.15112,0.0
980.0,-260.0,319.33817,0.0
990.0,-260.0,317.5771,0.0
1000.0,-260.0,316.86646,0.0
1010.0,-260.0,317.2032,0.0
1020.0,-260.0,318.58594,0.0
1030.0,-260.0,321.01276,0.0
1040.0,-260.0,324.4811,0.0
1050.0,-260.0,328.99033,0.0
1060.0,-260.0,334.53714,0.0
1070.0,-260.0,341.12097,0.0
1080.0,-260.0,348.739,0.0
1090.0,-260.0,357.3894,0.0
1100.0,-260.0,367.0707,0.0
1110.0,-260.0,377.7806,0.0
1120.0,-260.0,389.5165,0.0
1130.0,-260.0,402.27936,0.0
1140.0,-260.0,416.06567,0.0
1150.0,-260.0,430.8739,0.0
1160.0,-260.0,446.70233,0.0
1170.0,-260.0,463.54895,0.0
1180.0,-260.0,481.4124,0.0
1190.0,-260.0,500.2904,0.0
1200.0,-260.0,520.18164,0.0
1210.0,-260.0,541.0839,0.0
1220.0,-260.0,562.99615,0.0
1230.0,-260.0,585.91595,0.0
1240.0,-260.0,609.8418,0.0
1250.0,-260.0,634.7722,0.0
1260.0,-260.0,660.7061,0.0
1270.0,-260.0,687.641,0.0
1280.0,-260.0,715.5748,0.0
1290.0,-260.0,744.5065,0.0
1300.0,-260.0,774.43353,0.0
1310.0,-260.0,805.35535,0.0
1320.0,-260.0,837.2693,0.0
1330.0,-260.0,870.17426,0.0
1340.0,-260.0,904.0685,0.0
1350.0,-260.0,938.9497,0.0
1360.0,-260.0,974.8175,0.0
1370.0,-260.0,1011.66846,0.0
1380.0,-260.0,1049.5017,0.0
1390.0,-260.0,1088.315,0.0
1400.0,-260.0,1128.1072,0.0
1410.0,-260.0,1168.8763,0.0
1420.0,-260.0,1210.6204,0.0
1430.0,-260.0,1253.3386,0.0
1440.0,-260.0,1297.0282,0.0
1450.0,-260.0,1341.6873,0.0
1460.0,-260.0,1387.3142,0.0
1470.0,-260.0,1433.9067,0.0
1480.0,-260.0,1481.4637,0.0
1490.0,-260.0,1529.9834,0.0
1500.0,-260.0,1579.4634,0.0
1510.0,-260.0,1629.902,0.0
1520.0,-260.0,1681.2979,0.0
1530.0,-260.0,1733.648,0.0
1540.0,-260.0,1786.9509,0.0
1550.0,-260.0,1841.2052,0.0
1560.0,-260.0,1896.4083,0.0
1570.0,-260.0,1952.5588,0.0
1580.0,-260.0,2009.6522,0.0
1590.0,-260.0,2067.6895,0.0
1600.0,-260.0,2126.6694,0.0
1610.0,-260.0,2186.5867,0.0
1620.0,-260.0,2247.441,0.0
1630.0,-260.0,2309.2283,0.0
1640.0,-260.0,2371.948,0.0
1650.0,-260.0,2435.5972,0.0
1660.0,-260.0,2500.1753,0.0
1670.0,-260.0,2565.6775,0.0
1680.0,-260.0,2632.1045,0.0
1690.0,-260.0,2699.4531,0.0
1700.0,-260.0,2767.7185,0.0
1710.0,-260.0,2836.8992,0.0
1720.0,-260.0,2906.9966,0.0
1730.0,-260.0,2978.002,0.0
1740.0,-260.0,3049.9175,0.0
1750.0,-260.0,3122.7388,0.0
1760.0,-260.0,3196.4658,0.0
1770.0,-260.0,3271.0913,0.0
1780.0,-260.0,3346.6187,0.0
1790.0,-260.0,3423.038,0.0
1800.0,-260.0,3500.3528,0.0
-200.0,-250.0,9217.66,0.0
-190.0,-250.0,9057.057,0.0
-180.0,-250.0,8897.963,0.0
-170.0,-250.0,8740.542,0.0
-160.0,-250.0,8584.887,0.0
-150.0,-250.0,8430.987,0.0
-140.0,-250.0,8278.84,0.0
-130.0,-250.0,8128.4243,0.0
-120.0,-250.0,7979.7344,0.0
-110.0,-250.0,7832.7583,0.0
-100.0,-250.0,7687.4785,0.0
-90.0,-250.0,7543.8906,0.0
-80.0,-250.0,7401.9805,0.0
-70.0,-250.0,7261.7373,0.0
-60.0,-250.0,7123.1504,0.0
-50.0,-250.0,6986.2085,0.0
-40.0,-250.0,6850.9004,0.0
-30.0,-250.0,6717.2188,0.0
-20.0,-250.0,6585.1523,0.0
-10.0,-250.0,6454.689,0.0
0.0,-250.0,6325.8213,0.0
10.0,-250.0,6198.5396,0.0
20.0,-250.0,6072.831,0.0
30.0,-250.0,5948.689,0.0
40.0,-250.0,5826.1035,0.0
50.0,-250.0,5705.0635,0.0
60.0,-250.0,5585.5635,0.0
70.0,-250.0,5467.594,0.0
80.0,-250.0,5351.143,0.0
90.0,-250.0,5236.2085,0.0
100.0,-250.0,5122.773,0.0
110.0,-250.0,5010.835,0.0
120.0,-250.0,4900.3843,0.0
130.0,-250.0,4791.412,0.0
140.0,-250.0,4683.9106,0.0
150.0,-250.0,4577.872,0.0
160.0,-250.0,4473.289,0.0
170.0,-250.0,4370.1543,0.0
180.0,-250.0,4268.461,0.0
190.0,-250.0,4168.199,0.0
200.0,-250.0,4069.3635,0.0
210.0,-250.0,3971.9473,0.0
220.0,-250.0,3875.9424,0.0
230.0,-250.0,3781.3403,0.0
240.0,-250.0,3688.1392,0.0
250.0,-250.0,3596.3262,0.0
260.0,-250.0,3505.8975,0.0
270.0,-250.0,3416.8486,0.0
280.0,-250.0,3329.1714,0.0
290.0,-250.0,3242.8577,0.0
300.0,-250.0,3157.9043,0.0
310.0,-250.0,3074.3037,0.0
320.0,-250.0,2992.0493,0.0
330.0,-250.0,2911.1357,0.0
340.0,-250.0,2831.5574,0.0
350.0,-250.0,2753.3086,0.0
360.0,-250.0,2676.3838,0.0
370.0,-250.0,2600.7773,0.0
380.0,-250.0,2526.4834,0.0
390.0,-250.0,2453.4966,0.0
400.0,-250.0,2381.8115,0.0
410.0,-250.0,2311.4238,0.0
420.0,-250.0,2242.3274,0.0
430.0,-250.0,2174.5178,0.0
440.0,-250.0,2107.99,0.0
450.0,-250.0,2042.7384,0.0
460.0,-250.0,1978.7593,0.0
470.0,-250.0,1916.0474,0.0
480.0,-250.0,1854.5977,0.0
490.0,-250.0,1794.4061,0.0
500.0,-250.0,1735.4678,0.0
510.0,-250.0,1677.7786,0.0
520.0,-250.0,1621.3341,0.0
530.0,-250.0,1566.1296,0.0
540.0,-250.0,1512.1609,0.0
550.0,-250.0,1459.4249,0.0
560.0,-250.0,1407.917,0.0
570.0,-250.0,1357.6323,0.0
580.0,-250.0,1308.5674,0.0
590.0,-250.0,1260.7185,0.0
600.0,-250.0,1214.0818,0.0
610.0,-250.0,1168.6526,0.0
620.0,-250.0,1124.4282,0.0
630.0,-250.0,1081.4043,0.0
640.0,-250.0,1039.5774,0.0
650.0,-250.0,998.94446,0.0
660.0,-250.0,959.50134,0.0
670.0,-250.0,921.2449,0.0
680.0,-250.0,884.17163,0.0
690.0,-250.0,848.2786,0.0
700.0,-250.0,813.5622,0.0
710.0,-250.0,780.01904,0.0
720.0,-250.0,747.6458,0.0
730.0,-250.0,716.4398,0.0
740.0,-250.0,686.3978,0.0
750.0,-250.0,657.5167,0.0
760.0,-250.0,629.7938,0.0
770.0,-250.0,603.2252,0.0
780.0,-250.0,577.80884,0.0
790.0,-250.0,553.54156,0.0
800.0,-250.0,530.4201,0.0
810.0,-250.0,508.4427,0.0
820.0,-250.0,487.6057,0.0
830.0,-250.0,467.90692,0.0
840.0,-250.0,449.34302,0.0
850.0,-250.0,431.91235,0.0
860.0,-250.0,415.61157,0.0
870.0,-250.0,400.43823,0.0
880.0,-250.0,386.39026,0.0
890.0,-250.0,373.46423,0.0
900.0,-250.0,361.65866,0.0
910.0,-250.0,350.97043,0.0
920.0,-250.0,341.3972,0.0
930.0,-250.0,332.93686,0.0
940.0,-250.0,325.58734,0.0
950.0,-250.0,319.34546,0.0
960.0,-250.0,314.20935,0.0
970.0,-250.0,310.1772,0.0
980.0,-250.0,307.2461,0.0
990.0,-250.0,305.414,0.0
1000.0,-250.0,304.67914,0.0
1010.0,-250.0,305.03876,0.0
1020.0,-250.0,306.49118,0.0
1030.0,-250.0,309.0338,0.0
1040.0,-250.0,312.66522,0.0
1050.0,-250.0,317.38263,0.0
1060.0,-250.0,323.18427,0.0
1070.0,-250.0,330.06818,0.0
1080.0,-250.0,338.0331,0.0
1090.0,-250.0,347.07486,0.0
1100.0,-250.0,357.19324,0.0
1110.0,-250.0,368.38483,0.0
1120.0,-250.0,380.64825,0.0
1130.0,-250.0,393.98352,0.0
1140.0,-250.0,408.38678,0.0
1150.0,-250.0,423.8563,0.0
1160.0,-250.0,440.3907,0.0
1170.0,-250.0,457.98767,0.0
1180.0,-250.0,476.64496,0.0
1190.0,-250.0,496.36115,0.0
1200.0,-250.0,517.1346,0.0
1210.0,-250.0,538.9626,0.0
1220.0,-250.0,561.844,0.0
1230.0,-250.0,585.7759,0.0
1240.0,-250.0,610.7577,0.0
1250.0,-250.0,636.78735,0.0
1260.0,-250.0,663.8629,0.0
1270.0,-250.0,691.9824,0.0
1280.0,-250.0,721.14355,0.0
1290.0,-250.0,751.3446,0.0
1300.0,-250.0,782.58386,0.0
1310.0,-250.0,814.8605,0.0
1320.0,-250.0,848.17096,0.0
1330.0,-250.0,882.5137,0.0
1340.0,-250.0,917.88806,0.0
1350.0,-250.0,954.2914,0.0
1360.0,-250.0,991.72235,0.0
1370.0,-250.0,1030.1777,0.0
1380.0,-250.0,1069.6567,0.0
1390.0,-250.0,1110.1564,0.0
1400.0,-250.0,1151.6765,0.0
1410.0,-250.0,1194.2139,0.0
1420.0,-250.0,1237.7683,0.0
1430.0,-250.0,1282.3354,0.0
1440.0,-250.0,1327.9137,0.0
1450.0,-250.0,1374.5017,0.0
1460.0,-250.0,1422.0984,0.0
1470.0,-250.0,1470.7007,0.0
1480.0,-250.0,1520.3062,0.0
1490.0,-250.0,1570.915,0.0
1500.0,-250.0,1622.5217,0.0
1510.0,-250.0,1675.1279,0.0
1520.0,-250.0,1728.7292,0.0
1530.0,-250.0,1783.3237,0.0
1540.0,-250.0,1838.9092,0.0
1550.0,-250.0,1895.4849,0.0
1560.0,-250.0,1953.0471,0.0
1570.0,-250.0,2011.5938,0.0
1580.0,-250.0,2071.1243,0.0
1590.0,-250.0,2131.6353,0.0
1600.0,-250.0,2193.123,0.0
1610.0,-250.0,2255.587,0.0
1620.0,-250.0,2319.026,0.0
1630.0,-250.0,2383.435,0.0
1640.0,-250.0,2448.813,0.0
1650.0,-250.0,2515.1553,0.0
1660.0,-250.0,2582.4648,0.0
1670.0,-250.0,2650.734,0.0
1680.0,-250.0,2719.96,0.0
1690.0,-250.0,2790.145,0.0
1700.0,-250.0,2861.284,0.0
1710.0,-250.0,2933.3716,0.0
1720.0,-250.0,3006.41,0.0
1730.0,-250.0,3080.392,0.0
1740.0,-250.0,3155.317,0.0
1750.0,-250.0,3231.183,0.0
1760.0,-250.0,3307.9883,0.0
1770.0,-250.0,3385.7249,0.0
1780.0,-250.0,3464.394,0.0
1790.0,-250.0,3543.9924,0.0
1800.0,-250.0,3624.5146,0.0
-200.0,-240.0,9686.582,0.0
-190.0,-240.0,9518.569,0.0
-180.0,-240.0,9351.604,0.0
-170.0,-240.0,9185.83,0.0
-160.0,-240.0,9021.402,0.0
-150.0,-240.0,8858.475,0.0
-140.0,-240.0,8697.222,0.0
-130.0,-240.0,8537.797,0.0
-120.0,-240.0,8380.232,0.0
-110.0,-240.0,8224.514,0.0
-100.0,-240.0,8070.629,0.0
-90.0,-240.0,7918.5615,0.0
-80.0,-240.0,7768.302,0.0
-70.0,-240.0,7619.8364,0.0
-60.0,-240.0,7473.153,0.0
-50.0,-240.0,7328.2373,0.0
-40.0,-240.0,7185.0806,0.0
-30.0,-240.0,7043.6675,0.0
-20.0,-240.0,6903.9893,0.0
-10.0,-240.0,6766.034,0.0
0.0,-240.0,6629.789,0.0
10.0,-240.0,6495.244,0.0
20.0,-240.0,6362.3867,0.0
30.0,-240.0,6231.2075,0.0
40.0,-240.0,6101.6963,0.0
50.0,-240.0,5973.839,0.0
60.0,-240.0,5847.629,0.0
70.0,-240.0,5723.0557,0.0
80.0,-240.0,5600.1094,0.0
90.0,-240.0,5478.7773,0.0
100.0,-240.0,5359.053,0.0
110.0,-240.0,5240.927,0.0
120.0,-240.0,5124.3867,0.0
130.0,-240.0,5009.426,0.0
140.0,-240.0,4896.0317,0.0
150.0,-240.0,4784.1978,0.0
160.0,-240.0,4673.918,0.0
170.0,-240.0,4565.1797,0.0
180.0,-240.0,4457.974,0.0
190.0,-240.0,4352.297,0.0
200.0,-240.0,4248.137,0.0
210.0,-240.0,4145.487,0.0
220.0,-240.0,4044.3357,0.0
230.0,-240.0,3944.6792,0.0
240.0,-240.0,3846.5103,0.0
250.0,-240.0,3749.8164,0.0
260.0,-240.0,3654.5945,0.0
270.0,-240.0,3560.8347,0.0
280.0,-240.0,3468.5312,0.0
290.0,-240.0,3377.6782,0.0
300.0,-240.0,3288.266,0.0
310.0,-240.0,3200.2876,0.0
320.0,-240.0,3113.7383,0.0
330.0,-240.0,3028.6084,0.0
340.0,-240.0,2944.8945,0.0
350.0,-240.0,2862.5889,0.0
360.0,-240.0,2781.6843,0.0
370.0,-240.0,2702.1755,0.0
380.0,-240.0,2624.056,0.0
390.0,-240.0,2547.32,0.0
400.0,-240.0,2471.9604,0.0
410.0,-240.0,2397.9724,0.0
420.0,-240.0,2325.35,0.0
430.0,-240.0,2254.0876,0.0
440.0,-240.0,2184.1787,0.0
450.0,-240.0,2115.6191,0.0
460.0,-240.0,2048.4028,0.0
470.0,-240.0,1982.5243,0.0
480.0,-240.0,1917.9785,0.0
490.0,-240.0,1854.7598,0.0
500.0,-240.0,1792.864,0.0
510.0,-240.0,1732.2856,0.0
520.0,-240.0,1673.019,0.0
530.0,-240.0,1615.0612,0.0
540.0,-240.0,1558.4058,0.0
550.0,-240.0,1503.0483,0.0
560.0,-240.0,1448.9854,0.0
570.0,-240.0,1396.2113,0.0
580.0,-240.0,1344.7218,0.0
590.0,-240.0,1294.5127,0.0
600.0,-240.0,1245.5792,0.0
610.0,-240.0,1197.9177,0.0
620.0,-240.0,1151.524,0.0
630.0,-240.0,1106.3931,0.0
640.0,-240.0,1062.5217,0.0
650.0,-240.0,1019.90533,0.0
660.0,-240.0,978.541,0.0
670.0,-240.0,938.4241,0.0
680.0,-240.0,899.55066,0.0
690.0,-240.0,861.91833,0.0
700.0,-240.0,825.5217,0.0
710.0,-240.0,790.358,0.0
720.0,-240.0,756.42395,0.0
730.0,-240.0,723.71533,0.0
740.0,-240.0,692.2294,0.0
750.0,-240.0,661.96216,0.0
760.0,-240.0,632.9107,0.0
770.0,-240.0,605.0716,0.0
780.0,-240.0,578.44165,0.0
790.0,-240.0,553.0174,0.0
800.0,-240.0,528.7959,0.0
810.0,-240.0,505.77448,0.0
820.0,-240.0,483.9492,0.0
830.0,-240.0,463.31784,0.0
840.0,-240.0,443.87704,0.0
850.0,-240.0,425.62372,0.0
860.0,-240.0,408.55594,0.0
870.0,-240.0,392.66953,0.0
880.0,-240.0,377.9629,0.0
890.0,-240.0,364.4324,0.0
900.0,-240.0,352.07565,0.0
910.0,-240.0,340.89026,0.0
920.0,-240.0,330.87317,0.0
930.0,-240.0,322.02142,0.0
940.0,-240.0,314.3333,0.0
950.0,-240.0,307.80612,0.0
960.0,-240.0,302.43677,0.0
970.0,-240.0,298.22327,0.0
980.0,-240.0,295.16266,0.0
990.0,-240.0,293.2531,0.0
1000.0,-240.0,292.4923,0.0
1010.0,-240.0,292.87674,0.0
1020.0,-240.0,294.4049,0.0
1030.0,-240.0,297.07498,0.0
1040.0,-240.0,300.8839,0.0
1050.0,-240.0,305.82895,0.0
1060.0,-240.0,311.909,0.0
1070.0,-240.0,319.12134,0.0
1080.0,-240.0,327.46347,0.0
1090.0,-240.0,336.93414,0.0
1100.0,-240.0,347.5296,0.0
1110.0,-240.0,359.24738,0.0
1120.0,-240.0,372.08813,0.0
1130.0,-240.0,386.04803,0.0
1140.0,-240.0,401.1249,0.0
1150.0,-240.0,417.31705,0.0
1160.0,-240.0,434.62228,0.0
1170.0,-240.0,453.03793,0.0
1180.0,-240.0,472.56262,0.0
1190.0,-240.0,493.1939,0.0
1200.0,-240.0,514.93005,0.0
1210.0,-240.0,537.76874,0.0
1220.0,-240.0,561.70715,0.0
1230.0,-240.0,586.74506,0.0
1240.0,-240.0,612.87976,0.0
1250.0,-240.0,640.10864,0.0
1260.0,-240.0,668.4297,0.0
1270.0,-240.0,697.8418,0.0
1280.0,-240.0,728.34216,0.0
1290.0,-240.0,759.9287,0.0
1300.0,-240.0,792.5996,0.0
1310.0,-240.0,826.353,0.0
1320.0,-240.0,861.1868,0.0
1330.0,-240.0,897.0986,0.0
1340.0,-240.0,934.0874,0.0
1350.0,-240.0,972.15015,0.0
1360.0,-240.0,1011.2853,0.0
1370.0,-240.0,1051.4907,0.0
1380.0,-240.0,1092.7642,0.0
1390.0,-240.0,1135.1033,0.0
1400.0,-240.0,1178.5068,0.0
1410.0,-240.0,1222.9724,0.0
1420.0,-240.0,1268.4968,0.0
1430.0,-240.0,1315.0797,0.0
1440.0,-240.0,1362.717,0.0
1450.0,-240.0,1411.4082,0.0
1460.0,-240.0,1461.1512,0.0
1470.0,-240.0,1511.9431,0.0
1480.0,-240.0,1563.7819,0.0
1490.0,-240.0,1616.6646,0.0
1500.0,-240.0,1670.5903,0.0
1510.0,-240.0,1725.5559,0.0
1520.0,-240.0,1781.5591,0.0
1530.0,-240.0,1838.5981,0.0
1540.0,-240.0,1896.6699,0.0
1550.0,-240.0,1955.7717,0.0
1560.0,-240.0,2015.9038,0.0
1570.0,-240.0,2077.0608,0.0
1580.0,-240.0,2139.2417,0.0
1590.0,-240.0,2202.4438,0.0
1600.0,-240.0,2266.6648,0.0
1610.0,-240.0,2331.9014,0.0
1620.0,-240.0,2398.151,0.0
1630.0,-240.0,2465.4111,0.0
1640.0,-240.0,2533.6794,0.0
1650.0,-240.0,2602.954,0.0
1660.0,-240.0,2673.231,0.0
1670.0,-240.0,2744.5078,0.0
1680.0,-240.0,2816.7827,0.0
1690.0,-240.0,2890.0508,0.0
1700.0,-240.0,2964.3127,0.0
1710.0,-240.0,3039.561,0.0
1720.0,-240.0,3115.7944,0.0
1730.0,-240.0,3193.0125,0.0
1740.0,-240.0,3271.209,0.0
1750.0,-240.0,3350.3809,0.0
1760.0,-240.0,3430.5273,0.0
1770.0,-240.0,3511.6455,0.0
1780.0,-240.0,3593.7275,0.0
1790.0,-240.0,3676.7761,0.0
1800.0,-240.0,3760.783,0.0
-200.0,-230.0,10198.075,0.0
-190.0,-230.0,10023.793,0.0
-180.0,-230.0,9850.13,0.0
-170.0,-230.0,9677.2,0.0
-160.0,-230.0,9505.141,0.0
-150.0,-230.0,9334.086,0.0
-140.0,-230.0,9164.191,0.0
-130.0,-230.0,8995.605,0.0
-120.0,-230.0,8828.507,0.0
-110.0,-230.0,8663.064,0.0
-100.0,-230.0,8499.468,0.0
-90.0,-230.0,8337.832,0.0
-80.0,-230.0,8178.1533,0.0
-70.0,-230.0,8020.4165,0.0
-60.0,-230.0,7864.6055,0.0
-50.0,-230.0,7710.7095,0.0
-40.0,-230.0,7558.709,0.0
-30.0,-230.0,7408.596,0.0
-20.0,-230.0,7260.3545,0.0
-10.0,-230.0,7113.969,0.0
0.0,-230.0,6969.4316,0.0
10.0,-230.0,6826.724,0.0
20.0,-230.0,6685.8354,0.0
30.0,-230.0,6546.755,0.0
40.0,-230.0,6409.4673,0.0
50.0,-230.0,6273.9624,0.0
60.0,-230.0,6140.2266,0.0
70.0,-230.0,6008.2505,0.0
80.0,-230.0,5878.021,0.0
90.0,-230.0,5749.5293,0.0
100.0,-230.0,5622.759,0.0
110.0,-230.0,5497.703,0.0
120.0,-230.0,5374.3506,0.0
130.0,-230.0,5252.6885,0.0
140.0,-230.0,5132.707,0.0
150.0,-230.0,5014.398,0.0
160.0,-230.0,4897.7495,0.0
170.0,-230.0,4782.752,0.0
180.0,-230.0,4669.3975,0.0
190.0,-230.0,4557.6733,0.0
200.0,-230.0,4447.5703,0.0
210.0,-230.0,4339.0806,0.0
220.0,-230.0,4232.1934,0.0
230.0,-230.0,4126.9023,0.0
240.0,-230.0,4023.1958,0.0
250.0,-230.0,3921.065,0.0
260.0,-230.0,3820.503,0.0
270.0,-230.0,3721.5015,0.0
280.0,-230.0,3624.0518,0.0
290.0,-230.0,3528.1438,0.0
300.0,-230.0,3433.7722,0.0
310.0,-230.0,3340.9275,0.0
320.0,-230.0,3249.601,0.0
330.0,-230.0,3159.7876,0.0
340.0,-230.0,3071.4783,0.0
350.0,-230.0,2984.665,0.0
360.0,-230.0,2899.3428,0.0
370.0,-230.0,2815.5024,0.0
380.0,-230.0,2733.138,0.0
390.0,-230.0,2652.2417,0.0
400.0,-230.0,2572.8057,0.0
410.0,-230.0,2494.8262,0.0
420.0,-230.0,2418.295,0.0
430.0,-230.0,2343.205,0.0
440.0,-230.0,2269.5503,0.0
450.0,-230.0,2197.3257,0.0
460.0,-230.0,2126.524,0.0
470.0,-230.0,2057.1394,0.0
480.0,-230.0,1989.166,0.0
490.0,-230.0,1922.5977,0.0
500.0,-230.0,1857.4285,0.0
510.0,-230.0,1793.654,0.0
520.0,-230.0,1731.2678,0.0
530.0,-230.0,1670.2644,0.0
540.0,-230.0,1610.6376,0.0
550.0,-230.0,1552.3842,0.0
560.0,-230.0,1495.4973,0.0
570.0,-230.0,1439.9724,0.0
580.0,-230.0,1385.8047,0.0
590.0,-230.0,1332.9885,0.0
600.0,-230.0,1281.5198,0.0
610.0,-230.0,1231.3936,0.0
620.0,-230.0,1182.6051,0.0
630.0,-230.0,1135.1494,0.0
640.0,-230.0,1089.0219,0.0
650.0,-230.0,1044.2184,0.0
660.0,-230.0,1000.73413,0.0
670.0,-230.0,958.56573,0.0
680.0,-230.0,917.7081,0.0
690.0,-230.0,878.15704,0.0
700.0,-230.0,839.9092,0.0
710.0,-230.0,802.9597,0.0
720.0,-230.0,767.30566,0.0
730.0,-230.0,732.9415,0.0
740.0,-230.0,699.865,0.0
750.0,-230.0,668.0713,0.0
760.0,-230.0,637.5575,0.0
770.0,-230.0,608.31946,0.0
780.0,-230.0,580.3533,0.0
790.0,-230.0,553.65607,0.0
800.0,-230.0,528.2229,0.0
810.0,-230.0,504.05255,0.0
820.0,-230.0,481.14038,0.0
830.0,-230.0,459.48306,0.0
840.0,-230.0,439.07715,0.0
850.0,-230.0,419.92023,0.0
860.0,-230.0,402.0076,0.0
870.0,-230.0,385.33807,0.0
880.0,-230.0,369.90692,0.0
890.0,-230.0,355.7122,0.0
900.0,-230.0,342.75012,0.0
910.0,-230.0,331.01776,0.0
920.0,-230.0,320.5125,0.0
930.0,-230.0,311.2314,0.0
940.0,-230.0,303.17163,0.0
950.0,-230.0,296.33026,0.0
960.0,-230.0,290.7048,0.0
970.0,-230.0,286.292,0.0
980.0,-230.0,283.08972,0.0
990.0,-230.0,281.0945,0.0
1000.0,-230.0,280.3047,0.0
1010.0,-230.0,280.71695,0.0
1020.0,-230.0,282.32898,0.0
1030.0,-230.0,285.13794,0.0
1040.0,-230.0,289.14172,0.0
1050.0,-230.0,294.3375,0.0
1060.0,-230.0,300.72278,0.0
1070.0,-230.0,308.29523,0.0
1080.0,-230.0,317.05267,0.0
1090.0,-230.0,326.9926,0.0
1100.0,-230.0,338.11108,0.0
1110.0,-230.0,350.40738,0.0
1120.0,-230.0,363.87955,0.0
1130.0,-230.0,378.5249,0.0
1140.0,-230.0,394.34076,0.0
1150.0,-230.0,411.3247,0.0
1160.0,-230.0,429.47507,0.0
1170.0,-230.0,448.7886,0.0
1180.0,-230.0,469.26413,0.0
1190.0,-230.0,490.89847,0.0
1200.0,-230.0,513.6901,0.0
1210.0,-230.0,537.636,0.0
1220.0,-230.0,562.7342,0.0
1230.0,-230.0,588.9835,0.0
1240.0,-230.0,616.38055,0.0
1250.0,-230.0,644.9232,0.0
1260.0,-230.0,674.6095,0.0
1270.0,-230.0,705.4377,0.0
1280.0,-230.0,737.40454,0.0
1290.0,-230.0,770.5082,0.0
1300.0,-230.0,804.7477,0.0
1310.0,-230.0,840.1187,0.0
1320.0,-230.0,876.6202,0.0
1330.0,-230.0,914.2501,0.0
1340.0,-230.0,953.0065,0.0
1350.0,-230.0,992.8863,0.0
1360.0,-230.0,1033.8875,0.0
1370.0,-230.0,1076.0076,0.0
1380.0,-230.0,1119.2457,0.0
1390.0,-230.0,1163.5981,0.0
1400.0,-230.0,1209.0627,0.0
1410.0,-230.0,1255.6367,0.0
1420.0,-230.0,1303.3196,0.0
1430.0,-230.0,1352.1072,0.0
1440.0,-230.0,1401.9983,0.0
1450.0,-230.0,1452.9897,0.0
1460.0,-230.0,1505.0798,0.0
1470.0,-230.0,1558.2671,0.0
1480.0,-230.0,1612.5471,0.0
1490.0,-230.0,1667.9177,0.0
1500.0,-230.0,1724.3773,0.0
1510.0,-230.0,1781.9243,0.0
1520.0,-230.0,1840.553,0.0
1530.0,-230.0,1900.2644,0.0
1540.0,-230.0,1961.0532,0.0
1550.0,-230.0,2022.9191,0.0
1560.0,-230.0,2085.857,0.0
1570.0,-230.0,2149.8672,0.0
1580.0,-230.0,2214.9438,0.0
1590.0,-230.0,2281.0852,0.0
1600.0,-230.0,2348.2917,0.0
1610.0,-230.0,2416.556,0.0
1620.0,-230.0,2485.877,0.0
1630.0,-230.0,2556.2515,0.0
1640.0,-230.0,2627.6787,0.0
1650.0,-230.0,2700.1519,0.0
1660.0,-230.0,2773.6704,0.0
1670.0,-230.0,2848.2305,0.0
1680.0,-230.0,2923.8306,0.0
1690.0,-230.0,3000.4639,0.0
1700.0,-230.0,3078.1313,0.0
1710.0,-230.0,3156.8264,0.0
1720.0,-230.0,3236.5493,0.0
1730.0,-230.0,3317.2937,0.0
1740.0,-230.0,3399.057,0.0
1750.0,-230.0,3481.8335,0.0
1760.0,-230.0,3565.623,0.0
1770.0,-230.0,3650.4216,0.0
1780.0,-230.0,3736.2253,0.0
1790.0,-230.0,3823.0317,0.0
1800.0,-230.0,3910.8306,0.0
-200.0,-220.0,10751.355,0.0
-190.0,-220.0,10571.996,0.0
-180.0,-220.0,10392.845,0.0
-170.0,-220.0,10213.994,0.0
-160.0,-220.0,10035.573,0.0
-150.0,-220.0,9857.692,0.0
-140.0,-220.0,9680.484,0.0
-130.0,-220.0,9504.076,0.0
-120.0,-220.0,9328.623,0.0
-110.0,-220.0,9154.273,0.0
-100.0,-220.0,8981.189,0.0
-90.0,-220.0,8809.548,0.0
-80.0,-220.0,8639.531,0.0
-70.0,-220.0,8471.334,0.0
-60.0,-220.0,8305.158,0.0
-50.0,-220.0,8141.0586,0.0
-40.0,-220.0,7979.0254,0.0
-30.0,-220.0,7819.042,0.0
-20.0,-220.0,7661.089,0.0
-10.0,-220.0,7505.154,0.0
0.0,-220.0,7351.2197,0.0
10.0,-220.0,7199.271,0.0
20.0,-220.0,7049.2944,0.0
30.0,-220.0,6901.275,0.0
40.0,-220.0,6755.198,0.0
50.0,-220.0,6611.046,0.0
60.0,-220.0,6468.8115,0.0
70.0,-220.0,6328.4766,0.0
80.0,-220.0,6190.0293,0.0
90.0,-220.0,6053.4556,0.0
100.0,-220.0,5918.741,0.0
110.0,-220.0,5785.875,0.0
120.0,-220.0,5654.846,0.0
130.0,-220.0,5525.639,0.0
140.0,-220.0,5398.2417,0.0
150.0,-220.0,5272.6426,0.0
160.0,-220.0,5148.833,0.0
170.0,-220.0,5026.7983,0.0
180.0,-220.0,4906.5273,0.0
190.0,-220.0,4788.009,0.0
200.0,-220.0,4671.2324,0.0
210.0,-220.0,4556.1885,0.0
220.0,-220.0,4442.8643,0.0
230.0,-220.0,4331.249,0.0
240.0,-220.0,4221.3335,0.0
250.0,-220.0,4113.107,0.0
260.0,-220.0,4006.5615,0.0
270.0,-220.0,3901.686,0.0
280.0,-220.0,3798.4722,0.0
290.0,-220.0,3696.9072,0.0
300.0,-220.0,3596.9844,0.0
310.0,-220.0,3498.6953,0.0
320.0,-220.0,3402.0283,0.0
330.0,-220.0,3306.9775,0.0
340.0,-220.0,3213.5325,0.0
350.0,-220.0,3121.685,0.0
360.0,-220.0,3031.4268,0.0
370.0,-220.0,2942.75,0.0
380.0,-220.0,2855.6458,0.0
390.0,-220.0,2770.106,0.0
400.0,-220.0,2686.124,0.0
410.0,-220.0,2603.692,0.0
420.0,-220.0,2522.8018,0.0
430.0,-220.0,2443.4458,0.0
440.0,-220.0,2365.618,0.0
450.0,-220.0,2289.3096,0.0
460.0,-220.0,2214.5146,0.0
470.0,-220.0,2141.2268,0.0
480.0,-220.0,2069.4375,0.0
490.0,-220.0,1999.142,0.0
500.0,-220.0,1930.3314,0.0
510.0,-220.0,1863.0017,0.0
520.0,-220.0,1797.145,0.0
530.0,-220.0,1732.7563,0.0
540.0,-220.0,1669.8286,0.0
550.0,-220.0,1608.356,0.0
560.0,-220.0,1548.3323,0.0
570.0,-220.0,1489.7527,0.0
580.0,-220.0,1432.6106,0.0
590.0,-220.0,1376.8999,0.0
600.0,-220.0,1322.6174,0.0
610.0,-220.0,1269.7563,0.0
620.0,-220.0,1218.3098,0.0
630.0,-220.0,1168.2754,0.0
640.0,-220.0,1119.6462,0.0
650.0,-220.0,1072.4172,0.0
660.0,-220.0,1026.5844,0.0
670.0,-220.0,982.1413,0.0
680.0,-220.0,939.08435,0.0
690.0,-220.0,897.40875,0.0
700.0,-220.0,857.11,0.0
710.0,-220.0,818.18335,0.0
720.0,-220.0,780.62396,0.0
730.0,-220.0,744.4271,0.0
740.0,-220.0,709.5901,0.0
750.0,-220.0,676.10693,0.0
760.0,-220.0,643.97455,0.0
770.0,-220.0,613.18835,0.0
780.0,-220.0,583.74426,0.0
790.0,-220.0,555.6387,0.0
800.0,-220.0,528.86743,0.0
810.0,-220.0,503.4262,0.0
820.0,-220.0,479.31158,0.0
830.0,-220.0,456.5206,0.0
840.0,-220.0,435.04852,0.0
850.0,-220.0,414.89197,0.0
860.0,-220.0,396.0475,0.0
870.0,-220.0,378.51147,0.0
880.0,-220.0,362.28055,0.0
890.0,-220.0,347.3516,0.0
900.0,-220.0,333.72107,0.0
910.0,-220.0,321.3855,0.0
920.0,-220.0,310.34128,0.0
930.0,-220.0,300.58575,0.0
940.0,-220.0,292.11588,0.0
950.0,-220.0,284.92816,0.0
960.0,-220.0,279.0198,0.0
970.0,-220.0,274.38742,0.0
980.0,-220.0,271.02826,0.0
990.0,-220.0,268.93896,0.0
1000.0,-220.0,268.11755,0.0
1010.0,-220.0,268.55988,0.0
1020.0,-220.0,270.26392,0.0
1030.0,-220.0,273.22647,0.0
1040.0,-220.0,277.4453,0.0
1050.0,-220.0,282.91675,0.0
1060.0,-220.0,289.6389,0.0
1070.0,-220.0,297.60864,0.0
1080.0,-220.0,306.82343,0.0
1090.0,-220.0,317.28027,0.0
1100.0,-220.0,328.97534,0.0
1110.0,-220.0,341.9093,0.0
1120.0,-220.0,356.0772,0.0
1130.0,-220.0,371.4776,0.0
1140.0,-220.0,388.10703,0.0
1150.0,-220.0,405.9638,0.0
1160.0,-220.0,425.0444,0.0
1170.0,-220.0,445.34674,0.0
1180.0,-220.0,466.86914,0.0
1190.0,-220.0,489.60767,0.0
1200.0,-220.0,513.5609,0.0
1210.0,-220.0,538.7261,0.0
1220.0,-220.0,565.1008,0.0
1230.0,-220.0,592.6831,0.0
1240.0,-220.0,621.46936,0.0
1250.0,-220.0,651.45776,0.0
1260.0,-220.0,682.64636,0.0
1270.0,-220.0,715.0326,0.0
1280.0,-220.0,748.613,0.0
1290.0,-220.0,783.3864,0.0
1300.0,-220.0,819.3498,0.0
1310.0,-220.0,856.5006,0.0
1320.0,-220.0,894.8368,0.0
1330.0,-220.0,934.356,0.0
1340.0,-220.0,975.0552,0.0
1350.0,-220.0,1016.93286,0.0
1360.0,-220.0,1059.9866,0.0
1370.0,-220.0,1104.2125,0.0
1380.0,-220.0,1149.6089,0.0
1390.0,-220.0,1196.1735,0.0
1400.0,-220.0,1243.9033,0.0
1410.0,-220.0,1292.7955,0.0
1420.0,-220.0,1342.8492,0.0
1430.0,-220.0,1394.0599,0.0
1440.0,-220.0,1446.4272,0.0
1450.0,-220.0,1499.9458,0.0
1460.0,-220.0,1554.6147,0.0
1470.0,-220.0,1610.4319,0.0
1480.0,-220.0,1667.3936,0.0
1490.0,-220.0,1725.4962,0.0
1500.0,-220.0,1784.7388,0.0
1510.0,-220.0,1845.1183,0.0
1520.0,-220.0,1906.6307,0.0
1530.0,-220.0,1969.2747,0.0
1540.0,-220.0,2033.0479,0.0
1550.0,-220.0,2097.9448,0.0
1560.0,-220.0,2163.9639,0.0
1570.0,-220.0,2231.1025,0.0
1580.0,-220.0,2299.3567,0.0
1590.0,-220.0,2368.7253,0.0
1600.0,-220.0,2439.205,0.0
1610.0,-220.0,2510.7898,0.0
1620.0,-220.0,2583.4785,0.0
1630.0,-220.0,2657.2686,0.0
1640.0,-220.0,2732.155,0.0
1650.0,-220.0,2808.1357,0.0
1660.0,-220.0,2885.2065,0.0
1670.0,-220.0,2963.3643,0.0
1680.0,-220.0,3042.6074,0.0
1690.0,-220.0,3122.927,0.0
1700.0,-220.0,3204.3247,0.0
1710.0,-220.0,3286.7969,0.0
1720.0,-220.0,3370.3376,0.0
1730.0,-220.0,3454.9417,0.0
1740.0,-220.0,3540.608,0.0
1750.0,-220.0,3627.331,0.0
1760.0,-220.0,3715.1094,0.0
1770.0,-220.0,3803.935,0.0
1780.0,-220.0,3893.808,0.0
1790.0,-220.0,3984.7197,0.0
1800.0,-220.0,4076.6726,0.0
-200.0,-210.0,11345.284,0.0
-190.0,-210.0,11162.085,0.0
-180.0,-210.0,10978.705,0.0
-170.0,-210.0,10795.231,0.0
-160.0,-210.0,10611.764,0.0
-150.0,-210.0,10428.404,0.0
-140.0,-210.0,10245.259,0.0
-130.0,-210.0,10062.44,0.0
-120.0,-210.0,9880.078,0.0
-110.0,-210.0,9698.298,0.0
-100.0,-210.0,9517.243,0.0
-90.0,-210.0,9337.059,0.0
-80.0,-210.0,9157.905,0.0
-70.0,-210.0,8979.945,0.0
-60.0,-210.0,8803.368,0.0
-50.0,-210.0,8628.36,0.0
-40.0,-210.0,8455.125,0.0
-30.0,-210.0,8283.886,0.0
-20.0,-210.0,8114.8276,0.0
-10.0,-210.0,7947.9746,0.0
0.0,-210.0,7783.307,0.0
10.0,-210.0,7620.8076,0.0
20.0,-210.0,7460.46,0.0
30.0,-210.0,7302.245,0.0
40.0,-210.0,7146.1455,0.0
50.0,-210.0,6992.1426,0.0
60.0,-210.0,6840.228,0.0
70.0,-210.0,6690.3765,0.0
80.0,-210.0,6542.579,0.0
90.0,-210.0,6396.8154,0.0
100.0,-210.0,6253.0723,0.0
110.0,-210.0,6111.335,0.0
120.0,-210.0,5971.588,0.0
130.0,-210.0,5833.817,0.0
140.0,-210.0,5698.004,0.0
150.0,-210.0,5564.1426,0.0
160.0,-210.0,5432.213,0.0
170.0,-210.0,5302.205,0.0
180.0,-210.0,5174.1045,0.0
190.0,-210.0,5047.8965,0.0
200.0,-210.0,4923.5693,0.0
210.0,-210.0,4801.1113,0.0
220.0,-210.0,4680.5083,0.0
230.0,-210.0,4561.7505,0.0
240.0,-210.0,4444.8223,0.0
250.0,-210.0,4329.7134,0.0
260.0,-210.0,4216.415,0.0
270.0,-210.0,4104.913,0.0
280.0,-210.0,3995.1968,0.0
290.0,-210.0,3887.2568,0.0
300.0,-210.0,3781.0806,0.0
310.0,-210.0,3676.6565,0.0
320.0,-210.0,3573.9766,0.0
330.0,-210.0,3473.0295,0.0
340.0,-210.0,3373.8057,0.0
350.0,-210.0,3276.295,0.0
360.0,-210.0,3180.4866,0.0
370.0,-210.0,3086.3735,0.0
380.0,-210.0,2993.9458,0.0
390.0,-210.0,2903.1917,0.0
400.0,-210.0,2814.1045,0.0
410.0,-210.0,2726.6743,0.0
420.0,-210.0,2640.8936,0.0
430.0,-210.0,2556.7532,0.0
440.0,-210.0,2474.2446,0.0
450.0,-210.0,2393.3586,0.0
460.0,-210.0,2314.0894,0.0
470.0,-210.0,2236.4272,0.0
480.0,-210.0,2160.3655,0.0
490.0,-210.0,2085.896,0.0
500.0,-210.0,2013.0096,0.0
510.0,-210.0,1941.7018,0.0
520.0,-210.0,1871.9639,0.0
530.0,-210.0,1803.7886,0.0
540.0,-210.0,1737.1683,0.0
550.0,-210.0,1672.0979,0.0
560.0,-210.0,1608.5698,0.0
570.0,-210.0,1546.5767,0.0
580.0,-210.0,1486.1132,0.0
590.0,-210.0,1427.172,0.0
600.0,-210.0,1369.7473,0.0
610.0,-210.0,1313.8325,0.0
620.0,-210.0,1259.422,0.0
630.0,-210.0,1206.51,0.0
640.0,-210.0,1155.0901,0.0
650.0,-210.0,1105.1572,0.0
660.0,-210.0,1056.7048,0.0
670.0,-210.0,1009.72784,0.0
680.0,-210.0,964.22034,0.0
690.0,-210.0,920.1776,0.0
700.0,-210.0,877.594,0.0
710.0,-210.0,836.46484,0.0
720.0,-210.0,796.7845,0.0
730.0,-210.0,758.5481,0.0
740.0,-210.0,721.75146,0.0
750.0,-210.0,686.38885,0.0
760.0,-210.0,652.4559,0.0
770.0,-210.0,619.94806,0.0
780.0,-210.0,588.86035,0.0
790.0,-210.0,559.1885,0.0
800.0,-210.0,530.92847,0.0
810.0,-210.0,504.07553,0.0
820.0,-210.0,478.6251,0.0
830.0,-210.0,454.57385,0.0
840.0,-210.0,431.9168,0.0
850.0,-210.0,410.65063,0.0
860.0,-210.0,390.7707,0.0
870.0,-210.0,372.27307,0.0
880.0,-210.0,355.1541,0.0
890.0,-210.0,339.41022,0.0
900.0,-210.0,325.03766,0.0
910.0,-210.0,312.03198,0.0
920.0,-210.0,300.39044,0.0
930.0,-210.0,290.1085,0.0
940.0,-210.0,281.18378,0.0
950.0,-210.0,273.61176,0.0
960.0,-210.0,267.38956,0.0
970.0,-210.0,262.51343,0.0
980.0,-210.0,258.9803,0.0
990.0,-210.0,256.78717,0.0
1000.0,-210.0,255.93024,0.0
1010.0,-210.0,256.4062,0.0
1020.0,-210.0,258.21252,0.0
1030.0,-210.0,261.3452,0.0
1040.0,-210.0,265.80173,0.0
1050.0,-210.0,271.57904,0.0
1060.0,-210.0,278.67416,0.0
1070.0,-210.0,287.0838,0.0
1080.0,-210.0,296.8051,0.0
1090.0,-210.0,307.8344,0.0
1100.0,-210.0,320.1687,0.0
1110.0,-210.0,333.80768,0.0
1120.0,-210.0,348.7458,0.0
1130.0,-210.0,364.98212,0.0
1140.0,-210.0,382.51212,0.0
1150.0,-210.0,401.33405,0.0
1160.0,-210.0,421.44485,0.0
1170.0,-210.0,442.8415,0.0
1180.0,-210.0,465.52182,0.0
1190.0,-210.0,489.4819,0.0
1200.0,-210.0,514.72034,0.0
1210.0,-210.0,541.2346,0.0
1220.0,-210.0,569.02057,0.0
1230.0,-210.0,598.0762,0.0
1240.0,-210.0,628.3994,0.0
1250.0,-210.0,659.9868,0.0
1260.0,-210.0,692.8359,0.0
1270.0,-210.0,726.94434,0.0
1280.0,-210.0,762.3091,0.0
1290.0,-210.0,798.9269,0.0
1300.0,-210.0,836.79626,0.0
1310.0,-210.0,875.9139,0.0
1320.0,-210.0,916.2773,0.0
1330.0,-210.0,957.8838,0.0
1340.0,-210.0,1000.73096,0.0
1350.0,-210.0,1044.8148,0.0
1360.0,-210.0,1090.1354,0.0
1370.0,-210.0,1136.6868,0.0
1380.0,-210.0,1184.467,0.0
1390.0,-210.0,1233.474,0.0
1400.0,-210.0,1283.7059,0.0
1410.0,-210.0,1335.158,0.0
1420.0,-210.0,1387.8285,0.0
1430.0,-210.0,1441.715,0.0
1440.0,-210.0,1496.8132,0.0
1450.0,-210.0,1553.1221,0.0
1460.0,-210.0,1610.6367,0.0
1470.0,-210.0,1669.3569,0.0
1480.0,-210.0,1729.2762,0.0
1490.0,-210.0,1790.3928,0.0
1500.0,-210.0,1852.7054,0.0
1510.0,-210.0,1916.2098,0.0
1520.0,-210.0,1980.9026,0.0
1530.0,-210.0,2046.7814,0.0
1540.0,-210.0,2113.8418,0.0
1550.0,-210.0,2182.081,0.0
1560.0,-210.0,2251.496,0.0
1570.0,-210.0,2322.0835,0.0
1580.0,-210.0,2393.8403,0.0
1590.0,-210.0,2466.7612,0.0
1600.0,-210.0,2540.8481,0.0
1610.0,-210.0,2616.0896,0.0
1620.0,-210.0,2692.4883,0.0
1630.0,-210.0,2770.0388,0.0
1640.0,-210.0,2848.7366,0.0
1650.0,-210.0,2928.5754,0.0
1660.0,-210.0,3009.5571,0.0
1670.0,-210.0,3091.675,0.0
1680.0,-210.0,3174.9243,0.0
1690.0,-210.0,3259.302,0.0
1700.0,-210.0,3344.805,0.0
1710.0,-210.0,3431.4287,0.0
1720.0,-210.0,3519.166,0.0
1730.0,-210.0,3608.0151,0.0
1740.0,-210.0,3697.9695,0.0
1750.0,-210.0,3789.0308,0.0
1760.0,-210.0,3881.1892,0.0
1770.0,-210.0,3974.4373,0.0
1780.0,-210.0,4068.7766,0.0
1790.0,-210.0,4164.203,0.0
1800.0,-210.0,4260.7026,0.0
-200.0,-200.0,11978.266,0.0
-190.0,-200.0,11792.518,0.0
-180.0,-200.0,11606.232,0.0
-170.0,-200.0,11419.481,0.0
-160.0,-200.0,11232.347,0.0
-150.0,-200.0,11044.911,0.0
-140.0,-200.0,10857.264,0.0
-130.0,-200.0,10669.504,0.0
-120.0,-200.0,10481.732,0.0
-110.0,-200.0,10294.0625,0.0
-100.0,-200.0,10106.604,0.0
-90.0,-200.0,9919.492,0.0
-80.0,-200.0,9732.852,0.0
-70.0,-200.0,9546.828,0.0
-60.0,-200.0,9361.573,0.0
-50.0,-200.0,9177.25,0.0
-40.0,-200.0,8994.025,0.0
-30.0,-200.0,8812.096,0.0
-20.0,-200.0,8631.653,0.0
-10.0,-200.0,8452.912,0.0
0.0,-200.0,8276.098,0.0
10.0,-200.0,8101.454,0.0
20.0,-200.0,7929.157,0.0
30.0,-200.0,7759.1987,0.0
40.0,-200.0,7591.5674,0.0
50.0,-200.0,7426.2344,0.0
60.0,-200.0,7263.1895,0.0
70.0,-200.0,7102.409,0.0
80.0,-200.0,6943.873,0.0
90.0,-200.0,6787.5664,0.0
100.0,-200.0,6633.4663,0.0
110.0,-200.0,6481.5586,0.0
120.0,-200.0,6331.8247,0.0
130.0,-200.0,6184.248,0.0
140.0,-200.0,6038.8076,0.0
150.0,-200.0,5895.49,0.0
160.0,-200.0,5754.2812,0.0
170.0,-200.0,5615.163,0.0
180.0,-200.0,5478.118,0.0
190.0,-200.0,5343.133,0.0
200.0,-200.0,5210.1914,0.0
210.0,-200.0,5079.2793,0.0
220.0,-200.0,4950.382,0.0
230.0,-200.0,4823.4834,0.0
240.0,-200.0,4698.5713,0.0
250.0,-200.0,4575.63,0.0
260.0,-200.0,4454.6484,0.0
270.0,-200.0,4335.612,0.0
280.0,-200.0,4218.5073,0.0
290.0,-200.0,4103.3223,0.0
300.0,-200.0,3990.0435,0.0
310.0,-200.0,3878.6575,0.0
320.0,-200.0,3769.1548,0.0
330.0,-200.0,3661.5205,0.0
340.0,-200.0,3555.7449,0.0
350.0,-200.0,3451.816,0.0
360.0,-200.0,3349.7227,0.0
370.0,-200.0,3249.4546,0.0
380.0,-200.0,3150.998,0.0
390.0,-200.0,3054.3457,0.0
400.0,-200.0,2959.4834,0.0
410.0,-200.0,2866.4045,0.0
420.0,-200.0,2775.0962,0.0
430.0,-200.0,2685.5508,0.0
440.0,-200.0,2597.7551,0.0
450.0,-200.0,2511.7036,0.0
460.0,-200.0,2427.3838,0.0
470.0,-200.0,2344.7878,0.0
480.0,-200.0,2263.9075,0.0
490.0,-200.0,2184.732,0.0
500.0,-200.0,2107.253,0.0
510.0,-200.0,2031.4629,0.0
520.0,-200.0,1957.3535,0.0
530.0,-200.0,1884.9148,0.0
540.0,-200.0,1814.1395,0.0
550.0,-200.0,1745.0208,0.0
560.0,-200.0,1677.55,0.0
570.0,-200.0,1611.7188,0.0
580.0,-200.0,1547.5212,0.0
590.0,-200.0,1484.9481,0.0
600.0,-200.0,1423.9934,0.0
610.0,-200.0,1364.6501,0.0
620.0,-200.0,1306.9104,0.0
630.0,-200.0,1250.7683,0.0
640.0,-200.0,1196.2157,0.0
650.0,-200.0,1143.2478,0.0
660.0,-200.0,1091.8574,0.0
670.0,-200.0,1042.0386,0.0
680.0,-200.0,993.7832,0.0
690.0,-200.0,947.0877,0.0
700.0,-200.0,901.9436,0.0
710.0,-200.0,858.3468,0.0
720.0,-200.0,816.29083,0.0
730.0,-200.0,775.77,0.0
740.0,-200.0,736.7791,0.0
750.0,-200.0,699.31226,0.0
760.0,-200.0,663.3639,0.0
770.0,-200.0,628.92957,0.0
780.0,-200.0,596.0033,0.0
790.0,-200.0,564.5801,0.0
800.0,-200.0,534.6548,0.0
810.0,-200.0,506.22324,0.0
820.0,-200.0,479.27982,0.0
830.0,-200.0,453.82022,0.0
840.0,-200.0,429.8396,0.0
850.0,-200.0,407.33316,0.0
860.0,-200.0,386.2964,0.0
870.0,-200.0,366.72504,0.0
880.0,-200.0,348.6142,0.0
890.0,-200.0,331.9604,0.0
900.0,-200.0,316.759,0.0
910.0,-200.0,303.006,0.0
920.0,-200.0,290.69727,0.0
930.0,-200.0,279.8283,0.0
940.0,-200.0,270.3959,0.0
950.0,-200.0,262.39545,0.0
960.0,-200.0,255.82321,0.0
970.0,-200.0,250.67546,0.0
980.0,-200.0,246.94865,0.0
990.0,-200.0,244.6391,0.0
1000.0,-200.0,243.74298,0.0
1010.0,-200.0,244.2562,0.0
1020.0,-200.0,246.1761,0.0
1030.0,-200.0,249.4987,0.0
1040.0,-200.0,254.22092,0.0
1050.0,-200.0,260.33844,0.0
1060.0,-200.0,267.849,0.0
1070.0,-200.0,276.7483,0.0
1080.0,-200.0,287.03333,0.0
1090.0,-200.0,298.69995,0.0
1100.0,-200.0,311.74695,0.0
1110.0,-200.0,326.16983,0.0
1120.0,-200.0,341.96564,0.0
1130.0,-200.0,359.1321,0.0
1140.0,-200.0,377.6646,0.0
1150.0,-200.0,397.56024,0.0
1160.0,-200.0,418.81726,0.0
1170.0,-200.0,441.4309,0.0
1180.0,-200.0,465.3988,0.0
1190.0,-200.0,490.71848,0.0
1200.0,-200.0,517.38635,0.0
1210.0,-200.0,545.39954,0.0
1220.0,-200.0,574.75543,0.0
1230.0,-200.0,605.4499,0.0
1240.0,-200.0,637.48065,0.0
1250.0,-200.0,670.8445,0.0
1260.0,-200.0,705.5404,0.0
1270.0,-200.0,741.5624,0.0
1280.0,-200.0,778.9094,0.0
1290.0,-200.0,817.5774,0.0
1300.0,-200.0,857.56433,0.0
1310.0,-200.0,898.86676,0.0
1320.0,-200.0,941.482,0.0
1330.0,-200.0,985.40704,0.0
1340.0,-200.0,1030.6387,0.0
1350.0,-200.0,1077.1732,0.0
1360.0,-200.0,1125.0089,0.0
1370.0,-200.0,1174.1416,0.0
1380.0,-200.0,1224.5695,0.0
1390.0,-200.0,1276.2893,0.0
1400.0,-200.0,1329.297,0.0
1410.0,-200.0,1383.5897,0.0
1420.0,-200.0,1439.1643,0.0
1430.0,-200.0,1496.0186,0.0
1440.0,-200.0,1554.148,0.0
1450.0,-200.0,1613.5514,0.0
1460.0,-200.0,1674.2227,0.0
1470.0,-200.0,1736.16,0.0
1480.0,-200.0,1799.3602,0.0
1490.0,-200.0,1863.8204,0.0
1500.0,-200.0,1929.5365,0.0
1510.0,-200.0,1996.5034,0.0
1520.0,-200.0,2064.7217,0.0
1530.0,-200.0,2134.1833,0.0
1540.0,-200.0,2204.8882,0.0
1550.0,-200.0,2276.8289,0.0
1560.0,-200.0,2350.0068,0.0
1570.0,-200.0,2424.4136,0.0
1580.0,-200.0,2500.0483,0.0
1590.0,-200.0,2576.9067,0.0
1600.0,-200.0,2654.984,0.0
1610.0,-200.0,2734.2764,0.0
1620.0,-200.0,2814.7803,0.0
1630.0,-200.0,2896.4893,0.0
1640.0,-200.0,2979.4033,0.0
1650.0,-200.0,3063.5127,0.0
1660.0,-200.0,3148.8174,0.0
1670.0,-200.0,3235.3145,0.0
1680.0,-200.0,3322.9941,0.0
1690.0,-200.0,3411.856,0.0
1700.0,-200.0,3501.8936,0.0
1710.0,-200.0,3593.1006,0.0
1720.0,-200.0,3685.4775,0.0
1730.0,-200.0,3779.0137,0.0
1740.0,-200.0,3873.7048,0.0
1750.0,-200.0,3969.5493,0.0
1760.0,-200.0,4066.541,0.0
1770.0,-200.0,4164.6704,0.0
1780.0,-200.0,4263.9365,0.0
1790.0,-200.0,4364.3345,0.0
1800.0,-200.0,4465.8555,0.0
-200.0,-190.0,12648.117,0.0
-190.0,-190.0,12461.174,0.0
-180.0,-190.0,12273.366,0.0
-170.0,-190.0,12084.745,0.0
-160.0,-190.0,11895.379,0.0
-150.0,-190.0,11705.337,0.0
-140.0,-190.0,11514.689,0.0
-130.0,-190.0,11323.518,0.0
-120.0,-190.0,11131.905,0.0
-110.0,-190.0,10939.945,0.0
-100.0,-190.0,10747.732,0.0
-90.0,-190.0,10555.369,0.0
-80.0,-190.0,10362.961,0.0
-70.0,-190.0,10170.632,0.0
-60.0,-190.0,9978.509,0.0
-50.0,-190.0,9786.721,0.0
-40.0,-190.0,9595.415,0.0
-30.0,-190.0,9404.745,0.0
-20.0,-190.0,9214.881,0.0
-10.0,-190.0,9025.994,0.0
0.0,-190.0,8838.278,0.0
10.0,-190.0,8651.939,0.0
20.0,-190.0,8467.191,0.0
30.0,-190.0,8284.273,0.0
40.0,-190.0,8103.4336,0.0
50.0,-190.0,7924.945,0.0
60.0,-190.0,7748.9688,0.0
70.0,-190.0,7575.495,0.0
80.0,-190.0,7404.5034,0.0
90.0,-190.0,7235.9673,0.0
100.0,-190.0,7069.867,0.0
110.0,-190.0,6906.1816,0.0
120.0,-190.0,6744.889,0.0
130.0,-190.0,6585.9683,0.0
140.0,-190.0,6429.399,0.0
150.0,-190.0,6275.1616,0.0
160.0,-190.0,6123.2373,0.0
170.0,-190.0,5973.6064,0.0
180.0,-190.0,5826.249,0.0
190.0,-190.0,5681.1484,0.0
200.0,-190.0,5538.2837,0.0
210.0,-190.0,5397.6406,0.0
220.0,-190.0,5259.1973,0.0
230.0,-190.0,5122.9404,0.0
240.0,-190.0,4988.8516,0.0
250.0,-190.0,4856.913,0.0
260.0,-190.0,4727.1104,0.0
270.0,-190.0,4599.429,0.0
280.0,-190.0,4473.8506,0.0
290.0,-190.0,4350.3623,0.0
300.0,-190.0,4228.946,0.0
310.0,-190.0,4109.5894,0.0
320.0,-190.0,3992.276,0.0
330.0,-190.0,3876.993,0.0
340.0,-190.0,3763.727,0.0
350.0,-190.0,3652.4634,0.0
360.0,-190.0,3543.1892,0.0
370.0,-190.0,3435.8916,0.0
380.0,-190.0,3330.558,0.0
390.0,-190.0,3227.1738,0.0
400.0,-190.0,3125.7275,0.0
410.0,-190.0,3026.209,0.0
420.0,-190.0,2928.6035,0.0
430.0,-190.0,2832.9014,0.0
440.0,-190.0,2739.09,0.0
450.0,-190.0,2647.1572,0.0
460.0,-190.0,2557.0942,0.0
470.0,-190.0,2468.8892,0.0
480.0,-190.0,2382.5315,0.0
490.0,-190.0,2298.0103,0.0
500.0,-190.0,2215.315,0.0
510.0,-190.0,2134.437,0.0
520.0,-190.0,2055.3652,0.0
530.0,-190.0,1978.0914,0.0
540.0,-190.0,1902.6045,0.0
550.0,-190.0,1828.896,0.0
560.0,-190.0,1756.9574,0.0
570.0,-190.0,1686.7786,0.0
580.0,-190.0,1618.3518,0.0
590.0,-190.0,1551.6675,0.0
600.0,-190.0,1486.7177,0.0
610.0,-190.0,1423.4949,0.0
620.0,-190.0,1361.9897,0.0
630.0,-190.0,1302.1948,0.0
640.0,-190.0,1244.1028,0.0
650.0,-190.0,1187.7057,0.0
660.0,-190.0,1132.9958,0.0
670.0,-190.0,1079.9663,0.0
680.0,-190.0,1028.6091,0.0
690.0,-190.0,978.91815,0.0
700.0,-190.0,930.8862,0.0
710.0,-190.0,884.5054,0.0
720.0,-190.0,839.77026,0.0
730.0,-190.0,796.67334,0.0
740.0,-190.0,755.209,0.0
750.0,-190.0,715.37036,0.0
760.0,-190.0,677.1522,0.0
770.0,-190.0,640.54736,0.0
780.0,-190.0,605.5502,0.0
790.0,-190.0,572.1553,0.0
800.0,-190.0,540.35565,0.0
810.0,-190.0,510.1474,0.0
820.0,-190.0,481.524,0.0
830.0,-190.0,454.47986,0.0
840.0,-190.0,429.00986,0.0
850.0,-190.0,405.10898,0.0
860.0,-190.0,382.77185,0.0
870.0,-190.0,361.993,0.0
880.0,-190.0,342.76852,0.0
890.0,-190.0,325.09247,0.0
900.0,-190.0,308.96027,0.0
910.0,-190.0,294.36758,0.0
920.0,-190.0,281.3095,0.0
930.0,-190.0,269.78137,0.0
940.0,-190.0,259.77893,0.0
950.0,-190.0,251.29779,0.0
960.0,-190.0,244.3324,0.0
970.0,-190.0,238.88013,0.0
980.0,-190.0,234.93616,0.0
990.0,-190.0,232.49591,0.0
1000.0,-190.0,231.55576,0.0
1010.0,-190.0,232.11105,0.0
1020.0,-190.0,234.15833,0.0
1030.0,-190.0,237.6937,0.0
1040.0,-190.0,242.7128,0.0
1050.0,-190.0,249.2121,0.0
1060.0,-190.0,257.18796,0.0
1070.0,-190.0,266.63632,0.0
1080.0,-190.0,277.55347,0.0
1090.0,-190.0,289.93408,0.0
1100.0,-190.0,303.77817,0.0
1110.0,-190.0,319.0799,0.0
1120.0,-190.0,335.83612,0.0
1130.0,-190.0,354.04364,0.0
1140.0,-190.0,373.69788,0.0
1150.0,-190.0,394.79645,0.0
1160.0,-190.0,417.33533,0.0
1170.0,-190.0,441.31097,0.0
1180.0,-190.0,466.72083,0.0
1190.0,-190.0,493.5611,0.0
1200.0,-190.0,521.8272,0.0
1210.0,-190.0,551.51794,0.0
1220.0,-190.0,582.62866,0.0
1230.0,-190.0,615.1554,0.0
1240.0,-190.0,649.0969,0.0
1250.0,-190.0,684.4481,0.0
1260.0,-190.0,721.2063,0.0
1270.0,-190.0,759.3687,0.0
1280.0,-190.0,798.9305,0.0
1290.0,-190.0,839.89,0.0
1300.0,-190.0,882.24304,0.0
1310.0,-190.0,925.98694,0.0
1320.0,-190.0,971.1177,0.0
1330.0,-190.0,1017.63257,0.0
1340.0,-190.0,1065.5266,0.0
1350.0,-190.0,1114.7987,0.0
1360.0,-190.0,1165.4448,0.0
1370.0,-190.0,1217.4617,0.0
1380.0,-190.0,1270.844,0.0
1390.0,-190.0,1325.591,0.0
1400.0,-190.0,1381.6973,0.0
1410.0,-190.0,1439.1605,0.0
1420.0,-190.0,1497.9767,0.0
1430.0,-190.0,1558.1418,0.0
1440.0,-190.0,1619.6536,0.0
1450.0,-190.0,1682.507,0.0
1460.0,-190.0,1746.6995,0.0
1470.0,-190.0,1812.2283,0.0
1480.0,-190.0,1879.0864,0.0
1490.0,-190.0,1947.2725,0.0
1500.0,-190.0,2016.7814,0.0
1510.0,-190.0,2087.6099,0.0
1520.0,-190.0,2159.755,0.0
1530.0,-190.0,2233.2117,0.0
1540.0,-190.0,2307.975,0.0
1550.0,-190.0,2384.0422,0.0
1560.0,-190.0,2461.4087,0.0
1570.0,-190.0,2540.0688,0.0
1580.0,-190.0,2620.0234,0.0
1590.0,-190.0,2701.2622,0.0
1600.0,-190.0,2783.7837,0.0
1610.0,-190.0,2867.5808,0.0
1620.0,-190.0,2952.6514,0.0
1630.0,-190.0,3038.9883,0.0
1640.0,-190.0,3126.591,0.0
1650.0,-190.0,3215.4485,0.0
1660.0,-190.0,3305.5608,0.0
1670.0,-190.0,3396.9236,0.0
1680.0,-190.0,3489.5278,0.0
1690.0,-190.0,3583.3672,0.0
1700.0,-190.0,3678.4434,0.0
1710.0,-190.0,3774.7417,0.0
1720.0,-190.0,3872.266,0.0
1730.0,-190.0,3971.0015,0.0
1740.0,-190.0,4070.9478,0.0
1750.0,-190.0,4172.0986,0.0
1760.0,-190.0,4274.448,0.0
1770.0,-190.0,4377.99,0.0
1780.0,-190.0,4482.7124,0.0
1790.0,-190.0,4588.6177,0.0
1800.0,-190.0,4695.6934,0.0
-200.0,-180.0,13351.875,0.0
-190.0,-180.0,13165.172,0.0
-180.0,-180.0,12977.288,0.0
-170.0,-180.0,12788.278,0.0
-160.0,-180.0,12598.189,0.0
-150.0,-180.0,12407.08,0.0
-140.0,-180.0,12215.008,0.0
-130.0,-180.0,12022.031,0.0
-120.0,-180.0,11828.218,0.0
-110.0,-180.0,11633.646,0.0
-100.0,-180.0,11438.391,0.0
-90.0,-180.0,11242.531,0.0
-80.0,-180.0,11046.158,0.0
-70.0,-180.0,10849.366,0.0
-60.0,-180.0,10652.256,0.0
-50.0,-180.0,10454.937,0.0
-40.0,-180.0,10257.526,0.0
-30.0,-180.0,10060.152,0.0
-20.0,-180.0,9862.951,0.0
-10.0,-180.0,9666.066,0.0
0.0,-180.0,9469.648,0.0
10.0,-180.0,9273.877,0.0
20.0,-180.0,9078.924,0.0
30.0,-180.0,8884.986,0.0
40.0,-180.0,8692.268,0.0
50.0,-180.0,8500.993,0.0
60.0,-180.0,8311.414,0.0
70.0,-180.0,8123.781,0.0
80.0,-180.0,7938.3774,0.0
90.0,-180.0,7755.504,0.0
100.0,-180.0,7575.331,0.0
110.0,-180.0,7397.84,0.0
120.0,-180.0,7223.0107,0.0
130.0,-180.0,7050.8174,0.0
140.0,-180.0,6881.231,0.0
150.0,-180.0,6714.2334,0.0
160.0,-180.0,6549.7964,0.0
170.0,-180.0,6387.896,0.0
180.0,-180.0,6228.513,0.0
190.0,-180.0,6071.623,0.0
200.0,-180.0,5917.204,0.0
210.0,-180.0,5765.234,0.0
220.0,-180.0,5615.6904,0.0
230.0,-180.0,5468.5547,0.0
240.0,-180.0,5323.8066,0.0
250.0,-180.0,5181.425,0.0
260.0,-180.0,5041.389,0.0
270.0,-180.0,4903.6846,0.0
280.0,-180.0,4768.2866,0.0
290.0,-180.0,4635.181,0.0
300.0,-180.0,4504.349,0.0
310.0,-180.0,4375.77,0.0
320.0,-180.0,4249.4297,0.0
330.0,-180.0,4125.3105,0.0
340.0,-180.0,4003.394,0.0
350.0,-180.0,3883.666,0.0
360.0,-180.0,3766.109,0.0
370.0,-180.0,3650.708,0.0
380.0,-180.0,3537.4492,0.0
390.0,-180.0,3426.315,0.0
400.0,-180.0,3317.2898,0.0
410.0,-180.0,3210.3618,0.0
420.0,-180.0,3105.5151,0.0
430.0,-180.0,3002.7373,0.0
440.0,-180.0,2902.0132,0.0
450.0,-180.0,2803.3303,0.0
460.0,-180.0,2706.6743,0.0
470.0,-180.0,2612.0342,0.0
480.0,-180.0,2519.396,0.0
490.0,-180.0,2428.7476,0.0
500.0,-180.0,2340.0771,0.0
510.0,-180.0,2253.3718,0.0
520.0,-180.0,2168.621,0.0
530.0,-180.0,2085.814,0.0
540.0,-180.0,2004.938,0.0
550.0,-180.0,1925.9829,0.0
560.0,-180.0,1848.9377,0.0
570.0,-180.0,1773.7926,0.0
580.0,-180.0,1700.5366,0.0
590.0,-180.0,1629.1589,0.0
600.0,-180.0,1559.6512,0.0
610.0,-180.0,1492.0034,0.0
620.0,-180.0,1426.205,0.0
630.0,-180.0,1362.2476,0.0
640.0,-180.0,1300.1216,0.0
650.0,-180.0,1239.8182,0.0
660.0,-180.0,1181.329,0.0
670.0,-180.0,1124.6453,0.0
680.0,-180.0,1069.7582,0.0
690.0,-180.0,1016.65955,0.0
700.0,-180.0,965.34204,0.0
710.0,-180.0,915.7974,0.0
720.0,-180.0,868.017,0.0
730.0,-180.0,821.9933,0.0
740.0,-180.0,777.71967,0.0
750.0,-180.0,735.18835,0.0
760.0,-180.0,694.3922,0.0
770.0,-180.0,655.3247,0.0
780.0,-180.0,617.9779,0.0
790.0,-180.0,582.34607,0.0
800.0,-180.0,548.42114,0.0
810.0,-180.0,516.1984,0.0
820.0,-180.0,485.6704,0.0
830.0,-180.0,456.83105,0.0
840.0,-180.0,429.6742,0.0
850.0,-180.0,404.19376,0.0
860.0,-180.0,380.38388,0.0
870.0,-180.0,358.2384,0.0
880.0,-180.0,337.75253,0.0
890.0,-180.0,318.91956,0.0
900.0,-180.0,301.73486,0.0
910.0,-180.0,286.19177,0.0
920.0,-180.0,272.28644,0.0
930.0,-180.0,260.0131,0.0
940.0,-180.0,249.3659,0.0
950.0,-180.0,240.34094,0.0
960.0,-180.0,232.93243,0.0
970.0,-180.0,227.1355,0.0
980.0,-180.0,222.946,0.0
990.0,-180.0,220.35825,0.0
1000.0,-180.0,219.3682,0.0
1010.0,-180.0,219.97133,0.0
1020.0,-180.0,222.16258,0.0
1030.0,-180.0,225.93771,0.0
1040.0,-180.0,231.29247,0.0
1050.0,-180.0,238.22278,0.0
1060.0,-180.0,246.72351,0.0
1070.0,-180.0,256.79114,0.0
1080.0,-180.0,268.41946,0.0
1090.0,-180.0,281.60785,0.0
1100.0,-180.0,296.34955,0.0
1110.0,-180.0,312.6421,0.0
1120.0,-180.0,330.48077,0.0
1130.0,-180.0,349.8615,0.0
1140.0,-180.0,370.7802,0.0
1150.0,-180.0,393.23376,0.0
1160.0,-180.0,417.21722,0.0
1170.0,-180.0,442.72754,0.0
1180.0,-180.0,469.76154,0.0
1190.0,-180.0,498.31317,0.0
1200.0,-180.0,528.38116,0.0
1210.0,-180.0,559.95935,0.0
1220.0,-180.0,593.046,0.0
1230.0,-180.0,627.6363,0.0
1240.0,-180.0,663.7273,0.0
1250.0,-180.0,701.3148,0.0
1260.0,-180.0,740.3945,0.0
1270.0,-180.0,780.96405,0.0
1280.0,-180.0,823.019,0.0
1290.0,-180.0,866.55554,0.0
1300.0,-180.0,911.57056,0.0
1310.0,-180.0,958.05896,0.0
1320.0,-180.0,1006.01794,0.0
1330.0,-180.0,1055.4441,0.0
1340.0,-180.0,1106.3335,0.0
1350.0,-180.0,1158.6816,0.0
1360.0,-180.0,1212.4863,0.0
1370.0,-180.0,1267.7422,0.0
1380.0,-180.0,1324.4453,0.0
1390.0,-180.0,1382.5933,0.0
1400.0,-180.0,1442.1816,0.0
1410.0,-180.0,1503.2051,0.0
1420.0,-180.0,1565.6609,0.0
1430.0,-180.0,1629.5449,0.0
1440.0,-180.0,1694.8539,0.0
1450.0,-180.0,1761.5817,0.0
1460.0,-180.0,1829.727,0.0
1470.0,-180.0,1899.2815,0.0
1480.0,-180.0,1970.2457,0.0
1490.0,-180.0,2042.6123,0.0
1500.0,-180.0,2116.378,0.0
1510.0,-180.0,2191.5352,0.0
1520.0,-180.0,2268.0842,0.0
1530.0,-180.0,2346.0183,0.0
1540.0,-180.0,2425.334,0.0
1550.0,-180.0,2506.0234,0.0
1560.0,-180.0,2588.0864,0.0
1570.0,-180.0,2671.5127,0.0
1580.0,-180.0,2756.3003,0.0
1590.0,-180.0,2842.4448,0.0
1600.0,-180.0,2929.9421,0.0
1610.0,-180.0,3018.7817,0.0
1620.0,-180.0,3108.9646,0.0
1630.0,-180.0,3200.4814,0.0
1640.0,-180.0,3293.3271,0.0
1650.0,-180.0,3387.498,0.0
1660.0,-180.0,3482.9858,0.0
1670.0,-180.0,3579.7832,0.0
1680.0,-180.0,3677.8909,0.0
1690.0,-180.0,3777.2917,0.0
1700.0,-180.0,3877.9932,0.0
1710.0,-180.0,3979.9775,0.0
1720.0,-180.0,4083.2454,0.0
1730.0,-180.0,4187.784,0.0
1740.0,-180.0,4293.594,0.0
1750.0,-180.0,4400.661,0.0
1760.0,-180.0,4508.9805,0.0
1770.0,-180.0,4618.546,0.0
1780.0,-180.0,4729.3516,0.0
1790.0,-180.0,4841.3877,0.0
1800.0,-180.0,4954.6455,0.0
-200.0,-170.0,14085.521,0.0
-190.0,-170.0,13900.564,0.0
-180.0,-170.0,13714.157,0.0
-170.0,-170.0,13526.328,0.0
-160.0,-170.0,13337.119,0.0
-150.0,-170.0,13146.571,0.0
-140.0,-170.0,12954.7295,0.0
-130.0,-170.0,12761.641,0.0
-120.0,-170.0,12567.357,0.0
-110.0,-170.0,12371.938,0.0
-100.0,-170.0,12175.439,0.0
-90.0,-170.0,11977.93,0.0
-80.0,-170.0,11779.469,0.0
-70.0,-170.0,11580.141,0.0
-60.0,-170.0,11380.018,0.0
-50.0,-170.0,11179.19,0.0
-40.0,-170.0,10977.747,0.0
-30.0,-170.0,10775.794,0.0
-20.0,-170.0,10573.435,0.0
-10.0,-170.0,10370.785,0.0
0.0,-170.0,10167.969,0.0
10.0,-170.0,9965.12,0.0
20.0,-170.0,9762.384,0.0
30.0,-170.0,9559.921,0.0
40.0,-170.0,9357.893,0.0
50.0,-170.0,9156.48,0.0
60.0,-170.0,8955.888,0.0
70.0,-170.0,8756.319,0.0
80.0,-170.0,8558.004,0.0
90.0,-170.0,8361.191,0.0
100.0,-170.0,8166.145,0.0
110.0,-170.0,7973.1543,0.0
120.0,-170.0,7782.53,0.0
130.0,-170.0,7594.607,0.0
140.0,-170.0,7409.5903,0.0
150.0,-170.0,7227.4766,0.0
160.0,-170.0,7048.232,0.0
170.0,-170.0,6871.827,0.0
180.0,-170.0,6698.2344,0.0
190.0,-170.0,6527.425,0.0
200.0,-170.0,6359.373,0.0
210.0,-170.0,6194.0522,0.0
220.0,-170.0,6031.4355,0.0
230.0,-170.0,5871.496,0.0
240.0,-170.0,5714.2124,0.0
250.0,-170.0,5559.5547,0.0
260.0,-170.0,5407.505,0.0
270.0,-170.0,5258.035,0.0
280.0,-170.0,5111.123,0.0
290.0,-170.0,4966.749,0.0
300.0,-170.0,4824.8877,0.0
310.0,-170.0,4685.5195,0.0
320.0,-170.0,4548.621,0.0
330.0,-170.0,4414.1724,0.0
340.0,-170.0,4282.155,0.0
350.0,-170.0,4152.547,0.0
360.0,-170.0,4025.3298,0.0
370.0,-170.0,3900.484,0.0
380.0,-170.0,3777.9902,0.0
390.0,-170.0,3657.831,0.0
400.0,-170.0,3539.988,0.0
410.0,-170.0,3424.4446,0.0
420.0,-170.0,3311.1836,0.0
430.0,-170.0,3200.1855,0.0
440.0,-170.0,3091.437,0.0
450.0,-170.0,2984.92,0.0
460.0,-170.0,2880.6204,0.0
470.0,-170.0,2778.521,0.0
480.0,-170.0,2678.6082,0.0
490.0,-170.0,2580.8657,0.0
500.0,-170.0,2485.2793,0.0
510.0,-170.0,2391.8362,0.0
520.0,-170.0,2300.5203,0.0
530.0,-170.0,2211.3196,0.0
540.0,-170.0,2124.2195,0.0
550.0,-170.0,2039.2081,0.0
560.0,-170.0,1956.2709,0.0
570.0,-170.0,1875.3975,0.0
580.0,-170.0,1796.5742,0.0
590.0,-170.0,1719.7894,0.0
600.0,-170.0,1645.0321,0.0
610.0,-170.0,1572.2888,0.0
620.0,-170.0,1501.5497,0.0
630.0,-170.0,1432.8035,0.0
640.0,-170.0,1366.0392,0.0
650.0,-170.0,1301.2466,0.0
660.0,-170.0,1238.4146,0.0
670.0,-170.0,1177.5338,0.0
680.0,-170.0,1118.5935,0.0
690.0,-170.0,1061.5847,0.0
700.0,-170.0,1006.4975,0.0
710.0,-170.0,953.3229,0.0
720.0,-170.0,902.0518,0.0
730.0,-170.0,852.6743,0.0
740.0,-170.0,805.182,0.0
750.0,-170.0,759.5668,0.0
760.0,-170.0,715.81934,0.0
770.0,-170.0,673.93225,0.0
780.0,-170.0,633.8971,0.0
790.0,-170.0,595.70624,0.0
800.0,-170.0,559.3512,0.0
810.0,-170.0,524.82544,0.0
820.0,-170.0,492.1209,0.0
830.0,-170.0,461.23016,0.0
840.0,-170.0,432.14636,0.0
850.0,-170.0,404.86206,0.0
860.0,-170.0,379.3707,0.0
870.0,-170.0,355.6657,0.0
880.0,-170.0,333.73993,0.0
890.0,-170.0,313.58746,0.0
900.0,-170.0,295.201,0.0
910.0,-170.0,278.5757,0.0
920.0,-170.0,263.70428,0.0
930.0,-170.0,250.58109,0.0
940.0,-170.0,239.19986,0.0
950.0,-170.0,229.55527,0.0
960.0,-170.0,221.64127,0.0
970.0,-170.0,215.45221,0.0
980.0,-170.0,210.98283,0.0
990.0,-170.0,208.22762,0.0
1000.0,-170.0,207.18127,0.0
1010.0,-170.0,207.838,0.0
1020.0,-170.0,210.19322,0.0
1030.0,-170.0,214.24152,0.0
1040.0,-170.0,219.97769,0.0
1050.0,-170.0,227.39746,0.0
1060.0,-170.0,236.49527,0.0
1070.0,-170.0,247.26624,0.0
1080.0,-170.0,259.70456,0.0
1090.0,-170.0,273.80872,0.0
1100.0,-170.0,289.57178,0.0
1110.0,-170.0,306.98978,0.0
1120.0,-170.0,326.05768,0.0
1130.0,-170.0,346.77118,0.0
1140.0,-170.0,369.12613,0.0
1150.0,-170.0,393.11694,0.0
1160.0,-170.0,418.74084,0.0
1170.0,-170.0,445.99274,0.0
1180.0,-170.0,474.86865,0.0
1190.0,-170.0,505.3634,0.0
1200.0,-170.0,537.4739,0.0
1210.0,-170.0,571.19446,0.0
1220.0,-170.0,606.5217,0.0
1230.0,-170.0,643.4521,0.0
1240.0,-170.0,681.9801,0.0
1250.0,-170.0,722.1025,0.0
1260.0,-170.0,763.81433,0.0
1270.0,-170.0,807.1129,0.0
1280.0,-170.0,851.99194,0.0
1290.0,-170.0,898.4484,0.0
1300.0,-170.0,946.47815,0.0
1310.0,-170.0,996.0765,0.0
1320.0,-170.0,1047.2397,0.0
1330.0,-170.0,1099.9631,0.0
1340.0,-170.0,1154.243,0.0
1350.0,-170.0,1210.0751,0.0
1360.0,-170.0,1267.4551,0.0
1370.0,-170.0,1326.3777,0.0
1380.0,-170.0,1386.8386,0.0
1390.0,-170.0,1448.8345,0.0
1400.0,-170.0,1512.362,0.0
1410.0,-170.0,1577.4131,0.0
1420.0,-170.0,1643.9861,0.0
1430.0,-170.0,1712.0757,0.0
1440.0,-170.0,1781.6755,0.0
1450.0,-170.0,1852.7847,0.0
1460.0,-170.0,1925.397,0.0
1470.0,-170.0,1999.5039,0.0
1480.0,-170.0,2075.1047,0.0
1490.0,-170.0,2152.1948,0.0
1500.0,-170.0,2230.7659,0.0
1510.0,-170.0,2310.815,0.0
1520.0,-170.0,2392.3362,0.0
1530.0,-170.0,2475.3254,0.0
1540.0,-170.0,2559.7747,0.0
1550.0,-170.0,2645.6833,0.0
1560.0,-170.0,2733.0415,0.0
1570.0,-170.0,2821.8442,0.0
1580.0,-170.0,2912.084,0.0
1590.0,-170.0,3003.7622,0.0
1600.0,-170.0,3096.8672,0.0
1610.0,-170.0,3191.3906,0.0
1620.0,-170.0,3287.3296,0.0
1630.0,-170.0,3384.6787,0.0
1640.0,-170.0,3483.4292,0.0
1650.0,-170.0,3583.5742,0.0
1660.0,-170.0,3685.108,0.0
1670.0,-170.0,3788.024,0.0
1680.0,-170.0,3892.3179,0.0
1690.0,-170.0,3997.9727,0.0
1700.0,-170.0,4104.995,0.0
1710.0,-170.0,4213.366,0.0
1720.0,-170.0,4323.08,0.0
1730.0,-170.0,4434.1367,0.0
1740.0,-170.0,4546.5137,0.0
1750.0,-170.0,4660.217,0.0
1760.0,-170.0,4775.2334,0.0
1770.0,-170.0,4891.5483,0.0
1780.0,-170.0,5009.1616,0.0
1790.0,-170.0,5128.061,0.0
1800.0,-170.0,5248.234,0.0
-200.0,-160.0,14843.566,0.0
-190.0,-160.0,14661.998,0.0
-180.0,-160.0,14478.719,0.0
-170.0,-160.0,14293.754,0.0
-160.0,-160.0,14107.132,0.0
-150.0,-160.0,13918.885,0.0
-140.0,-160.0,13729.042,0.0
-130.0,-160.0,13537.639,0.0
-120.0,-160.0,13344.721,0.0
-110.0,-160.0,13150.319,0.0
-100.0,-160.0,12954.484,0.0
-90.0,-160.0,12757.262,0.0
-80.0,-160.0,12558.705,0.0
-70.0,-160.0,12358.871,0.0
-60.0,-160.0,12157.814,0.0
-50.0,-160.0,11955.601,0.0
-40.0,-160.0,11752.305,0.0
-30.0,-160.0,11548.001,0.0
-20.0,-160.0,11342.77,0.0
-10.0,-160.0,11136.701,0.0
0.0,-160.0,10929.887,0.0
10.0,-160.0,10722.437,0.0
20.0,-160.0,10514.456,0.0
30.0,-160.0,10306.074,0.0
40.0,-160.0,10097.417,0.0
50.0,-160.0,9888.624,0.0
60.0,-160.0,9679.8545,0.0
70.0,-160.0,9471.274,0.0
80.0,-160.0,9263.065,0.0
90.0,-160.0,9055.419,0.0
100.0,-160.0,8848.55,0.0
110.0,-160.0,8642.6875,0.0
120.0,-160.0,8438.08,0.0
130.0,-160.0,8234.998,0.0
140.0,-160.0,8033.7324,0.0
150.0,-160.0,7834.603,0.0
160.0,-160.0,7637.96,0.0
170.0,-160.0,7444.174,0.0
180.0,-160.0,7253.529,0.0
190.0,-160.0,7066.0347,0.0
200.0,-160.0,6881.6553,0.0
210.0,-160.0,6700.3574,0.0
220.0,-160.0,6522.11,0.0
230.0,-160.0,6346.879,0.0
240.0,-160.0,6174.6304,0.0
250.0,-160.0,6005.338,0.0
260.0,-160.0,5838.972,0.0
270.0,-160.0,5675.502,0.0
280.0,-160.0,5514.897,0.0
290.0,-160.0,5357.1294,0.0
300.0,-160.0,5202.175,0.0
310.0,-160.0,5050.005,0.0
320.0,-160.0,4900.59,0.0
330.0,-160.0,4753.908,0.0
340.0,-160.0,4609.9326,0.0
350.0,-160.0,4468.64,0.0
360.0,-160.0,4330.006,0.0
370.0,-160.0,4194.005,0.0
380.0,-160.0,4060.6162,0.0
390.0,-160.0,3929.8154,0.0
400.0,-160.0,3801.581,0.0
410.0,-160.0,3675.8926,0.0
420.0,-160.0,3552.7273,0.0
430.0,-160.0,3432.0654,0.0
440.0,-160.0,3313.8857,0.0
450.0,-160.0,3198.171,0.0
460.0,-160.0,3084.8984,0.0
470.0,-160.0,2974.0515,0.0
480.0,-160.0,2865.61,0.0
490.0,-160.0,2759.5579,0.0
500.0,-160.0,2655.876,0.0
510.0,-160.0,2554.5464,0.0
520.0,-160.0,2455.5542,0.0
530.0,-160.0,2358.8813,0.0
540.0,-160.0,2264.5117,0.0
550.0,-160.0,2172.4292,0.0
560.0,-160.0,2082.619,0.0
570.0,-160.0,1995.0659,0.0
580.0,-160.0,1909.7549,0.0
590.0,-160.0,1826.6704,0.0
600.0,-160.0,1745.7998,0.0
610.0,-160.0,1667.1279,0.0
620.0,-160.0,1590.6426,0.0
630.0,-160.0,1516.3289,0.0
640.0,-160.0,1444.1747,0.0
650.0,-160.0,1374.1672,0.0
660.0,-160.0,1306.2942,0.0
670.0,-160.0,1240.5428,0.0
680.0,-160.0,1176.9016,0.0
690.0,-160.0,1115.3591,0.0
700.0,-160.0,1055.9036,0.0
710.0,-160.0,998.5238,0.0
720.0,-160.0,943.2093,0.0
730.0,-160.0,889.9487,0.0
740.0,-160.0,838.73267,0.0
750.0,-160.0,789.5501,0.0
760.0,-160.0,742.39075,0.0
770.0,-160.0,697.24567,0.0
780.0,-160.0,654.1041,0.0
790.0,-160.0,612.95776,0.0
800.0,-160.0,573.79663,0.0
810.0,-160.0,536.6128,0.0
820.0,-160.0,501.39667,0.0
830.0,-160.0,468.13998,0.0
840.0,-160.0,436.83405,0.0
850.0,-160.0,407.47067,0.0
860.0,-160.0,380.042,0.0
870.0,-160.0,354.5396,0.0
880.0,-160.0,330.95618,0.0
890.0,-160.0,309.28427,0.0
900.0,-160.0,289.5152,0.0
910.0,-160.0,271.64322,0.0
920.0,-160.0,255.66023,0.0
930.0,-160.0,241.56027,0.0
940.0,-160.0,229.33482,0.0
950.0,-160.0,218.97803,0.0
960.0,-160.0,210.48337,0.0
970.0,-160.0,203.84383,0.0
980.0,-160.0,199.05313,0.0
990.0,-160.0,196.10544,0.0
1000.0,-160.0,194.99393,0.0
1010.0,-160.0,195.71255,0.0
1020.0,-160.0,198.2557,0.0
1030.0,-160.0,202.61752,0.0
1040.0,-160.0,208.79178,0.0
1050.0,-160.0,216.77289,0.0
1060.0,-160.0,226.55542,0.0
1070.0,-160.0,238.13257,0.0
1080.0,-160.0,251.501,0.0
1090.0,-160.0,266.65442,0.0
1100.0,-160.0,283.58704,0.0
1110.0,-160.0,302.29413,0.0
1120.0,-160.0,322.7703,0.0
1130.0,-160.0,345.01025,0.0
1140.0,-160.0,369.00928,0.0
1150.0,-160.0,394.76154,0.0
1160.0,-160.0,422.2635,0.0
1170.0,-160.0,451.5084,0.0
1180.0,-160.0,482.4925,0.0
1190.0,-160.0,515.2107,0.0
1200.0,-160.0,549.6573,0.0
1210.0,-160.0,585.8285,0.0
1220.0,-160.0,623.7191,0.0
1230.0,-160.0,663.3243,0.0
1240.0,-160.0,704.6395,0.0
1250.0,-160.0,747.65967,0.0
1260.0,-160.0,792.3806,0.0
1270.0,-160.0,838.79663,0.0
1280.0,-160.0,886.9031,0.0
1290.0,-160.0,936.6961,0.0
1300.0,-160.0,988.1691,0.0
1310.0,-160.0,1041.3196,0.0
1320.0,-160.0,1096.1414,0.0
1330.0,-160.0,1152.63,0.0
1340.0,-160.0,1210.7806,0.0
1350.0,-160.0,1270.5874,0.0
1360.0,-160.0,1332.0483,0.0
1370.0,-160.0,1395.1548,0.0
1380.0,-160.0,1459.9036,0.0
1390.0,-160.0,1526.2899,0.0
1400.0,-160.0,1594.3088,0.0
1410.0,-160.0,1663.9534,0.0
1420.0,-160.0,1735.2198,0.0
1430.0,-160.0,1808.1023,0.0
1440.0,-160.0,1882.5947,0.0
1450.0,-160.0,1958.6936,0.0
1460.0,-160.0,2036.3959,0.0
1470.0,-160.0,2115.6885,0.0
1480.0,-160.0,2196.5703,0.0
1490.0,-160.0,2279.0374,0.0
1500.0,-160.0,2363.082,0.0
1510.0,-160.0,2448.6953,0.0
1520.0,-160.0,2535.875,0.0
1530.0,-160.0,2624.615,0.0
1540.0,-160.0,2714.907,0.0
1550.0,-160.0,2806.7441,0.0
1560.0,-160.0,2900.1216,0.0
1570.0,-160.0,2995.0342,0.0
1580.0,-160.0,3091.4705,0.0
1590.0,-160.0,3189.4272,0.0
1600.0,-160.0,3288.8992,0.0
1610.0,-160.0,3389.877,0.0
1620.0,-160.0,3492.3472,0.0
1630.0,-160.0,3596.3132,0.0
1640.0,-160.0,3701.7585,0.0
1650.0,-160.0,3808.6782,0.0
1660.0,-160.0,3917.0657,0.0
1670.0,-160.0,4026.9077,0.0
1680.0,-160.0,4138.204,0.0
1690.0,-160.0,4250.9424,0.0
1700.0,-160.0,4365.111,0.0
1710.0,-160.0,4480.701,0.0
1720.0,-160.0,4597.705,0.0
1730.0,-160.0,4716.118,0.0
1740.0,-160.0,4835.92,0.0
1750.0,-160.0,4957.1123,0.0
1760.0,-160.0,5079.676,0.0
1770.0,-160.0,5203.5996,0.0
1780.0,-160.0,5328.876,0.0
1790.0,-160.0,5455.502,0.0
1800.0,-160.0,5583.452,0.0
-200.0,-150.0,15618.424,0.0
-190.0,-150.0,15442.031,0.0
-180.0,-150.0,15263.691,0.0
-170.0,-150.0,15083.423,0.0
-160.0,-150.0,14901.244,0.0
-150.0,-150.0,14717.176,0.0
-140.0,-150.0,14531.24,0.0
-130.0,-150.0,14343.465,0.0
-120.0,-150.0,14153.875,0.0
-110.0,-150.0,13962.499,0.0
-100.0,-150.0,13769.367,0.0
-90.0,-150.0,13574.515,0.0
-80.0,-150.0,13377.978,0.0
-70.0,-150.0,13179.796,0.0
-60.0,-150.0,12980.01,0.0
-50.0,-150.0,12778.667,0.0
-40.0,-150.0,12575.814,0.0
-30.0,-150.0,12371.514,0.0
-20.0,-150.0,12165.821,0.0
-10.0,-150.0,11958.804,0.0
0.0,-150.0,11750.526,0.0
10.0,-150.0,11541.07,0.0
20.0,-150.0,11330.514,0.0
30.0,-150.0,11118.946,0.0
40.0,-150.0,10906.475,0.0
50.0,-150.0,10693.189,0.0
60.0,-150.0,10479.225,0.0
70.0,-150.0,10264.693,0.0
80.0,-150.0,10049.742,0.0
90.0,-150.0,9834.509,0.0
100.0,-150.0,9619.17,0.0
110.0,-150.0,9403.891,0.0
120.0,-150.0,9188.869,0.0
130.0,-150.0,8974.311,0.0
140.0,-150.0,8760.445,0.0
150.0,-150.0,8547.522,0.0
160.0,-150.0,8335.814,0.0
170.0,-150.0,8125.613,0.0
180.0,-150.0,7917.24,0.0
190.0,-150.0,7711.0483,0.0
200.0,-150.0,7507.42,0.0
210.0,-150.0,7306.7725,0.0
220.0,-150.0,7109.499,0.0
230.0,-150.0,6915.6743,0.0
240.0,-150.0,6725.2573,0.0
250.0,-150.0,6538.209,0.0
260.0,-150.0,6354.492,0.0
270.0,-150.0,6174.0693,0.0
280.0,-150.0,5996.9033,0.0
290.0,-150.0,5822.957,0.0
300.0,-150.0,5652.1973,0.0
310.0,-150.0,5484.588,0.0
320.0,-150.0,5320.0957,0.0
330.0,-150.0,5158.6895,0.0
340.0,-150.0,5000.3364,0.0
350.0,-150.0,4845.006,0.0
360.0,-150.0,4692.667,0.0
370.0,-150.0,4543.29,0.0
380.0,-150.0,4396.8457,0.0
390.0,-150.0,4253.3066,0.0
400.0,-150.0,4112.643,0.0
410.0,-150.0,3974.8286,0.0
420.0,-150.0,3839.8389,0.0
430.0,-150.0,3707.6453,0.0
440.0,-150.0,3578.2239,0.0
450.0,-150.0,3451.5488,0.0
460.0,-150.0,3327.5967,0.0
470.0,-150.0,3206.3455,0.0
480.0,-150.0,3087.769,0.0
490.0,-150.0,2971.8464,0.0
500.0,-150.0,2858.5557,0.0
510.0,-150.0,2747.8752,0.0
520.0,-150.0,2639.7847,0.0
530.0,-150.0,2534.262,0.0
540.0,-150.0,2431.2878,0.0
550.0,-150.0,2330.8433,0.0
560.0,-150.0,2232.9087,0.0
570.0,-150.0,2137.4658,0.0
580.0,-150.0,2044.4951,0.0
590.0,-150.0,1953.979,0.0
600.0,-150.0,1865.9016,0.0
610.0,-150.0,1780.2441,0.0
620.0,-150.0,1696.9907,0.0
630.0,-150.0,1616.125,0.0
640.0,-150.0,1537.6304,0.0
650.0,-150.0,1461.4923,0.0
660.0,-150.0,1387.6953,0.0
670.0,-150.0,1316.2241,0.0
680.0,-150.0,1247.0652,0.0
690.0,-150.0,1180.2035,0.0
700.0,-150.0,1115.6255,0.0
710.0,-150.0,1053.3179,0.0
720.0,-150.0,993.2667,0.0
730.0,-150.0,935.4601,0.0
740.0,-150.0,879.8848,0.0
750.0,-150.0,826.5284,0.0
760.0,-150.0,775.3795,0.0
770.0,-150.0,726.426,0.0
780.0,-150.0,679.65564,0.0
790.0,-150.0,635.05756,0.0
800.0,-150.0,592.6212,0.0
810.0,-150.0,552.3352,0.0
820.0,-150.0,514.18994,0.0
830.0,-150.0,478.1741,0.0
840.0,-150.0,444.27814,0.0
850.0,-150.0,412.492,0.0
860.0,-150.0,382.80676,0.0
870.0,-150.0,355.21198,0.0
880.0,-150.0,329.69897,0.0
890.0,-150.0,306.25867,0.0
900.0,-150.0,284.8821,0.0
910.0,-150.0,265.56052,0.0
920.0,-150.0,248.28607,0.0
930.0,-150.0,233.04988,0.0
940.0,-150.0,219.8438,0.0
950.0,-150.0,208.65945,0.0
960.0,-150.0,199.49069,0.0
970.0,-150.0,192.32823,0.0
980.0,-150.0,187.16476,0.0
990.0,-150.0,183.99323,0.0
1000.0,-150.0,182.80661,0.0
1010.0,-150.0,183.59727,0.0
1020.0,-150.0,186.3583,0.0
1030.0,-150.0,191.08337,0.0
1040.0,-150.0,197.76491,0.0
1050.0,-150.0,206.39674,0.0
1060.0,-150.0,216.97194,0.0
1070.0,-150.0,229.4837,0.0
1080.0,-150.0,243.927,0.0
1090.0,-150.0,260.29526,0.0
1100.0,-150.0,278.5822,0.0
1110.0,-150.0,298.7809,0.0
1120.0,-150.0,320.8864,0.0
1130.0,-150.0,344.89175,0.0
1140.0,-150.0,370.79175,0.0
1150.0,-150.0,398.5808,0.0
1160.0,-150.0,428.2523,0.0
1170.0,-150.0,459.80075,0.0
1180.0,-150.0,493.22113,0.0
1190.0,-150.0,528.50757,0.0
1200.0,-150.0,565.6537,0.0
1210.0,-150.0,604.6543,0.0
1220.0,-150.0,645.50464,0.0
1230.0,-150.0,688.19806,0.0
1240.0,-150.0,732.73016,0.0
1250.0,-150.0,779.09534,0.0
1260.0,-150.0,827.2864,0.0
1270.0,-150.0,877.2997,0.0
1280.0,-150.0,929.12915,0.0
1290.0,-150.0,982.7694,0.0
1300.0,-150.0,1038.2147,0.0
1310.0,-150.0,1095.4601,0.0
1320.0,-150.0,1154.4993,0.0
1330.0,-150.0,1215.3269,0.0
1340.0,-150.0,1277.9369,0.0
1350.0,-150.0,1342.3254,0.0
1360.0,-150.0,1408.4851,0.0
1370.0,-150.0,1476.4099,0.0
1380.0,-150.0,1546.0963,0.0
1390.0,-150.0,1617.5347,0.0
1400.0,-150.0,1690.7228,0.0
1410.0,-150.0,1765.6538,0.0
1420.0,-150.0,1842.3198,0.0
1430.0,-150.0,1920.7166,0.0
1440.0,-150.0,2000.8369,0.0
1450.0,-150.0,2082.6746,0.0
1460.0,-150.0,2166.226,0.0
1470.0,-150.0,2251.4802,0.0
1480.0,-150.0,2338.431,0.0
1490.0,-150.0,2427.073,0.0
1500.0,-150.0,2517.399,0.0
1510.0,-150.0,2609.4062,0.0
1520.0,-150.0,2703.0786,0.0
1530.0,-150.0,2798.4172,0.0
1540.0,-150.0,2895.4094,0.0
1550.0,-150.0,2994.0476,0.0
1560.0,-150.0,3094.3306,0.0
1570.0,-150.0,3196.2417,0.0
1580.0,-150.0,3299.7793,0.0
1590.0,-150.0,3404.929,0.0
1600.0,-150.0,3511.6914,0.0
1610.0,-150.0,3620.0505,0.0
1620.0,-150.0,3729.9993,0.0
1630.0,-150.0,3841.5283,0.0
1640.0,-150.0,3954.6252,0.0
1650.0,-150.0,4069.2864,0.0
1660.0,-150.0,4185.495,0.0
1670.0,-150.0,4303.253,0.0
1680.0,-150.0,4422.5347,0.0
1690.0,-150.0,4543.346,0.0
1700.0,-150.0,4665.6606,0.0
1710.0,-150.0,4789.4727,0.0
1720.0,-150.0,4914.7764,0.0
1730.0,-150.0,5041.5547,0.0
1740.0,-150.0,5169.797,0.0
1750.0,-150.0,5299.4854,0.0
1760.0,-150.0,5430.616,0.0
1770.0,-150.0,5563.1733,0.0
1780.0,-150.0,5697.1416,0.0
1790.0,-150.0,5832.5137,0.0
1800.0,-150.0,5969.262,0.0
-200.0,-140.0,16399.445,0.0
-190.0,-140.0,16230.227,0.0
-180.0,-140.0,16058.842,0.0
-170.0,-140.0,15885.302,0.0
-160.0,-140.0,15709.62,0.0
-150.0,-140.0,15531.812,0.0
-140.0,-140.0,15351.886,0.0
-130.0,-140.0,15169.861,0.0
-120.0,-140.0,14985.757,0.0
-110.0,-140.0,14799.589,0.0
-100.0,-140.0,14611.38,0.0
-90.0,-140.0,14421.148,0.0
-80.0,-140.0,14228.92,0.0
-70.0,-140.0,14034.72,0.0
-60.0,-140.0,13838.574,0.0
-50.0,-140.0,13640.52,0.0
-40.0,-140.0,13440.582,0.0
-30.0,-140.0,13238.803,0.0
-20.0,-140.0,13035.221,0.0
-10.0,-140.0,12829.881,0.0
0.0,-140.0,12622.827,0.0
10.0,-140.0,12414.118,0.0
20.0,-140.0,12203.804,0.0
30.0,-140.0,11991.951,0.0
40.0,-140.0,11778.627,0.0
50.0,-140.0,11563.906,0.0
60.0,-140.0,11347.875,0.0
70.0,-140.0,11130.616,0.0
80.0,-140.0,10912.234,0.0
90.0,-140.0,10692.834,0.0
100.0,-140.0,10472.537,0.0
110.0,-140.0,10251.469,0.0
120.0,-140.0,10029.77,0.0
130.0,-140.0,9807.595,0.0
140.0,-140.0,9585.114,0.0
150.0,-140.0,9362.516,0.0
160.0,-140.0,9140.004,0.0
170.0,-140.0,8917.794,0.0
180.0,-140.0,8696.135,0.0
190.0,-140.0,8475.293,0.0
200.0,-140.0,8255.559,0.0
210.0,-140.0,8037.2524,0.0
220.0,-140.0,7820.7246,0.0
230.0,-140.0,7606.3647,0.0
240.0,-140.0,7394.592,0.0
250.0,-140.0,7185.8687,0.0
260.0,-140.0,6980.6973,0.0
270.0,-140.0,6779.327,0.0
280.0,-140.0,6581.717,0.0
290.0,-140.0,6387.825,0.0
300.0,-140.0,6197.603,0.0
310.0,-140.0,6011.009,0.0
320.0,-140.0,5827.9937,0.0
330.0,-140.0,5648.5225,0.0
340.0,-140.0,5472.547,0.0
350.0,-140.0,5300.03,0.0
360.0,-140.0,5130.9346,0.0
370.0,-140.0,4965.217,0.0
380.0,-140.0,4802.842,0.0
390.0,-140.0,4643.7744,0.0
400.0,-140.0,4487.9756,0.0
410.0,-140.0,4335.4126,0.0
420.0,-140.0,4186.052,0.0
430.0,-140.0,4039.8584,0.0
440.0,-140.0,3896.8015,0.0
450.0,-140.0,3756.8474,0.0
460.0,-140.0,3619.9673,0.0
470.0,-140.0,3486.1304,0.0
480.0,-140.0,3355.3076,0.0
490.0,-140.0,3227.4702,0.0
500.0,-140.0,3102.5889,0.0
510.0,-140.0,2980.6392,0.0
520.0,-140.0,2861.5918,0.0
530.0,-140.0,2745.4226,0.0
540.0,-140.0,2632.105,0.0
550.0,-140.0,2521.615,0.0
560.0,-140.0,2413.929,0.0
570.0,-140.0,2309.0217,0.0
580.0,-140.0,2206.8723,0.0
590.0,-140.0,2107.4575,0.0
600.0,-140.0,2010.7543,0.0
610.0,-140.0,1916.7439,0.0
620.0,-140.0,1825.4033,0.0
630.0,-140.0,1736.7126,0.0
640.0,-140.0,1650.6527,0.0
650.0,-140.0,1567.2036,0.0
660.0,-140.0,1486.3469,0.0
670.0,-140.0,1408.064,0.0
680.0,-140.0,1332.3369,0.0
690.0,-140.0,1259.1478,0.0
700.0,-140.0,1188.4803,0.0
710.0,-140.0,1120.3174,0.0
720.0,-140.0,1054.643,0.0
730.0,-140.0,991.4404,0.0
740.0,-140.0,930.6944,0.0
750.0,-140.0,872.3913,0.0
760.0,-140.0,816.5145,0.0
770.0,-140.0,763.0504,0.0
780.0,-140.0,711.9848,0.0
790.0,-140.0,663.3041,0.0
800.0,-140.0,616.9934,0.0
810.0,-140.0,573.042,0.0
820.0,-140.0,531.4355,0.0
830.0,-140.0,492.16223,0.0
840.0,-140.0,455.2088,0.0
850.0,-140.0,420.5647,0.0
860.0,-140.0,388.21783,0.0
870.0,-140.0,358.15668,0.0
880.0,-140.0,330.36945,0.0
890.0,-140.0,304.8468,0.0
900.0,-140.0,281.57666,0.0
910.0,-140.0,260.5494,0.0
920.0,-140.0,241.75441,0.0
930.0,-140.0,225.18272,0.0
940.0,-140.0,210.82364,0.0
950.0,-140.0,198.66809,0.0
960.0,-140.0,188.70615,0.0
970.0,-140.0,180.92908,0.0
980.0,-140.0,175.32819,0.0
990.0,-140.0,171.89447,0.0
1000.0,-140.0,170.6195,0.0
1010.0,-140.0,171.49422,0.0
1020.0,-140.0,174.51135,0.0
1030.0,-140.0,179.66206,0.0
1040.0,-140.0,186.93845,0.0
1050.0,-140.0,196.33235,0.0
1060.0,-140.0,207.83658,0.0
1070.0,-140.0,221.44324,0.0
1080.0,-140.0,237.14581,0.0
1090.0,-140.0,254.93652,0.0
1100.0,-140.0,274.8073,0.0
1110.0,-140.0,296.752,0.0
1120.0,-140.0,320.76288,0.0
1130.0,-140.0,346.8335,0.0
1140.0,-140.0,374.95685,0.0
1150.0,-140.0,405.12604,0.0
1160.0,-140.0,437.33386,0.0
1170.0,-140.0,471.5749,0.0
1180.0,-140.0,507.8417,0.0
1190.0,-140.0,546.1276,0.0
1200.0,-140.0,586.4264,0.0
1210.0,-140.0,628.7313,0.0
1220.0,-140.0,673.03674,0.0
1230.0,-140.0,719.33545,0.0
1240.0,-140.0,767.62085,0.0
1250.0,-140.0,817.88684,0.0
1260.0,-140.0,870.1273,0.0
1270.0,-140.0,924.3365,0.0
1280.0,-140.0,980.5072,0.0
1290.0,-140.0,1038.633,0.0
1300.0,-140.0,1098.7073,0.0
1310.0,-140.0,1160.7236,0.0
1320.0,-140.0,1224.6758,0.0
1330.0,-140.0,1290.5586,0.0
1340.0,-140.0,1358.364,0.0
1350.0,-140.0,1428.0852,0.0
1360.0,-140.0,1499.7158,0.0
1370.0,-140.0,1573.251,0.0
1380.0,-140.0,1648.6799,0.0
1390.0,-140.0,1725.9998,0.0
1400.0,-140.0,1805.201,0.0
1410.0,-140.0,1886.2776,0.0
1420.0,-140.0,1969.2227,0.0
1430.0,-140.0,2054.0278,0.0
1440.0,-140.0,2140.6875,0.0
1450.0,-140.0,2229.1914,0.0
1460.0,-140.0,2319.5366,0.0
1470.0,-140.0,2411.711,0.0
1480.0,-140.0,2505.7058,0.0
1490.0,-140.0,2601.5159,0.0
1500.0,-140.0,2699.1345,0.0
1510.0,-140.0,2798.5496,0.0
1520.0,-140.0,2899.753,0.0
1530.0,-140.0,3002.7383,0.0
1540.0,-140.0,3107.497,0.0
1550.0,-140.0,3214.012,0.0
1560.0,-140.0,3322.2861,0.0
1570.0,-140.0,3432.3008,0.0
1580.0,-140.0,3544.0474,0.0
1590.0,-140.0,3657.5173,0.0
1600.0,-140.0,3772.705,0.0
1610.0,-140.0,3889.588,0.0
1620.0,-140.0,4008.1697,0.0
1630.0,-140.0,4128.4253,0.0
1640.0,-140.0,4250.3486,0.0
1650.0,-140.0,4373.9326,0.0
1660.0,-140.0,4499.158,0.0
1670.0,-140.0,4626.0176,0.0
1680.0,-140.0,4754.496,0.0
1690.0,-140.0,4884.58,0.0
1700.0,-140.0,5016.26,0.0
1710.0,-140.0,5149.511,0.0
1720.0,-140.0,5284.331,0.0
1730.0,-140.0,5420.6973,0.0
1740.0,-140.0,5558.599,0.0
1750.0,-140.0,5698.014,0.0
1760.0,-140.0,5838.9395,0.0
1770.0,-140.0,5981.3516,0.0
1780.0,-140.0,6125.2285,0.0
1790.0,-140.0,6270.5537,0.0
1800.0,-140.0,6417.3193,0.0
-200.0,-130.0,17171.367,0.0
-190.0,-130.0,17011.615,0.0
-180.0,-130.0,16849.494,0.0
-170.0,-130.0,16685.004,0.0
-160.0,-130.0,16518.152,0.0
-150.0,-130.0,16348.951,0.0
-140.0,-130.0,16177.405,0.0
-130.0,-130.0,16003.525,0.0
-120.0,-130.0,15827.32,0.0
-110.0,-130.0,15648.801,0.0
-100.0,-130.0,15467.98,0.0
-90.0,-130.0,15284.867,0.0
-80.0,-130.0,15099.479,0.0
-70.0,-130.0,14911.826,0.0
-60.0,-130.0,14721.927,0.0
-50.0,-130.0,14529.802,0.0
-40.0,-130.0,14335.465,0.0
-30.0,-130.0,14138.943,0.0
-20.0,-130.0,13940.26,0.0
-10.0,-130.0,13739.439,0.0
0.0,-130.0,13536.511,0.0
10.0,-130.0,13331.507,0.0
20.0,-130.0,13124.465,0.0
30.0,-130.0,12915.42,0.0
40.0,-130.0,12704.42,0.0
50.0,-130.0,12491.506,0.0
60.0,-130.0,12276.74,0.0
70.0,-130.0,12060.177,0.0
80.0,-130.0,11841.881,0.0
90.0,-130.0,11621.925,0.0
100.0,-130.0,11400.383,0.0
110.0,-130.0,11177.35,0.0
120.0,-130.0,10952.916,0.0
130.0,-130.0,10727.191,0.0
140.0,-130.0,10500.293,0.0
150.0,-130.0,10272.35,0.0
160.0,-130.0,10043.502,0.0
170.0,-130.0,9813.912,0.0
180.0,-130.0,9583.752,0.0
190.0,-130.0,9353.207,0.0
200.0,-130.0,9122.502,0.0
210.0,-130.0,8891.857,0.0
220.0,-130.0,8661.539,0.0
230.0,-130.0,8431.827,0.0
240.0,-130.0,8203.033,0.0
250.0,-130.0,7975.4995,0.0
260.0,-130.0,7749.614,0.0
270.0,-130.0,7525.791,0.0
280.0,-130.0,7304.5,0.0
290.0,-130.0,7086.246,0.0
300.0,-130.0,6871.6016,0.0
310.0,-130.0,6661.0815,0.0
320.0,-130.0,6454.7666,0.0
330.0,-130.0,6252.5947,0.0
340.0,-130.0,6054.5137,0.0
350.0,-130.0,5860.466,0.0
360.0,-130.0,5670.4023,0.0
370.0,-130.0,5484.2686,0.0
380.0,-130.0,5302.017,0.0
390.0,-130.0,5123.596,0.0
400.0,-130.0,4948.9614,0.0
410.0,-130.0,4778.0664,0.0
420.0,-130.0,4610.8633,0.0
430.0,-130.0,4447.311,0.0
440.0,-130.0,4287.366,0.0
450.0,-130.0,4130.9863,0.0
460.0,-130.0,3978.1323,0.0
470.0,-130.0,3828.7646,0.0
480.0,-130.0,3682.844,0.0
490.0,-130.0,3540.334,0.0
500.0,-130.0,3401.1968,0.0
510.0,-130.0,3265.3977,0.0
520.0,-130.0,3132.9023,0.0
530.0,-130.0,3003.6772,0.0
540.0,-130.0,2877.6885,0.0
550.0,-130.0,2754.9065,0.0
560.0,-130.0,2635.2964,0.0
570.0,-130.0,2518.8315,0.0
580.0,-130.0,2405.481,0.0
590.0,-130.0,2295.2148,0.0
600.0,-130.0,2188.0066,0.0
610.0,-130.0,2083.8286,0.0
620.0,-130.0,1982.654,0.0
630.0,-130.0,1884.4573,0.0
640.0,-130.0,1789.2122,0.0
650.0,-130.0,1696.8953,0.0
660.0,-130.0,1607.4823,0.0
670.0,-130.0,1520.9492,0.0
680.0,-130.0,1437.2737,0.0
690.0,-130.0,1356.4341,0.0
700.0,-130.0,1278.4084,0.0
710.0,-130.0,1203.175,0.0
720.0,-130.0,1130.7144,0.0
730.0,-130.0,1061.0056,0.0
740.0,-130.0,994.0303,0.0
750.0,-130.0,929.7689,0.0
760.0,-130.0,868.2023,0.0
770.0,-130.0,809.3141,0.0
780.0,-130.0,753.08496,0.0
790.0,-130.0,699.49884,0.0
800.0,-130.0,648.53876,0.0
810.0,-130.0,600.188,0.0
820.0,-130.0,554.43164,0.0
830.0,-130.0,511.2535,0.0
840.0,-130.0,470.6383,0.0
850.0,-130.0,432.5724,0.0
860.0,-130.0,397.04034,0.0
870.0,-130.0,364.02875,0.0
880.0,-130.0,333.52368,0.0
890.0,-130.0,305.5121,0.0
900.0,-130.0,279.98032,0.0
910.0,-130.0,256.91675,0.0
920.0,-130.0,236.30817,0.0
930.0,-130.0,218.14276,0.0
940.0,-130.0,202.40874,0.0
950.0,-130.0,189.09473,0.0
960.0,-130.0,178.18854,0.0
970.0,-130.0,169.68008,0.0
980.0,-130.0,163.55821,0.0
990.0,-130.0,159.81247,0.0
1000.0,-130.0,158.43216,0.0
1010.0,-130.0,159.40721,0.0
1020.0,-130.0,162.7283,0.0
1030.0,-130.0,168.38501,0.0
1040.0,-130.0,176.36835,0.0
1050.0,-130.0,186.66786,0.0
1060.0,-130.0,199.27495,0.0
1070.0,-130.0,214.18164,0.0
1080.0,-130.0,231.37807,0.0
1090.0,-130.0,250.85553,0.0
1100.0,-130.0,272.60565,0.0
1110.0,-130.0,296.6203,0.0
1120.0,-130.0,322.89,0.0
1130.0,-130.0,351.4078,0.0
1140.0,-130.0,382.1649,0.0
1150.0,-130.0,415.15323,0.0
1160.0,-130.0,450.36533,0.0
1170.0,-130.0,487.79266,0.0
1180.0,-130.0,527.42865,0.0
1190.0,-130.0,569.2643,0.0
1200.0,-130.0,613.2924,0.0
1210.0,-130.0,659.50574,0.0
1220.0,-130.0,707.8956,0.0
1230.0,-130.0,758.45526,0.0
1240.0,-130.0,811.1779,0.0
1250.0,-130.0,866.0542,0.0
1260.0,-130.0,923.0787,0.0
1270.0,-130.0,982.24274,0.0
1280.0,-130.0,1043.5388,0.0
1290.0,-130.0,1106.9592,0.0
1300.0,-130.0,1172.4982,0.0
1310.0,-130.0,1240.1458,0.0
1320.0,-130.0,1309.8958,0.0
1330.0,-130.0,1381.7397,0.0
1340.0,-130.0,1455.6694,0.0
1350.0,-130.0,1531.6788,0.0
1360.0,-130.0,1609.7596,0.0
1370.0,-130.0,1689.9036,0.0
1380.0,-130.0,1772.0986,0.0
1390.0,-130.0,1856.3435,0.0
1400.0,-130.0,1942.6249,0.0
1410.0,-130.0,2030.9384,0.0
1420.0,-130.0,2121.2715,0.0
1430.0,-130.0,2213.6165,0.0
1440.0,-130.0,2307.9639,0.0
1450.0,-130.0,2404.3079,0.0
1460.0,-130.0,2502.6406,0.0
1470.0,-130.0,2602.9453,0.0
1480.0,-130.0,2705.2148,0.0
1490.0,-130.0,2809.4429,0.0
1500.0,-130.0,2915.6155,0.0
1510.0,-130.0,3023.724,0.0
1520.0,-130.0,3133.7598,0.0
1530.0,-130.0,3245.7095,0.0
1540.0,-130.0,3359.564,0.0
1550.0,-130.0,3475.309,0.0
1560.0,-130.0,3592.9302,0.0
1570.0,-130.0,3712.4277,0.0
1580.0,-130.0,3833.7786,0.0
1590.0,-130.0,3956.9678,0.0
1600.0,-130.0,4081.995,0.0
1610.0,-130.0,4208.8374,0.0
1620.0,-130.0,4337.478,0.0
1630.0,-130.0,4467.916,0.0
1640.0,-130.0,4600.122,0.0
1650.0,-130.0,4734.086,0.0
1660.0,-130.0,4869.802,0.0
1670.0,-130.0,5007.241,0.0
1680.0,-130.0,5146.3916,0.0
1690.0,-130.0,5287.2393,0.0
1700.0,-130.0,5429.7573,0.0
1710.0,-130.0,5573.941,0.0
1720.0,-130.0,5719.7637,0.0
1730.0,-130.0,5867.2056,0.0
1740.0,-130.0,6016.248,0.0
1750.0,-130.0,6166.881,0.0
1760.0,-130.0,6319.0625,0.0
1770.0,-130.0,6472.789,0.0
1780.0,-130.0,6628.0303,0.0
1790.0,-130.0,6784.758,0.0
1800.0,-130.0,6942.965,0.0
-200.0,-120.0,17913.07,0.0
-190.0,-120.0,17764.809,0.0
-180.0,-120.0,17614.273,0.0
-170.0,-120.0,17461.387,0.0
-160.0,-120.0,17306.064,0.0
-150.0,-120.0,17148.223,0.0
-140.0,-120.0,16987.818,0.0
-130.0,-120.0,16824.857,0.0
-120.0,-120.0,16659.344,0.0
-110.0,-120.0,16491.281,0.0
-100.0,-120.0,16320.68,0.0
-90.0,-120.0,16147.538,0.0
-80.0,-120.0,15971.863,0.0
-70.0,-120.0,15793.67,0.0
-60.0,-120.0,15612.955,0.0
-50.0,-120.0,15429.732,0.0
-40.0,-120.0,15244.009,0.0
-30.0,-120.0,15055.797,0.0
-20.0,-120.0,14865.105,0.0
-10.0,-120.0,14671.949,0.0
0.0,-120.0,14476.342,0.0
10.0,-120.0,14278.297,0.0
20.0,-120.0,14077.838,0.0
30.0,-120.0,13874.981,0.0
40.0,-120.0,13669.75,0.0
50.0,-120.0,13462.171,0.0
60.0,-120.0,13252.272,0.0
70.0,-120.0,13040.09,0.0
80.0,-120.0,12825.656,0.0
90.0,-120.0,12609.016,0.0
100.0,-120.0,12390.213,0.0
110.0,-120.0,12169.299,0.0
120.0,-120.0,11946.333,0.0
130.0,-120.0,11721.382,0.0
140.0,-120.0,11494.513,0.0
150.0,-120.0,11265.8125,0.0
160.0,-120.0,11035.373,0.0
170.0,-120.0,10803.291,0.0
180.0,-120.0,10569.682,0.0
190.0,-120.0,10334.67,0.0
200.0,-120.0,10098.397,0.0
210.0,-120.0,9861.023,0.0
220.0,-120.0,9622.714,0.0
230.0,-120.0,9383.67,0.0
240.0,-120.0,9144.106,0.0
250.0,-120.0,8904.255,0.0
260.0,-120.0,8664.393,0.0
270.0,-120.0,8424.815,0.0
280.0,-120.0,8185.8467,0.0
290.0,-120.0,7947.8564,0.0
300.0,-120.0,7711.254,0.0
310.0,-120.0,7476.49,0.0
320.0,-120.0,7244.068,0.0
330.0,-120.0,7014.5522,0.0
340.0,-120.0,6788.5684,0.0
350.0,-120.0,6566.8076,0.0
360.0,-120.0,6349.75,0.0
370.0,-120.0,6137.376,0.0
380.0,-120.0,5929.6206,0.0
390.0,-120.0,5726.412,0.0
400.0,-120.0,5527.6855,0.0
410.0,-120.0,5333.38,0.0
420.0,-120.0,5143.4336,0.0
430.0,-120.0,4957.785,0.0
440.0,-120.0,4776.377,0.0
450.0,-120.0,4599.1514,0.0
460.0,-120.0,4426.0547,0.0
470.0,-120.0,4257.033,0.0
480.0,-120.0,4092.0361,0.0
490.0,-120.0,3931.0098,0.0
500.0,-120.0,3773.9072,0.0
510.0,-120.0,3620.6812,0.0
520.0,-120.0,3471.284,0.0
530.0,-120.0,3325.6714,0.0
540.0,-120.0,3183.7979,0.0
550.0,-120.0,3045.623,0.0
560.0,-120.0,2911.1047,0.0
570.0,-120.0,2780.2026,0.0
580.0,-120.0,2652.876,0.0
590.0,-120.0,2529.0886,0.0
600.0,-120.0,2408.8035,0.0
610.0,-120.0,2291.984,0.0
620.0,-120.0,2178.5947,0.0
630.0,-120.0,2068.6028,0.0
640.0,-120.0,1961.9731,0.0
650.0,-120.0,1858.676,0.0
660.0,-120.0,1758.6782,0.0
670.0,-120.0,1661.9504,0.0
680.0,-120.0,1568.4618,0.0
690.0,-120.0,1478.1843,0.0
700.0,-120.0,1391.0908,0.0
710.0,-120.0,1307.1525,0.0
720.0,-120.0,1226.3438,0.0
730.0,-120.0,1148.638,0.0
740.0,-120.0,1074.011,0.0
750.0,-120.0,1002.4386,0.0
760.0,-120.0,933.8961,0.0
770.0,-120.0,868.36096,0.0
780.0,-120.0,805.8107,0.0
790.0,-120.0,746.2236,0.0
800.0,-120.0,689.57806,0.0
810.0,-120.0,635.8539,0.0
820.0,-120.0,585.0311,0.0
830.0,-120.0,537.0891,0.0
840.0,-120.0,492.00928,0.0
850.0,-120.0,449.77347,0.0
860.0,-120.0,410.3631,0.0
870.0,-120.0,373.76086,0.0
880.0,-120.0,339.95,0.0
890.0,-120.0,308.91327,0.0
900.0,-120.0,280.63434,0.0
910.0,-120.0,255.09785,0.0
920.0,-120.0,232.28822,0.0
930.0,-120.0,212.18997,0.0
940.0,-120.0,194.78903,0.0
950.0,-120.0,180.07092,0.0
960.0,-120.0,168.02167,0.0
970.0,-120.0,158.62767,0.0
980.0,-120.0,151.8754,0.0
990.0,-120.0,147.75183,0.0
1000.0,-120.0,146.24472,0.0
1010.0,-120.0,147.34131,0.0
1020.0,-120.0,151.02985,0.0
1030.0,-120.0,157.29758,0.0
1040.0,-120.0,166.13385,0.0
1050.0,-120.0,177.52647,0.0
1060.0,-120.0,191.46439,0.0
1070.0,-120.0,207.93755,0.0
1080.0,-120.0,226.93523,0.0
1090.0,-120.0,248.4457,0.0
1100.0,-120.0,272.4594,0.0
1110.0,-120.0,298.96594,0.0
1120.0,-120.0,327.95547,0.0
1130.0,-120.0,359.4182,0.0
1140.0,-120.0,393.34418,0.0
1150.0,-120.0,429.72308,0.0
1160.0,-120.0,468.54694,0.0
1170.0,-120.0,509.80548,0.0
1180.0,-120.0,553.48926,0.0
1190.0,-120.0,599.5896,0.0
1200.0,-120.0,648.09644,0.0
1210.0,-120.0,699.0016,0.0
1220.0,-120.0,752.29517,0.0
1230.0,-120.0,807.9695,0.0
1240.0,-120.0,866.0146,0.0
1250.0,-120.0,926.42126,0.0
1260.0,-120.0,989.181,0.0
1270.0,-120.0,1054.287,0.0
1280.0,-120.0,1121.7266,0.0
1290.0,-120.0,1191.4915,0.0
1300.0,-120.0,1263.5739,0.0
1310.0,-120.0,1337.965,0.0
1320.0,-120.0,1414.6567,0.0
1330.0,-120.0,1493.6357,0.0
1340.0,-120.0,1574.896,0.0
1350.0,-120.0,1658.426,0.0
1360.0,-120.0,1744.2183,0.0
1370.0,-120.0,1832.2617,0.0
1380.0,-120.0,1922.5479,0.0
1390.0,-120.0,2015.0669,0.0
1400.0,-120.0,2109.8047,0.0
1410.0,-120.0,2206.7542,0.0
1420.0,-120.0,2305.9072,0.0
1430.0,-120.0,2407.2495,0.0
1440.0,-120.0,2510.771,0.0
1450.0,-120.0,2616.4595,0.0
1460.0,-120.0,2724.308,0.0
1470.0,-120.0,2834.2974,0.0
1480.0,-120.0,2946.4219,0.0
1490.0,-120.0,3060.6675,0.0
1500.0,-120.0,3177.0203,0.0
1510.0,-120.0,3295.4702,0.0
1520.0,-120.0,3415.9976,0.0
1530.0,-120.0,3538.5984,0.0
1540.0,-120.0,3663.249,0.0
1550.0,-120.0,3789.9429,0.0
1560.0,-120.0,3918.6543,0.0
1570.0,-120.0,4049.3813,0.0
1580.0,-120.0,4182.0996,0.0
1590.0,-120.0,4316.793,0.0
1600.0,-120.0,4453.4575,0.0
1610.0,-120.0,4592.0586,0.0
1620.0,-120.0,4732.577,0.0
1630.0,-120.0,4875.0127,0.0
1640.0,-120.0,5019.33,0.0
1650.0,-120.0,5165.518,0.0
1660.0,-120.0,5313.547,0.0
1670.0,-120.0,5463.41,0.0
1680.0,-120.0,5615.0723,0.0
1690.0,-120.0,5768.5117,0.0
1700.0,-120.0,5923.7236,0.0
1710.0,-120.0,6080.6562,0.0
1720.0,-120.0,6239.3057,0.0
1730.0,-120.0,6399.631,0.0
1740.0,-120.0,6561.615,0.0
1750.0,-120.0,6725.236,0.0
1760.0,-120.0,6890.44,0.0
1770.0,-120.0,7057.2256,0.0
1780.0,-120.0,7225.5576,0.0
1790.0,-120.0,7395.382,0.0
1800.0,-120.0,7566.692,0.0
-200.0,-110.0,18603.805,0.0
-190.0,-110.0,18467.383,0.0
-180.0,-110.0,18328.977,0.0
-170.0,-110.0,18188.523,0.0
-160.0,-110.0,18045.945,0.0
-150.0,-110.0,17901.168,0.0
-140.0,-110.0,17754.113,0.0
-130.0,-110.0,17604.695,0.0
-120.0,-110.0,17452.824,0.0
-110.0,-110.0,17298.414,0.0
-100.0,-110.0,17141.367,0.0
-90.0,-110.0,16981.59,0.0
-80.0,-110.0,16819.043,0.0
-70.0,-110.0,16653.727,0.0
-60.0,-110.0,16485.64,0.0
-50.0,-110.0,16314.79,0.0
-40.0,-110.0,16141.176,0.0
-30.0,-110.0,15964.801,0.0
-20.0,-110.0,15785.666,0.0
-10.0,-110.0,15603.774,0.0
0.0,-110.0,15419.133,0.0
10.0,-110.0,15231.742,0.0
20.0,-110.0,15041.607,0.0
30.0,-110.0,14848.735,0.0
40.0,-110.0,14653.135,0.0
50.0,-110.0,14454.813,0.0
60.0,-110.0,14253.783,0.0
70.0,-110.0,14050.055,0.0
80.0,-110.0,13843.645,0.0
90.0,-110.0,13634.568,0.0
100.0,-110.0,13422.848,0.0
110.0,-110.0,13208.506,0.0
120.0,-110.0,12991.568,0.0
130.0,-110.0,12772.068,0.0
140.0,-110.0,12550.037,0.0
150.0,-110.0,12325.525,0.0
160.0,-110.0,12098.572,0.0
170.0,-110.0,11869.238,0.0
180.0,-110.0,11637.582,0.0
190.0,-110.0,11403.674,0.0
200.0,-110.0,11167.596,0.0
210.0,-110.0,10929.439,0.0
220.0,-110.0,10689.307,0.0
230.0,-110.0,10447.314,0.0
240.0,-110.0,10203.596,0.0
250.0,-110.0,9958.295,0.0
260.0,-110.0,9711.588,0.0
270.0,-110.0,9463.66,0.0
280.0,-110.0,9214.724,0.0
290.0,-110.0,8965.018,0.0
300.0,-110.0,8714.8125,0.0
310.0,-110.0,8464.412,0.0
320.0,-110.0,8214.157,0.0
330.0,-110.0,7964.4287,0.0
340.0,-110.0,7715.6533,0.0
350.0,-110.0,7468.3164,0.0
360.0,-110.0,7222.955,0.0
370.0,-110.0,6980.1797,0.0
380.0,-110.0,6740.67,0.0
390.0,-110.0,6505.1943,0.0
400.0,-110.0,6274.6016,0.0
410.0,-110.0,6049.3643,0.0
420.0,-110.0,5829.422,0.0
430.0,-110.0,5614.6924,0.0
440.0,-110.0,5405.092,0.0
450.0,-110.0,5200.5386,0.0
460.0,-110.0,5000.954,0.0
470.0,-110.0,4806.2656,0.0
480.0,-110.0,4616.3945,0.0
490.0,-110.0,4431.274,0.0
500.0,-110.0,4250.832,0.0
510.0,-110.0,4075.0044,0.0
520.0,-110.0,3903.724,0.0
530.0,-110.0,3736.9304,0.0
540.0,-110.0,3574.5598,0.0
550.0,-110.0,3416.5547,0.0
560.0,-110.0,3262.8564,0.0
570.0,-110.0,3113.4106,0.0
580.0,-110.0,2968.1626,0.0
590.0,-110.0,2827.0593,0.0
600.0,-110.0,2690.051,0.0
610.0,-110.0,2557.0884,0.0
620.0,-110.0,2428.123,0.0
630.0,-110.0,2303.1104,0.0
640.0,-110.0,2182.0015,0.0
650.0,-110.0,2064.7563,0.0
660.0,-110.0,1951.331,0.0
670.0,-110.0,1841.6855,0.0
680.0,-110.0,1735.7784,0.0
690.0,-110.0,1633.5725,0.0
700.0,-110.0,1535.0297,0.0
710.0,-110.0,1440.112,0.0
720.0,-110.0,1348.7866,0.0
730.0,-110.0,1261.0178,0.0
740.0,-110.0,1176.7727,0.0
750.0,-110.0,1096.0184,0.0
760.0,-110.0,1018.72424,0.0
770.0,-110.0,944.8594,0.0
780.0,-110.0,874.3939,0.0
790.0,-110.0,807.30005,0.0
800.0,-110.0,743.5483,0.0
810.0,-110.0,683.1135,0.0
820.0,-110.0,625.969,0.0
830.0,-110.0,572.0887,0.0
840.0,-110.0,521.4476,0.0
850.0,-110.0,474.0224,0.0
860.0,-110.0,429.78897,0.0
870.0,-110.0,388.72473,0.0
880.0,-110.0,350.8083,0.0
890.0,-110.0,316.01733,0.0
900.0,-110.0,284.33167,0.0
910.0,-110.0,255.73088,0.0
920.0,-110.0,230.19516,0.0
930.0,-110.0,207.70514,0.0
940.0,-110.0,188.24292,0.0
950.0,-110.0,171.7893,0.0
960.0,-110.0,158.3277,0.0
970.0,-110.0,147.84006,0.0
980.0,-110.0,140.31006,0.0
990.0,-110.0,135.721,0.0
1000.0,-110.0,134.05759,0.0
1010.0,-110.0,135.30365,0.0
1020.0,-110.0,139.44443,0.0
1030.0,-110.0,146.46487,0.0
1040.0,-110.0,156.35095,0.0
1050.0,-110.0,169.0871,0.0
1060.0,-110.0,184.66145,0.0
1070.0,-110.0,203.06006,0.0
1080.0,-110.0,224.26944,0.0
1090.0,-110.0,248.27611,0.0
1100.0,-110.0,275.0678,0.0
1110.0,-110.0,304.6322,0.0
1120.0,-110.0,336.95667,0.0
1130.0,-110.0,372.02905,0.0
1140.0,-110.0,409.83783,0.0
1150.0,-110.0,450.37158,0.0
1160.0,-110.0,493.6176,0.0
1170.0,-110.0,539.5652,0.0
1180.0,-110.0,588.2046,0.0
1190.0,-110.0,639.5205,0.0
1200.0,-110.0,693.5058,0.0
1210.0,-110.0,750.14703,0.0
1220.0,-110.0,809.4343,0.0
1230.0,-110.0,871.3574,0.0
1240.0,-110.0,935.9039,0.0
1250.0,-110.0,1003.0638,0.0
1260.0,-110.0,1072.8257,0.0
1270.0,-110.0,1145.1802,0.0
1280.0,-110.0,1220.1141,0.0
1290.0,-110.0,1297.6172,0.0
1300.0,-110.0,1377.6797,0.0
1310.0,-110.0,1460.2897,0.0
1320.0,-110.0,1545.4359,0.0
1330.0,-110.0,1633.1055,0.0
1340.0,-110.0,1723.2902,0.0
1350.0,-110.0,1815.9768,0.0
1360.0,-110.0,1911.1533,0.0
1370.0,-110.0,2008.8066,0.0
1380.0,-110.0,2108.9263,0.0
1390.0,-110.0,2211.5015,0.0
1400.0,-110.0,2316.5154,0.0
1410.0,-110.0,2423.957,0.0
1420.0,-110.0,2533.815,0.0
1430.0,-110.0,2646.0735,0.0
1440.0,-110.0,2760.715,0.0
1450.0,-110.0,2877.7368,0.0
1460.0,-110.0,2997.111,0.0
1470.0,-110.0,3118.832,0.0
1480.0,-110.0,3242.8809,0.0
1490.0,-110.0,3369.2441,0.0
1500.0,-110.0,3497.8965,0.0
1510.0,-110.0,3628.8367,0.0
1520.0,-110.0,3762.0342,0.0
1530.0,-110.0,3897.4734,0.0
1540.0,-110.0,4035.1392,0.0
1550.0,-110.0,4175.0156,0.0
1560.0,-110.0,4317.0776,0.0
1570.0,-110.0,4461.3047,0.0
1580.0,-110.0,4607.6704,0.0
1590.0,-110.0,4756.1685,0.0
1600.0,-110.0,4906.7607,0.0
1610.0,-110.0,5059.4336,0.0
1620.0,-110.0,5214.157,0.0
1630.0,-110.0,5370.9116,0.0
1640.0,-110.0,5529.664,0.0
1650.0,-110.0,5690.3887,0.0
1660.0,-110.0,5853.0576,0.0
1670.0,-110.0,6017.6504,0.0
1680.0,-110.0,6184.119,0.0
1690.0,-110.0,6352.4453,0.0
1700.0,-110.0,6522.604,0.0
1710.0,-110.0,6694.541,0.0
1720.0,-110.0,6868.2305,0.0
1730.0,-110.0,7043.626,0.0
1740.0,-110.0,7220.712,0.0
1750.0,-110.0,7399.425,0.0
1760.0,-110.0,7579.744,0.0
1770.0,-110.0,7761.6123,0.0
1780.0,-110.0,7944.9756,0.0
1790.0,-110.0,8129.8105,0.0
1800.0,-110.0,8316.064,0.0
-200.0,-100.0,19224.285,0.0
-190.0,-100.0,19098.523,0.0
-180.0,-100.0,18971.277,0.0
-170.0,-100.0,18842.484,0.0
-160.0,-100.0,18712.066,0.0
-150.0,-100.0,18579.95,0.0
-140.0,-100.0,18446.047,0.0
-130.0,-100.0,18310.277,0.0
-120.0,-100.0,18172.547,0.0
-110.0,-100.0,18032.76,0.0
-100.0,-100.0,17890.812,0.0
-90.0,-100.0,17746.596,0.0
-80.0,-100.0,17599.996,0.0
-70.0,-100.0,17450.898,0.0
-60.0,-100.0,17299.17,0.0
-50.0,-100.0,17144.71,0.0
-40.0,-100.0,16987.41,0.0
-30.0,-100.0,16827.156,0.0
-20.0,-100.0,16663.883,0.0
-10.0,-100.0,16497.586,0.0
0.0,-100.0,16328.263,0.0
10.0,-100.0,16155.909,0.0
20.0,-100.0,15980.523,0.0
30.0,-100.0,15802.104,0.0
40.0,-100.0,15620.646,0.0
50.0,-100.0,15436.147,0.0
60.0,-100.0,15248.605,0.0
70.0,-100.0,15058.0205,0.0
80.0,-100.0,14864.391,0.0
90.0,-100.0,14667.717,0.0
100.0,-100.0,14467.996,0.0
110.0,-100.0,14265.235,0.0
120.0,-100.0,14059.4375,0.0
130.0,-100.0,13850.607,0.0
140.0,-100.0,13638.754,0.0
150.0,-100.0,13423.889,0.0
160.0,-100.0,13206.025,0.0
170.0,-100.0,12985.183,0.0
180.0,-100.0,12761.381,0.0
190.0,-100.0,12534.645,0.0
200.0,-100.0,12305.01,0.0
210.0,-100.0,12072.514,0.0
220.0,-100.0,11837.203,0.0
230.0,-100.0,11599.129,0.0
240.0,-100.0,11358.359,0.0
250.0,-100.0,11114.961,0.0
260.0,-100.0,10869.025,0.0
270.0,-100.0,10620.652,0.0
280.0,-100.0,10369.955,0.0
290.0,-100.0,10117.068,0.0
300.0,-100.0,9862.139,0.0
310.0,-100.0,9605.349,0.0
320.0,-100.0,9346.892,0.0
330.0,-100.0,9086.998,0.0
340.0,-100.0,8825.928,0.0
350.0,-100.0,8563.983,0.0
360.0,-100.0,8301.498,0.0
370.0,-100.0,8038.8613,0.0
380.0,-100.0,7776.509,0.0
390.0,-100.0,7514.941,0.0
400.0,-100.0,7254.7183,0.0
410.0,-100.0,6996.4907,0.0
420.0,-100.0,6740.985,0.0
430.0,-100.0,6489.0347,0.0
440.0,-100.0,6241.583,0.0
450.0,-100.0,5999.6865,0.0
460.0,-100.0,5763.9604,0.0
470.0,-100.0,5534.329,0.0
480.0,-100.0,5310.6875,0.0
490.0,-100.0,5092.9263,0.0
500.0,-100.0,4880.9434,0.0
510.0,-100.0,4674.64,0.0
520.0,-100.0,4473.92,0.0
530.0,-100.0,4278.6904,0.0
540.0,-100.0,4088.8616,0.0
550.0,-100.0,3904.3486,0.0
560.0,-100.0,3725.0654,0.0
570.0,-100.0,3550.9321,0.0
580.0,-100.0,3381.8716,0.0
590.0,-100.0,3217.8057,0.0
600.0,-100.0,3058.664,0.0
610.0,-100.0,2904.374,0.0
620.0,-100.0,2754.8684,0.0
630.0,-100.0,2610.0798,0.0
640.0,-100.0,2469.9448,0.0
650.0,-100.0,2334.4011,0.0
660.0,-100.0,2203.389,0.0
670.0,-100.0,2076.8506,0.0
680.0,-100.0,1954.7302,0.0
690.0,-100.0,1836.9739,0.0
700.0,-100.0,1723.527,0.0
710.0,-100.0,1614.3408,0.0
720.0,-100.0,1509.3662,0.0
730.0,-100.0,1408.5541,0.0
740.0,-100.0,1311.8597,0.0
750.0,-100.0,1219.238,0.0
760.0,-100.0,1130.6458,0.0
770.0,-100.0,1046.0406,0.0
780.0,-100.0,965.38324,0.0
790.0,-100.0,888.6341,0.0
800.0,-100.0,815.7539,0.0
810.0,-100.0,746.70825,0.0
820.0,-100.0,681.46014,0.0
830.0,-100.0,619.9755,0.0
840.0,-100.0,562.22107,0.0
850.0,-100.0,508.16492,0.0
860.0,-100.0,457.77448,0.0
870.0,-100.0,411.02026,0.0
880.0,-100.0,367.87296,0.0
890.0,-100.0,328.30325,0.0
900.0,-100.0,292.28427,0.0
910.0,-100.0,259.78955,0.0
920.0,-100.0,230.7927,0.0
930.0,-100.0,205.26859,0.0
940.0,-100.0,183.19254,0.0
950.0,-100.0,164.54149,0.0
960.0,-100.0,149.29161,0.0
970.0,-100.0,137.42104,0.0
980.0,-100.0,128.90778,0.0
990.0,-100.0,123.730896,0.0
1000.0,-100.0,121.870285,0.0
1010.0,-100.0,123.30521,0.0
1020.0,-100.0,128.01656,0.0
1030.0,-100.0,135.98557,0.0
1040.0,-100.0,147.1933,0.0
1050.0,-100.0,161.62157,0.0
1060.0,-100.0,179.25452,0.0
1070.0,-100.0,200.07361,0.0
1080.0,-100.0,224.06204,0.0
1090.0,-100.0,251.20435,0.0
1100.0,-100.0,281.48425,0.0
1110.0,-100.0,314.88544,0.0
1120.0,-100.0,351.39343,0.0
1130.0,-100.0,390.9922,0.0
1140.0,-100.0,433.66724,0.0
1150.0,-100.0,479.40445,0.0
1160.0,-100.0,528.18884,0.0
1170.0,-100.0,580.00574,0.0
1180.0,-100.0,634.8428,0.0
1190.0,-100.0,692.6841,0.0
1200.0,-100.0,753.5169,0.0
1210.0,-100.0,817.32764,0.0
1220.0,-100.0,884.10284,0.0
1230.0,-100.0,953.82825,0.0
1240.0,-100.0,1026.4912,0.0
1250.0,-100.0,1102.0771,0.0
1260.0,-100.0,1180.5742,0.0
1270.0,-100.0,1261.9683,0.0
1280.0,-100.0,1346.2444,0.0
1290.0,-100.0,1433.3898,0.0
1300.0,-100.0,1523.3899,0.0
1310.0,-100.0,1616.2332,0.0
1320.0,-100.0,1711.9043,0.0
1330.0,-100.0,1810.3875,0.0
1340.0,-100.0,1911.669,0.0
1350.0,-100.0,2015.7343,0.0
1360.0,-100.0,2122.571,0.0
1370.0,-100.0,2232.162,0.0
1380.0,-100.0,2344.489,0.0
1390.0,-100.0,2459.538,0.0
1400.0,-100.0,2577.294,0.0
1410.0,-100.0,2697.7397,0.0
1420.0,-100.0,2820.8599,0.0
1430.0,-100.0,2946.6309,0.0
1440.0,-100.0,3075.038,0.0
1450.0,-100.0,3206.0674,0.0
1460.0,-100.0,3339.69,0.0
1470.0,-100.0,3475.8914,0.0
1480.0,-100.0,3614.6543,0.0
1490.0,-100.0,3755.9504,0.0
1500.0,-100.0,3899.7632,0.0
1510.0,-100.0,4046.0625,0.0
1520.0,-100.0,4194.833,0.0
1530.0,-100.0,4346.048,0.0
1540.0,-100.0,4499.672,0.0
1550.0,-100.0,4655.6953,0.0
1560.0,-100.0,4814.0845,0.0
1570.0,-100.0,4974.8,0.0
1580.0,-100.0,5137.826,0.0
1590.0,-100.0,5303.126,0.0
1600.0,-100.0,5470.668,0.0
1610.0,-100.0,5640.413,0.0
1620.0,-100.0,5812.3394,0.0
1630.0,-100.0,5986.395,0.0
1640.0,-100.0,6162.5503,0.0
1650.0,-100.0,6340.7715,0.0
1660.0,-100.0,6521.0063,0.0
1670.0,-100.0,6703.2114,0.0
1680.0,-100.0,6887.3467,0.0
1690.0,-100.0,7073.3535,0.0
1700.0,-100.0,7261.2065,0.0
1710.0,-100.0,7450.827,0.0
1720.0,-100.0,7642.1855,0.0
1730.0,-100.0,7835.1973,0.0
1740.0,-100.0,8029.843,0.0
1750.0,-100.0,8226.011,0.0
1760.0,-100.0,8423.689,0.0
1770.0,-100.0,8622.771,0.0
1780.0,-100.0,8823.202,0.0
1790.0,-100.0,9024.898,0.0
1800.0,-100.0,9227.801,0.0
-200.0,-90.0,19775.406,0.0
-190.0,-90.0,19657.512,0.0
-180.0,-90.0,19538.566,0.0
-170.0,-90.0,19418.527,0.0
-160.0,-90.0,19297.336,0.0
-150.0,-90.0,19174.941,0.0
-140.0,-90.0,19051.283,0.0
-130.0,-90.0,18926.299,0.0
-120.0,-90.0,18799.926,0.0
-110.0,-90.0,18672.09,0.0
-100.0,-90.0,18542.723,0.0
-90.0,-90.0,18411.742,0.0
-80.0,-90.0,18279.062,0.0
-70.0,-90.0,18144.602,0.0
-60.0,-90.0,18008.26,0.0
-50.0,-90.0,17869.941,0.0
-40.0,-90.0,17729.535,0.0
-30.0,-90.0,17586.936,0.0
-20.0,-90.0,17442.018,0.0
-10.0,-90.0,17294.656,0.0
0.0,-90.0,17144.715,0.0
10.0,-90.0,16992.053,0.0
20.0,-90.0,16836.514,0.0
30.0,-90.0,16677.936,0.0
40.0,-90.0,16516.162,0.0
50.0,-90.0,16351.109,0.0
60.0,-90.0,16182.734,0.0
70.0,-90.0,16011.008,0.0
80.0,-90.0,15835.922,0.0
90.0,-90.0,15657.465,0.0
100.0,-90.0,15475.629,0.0
110.0,-90.0,15290.401,0.0
120.0,-90.0,15101.773,0.0
130.0,-90.0,14909.732,0.0
140.0,-90.0,14714.269,0.0
150.0,-90.0,14515.374,0.0
160.0,-90.0,14313.038,0.0
170.0,-90.0,14107.254,0.0
180.0,-90.0,13898.013,0.0
190.0,-90.0,13685.3125,0.0
200.0,-90.0,13469.148,0.0
210.0,-90.0,13249.519,0.0
220.0,-90.0,13026.43,0.0
230.0,-90.0,12799.884,0.0
240.0,-90.0,12569.895,0.0
250.0,-90.0,12336.476,0.0
260.0,-90.0,12099.651,0.0
270.0,-90.0,11859.451,0.0
280.0,-90.0,11615.912,0.0
290.0,-90.0,11369.082,0.0
300.0,-90.0,11119.018,0.0
310.0,-90.0,10865.791,0.0
320.0,-90.0,10609.49,0.0
330.0,-90.0,10350.217,0.0
340.0,-90.0,10088.091,0.0
350.0,-90.0,9823.265,0.0
360.0,-90.0,9555.905,0.0
370.0,-90.0,9286.213,0.0
380.0,-90.0,9014.422,0.0
390.0,-90.0,8740.805,0.0
400.0,-90.0,8465.682,0.0
410.0,-90.0,8189.42,0.0
420.0,-90.0,7912.4443,0.0
430.0,-90.0,7635.2524,0.0
440.0,-90.0,7358.413,0.0
450.0,-90.0,7082.5815,0.0
460.0,-90.0,6808.5176,0.0
470.0,-90.0,6537.097,0.0
480.0,-90.0,6269.327,0.0
490.0,-90.0,6006.3735,0.0
500.0,-90.0,5749.5723,0.0
510.0,-90.0,5499.962,0.0
520.0,-90.0,5257.5356,0.0
530.0,-90.0,5022.1455,0.0
540.0,-90.0,4793.6494,0.0
550.0,-90.0,4571.915,0.0
560.0,-90.0,4356.8115,0.0
570.0,-90.0,4148.2085,0.0
580.0,-90.0,3945.9873,0.0
590.0,-90.0,3750.0317,0.0
600.0,-90.0,3560.2292,0.0
610.0,-90.0,3376.4702,0.0
620.0,-90.0,3198.6519,0.0
630.0,-90.0,3026.6714,0.0
640.0,-90.0,2860.4346,0.0
650.0,-90.0,2699.847,0.0
660.0,-90.0,2544.8188,0.0
670.0,-90.0,2395.2632,0.0
680.0,-90.0,2251.0962,0.0
690.0,-90.0,2112.2383,0.0
700.0,-90.0,1978.6112,0.0
710.0,-90.0,1850.1406,0.0
720.0,-90.0,1726.7537,0.0
730.0,-90.0,1608.3805,0.0
740.0,-90.0,1494.9548,0.0
750.0,-90.0,1386.4119,0.0
760.0,-90.0,1282.6888,0.0
770.0,-90.0,1183.7257,0.0
780.0,-90.0,1089.4636,0.0
790.0,-90.0,999.84686,0.0
800.0,-90.0,914.82056,0.0
810.0,-90.0,834.33405,0.0
820.0,-90.0,758.33606,0.0
830.0,-90.0,686.77814,0.0
840.0,-90.0,619.61255,0.0
850.0,-90.0,556.7946,0.0
860.0,-90.0,498.2807,0.0
870.0,-90.0,444.02875,0.0
880.0,-90.0,393.99622,0.0
890.0,-90.0,348.14514,0.0
900.0,-90.0,306.4364,0.0
910.0,-90.0,268.834,0.0
920.0,-90.0,235.30263,0.0
930.0,-90.0,205.80707,0.0
940.0,-90.0,180.31412,0.0
950.0,-90.0,158.79185,0.0
960.0,-90.0,141.20897,0.0
970.0,-90.0,127.53549,0.0
980.0,-90.0,117.741875,0.0
990.0,-90.0,111.80025,0.0
1000.0,-90.0,109.68305,0.0
1010.0,-90.0,111.36316,0.0
1020.0,-90.0,116.81607,0.0
1030.0,-90.0,126.01565,0.0
1040.0,-90.0,138.93704,0.0
1050.0,-90.0,155.55829,0.0
1060.0,-90.0,175.85608,0.0
1070.0,-90.0,199.80698,0.0
1080.0,-90.0,227.39078,0.0
1090.0,-90.0,258.5852,0.0
1100.0,-90.0,293.3693,0.0
1110.0,-90.0,331.72345,0.0
1120.0,-90.0,373.62735,0.0
1130.0,-90.0,419.0622,0.0
1140.0,-90.0,468.00885,0.0
1150.0,-90.0,520.44763,0.0
1160.0,-90.0,576.36084,0.0
1170.0,-90.0,635.7305,0.0
1180.0,-90.0,698.5393,0.0
1190.0,-90.0,764.7682,0.0
1200.0,-90.0,834.40045,0.0
1210.0,-90.0,907.41846,0.0
1220.0,-90.0,983.8045,0.0
1230.0,-90.0,1063.5422,0.0
1240.0,-90.0,1146.615,0.0
1250.0,-90.0,1233.0039,0.0
1260.0,-90.0,1322.6925,0.0
1270.0,-90.0,1415.6653,0.0
1280.0,-90.0,1511.8998,0.0
1290.0,-90.0,1611.3845,0.0
1300.0,-90.0,1714.0981,0.0
1310.0,-90.0,1820.0215,0.0
1320.0,-90.0,1929.1403,0.0
1330.0,-90.0,2041.434,0.0
1340.0,-90.0,2156.8816,0.0
1350.0,-90.0,2275.4688,0.0
1360.0,-90.0,2397.1714,0.0
1370.0,-90.0,2521.9734,0.0
1380.0,-90.0,2649.8477,0.0
1390.0,-90.0,2780.774,0.0
1400.0,-90.0,2914.7368,0.0
1410.0,-90.0,3051.711,0.0
1420.0,-90.0,3191.664,0.0
1430.0,-90.0,3334.586,0.0
1440.0,-90.0,3480.4456,0.0
1450.0,-90.0,3629.2087,0.0
1460.0,-90.0,3780.8594,0.0
1470.0,-90.0,3935.3716,0.0
1480.0,-90.0,4092.7058,0.0
1490.0,-90.0,4252.833,0.0
1500.0,-90.0,4415.723,0.0
1510.0,-90.0,4581.3477,0.0
1520.0,-90.0,4749.6694,0.0
1530.0,-90.0,4920.6494,0.0
1540.0,-90.0,5094.2544,0.0
1550.0,-90.0,5270.436,0.0
1560.0,-90.0,5449.171,0.0
1570.0,-90.0,5630.3945,0.0
1580.0,-90.0,5814.076,0.0
1590.0,-90.0,6000.162,0.0
1600.0,-90.0,6188.611,0.0
1610.0,-90.0,6379.3477,0.0
1620.0,-90.0,6572.3384,0.0
1630.0,-90.0,6767.531,0.0
1640.0,-90.0,6964.85,0.0
1650.0,-90.0,7164.2285,0.0
1660.0,-90.0,7365.6055,0.0
1670.0,-90.0,7568.9116,0.0
1680.0,-90.0,7774.0674,0.0
1690.0,-90.0,7981.0127,0.0
1700.0,-90.0,8189.6436,0.0
1710.0,-90.0,8399.875,0.0
1720.0,-90.0,8611.643,0.0
1730.0,-90.0,8824.814,0.0
1740.0,-90.0,9039.311,0.0
1750.0,-90.0,9255.0,0.0
1760.0,-90.0,9471.808,0.0
1770.0,-90.0,9689.582,0.0
1780.0,-90.0,9908.205,0.0
1790.0,-90.0,10127.564,0.0
1800.0,-90.0,10347.479,0.0
-200.0,-80.0,20265.627,0.0
-190.0,-80.0,20152.72,0.0
-180.0,-80.0,20039.115,0.0
-170.0,-80.0,19924.781,0.0
-160.0,-80.0,19809.684,0.0
-150.0,-80.0,19693.79,0.0
-140.0,-80.0,19577.059,0.0
-130.0,-80.0,19459.45,0.0
-120.0,-80.0,19340.922,0.0
-110.0,-80.0,19221.422,0.0
-100.0,-80.0,19100.906,0.0
-90.0,-80.0,18979.324,0.0
-80.0,-80.0,18856.613,0.0
-70.0,-80.0,18732.717,0.0
-60.0,-80.0,18607.57,0.0
-50.0,-80.0,18481.107,0.0
-40.0,-80.0,18353.256,0.0
-30.0,-80.0,18223.934,0.0
-20.0,-80.0,18093.06,0.0
-10.0,-80.0,17960.55,0.0
0.0,-80.0,17826.309,0.0
10.0,-80.0,17690.234,0.0
20.0,-80.0,17552.22,0.0
30.0,-80.0,17412.156,0.0
40.0,-80.0,17269.916,0.0
50.0,-80.0,17125.371,0.0
60.0,-80.0,16978.387,0.0
70.0,-80.0,16828.81,0.0
80.0,-80.0,16676.484,0.0
90.0,-80.0,16521.244,0.0
100.0,-80.0,16362.901,0.0
110.0,-80.0,16201.283,0.0
120.0,-80.0,16036.301,0.0
130.0,-80.0,15867.902,0.0
140.0,-80.0,15696.027,0.0
150.0,-80.0,15520.61,0.0
160.0,-80.0,15341.576,0.0
170.0,-80.0,15158.842,0.0
180.0,-80.0,14972.318,0.0
190.0,-80.0,14781.93,0.0
200.0,-80.0,14587.6455,0.0
210.0,-80.0,14389.442,0.0
220.0,-80.0,14187.297,0.0
230.0,-80.0,13981.182,0.0
240.0,-80.0,13771.077,0.0
250.0,-80.0,13556.956,0.0
260.0,-80.0,13338.799,0.0
270.0,-80.0,13116.588,0.0
280.0,-80.0,12890.305,0.0
290.0,-80.0,12659.934,0.0
300.0,-80.0,12425.465,0.0
310.0,-80.0,12186.896,0.0
320.0,-80.0,11944.228,0.0
330.0,-80.0,11697.468,0.0
340.0,-80.0,11446.636,0.0
350.0,-80.0,11191.76,0.0
360.0,-80.0,10932.881,0.0
370.0,-80.0,10670.058,0.0
380.0,-80.0,10403.362,0.0
390.0,-80.0,10132.892,0.0
400.0,-80.0,9858.762,0.0
410.0,-80.0,9581.125,0.0
420.0,-80.0,9300.162,0.0
430.0,-80.0,9016.09,0.0
440.0,-80.0,8729.178,0.0
450.0,-80.0,8439.738,0.0
460.0,-80.0,8148.158,0.0
470.0,-80.0,7854.8853,0.0
480.0,-80.0,7560.4526,0.0
490.0,-80.0,7265.4976,0.0
500.0,-80.0,6970.7563,0.0
510.0,-80.0,6677.1094,0.0
520.0,-80.0,6385.589,0.0
530.0,-80.0,6097.4062,0.0
540.0,-80.0,5813.9824,0.0
550.0,-80.0,5536.997,0.0
560.0,-80.0,5268.232,0.0
570.0,-80.0,5008.1953,0.0
580.0,-80.0,4756.6914,0.0
590.0,-80.0,4513.5146,0.0
600.0,-80.0,4278.481,0.0
610.0,-80.0,4051.4077,0.0
620.0,-80.0,3832.1194,0.0
630.0,-80.0,3620.45,0.0
640.0,-80.0,3416.2405,0.0
650.0,-80.0,3219.3374,0.0
660.0,-80.0,3029.5945,0.0
670.0,-80.0,2846.8716,0.0
680.0,-80.0,2671.0317,0.0
690.0,-80.0,2501.9485,0.0
700.0,-80.0,2339.4966,0.0
710.0,-80.0,2183.5564,0.0
720.0,-80.0,2034.0144,0.0
730.0,-80.0,1890.7606,0.0
740.0,-80.0,1753.6909,0.0
750.0,-80.0,1622.7031,0.0
760.0,-80.0,1497.7009,0.0
770.0,-80.0,1378.5917,0.0
780.0,-80.0,1265.2854,0.0
790.0,-80.0,1157.6968,0.0
800.0,-80.0,1055.7412,0.0
810.0,-80.0,959.3423,0.0
820.0,-80.0,868.4224,0.0
830.0,-80.0,782.90906,0.0
840.0,-80.0,702.7307,0.0
850.0,-80.0,627.8212,0.0
860.0,-80.0,558.1151,0.0
870.0,-80.0,493.54883,0.0
880.0,-80.0,434.06384,0.0
890.0,-80.0,379.60175,0.0
900.0,-80.0,330.10553,0.0
910.0,-80.0,285.52325,0.0
920.0,-80.0,245.80324,0.0
930.0,-80.0,210.89587,0.0
940.0,-80.0,180.75302,0.0
950.0,-80.0,155.3292,0.0
960.0,-80.0,134.57938,0.0
970.0,-80.0,118.46202,0.0
980.0,-80.0,106.93503,0.0
990.0,-80.0,99.95859,0.0
1000.0,-80.0,97.49598,0.0
1010.0,-80.0,99.507805,0.0
1020.0,-80.0,105.96013,0.0
1030.0,-80.0,116.817474,0.0
1040.0,-80.0,132.04652,0.0
1050.0,-80.0,151.61566,0.0
1060.0,-80.0,175.49402,0.0
1070.0,-80.0,203.64932,0.0
1080.0,-80.0,236.05406,0.0
1090.0,-80.0,272.6786,0.0
1100.0,-80.0,313.49475,0.0
1110.0,-80.0,358.47592,0.0
1120.0,-80.0,407.59656,0.0
1130.0,-80.0,460.8291,0.0
1140.0,-80.0,518.1487,0.0
1150.0,-80.0,579.53186,0.0
1160.0,-80.0,644.95374,0.0
1170.0,-80.0,714.38855,0.0
1180.0,-80.0,787.81683,0.0
1190.0,-80.0,865.2108,0.0
1200.0,-80.0,946.5498,0.0
1210.0,-80.0,1031.8116,0.0
1220.0,-80.0,1120.9712,0.0
1230.0,-80.0,1214.0062,0.0
1240.0,-80.0,1310.8982,0.0
1250.0,-80.0,1411.6188,0.0
1260.0,-80.0,1516.1494,0.0
1270.0,-80.0,1624.4648,0.0
1280.0,-80.0,1736.54,0.0
1290.0,-80.0,1852.3561,0.0
1300.0,-80.0,1971.8872,0.0
1310.0,-80.0,2095.1074,0.0
1320.0,-80.0,2221.9958,0.0
1330.0,-80.0,2352.521,0.0
1340.0,-80.0,2486.6658,0.0
1350.0,-80.0,2624.3918,0.0
1360.0,-80.0,2765.6812,0.0
1370.0,-80.0,2910.5034,0.0
1380.0,-80.0,3058.8223,0.0
1390.0,-80.0,3210.6191,0.0
1400.0,-80.0,3365.8523,0.0
1410.0,-80.0,3524.4941,0.0
1420.0,-80.0,3686.504,0.0
1430.0,-80.0,3851.8584,0.0
1440.0,-80.0,4020.503,0.0
1450.0,-80.0,4192.415,0.0
1460.0,-80.0,4367.5415,0.0
1470.0,-80.0,4545.8457,0.0
1480.0,-80.0,4727.2803,0.0
1490.0,-80.0,4911.7905,0.0
1500.0,-80.0,5099.3467,0.0
1510.0,-80.0,5289.871,0.0
1520.0,-80.0,5483.3174,0.0
1530.0,-80.0,5679.6357,0.0
1540.0,-80.0,5878.767,0.0
1550.0,-80.0,6080.6147,0.0
1560.0,-80.0,6285.1523,0.0
1570.0,-80.0,6492.2676,0.0
1580.0,-80.0,6701.9185,0.0
1590.0,-80.0,6913.9824,0.0
1600.0,-80.0,7128.414,0.0
1610.0,-80.0,7345.087,0.0
1620.0,-80.0,7563.925,0.0
1630.0,-80.0,7784.819,0.0
1640.0,-80.0,8007.6494,0.0
1650.0,-80.0,8232.301,0.0
1660.0,-80.0,8458.664,0.0
1670.0,-80.0,8686.588,0.0
1680.0,-80.0,8915.929,0.0
1690.0,-80.0,9146.537,0.0
1700.0,-80.0,9378.266,0.0
1710.0,-80.0,9610.924,0.0
1720.0,-80.0,9844.335,0.0
1730.0,-80.0,10078.301,0.0
1740.0,-80.0,10312.61,0.0
1750.0,-80.0,10547.028,0.0
1760.0,-80.0,10781.346,0.0
1770.0,-80.0,11015.244,0.0
1780.0,-80.0,11248.509,0.0
1790.0,-80.0,11480.793,0.0
1800.0,-80.0,11711.8,0.0
-200.0,-70.0,20706.855,0.0
-190.0,-70.0,20595.969,0.0
-180.0,-70.0,20484.656,0.0
-170.0,-70.0,20372.889,0.0
-160.0,-70.0,20260.654,0.0
-150.0,-70.0,20147.934,0.0
-140.0,-70.0,20034.703,0.0
-130.0,-70.0,19920.943,0.0
-120.0,-70.0,19806.625,0.0
-110.0,-70.0,19691.727,0.0
-100.0,-70.0,19576.215,0.0
-90.0,-70.0,19460.062,0.0
-80.0,-70.0,19343.234,0.0
-70.0,-70.0,19225.693,0.0
-60.0,-70.0,19107.402,0.0
-50.0,-70.0,18988.324,0.0
-40.0,-70.0,18868.406,0.0
-30.0,-70.0,18747.605,0.0
-20.0,-70.0,18625.871,0.0
-10.0,-70.0,18503.143,0.0
0.0,-70.0,18379.371,0.0
10.0,-70.0,18254.484,0.0
20.0,-70.0,18128.422,0.0
30.0,-70.0,18001.105,0.0
40.0,-70.0,17872.457,0.0
50.0,-70.0,17742.398,0.0
60.0,-70.0,17610.836,0.0
70.0,-70.0,17477.676,0.0
80.0,-70.0,17342.812,0.0
90.0,-70.0,17206.139,0.0
100.0,-70.0,17067.531,0.0
110.0,-70.0,16926.867,0.0
120.0,-70.0,16784.01,0.0
130.0,-70.0,16638.812,0.0
140.0,-70.0,16491.115,0.0
150.0,-70.0,16340.749,0.0
160.0,-70.0,16187.535,0.0
170.0,-70.0,16031.271,0.0
180.0,-70.0,15871.753,0.0
190.0,-70.0,15708.811,0.0
200.0,-70.0,15542.383,0.0
210.0,-70.0,15372.412,0.0
220.0,-70.0,15198.838,0.0
230.0,-70.0,15021.584,0.0
240.0,-70.0,14840.566,0.0
250.0,-70.0,14655.694,0.0
260.0,-70.0,14466.861,0.0
270.0,-70.0,14273.948,0.0
280.0,-70.0,14076.826,0.0
290.0,-70.0,13875.346,0.0
300.0,-70.0,13669.346,0.0
310.0,-70.0,13458.656,0.0
320.0,-70.0,13243.1875,0.0
330.0,-70.0,13022.885,0.0
340.0,-70.0,12797.703,0.0
350.0,-70.0,12567.593,0.0
360.0,-70.0,12332.507,0.0
370.0,-70.0,12092.4,0.0
380.0,-70.0,11847.24,0.0
390.0,-70.0,11596.993,0.0
400.0,-70.0,11341.634,0.0
410.0,-70.0,11081.156,0.0
420.0,-70.0,10815.557,0.0
430.0,-70.0,10544.856,0.0
440.0,-70.0,10269.09,0.0
450.0,-70.0,9988.315,0.0
460.0,-70.0,9702.63,0.0
470.0,-70.0,9412.155,0.0
480.0,-70.0,9117.057,0.0
490.0,-70.0,8817.55,0.0
500.0,-70.0,8513.911,0.0
510.0,-70.0,8206.49,0.0
520.0,-70.0,7895.72,0.0
530.0,-70.0,7582.13,0.0
540.0,-70.0,7266.373,0.0
550.0,-70.0,6949.251,0.0
560.0,-70.0,6631.7285,0.0
570.0,-70.0,6314.9736,0.0
580.0,-70.0,6000.4043,0.0
590.0,-70.0,5689.7207,0.0
600.0,-70.0,5384.9873,0.0
610.0,-70.0,5088.6733,0.0
620.0,-70.0,4803.0176,0.0
630.0,-70.0,4528.1606,0.0
640.0,-70.0,4263.8037,0.0
650.0,-70.0,4009.6633,0.0
660.0,-70.0,3765.4688,0.0
670.0,-70.0,3530.9617,0.0
680.0,-70.0,3305.897,0.0
690.0,-70.0,3090.0432,0.0
700.0,-70.0,2883.177,0.0
710.0,-70.0,2685.0889,0.0
720.0,-70.0,2495.5762,0.0
730.0,-70.0,2314.4468,0.0
740.0,-70.0,2141.52,0.0
750.0,-70.0,1976.6194,0.0
760.0,-70.0,1819.5804,0.0
770.0,-70.0,1670.2435,0.0
780.0,-70.0,1528.4575,0.0
790.0,-70.0,1394.0784,0.0
800.0,-70.0,1266.9674,0.0
810.0,-70.0,1146.9944,0.0
820.0,-70.0,1034.0337,0.0
830.0,-70.0,927.9651,0.0
840.0,-70.0,828.6732,0.0
850.0,-70.0,736.04846,0.0
860.0,-70.0,649.98694,0.0
870.0,-70.0,570.38794,0.0
880.0,-70.0,497.15616,0.0
890.0,-70.0,430.1996,0.0
900.0,-70.0,369.43085,0.0
910.0,-70.0,314.76617,0.0
920.0,-70.0,266.12585,0.0
930.0,-70.0,223.43263,0.0
940.0,-70.0,186.61359,0.0
950.0,-70.0,155.59746,0.0
960.0,-70.0,130.31802,0.0
970.0,-70.0,110.709366,0.0
980.0,-70.0,96.71093,0.0
990.0,-70.0,88.26288,0.0
1000.0,-70.0,85.30841,0.0
1010.0,-70.0,87.792305,0.0
1020.0,-70.0,95.66234,0.0
1030.0,-70.0,108.86717,0.0
1040.0,-70.0,127.359825,0.0
1050.0,-70.0,151.09306,0.0
1060.0,-70.0,180.02127,0.0
1070.0,-70.0,214.10168,0.0
1080.0,-70.0,253.29193,0.0
1090.0,-70.0,297.5511,0.0
1100.0,-70.0,346.84106,0.0
1110.0,-70.0,401.12195,0.0
1120.0,-70.0,460.35858,0.0
1130.0,-70.0,524.5141,0.0
1140.0,-70.0,593.55414,0.0
1150.0,-70.0,667.444,0.0
1160.0,-70.0,746.14954,0.0
1170.0,-70.0,829.6387,0.0
1180.0,-70.0,917.87964,0.0
1190.0,-70.0,1010.8395,0.0
1200.0,-70.0,1108.4866,0.0
1210.0,-70.0,1210.7903,0.0
1220.0,-70.0,1317.7188,0.0
1230.0,-70.0,1429.241,0.0
1240.0,-70.0,1545.3263,0.0
1250.0,-70.0,1665.9431,0.0
1260.0,-70.0,1791.0565,0.0
1270.0,-70.0,1920.6401,0.0
1280.0,-70.0,2054.6567,0.0
1290.0,-70.0,2193.0781,0.0
1300.0,-70.0,2335.864,0.0
1310.0,-70.0,2482.9805,0.0
1320.0,-70.0,2634.391,0.0
1330.0,-70.0,2790.063,0.0
1340.0,-70.0,2949.9534,0.0
1350.0,-70.0,3114.0273,0.0
1360.0,-70.0,3282.241,0.0
1370.0,-70.0,3454.5444,0.0
1380.0,-70.0,3630.894,0.0
1390.0,-70.0,3811.248,0.0
1400.0,-70.0,3995.5483,0.0
1410.0,-70.0,4183.749,0.0
1420.0,-70.0,4375.7812,0.0
1430.0,-70.0,4571.596,0.0
1440.0,-70.0,4771.1357,0.0
1450.0,-70.0,4974.315,0.0
1460.0,-70.0,5181.075,0.0
1470.0,-70.0,5391.3486,0.0
1480.0,-70.0,5605.0303,0.0
1490.0,-70.0,5822.041,0.0
1500.0,-70.0,6042.3135,0.0
1510.0,-70.0,6265.709,0.0
1520.0,-70.0,6492.157,0.0
1530.0,-70.0,6721.524,0.0
1540.0,-70.0,6953.709,0.0
1550.0,-70.0,7188.5493,0.0
1560.0,-70.0,7425.9175,0.0
1570.0,-70.0,7665.674,0.0
1580.0,-70.0,7907.6694,0.0
1590.0,-70.0,8151.677,0.0
1600.0,-70.0,8397.557,0.0
1610.0,-70.0,8645.105,0.0
1620.0,-70.0,8894.053,0.0
1630.0,-70.0,9144.213,0.0
1640.0,-70.0,9395.283,0.0
1650.0,-70.0,9647.016,0.0
1660.0,-70.0,9899.107,0.0
1670.0,-70.0,10151.189,0.0
1680.0,-70.0,10402.921,0.0
1690.0,-70.0,10653.914,0.0
1700.0,-70.0,10903.707,0.0
1710.0,-70.0,11151.851,0.0
1720.0,-70.0,11397.828,0.0
1730.0,-70.0,11641.042,0.0
1740.0,-70.0,11880.863,0.0
1750.0,-70.0,12116.642,0.0
1760.0,-70.0,12348.031,0.0
1770.0,-70.0,12575.324,0.0
1780.0,-70.0,12798.776,0.0
1790.0,-70.0,13018.654,0.0
1800.0,-70.0,13235.172,0.0
-200.0,-60.0,21116.258,0.0
-190.0,-60.0,21004.348,0.0
-180.0,-60.0,20892.182,0.0
-170.0,-60.0,20779.746,0.0
-160.0,-60.0,20667.04,0.0
-150.0,-60.0,20554.057,0.0
-140.0,-60.0,20440.79,0.0
-130.0,-60.0,20327.23,0.0
-120.0,-60.0,20213.371,0.0
-110.0,-60.0,20099.2,0.0
-100.0,-60.0,19984.703,0.0
-90.0,-60.0,19869.871,0.0
-80.0,-60.0,19754.686,0.0
-70.0,-60.0,19639.135,0.0
-60.0,-60.0,19523.2,0.0
-50.0,-60.0,19406.86,0.0
-40.0,-60.0,19290.094,0.0
-30.0,-60.0,19172.875,0.0
-20.0,-60.0,19055.184,0.0
-10.0,-60.0,18936.99,0.0
0.0,-60.0,18818.262,0.0
10.0,-60.0,18698.967,0.0
20.0,-60.0,18579.066,0.0
30.0,-60.0,18458.527,0.0
40.0,-60.0,18337.305,0.0
50.0,-60.0,18215.35,0.0
60.0,-60.0,18092.617,0.0
70.0,-60.0,17969.049,0.0
80.0,-60.0,17844.59,0.0
90.0,-60.0,17719.176,0.0
100.0,-60.0,17592.738,0.0
110.0,-60.0,17465.21,0.0
120.0,-60.0,17336.502,0.0
130.0,-60.0,17206.535,0.0
140.0,-60.0,17075.215,0.0
150.0,-60.0,16942.443,0.0
160.0,-60.0,16808.107,0.0
170.0,-60.0,16672.094,0.0
180.0,-60.0,16534.275,0.0
190.0,-60.0,16394.518,0.0
200.0,-60.0,16252.67,0.0
210.0,-60.0,16108.574,0.0
220.0,-60.0,15962.056,0.0
230.0,-60.0,15812.928,0.0
240.0,-60.0,15660.988,0.0
250.0,-60.0,15506.016,0.0
260.0,-60.0,15347.771,0.0
270.0,-60.0,15186.029,0.0
280.0,-60.0,15020.699,0.0
290.0,-60.0,14851.731,0.0
300.0,-60.0,14679.064,0.0
310.0,-60.0,14502.627,0.0
320.0,-60.0,14322.33,0.0
330.0,-60.0,14138.08,0.0
340.0,-60.0,13949.761,0.0
350.0,-60.0,13757.243,0.0
360.0,-60.0,13560.381,0.0
370.0,-60.0,13359.004,0.0
380.0,-60.0,13152.924,0.0
390.0,-60.0,12941.926,0.0
400.0,-60.0,12725.766,0.0
410.0,-60.0,12504.174,0.0
420.0,-60.0,12276.841,0.0
430.0,-60.0,12043.424,0.0
440.0,-60.0,11803.65,0.0
450.0,-60.0,11557.4,0.0
460.0,-60.0,11304.576,0.0
470.0,-60.0,11045.086,0.0
480.0,-60.0,10778.845,0.0
490.0,-60.0,10505.785,0.0
500.0,-60.0,10225.854,0.0
510.0,-60.0,9939.023,0.0
520.0,-60.0,9645.298,0.0
530.0,-60.0,9344.719,0.0
540.0,-60.0,9037.371,0.0
550.0,-60.0,8723.41,0.0
560.0,-60.0,8403.054,0.0
570.0,-60.0,8076.622,0.0
580.0,-60.0,7744.541,0.0
590.0,-60.0,7407.3813,0.0
600.0,-60.0,7065.8887,0.0
610.0,-60.0,6721.0146,0.0
620.0,-60.0,6373.9746,0.0
630.0,-60.0,6026.303,0.0
640.0,-60.0,5679.9297,0.0
650.0,-60.0,5337.274,0.0
660.0,-60.0,5001.3613,0.0
670.0,-60.0,4675.961,0.0
680.0,-60.0,4364.502,0.0
690.0,-60.0,4067.1538,0.0
700.0,-60.0,3783.442,0.0
710.0,-60.0,3512.9177,0.0
720.0,-60.0,3255.159,0.0
730.0,-60.0,3009.769,0.0
740.0,-60.0,2776.375,0.0
750.0,-60.0,2554.6235,0.0
760.0,-60.0,2344.1812,0.0
770.0,-60.0,2144.7341,0.0
780.0,-60.0,1955.9861,0.0
790.0,-60.0,1777.6565,0.0
800.0,-60.0,1609.4781,0.0
810.0,-60.0,1451.2031,0.0
820.0,-60.0,1302.5947,0.0
830.0,-60.0,1163.4272,0.0
840.0,-60.0,1033.4882,0.0
850.0,-60.0,912.577,0.0
860.0,-60.0,800.5023,0.0
870.0,-60.0,697.0836,0.0
880.0,-60.0,602.1504,0.0
890.0,-60.0,515.5391,0.0
900.0,-60.0,437.0952,0.0
910.0,-60.0,366.67468,0.0
920.0,-60.0,304.137,0.0
930.0,-60.0,249.35095,0.0
940.0,-60.0,202.19081,0.0
950.0,-60.0,162.53809,0.0
960.0,-60.0,130.28027,0.0
970.0,-60.0,105.30936,0.0
980.0,-60.0,87.52292,0.0
990.0,-60.0,76.824524,0.0
1000.0,-60.0,73.12088,0.0
1010.0,-60.0,76.3242,0.0
1020.0,-60.0,86.3506,0.0
1030.0,-60.0,103.119095,0.0
1040.0,-60.0,126.55427,0.0
1050.0,-60.0,156.5828,0.0
1060.0,-60.0,193.13458,0.0
1070.0,-60.0,236.14252,0.0
1080.0,-60.0,285.5435,0.0
1090.0,-60.0,341.27487,0.0
1100.0,-60.0,403.2782,0.0
1110.0,-60.0,471.49573,0.0
1120.0,-60.0,545.87256,0.0
1130.0,-60.0,626.35657,0.0
1140.0,-60.0,712.89514,0.0
1150.0,-60.0,805.43823,0.0
1160.0,-60.0,903.9372,0.0
1170.0,-60.0,1008.34375,0.0
1180.0,-60.0,1118.6124,0.0
1190.0,-60.0,1234.6956,0.0
1200.0,-60.0,1356.5438,0.0
1210.0,-60.0,1484.1177,0.0
1220.0,-60.0,1617.3654,0.0
1230.0,-60.0,1756.2462,0.0
1240.0,-60.0,1900.7112,0.0
1250.0,-60.0,2050.7124,0.0
1260.0,-60.0,2206.208,0.0
1270.0,-60.0,2367.1416,0.0
1280.0,-60.0,2533.4668,0.0
1290.0,-60.0,2705.1318,0.0
1300.0,-60.0,2882.0725,0.0
1310.0,-60.0,3064.2512,0.0
1320.0,-60.0,3251.5908,0.0
1330.0,-60.0,3444.0483,0.0
1340.0,-60.0,3641.538,0.0
1350.0,-60.0,3844.0042,0.0
1360.0,-60.0,4051.3599,0.0
1370.0,-60.0,4263.536,0.0
1380.0,-60.0,4480.449,0.0
1390.0,-60.0,4701.998,0.0
1400.0,-60.0,4928.0947,0.0
1410.0,-60.0,5158.6406,0.0
1420.0,-60.0,5393.503,0.0
1430.0,-60.0,5632.5664,0.0
1440.0,-60.0,5875.6914,0.0
1450.0,-60.0,6122.7495,0.0
1460.0,-60.0,6373.572,0.0
1470.0,-60.0,6627.9814,0.0
1480.0,-60.0,6885.791,0.0
1490.0,-60.0,7146.8125,0.0
1500.0,-60.0,7410.7686,0.0
1510.0,-60.0,7677.457,0.0
1520.0,-60.0,7946.598,0.0
1530.0,-60.0,8217.862,0.0
1540.0,-60.0,8490.942,0.0
1550.0,-60.0,8765.473,0.0
1560.0,-60.0,9040.991,0.0
1570.0,-60.0,9317.068,0.0
1580.0,-60.0,9593.214,0.0
1590.0,-60.0,9868.818,0.0
1600.0,-60.0,10143.275,0.0
1610.0,-60.0,10415.803,0.0
1620.0,-60.0,10685.65,0.0
1630.0,-60.0,10951.866,0.0
1640.0,-60.0,11213.363,0.0
1650.0,-60.0,11469.061,0.0
1660.0,-60.0,11718.701,0.0
1670.0,-60.0,11962.683,0.0
1680.0,-60.0,12201.442,0.0
1690.0,-60.0,12435.322,0.0
1700.0,-60.0,12664.711,0.0
1710.0,-60.0,12889.908,0.0
1720.0,-60.0,13111.246,0.0
1730.0,-60.0,13329.008,0.0
1740.0,-60.0,13543.471,0.0
1750.0,-60.0,13754.891,0.0
1760.0,-60.0,13963.514,0.0
1770.0,-60.0,14169.566,0.0
1780.0,-60.0,14373.268,0.0
1790.0,-60.0,14574.828,0.0
1800.0,-60.0,14774.42,0.0
-200.0,-50.0,21519.256,0.0
-190.0,-50.0,21403.23,0.0
-180.0,-50.0,21287.01,0.0
-170.0,-50.0,21170.6,0.0
-160.0,-50.0,21054.008,0.0
-150.0,-50.0,20937.238,0.0
-140.0,-50.0,20820.293,0.0
-130.0,-50.0,20703.18,0.0
-120.0,-50.0,20585.895,0.0
-110.0,-50.0,20468.447,0.0
-100.0,-50.0,20350.84,0.0
-90.0,-50.0,20233.066,0.0
-80.0,-50.0,20115.135,0.0
-70.0,-50.0,19997.037,0.0
-60.0,-50.0,19878.777,0.0
-50.0,-50.0,19760.352,0.0
-40.0,-50.0,19641.758,0.0
-30.0,-50.0,19522.988,0.0
-20.0,-50.0,19404.04,0.0
-10.0,-50.0,19284.906,0.0
0.0,-50.0,19165.574,0.0
10.0,-50.0,19046.04,0.0
20.0,-50.0,18926.287,0.0
30.0,-50.0,18806.305,0.0
40.0,-50.0,18686.082,0.0
50.0,-50.0,18565.594,0.0
60.0,-50.0,18444.828,0.0
70.0,-50.0,18323.762,0.0
80.0,-50.0,18202.367,0.0
90.0,-50.0,18080.625,0.0
100.0,-50.0,17958.504,0.0
110.0,-50.0,17835.969,0.0
120.0,-50.0,17712.988,0.0
130.0,-50.0,17589.523,0.0
140.0,-50.0,17465.53,0.0
150.0,-50.0,17340.96,0.0
160.0,-50.0,17215.766,0.0
170.0,-50.0,17089.89,0.0
180.0,-50.0,16963.27,0.0
190.0,-50.0,16835.838,0.0
200.0,-50.0,16707.523,0.0
210.0,-50.0,16578.244,0.0
220.0,-50.0,16447.916,0.0
230.0,-50.0,16316.44,0.0
240.0,-50.0,16183.714,0.0
250.0,-50.0,16049.623,0.0
260.0,-50.0,15914.041,0.0
270.0,-50.0,15776.836,0.0
280.0,-50.0,15637.857,0.0
290.0,-50.0,15496.941,0.0
300.0,-50.0,15353.914,0.0
310.0,-50.0,15208.579,0.0
320.0,-50.0,15060.727,0.0
330.0,-50.0,14910.119,0.0
340.0,-50.0,14756.506,0.0
350.0,-50.0,14599.605,0.0
360.0,-50.0,14439.125,0.0
370.0,-50.0,14274.925,0.0
380.0,-50.0,14106.965,0.0
390.0,-50.0,13935.192,0.0
400.0,-50.0,13759.543,0.0
410.0,-50.0,13579.931,0.0
420.0,-50.0,13396.256,0.0
430.0,-50.0,13208.3955,0.0
440.0,-50.0,13016.205,0.0
450.0,-50.0,12819.512,0.0
460.0,-50.0,12618.119,0.0
470.0,-50.0,12411.791,0.0
480.0,-50.0,12200.261,0.0
490.0,-50.0,11983.215,0.0
500.0,-50.0,11760.293,0.0
510.0,-50.0,11531.081,0.0
520.0,-50.0,11295.104,0.0
530.0,-50.0,11051.808,0.0
540.0,-50.0,10800.561,0.0
550.0,-50.0,10540.636,0.0
560.0,-50.0,10271.275,0.0
570.0,-50.0,9992.105,0.0
580.0,-50.0,9702.922,0.0
590.0,-50.0,9403.545,0.0
600.0,-50.0,9093.844,0.0
610.0,-50.0,8773.741,0.0
620.0,-50.0,8443.238,0.0
630.0,-50.0,8102.441,0.0
640.0,-50.0,7751.592,0.0
650.0,-50.0,7391.115,0.0
660.0,-50.0,7021.6694,0.0
670.0,-50.0,6644.211,0.0
680.0,-50.0,6260.086,0.0
690.0,-50.0,5871.1543,0.0
700.0,-50.0,5479.913,0.0
710.0,-50.0,5089.7075,0.0
720.0,-50.0,4704.976,0.0
730.0,-50.0,4331.578,0.0
740.0,-50.0,3976.3965,0.0
750.0,-50.0,3641.3533,0.0
760.0,-50.0,3325.5903,0.0
770.0,-50.0,3028.2937,0.0
780.0,-50.0,2748.7122,0.0
790.0,-50.0,2486.1462,0.0
800.0,-50.0,2239.945,0.0
810.0,-50.0,2009.511,0.0
820.0,-50.0,1794.28,0.0
830.0,-50.0,1593.729,0.0
840.0,-50.0,1407.3715,0.0
850.0,-50.0,1234.7518,0.0
860.0,-50.0,1075.4471,0.0
870.0,-50.0,929.0597,0.0
880.0,-50.0,795.21875,0.0
890.0,-50.0,673.579,0.0
900.0,-50.0,563.8129,0.0
910.0,-50.0,465.61963,0.0
920.0,-50.0,378.71277,0.0
930.0,-50.0,302.82568,0.0
940.0,-50.0,237.70757,0.0
950.0,-50.0,183.1228,0.0
960.0,-50.0,138.85144,0.0
970.0,-50.0,104.685745,0.0
980.0,-50.0,80.430786,0.0
990.0,-50.0,65.90419,0.0
1000.0,-50.0,60.93344,0.0
1010.0,-50.0,65.35553,0.0
1020.0,-50.0,79.01825,0.0
1030.0,-50.0,101.77789,0.0
1040.0,-50.0,133.49849,0.0
1050.0,-50.0,174.05145,0.0
1060.0,-50.0,223.3162,0.0
1070.0,-50.0,281.17798,0.0
1080.0,-50.0,347.52798,0.0
1090.0,-50.0,422.2622,0.0
1100.0,-50.0,505.2829,0.0
1110.0,-50.0,596.49713,0.0
1120.0,-50.0,695.8141,0.0
1130.0,-50.0,803.14856,0.0
1140.0,-50.0,918.41876,0.0
1150.0,-50.0,1041.543,0.0
1160.0,-50.0,1172.4443,0.0
1170.0,-50.0,1311.0468,0.0
1180.0,-50.0,1457.2771,0.0
1190.0,-50.0,1611.0586,0.0
1200.0,-50.0,1772.3231,0.0
1210.0,-50.0,1940.9907,0.0
1220.0,-50.0,2116.9922,0.0
1230.0,-50.0,2300.2534,0.0
1240.0,-50.0,2490.6904,0.0
1250.0,-50.0,2688.2285,0.0
1260.0,-50.0,2892.7876,0.0
1270.0,-50.0,3104.27,0.0
1280.0,-50.0,3322.5872,0.0
1290.0,-50.0,3547.651,0.0
1300.0,-50.0,3779.3386,0.0
1310.0,-50.0,4017.545,0.0
1320.0,-50.0,4262.1436,0.0
1330.0,-50.0,4512.9927,0.0
1340.0,-50.0,4769.958,0.0
1350.0,-50.0,5032.8696,0.0
1360.0,-50.0,5301.55,0.0
1370.0,-50.0,5575.7725,0.0
1380.0,-50.0,5855.341,0.0
1390.0,-50.0,6139.9707,0.0
1400.0,-50.0,6429.4165,0.0
1410.0,-50.0,6723.33,0.0
1420.0,-50.0,7021.3496,0.0
1430.0,-50.0,7323.0645,0.0
1440.0,-50.0,7627.998,0.0
1450.0,-50.0,7935.6143,0.0
1460.0,-50.0,8245.27,0.0
1470.0,-50.0,8556.279,0.0
1480.0,-50.0,8867.772,0.0
1490.0,-50.0,9178.783,0.0
1500.0,-50.0,9488.122,0.0
1510.0,-50.0,9794.488,0.0
1520.0,-50.0,10096.167,0.0
1530.0,-50.0,10391.264,0.0
1540.0,-50.0,10677.586,0.0
1550.0,-50.0,10954.73,0.0
1560.0,-50.0,11223.439,0.0
1570.0,-50.0,11484.399,0.0
1580.0,-50.0,11738.219,0.0
1590.0,-50.0,11985.474,0.0
1600.0,-50.0,12226.7,0.0
1610.0,-50.0,12462.409,0.0
1620.0,-50.0,12693.055,0.0
1630.0,-50.0,12919.063,0.0
1640.0,-50.0,13140.834,0.0
1650.0,-50.0,13358.738,0.0
1660.0,-50.0,13573.129,0.0
1670.0,-50.0,13784.318,0.0
1680.0,-50.0,13992.621,0.0
1690.0,-50.0,14198.31,0.0
1700.0,-50.0,14401.66,0.0
1710.0,-50.0,14602.923,0.0
1720.0,-50.0,14802.309,0.0
1730.0,-50.0,15000.059,0.0
1740.0,-50.0,15196.389,0.0
1750.0,-50.0,15391.447,0.0
1760.0,-50.0,15585.465,0.0
1770.0,-50.0,15778.58,0.0
1780.0,-50.0,15971.006,0.0
1790.0,-50.0,16162.855,0.0
1800.0,-50.0,16354.235,0.0
-200.0,-40.0,21954.984,0.0
-190.0,-40.0,21831.799,0.0
-180.0,-40.0,21708.365,0.0
-170.0,-40.0,21584.695,0.0
-160.0,-40.0,21460.803,0.0
-150.0,-40.0,21336.703,0.0
-140.0,-40.0,21212.402,0.0
-130.0,-40.0,21087.922,0.0
-120.0,-40.0,20963.27,0.0
-110.0,-40.0,20838.457,0.0
-100.0,-40.0,20713.504,0.0
-90.0,-40.0,20588.412,0.0
-80.0,-40.0,20463.2,0.0
-70.0,-40.0,20337.875,0.0
-60.0,-40.0,20212.453,0.0
-50.0,-40.0,20086.938,0.0
-40.0,-40.0,19961.346,0.0
-30.0,-40.0,19835.68,0.0
-20.0,-40.0,19709.957,0.0
-10.0,-40.0,19584.178,0.0
0.0,-40.0,19458.355,0.0
10.0,-40.0,19332.496,0.0
20.0,-40.0,19206.602,0.0
30.0,-40.0,19080.688,0.0
40.0,-40.0,18954.752,0.0
50.0,-40.0,18828.8,0.0
60.0,-40.0,18702.836,0.0
70.0,-40.0,18576.861,0.0
80.0,-40.0,18450.879,0.0
90.0,-40.0,18324.887,0.0
100.0,-40.0,18198.887,0.0
110.0,-40.0,18072.875,0.0
120.0,-40.0,17946.844,0.0
130.0,-40.0,17820.793,0.0
140.0,-40.0,17694.715,0.0
150.0,-40.0,17568.6,0.0
160.0,-40.0,17442.434,0.0
170.0,-40.0,17316.207,0.0
180.0,-40.0,17189.902,0.0
190.0,-40.0,17063.504,0.0
200.0,-40.0,16936.988,0.0
210.0,-40.0,16810.33,0.0
220.0,-40.0,16683.506,0.0
230.0,-40.0,16556.482,0.0
240.0,-40.0,16429.229,0.0
250.0,-40.0,16301.7,0.0
260.0,-40.0,16173.855,0.0
270.0,-40.0,16045.643,0.0
280.0,-40.0,15917.012,0.0
290.0,-40.0,15787.897,0.0
300.0,-40.0,15658.234,0.0
310.0,-40.0,15527.944,0.0
320.0,-40.0,15396.944,0.0
330.0,-40.0,15265.143,0.0
340.0,-40.0,15132.434,0.0
350.0,-40.0,14998.703,0.0
360.0,-40.0,14863.824,0.0
370.0,-40.0,14727.654,0.0
380.0,-40.0,14590.039,0.0
390.0,-40.0,14450.803,0.0
400.0,-40.0,14309.753,0.0
410.0,-40.0,14166.674,0.0
420.0,-40.0,14021.329,0.0
430.0,-40.0,13873.452,0.0
440.0,-40.0,13722.746,0.0
450.0,-40.0,13568.881,0.0
460.0,-40.0,13411.492,0.0
470.0,-40.0,13250.238,0.0
480.0,-40.0,13085.05,0.0
490.0,-40.0,12915.914,0.0
500.0,-40.0,12742.796,0.0
510.0,-40.0,12565.641,0.0
520.0,-40.0,12384.36,0.0
530.0,-40.0,12198.844,0.0
540.0,-40.0,12008.938,0.0
550.0,-40.0,11814.461,0.0
560.0,-40.0,11615.174,0.0
570.0,-40.0,11410.791,0.0
580.0,-40.0,11200.962,0.0
590.0,-40.0,10985.264,0.0
600.0,-40.0,10763.191,0.0
610.0,-40.0,10534.132,0.0
620.0,-40.0,10297.357,0.0
630.0,-40.0,10051.994,0.0
640.0,-40.0,9796.994,0.0
650.0,-40.0,9531.107,0.0
660.0,-40.0,9252.828,0.0
670.0,-40.0,8960.346,0.0
680.0,-40.0,8651.51,0.0
690.0,-40.0,8324.7295,0.0
700.0,-40.0,7979.4707,0.0
710.0,-40.0,7615.4155,0.0
720.0,-40.0,7232.491,0.0
730.0,-40.0,6830.9736,0.0
740.0,-40.0,6411.647,0.0
750.0,-40.0,5976.0103,0.0
760.0,-40.0,5526.575,0.0
770.0,-40.0,5067.2803,0.0
780.0,-40.0,4604.0596,0.0
790.0,-40.0,4145.6777,0.0
800.0,-40.0,3704.9067,0.0
810.0,-40.0,3295.0754,0.0
820.0,-40.0,2917.0625,0.0
830.0,-40.0,2568.9712,0.0
840.0,-40.0,2249.0952,0.0
850.0,-40.0,1955.8914,0.0
860.0,-40.0,1687.9651,0.0
870.0,-40.0,1444.05,0.0
880.0,-40.0,1222.9958,0.0
890.0,-40.0,1023.7549,0.0
900.0,-40.0,845.3711,0.0
910.0,-40.0,686.97534,0.0
920.0,-40.0,547.7692,0.0
930.0,-40.0,427.02167,0.0
940.0,-40.0,324.0632,0.0
950.0,-40.0,238.27945,0.0
960.0,-40.0,169.10692,0.0
970.0,-40.0,116.02586,0.0
980.0,-40.0,78.55931,0.0
990.0,-40.0,56.267796,0.0
1000.0,-40.0,48.74681,0.0
1010.0,-40.0,55.619667,0.0
1020.0,-40.0,76.54459,0.0
1030.0,-40.0,111.20195,0.0
1040.0,-40.0,159.29706,0.0
1050.0,-40.0,220.55817,0.0
1060.0,-40.0,294.7317,0.0
1070.0,-40.0,381.58386,0.0
1080.0,-40.0,480.89813,0.0
1090.0,-40.0,592.4691,0.0
1100.0,-40.0,716.1093,0.0
1110.0,-40.0,851.64026,0.0
1120.0,-40.0,998.89514,0.0
1130.0,-40.0,1157.717,0.0
1140.0,-40.0,1327.9554,0.0
1150.0,-40.0,1509.4631,0.0
1160.0,-40.0,1702.1062,0.0
1170.0,-40.0,1905.742,0.0
1180.0,-40.0,2120.2373,0.0
1190.0,-40.0,2345.4565,0.0
1200.0,-40.0,2581.2654,0.0
1210.0,-40.0,2827.5132,0.0
1220.0,-40.0,3084.0574,0.0
1230.0,-40.0,3350.725,0.0
1240.0,-40.0,3627.361,0.0
1250.0,-40.0,3913.7505,0.0
1260.0,-40.0,4209.6797,0.0
1270.0,-40.0,4514.919,0.0
1280.0,-40.0,4829.1914,0.0
1290.0,-40.0,5152.146,0.0
1300.0,-40.0,5483.4014,0.0
1310.0,-40.0,5822.542,0.0
1320.0,-40.0,6169.008,0.0
1330.0,-40.0,6522.1167,0.0
1340.0,-40.0,6881.1445,0.0
1350.0,-40.0,7245.0586,0.0
1360.0,-40.0,7612.6973,0.0
1370.0,-40.0,7982.481,0.0
1380.0,-40.0,8352.482,0.0
1390.0,-40.0,8720.18,0.0
1400.0,-40.0,9082.201,0.0
1410.0,-40.0,9433.973,0.0
1420.0,-40.0,9770.381,0.0
1430.0,-40.0,10091.132,0.0
1440.0,-40.0,10397.705,0.0
1450.0,-40.0,10691.479,0.0
1460.0,-40.0,10973.646,0.0
1470.0,-40.0,11245.355,0.0
1480.0,-40.0,11507.583,0.0
1490.0,-40.0,11761.266,0.0
1500.0,-40.0,12007.24,0.0
1510.0,-40.0,12246.25,0.0
1520.0,-40.0,12479.009,0.0
1530.0,-40.0,12706.15,0.0
1540.0,-40.0,12928.255,0.0
1550.0,-40.0,13145.861,0.0
1560.0,-40.0,13359.471,0.0
1570.0,-40.0,13569.528,0.0
1580.0,-40.0,13776.453,0.0
1590.0,-40.0,13980.6455,0.0
1600.0,-40.0,14182.465,0.0
1610.0,-40.0,14382.219,0.0
1620.0,-40.0,14580.262,0.0
1630.0,-40.0,14776.85,0.0
1640.0,-40.0,14972.228,0.0
1650.0,-40.0,15166.701,0.0
1660.0,-40.0,15360.469,0.0
1670.0,-40.0,15553.764,0.0
1680.0,-40.0,15746.769,0.0
1690.0,-40.0,15939.719,0.0
1700.0,-40.0,16132.593,0.0
1710.0,-40.0,16325.192,0.0
1720.0,-40.0,16517.07,0.0
1730.0,-40.0,16707.97,0.0
1740.0,-40.0,16897.762,0.0
1750.0,-40.0,17086.176,0.0
1760.0,-40.0,17273.082,0.0
1770.0,-40.0,17458.508,0.0
1780.0,-40.0,17642.242,0.0
1790.0,-40.0,17824.291,0.0
1800.0,-40.0,18004.576,0.0
-200.0,-30.0,22486.623,0.0
-190.0,-30.0,22353.645,0.0
-180.0,-30.0,22220.2,0.0
-170.0,-30.0,22086.307,0.0
-160.0,-30.0,21951.988,0.0
-150.0,-30.0,21817.262,0.0
-140.0,-30.0,21682.148,0.0
-130.0,-30.0,21546.672,0.0
-120.0,-30.0,21410.848,0.0
-110.0,-30.0,21274.7,0.0
-100.0,-30.0,21138.246,0.0
-90.0,-30.0,21001.51,0.0
-80.0,-30.0,20864.508,0.0
-70.0,-30.0,20727.262,0.0
-60.0,-30.0,20589.793,0.0
-50.0,-30.0,20452.12,0.0
-40.0,-30.0,20314.262,0.0
-30.0,-30.0,20176.24,0.0
-20.0,-30.0,20038.074,0.0
-10.0,-30.0,19899.783,0.0
0.0,-30.0,19761.387,0.0
10.0,-30.0,19622.902,0.0
20.0,-30.0,19484.355,0.0
30.0,-30.0,19345.758,0.0
40.0,-30.0,19207.129,0.0
50.0,-30.0,19068.492,0.0
60.0,-30.0,18929.86,0.0
70.0,-30.0,18791.254,0.0
80.0,-30.0,18652.69,0.0
90.0,-30.0,18514.188,0.0
100.0,-30.0,18375.76,0.0
110.0,-30.0,18237.43,0.0
120.0,-30.0,18099.207,0.0
130.0,-30.0,17961.111,0.0
140.0,-30.0,17823.156,0.0
150.0,-30.0,17685.36,0.0
160.0,-30.0,17547.729,0.0
170.0,-30.0,17410.283,0.0
180.0,-30.0,17273.035,0.0
190.0,-30.0,17135.992,0.0
200.0,-30.0,16999.17,0.0
210.0,-30.0,16862.578,0.0
220.0,-30.0,16726.225,0.0
230.0,-30.0,16590.12,0.0
240.0,-30.0,16454.264,0.0
250.0,-30.0,16318.67,0.0
260.0,-30.0,16183.34,0.0
270.0,-30.0,16048.275,0.0
280.0,-30.0,15913.478,0.0
290.0,-30.0,15778.944,0.0
300.0,-30.0,15644.674,0.0
310.0,-30.0,15510.66,0.0
320.0,-30.0,15376.895,0.0
330.0,-30.0,15243.365,0.0
340.0,-30.0,15110.061,0.0
350.0,-30.0,14976.961,0.0
360.0,-30.0,14844.045,0.0
370.0,-30.0,14711.285,0.0
380.0,-30.0,14578.654,0.0
390.0,-30.0,14446.117,0.0
400.0,-30.0,14313.628,0.0
410.0,-30.0,14181.141,0.0
420.0,-30.0,14048.6,0.0
430.0,-30.0,13915.941,0.0
440.0,-30.0,13783.092,0.0
450.0,-30.0,13649.969,0.0
460.0,-30.0,13516.475,0.0
470.0,-30.0,13382.504,0.0
480.0,-30.0,13247.93,0.0
490.0,-30.0,13112.614,0.0
500.0,-30.0,12976.395,0.0
510.0,-30.0,12839.092,0.0
520.0,-30.0,12700.497,0.0
530.0,-30.0,12560.373,0.0
540.0,-30.0,12418.452,0.0
550.0,-30.0,12274.424,0.0
560.0,-30.0,12127.937,0.0
570.0,-30.0,11978.587,0.0
580.0,-30.0,11825.91,0.0
590.0,-30.0,11669.37,0.0
600.0,-30.0,11508.49,0.0
610.0,-30.0,11343.277,0.0
620.0,-30.0,11173.835,0.0
630.0,-30.0,11000.227,0.0
640.0,-30.0,10822.471,0.0
650.0,-30.0,10640.537,0.0
660.0,-30.0,10454.326,0.0
670.0,-30.0,10263.671,0.0
680.0,-30.0,10068.309,0.0
690.0,-30.0,9867.869,0.0
700.0,-30.0,9661.844,0.0
710.0,-30.0,9449.551,0.0
720.0,-30.0,9230.09,0.0
730.0,-30.0,9002.281,0.0
740.0,-30.0,8764.587,0.0
750.0,-30.0,8515.0,0.0
760.0,-30.0,8250.902,0.0
770.0,-30.0,7968.8574,0.0
780.0,-30.0,7664.3467,0.0
790.0,-30.0,7331.381,0.0
800.0,-30.0,6961.9595,0.0
810.0,-30.0,6547.161,0.0
820.0,-30.0,6083.9336,0.0
830.0,-30.0,5572.5293,0.0
840.0,-30.0,5016.122,0.0
850.0,-30.0,4422.896,0.0
860.0,-30.0,3809.566,0.0
870.0,-30.0,3207.4133,0.0
880.0,-30.0,2662.1904,0.0
890.0,-30.0,2184.1636,0.0
900.0,-30.0,1766.8889,0.0
910.0,-30.0,1404.8848,0.0
920.0,-30.0,1093.4635,0.0
930.0,-30.0,828.6007,0.0
940.0,-30.0,606.82324,0.0
950.0,-30.0,425.1187,0.0
960.0,-30.0,280.8658,0.0
970.0,-30.0,171.7722,0.0
980.0,-30.0,95.83104,0.0
990.0,-30.0,51.276974,0.0
1000.0,-30.0,36.55725,0.0
1010.0,-30.0,50.302284,0.0
1020.0,-30.0,91.30017,0.0
1030.0,-30.0,158.48085,0.0
1040.0,-30.0,250.89569,0.0
1050.0,-30.0,367.70563,0.0
1060.0,-30.0,508.16473,0.0
1070.0,-30.0,671.6121,0.0
1080.0,-30.0,857.4633,0.0
1090.0,-30.0,1065.1921,0.0
1100.0,-30.0,1294.3296,0.0
1110.0,-30.0,1544.4563,0.0
1120.0,-30.0,1815.1952,0.0
1130.0,-30.0,2106.1885,0.0
1140.0,-30.0,2417.1074,0.0
1150.0,-30.0,2747.6353,0.0
1160.0,-30.0,3097.4446,0.0
1170.0,-30.0,3466.1924,0.0
1180.0,-30.0,3853.507,0.0
1190.0,-30.0,4258.9014,0.0
1200.0,-30.0,4681.8477,0.0
1210.0,-30.0,5121.5522,0.0
1220.0,-30.0,5577.017,0.0
1230.0,-30.0,6046.8086,0.0
1240.0,-30.0,6528.674,0.0
1250.0,-30.0,7019.2715,0.0
1260.0,-30.0,7512.8403,0.0
1270.0,-30.0,7999.0483,0.0
1280.0,-30.0,8458.49,0.0
1290.0,-30.0,8881.121,0.0
1300.0,-30.0,9271.418,0.0
1310.0,-30.0,9633.542,0.0
1320.0,-30.0,9971.155,0.0
1330.0,-30.0,10287.318,0.0
1340.0,-30.0,10584.818,0.0
1350.0,-30.0,10865.973,0.0
1360.0,-30.0,11132.893,0.0
1370.0,-30.0,11387.395,0.0
1380.0,-30.0,11631.086,0.0
1390.0,-30.0,11865.395,0.0
1400.0,-30.0,12091.588,0.0
1410.0,-30.0,12310.781,0.0
1420.0,-30.0,12523.99,0.0
1430.0,-30.0,12732.095,0.0
1440.0,-30.0,12935.912,0.0
1450.0,-30.0,13136.17,0.0
1460.0,-30.0,13333.492,0.0
1470.0,-30.0,13528.51,0.0
1480.0,-30.0,13721.7295,0.0
1490.0,-30.0,13913.637,0.0
1500.0,-30.0,14104.709,0.0
1510.0,-30.0,14295.276,0.0
1520.0,-30.0,14485.781,0.0
1530.0,-30.0,14676.559,0.0
1540.0,-30.0,14867.849,0.0
1550.0,-30.0,15060.0205,0.0
1560.0,-30.0,15253.326,0.0
1570.0,-30.0,15447.617,0.0
1580.0,-30.0,15641.676,0.0
1590.0,-30.0,15834.621,0.0
1600.0,-30.0,16025.746,0.0
1610.0,-30.0,16214.648,0.0
1620.0,-30.0,16401.076,0.0
1630.0,-30.0,16584.832,0.0
1640.0,-30.0,16765.84,0.0
1650.0,-30.0,16944.047,0.0
1660.0,-30.0,17119.236,0.0
1670.0,-30.0,17291.547,0.0
1680.0,-30.0,17461.188,0.0
1690.0,-30.0,17628.34,0.0
1700.0,-30.0,17793.086,0.0
1710.0,-30.0,17955.684,0.0
1720.0,-30.0,18116.219,0.0
1730.0,-30.0,18274.703,0.0
1740.0,-30.0,18431.443,0.0
1750.0,-30.0,18586.389,0.0
1760.0,-30.0,18739.566,0.0
1770.0,-30.0,18891.3,0.0
1780.0,-30.0,19041.336,0.0
1790.0,-30.0,19190.092,0.0
1800.0,-30.0,19337.285,0.0
-200.0,-20.0,23222.086,0.0
-190.0,-20.0,23078.29,0.0
-180.0,-20.0,22933.555,0.0
-170.0,-20.0,22787.91,0.0
-160.0,-20.0,22641.379,0.0
-150.0,-20.0,22493.992,0.0
-140.0,-20.0,22345.777,0.0
-130.0,-20.0,22196.76,0.0
-120.0,-20.0,22046.97,0.0
-110.0,-20.0,21896.438,0.0
-100.0,-20.0,21745.193,0.0
-90.0,-20.0,21593.258,0.0
-80.0,-20.0,21440.664,0.0
-70.0,-20.0,21287.441,0.0
-60.0,-20.0,21133.615,0.0
-50.0,-20.0,20979.219,0.0
-40.0,-20.0,20824.277,0.0
-30.0,-20.0,20668.82,0.0
-20.0,-20.0,20512.879,0.0
-10.0,-20.0,20356.479,0.0
0.0,-20.0,20199.65,0.0
10.0,-20.0,20042.424,0.0
20.0,-20.0,19884.828,0.0
30.0,-20.0,19726.89,0.0
40.0,-20.0,19568.643,0.0
50.0,-20.0,19410.113,0.0
60.0,-20.0,19251.332,0.0
70.0,-20.0,19092.328,0.0
80.0,-20.0,18933.129,0.0
90.0,-20.0,18773.77,0.0
100.0,-20.0,18614.275,0.0
110.0,-20.0,18454.674,0.0
120.0,-20.0,18295.002,0.0
130.0,-20.0,18135.281,0.0
140.0,-20.0,17975.549,0.0
150.0,-20.0,17815.83,0.0
160.0,-20.0,17656.156,0.0
170.0,-20.0,17496.555,0.0
180.0,-20.0,17337.057,0.0
190.0,-20.0,17177.691,0.0
200.0,-20.0,17018.488,0.0
210.0,-20.0,16859.48,0.0
220.0,-20.0,16700.691,0.0
230.0,-20.0,16542.152,0.0
240.0,-20.0,16383.893,0.0
250.0,-20.0,16225.941,0.0
260.0,-20.0,16068.326,0.0
270.0,-20.0,15911.076,0.0
280.0,-20.0,15754.219,0.0
290.0,-20.0,15597.782,0.0
300.0,-20.0,15441.792,0.0
310.0,-20.0,15286.279,0.0
320.0,-20.0,15131.266,0.0
330.0,-20.0,14976.78,0.0
340.0,-20.0,14822.847,0.0
350.0,-20.0,14669.491,0.0
360.0,-20.0,14516.736,0.0
370.0,-20.0,14364.605,0.0
380.0,-20.0,14213.122,0.0
390.0,-20.0,14062.307,0.0
400.0,-20.0,13912.181,0.0
410.0,-20.0,13762.762,0.0
420.0,-20.0,13614.067,0.0
430.0,-20.0,13466.115,0.0
440.0,-20.0,13318.92,0.0
450.0,-20.0,13172.494,0.0
460.0,-20.0,13026.848,0.0
470.0,-20.0,12881.99,0.0
480.0,-20.0,12737.928,0.0
490.0,-20.0,12594.664,0.0
500.0,-20.0,12452.197,0.0
510.0,-20.0,12310.527,0.0
520.0,-20.0,12169.646,0.0
530.0,-20.0,12029.543,0.0
540.0,-20.0,11890.201,0.0
550.0,-20.0,11751.598,0.0
560.0,-20.0,11613.699,0.0
570.0,-20.0,11476.466,0.0
580.0,-20.0,11339.85,0.0
590.0,-20.0,11203.801,0.0
600.0,-20.0,11068.254,0.0
610.0,-20.0,10933.143,0.0
620.0,-20.0,10798.383,0.0
630.0,-20.0,10663.879,0.0
640.0,-20.0,10529.518,0.0
650.0,-20.0,10395.17,0.0
660.0,-20.0,10260.682,0.0
670.0,-20.0,10125.871,0.0
680.0,-20.0,9990.523,0.0
690.0,-20.0,9854.384,0.0
700.0,-20.0,9717.148,0.0
710.0,-20.0,9578.45,0.0
720.0,-20.0,9437.85,0.0
730.0,-20.0,9294.811,0.0
740.0,-20.0,9148.6875,0.0
750.0,-20.0,8998.678,0.0
760.0,-20.0,8843.797,0.0
770.0,-20.0,8682.817,0.0
780.0,-20.0,8514.5625,0.0
790.0,-20.0,8339.763,0.0
800.0,-20.0,8159.708,0.0
810.0,-20.0,7975.4746,0.0
820.0,-20.0,7787.9478,0.0
830.0,-20.0,7597.7666,0.0
840.0,-20.0,7405.246,0.0
850.0,-20.0,7210.2617,0.0
860.0,-20.0,7011.9688,0.0
870.0,-20.0,6808.282,0.0
880.0,-20.0,6594.8916,0.0
890.0,-20.0,6363.384,0.0
900.0,-20.0,6097.569,0.0
910.0,-20.0,5766.014,0.0
920.0,-20.0,5305.956,0.0
930.0,-20.0,4593.4487,0.0
940.0,-20.0,3548.6692,0.0
950.0,-20.0,2336.8345,0.0
960.0,-20.0,1387.9343,0.0
970.0,-20.0,738.1467,0.0
980.0,-20.0,321.96606,0.0
990.0,-20.0,94.59579,0.0
1000.0,-20.0,24.368649,0.0
1010.0,-20.0,88.348404,0.0
1020.0,-20.0,269.64404,0.0
1030.0,-20.0,555.70404,0.0
1040.0,-20.0,937.18365,0.0
1050.0,-20.0,1407.1797,0.0
1060.0,-20.0,1960.7129,0.0
1070.0,-20.0,2594.3394,0.0
1080.0,-20.0,3305.9067,0.0
1090.0,-20.0,4094.3071,0.0
1100.0,-20.0,4959.366,0.0
1110.0,-20.0,5900.88,0.0
1120.0,-20.0,6845.2964,0.0
1130.0,-20.0,7603.3555,0.0
1140.0,-20.0,8209.186,0.0
1150.0,-20.0,8699.903,0.0
1160.0,-20.0,9102.551,0.0
1170.0,-20.0,9438.177,0.0
1180.0,-20.0,9722.111,0.0
1190.0,-20.0,9965.947,0.0
1200.0,-20.0,10178.581,0.0
1210.0,-20.0,10366.926,0.0
1220.0,-20.0,10536.389,0.0
1230.0,-20.0,10691.244,0.0
1240.0,-20.0,10834.883,0.0
1250.0,-20.0,10970.046,0.0
1260.0,-20.0,11098.882,0.0
1270.0,-20.0,11223.176,0.0
1280.0,-20.0,11344.351,0.0
1290.0,-20.0,11463.594,0.0
1300.0,-20.0,11581.823,0.0
1310.0,-20.0,11699.859,0.0
1320.0,-20.0,11818.2705,0.0
1330.0,-20.0,11937.703,0.0
1340.0,-20.0,12058.459,0.0
1350.0,-20.0,12180.882,0.0
1360.0,-20.0,12305.367,0.0
1370.0,-20.0,12432.05,0.0
1380.0,-20.0,12561.231,0.0
1390.0,-20.0,12692.892,0.0
1400.0,-20.0,12827.296,0.0
1410.0,-20.0,12964.4795,0.0
1420.0,-20.0,13104.488,0.0
1430.0,-20.0,13247.473,0.0
1440.0,-20.0,13393.379,0.0
1450.0,-20.0,13542.578,0.0
1460.0,-20.0,13695.193,0.0
1470.0,-20.0,13851.49,0.0
1480.0,-20.0,14011.34,0.0
1490.0,-20.0,14174.842,0.0
1500.0,-20.0,14341.942,0.0
1510.0,-20.0,14510.76,0.0
1520.0,-20.0,14679.679,0.0
1530.0,-20.0,14848.434,0.0
1540.0,-20.0,15017.186,0.0
1550.0,-20.0,15185.618,0.0
1560.0,-20.0,15353.985,0.0
1570.0,-20.0,15521.936,0.0
1580.0,-20.0,15689.466,0.0
1590.0,-20.0,15856.556,0.0
1600.0,-20.0,16023.188,0.0
1610.0,-20.0,16189.199,0.0
1620.0,-20.0,16354.684,0.0
1630.0,-20.0,16519.465,0.0
1640.0,-20.0,16683.498,0.0
1650.0,-20.0,16846.854,0.0
1660.0,-20.0,17009.34,0.0
1670.0,-20.0,17170.887,0.0
1680.0,-20.0,17331.695,0.0
1690.0,-20.0,17491.418,0.0
1700.0,-20.0,17650.248,0.0
1710.0,-20.0,17807.96,0.0
1720.0,-20.0,17964.752,0.0
1730.0,-20.0,18120.533,0.0
1740.0,-20.0,18275.068,0.0
1750.0,-20.0,18428.602,0.0
1760.0,-20.0,18581.088,0.0
1770.0,-20.0,18732.477,0.0
1780.0,-20.0,18883.008,0.0
1790.0,-20.0,19032.467,0.0
1800.0,-20.0,19180.922,0.0
-200.0,-10.0,24348.557,0.0
-190.0,-10.0,24200.297,0.0
-180.0,-10.0,24050.037,0.0
-170.0,-10.0,23897.826,0.0
-160.0,-10.0,23743.709,0.0
-150.0,-10.0,23587.732,0.0
-140.0,-10.0,23429.938,0.0
-130.0,-10.0,23270.371,0.0
-120.0,-10.0,23109.082,0.0
-110.0,-10.0,22946.113,0.0
-100.0,-10.0,22781.51,0.0
-90.0,-10.0,22615.32,0.0
-80.0,-10.0,22447.586,0.0
-70.0,-10.0,22278.357,0.0
-60.0,-10.0,22107.68,0.0
-50.0,-10.0,21935.598,0.0
-40.0,-10.0,21762.158,0.0
-30.0,-10.0,21587.412,0.0
-20.0,-10.0,21411.406,0.0
-10.0,-10.0,21234.186,0.0
0.0,-10.0,21055.8,0.0
10.0,-10.0,20876.303,0.0
20.0,-10.0,20695.744,0.0
30.0,-10.0,20514.17,0.0
40.0,-10.0,20331.633,0.0
50.0,-10.0,20148.188,0.0
60.0,-10.0,19963.885,0.0
70.0,-10.0,19778.777,0.0
80.0,-10.0,19592.924,0.0
90.0,-10.0,19406.379,0.0
100.0,-10.0,19219.2,0.0
110.0,-10.0,19031.441,0.0
120.0,-10.0,18843.168,0.0
130.0,-10.0,18654.441,0.0
140.0,-10.0,18465.314,0.0
150.0,-10.0,18275.863,0.0
160.0,-10.0,18086.148,0.0
170.0,-10.0,17896.234,0.0
180.0,-10.0,17706.2,0.0
190.0,-10.0,17516.105,0.0
200.0,-10.0,17326.033,0.0
210.0,-10.0,17136.057,0.0
220.0,-10.0,16946.258,0.0
230.0,-10.0,16756.715,0.0
240.0,-10.0,16567.518,0.0
250.0,-10.0,16378.752,0.0
260.0,-10.0,16190.512,0.0
270.0,-10.0,16002.893,0.0
280.0,-10.0,15815.988,0.0
290.0,-10.0,15629.822,0.0
300.0,-10.0,15444.388,0.0
310.0,-10.0,15259.675,0.0
320.0,-10.0,15075.672,0.0
330.0,-10.0,14892.373,0.0
340.0,-10.0,14709.766,0.0
350.0,-10.0,14527.839,0.0
360.0,-10.0,14346.58,0.0
370.0,-10.0,14165.978,0.0
380.0,-10.0,13986.017,0.0
390.0,-10.0,13806.682,0.0
400.0,-10.0,13627.957,0.0
410.0,-10.0,13449.828,0.0
420.0,-10.0,13272.273,0.0
430.0,-10.0,13095.271,0.0
440.0,-10.0,12918.8,0.0
450.0,-10.0,12742.833,0.0
460.0,-10.0,12567.345,0.0
470.0,-10.0,12392.303,0.0
480.0,-10.0,12217.67,0.0
490.0,-10.0,12043.405,0.0
500.0,-10.0,11869.46,0.0
510.0,-10.0,11695.777,0.0
520.0,-10.0,11522.288,0.0
530.0,-10.0,11348.904,0.0
540.0,-10.0,11175.51,0.0
550.0,-10.0,11001.952,0.0
560.0,-10.0,10827.99,0.0
570.0,-10.0,10653.183,0.0
580.0,-10.0,10475.725,0.0
590.0,-10.0,10294.471,0.0
600.0,-10.0,10110.236,0.0
610.0,-10.0,9923.3955,0.0
620.0,-10.0,9734.18,0.0
630.0,-10.0,9542.735,0.0
640.0,-10.0,9349.158,0.0
650.0,-10.0,9153.504,0.0
660.0,-10.0,8955.791,0.0
670.0,-10.0,8756.008,0.0
680.0,-10.0,8554.104,0.0
690.0,-10.0,8349.999,0.0
700.0,-10.0,8143.5693,0.0
710.0,-10.0,7934.6465,0.0
720.0,-10.0,7723.0117,0.0
730.0,-10.0,7508.385,0.0
740.0,-10.0,7290.41,0.0
750.0,-10.0,7068.6416,0.0
760.0,-10.0,6842.522,0.0
770.0,-10.0,6611.352,0.0
780.0,-10.0,6374.255,0.0
790.0,-10.0,6130.124,0.0
800.0,-10.0,5877.5527,0.0
810.0,-10.0,5614.75,0.0
820.0,-10.0,5339.3896,0.0
830.0,-10.0,5048.4355,0.0
840.0,-10.0,4737.8716,0.0
850.0,-10.0,4403.9395,0.0
860.0,-10.0,4044.991,0.0
870.0,-10.0,3659.0657,0.0
880.0,-10.0,3243.9023,0.0
890.0,-10.0,2797.5503,0.0
900.0,-10.0,2319.585,0.0
910.0,-10.0,1813.7594,0.0
920.0,-10.0,1293.9835,0.0
930.0,-10.0,798.74536,0.0
940.0,-10.0,426.88806,0.0
950.0,-10.0,238.84326,0.0
960.0,-10.0,132.68814,0.0
970.0,-10.0,67.658745,0.0
980.0,-10.0,28.310907,0.0
990.0,-10.0,7.361796,0.0
1000.0,-10.0,0.0,0.0
1010.0,-10.0,7.006158,0.0
1020.0,-10.0,24.30404,0.0
1030.0,-10.0,52.296303,0.0
1040.0,-10.0,90.82637,0.0
1050.0,-10.0,140.04797,0.0
1060.0,-10.0,200.37723,0.0
1070.0,-10.0,272.4742,0.0
1080.0,-10.0,357.245,0.0
1090.0,-10.0,455.87134,0.0
1100.0,-10.0,569.86346,0.0
1110.0,-10.0,701.13385,0.0
1120.0,-10.0,852.1206,0.0
1130.0,-10.0,1025.9926,0.0
1140.0,-10.0,1226.8894,0.0
1150.0,-10.0,1460.4363,0.0
1160.0,-10.0,1730.5692,0.0
1170.0,-10.0,2025.1178,0.0
1180.0,-10.0,2332.2432,0.0
1190.0,-10.0,2644.985,0.0
1200.0,-10.0,2959.183,0.0
1210.0,-10.0,3272.436,0.0
1220.0,-10.0,3583.3022,0.0
1230.0,-10.0,3890.9644,0.0
1240.0,-10.0,4195.121,0.0
1250.0,-10.0,4495.6797,0.0
1260.0,-10.0,4792.6396,0.0
1270.0,-10.0,5086.169,0.0
1280.0,-10.0,5376.5234,0.0
1290.0,-10.0,5663.7446,0.0
1300.0,-10.0,5948.297,0.0
1310.0,-10.0,6230.252,0.0
1320.0,-10.0,6509.9727,0.0
1330.0,-10.0,6787.68,0.0
1340.0,-10.0,7063.519,0.0
1350.0,-10.0,7337.792,0.0
1360.0,-10.0,7610.606,0.0
1370.0,-10.0,7882.116,0.0
1380.0,-10.0,8152.7173,0.0
1390.0,-10.0,8422.287,0.0
1400.0,-10.0,8691.209,0.0
1410.0,-10.0,8959.518,0.0
1420.0,-10.0,9227.272,0.0
1430.0,-10.0,9494.758,0.0
1440.0,-10.0,9761.98,0.0
1450.0,-10.0,10029.066,0.0
1460.0,-10.0,10296.056,0.0
1470.0,-10.0,10563.105,0.0
1480.0,-10.0,10830.4,0.0
1490.0,-10.0,11097.803,0.0
1500.0,-10.0,11365.517,0.0
1510.0,-10.0,11631.79,0.0
1520.0,-10.0,11895.109,0.0
1530.0,-10.0,12155.371,0.0
1540.0,-10.0,12412.598,0.0
1550.0,-10.0,12666.928,0.0
1560.0,-10.0,12918.514,0.0
1570.0,-10.0,13167.16,0.0
1580.0,-10.0,13413.152,0.0
1590.0,-10.0,13656.295,0.0
1600.0,-10.0,13896.772,0.0
1610.0,-10.0,14134.639,0.0
1620.0,-10.0,14369.835,0.0
1630.0,-10.0,14602.563,0.0
1640.0,-10.0,14832.641,0.0
1650.0,-10.0,15060.143,0.0
1660.0,-10.0,15285.15,0.0
1670.0,-10.0,15507.752,0.0
1680.0,-10.0,15727.902,0.0
1690.0,-10.0,15945.561,0.0
1700.0,-10.0,16160.82,0.0
1710.0,-10.0,16373.645,0.0
1720.0,-10.0,16584.133,0.0
1730.0,-10.0,16792.254,0.0
1740.0,-10.0,16998.11,0.0
1750.0,-10.0,17201.531,0.0
1760.0,-10.0,17402.625,0.0
1770.0,-10.0,17601.51,0.0
1780.0,-10.0,17798.158,0.0
1790.0,-10.0,17992.543,0.0
1800.0,-10.0,18184.488,0.0
-200.0,0.0,25870.398,0.0
-190.0,0.0,25759.168,0.0
-180.0,0.0,25645.979,0.0
-170.0,0.0,25530.77,0.0
-160.0,0.0,25413.48,0.0
-150.0,0.0,25294.043,0.0
-140.0,0.0,25172.383,0.0
-130.0,0.0,25048.42,0.0
-120.0,0.0,24922.082,0.0
-110.0,0.0,24793.268,0.0
-100.0,0.0,24661.883,0.0
-90.0,0.0,24527.82,0.0
-80.0,0.0,24390.953,0.0
-70.0,0.0,24251.146,0.0
-60.0,0.0,24108.238,0.0
-50.0,0.0,23962.037,0.0
-40.0,0.0,23812.318,0.0
-30.0,0.0,23658.793,0.0
-20.0,0.0,23501.06,0.0
-10.0,0.0,23338.512,0.0
0.0,0.0,39270.906,0.0
10.0,0.0,22990.98,0.0
20.0,0.0,22802.24,0.0
30.0,0.0,22605.19,0.0
40.0,0.0,22400.688,0.0
50.0,0.0,22189.39,0.0
60.0,0.0,21971.877,0.0
70.0,0.0,21748.66,0.0
80.0,0.0,21520.273,0.0
90.0,0.0,21287.258,0.0
100.0,0.0,21050.203,0.0
110.0,0.0,20809.777,0.0
120.0,0.0,20566.78,0.0
130.0,0.0,20322.14,0.0
140.0,0.0,20076.227,0.0
150.0,0.0,19829.104,0.0
160.0,0.0,19580.836,0.0
170.0,0.0,19331.467,0.0
180.0,0.0,19081.05,0.0
190.0,0.0,18829.633,0.0
200.0,0.0,18577.256,0.0
210.0,0.0,18323.953,0.0
220.0,0.0,18069.766,0.0
230.0,0.0,17814.719,0.0
240.0,0.0,17558.846,0.0
250.0,0.0,17302.168,0.0
260.0,0.0,17044.707,0.0
270.0,0.0,16786.486,0.0
280.0,0.0,16527.518,0.0
290.0,0.0,16267.811,0.0
300.0,0.0,16007.377,0.0
310.0,0.0,15746.22,0.0
320.0,0.0,15484.342,0.0
330.0,0.0,15221.74,0.0
340.0,0.0,14958.405,0.0
350.0,0.0,14694.33,0.0
360.0,0.0,14429.495,0.0
370.0,0.0,14163.879,0.0
380.0,0.0,13897.457,0.0
390.0,0.0,13630.192,0.0
400.0,0.0,13362.047,0.0
410.0,0.0,13092.979,0.0
420.0,0.0,12822.927,0.0
430.0,0.0,12551.833,0.0
440.0,0.0,12279.639,0.0
450.0,0.0,12006.333,0.0
460.0,0.0,11731.904,0.0
470.0,0.0,11456.332,0.0
480.0,0.0,11179.59,0.0
490.0,0.0,10901.645,0.0
500.0,0.0,10622.459,0.0
510.0,0.0,10341.989,0.0
520.0,0.0,10060.1875,0.0
530.0,0.0,9776.996,0.0
540.0,0.0,9492.356,0.0
550.0,0.0,9206.207,0.0
560.0,0.0,8918.478,0.0
570.0,0.0,8629.097,0.0
580.0,0.0,8337.988,0.0
590.0,0.0,8045.0796,0.0
600.0,0.0,7750.293,0.0
610.0,0.0,7453.555,0.0
620.0,0.0,7154.7935,0.0
630.0,0.0,6853.9473,0.0
640.0,0.0,6550.964,0.0
650.0,0.0,6245.8096,0.0
660.0,0.0,5938.475,0.0
670.0,0.0,5628.9873,0.0
680.0,0.0,5317.41,0.0
690.0,0.0,5003.884,0.0
700.0,0.0,4688.62,0.0
710.0,0.0,4371.9487,0.0
720.0,0.0,4054.3452,0.0
730.0,0.0,3736.4849,0.0
740.0,0.0,3419.3052,0.0
750.0,0.0,3104.0972,0.0
760.0,0.0,2792.624,0.0
770.0,0.0,2487.286,0.0
780.0,0.0,2191.3533,0.0
790.0,0.0,1909.2767,0.0
800.0,0.0,1647.1455,0.0
810.0,0.0,1413.3109,0.0
820.0,0.0,1213.2671,0.0
830.0,0.0,1041.2915,0.0
840.0,0.0,891.89954,0.0
850.0,0.0,761.15576,0.0
860.0,0.0,646.1526,0.0
870.0,0.0,544.6918,0.0
880.0,0.0,455.07904,0.0
890.0,0.0,375.98837,0.0
900.0,0.0,306.3687,0.0
910.0,0.0,245.37875,0.0
920.0,0.0,192.33902,0.0
930.0,0.0,146.69724,0.0
940.0,0.0,108.00383,0.0
950.0,0.0,75.89125,0.0
960.0,0.0,50.059822,0.0
970.0,0.0,30.265203,0.0
980.0,0.0,16.309654,0.0
990.0,0.0,8.035332,0.0
1000.0,0.0,5.3176107,0.0
1010.0,0.0,8.061069,0.0
1020.0,0.0,16.194824,0.0
1030.0,0.0,29.670744,0.0
1040.0,0.0,48.459793,0.0
1050.0,0.0,72.55054,0.0
1060.0,0.0,101.94701,0.0
1070.0,0.0,136.668,0.0
1080.0,0.0,176.74567,0.0
1090.0,0.0,222.2233,0.0
1100.0,0.0,273.15662,0.0
1110.0,0.0,329.61102,0.0
1120.0,0.0,391.6651,0.0
1130.0,0.0,459.40356,0.0
1140.0,0.0,532.9223,0.0
1150.0,0.0,612.3298,0.0
1160.0,0.0,697.7405,0.0
1170.0,0.0,789.275,0.0
1180.0,0.0,887.0754,0.0
1190.0,0.0,991.27625,0.0
1200.0,0.0,1102.0369,0.0
1210.0,0.0,1219.521,0.0
1220.0,0.0,1343.8981,0.0
1230.0,0.0,1475.3536,0.0
1240.0,0.0,1614.085,0.0
1250.0,0.0,1760.2971,0.0
1260.0,0.0,1914.1978,0.0
1270.0,0.0,2076.0405,0.0
1280.0,0.0,2246.0605,0.0
1290.0,0.0,2424.5166,0.0
1300.0,0.0,2611.6855,0.0
1310.0,0.0,2807.8296,0.0
1320.0,0.0,3013.3237,0.0
1330.0,0.0,3228.4287,0.0
1340.0,0.0,3453.5056,0.0
1350.0,0.0,3688.9292,0.0
1360.0,0.0,3935.1038,0.0
1370.0,0.0,4192.4473,0.0
1380.0,0.0,4461.3696,0.0
1390.0,0.0,4742.4126,0.0
1400.0,0.0,5035.9756,0.0
1410.0,0.0,5341.9697,0.0
1420.0,0.0,5657.7964,0.0
1430.0,0.0,5981.0996,0.0
1440.0,0.0,6309.8887,0.0
1450.0,0.0,6642.908,0.0
1460.0,0.0,6978.8994,0.0
1470.0,0.0,7317.074,0.0
1480.0,0.0,7656.8184,0.0
1490.0,0.0,7997.5386,0.0
1500.0,0.0,8338.804,0.0
1510.0,0.0,8678.676,0.0
1520.0,0.0,9015.139,0.0
1530.0,0.0,9347.917,0.0
1540.0,0.0,9677.025,0.0
1550.0,0.0,10002.347,0.0
1560.0,0.0,10323.822,0.0
1570.0,0.0,10641.225,0.0
1580.0,0.0,10954.82,0.0
1590.0,0.0,11264.469,0.0
1600.0,0.0,11570.181,0.0
1610.0,0.0,11871.873,0.0
1620.0,0.0,12169.8545,0.0
1630.0,0.0,12463.863,0.0
1640.0,0.0,12754.016,0.0
1650.0,0.0,13040.454,0.0
1660.0,0.0,13323.091,0.0
1670.0,0.0,13601.979,0.0
1680.0,0.0,13877.185,0.0
1690.0,0.0,14148.927,0.0
1700.0,0.0,14416.906,0.0
1710.0,0.0,14681.499,0.0
1720.0,0.0,14942.56,0.0
1730.0,0.0,15200.083,0.0
1740.0,0.0,15454.211,0.0
1750.0,0.0,15705.098,0.0
1760.0,0.0,15952.625,0.0
1770.0,0.0,16196.822,0.0
1780.0,0.0,16437.725,0.0
1790.0,0.0,16675.516,0.0
1800.0,0.0,16910.1,0.0
-200.0,10.0,26311.967,0.0
-190.0,10.0,26182.803,0.0
-180.0,10.0,26049.553,0.0
-170.0,10.0,25912.0,0.0
-160.0,10.0,25770.094,0.0
-150.0,10.0,25623.832,0.0
-140.0,10.0,25473.188,0.0
-130.0,10.0,25318.148,0.0
-120.0,10.0,25158.695,0.0
-110.0,10.0,24994.807,0.0
-100.0,10.0,24826.453,0.0
-90.0,10.0,24653.615,0.0
-80.0,10.0,24476.258,0.0
-70.0,10.0,24294.352,0.0
-60.0,10.0,24107.86,0.0
-50.0,10.0,23916.746,0.0
-40.0,10.0,23720.969,0.0
-30.0,10.0,23520.482,0.0
-20.0,10.0,23315.246,0.0
-10.0,10.0,23105.203,0.0
0.0,10.0,22890.305,0.0
10.0,10.0,22670.494,0.0
20.0,10.0,22445.86,0.0
30.0,10.0,22216.613,0.0
40.0,10.0,21982.979,0.0
50.0,10.0,21745.16,0.0
60.0,10.0,21503.355,0.0
70.0,10.0,21257.75,0.0
80.0,10.0,21008.514,0.0
90.0,10.0,20755.81,0.0
100.0,10.0,20499.8,0.0
110.0,10.0,20240.629,0.0
120.0,10.0,19978.438,0.0
130.0,10.0,19713.355,0.0
140.0,10.0,19445.512,0.0
150.0,10.0,19175.031,0.0
160.0,10.0,18902.023,0.0
170.0,10.0,18626.6,0.0
180.0,10.0,18348.863,0.0
190.0,10.0,18068.912,0.0
200.0,10.0,17786.844,0.0
210.0,10.0,17502.746,0.0
220.0,10.0,17216.703,0.0
230.0,10.0,16928.799,0.0
240.0,10.0,16639.113,0.0
250.0,10.0,16347.714,0.0
260.0,10.0,16054.677,0.0
270.0,10.0,15760.072,0.0
280.0,10.0,15463.958,0.0
290.0,10.0,15166.396,0.0
300.0,10.0,14867.447,0.0
310.0,10.0,14567.168,0.0
320.0,10.0,14265.608,0.0
330.0,10.0,13962.821,0.0
340.0,10.0,13658.855,0.0
350.0,10.0,13353.752,0.0
360.0,10.0,13047.565,0.0
370.0,10.0,12740.333,0.0
380.0,10.0,12432.094,0.0
390.0,10.0,12122.897,0.0
400.0,10.0,11812.778,0.0
410.0,10.0,11501.779,0.0
420.0,10.0,11189.941,0.0
430.0,10.0,10877.309,0.0
440.0,10.0,10563.923,0.0
450.0,10.0,10249.828,0.0
460.0,10.0,9935.078,0.0
470.0,10.0,9619.727,0.0
480.0,10.0,9303.831,0.0
490.0,10.0,8987.466,0.0
500.0,10.0,8670.699,0.0
510.0,10.0,8353.627,0.0
520.0,10.0,8036.3486,0.0
530.0,10.0,7718.9873,0.0
540.0,10.0,7401.6807,0.0
550.0,10.0,7084.5957,0.0
560.0,10.0,6767.9326,0.0
570.0,10.0,6451.9272,0.0
580.0,10.0,6136.914,0.0
590.0,10.0,5823.3677,0.0
600.0,10.0,5511.676,0.0
610.0,10.0,5202.2964,0.0
620.0,10.0,4895.785,0.0
630.0,10.0,4592.819,0.0
640.0,10.0,4294.217,0.0
650.0,10.0,4000.984,0.0
660.0,10.0,3714.3325,0.0
670.0,10.0,3435.7517,0.0
680.0,10.0,3167.0525,0.0
690.0,10.0,2910.4656,0.0
700.0,10.0,2668.7207,0.0
710.0,10.0,2444.6128,0.0
720.0,10.0,2237.6123,0.0
730.0,10.0,2045.9121,0.0
740.0,10.0,1868.006,0.0
750.0,10.0,1702.6243,0.0
760.0,10.0,1548.6918,0.0
770.0,10.0,1405.2914,0.0
780.0,10.0,1271.6376,0.0
790.0,10.0,1147.0508,0.0
800.0,10.0,1030.943,0.0
810.0,10.0,922.8053,0.0
820.0,10.0,822.1903,0.0
830.0,10.0,728.7075,0.0
840.0,10.0,642.0139,0.0
850.0,10.0,561.80835,0.0
860.0,10.0,487.8247,0.0
870.0,10.0,419.82904,0.0
880.0,10.0,357.61475,0.0
890.0,10.0,300.9995,0.0
900.0,10.0,249.82161,0.0
910.0,10.0,203.93996,0.0
920.0,10.0,163.23003,0.0
930.0,10.0,127.582016,0.0
940.0,10.0,96.89977,0.0
950.0,10.0,71.10068,0.0
960.0,10.0,50.111763,0.0
970.0,10.0,33.871273,0.0
980.0,10.0,22.326805,0.0
990.0,10.0,15.434359,0.0
1000.0,10.0,13.156767,0.0
1010.0,10.0,15.466165,0.0
1020.0,10.0,22.338697,0.0
1030.0,10.0,33.7594,0.0
1040.0,10.0,49.71662,0.0
1050.0,10.0,70.205765,0.0
1060.0,10.0,95.22643,0.0
1070.0,10.0,124.783,0.0
1080.0,10.0,158.88489,0.0
1090.0,10.0,197.54482,0.0
1100.0,10.0,240.78027,0.0
1110.0,10.0,288.61172,0.0
1120.0,10.0,341.06488,0.0
1130.0,10.0,398.16693,0.0
1140.0,10.0,459.9494,0.0
1150.0,10.0,526.448,0.0
1160.0,10.0,597.6997,0.0
1170.0,10.0,673.7467,0.0
1180.0,10.0,754.63196,0.0
1190.0,10.0,840.39935,0.0
1200.0,10.0,931.1037,0.0
1210.0,10.0,1026.7971,0.0
1220.0,10.0,1127.5284,0.0
1230.0,10.0,1233.3646,0.0
1240.0,10.0,1344.3613,0.0
1250.0,10.0,1460.5847,0.0
1260.0,10.0,1582.0974,0.0
1270.0,10.0,1708.9773,0.0
1280.0,10.0,1841.2781,0.0
1290.0,10.0,1979.0908,0.0
1300.0,10.0,2122.4895,0.0
1310.0,10.0,2271.555,0.0
1320.0,10.0,2426.3657,0.0
1330.0,10.0,2587.0044,0.0
1340.0,10.0,2753.5728,0.0
1350.0,10.0,2926.1626,0.0
1360.0,10.0,3104.853,0.0
1370.0,10.0,3289.7505,0.0
1380.0,10.0,3480.9453,0.0
1390.0,10.0,3678.561,0.0
1400.0,10.0,3882.7048,0.0
1410.0,10.0,4093.4756,0.0
1420.0,10.0,4311.013,0.0
1430.0,10.0,4535.404,0.0
1440.0,10.0,4766.754,0.0
1450.0,10.0,5005.237,0.0
1460.0,10.0,5250.9766,0.0
1470.0,10.0,5504.1123,0.0
1480.0,10.0,5764.7,0.0
1490.0,10.0,6032.9863,0.0
1500.0,10.0,6309.0815,0.0
1510.0,10.0,6591.3906,0.0
1520.0,10.0,6878.374,0.0
1530.0,10.0,7170.0366,0.0
1540.0,10.0,7466.748,0.0
1550.0,10.0,7768.5283,0.0
1560.0,10.0,8075.6426,0.0
1570.0,10.0,8388.255,0.0
1580.0,10.0,8706.569,0.0
1590.0,10.0,9030.393,0.0
1600.0,10.0,9357.977,0.0
1610.0,10.0,9687.668,0.0
1620.0,10.0,10018.062,0.0
1630.0,10.0,10347.982,0.0
1640.0,10.0,10676.838,0.0
1650.0,10.0,11003.808,0.0
1660.0,10.0,11328.454,0.0
1670.0,10.0,11650.352,0.0
1680.0,10.0,11969.189,0.0
1690.0,10.0,12284.863,0.0
1700.0,10.0,12597.105,0.0
1710.0,10.0,12905.701,0.0
1720.0,10.0,13210.744,0.0
1730.0,10.0,13511.865,0.0
1740.0,10.0,13809.243,0.0
1750.0,10.0,14102.838,0.0
1760.0,10.0,14392.504,0.0
1770.0,10.0,14678.249,0.0
1780.0,10.0,14960.108,0.0
1790.0,10.0,15238.279,0.0
1800.0,10.0,15512.416,0.0
-200.0,20.0,25135.254,0.0
-190.0,20.0,24965.416,0.0
-180.0,20.0,24792.031,0.0
-170.0,20.0,24615.074,0.0
-160.0,20.0,24434.516,0.0
-150.0,20.0,24250.324,0.0
-140.0,20.0,24062.467,0.0
-130.0,20.0,23870.91,0.0
-120.0,20.0,23675.613,0.0
-110.0,20.0,23476.543,0.0
-100.0,20.0,23273.652,0.0
-90.0,20.0,23066.902,0.0
-80.0,20.0,22856.316,0.0
-70.0,20.0,22641.992,0.0
-60.0,20.0,22424.037,0.0
-50.0,20.0,22202.555,0.0
-40.0,20.0,21977.64,0.0
-30.0,20.0,21749.393,0.0
-20.0,20.0,21517.9,0.0
-10.0,20.0,21283.258,0.0
0.0,20.0,21045.55,0.0
10.0,20.0,20804.867,0.0
20.0,20.0,20561.293,0.0
30.0,20.0,20314.9,0.0
40.0,20.0,20065.781,0.0
50.0,20.0,19814.0,0.0
60.0,20.0,19559.645,0.0
70.0,20.0,19302.785,0.0
80.0,20.0,19043.486,0.0
90.0,20.0,18781.828,0.0
100.0,20.0,18517.875,0.0
110.0,20.0,18251.691,0.0
120.0,20.0,17983.348,0.0
130.0,20.0,17712.902,0.0
140.0,20.0,17440.418,0.0
150.0,20.0,17165.96,0.0
160.0,20.0,16889.594,0.0
170.0,20.0,16611.367,0.0
180.0,20.0,16331.348,0.0
190.0,20.0,16049.585,0.0
200.0,20.0,15766.139,0.0
210.0,20.0,15481.065,0.0
220.0,20.0,15194.421,0.0
230.0,20.0,14906.256,0.0
240.0,20.0,14616.631,0.0
250.0,20.0,14325.596,0.0
260.0,20.0,14033.208,0.0
270.0,20.0,13739.524,0.0
280.0,20.0,13444.6,0.0
290.0,20.0,13148.491,0.0
300.0,20.0,12851.258,0.0
310.0,20.0,12552.961,0.0
320.0,20.0,12253.66,0.0
330.0,20.0,11953.422,0.0
340.0,20.0,11652.314,0.0
350.0,20.0,11350.413,0.0
360.0,20.0,11047.795,0.0
370.0,20.0,10744.537,0.0
380.0,20.0,10440.732,0.0
390.0,20.0,10136.475,0.0
400.0,20.0,9831.869,0.0
410.0,20.0,9527.034,0.0
420.0,20.0,9222.096,0.0
430.0,20.0,8917.189,0.0
440.0,20.0,8612.477,0.0
450.0,20.0,8308.128,0.0
460.0,20.0,8004.3438,0.0
470.0,20.0,7701.342,0.0
480.0,20.0,7399.373,0.0
490.0,20.0,7098.7197,0.0
500.0,20.0,6799.7046,0.0
510.0,20.0,6502.6934,0.0
520.0,20.0,6208.1,0.0
530.0,20.0,5916.411,0.0
540.0,20.0,5628.1714,0.0
550.0,20.0,5344.0195,0.0
560.0,20.0,5064.682,0.0
570.0,20.0,4791.0083,0.0
580.0,20.0,4523.9746,0.0
590.0,20.0,4264.7246,0.0
600.0,20.0,4014.5833,0.0
610.0,20.0,3775.1023,0.0
620.0,20.0,3547.4902,0.0
630.0,20.0,3331.2544,0.0
640.0,20.0,3125.632,0.0
650.0,20.0,2929.9517,0.0
660.0,20.0,2743.6128,0.0
670.0,20.0,2566.0828,0.0
680.0,20.0,2396.8857,0.0
690.0,20.0,2235.5962,0.0
700.0,20.0,2081.8323,0.0
710.0,20.0,1935.2504,0.0
720.0,20.0,1795.5421,0.0
730.0,20.0,1662.4288,0.0
740.0,20.0,1535.6611,0.0
750.0,20.0,1415.0114,0.0
760.0,20.0,1300.2759,0.0
770.0,20.0,1191.2678,0.0
780.0,20.0,1087.8221,0.0
790.0,20.0,989.7863,0.0
800.0,20.0,897.0231,0.0
810.0,20.0,809.41,0.0
820.0,20.0,726.8351,0.0
830.0,20.0,649.19727,0.0
840.0,20.0,576.40546,0.0
850.0,20.0,508.37775,0.0
860.0,20.0,445.04004,0.0
870.0,20.0,386.32715,0.0
880.0,20.0,332.17953,0.0
890.0,20.0,282.54492,0.0
900.0,20.0,237.37514,0.0
910.0,20.0,196.63084,0.0
920.0,20.0,160.27415,0.0
930.0,20.0,128.27325,0.0
940.0,20.0,100.60159,0.0
950.0,20.0,77.23436,0.0
960.0,20.0,58.151543,0.0
970.0,20.0,43.336636,0.0
980.0,20.0,32.775433,0.0
990.0,20.0,26.458017,0.0
1000.0,20.0,24.374435,0.0
1010.0,20.0,26.520174,0.0
1020.0,20.0,32.89039,0.0
1030.0,20.0,43.482826,0.0
1040.0,20.0,58.298576,0.0
1050.0,20.0,77.338326,0.0
1060.0,20.0,100.60559,0.0
1070.0,20.0,128.10345,0.0
1080.0,20.0,159.83823,0.0
1090.0,20.0,195.8161,0.0
1100.0,20.0,236.04364,0.0
1110.0,20.0,280.5289,0.0
1120.0,20.0,329.27966,0.0
1130.0,20.0,382.30585,0.0
1140.0,20.0,439.61462,0.0
1150.0,20.0,501.21753,0.0
1160.0,20.0,567.1469,0.0
1170.0,20.0,637.42755,0.0
1180.0,20.0,712.0814,0.0
1190.0,20.0,791.1306,0.0
1200.0,20.0,874.60266,0.0
1210.0,20.0,962.52136,0.0
1220.0,20.0,1054.9193,0.0
1230.0,20.0,1151.8201,0.0
1240.0,20.0,1253.2612,0.0
1250.0,20.0,1359.2698,0.0
1260.0,20.0,1469.8845,0.0
1270.0,20.0,1585.1351,0.0
1280.0,20.0,1705.0591,0.0
1290.0,20.0,1829.693,0.0
1300.0,20.0,1959.0841,0.0
1310.0,20.0,2093.2563,0.0
1320.0,20.0,2232.267,0.0
1330.0,20.0,2376.155,0.0
1340.0,20.0,2524.9539,0.0
1350.0,20.0,2678.7231,0.0
1360.0,20.0,2837.5054,0.0
1370.0,20.0,3001.3445,0.0
1380.0,20.0,3170.2766,0.0
1390.0,20.0,3344.3809,0.0
1400.0,20.0,3523.6948,0.0
1410.0,20.0,3708.267,0.0
1420.0,20.0,3898.1497,0.0
1430.0,20.0,4093.4143,0.0
1440.0,20.0,4294.1055,0.0
1450.0,20.0,4500.294,0.0
1460.0,20.0,4712.0063,0.0
1470.0,20.0,4929.3384,0.0
1480.0,20.0,5152.357,0.0
1490.0,20.0,5381.078,0.0
1500.0,20.0,5615.625,0.0
1510.0,20.0,5854.2393,0.0
1520.0,20.0,6095.2847,0.0
1530.0,20.0,6338.831,0.0
1540.0,20.0,6584.9463,0.0
1550.0,20.0,6833.7334,0.0
1560.0,20.0,7085.245,0.0
1570.0,20.0,7339.5625,0.0
1580.0,20.0,7596.801,0.0
1590.0,20.0,7856.9473,0.0
1600.0,20.0,8120.179,0.0
1610.0,20.0,8386.475,0.0
1620.0,20.0,8656.021,0.0
1630.0,20.0,8928.851,0.0
1640.0,20.0,9205.082,0.0
1650.0,20.0,9484.794,0.0
1660.0,20.0,9768.006,0.0
1670.0,20.0,10054.924,0.0
1680.0,20.0,10345.621,0.0
1690.0,20.0,10640.193,0.0
1700.0,20.0,10938.657,0.0
1710.0,20.0,11241.25,0.0
1720.0,20.0,11547.933,0.0
1730.0,20.0,11858.998,0.0
1740.0,20.0,12173.888,0.0
1750.0,20.0,12490.857,0.0
1760.0,20.0,12807.902,0.0
1770.0,20.0,13123.938,0.0
1780.0,20.0,13438.012,0.0
1790.0,20.0,13749.432,0.0
1800.0,20.0,14057.69,0.0
-200.0,30.0,23526.691,0.0
-190.0,30.0,23333.008,0.0
-180.0,30.0,23136.047,0.0
-170.0,30.0,22935.803,0.0
-160.0,30.0,22732.334,0.0
-150.0,30.0,22525.71,0.0
-140.0,30.0,22316.004,0.0
-130.0,30.0,22103.273,0.0
-120.0,30.0,21887.59,0.0
-110.0,30.0,21669.016,0.0
-100.0,30.0,21447.617,0.0
-90.0,30.0,21223.453,0.0
-80.0,30.0,20996.586,0.0
-70.0,30.0,20767.078,0.0
-60.0,30.0,20534.984,0.0
-50.0,30.0,20300.371,0.0
-40.0,30.0,20063.287,0.0
-30.0,30.0,19823.797,0.0
-20.0,30.0,19581.951,0.0
-10.0,30.0,19337.81,0.0
0.0,30.0,19091.426,0.0
10.0,30.0,18842.852,0.0
20.0,30.0,18592.143,0.0
30.0,30.0,18339.355,0.0
40.0,30.0,18084.537,0.0
50.0,30.0,17827.742,0.0
60.0,30.0,17569.021,0.0
70.0,30.0,17308.428,0.0
80.0,30.0,17046.016,0.0
90.0,30.0,16781.832,0.0
100.0,30.0,16515.926,0.0
110.0,30.0,16248.358,0.0
120.0,30.0,15979.171,0.0
130.0,30.0,15708.42,0.0
140.0,30.0,15436.156,0.0
150.0,30.0,15162.436,0.0
160.0,30.0,14887.309,0.0
170.0,30.0,14610.83,0.0
180.0,30.0,14333.06,0.0
190.0,30.0,14054.051,0.0
200.0,30.0,13773.861,0.0
210.0,30.0,13492.557,0.0
220.0,30.0,13210.194,0.0
230.0,30.0,12926.842,0.0
240.0,30.0,12642.568,0.0
250.0,30.0,12357.438,0.0
260.0,30.0,12071.538,0.0
270.0,30.0,11784.942,0.0
280.0,30.0,11497.736,0.0
290.0,30.0,11210.008,0.0
300.0,30.0,10921.858,0.0
310.0,30.0,10633.385,0.0
320.0,30.0,10344.702,0.0
330.0,30.0,10055.935,0.0
340.0,30.0,9767.209,0.0
350.0,30.0,9478.67,0.0
360.0,30.0,9190.479,0.0
370.0,30.0,8902.801,0.0
380.0,30.0,8615.826,0.0
390.0,30.0,8329.769,0.0
400.0,30.0,8044.8496,0.0
410.0,30.0,7761.333,0.0
420.0,30.0,7479.4966,0.0
430.0,30.0,7199.658,0.0
440.0,30.0,6922.17,0.0
450.0,30.0,6647.4204,0.0
460.0,30.0,6375.8584,0.0
470.0,30.0,6107.9736,0.0
480.0,30.0,5844.323,0.0
490.0,30.0,5585.535,0.0
500.0,30.0,5332.3184,0.0
510.0,30.0,5085.476,0.0
520.0,30.0,4845.918,0.0
530.0,30.0,4614.661,0.0
540.0,30.0,4392.1826,0.0
550.0,30.0,4178.1064,0.0
560.0,30.0,3972.0234,0.0
570.0,30.0,3773.5645,0.0
580.0,30.0,3582.3882,0.0
590.0,30.0,3398.185,0.0
600.0,30.0,3220.6716,0.0
610.0,30.0,3049.5864,0.0
620.0,30.0,2884.6897,0.0
630.0,30.0,2725.7627,0.0
640.0,30.0,2572.6016,0.0
650.0,30.0,2425.022,0.0
660.0,30.0,2282.8525,0.0
670.0,30.0,2145.9358,0.0
680.0,30.0,2014.1271,0.0
690.0,30.0,1887.2941,0.0
700.0,30.0,1765.3137,0.0
710.0,30.0,1648.0743,0.0
720.0,30.0,1535.4716,0.0
730.0,30.0,1427.4102,0.0
740.0,30.0,1323.8047,0.0
750.0,30.0,1224.5742,0.0
760.0,30.0,1129.6455,0.0
770.0,30.0,1038.9532,0.0
780.0,30.0,952.43494,0.0
790.0,30.0,870.0361,0.0
800.0,30.0,791.7056,0.0
810.0,30.0,717.3998,0.0
820.0,30.0,647.07654,0.0
830.0,30.0,580.69946,0.0
840.0,30.0,518.23584,0.0
850.0,30.0,459.6564,0.0
860.0,30.0,404.9359,0.0
870.0,30.0,354.05182,0.0
880.0,30.0,306.98575,0.0
890.0,30.0,263.72095,0.0
900.0,30.0,224.24355,0.0
910.0,30.0,188.5439,0.0
920.0,30.0,156.61298,0.0
930.0,30.0,128.44485,0.0
940.0,30.0,104.03572,0.0
950.0,30.0,83.383675,0.0
960.0,30.0,66.489365,0.0
970.0,30.0,53.355476,0.0
980.0,30.0,43.9855,0.0
990.0,30.0,38.385258,0.0
1000.0,30.0,36.561924,0.0
1010.0,30.0,38.525192,0.0
1020.0,30.0,44.28502,0.0
1030.0,30.0,53.852985,0.0
1040.0,30.0,67.24217,0.0
1050.0,30.0,84.46854,0.0
1060.0,30.0,105.54613,0.0
1070.0,30.0,130.49246,0.0
1080.0,30.0,159.3265,0.0
1090.0,30.0,192.06566,0.0
1100.0,30.0,228.73164,0.0
1110.0,30.0,269.34485,0.0
1120.0,30.0,313.92773,0.0
1130.0,30.0,362.50317,0.0
1140.0,30.0,415.09555,0.0
1150.0,30.0,471.72888,0.0
1160.0,30.0,532.4297,0.0
1170.0,30.0,597.22363,0.0
1180.0,30.0,666.1384,0.0
1190.0,30.0,739.20184,0.0
1200.0,30.0,816.4404,0.0
1210.0,30.0,897.8871,0.0
1220.0,30.0,983.56854,0.0
1230.0,30.0,1073.5164,0.0
1240.0,30.0,1167.7635,0.0
1250.0,30.0,1266.3383,0.0
1260.0,30.0,1369.2745,0.0
1270.0,30.0,1476.608,0.0
1280.0,30.0,1588.3628,0.0
1290.0,30.0,1704.5785,0.0
1300.0,30.0,1825.2896,0.0
1310.0,30.0,1950.5359,0.0
1320.0,30.0,2080.3384,0.0
1330.0,30.0,2214.7402,0.0
1340.0,30.0,2353.7808,0.0
1350.0,30.0,2497.482,0.0
1360.0,30.0,2645.9016,0.0
1370.0,30.0,2799.058,0.0
1380.0,30.0,2956.9917,0.0
1390.0,30.0,3119.733,0.0
1400.0,30.0,3287.3394,0.0
1410.0,30.0,3459.828,0.0
1420.0,30.0,3637.2412,0.0
1430.0,30.0,3819.6152,0.0
1440.0,30.0,4006.9927,0.0
1450.0,30.0,4199.412,0.0
1460.0,30.0,4396.9053,0.0
1470.0,30.0,4599.4873,0.0
1480.0,30.0,4807.2344,0.0
1490.0,30.0,5020.1377,0.0
1500.0,30.0,5238.288,0.0
1510.0,30.0,5461.6772,0.0
1520.0,30.0,5690.3477,0.0
1530.0,30.0,5924.3203,0.0
1540.0,30.0,6162.8228,0.0
1550.0,30.0,6400.2437,0.0
1560.0,30.0,6634.1606,0.0
1570.0,30.0,6866.6597,0.0
1580.0,30.0,7099.284,0.0
1590.0,30.0,7332.955,0.0
1600.0,30.0,7568.277,0.0
1610.0,30.0,7805.547,0.0
1620.0,30.0,8044.8477,0.0
1630.0,30.0,8286.25,0.0
1640.0,30.0,8529.794,0.0
1650.0,30.0,8775.551,0.0
1660.0,30.0,9023.498,0.0
1670.0,30.0,9273.809,0.0
1680.0,30.0,9526.443,0.0
1690.0,30.0,9781.434,0.0
1700.0,30.0,10038.973,0.0
1710.0,30.0,10298.929,0.0
1720.0,30.0,10561.545,0.0
1730.0,30.0,10826.715,0.0
1740.0,30.0,11094.662,0.0
1750.0,30.0,11365.303,0.0
1760.0,30.0,11638.731,0.0
1770.0,30.0,11914.973,0.0
1780.0,30.0,12194.263,0.0
1790.0,30.0,12476.469,0.0
1800.0,30.0,12761.769,0.0
-200.0,40.0,21866.219,0.0
-190.0,40.0,21657.559,0.0
-180.0,40.0,21446.355,0.0
-170.0,40.0,21232.654,0.0
-160.0,40.0,21016.5,0.0
-150.0,40.0,20797.947,0.0
-140.0,40.0,20577.043,0.0
-130.0,40.0,20353.826,0.0
-120.0,40.0,20128.352,0.0
-110.0,40.0,19900.664,0.0
-100.0,40.0,19670.809,0.0
-90.0,40.0,19438.83,0.0
-80.0,40.0,19204.781,0.0
-70.0,40.0,18968.697,0.0
-60.0,40.0,18730.629,0.0
-50.0,40.0,18490.625,0.0
-40.0,40.0,18248.727,0.0
-30.0,40.0,18004.979,0.0
-20.0,40.0,17759.432,0.0
-10.0,40.0,17512.125,0.0
0.0,40.0,17263.11,0.0
10.0,40.0,17012.428,0.0
20.0,40.0,16760.129,0.0
30.0,40.0,16506.258,0.0
40.0,40.0,16250.865,0.0
50.0,40.0,15993.991,0.0
60.0,40.0,15735.695,0.0
70.0,40.0,15476.022,0.0
80.0,40.0,15215.024,0.0
90.0,40.0,14952.752,0.0
100.0,40.0,14689.26,0.0
110.0,40.0,14424.603,0.0
120.0,40.0,14158.836,0.0
130.0,40.0,13892.022,0.0
140.0,40.0,13624.214,0.0
150.0,40.0,13355.49,0.0
160.0,40.0,13085.902,0.0
170.0,40.0,12815.528,0.0
180.0,40.0,12544.441,0.0
190.0,40.0,12272.71,0.0
200.0,40.0,12000.422,0.0
210.0,40.0,11727.667,0.0
220.0,40.0,11454.529,0.0
230.0,40.0,11181.109,0.0
240.0,40.0,10907.513,0.0
250.0,40.0,10633.85,0.0
260.0,40.0,10360.24,0.0
270.0,40.0,10086.817,0.0
280.0,40.0,9813.716,0.0
290.0,40.0,9541.092,0.0
300.0,40.0,9269.1045,0.0
310.0,40.0,8997.937,0.0
320.0,40.0,8727.776,0.0
330.0,40.0,8458.845,0.0
340.0,40.0,8191.366,0.0
350.0,40.0,7925.5996,0.0
360.0,40.0,7661.821,0.0
370.0,40.0,7400.34,0.0
380.0,40.0,7141.4927,0.0
390.0,40.0,6885.6504,0.0
400.0,40.0,6633.229,0.0
410.0,40.0,6384.686,0.0
420.0,40.0,6140.5254,0.0
430.0,40.0,5901.3115,0.0
440.0,40.0,5667.672,0.0
450.0,40.0,5440.3037,0.0
460.0,40.0,5219.8213,0.0
470.0,40.0,5006.1484,0.0
480.0,40.0,4799.0234,0.0
490.0,40.0,4598.199,0.0
500.0,40.0,4403.452,0.0
510.0,40.0,4214.5703,0.0
520.0,40.0,4031.3574,0.0
530.0,40.0,3853.6304,0.0
540.0,40.0,3681.2173,0.0
550.0,40.0,3513.962,0.0
560.0,40.0,3351.7144,0.0
570.0,40.0,3194.3389,0.0
580.0,40.0,3041.7043,0.0
590.0,40.0,2893.691,0.0
600.0,40.0,2750.1887,0.0
610.0,40.0,2611.0918,0.0
620.0,40.0,2476.305,0.0
630.0,40.0,2345.7358,0.0
640.0,40.0,2219.3003,0.0
650.0,40.0,2096.9219,0.0
660.0,40.0,1978.5261,0.0
670.0,40.0,1864.0455,0.0
680.0,40.0,1753.4171,0.0
690.0,40.0,1646.5836,0.0
700.0,40.0,1543.4902,0.0
710.0,40.0,1444.0878,0.0
720.0,40.0,1348.3298,0.0
730.0,40.0,1256.1737,0.0
740.0,40.0,1167.581,0.0
750.0,40.0,1082.5164,0.0
760.0,40.0,1000.947,0.0
770.0,40.0,922.84265,0.0
780.0,40.0,848.1772,0.0
790.0,40.0,776.9266,0.0
800.0,40.0,709.0673,0.0
810.0,40.0,644.58185,0.0
820.0,40.0,583.4536,0.0
830.0,40.0,525.6659,0.0
840.0,40.0,471.20728,0.0
850.0,40.0,420.06604,0.0
860.0,40.0,372.2335,0.0
870.0,40.0,327.70258,0.0
880.0,40.0,286.46722,0.0
890.0,40.0,248.5239,0.0
900.0,40.0,213.87009,0.0
910.0,40.0,182.50537,0.0
920.0,40.0,154.42996,0.0
930.0,40.0,129.646,0.0
940.0,40.0,108.15668,0.0
950.0,40.0,89.9669,0.0
960.0,40.0,75.08185,0.0
970.0,40.0,63.508842,0.0
980.0,40.0,55.256622,0.0
990.0,40.0,50.33309,0.0
1000.0,40.0,48.749084,0.0
1010.0,40.0,50.516685,0.0
1020.0,40.0,55.646942,0.0
1030.0,40.0,64.152565,0.0
1040.0,40.0,76.04882,0.0
1050.0,40.0,91.35002,0.0
1060.0,40.0,110.07236,0.0
1070.0,40.0,132.23178,0.0
1080.0,40.0,157.84622,0.0
1090.0,40.0,186.93353,0.0
1100.0,40.0,219.51228,0.0
1110.0,40.0,255.60269,0.0
1120.0,40.0,295.22485,0.0
1130.0,40.0,338.39972,0.0
1140.0,40.0,385.14877,0.0
1150.0,40.0,435.4946,0.0
1160.0,40.0,489.4596,0.0
1170.0,40.0,547.068,0.0
1180.0,40.0,608.3445,0.0
1190.0,40.0,673.31177,0.0
1200.0,40.0,741.9972,0.0
1210.0,40.0,814.4254,0.0
1220.0,40.0,890.6229,0.0
1230.0,40.0,970.61707,0.0
1240.0,40.0,1054.4346,0.0
1250.0,40.0,1142.104,0.0
1260.0,40.0,1233.6521,0.0
1270.0,40.0,1329.1113,0.0
1280.0,40.0,1428.5085,0.0
1290.0,40.0,1531.8721,0.0
1300.0,40.0,1639.2375,0.0
1310.0,40.0,1750.6295,0.0
1320.0,40.0,1866.084,0.0
1330.0,40.0,1985.626,0.0
1340.0,40.0,2109.2966,0.0
1350.0,40.0,2237.1223,0.0
1360.0,40.0,2369.1396,0.0
1370.0,40.0,2505.38,0.0
1380.0,40.0,2645.8752,0.0
1390.0,40.0,2790.6558,0.0
1400.0,40.0,2939.768,0.0
1410.0,40.0,3093.2305,0.0
1420.0,40.0,3251.0928,0.0
1430.0,40.0,3413.3887,0.0
1440.0,40.0,3580.146,0.0
1450.0,40.0,3751.4155,0.0
1460.0,40.0,3927.206,0.0
1470.0,40.0,4107.593,0.0
1480.0,40.0,4292.5723,0.0
1490.0,40.0,4482.2197,0.0
1500.0,40.0,4676.5474,0.0
1510.0,40.0,4875.5967,0.0
1520.0,40.0,5079.425,0.0
1530.0,40.0,5288.036,0.0
1540.0,40.0,5501.506,0.0
1550.0,40.0,5719.853,0.0
1560.0,40.0,5943.118,0.0
1570.0,40.0,6171.343,0.0
1580.0,40.0,6404.5684,0.0
1590.0,40.0,6642.8643,0.0
1600.0,40.0,6886.206,0.0
1610.0,40.0,7134.671,0.0
1620.0,40.0,7388.046,0.0
1630.0,40.0,7644.562,0.0
1640.0,40.0,7902.335,0.0
1650.0,40.0,8160.1084,0.0
1660.0,40.0,8416.836,0.0
1670.0,40.0,8671.97,0.0
1680.0,40.0,8925.076,0.0
1690.0,40.0,9176.53,0.0
1700.0,40.0,9427.025,0.0
1710.0,40.0,9676.966,0.0
1720.0,40.0,9926.788,0.0
1730.0,40.0,10176.883,0.0
1740.0,40.0,10427.422,0.0
1750.0,40.0,10678.731,0.0
1760.0,40.0,10930.925,0.0
1770.0,40.0,11184.301,0.0
1780.0,40.0,11438.872,0.0
1790.0,40.0,11694.855,0.0
1800.0,40.0,11952.321,0.0
-200.0,50.0,20272.41,0.0
-190.0,50.0,20055.986,0.0
-180.0,50.0,19837.535,0.0
-170.0,50.0,19617.104,0.0
-160.0,50.0,19394.729,0.0
-150.0,50.0,19170.451,0.0
-140.0,50.0,18944.309,0.0
-130.0,50.0,18716.34,0.0
-120.0,50.0,18486.592,0.0
-110.0,50.0,18255.102,0.0
-100.0,50.0,18021.908,0.0
-90.0,50.0,17787.057,0.0
-80.0,50.0,17550.586,0.0
-70.0,50.0,17312.535,0.0
-60.0,50.0,17072.953,0.0
-50.0,50.0,16831.875,0.0
-40.0,50.0,16589.352,0.0
-30.0,50.0,16345.423,0.0
-20.0,50.0,16100.137,0.0
-10.0,50.0,15853.537,0.0
0.0,50.0,15605.675,0.0
10.0,50.0,15356.596,0.0
20.0,50.0,15106.349,0.0
30.0,50.0,14854.983,0.0
40.0,50.0,14602.557,0.0
50.0,50.0,14349.121,0.0
60.0,50.0,14094.737,0.0
70.0,50.0,13839.456,0.0
80.0,50.0,13583.35,0.0
90.0,50.0,13326.476,0.0
100.0,50.0,13068.896,0.0
110.0,50.0,12810.693,0.0
120.0,50.0,12551.931,0.0
130.0,50.0,12292.691,0.0
140.0,50.0,12033.057,0.0
150.0,50.0,11773.109,0.0
160.0,50.0,11512.951,0.0
170.0,50.0,11252.675,0.0
180.0,50.0,10992.385,0.0
190.0,50.0,10732.19,0.0
200.0,50.0,10472.217,0.0
210.0,50.0,10212.585,0.0
220.0,50.0,9953.4375,0.0
230.0,50.0,9694.924,0.0
240.0,50.0,9437.195,0.0
250.0,50.0,9180.426,0.0
260.0,50.0,8924.809,0.0
270.0,50.0,8670.539,0.0
280.0,50.0,8417.832,0.0
290.0,50.0,8166.931,0.0
300.0,50.0,7918.091,0.0
310.0,50.0,7671.593,0.0
320.0,50.0,7427.7397,0.0
330.0,50.0,7186.871,0.0
340.0,50.0,6949.3506,0.0
350.0,50.0,6715.58,0.0
360.0,50.0,6486.003,0.0
370.0,50.0,6261.1035,0.0
380.0,50.0,6041.4106,0.0
390.0,50.0,5827.3867,0.0
400.0,50.0,5618.977,0.0
410.0,50.0,5416.008,0.0
420.0,50.0,5218.311,0.0
430.0,50.0,5025.73,0.0
440.0,50.0,4838.1157,0.0
450.0,50.0,4655.33,0.0
460.0,50.0,4477.2427,0.0
470.0,50.0,4303.731,0.0
480.0,50.0,4134.6787,0.0
490.0,50.0,3969.9756,0.0
500.0,50.0,3809.5193,0.0
510.0,50.0,3653.2122,0.0
520.0,50.0,3500.9644,0.0
530.0,50.0,3352.6904,0.0
540.0,50.0,3208.308,0.0
550.0,50.0,3067.7427,0.0
560.0,50.0,2930.9219,0.0
570.0,50.0,2797.7798,0.0
580.0,50.0,2668.2524,0.0
590.0,50.0,2542.2795,0.0
600.0,50.0,2419.808,0.0
610.0,50.0,2300.784,0.0
620.0,50.0,2185.1582,0.0
630.0,50.0,2072.8867,0.0
640.0,50.0,1963.9252,0.0
650.0,50.0,1858.2346,0.0
660.0,50.0,1755.7776,0.0
670.0,50.0,1656.5199,0.0
680.0,50.0,1560.4285,0.0
690.0,50.0,1467.4747,0.0
700.0,50.0,1377.6302,0.0
710.0,50.0,1290.8696,0.0
720.0,50.0,1207.1694,0.0
730.0,50.0,1126.5084,0.0
740.0,50.0,1048.8673,0.0
750.0,50.0,974.228,0.0
760.0,50.0,902.5742,0.0
770.0,50.0,833.8918,0.0
780.0,50.0,768.1671,0.0
790.0,50.0,705.3906,0.0
800.0,50.0,645.5504,0.0
810.0,50.0,588.6393,0.0
820.0,50.0,534.6489,0.0
830.0,50.0,483.57425,0.0
840.0,50.0,435.41046,0.0
850.0,50.0,390.154,0.0
860.0,50.0,347.8022,0.0
870.0,50.0,308.3537,0.0
880.0,50.0,271.80896,0.0
890.0,50.0,238.16846,0.0
900.0,50.0,207.43347,0.0
910.0,50.0,179.60698,0.0
920.0,50.0,154.69315,0.0
930.0,50.0,132.69601,0.0
940.0,50.0,113.62096,0.0
950.0,50.0,97.47433,0.0
960.0,50.0,84.26308,0.0
970.0,50.0,73.99455,0.0
980.0,50.0,66.67816,0.0
990.0,50.0,62.322266,0.0
1000.0,50.0,60.93706,0.0
1010.0,50.0,62.533413,0.0
1020.0,50.0,67.12194,0.0
1030.0,50.0,74.71482,0.0
1040.0,50.0,85.32472,0.0
1050.0,50.0,98.9644,0.0
1060.0,50.0,115.647835,0.0
1070.0,50.0,135.38895,0.0
1080.0,50.0,158.20273,0.0
1090.0,50.0,184.10454,0.0
1100.0,50.0,213.10992,0.0
1110.0,50.0,245.23483,0.0
1120.0,50.0,280.4965,0.0
1130.0,50.0,318.91217,0.0
1140.0,50.0,360.4992,0.0
1150.0,50.0,405.27704,0.0
1160.0,50.0,453.26257,0.0
1170.0,50.0,504.47516,0.0
1180.0,50.0,558.935,0.0
1190.0,50.0,616.661,0.0
1200.0,50.0,677.6736,0.0
1210.0,50.0,741.994,0.0
1220.0,50.0,809.64185,0.0
1230.0,50.0,880.64056,0.0
1240.0,50.0,955.0089,0.0
1250.0,50.0,1032.7712,0.0
1260.0,50.0,1113.9502,0.0
1270.0,50.0,1198.5652,0.0
1280.0,50.0,1286.644,0.0
1290.0,50.0,1378.2053,0.0
1300.0,50.0,1473.2738,0.0
1310.0,50.0,1571.8743,0.0
1320.0,50.0,1674.0308,0.0
1330.0,50.0,1779.7683,0.0
1340.0,50.0,1889.1133,0.0
1350.0,50.0,2002.0813,0.0
1360.0,50.0,2118.713,0.0
1370.0,50.0,2239.0176,0.0
1380.0,50.0,2363.0315,0.0
1390.0,50.0,2490.7744,0.0
1400.0,50.0,2622.2798,0.0
1410.0,50.0,2757.562,0.0
1420.0,50.0,2896.6606,0.0
1430.0,50.0,3039.5935,0.0
1440.0,50.0,3186.3887,0.0
1450.0,50.0,3337.0842,0.0
1460.0,50.0,3491.6943,0.0
1470.0,50.0,3650.244,0.0
1480.0,50.0,3812.7664,0.0
1490.0,50.0,3979.292,0.0
1500.0,50.0,4149.8438,0.0
1510.0,50.0,4324.443,0.0
1520.0,50.0,4503.1387,0.0
1530.0,50.0,4685.933,0.0
1540.0,50.0,4872.883,0.0
1550.0,50.0,5063.9893,0.0
1560.0,50.0,5259.288,0.0
1570.0,50.0,5458.802,0.0
1580.0,50.0,5662.575,0.0
1590.0,50.0,5870.634,0.0
1600.0,50.0,6082.9824,0.0
1610.0,50.0,6299.6797,0.0
1620.0,50.0,6520.7197,0.0
1630.0,50.0,6746.1562,0.0
1640.0,50.0,6976.0127,0.0
1650.0,50.0,7210.3,0.0
1660.0,50.0,7449.073,0.0
1670.0,50.0,7692.314,0.0
1680.0,50.0,7940.112,0.0
1690.0,50.0,8192.377,0.0
1700.0,50.0,8448.525,0.0
1710.0,50.0,8707.318,0.0
1720.0,50.0,8967.881,0.0
1730.0,50.0,9229.434,0.0
1740.0,50.0,9491.449,0.0
1750.0,50.0,9753.406,0.0
1760.0,50.0,10014.988,0.0
1770.0,50.0,10275.875,0.0
1780.0,50.0,10535.923,0.0
1790.0,50.0,10794.906,0.0
1800.0,50.0,11052.698,0.0
-200.0,60.0,18784.86,0.0
-190.0,60.0,18564.826,0.0
-180.0,60.0,18343.164,0.0
-170.0,60.0,18119.922,0.0
-160.0,60.0,17895.125,0.0
-150.0,60.0,17668.816,0.0
-140.0,60.0,17441.033,0.0
-130.0,60.0,17211.816,0.0
-120.0,60.0,16981.207,0.0
-110.0,60.0,16749.242,0.0
-100.0,60.0,16515.97,0.0
-90.0,60.0,16281.426,0.0
-80.0,60.0,16045.65,0.0
-70.0,60.0,15808.698,0.0
-60.0,60.0,15570.604,0.0
-50.0,60.0,15331.424,0.0
-40.0,60.0,15091.198,0.0
-30.0,60.0,14849.9795,0.0
-20.0,60.0,14607.824,0.0
-10.0,60.0,14364.777,0.0
0.0,60.0,14120.902,0.0
10.0,60.0,13876.249,0.0
20.0,60.0,13630.885,0.0
30.0,60.0,13384.867,0.0
40.0,60.0,13138.259,0.0
50.0,60.0,12891.133,0.0
60.0,60.0,12643.562,0.0
70.0,60.0,12395.621,0.0
80.0,60.0,12147.396,0.0
90.0,60.0,11898.959,0.0
100.0,60.0,11650.408,0.0
110.0,60.0,11401.833,0.0
120.0,60.0,11153.335,0.0
130.0,60.0,10905.025,0.0
140.0,60.0,10657.008,0.0
150.0,60.0,10409.416,0.0
160.0,60.0,10162.373,0.0
170.0,60.0,9916.014,0.0
180.0,60.0,9670.494,0.0
190.0,60.0,9425.963,0.0
200.0,60.0,9182.6,0.0
210.0,60.0,8940.588,0.0
220.0,60.0,8700.119,0.0
230.0,60.0,8461.41,0.0
240.0,60.0,8224.692,0.0
250.0,60.0,7990.211,0.0
260.0,60.0,7758.239,0.0
270.0,60.0,7529.071,0.0
280.0,60.0,7303.017,0.0
290.0,60.0,7080.4326,0.0
300.0,60.0,6861.6855,0.0
310.0,60.0,6647.1846,0.0
320.0,60.0,6437.3633,0.0
330.0,60.0,6232.3574,0.0
340.0,60.0,6032.0474,0.0
350.0,60.0,5836.3125,0.0
360.0,60.0,5645.03,0.0
370.0,60.0,5458.093,0.0
380.0,60.0,5275.3936,0.0
390.0,60.0,5096.8315,0.0
400.0,60.0,4922.3115,0.0
410.0,60.0,4751.747,0.0
420.0,60.0,4585.047,0.0
430.0,60.0,4422.1357,0.0
440.0,60.0,4262.933,0.0
450.0,60.0,4107.366,0.0
460.0,60.0,3955.367,0.0
470.0,60.0,3806.8674,0.0
480.0,60.0,3661.8096,0.0
490.0,60.0,3520.1309,0.0
500.0,60.0,3381.7769,0.0
510.0,60.0,3246.6953,0.0
520.0,60.0,3114.835,0.0
530.0,60.0,2986.1494,0.0
540.0,60.0,2860.5933,0.0
550.0,60.0,2738.125,0.0
560.0,60.0,2618.7046,0.0
570.0,60.0,2502.2944,0.0
580.0,60.0,2388.859,0.0
590.0,60.0,2278.364,0.0
600.0,60.0,2170.7812,0.0
610.0,60.0,2066.0784,0.0
620.0,60.0,1964.2285,0.0
630.0,60.0,1865.2064,0.0
640.0,60.0,1768.9874,0.0
650.0,60.0,1675.5492,0.0
660.0,60.0,1584.8706,0.0
670.0,60.0,1496.9326,0.0
680.0,60.0,1411.7168,0.0
690.0,60.0,1329.207,0.0
700.0,60.0,1249.3875,0.0
710.0,60.0,1172.2446,0.0
720.0,60.0,1097.7654,0.0
730.0,60.0,1025.9371,0.0
740.0,60.0,956.75146,0.0
750.0,60.0,890.19824,0.0
760.0,60.0,826.2691,0.0
770.0,60.0,764.95654,0.0
780.0,60.0,706.2539,0.0
790.0,60.0,650.15717,0.0
800.0,60.0,596.66077,0.0
810.0,60.0,545.7617,0.0
820.0,60.0,497.4572,0.0
830.0,60.0,451.74603,0.0
840.0,60.0,408.62643,0.0
850.0,60.0,368.09818,0.0
860.0,60.0,330.1625,0.0
870.0,60.0,294.82025,0.0
880.0,60.0,262.07306,0.0
890.0,60.0,231.92389,0.0
900.0,60.0,204.37599,0.0
910.0,60.0,179.4331,0.0
920.0,60.0,157.10022,0.0
930.0,60.0,137.38193,0.0
940.0,60.0,120.28489,0.0
950.0,60.0,105.814316,0.0
960.0,60.0,93.977615,0.0
970.0,60.0,84.78238,0.0
980.0,60.0,78.23601,0.0
990.0,60.0,74.34714,0.0
1000.0,60.0,73.12428,0.0
1010.0,60.0,74.57741,0.0
1020.0,60.0,78.715645,0.0
1030.0,60.0,85.54955,0.0
1040.0,60.0,95.08896,0.0
1050.0,60.0,107.3468,0.0
1060.0,60.0,122.33319,0.0
1070.0,60.0,140.06021,0.0
1080.0,60.0,160.54019,0.0
1090.0,60.0,183.78569,0.0
1100.0,60.0,209.80957,0.0
1110.0,60.0,238.62552,0.0
1120.0,60.0,270.24658,0.0
1130.0,60.0,304.68713,0.0
1140.0,60.0,341.96182,0.0
1150.0,60.0,382.0842,0.0
1160.0,60.0,425.0708,0.0
1170.0,60.0,470.93515,0.0
1180.0,60.0,519.6941,0.0
1190.0,60.0,571.3626,0.0
1200.0,60.0,625.95734,0.0
1210.0,60.0,683.493,0.0
1220.0,60.0,743.9888,0.0
1230.0,60.0,807.45825,0.0
1240.0,60.0,873.9215,0.0
1250.0,60.0,943.39453,0.0
1260.0,60.0,1015.8934,0.0
1270.0,60.0,1091.44,0.0
1280.0,60.0,1170.0448,0.0
1290.0,60.0,1251.7341,0.0
1300.0,60.0,1336.5199,0.0
1310.0,60.0,1424.4236,0.0
1320.0,60.0,1515.464,0.0
1330.0,60.0,1609.6599,0.0
1340.0,60.0,1707.0267,0.0
1350.0,60.0,1807.5901,0.0
1360.0,60.0,1911.362,0.0
1370.0,60.0,2018.3691,0.0
1380.0,60.0,2128.6255,0.0
1390.0,60.0,2242.15,0.0
1400.0,60.0,2358.9663,0.0
1410.0,60.0,2479.0889,0.0
1420.0,60.0,2602.5479,0.0
1430.0,60.0,2729.3486,0.0
1440.0,60.0,2859.5261,0.0
1450.0,60.0,2993.0918,0.0
1460.0,60.0,3130.0635,0.0
1470.0,60.0,3270.4695,0.0
1480.0,60.0,3414.3257,0.0
1490.0,60.0,3561.6543,0.0
1500.0,60.0,3712.4746,0.0
1510.0,60.0,3866.7986,0.0
1520.0,60.0,4024.6594,0.0
1530.0,60.0,4186.0703,0.0
1540.0,60.0,4351.051,0.0
1550.0,60.0,4519.631,0.0
1560.0,60.0,4691.8066,0.0
1570.0,60.0,4867.63,0.0
1580.0,60.0,5047.1045,0.0
1590.0,60.0,5230.2476,0.0
1600.0,60.0,5417.079,0.0
1610.0,60.0,5607.6143,0.0
1620.0,60.0,5801.8857,0.0
1630.0,60.0,5999.9062,0.0
1640.0,60.0,6201.701,0.0
1650.0,60.0,6407.2715,0.0
1660.0,60.0,6616.6475,0.0
1670.0,60.0,6829.8555,0.0
1680.0,60.0,7046.8877,0.0
1690.0,60.0,7267.793,0.0
1700.0,60.0,7492.5605,0.0
1710.0,60.0,7721.215,0.0
1720.0,60.0,7953.7915,0.0
1730.0,60.0,8190.282,0.0
1740.0,60.0,8430.686,0.0
1750.0,60.0,8675.069,0.0
1760.0,60.0,8923.338,0.0
1770.0,60.0,9174.971,0.0
1780.0,60.0,9429.162,0.0
1790.0,60.0,9685.309,0.0
1800.0,60.0,9942.844,0.0
-200.0,70.0,17411.781,0.0
-190.0,70.0,17190.906,0.0
-180.0,70.0,16968.742,0.0
-170.0,70.0,16745.332,0.0
-160.0,70.0,16520.719,0.0
-150.0,70.0,16294.939,0.0
-140.0,70.0,16068.037,0.0
-130.0,70.0,15840.045,0.0
-120.0,70.0,15611.018,0.0
-110.0,70.0,15380.998,0.0
-100.0,70.0,15150.03,0.0
-90.0,70.0,14918.158,0.0
-80.0,70.0,14685.4375,0.0
-70.0,70.0,14451.918,0.0
-60.0,70.0,14217.651,0.0
-50.0,70.0,13982.689,0.0
-40.0,70.0,13747.092,0.0
-30.0,70.0,13510.924,0.0
-20.0,70.0,13274.24,0.0
-10.0,70.0,13037.111,0.0
0.0,70.0,12799.605,0.0
10.0,70.0,12561.794,0.0
20.0,70.0,12323.748,0.0
30.0,70.0,12085.555,0.0
40.0,70.0,11847.297,0.0
50.0,70.0,11609.053,0.0
60.0,70.0,11370.931,0.0
70.0,70.0,11133.022,0.0
80.0,70.0,10895.433,0.0
90.0,70.0,10658.279,0.0
100.0,70.0,10421.674,0.0
110.0,70.0,10185.746,0.0
120.0,70.0,9950.631,0.0
130.0,70.0,9716.473,0.0
140.0,70.0,9483.419,0.0
150.0,70.0,9251.643,0.0
160.0,70.0,9021.317,0.0
170.0,70.0,8792.631,0.0
180.0,70.0,8565.783,0.0
190.0,70.0,8340.996,0.0
200.0,70.0,8118.502,0.0
210.0,70.0,7898.5522,0.0
220.0,70.0,7681.4204,0.0
230.0,70.0,7467.398,0.0
240.0,70.0,7256.802,0.0
250.0,70.0,7049.9756,0.0
260.0,70.0,6847.2563,0.0
270.0,70.0,6648.696,0.0
280.0,70.0,6454.1973,0.0
290.0,70.0,6263.6704,0.0
300.0,70.0,6077.026,0.0
310.0,70.0,5894.1787,0.0
320.0,70.0,5715.047,0.0
330.0,70.0,5539.5576,0.0
340.0,70.0,5367.6357,0.0
350.0,70.0,5199.2124,0.0
360.0,70.0,5034.221,0.0
370.0,70.0,4872.598,0.0
380.0,70.0,4714.2812,0.0
390.0,70.0,4559.214,0.0
400.0,70.0,4407.3403,0.0
410.0,70.0,4258.6104,0.0
420.0,70.0,4112.9707,0.0
430.0,70.0,3970.376,0.0
440.0,70.0,3830.7788,0.0
450.0,70.0,3694.1367,0.0
460.0,70.0,3560.4092,0.0
470.0,70.0,3429.5571,0.0
480.0,70.0,3301.543,0.0
490.0,70.0,3176.3298,0.0
500.0,70.0,3053.8855,0.0
510.0,70.0,2934.1785,0.0
520.0,70.0,2817.1777,0.0
530.0,70.0,2702.8547,0.0
540.0,70.0,2591.1826,0.0
550.0,70.0,2482.1353,0.0
560.0,70.0,2375.69,0.0
570.0,70.0,2271.8213,0.0
580.0,70.0,2170.51,0.0
590.0,70.0,2071.7341,0.0
600.0,70.0,1975.4761,0.0
610.0,70.0,1881.7167,0.0
620.0,70.0,1790.4402,0.0
630.0,70.0,1701.6305,0.0
640.0,70.0,1615.2727,0.0
650.0,70.0,1531.3551,0.0
660.0,70.0,1449.863,0.0
670.0,70.0,1370.7856,0.0
680.0,70.0,1294.1123,0.0
690.0,70.0,1219.8333,0.0
700.0,70.0,1147.9401,0.0
710.0,70.0,1078.4238,0.0
720.0,70.0,1011.2789,0.0
730.0,70.0,946.497,0.0
740.0,70.0,884.07385,0.0
750.0,70.0,824.0032,0.0
760.0,70.0,766.28235,0.0
770.0,70.0,710.9064,0.0
780.0,70.0,657.8734,0.0
790.0,70.0,607.1806,0.0
800.0,70.0,558.82623,0.0
810.0,70.0,512.8103,0.0
820.0,70.0,469.13144,0.0
830.0,70.0,427.79053,0.0
840.0,70.0,388.7884,0.0
850.0,70.0,352.12573,0.0
860.0,70.0,317.8047,0.0
870.0,70.0,285.8274,0.0
880.0,70.0,256.1966,0.0
890.0,70.0,228.91597,0.0
900.0,70.0,203.98865,0.0
910.0,70.0,181.4196,0.0
920.0,70.0,161.21338,0.0
930.0,70.0,143.3751,0.0
940.0,70.0,127.90955,0.0
950.0,70.0,114.823456,0.0
960.0,70.0,104.1226,0.0
970.0,70.0,95.81351,0.0
980.0,70.0,89.90378,0.0
990.0,70.0,86.4006,0.0
1000.0,70.0,85.311646,0.0
1010.0,70.0,86.644844,0.0
1020.0,70.0,90.4095,0.0
1030.0,70.0,96.61265,0.0
1040.0,70.0,105.26416,0.0
1050.0,70.0,116.37335,0.0
1060.0,70.0,129.9508,0.0
1070.0,70.0,146.00508,0.0
1080.0,70.0,164.54684,0.0
1090.0,70.0,185.58682,0.0
1100.0,70.0,209.13556,0.0
1110.0,70.0,235.20297,0.0
1120.0,70.0,263.8022,0.0
1130.0,70.0,294.943,0.0
1140.0,70.0,328.63818,0.0
1150.0,70.0,364.899,0.0
1160.0,70.0,403.73767,0.0
1170.0,70.0,445.16644,0.0
1180.0,70.0,489.19806,0.0
1190.0,70.0,535.8446,0.0
1200.0,70.0,585.1194,0.0
1210.0,70.0,637.0359,0.0
1220.0,70.0,691.6072,0.0
1230.0,70.0,748.8451,0.0
1240.0,70.0,808.7659,0.0
1250.0,70.0,871.3821,0.0
1260.0,70.0,936.7062,0.0
1270.0,70.0,1004.75476,0.0
1280.0,70.0,1075.5402,0.0
1290.0,70.0,1149.0771,0.0
1300.0,70.0,1225.3811,0.0
1310.0,70.0,1304.4641,0.0
1320.0,70.0,1386.3427,0.0
1330.0,70.0,1471.0293,0.0
1340.0,70.0,1558.5426,0.0
1350.0,70.0,1648.8948,0.0
1360.0,70.0,1742.1035,0.0
1370.0,70.0,1838.1776,0.0
1380.0,70.0,1937.1416,0.0
1390.0,70.0,2039.0016,0.0
1400.0,70.0,2143.7773,0.0
1410.0,70.0,2251.4858,0.0
1420.0,70.0,2362.1362,0.0
1430.0,70.0,2475.7524,0.0
1440.0,70.0,2592.3442,0.0
1450.0,70.0,2711.9258,0.0
1460.0,70.0,2834.5132,0.0
1470.0,70.0,2960.127,0.0
1480.0,70.0,3088.7788,0.0
1490.0,70.0,3220.4883,0.0
1500.0,70.0,3355.2583,0.0
1510.0,70.0,3493.1196,0.0
1520.0,70.0,3634.0747,0.0
1530.0,70.0,3778.15,0.0
1540.0,70.0,3925.357,0.0
1550.0,70.0,4075.7031,0.0
1560.0,70.0,4229.211,0.0
1570.0,70.0,4385.9004,0.0
1580.0,70.0,4545.7705,0.0
1590.0,70.0,4708.849,0.0
1600.0,70.0,4875.152,0.0
1610.0,70.0,5044.6826,0.0
1620.0,70.0,5217.4727,0.0
1630.0,70.0,5393.51,0.0
1640.0,70.0,5572.835,0.0
1650.0,70.0,5755.4277,0.0
1660.0,70.0,5941.339,0.0
1670.0,70.0,6130.571,0.0
1680.0,70.0,6323.13,0.0
1690.0,70.0,6519.017,0.0
1700.0,70.0,6718.2583,0.0
1710.0,70.0,6920.877,0.0
1720.0,70.0,7126.858,0.0
1730.0,70.0,7336.24,0.0
1740.0,70.0,7549.0283,0.0
1750.0,70.0,7765.211,0.0
1760.0,70.0,7984.807,0.0
1770.0,70.0,8207.844,0.0
1780.0,70.0,8434.309,0.0
1790.0,70.0,8664.219,0.0
1800.0,70.0,8897.57,0.0
-200.0,80.0,16150.959,0.0
-190.0,80.0,15931.287,0.0
-180.0,80.0,15710.643,0.0
-170.0,80.0,15489.081,0.0
-160.0,80.0,15266.636,0.0
-150.0,80.0,15043.357,0.0
-140.0,80.0,14819.289,0.0
-130.0,80.0,14594.4795,0.0
-120.0,80.0,14368.982,0.0
-110.0,80.0,14142.85,0.0
-100.0,80.0,13916.133,0.0
-90.0,80.0,13688.885,0.0
-80.0,80.0,13461.176,0.0
-70.0,80.0,13233.055,0.0
-60.0,80.0,13004.593,0.0
-50.0,80.0,12775.855,0.0
-40.0,80.0,12546.912,0.0
-30.0,80.0,12317.836,0.0
-20.0,80.0,12088.714,0.0
-10.0,80.0,11859.617,0.0
0.0,80.0,11630.636,0.0
10.0,80.0,11401.863,0.0
20.0,80.0,11173.389,0.0
30.0,80.0,10945.324,0.0
40.0,80.0,10717.767,0.0
50.0,80.0,10490.836,0.0
60.0,80.0,10264.654,0.0
70.0,80.0,10039.348,0.0
80.0,80.0,9815.054,0.0
90.0,80.0,9591.918,0.0
100.0,80.0,9370.096,0.0
110.0,80.0,9149.749,0.0
120.0,80.0,8931.059,0.0
130.0,80.0,8714.213,0.0
140.0,80.0,8499.408,0.0
150.0,80.0,8286.866,0.0
160.0,80.0,8076.818,0.0
170.0,80.0,7869.5107,0.0
180.0,80.0,7665.214,0.0
190.0,80.0,7464.213,0.0
200.0,80.0,7266.799,0.0
210.0,80.0,7073.0566,0.0
220.0,80.0,6882.9106,0.0
230.0,80.0,6696.292,0.0
240.0,80.0,6513.1274,0.0
250.0,80.0,6333.3506,0.0
260.0,80.0,6156.904,0.0
270.0,80.0,5983.7217,0.0
280.0,80.0,5813.743,0.0
290.0,80.0,5646.9146,0.0
300.0,80.0,5483.1826,0.0
310.0,80.0,5322.494,0.0
320.0,80.0,5164.798,0.0
330.0,80.0,5010.051,0.0
340.0,80.0,4858.2046,0.0
350.0,80.0,4709.216,0.0
360.0,80.0,4563.0425,0.0
370.0,80.0,4419.6465,0.0
380.0,80.0,4278.9893,0.0
390.0,80.0,4141.0327,0.0
400.0,80.0,4005.7422,0.0
410.0,80.0,3873.0864,0.0
420.0,80.0,3743.0308,0.0
430.0,80.0,3615.5469,0.0
440.0,80.0,3490.6045,0.0
450.0,80.0,3368.1758,0.0
460.0,80.0,3248.2349,0.0
470.0,80.0,3130.7573,0.0
480.0,80.0,3015.718,0.0
490.0,80.0,2903.0942,0.0
500.0,80.0,2792.8647,0.0
510.0,80.0,2685.0088,0.0
520.0,80.0,2579.5076,0.0
530.0,80.0,2476.3413,0.0
540.0,80.0,2375.4932,0.0
550.0,80.0,2276.9468,0.0
560.0,80.0,2180.6863,0.0
570.0,80.0,2086.6978,0.0
580.0,80.0,1994.9655,0.0
590.0,80.0,1905.4778,0.0
600.0,80.0,1818.2229,0.0
610.0,80.0,1733.1887,0.0
620.0,80.0,1650.3647,0.0
630.0,80.0,1569.7412,0.0
640.0,80.0,1491.3082,0.0
650.0,80.0,1415.0591,0.0
660.0,80.0,1340.9846,0.0
670.0,80.0,1269.0778,0.0
680.0,80.0,1199.3326,0.0
690.0,80.0,1131.743,0.0
700.0,80.0,1066.3037,0.0
710.0,80.0,1003.01044,0.0
720.0,80.0,941.85876,0.0
730.0,80.0,882.8447,0.0
740.0,80.0,825.96606,0.0
750.0,80.0,771.2201,0.0
760.0,80.0,718.60474,0.0
770.0,80.0,668.1183,0.0
780.0,80.0,619.7598,0.0
790.0,80.0,573.5294,0.0
800.0,80.0,529.4254,0.0
810.0,80.0,487.44992,0.0
820.0,80.0,447.60333,0.0
830.0,80.0,409.8866,0.0
840.0,80.0,374.30115,0.0
850.0,80.0,340.84882,0.0
860.0,80.0,309.53217,0.0
870.0,80.0,280.3541,0.0
880.0,80.0,253.31741,0.0
890.0,80.0,228.42569,0.0
900.0,80.0,205.6829,0.0
910.0,80.0,185.09299,0.0
920.0,80.0,166.66049,0.0
930.0,80.0,150.3902,0.0
940.0,80.0,136.28674,0.0
950.0,80.0,124.35647,0.0
960.0,80.0,114.60419,0.0
970.0,80.0,107.03554,0.0
980.0,80.0,101.6579,0.0
990.0,80.0,98.4766,0.0
1000.0,80.0,97.49859,0.0
1010.0,80.0,98.7319,0.0
1020.0,80.0,102.182144,0.0
1030.0,80.0,107.85814,0.0
1040.0,80.0,115.76652,0.0
1050.0,80.0,125.91496,0.0
1060.0,80.0,138.31314,0.0
1070.0,80.0,152.96835,0.0
1080.0,80.0,169.88916,0.0
1090.0,80.0,189.08484,0.0
1100.0,80.0,210.56342,0.0
1110.0,80.0,234.33475,0.0
1120.0,80.0,260.40753,0.0
1130.0,80.0,288.79178,0.0
1140.0,80.0,319.4967,0.0
1150.0,80.0,352.533,0.0
1160.0,80.0,387.90918,0.0
1170.0,80.0,425.63626,0.0
1180.0,80.0,465.72504,0.0
1190.0,80.0,508.18393,0.0
1200.0,80.0,553.0249,0.0
1210.0,80.0,600.25903,0.0
1220.0,80.0,649.89636,0.0
1230.0,80.0,701.94745,0.0
1240.0,80.0,756.4241,0.0
1250.0,80.0,813.3367,0.0
1260.0,80.0,872.69666,0.0
1270.0,80.0,934.5165,0.0
1280.0,80.0,998.80676,0.0
1290.0,80.0,1065.5771,0.0
1300.0,80.0,1134.8413,0.0
1310.0,80.0,1206.6132,0.0
1320.0,80.0,1280.8982,0.0
1330.0,80.0,1357.7146,0.0
1340.0,80.0,1437.0691,0.0
1350.0,80.0,1518.977,0.0
1360.0,80.0,1603.4504,0.0
1370.0,80.0,1690.4995,0.0
1380.0,80.0,1780.1367,0.0
1390.0,80.0,1872.3732,0.0
1400.0,80.0,1967.2249,0.0
1410.0,80.0,2064.6982,0.0
1420.0,80.0,2164.8125,0.0
1430.0,80.0,2267.575,0.0
1440.0,80.0,2372.9941,0.0
1450.0,80.0,2481.0918,0.0
1460.0,80.0,2591.872,0.0
1470.0,80.0,2705.354,0.0
1480.0,80.0,2821.5398,0.0
1490.0,80.0,2940.4531,0.0
1500.0,80.0,3062.0952,0.0
1510.0,80.0,3186.4907,0.0
1520.0,80.0,3313.636,0.0
1530.0,80.0,3443.5547,0.0
1540.0,80.0,3576.2598,0.0
1550.0,80.0,3711.7544,0.0
1560.0,80.0,3850.0469,0.0
1570.0,80.0,3991.1694,0.0
1580.0,80.0,4135.1143,0.0
1590.0,80.0,4281.8926,0.0
1600.0,80.0,4431.5327,0.0
1610.0,80.0,4584.0303,0.0
1620.0,80.0,4739.4033,0.0
1630.0,80.0,4897.6484,0.0
1640.0,80.0,5058.794,0.0
1650.0,80.0,5222.8457,0.0
1660.0,80.0,5389.817,0.0
1670.0,80.0,5559.718,0.0
1680.0,80.0,5732.5405,0.0
1690.0,80.0,5908.312,0.0
1700.0,80.0,6087.04,0.0
1710.0,80.0,6268.7275,0.0
1720.0,80.0,6453.38,0.0
1730.0,80.0,6641.0337,0.0
1740.0,80.0,6831.658,0.0
1750.0,80.0,7025.286,0.0
1760.0,80.0,7221.92,0.0
1770.0,80.0,7421.568,0.0
1780.0,80.0,7624.2256,0.0
1790.0,80.0,7829.9165,0.0
1800.0,80.0,8038.6465,0.0
-200.0,90.0,14996.829,0.0
-190.0,90.0,14780.012,0.0
-180.0,90.0,14562.542,0.0
-170.0,90.0,14344.465,0.0
-160.0,90.0,14125.838,0.0
-150.0,90.0,13906.707,0.0
-140.0,90.0,13687.13,0.0
-130.0,90.0,13467.16,0.0
-120.0,90.0,13246.863,0.0
-110.0,90.0,13026.298,0.0
-100.0,90.0,12805.529,0.0
-90.0,90.0,12584.628,0.0
-80.0,90.0,12363.664,0.0
-70.0,90.0,12142.708,0.0
-60.0,90.0,11921.846,0.0
-50.0,90.0,11701.153,0.0
-40.0,90.0,11480.72,0.0
-30.0,90.0,11260.643,0.0
-20.0,90.0,11041.011,0.0
-10.0,90.0,10821.928,0.0
0.0,90.0,10603.507,0.0
10.0,90.0,10385.857,0.0
20.0,90.0,10169.104,0.0
30.0,90.0,9953.37,0.0
40.0,90.0,9738.791,0.0
50.0,90.0,9525.512,0.0
60.0,90.0,9313.692,0.0
70.0,90.0,9103.49,0.0
80.0,90.0,8895.078,0.0
90.0,90.0,8688.646,0.0
100.0,90.0,8484.385,0.0
110.0,90.0,8282.508,0.0
120.0,90.0,8083.2417,0.0
130.0,90.0,7886.8276,0.0
140.0,90.0,7693.5186,0.0
150.0,90.0,7503.489,0.0
160.0,90.0,7316.702,0.0
170.0,90.0,7133.0977,0.0
180.0,90.0,6952.618,0.0
190.0,90.0,6775.2104,0.0
200.0,90.0,6600.8257,0.0
210.0,90.0,6429.4043,0.0
220.0,90.0,6260.9043,0.0
230.0,90.0,6095.279,0.0
240.0,90.0,5932.4805,0.0
250.0,90.0,5772.466,0.0
260.0,90.0,5615.1963,0.0
270.0,90.0,5460.63,0.0
280.0,90.0,5308.7275,0.0
290.0,90.0,5159.4536,0.0
300.0,90.0,5012.772,0.0
310.0,90.0,4868.6484,0.0
320.0,90.0,4727.048,0.0
330.0,90.0,4587.943,0.0
340.0,90.0,4451.298,0.0
350.0,90.0,4317.092,0.0
360.0,90.0,4185.289,0.0
370.0,90.0,4055.8682,0.0
380.0,90.0,3928.7998,0.0
390.0,90.0,3804.0625,0.0
400.0,90.0,3681.63,0.0
410.0,90.0,3561.482,0.0
420.0,90.0,3443.5962,0.0
430.0,90.0,3327.9526,0.0
440.0,90.0,3214.531,0.0
450.0,90.0,3103.3118,0.0
460.0,90.0,2994.2793,0.0
470.0,90.0,2887.4146,0.0
480.0,90.0,2782.7026,0.0
490.0,90.0,2680.128,0.0
500.0,90.0,2579.6743,0.0
510.0,90.0,2481.3306,0.0
520.0,90.0,2385.0815,0.0
530.0,90.0,2290.9153,0.0
540.0,90.0,2198.82,0.0
550.0,90.0,2108.7847,0.0
560.0,90.0,2020.7992,0.0
570.0,90.0,1934.8533,0.0
580.0,90.0,1850.9377,0.0
590.0,90.0,1769.0437,0.0
600.0,90.0,1689.1638,0.0
610.0,90.0,1611.2903,0.0
620.0,90.0,1535.416,0.0
630.0,90.0,1461.5343,0.0
640.0,90.0,1389.6398,0.0
650.0,90.0,1319.7278,0.0
660.0,90.0,1251.7916,0.0
670.0,90.0,1185.8282,0.0
680.0,90.0,1121.8329,0.0
690.0,90.0,1059.8025,0.0
700.0,90.0,999.73413,0.0
710.0,90.0,941.62476,0.0
720.0,90.0,885.47156,0.0
730.0,90.0,831.2738,0.0
740.0,90.0,779.03,0.0
750.0,90.0,728.7382,0.0
760.0,90.0,680.3986,0.0
770.0,90.0,634.01025,0.0
780.0,90.0,589.57324,0.0
790.0,90.0,547.08875,0.0
800.0,90.0,506.55627,0.0
810.0,90.0,467.97763,0.0
820.0,90.0,431.35443,0.0
830.0,90.0,396.6878,0.0
840.0,90.0,363.97934,0.0
850.0,90.0,333.23196,0.0
860.0,90.0,304.44803,0.0
870.0,90.0,277.63037,0.0
880.0,90.0,252.7821,0.0
890.0,90.0,229.9064,0.0
900.0,90.0,209.0075,0.0
910.0,90.0,190.0885,0.0
920.0,90.0,173.15439,0.0
930.0,90.0,158.20822,0.0
940.0,90.0,145.2562,0.0
950.0,90.0,134.3021,0.0
960.0,90.0,125.3507,0.0
970.0,90.0,118.40832,0.0
980.0,90.0,113.479294,0.0
990.0,90.0,110.570114,0.0
1000.0,90.0,109.68611,0.0
1010.0,90.0,110.83381,0.0
1020.0,90.0,114.019035,0.0
1030.0,90.0,119.24821,0.0
1040.0,90.0,126.528206,0.0
1050.0,90.0,135.86484,0.0
1060.0,90.0,147.26611,0.0
1070.0,90.0,160.73895,0.0
1080.0,90.0,176.29034,0.0
1090.0,90.0,193.92795,0.0
1100.0,90.0,213.65863,0.0
1110.0,90.0,235.49084,0.0
1120.0,90.0,259.4319,0.0
1130.0,90.0,285.4897,0.0
1140.0,90.0,313.67273,0.0
1150.0,90.0,343.9887,0.0
1160.0,90.0,376.44635,0.0
1170.0,90.0,411.0534,0.0
1180.0,90.0,447.81967,0.0
1190.0,90.0,486.7525,0.0
1200.0,90.0,527.8606,0.0
1210.0,90.0,571.1544,0.0
1220.0,90.0,616.64105,0.0
1230.0,90.0,664.3291,0.0
1240.0,90.0,714.2302,0.0
1250.0,90.0,766.35187,0.0
1260.0,90.0,820.7036,0.0
1270.0,90.0,877.29376,0.0
1280.0,90.0,936.134,0.0
1290.0,90.0,997.23096,0.0
1300.0,90.0,1060.596,0.0
1310.0,90.0,1126.2384,0.0
1320.0,90.0,1194.1685,0.0
1330.0,90.0,1264.3934,0.0
1340.0,90.0,1336.9253,0.0
1350.0,90.0,1411.7734,0.0
1360.0,90.0,1488.9465,0.0
1370.0,90.0,1568.4551,0.0
1380.0,90.0,1650.3086,0.0
1390.0,90.0,1734.5183,0.0
1400.0,90.0,1821.0908,0.0
1410.0,90.0,1910.0396,0.0
1420.0,90.0,2001.373,0.0
1430.0,90.0,2095.1003,0.0
1440.0,90.0,2191.232,0.0
1450.0,90.0,2289.778,0.0
1460.0,90.0,2390.7502,0.0
1470.0,90.0,2494.1553,0.0
1480.0,90.0,2600.001,0.0
1490.0,90.0,2708.3008,0.0
1500.0,90.0,2819.0674,0.0
1510.0,90.0,2932.301,0.0
1520.0,90.0,3048.0215,0.0
1530.0,90.0,3166.2305,0.0
1540.0,90.0,3286.941,0.0
1550.0,90.0,3410.161,0.0
1560.0,90.0,3535.904,0.0
1570.0,90.0,3664.1772,0.0
1580.0,90.0,3794.9878,0.0
1590.0,90.0,3928.3428,0.0
1600.0,90.0,4064.2573,0.0
1610.0,90.0,4202.741,0.0
1620.0,90.0,4343.788,0.0
1630.0,90.0,4487.4277,0.0
1640.0,90.0,4633.6533,0.0
1650.0,90.0,4782.4863,0.0
1660.0,90.0,4933.914,0.0
1670.0,90.0,5087.9673,0.0
1680.0,90.0,5244.649,0.0
1690.0,90.0,5403.948,0.0
1700.0,90.0,5565.895,0.0
1710.0,90.0,5730.493,0.0
1720.0,90.0,5897.738,0.0
1730.0,90.0,6067.6445,0.0
1740.0,90.0,6240.209,0.0
1750.0,90.0,6415.46,0.0
1760.0,90.0,6593.3896,0.0
1770.0,90.0,6773.995,0.0
1780.0,90.0,6957.295,0.0
1790.0,90.0,7143.298,0.0
1800.0,90.0,7332.0,0.0
-200.0,100.0,13943.07,0.0
-190.0,100.0,13730.529,0.0
-180.0,100.0,13517.654,0.0
-170.0,100.0,13304.501,0.0
-160.0,100.0,13091.131,0.0
-150.0,100.0,12877.605,0.0
-140.0,100.0,12663.991,0.0
-130.0,100.0,12450.352,0.0
-120.0,100.0,12236.762,0.0
-110.0,100.0,12023.299,0.0
-100.0,100.0,11810.039,0.0
-90.0,100.0,11597.0625,0.0
-80.0,100.0,11384.457,0.0
-70.0,100.0,11172.315,0.0
-60.0,100.0,10960.73,0.0
-50.0,100.0,10749.805,0.0
-40.0,100.0,10539.643,0.0
-30.0,100.0,10330.363,0.0
-20.0,100.0,10122.079,0.0
-10.0,100.0,9914.921,0.0
0.0,100.0,9709.014,0.0
10.0,100.0,9504.508,0.0
20.0,100.0,9301.545,0.0
30.0,100.0,9100.291,0.0
40.0,100.0,8900.906,0.0
50.0,100.0,8703.574,0.0
60.0,100.0,8508.486,0.0
70.0,100.0,8315.844,0.0
80.0,100.0,8125.8633,0.0
90.0,100.0,7938.7646,0.0
100.0,100.0,7754.6245,0.0
110.0,100.0,7573.39,0.0
120.0,100.0,7395.019,0.0
130.0,100.0,7219.4644,0.0
140.0,100.0,7046.679,0.0
150.0,100.0,6876.628,0.0
160.0,100.0,6709.2617,0.0
170.0,100.0,6544.546,0.0
180.0,100.0,6382.439,0.0
190.0,100.0,6222.9053,0.0
200.0,100.0,6065.907,0.0
210.0,100.0,5911.414,0.0
220.0,100.0,5759.3906,0.0
230.0,100.0,5609.802,0.0
240.0,100.0,5462.621,0.0
250.0,100.0,5317.8145,0.0
260.0,100.0,5175.357,0.0
270.0,100.0,5035.2188,0.0
280.0,100.0,4897.3745,0.0
290.0,100.0,4761.7983,0.0
300.0,100.0,4628.465,0.0
310.0,100.0,4497.3516,0.0
320.0,100.0,4368.433,0.0
330.0,100.0,4241.6895,0.0
340.0,100.0,4117.0986,0.0
350.0,100.0,3994.6418,0.0
360.0,100.0,3874.2979,0.0
370.0,100.0,3756.0493,0.0
380.0,100.0,3639.8774,0.0
390.0,100.0,3525.7646,0.0
400.0,100.0,3413.695,0.0
410.0,100.0,3303.6528,0.0
420.0,100.0,3195.624,0.0
430.0,100.0,3089.5928,0.0
440.0,100.0,2985.546,0.0
450.0,100.0,2883.469,0.0
460.0,100.0,2783.3523,0.0
470.0,100.0,2685.1816,0.0
480.0,100.0,2588.9463,0.0
490.0,100.0,2494.6348,0.0
500.0,100.0,2402.2383,0.0
510.0,100.0,2311.746,0.0
520.0,100.0,2223.1497,0.0
530.0,100.0,2136.4402,0.0
540.0,100.0,2051.608,0.0
550.0,100.0,1968.6484,0.0
560.0,100.0,1887.552,0.0
570.0,100.0,1808.3126,0.0
580.0,100.0,1730.9241,0.0
590.0,100.0,1655.3795,0.0
600.0,100.0,1581.6752,0.0
610.0,100.0,1509.8054,0.0
620.0,100.0,1439.7655,0.0
630.0,100.0,1371.551,0.0
640.0,100.0,1305.158,0.0
650.0,100.0,1240.583,0.0
660.0,100.0,1177.8232,0.0
670.0,100.0,1116.8762,0.0
680.0,100.0,1057.7388,0.0
690.0,100.0,1000.4093,0.0
700.0,100.0,944.886,0.0
710.0,100.0,891.1671,0.0
720.0,100.0,839.2521,0.0
730.0,100.0,789.13965,0.0
740.0,100.0,740.83,0.0
750.0,100.0,694.322,0.0
760.0,100.0,649.61633,0.0
770.0,100.0,606.7129,0.0
780.0,100.0,565.61285,0.0
790.0,100.0,526.31714,0.0
800.0,100.0,488.82623,0.0
810.0,100.0,453.14233,0.0
820.0,100.0,419.26587,0.0
830.0,100.0,387.20007,0.0
840.0,100.0,356.94592,0.0
850.0,100.0,328.50623,0.0
860.0,100.0,301.8839,0.0
870.0,100.0,277.08112,0.0
880.0,100.0,254.10147,0.0
890.0,100.0,232.94789,0.0
900.0,100.0,213.62328,0.0
910.0,100.0,196.1322,0.0
920.0,100.0,180.47713,0.0
930.0,100.0,166.66359,0.0
940.0,100.0,154.69394,0.0
950.0,100.0,144.57404,0.0
960.0,100.0,136.30774,0.0
970.0,100.0,129.9,0.0
980.0,100.0,125.354324,0.0
990.0,100.0,122.677216,0.0
1000.0,100.0,121.873184,0.0
1010.0,100.0,122.9484,0.0
1020.0,100.0,125.90639,0.0
1030.0,100.0,130.75415,0.0
1040.0,100.0,137.49661,0.0
1050.0,100.0,146.13995,0.0
1060.0,100.0,156.6895,0.0
1070.0,100.0,169.1526,0.0
1080.0,100.0,183.53496,0.0
1090.0,100.0,199.84253,0.0
1100.0,100.0,218.08197,0.0
1110.0,100.0,238.25912,0.0
1120.0,100.0,260.38196,0.0
1130.0,100.0,284.45636,0.0
1140.0,100.0,310.48898,0.0
1150.0,100.0,338.48718,0.0
1160.0,100.0,368.45755,0.0
1170.0,100.0,400.40765,0.0
1180.0,100.0,434.34485,0.0
1190.0,100.0,470.2757,0.0
1200.0,100.0,508.208,0.0
1210.0,100.0,548.1492,0.0
1220.0,100.0,590.1063,0.0
1230.0,100.0,634.0869,0.0
1240.0,100.0,680.0996,0.0
1250.0,100.0,728.15063,0.0
1260.0,100.0,778.2495,0.0
1270.0,100.0,830.4026,0.0
1280.0,100.0,884.6173,0.0
1290.0,100.0,940.90393,0.0
1300.0,100.0,999.26697,0.0
1310.0,100.0,1059.7174,0.0
1320.0,100.0,1122.2617,0.0
1330.0,100.0,1186.9077,0.0
1340.0,100.0,1253.666,0.0
1350.0,100.0,1322.5398,0.0
1360.0,100.0,1393.5427,0.0
1370.0,100.0,1466.6785,0.0
1380.0,100.0,1541.9583,0.0
1390.0,100.0,1619.3877,0.0
1400.0,100.0,1698.9757,0.0
1410.0,100.0,1780.7319,0.0
1420.0,100.0,1864.6614,0.0
1430.0,100.0,1950.7775,0.0
1440.0,100.0,2039.0837,0.0
1450.0,100.0,2129.5876,0.0
1460.0,100.0,2222.3005,0.0
1470.0,100.0,2317.2312,0.0
1480.0,100.0,2414.3826,0.0
1490.0,100.0,2513.7676,0.0
1500.0,100.0,2615.394,0.0
1510.0,100.0,2719.263,0.0
1520.0,100.0,2825.395,0.0
1530.0,100.0,2933.7856,0.0
1540.0,100.0,3044.4448,0.0
1550.0,100.0,3157.39,0.0
1560.0,100.0,3272.6174,0.0
1570.0,100.0,3390.1372,0.0
1580.0,100.0,3509.9668,0.0
1590.0,100.0,3632.1006,0.0
1600.0,100.0,3756.5479,0.0
1610.0,100.0,3883.3262,0.0
1620.0,100.0,4012.43,0.0
1630.0,100.0,4143.874,0.0
1640.0,100.0,4277.666,0.0
1650.0,100.0,4413.806,0.0
1660.0,100.0,4552.302,0.0
1670.0,100.0,4693.167,0.0
1680.0,100.0,4836.4053,0.0
1690.0,100.0,4982.0166,0.0
1700.0,100.0,5130.0215,0.0
1710.0,100.0,5280.409,0.0
1720.0,100.0,5433.1914,0.0
1730.0,100.0,5588.384,0.0
1740.0,100.0,5745.972,0.0
1750.0,100.0,5905.975,0.0
1760.0,100.0,6068.3994,0.0
1770.0,100.0,6233.2515,0.0
1780.0,100.0,6400.5234,0.0
1790.0,100.0,6570.2295,0.0
1800.0,100.0,6742.371,0.0
-200.0,110.0,12983.604,0.0
-190.0,110.0,12776.609,0.0
-180.0,110.0,12569.615,0.0
-170.0,110.0,12362.6875,0.0
-160.0,110.0,12155.8955,0.0
-150.0,110.0,11949.316,0.0
-140.0,110.0,11743.025,0.0
-130.0,110.0,11537.1,0.0
-120.0,110.0,11331.633,0.0
-110.0,110.0,11126.707,0.0
-100.0,110.0,10922.42,0.0
-90.0,110.0,10718.869,0.0
-80.0,110.0,10516.16,0.0
-70.0,110.0,10314.398,0.0
-60.0,110.0,10113.707,0.0
-50.0,110.0,9914.199,0.0
-40.0,110.0,9716.008,0.0
-30.0,110.0,9519.271,0.0
-20.0,110.0,9324.131,0.0
-10.0,110.0,9130.74,0.0
0.0,110.0,8939.262,0.0
10.0,110.0,8749.865,0.0
20.0,110.0,8562.734,0.0
30.0,110.0,8378.0625,0.0
40.0,110.0,8196.034,0.0
50.0,110.0,8016.689,0.0
60.0,110.0,7839.993,0.0
70.0,110.0,7665.905,0.0
80.0,110.0,7494.383,0.0
90.0,110.0,7325.3955,0.0
100.0,110.0,7158.9004,0.0
110.0,110.0,6994.871,0.0
120.0,110.0,6833.2686,0.0
130.0,110.0,6674.0596,0.0
140.0,110.0,6517.2163,0.0
150.0,110.0,6362.7075,0.0
160.0,110.0,6210.505,0.0
170.0,110.0,6060.5776,0.0
180.0,110.0,5912.9004,0.0
190.0,110.0,5767.4463,0.0
200.0,110.0,5624.1895,0.0
210.0,110.0,5483.1074,0.0
220.0,110.0,5344.173,0.0
230.0,110.0,5207.3647,0.0
240.0,110.0,5072.661,0.0
250.0,110.0,4940.037,0.0
260.0,110.0,4809.4775,0.0
270.0,110.0,4680.96,0.0
280.0,110.0,4554.4653,0.0
290.0,110.0,4429.9736,0.0
300.0,110.0,4307.4697,0.0
310.0,110.0,4186.9336,0.0
320.0,110.0,4068.351,0.0
330.0,110.0,3951.7056,0.0
340.0,110.0,3836.98,0.0
350.0,110.0,3724.163,0.0
360.0,110.0,3613.2388,0.0
370.0,110.0,3504.193,0.0
380.0,110.0,3397.0137,0.0
390.0,110.0,3291.689,0.0
400.0,110.0,3188.205,0.0
410.0,110.0,3086.5522,0.0
420.0,110.0,2986.7183,0.0
430.0,110.0,2888.694,0.0
440.0,110.0,2792.4688,0.0
450.0,110.0,2698.0327,0.0
460.0,110.0,2605.3774,0.0
470.0,110.0,2514.4946,0.0
480.0,110.0,2425.3757,0.0
490.0,110.0,2338.0122,0.0
500.0,110.0,2252.3984,0.0
510.0,110.0,2168.5266,0.0
520.0,110.0,2086.3892,0.0
530.0,110.0,2005.9818,0.0
540.0,110.0,1927.2971,0.0
550.0,110.0,1850.3313,0.0
560.0,110.0,1775.0781,0.0
570.0,110.0,1701.5331,0.0
580.0,110.0,1629.6921,0.0
590.0,110.0,1559.5505,0.0
600.0,110.0,1491.1056,0.0
610.0,110.0,1424.3536,0.0
620.0,110.0,1359.2903,0.0
630.0,110.0,1295.9146,0.0
640.0,110.0,1234.222,0.0
650.0,110.0,1174.2125,0.0
660.0,110.0,1115.8828,0.0
670.0,110.0,1059.2314,0.0
680.0,110.0,1004.25684,0.0
690.0,110.0,950.9587,0.0
700.0,110.0,899.33514,0.0
710.0,110.0,849.3862,0.0
720.0,110.0,801.11096,0.0
730.0,110.0,754.5095,0.0
740.0,110.0,709.5823,0.0
750.0,110.0,666.32904,0.0
760.0,110.0,624.75055,0.0
770.0,110.0,584.84784,0.0
780.0,110.0,546.62134,0.0
790.0,110.0,510.0726,0.0
800.0,110.0,475.20215,0.0
810.0,110.0,442.01248,0.0
820.0,110.0,410.50494,0.0
830.0,110.0,380.68134,0.0
840.0,110.0,352.54462,0.0
850.0,110.0,326.0963,0.0
860.0,110.0,301.33887,0.0
870.0,110.0,278.2751,0.0
880.0,110.0,256.90796,0.0
890.0,110.0,237.24022,0.0
900.0,110.0,219.27518,0.0
910.0,110.0,203.0161,0.0
920.0,110.0,188.46619,0.0
930.0,110.0,175.62898,0.0
940.0,110.0,164.50868,0.0
950.0,110.0,155.1091,0.0
960.0,110.0,147.43362,0.0
970.0,110.0,141.48679,0.0
980.0,110.0,137.27289,0.0
990.0,110.0,134.796,0.0
1000.0,110.0,134.0607,0.0
1010.0,110.0,135.07211,0.0
1020.0,110.0,137.83426,0.0
1030.0,110.0,142.35257,0.0
1040.0,110.0,148.63174,0.0
1050.0,110.0,156.67686,0.0
1060.0,110.0,166.49232,0.0
1070.0,110.0,178.08395,0.0
1080.0,110.0,191.45819,0.0
1090.0,110.0,206.61938,0.0
1100.0,110.0,223.57266,0.0
1110.0,110.0,242.32483,0.0
1120.0,110.0,262.88025,0.0
1130.0,110.0,285.2461,0.0
1140.0,110.0,309.427,0.0
1150.0,110.0,335.42987,0.0
1160.0,110.0,363.2598,0.0
1170.0,110.0,392.9235,0.0
1180.0,110.0,424.4275,0.0
1190.0,110.0,457.7768,0.0
1200.0,110.0,492.97812,0.0
1210.0,110.0,530.0376,0.0
1220.0,110.0,568.96277,0.0
1230.0,110.0,609.7588,0.0
1240.0,110.0,652.4325,0.0
1250.0,110.0,696.9901,0.0
1260.0,110.0,743.4387,0.0
1270.0,110.0,791.78577,0.0
1280.0,110.0,842.0359,0.0
1290.0,110.0,894.1963,0.0
1300.0,110.0,948.27576,0.0
1310.0,110.0,1004.27673,0.0
1320.0,110.0,1062.21,0.0
1330.0,110.0,1122.0815,0.0
1340.0,110.0,1183.8972,0.0
1350.0,110.0,1247.6626,0.0
1360.0,110.0,1313.3884,0.0
1370.0,110.0,1381.0771,0.0
1380.0,110.0,1450.7388,0.0
1390.0,110.0,1522.3779,0.0
1400.0,110.0,1596.0027,0.0
1410.0,110.0,1671.6194,0.0
1420.0,110.0,1749.2368,0.0
1430.0,110.0,1828.8591,0.0
1440.0,110.0,1910.4951,0.0
1450.0,110.0,1994.15,0.0
1460.0,110.0,2079.8298,0.0
1470.0,110.0,2167.5452,0.0
1480.0,110.0,2257.2996,0.0
1490.0,110.0,2349.099,0.0
1500.0,110.0,2442.9536,0.0
1510.0,110.0,2538.8647,0.0
1520.0,110.0,2636.8452,0.0
1530.0,110.0,2736.8994,0.0
1540.0,110.0,2839.0317,0.0
1550.0,110.0,2943.2483,0.0
1560.0,110.0,3049.5635,0.0
1570.0,110.0,3157.9712,0.0
1580.0,110.0,3268.4883,0.0
1590.0,110.0,3381.1133,0.0
1600.0,110.0,3495.8586,0.0
1610.0,110.0,3612.7246,0.0
1620.0,110.0,3731.7227,0.0
1630.0,110.0,3852.852,0.0
1640.0,110.0,3976.125,0.0
1650.0,110.0,4101.548,0.0
1660.0,110.0,4229.119,0.0
1670.0,110.0,4358.8525,0.0
1680.0,110.0,4490.7505,0.0
1690.0,110.0,4624.8154,0.0
1700.0,110.0,4761.045,0.0
1710.0,110.0,4899.4624,0.0
1720.0,110.0,5040.0693,0.0
1730.0,110.0,5182.863,0.0
1740.0,110.0,5327.8447,0.0
1750.0,110.0,5475.0215,0.0
1760.0,110.0,5624.406,0.0
1770.0,110.0,5775.9937,0.0
1780.0,110.0,5929.7964,0.0
1790.0,110.0,6085.8203,0.0
1800.0,110.0,6244.0605,0.0
-200.0,120.0,12112.886,0.0
-190.0,120.0,11912.616,0.0
-180.0,120.0,11712.699,0.0
-170.0,120.0,11513.216,0.0
-160.0,120.0,11314.243,0.0
-150.0,120.0,11115.869,0.0
-140.0,120.0,10918.189,0.0
-130.0,120.0,10721.297,0.0
-120.0,120.0,10525.292,0.0
-110.0,120.0,10330.279,0.0
-100.0,120.0,10136.373,0.0
-90.0,120.0,9943.689,0.0
-80.0,120.0,9752.355,0.0
-70.0,120.0,9562.497,0.0
-60.0,120.0,9374.254,0.0
-50.0,120.0,9187.771,0.0
-40.0,120.0,9003.198,0.0
-30.0,120.0,8820.713,0.0
-20.0,120.0,8640.471,0.0
-10.0,120.0,8462.652,0.0
0.0,120.0,8287.301,0.0
10.0,120.0,8114.374,0.0
20.0,120.0,7943.8496,0.0
30.0,120.0,7775.69,0.0
40.0,120.0,7609.864,0.0
50.0,120.0,7446.3384,0.0
60.0,120.0,7285.091,0.0
70.0,120.0,7126.09,0.0
80.0,120.0,6969.3047,0.0
90.0,120.0,6814.713,0.0
100.0,120.0,6662.286,0.0
110.0,120.0,6511.997,0.0
120.0,120.0,6363.8267,0.0
130.0,120.0,6217.747,0.0
140.0,120.0,6073.7314,0.0
150.0,120.0,5931.7676,0.0
160.0,120.0,5791.827,0.0
170.0,120.0,5653.8936,0.0
180.0,120.0,5517.9424,0.0
190.0,120.0,5383.957,0.0
200.0,120.0,5251.916,0.0
210.0,120.0,5121.8037,0.0
220.0,120.0,4993.6016,0.0
230.0,120.0,4867.292,0.0
240.0,120.0,4742.8584,0.0
250.0,120.0,4620.2856,0.0
260.0,120.0,4499.5596,0.0
270.0,120.0,4380.663,0.0
280.0,120.0,4263.5825,0.0
290.0,120.0,4148.306,0.0
300.0,120.0,4034.819,0.0
310.0,120.0,3923.108,0.0
320.0,120.0,3813.1604,0.0
330.0,120.0,3704.9658,0.0
340.0,120.0,3598.5122,0.0
350.0,120.0,3493.7898,0.0
360.0,120.0,3390.7856,0.0
370.0,120.0,3289.4937,0.0
380.0,120.0,3189.8997,0.0
390.0,120.0,3091.9966,0.0
400.0,120.0,2995.775,0.0
410.0,120.0,2901.227,0.0
420.0,120.0,2808.3452,0.0
430.0,120.0,2717.1206,0.0
440.0,120.0,2627.5457,0.0
450.0,120.0,2539.6145,0.0
460.0,120.0,2453.3203,0.0
470.0,120.0,2368.6553,0.0
480.0,120.0,2285.6147,0.0
490.0,120.0,2204.1946,0.0
500.0,120.0,2124.3857,0.0
510.0,120.0,2046.1864,0.0
520.0,120.0,1969.589,0.0
530.0,120.0,1894.5918,0.0
540.0,120.0,1821.1892,0.0
550.0,120.0,1749.378,0.0
560.0,120.0,1679.154,0.0
570.0,120.0,1610.5144,0.0
580.0,120.0,1543.4553,0.0
590.0,120.0,1477.9741,0.0
600.0,120.0,1414.0691,0.0
610.0,120.0,1351.737,0.0
620.0,120.0,1290.9761,0.0
630.0,120.0,1231.785,0.0
640.0,120.0,1174.1613,0.0
650.0,120.0,1118.104,0.0
660.0,120.0,1063.6123,0.0
670.0,120.0,1010.68445,0.0
680.0,120.0,959.32007,0.0
690.0,120.0,909.5188,0.0
700.0,120.0,861.2804,0.0
710.0,120.0,814.6041,0.0
720.0,120.0,769.4912,0.0
730.0,120.0,725.93994,0.0
740.0,120.0,683.95294,0.0
750.0,120.0,643.5294,0.0
760.0,120.0,604.6712,0.0
770.0,120.0,567.3779,0.0
780.0,120.0,531.6516,0.0
790.0,120.0,497.4933,0.0
800.0,120.0,464.9044,0.0
810.0,120.0,433.8866,0.0
820.0,120.0,404.44165,0.0
830.0,120.0,376.57202,0.0
840.0,120.0,350.27875,0.0
850.0,120.0,325.56488,0.0
860.0,120.0,302.4325,0.0
870.0,120.0,280.8836,0.0
880.0,120.0,260.9217,0.0
890.0,120.0,242.54904,0.0
900.0,120.0,225.76822,0.0
910.0,120.0,210.58264,0.0
920.0,120.0,196.99544,0.0
930.0,120.0,185.01001,0.0
940.0,120.0,174.62918,0.0
950.0,120.0,165.85655,0.0
960.0,120.0,158.69621,0.0
970.0,120.0,153.1513,0.0
980.0,120.0,149.226,0.0
990.0,120.0,146.9234,0.0
1000.0,120.0,146.24786,0.0
1010.0,120.0,147.20421,0.0
1020.0,120.0,149.79596,0.0
1030.0,120.0,154.02715,0.0
1040.0,120.0,159.90274,0.0
1050.0,120.0,167.42653,0.0
1060.0,120.0,176.60306,0.0
1070.0,120.0,187.43637,0.0
1080.0,120.0,199.93272,0.0
1090.0,120.0,214.09625,0.0
1100.0,120.0,229.9316,0.0
1110.0,120.0,247.44348,0.0
1120.0,120.0,266.63745,0.0
1130.0,120.0,287.51678,0.0
1140.0,120.0,310.08893,0.0
1150.0,120.0,334.35782,0.0
1160.0,120.0,360.32837,0.0
1170.0,120.0,388.0062,0.0
1180.0,120.0,417.39655,0.0
1190.0,120.0,448.50464,0.0
1200.0,120.0,481.33615,0.0
1210.0,120.0,515.89624,0.0
1220.0,120.0,552.1904,0.0
1230.0,120.0,590.225,0.0
1240.0,120.0,630.004,0.0
1250.0,120.0,671.5339,0.0
1260.0,120.0,714.8205,0.0
1270.0,120.0,759.8696,0.0
1280.0,120.0,806.68536,0.0
1290.0,120.0,855.27515,0.0
1300.0,120.0,905.6439,0.0
1310.0,120.0,957.79846,0.0
1320.0,120.0,1011.74335,0.0
1330.0,120.0,1067.4846,0.0
1340.0,120.0,1125.0283,0.0
1350.0,120.0,1184.3811,0.0
1360.0,120.0,1245.5469,0.0
1370.0,120.0,1308.5325,0.0
1380.0,120.0,1373.3436,0.0
1390.0,120.0,1439.9873,0.0
1400.0,120.0,1508.4673,0.0
1410.0,120.0,1578.7896,0.0
1420.0,120.0,1650.9622,0.0
1430.0,120.0,1724.9888,0.0
1440.0,120.0,1800.8757,0.0
1450.0,120.0,1878.6306,0.0
1460.0,120.0,1958.2589,0.0
1470.0,120.0,2039.7622,0.0
1480.0,120.0,2123.1475,0.0
1490.0,120.0,2208.4263,0.0
1500.0,120.0,2295.5972,0.0
1510.0,120.0,2384.669,0.0
1520.0,120.0,2475.6484,0.0
1530.0,120.0,2568.5417,0.0
1540.0,120.0,2663.3477,0.0
1550.0,120.0,2760.0776,0.0
1560.0,120.0,2858.738,0.0
1570.0,120.0,2959.3306,0.0
1580.0,120.0,3061.8657,0.0
1590.0,120.0,3166.3403,0.0
1600.0,120.0,3272.7686,0.0
1610.0,120.0,3381.1504,0.0
1620.0,120.0,3491.4902,0.0
1630.0,120.0,3603.796,0.0
1640.0,120.0,3718.0728,0.0
1650.0,120.0,3834.3218,0.0
1660.0,120.0,3952.5513,0.0
1670.0,120.0,4072.763,0.0
1680.0,120.0,4194.965,0.0
1690.0,120.0,4319.162,0.0
1700.0,120.0,4445.3535,0.0
1710.0,120.0,4573.553,0.0
1720.0,120.0,4703.75,0.0
1730.0,120.0,4835.967,0.0
1740.0,120.0,4970.1914,0.0
1750.0,120.0,5106.4336,0.0
1760.0,120.0,5244.71,0.0
1770.0,120.0,5384.999,0.0
1780.0,120.0,5527.326,0.0
1790.0,120.0,5671.68,0.0
1800.0,120.0,5818.073,0.0
-200.0,130.0,11325.99,0.0
-190.0,130.0,11133.5625,0.0
-180.0,130.0,10941.861,0.0
-170.0,130.0,10750.977,0.0
-160.0,130.0,10561.006,0.0
-150.0,130.0,10372.051,0.0
-140.0,130.0,10184.215,0.0
-130.0,130.0,9997.615,0.0
-120.0,130.0,9812.365,0.0
-110.0,130.0,9628.598,0.0
-100.0,130.0,9446.436,0.0
-90.0,130.0,9266.018,0.0
-80.0,130.0,9087.498,0.0
-70.0,130.0,8911.02,0.0
-60.0,130.0,8736.75,0.0
-50.0,130.0,8564.752,0.0
-40.0,130.0,8395.008,0.0
-30.0,130.0,8227.493,0.0
-20.0,130.0,8062.171,0.0
-10.0,130.0,7899.016,0.0
0.0,130.0,7738.002,0.0
10.0,130.0,7579.1094,0.0
20.0,130.0,7422.306,0.0
30.0,130.0,7267.571,0.0
40.0,130.0,7114.8813,0.0
50.0,130.0,6964.211,0.0
60.0,130.0,6815.542,0.0
70.0,130.0,6668.85,0.0
80.0,130.0,6524.1177,0.0
90.0,130.0,6381.3213,0.0
100.0,130.0,6240.4434,0.0
110.0,130.0,6101.463,0.0
120.0,130.0,5964.364,0.0
130.0,130.0,5829.126,0.0
140.0,130.0,5695.7314,0.0
150.0,130.0,5564.1665,0.0
160.0,130.0,5434.4136,0.0
170.0,130.0,5306.458,0.0
180.0,130.0,5180.2817,0.0
190.0,130.0,5055.871,0.0
200.0,130.0,4933.215,0.0
210.0,130.0,4812.295,0.0
220.0,130.0,4693.0996,0.0
230.0,130.0,4575.616,0.0
240.0,130.0,4459.832,0.0
250.0,130.0,4345.7334,0.0
260.0,130.0,4233.3115,0.0
270.0,130.0,4122.5537,0.0
280.0,130.0,4013.4497,0.0
290.0,130.0,3905.988,0.0
300.0,130.0,3800.16,0.0
310.0,130.0,3695.9536,0.0
320.0,130.0,3593.3613,0.0
330.0,130.0,3492.3733,0.0
340.0,130.0,3392.9822,0.0
350.0,130.0,3295.1785,0.0
360.0,130.0,3198.9543,0.0
370.0,130.0,3104.3032,0.0
380.0,130.0,3011.2166,0.0
390.0,130.0,2919.6875,0.0
400.0,130.0,2829.71,0.0
410.0,130.0,2741.2773,0.0
420.0,130.0,2654.3833,0.0
430.0,130.0,2569.021,0.0
440.0,130.0,2485.1865,0.0
450.0,130.0,2402.8748,0.0
460.0,130.0,2322.0798,0.0
470.0,130.0,2242.7964,0.0
480.0,130.0,2165.022,0.0
490.0,130.0,2088.7505,0.0
500.0,130.0,2013.9784,0.0
510.0,130.0,1940.7026,0.0
520.0,130.0,1868.9193,0.0
530.0,130.0,1798.6256,0.0
540.0,130.0,1729.8173,0.0
550.0,130.0,1662.4932,0.0
560.0,130.0,1596.6497,0.0
570.0,130.0,1532.2842,0.0
580.0,130.0,1469.3955,0.0
590.0,130.0,1407.9799,0.0
600.0,130.0,1348.0388,0.0
610.0,130.0,1289.5671,0.0
620.0,130.0,1232.5657,0.0
630.0,130.0,1177.0325,0.0
640.0,130.0,1122.9668,0.0
650.0,130.0,1070.3672,0.0
660.0,130.0,1019.23474,0.0
670.0,130.0,969.56714,0.0
680.0,130.0,921.3645,0.0
690.0,130.0,874.62756,0.0
700.0,130.0,829.35565,0.0
710.0,130.0,785.54877,0.0
720.0,130.0,743.2079,0.0
730.0,130.0,702.3331,0.0
740.0,130.0,662.92535,0.0
750.0,130.0,624.9857,0.0
760.0,130.0,588.5142,0.0
770.0,130.0,553.5118,0.0
780.0,130.0,519.98096,0.0
790.0,130.0,487.922,0.0
800.0,130.0,457.33664,0.0
810.0,130.0,428.22653,0.0
820.0,130.0,400.59348,0.0
830.0,130.0,374.43976,0.0
840.0,130.0,349.76678,0.0
850.0,130.0,326.57684,0.0
860.0,130.0,304.87195,0.0
870.0,130.0,284.65457,0.0
880.0,130.0,265.92725,0.0
890.0,130.0,248.69225,0.0
900.0,130.0,232.95238,0.0
910.0,130.0,218.71051,0.0
920.0,130.0,205.96935,0.0
930.0,130.0,194.73186,0.0
940.0,130.0,185.00087,0.0
950.0,130.0,176.77945,0.0
960.0,130.0,170.07146,0.0
970.0,130.0,164.87982,0.0
980.0,130.0,161.20724,0.0
990.0,130.0,159.05783,0.0
1000.0,130.0,158.43524,0.0
1010.0,130.0,159.34299,0.0
1020.0,130.0,161.78445,0.0
1030.0,130.0,165.76355,0.0
1040.0,130.0,171.2848,0.0
1050.0,130.0,178.35101,0.0
1060.0,130.0,186.96704,0.0
1070.0,130.0,197.13483,0.0
1080.0,130.0,208.8616,0.0
1090.0,130.0,222.14981,0.0
1100.0,130.0,237.00423,0.0
1110.0,130.0,253.42812,0.0
1120.0,130.0,271.42706,0.0
1130.0,130.0,291.00507,0.0
1140.0,130.0,312.16605,0.0
1150.0,130.0,334.91534,0.0
1160.0,130.0,359.25653,0.0
1170.0,130.0,385.19476,0.0
1180.0,130.0,412.73483,0.0
1190.0,130.0,441.88065,0.0
1200.0,130.0,472.6372,0.0
1210.0,130.0,505.00977,0.0
1220.0,130.0,539.0025,0.0
1230.0,130.0,574.62036,0.0
1240.0,130.0,611.8677,0.0
1250.0,130.0,650.75037,0.0
1260.0,130.0,691.27313,0.0
1270.0,130.0,733.4397,0.0
1280.0,130.0,777.2561,0.0
1290.0,130.0,822.72675,0.0
1300.0,130.0,869.8568,0.0
1310.0,130.0,918.65106,0.0
1320.0,130.0,969.1146,0.0
1330.0,130.0,1021.2525,0.0
1340.0,130.0,1075.0703,0.0
1350.0,130.0,1130.5715,0.0
1360.0,130.0,1187.7634,0.0
1370.0,130.0,1246.6494,0.0
1380.0,130.0,1307.2346,0.0
1390.0,130.0,1369.5249,0.0
1400.0,130.0,1433.5243,0.0
1410.0,130.0,1499.2386,0.0
1420.0,130.0,1566.6711,0.0
1430.0,130.0,1635.8298,0.0
1440.0,130.0,1706.7164,0.0
1450.0,130.0,1779.3386,0.0
1460.0,130.0,1853.701,0.0
1470.0,130.0,1929.809,0.0
1480.0,130.0,2007.6628,0.0
1490.0,130.0,2087.2734,0.0
1500.0,130.0,2168.6426,0.0
1510.0,130.0,2251.7751,0.0
1520.0,130.0,2336.6787,0.0
1530.0,130.0,2423.3552,0.0
1540.0,130.0,2511.8088,0.0
1550.0,130.0,2602.0464,0.0
1560.0,130.0,2694.0698,0.0
1570.0,130.0,2787.8906,0.0
1580.0,130.0,2883.504,0.0
1590.0,130.0,2980.9236,0.0
1600.0,130.0,3080.1443,0.0
1610.0,130.0,3181.179,0.0
1620.0,130.0,3284.0298,0.0
1630.0,130.0,3388.6958,0.0
1640.0,130.0,3495.191,0.0
1650.0,130.0,3603.5098,0.0
1660.0,130.0,3713.6587,0.0
1670.0,130.0,3825.6467,0.0
1680.0,130.0,3939.474,0.0
1690.0,130.0,4055.15,0.0
1700.0,130.0,4172.671,0.0
1710.0,130.0,4292.036,0.0
1720.0,130.0,4413.2656,0.0
1730.0,130.0,4536.3545,0.0
1740.0,130.0,4661.2954,0.0
1750.0,130.0,4788.1143,0.0
1760.0,130.0,4916.796,0.0
1770.0,130.0,5047.3525,0.0
1780.0,130.0,5179.784,0.0
1790.0,130.0,5314.094,0.0
1800.0,130.0,5450.2793,0.0
-200.0,140.0,10618.57,0.0
-190.0,140.0,10435.053,0.0
-180.0,140.0,10252.656,0.0
-170.0,140.0,10071.486,0.0
-160.0,140.0,9891.654,0.0
-150.0,140.0,9713.281,0.0
-140.0,140.0,9536.49,0.0
-130.0,140.0,9361.409,0.0
-120.0,140.0,9188.178,0.0
-110.0,140.0,9016.943,0.0
-100.0,140.0,8847.813,0.0
-90.0,140.0,8680.785,0.0
-80.0,140.0,8515.833,0.0
-70.0,140.0,8352.934,0.0
-60.0,140.0,8192.0625,0.0
-50.0,140.0,8033.1963,0.0
-40.0,140.0,7876.3086,0.0
-30.0,140.0,7721.3833,0.0
-20.0,140.0,7568.4,0.0
-10.0,140.0,7417.33,0.0
0.0,140.0,7268.162,0.0
10.0,140.0,7120.875,0.0
20.0,140.0,6975.445,0.0
30.0,140.0,6831.8555,0.0
40.0,140.0,6690.0903,0.0
50.0,140.0,6550.128,0.0
60.0,140.0,6411.957,0.0
70.0,140.0,6275.56,0.0
80.0,140.0,6140.9185,0.0
90.0,140.0,6008.0146,0.0
100.0,140.0,5876.841,0.0
110.0,140.0,5747.375,0.0
120.0,140.0,5619.6064,0.0
130.0,140.0,5493.5215,0.0
140.0,140.0,5369.103,0.0
150.0,140.0,5246.3433,0.0
160.0,140.0,5125.2275,0.0
170.0,140.0,5005.742,0.0
180.0,140.0,4887.8784,0.0
190.0,140.0,4771.622,0.0
200.0,140.0,4656.9634,0.0
210.0,140.0,4543.8906,0.0
220.0,140.0,4432.3945,0.0
230.0,140.0,4322.465,0.0
240.0,140.0,4214.091,0.0
250.0,140.0,4107.263,0.0
260.0,140.0,4001.9744,0.0
270.0,140.0,3898.2156,0.0
280.0,140.0,3795.977,0.0
290.0,140.0,3695.2505,0.0
300.0,140.0,3596.03,0.0
310.0,140.0,3498.3066,0.0
320.0,140.0,3402.0728,0.0
330.0,140.0,3307.3228,0.0
340.0,140.0,3214.0474,0.0
350.0,140.0,3122.2441,0.0
360.0,140.0,3031.9045,0.0
370.0,140.0,2943.023,0.0
380.0,140.0,2855.5942,0.0
390.0,140.0,2769.6113,0.0
400.0,140.0,2685.0715,0.0
410.0,140.0,2601.9678,0.0
420.0,140.0,2520.297,0.0
430.0,140.0,2440.0532,0.0
440.0,140.0,2361.234,0.0
450.0,140.0,2283.8328,0.0
460.0,140.0,2207.8486,0.0
470.0,140.0,2133.2766,0.0
480.0,140.0,2060.1135,0.0
490.0,140.0,1988.3562,0.0
500.0,140.0,1918.0012,0.0
510.0,140.0,1849.0465,0.0
520.0,140.0,1781.4893,0.0
530.0,140.0,1715.3265,0.0
540.0,140.0,1650.5566,0.0
550.0,140.0,1587.178,0.0
560.0,140.0,1525.1875,0.0
570.0,140.0,1464.5847,0.0
580.0,140.0,1405.3672,0.0
590.0,140.0,1347.5339,0.0
600.0,140.0,1291.0845,0.0
610.0,140.0,1236.0166,0.0
620.0,140.0,1182.3301,0.0
630.0,140.0,1130.0242,0.0
640.0,140.0,1079.0979,0.0
650.0,140.0,1029.5511,0.0
660.0,140.0,981.38416,0.0
670.0,140.0,934.5958,0.0
680.0,140.0,889.18665,0.0
690.0,140.0,845.1571,0.0
700.0,140.0,802.5071,0.0
710.0,140.0,761.2373,0.0
720.0,140.0,721.3482,0.0
730.0,140.0,682.83984,0.0
740.0,140.0,645.7135,0.0
750.0,140.0,609.96985,0.0
760.0,140.0,575.61035,0.0
770.0,140.0,542.6353,0.0
780.0,140.0,511.04715,0.0
790.0,140.0,480.84613,0.0
800.0,140.0,452.0343,0.0
810.0,140.0,424.61313,0.0
820.0,140.0,398.5843,0.0
830.0,140.0,373.94965,0.0
840.0,140.0,350.71103,0.0
850.0,140.0,328.87057,0.0
860.0,140.0,308.42978,0.0
870.0,140.0,289.39124,0.0
880.0,140.0,271.75702,0.0
890.0,140.0,255.52975,0.0
900.0,140.0,240.71118,0.0
910.0,140.0,227.30475,0.0
920.0,140.0,215.3125,0.0
930.0,140.0,204.73761,0.0
940.0,140.0,195.58162,0.0
950.0,140.0,187.84833,0.0
960.0,140.0,181.54045,0.0
970.0,140.0,176.66083,0.0
980.0,140.0,173.21272,0.0
990.0,140.0,171.19878,0.0
1000.0,140.0,170.62253,0.0
1010.0,140.0,171.48735,0.0
1020.0,140.0,173.79626,0.0
1030.0,140.0,177.55246,0.0
1040.0,140.0,182.75966,0.0
1050.0,140.0,189.42133,0.0
1060.0,140.0,197.54086,0.0
1070.0,140.0,207.12134,0.0
1080.0,140.0,218.16638,0.0
1090.0,140.0,230.68109,0.0
1100.0,140.0,244.6684,0.0
1110.0,140.0,260.1313,0.0
1120.0,140.0,277.07538,0.0
1130.0,140.0,295.50278,0.0
1140.0,140.0,315.41827,0.0
1150.0,140.0,336.82468,0.0
1160.0,140.0,359.7282,0.0
1170.0,140.0,384.1308,0.0
1180.0,140.0,410.03754,0.0
1190.0,140.0,437.45184,0.0
1200.0,140.0,466.37836,0.0
1210.0,140.0,496.82083,0.0
1220.0,140.0,528.7837,0.0
1230.0,140.0,562.2714,0.0
1240.0,140.0,597.28723,0.0
1250.0,140.0,633.8369,0.0
1260.0,140.0,671.923,0.0
1270.0,140.0,711.55164,0.0
1280.0,140.0,752.72614,0.0
1290.0,140.0,795.4497,0.0
1300.0,140.0,839.7283,0.0
1310.0,140.0,885.56537,0.0
1320.0,140.0,932.96625,0.0
1330.0,140.0,981.93365,0.0
1340.0,140.0,1032.4735,0.0
1350.0,140.0,1084.5903,0.0
1360.0,140.0,1138.2878,0.0
1370.0,140.0,1193.5707,0.0
1380.0,140.0,1250.4421,0.0
1390.0,140.0,1308.9075,0.0
1400.0,140.0,1368.9708,0.0
1410.0,140.0,1430.6372,0.0
1420.0,140.0,1493.9106,0.0
1430.0,140.0,1558.7964,0.0
1440.0,140.0,1625.2952,0.0
1450.0,140.0,1693.4171,0.0
1460.0,140.0,1763.1626,0.0
1470.0,140.0,1834.5364,0.0
1480.0,140.0,1907.5408,0.0
1490.0,140.0,1982.185,0.0
1500.0,140.0,2058.4707,0.0
1510.0,140.0,2136.4,0.0
1520.0,140.0,2215.9822,0.0
1530.0,140.0,2297.2148,0.0
1540.0,140.0,2380.1099,0.0
1550.0,140.0,2464.6653,0.0
1560.0,140.0,2550.8848,0.0
1570.0,140.0,2638.7769,0.0
1580.0,140.0,2728.346,0.0
1590.0,140.0,2819.5918,0.0
1600.0,140.0,2912.5203,0.0
1610.0,140.0,3007.1318,0.0
1620.0,140.0,3103.437,0.0
1630.0,140.0,3201.4348,0.0
1640.0,140.0,3301.1287,0.0
1650.0,140.0,3402.5247,0.0
1660.0,140.0,3505.629,0.0
1670.0,140.0,3610.4355,0.0
1680.0,140.0,3716.9556,0.0
1690.0,140.0,3825.195,0.0
1700.0,140.0,3935.1506,0.0
1710.0,140.0,4046.8262,0.0
1720.0,140.0,4160.233,0.0
1730.0,140.0,4275.3647,0.0
1740.0,140.0,4392.2227,0.0
1750.0,140.0,4510.8203,0.0
1760.0,140.0,4631.1533,0.0
1770.0,140.0,4753.2314,0.0
1780.0,140.0,4877.0474,0.0
1790.0,140.0,5002.6187,0.0
1800.0,140.0,5129.9307,0.0
-200.0,150.0,9986.794,0.0
-190.0,150.0,9813.212,0.0
-180.0,150.0,9641.175,0.0
-170.0,150.0,9470.799,0.0
-160.0,150.0,9302.219,0.0
-150.0,150.0,9135.557,0.0
-140.0,150.0,8970.866,0.0
-130.0,150.0,8808.126,0.0
-120.0,150.0,8647.311,0.0
-110.0,150.0,8488.404,0.0
-100.0,150.0,8331.384,0.0
-90.0,150.0,8176.2285,0.0
-80.0,150.0,8022.9214,0.0
-70.0,150.0,7871.4414,0.0
-60.0,150.0,7721.7686,0.0
-50.0,150.0,7573.8896,0.0
-40.0,150.0,7427.781,0.0
-30.0,150.0,7283.4316,0.0
-20.0,150.0,7140.8223,0.0
-10.0,150.0,6999.938,0.0
0.0,150.0,6860.758,0.0
10.0,150.0,6723.2734,0.0
20.0,150.0,6587.4644,0.0
30.0,150.0,6453.3203,0.0
40.0,150.0,6320.826,0.0
50.0,150.0,6189.964,0.0
60.0,150.0,6060.7266,0.0
70.0,150.0,5933.0967,0.0
80.0,150.0,5807.064,0.0
90.0,150.0,5682.615,0.0
100.0,150.0,5559.74,0.0
110.0,150.0,5438.424,0.0
120.0,150.0,5318.6577,0.0
130.0,150.0,5200.4297,0.0
140.0,150.0,5083.7295,0.0
150.0,150.0,4968.548,0.0
160.0,150.0,4854.8726,0.0
170.0,150.0,4742.6978,0.0
180.0,150.0,4632.01,0.0
190.0,150.0,4522.803,0.0
200.0,150.0,4415.067,0.0
210.0,150.0,4308.7935,0.0
220.0,150.0,4203.9736,0.0
230.0,150.0,4100.6006,0.0
240.0,150.0,3998.6675,0.0
250.0,150.0,3898.1646,0.0
260.0,150.0,3799.0857,0.0
270.0,150.0,3701.425,0.0
280.0,150.0,3605.1753,0.0
290.0,150.0,3510.3296,0.0
300.0,150.0,3416.882,0.0
310.0,150.0,3324.8267,0.0
320.0,150.0,3234.1584,0.0
330.0,150.0,3144.871,0.0
340.0,150.0,3056.9595,0.0
350.0,150.0,2970.419,0.0
360.0,150.0,2885.2446,0.0
370.0,150.0,2801.4321,0.0
380.0,150.0,2718.9756,0.0
390.0,150.0,2637.8733,0.0
400.0,150.0,2558.1182,0.0
410.0,150.0,2479.7085,0.0
420.0,150.0,2402.641,0.0
430.0,150.0,2326.9111,0.0
440.0,150.0,2252.5166,0.0
450.0,150.0,2179.453,0.0
460.0,150.0,2107.7178,0.0
470.0,150.0,2037.3092,0.0
480.0,150.0,1968.2236,0.0
490.0,150.0,1900.4597,0.0
500.0,150.0,1834.0137,0.0
510.0,150.0,1768.8848,0.0
520.0,150.0,1705.0708,0.0
530.0,150.0,1642.5696,0.0
540.0,150.0,1581.3792,0.0
550.0,150.0,1521.4994,0.0
560.0,150.0,1462.928,0.0
570.0,150.0,1405.6643,0.0
580.0,150.0,1349.7065,0.0
590.0,150.0,1295.0542,0.0
600.0,150.0,1241.7068,0.0
610.0,150.0,1189.6633,0.0
620.0,150.0,1138.9233,0.0
630.0,150.0,1089.4863,0.0
640.0,150.0,1041.3523,0.0
650.0,150.0,994.5211,0.0
660.0,150.0,948.9923,0.0
670.0,150.0,904.76654,0.0
680.0,150.0,861.8436,0.0
690.0,150.0,820.22485,0.0
700.0,150.0,779.9094,0.0
710.0,150.0,740.8986,0.0
720.0,150.0,703.19275,0.0
730.0,150.0,666.7918,0.0
740.0,150.0,631.6979,0.0
750.0,150.0,597.9114,0.0
760.0,150.0,565.4336,0.0
770.0,150.0,534.26544,0.0
780.0,150.0,504.40826,0.0
790.0,150.0,475.86353,0.0
800.0,150.0,448.63235,0.0
810.0,150.0,422.7165,0.0
820.0,150.0,398.11774,0.0
830.0,150.0,374.83752,0.0
840.0,150.0,352.87753,0.0
850.0,150.0,332.23956,0.0
860.0,150.0,312.9258,0.0
870.0,150.0,294.93787,0.0
880.0,150.0,278.27844,0.0
890.0,150.0,262.94873,0.0
900.0,150.0,248.9524,0.0
910.0,150.0,236.29047,0.0
920.0,150.0,224.96562,0.0
930.0,150.0,214.98053,0.0
940.0,150.0,206.33745,0.0
950.0,150.0,199.03893,0.0
960.0,150.0,193.08755,0.0
970.0,150.0,188.48645,0.0
980.0,150.0,185.238,0.0
990.0,150.0,183.34477,0.0
1000.0,150.0,182.80975,0.0
1010.0,150.0,183.6363,0.0
1020.0,150.0,185.82693,0.0
1030.0,150.0,189.38464,0.0
1040.0,150.0,194.31247,0.0
1050.0,150.0,200.61348,0.0
1060.0,150.0,208.29129,0.0
1070.0,150.0,217.3483,0.0
1080.0,150.0,227.78778,0.0
1090.0,150.0,239.61353,0.0
1100.0,150.0,252.8294,0.0
1110.0,150.0,267.43762,0.0
1120.0,150.0,283.44214,0.0
1130.0,150.0,300.84656,0.0
1140.0,150.0,319.65356,0.0
1150.0,150.0,339.86777,0.0
1160.0,150.0,361.49152,0.0
1170.0,150.0,384.5294,0.0
1180.0,150.0,408.98456,0.0
1190.0,150.0,434.86057,0.0
1200.0,150.0,462.16144,0.0
1210.0,150.0,490.88934,0.0
1220.0,150.0,521.04987,0.0
1230.0,150.0,552.6461,0.0
1240.0,150.0,585.6809,0.0
1250.0,150.0,620.15955,0.0
1260.0,150.0,656.084,0.0
1270.0,150.0,693.45984,0.0
1280.0,150.0,732.29004,0.0
1290.0,150.0,772.5785,0.0
1300.0,150.0,814.32874,0.0
1310.0,150.0,857.5437,0.0
1320.0,150.0,902.2289,0.0
1330.0,150.0,948.3876,0.0
1340.0,150.0,996.0241,0.0
1350.0,150.0,1045.1416,0.0
1360.0,150.0,1095.7437,0.0
1370.0,150.0,1147.8352,0.0
1380.0,150.0,1201.4196,0.0
1390.0,150.0,1256.4988,0.0
1400.0,150.0,1313.0802,0.0
1410.0,150.0,1371.1656,0.0
1420.0,150.0,1430.7593,0.0
1430.0,150.0,1491.8645,0.0
1440.0,150.0,1554.4858,0.0
1450.0,150.0,1618.6259,0.0
1460.0,150.0,1684.2899,0.0
1470.0,150.0,1751.481,0.0
1480.0,150.0,1820.2041,0.0
1490.0,150.0,1890.4609,0.0
1500.0,150.0,1962.2561,0.0
1510.0,150.0,2035.593,0.0
1520.0,150.0,2110.4756,0.0
1530.0,150.0,2186.9092,0.0
1540.0,150.0,2264.8948,0.0
1550.0,150.0,2344.4365,0.0
1560.0,150.0,2425.54,0.0
1570.0,150.0,2508.2046,0.0
1580.0,150.0,2592.4404,0.0
1590.0,150.0,2678.2427,0.0
1600.0,150.0,2765.6255,0.0
1610.0,150.0,2854.584,0.0
1620.0,150.0,2945.1184,0.0
1630.0,150.0,3037.2417,0.0
1640.0,150.0,3130.9497,0.0
1650.0,150.0,3226.2534,0.0
1660.0,150.0,3323.1492,0.0
1670.0,150.0,3421.6392,0.0
1680.0,150.0,3521.7344,0.0
1690.0,150.0,3623.4307,0.0
1700.0,150.0,3726.7341,0.0
1710.0,150.0,3831.643,0.0
1720.0,150.0,3938.1648,0.0
1730.0,150.0,4046.3076,0.0
1740.0,150.0,4156.0645,0.0
1750.0,150.0,4267.438,0.0
1760.0,150.0,4380.4395,0.0
1770.0,150.0,4495.0674,0.0
1780.0,150.0,4611.3203,0.0
1790.0,150.0,4729.2036,0.0
1800.0,150.0,4848.7275,0.0
-200.0,160.0,9427.264,0.0
-190.0,160.0,9264.603,0.0
-180.0,160.0,9103.781,0.0
-170.0,160.0,8944.779,0.0
-160.0,160.0,8787.577,0.0
-150.0,160.0,8632.16,0.0
-140.0,160.0,8478.504,0.0
-130.0,160.0,8326.597,0.0
-120.0,160.0,8176.42,0.0
-110.0,160.0,8027.956,0.0
-100.0,160.0,7881.189,0.0
-90.0,160.0,7736.1045,0.0
-80.0,160.0,7592.6865,0.0
-70.0,160.0,7450.916,0.0
-60.0,160.0,7310.784,0.0
-50.0,160.0,7172.2734,0.0
-40.0,160.0,7035.3687,0.0
-30.0,160.0,6900.0576,0.0
-20.0,160.0,6766.331,0.0
-10.0,160.0,6634.1685,0.0
0.0,160.0,6503.564,0.0
10.0,160.0,6374.5005,0.0
20.0,160.0,6246.9717,0.0
30.0,160.0,6120.96,0.0
40.0,160.0,5996.4565,0.0
50.0,160.0,5873.449,0.0
60.0,160.0,5751.9307,0.0
70.0,160.0,5631.888,0.0
80.0,160.0,5513.3105,0.0
90.0,160.0,5396.191,0.0
100.0,160.0,5280.5186,0.0
110.0,160.0,5166.283,0.0
120.0,160.0,5053.476,0.0
130.0,160.0,4942.089,0.0
140.0,160.0,4832.1113,0.0
150.0,160.0,4723.5396,0.0
160.0,160.0,4616.3623,0.0
170.0,160.0,4510.5723,0.0
180.0,160.0,4406.164,0.0
190.0,160.0,4303.127,0.0
200.0,160.0,4201.456,0.0
210.0,160.0,4101.145,0.0
220.0,160.0,4002.1853,0.0
230.0,160.0,3904.5718,0.0
240.0,160.0,3808.2988,0.0
250.0,160.0,3713.3586,0.0
260.0,160.0,3619.7488,0.0
270.0,160.0,3527.461,0.0
280.0,160.0,3436.491,0.0
290.0,160.0,3346.8333,0.0
300.0,160.0,3258.4834,0.0
310.0,160.0,3171.436,0.0
320.0,160.0,3085.6875,0.0
330.0,160.0,3001.233,0.0
340.0,160.0,2918.0679,0.0
350.0,160.0,2836.1892,0.0
360.0,160.0,2755.5925,0.0
370.0,160.0,2676.2742,0.0
380.0,160.0,2598.231,0.0
390.0,160.0,2521.4592,0.0
400.0,160.0,2445.9548,0.0
410.0,160.0,2371.7173,0.0
420.0,160.0,2298.7422,0.0
430.0,160.0,2227.0266,0.0
440.0,160.0,2156.5693,0.0
450.0,160.0,2087.366,0.0
460.0,160.0,2019.4161,0.0
470.0,160.0,1952.7173,0.0
480.0,160.0,1887.2668,0.0
490.0,160.0,1823.0624,0.0
500.0,160.0,1760.1034,0.0
510.0,160.0,1698.389,0.0
520.0,160.0,1637.916,0.0
530.0,160.0,1578.684,0.0
540.0,160.0,1520.6909,0.0
550.0,160.0,1463.9375,0.0
560.0,160.0,1408.4218,0.0
570.0,160.0,1354.1428,0.0
580.0,160.0,1301.0999,0.0
590.0,160.0,1249.2927,0.0
600.0,160.0,1198.7202,0.0
610.0,160.0,1149.383,0.0
620.0,160.0,1101.2806,0.0
630.0,160.0,1054.4122,0.0
640.0,160.0,1008.7778,0.0
650.0,160.0,964.3783,0.0
660.0,160.0,921.21295,0.0
670.0,160.0,879.2828,0.0
680.0,160.0,838.58765,0.0
690.0,160.0,799.129,0.0
700.0,160.0,760.90564,0.0
710.0,160.0,723.9192,0.0
720.0,160.0,688.1698,0.0
730.0,160.0,653.6588,0.0
740.0,160.0,620.38696,0.0
750.0,160.0,588.3554,0.0
760.0,160.0,557.565,0.0
770.0,160.0,528.01697,0.0
780.0,160.0,499.71225,0.0
790.0,160.0,472.6529,0.0
800.0,160.0,446.839,0.0
810.0,160.0,422.2738,0.0
820.0,160.0,398.95724,0.0
830.0,160.0,376.8915,0.0
840.0,160.0,356.07837,0.0
850.0,160.0,336.51926,0.0
860.0,160.0,318.2162,0.0
870.0,160.0,301.17105,0.0
880.0,160.0,285.38516,0.0
890.0,160.0,270.8612,0.0
900.0,160.0,257.60126,0.0
910.0,160.0,245.60703,0.0
920.0,160.0,234.88052,0.0
930.0,160.0,225.42482,0.0
940.0,160.0,217.24167,0.0
950.0,160.0,210.33292,0.0
960.0,160.0,204.70135,0.0
970.0,160.0,200.34952,0.0
980.0,160.0,197.27997,0.0
990.0,160.0,195.49484,0.0
1000.0,160.0,194.99654,0.0
1010.0,160.0,195.78934,0.0
1020.0,160.0,197.87372,0.0
1030.0,160.0,201.25307,0.0
1040.0,160.0,205.93085,0.0
1050.0,160.0,211.90927,0.0
1060.0,160.0,219.19104,0.0
1070.0,160.0,227.77943,0.0
1080.0,160.0,237.67636,0.0
1090.0,160.0,248.88507,0.0
1100.0,160.0,261.40997,0.0
1110.0,160.0,275.25317,0.0
1120.0,160.0,290.41733,0.0
1130.0,160.0,306.90588,0.0
1140.0,160.0,324.72174,0.0
1150.0,160.0,343.86804,0.0
1160.0,160.0,364.348,0.0
1170.0,160.0,386.16476,0.0
1180.0,160.0,409.32202,0.0
1190.0,160.0,433.82242,0.0
1200.0,160.0,459.66858,0.0
1210.0,160.0,486.86548,0.0
1220.0,160.0,515.41455,0.0
1230.0,160.0,545.3201,0.0
1240.0,160.0,576.5851,0.0
1250.0,160.0,609.2135,0.0
1260.0,160.0,643.20764,0.0
1270.0,160.0,678.5714,0.0
1280.0,160.0,715.3085,0.0
1290.0,160.0,753.422,0.0
1300.0,160.0,792.91504,0.0
1310.0,160.0,833.79175,0.0
1320.0,160.0,876.0548,0.0
1330.0,160.0,919.7068,0.0
1340.0,160.0,964.75226,0.0
1350.0,160.0,1011.1952,0.0
1360.0,160.0,1059.038,0.0
1370.0,160.0,1108.2849,0.0
1380.0,160.0,1158.9382,0.0
1390.0,160.0,1211.0024,0.0
1400.0,160.0,1264.4802,0.0
1410.0,160.0,1319.3745,0.0
1420.0,160.0,1375.6909,0.0
1430.0,160.0,1433.4296,0.0
1440.0,160.0,1492.5977,0.0
1450.0,160.0,1553.196,0.0
1460.0,160.0,1615.2286,0.0
1470.0,160.0,1678.6975,0.0
1480.0,160.0,1743.6089,0.0
1490.0,160.0,1809.9614,0.0
1500.0,160.0,1877.7642,0.0
1510.0,160.0,1947.0167,0.0
1520.0,160.0,2017.7224,0.0
1530.0,160.0,2089.8882,0.0
1540.0,160.0,2163.5112,0.0
1550.0,160.0,2238.599,0.0
1560.0,160.0,2315.1558,0.0
1570.0,160.0,2393.1792,0.0
1580.0,160.0,2472.6768,0.0
1590.0,160.0,2553.6519,0.0
1600.0,160.0,2636.1074,0.0
1610.0,160.0,2720.044,0.0
1620.0,160.0,2805.4658,0.0
1630.0,160.0,2892.372,0.0
1640.0,160.0,2980.7715,0.0
1650.0,160.0,3070.6675,0.0
1660.0,160.0,3162.0598,0.0
1670.0,160.0,3254.9497,0.0
1680.0,160.0,3349.3455,0.0
1690.0,160.0,3445.2405,0.0
1700.0,160.0,3542.6465,0.0
1710.0,160.0,3641.5645,0.0
1720.0,160.0,3741.9937,0.0
1730.0,160.0,3843.9387,0.0
1740.0,160.0,3947.4004,0.0
1750.0,160.0,4052.3843,0.0
1760.0,160.0,4158.8926,0.0
1770.0,160.0,4266.9214,0.0
1780.0,160.0,4376.4795,0.0
1790.0,160.0,4487.5728,0.0
1800.0,160.0,4600.1924,0.0
-200.0,170.0,8935.199,0.0
-190.0,170.0,8782.854,0.0
-180.0,170.0,8632.168,0.0
-170.0,170.0,8483.125,0.0
-160.0,170.0,8335.713,0.0
-150.0,170.0,8189.9106,0.0
-140.0,170.0,8045.7124,0.0
-130.0,170.0,7903.0923,0.0
-120.0,170.0,7762.052,0.0
-110.0,170.0,7622.5625,0.0
-100.0,170.0,7484.623,0.0
-90.0,170.0,7348.213,0.0
-80.0,170.0,7213.323,0.0
-70.0,170.0,7079.9424,0.0
-60.0,170.0,6948.0566,0.0
-50.0,170.0,6817.654,0.0
-40.0,170.0,6688.723,0.0
-30.0,170.0,6561.255,0.0
-20.0,170.0,6435.237,0.0
-10.0,170.0,6310.6597,0.0
0.0,170.0,6187.5146,0.0
10.0,170.0,6065.788,0.0
20.0,170.0,5945.472,0.0
30.0,170.0,5826.56,0.0
40.0,170.0,5709.038,0.0
50.0,170.0,5592.8984,0.0
60.0,170.0,5478.1343,0.0
70.0,170.0,5364.7363,0.0
80.0,170.0,5252.698,0.0
90.0,170.0,5142.008,0.0
100.0,170.0,5032.662,0.0
110.0,170.0,4924.6484,0.0
120.0,170.0,4817.965,0.0
130.0,170.0,4712.5996,0.0
140.0,170.0,4608.548,0.0
150.0,170.0,4505.8047,0.0
160.0,170.0,4404.3613,0.0
170.0,170.0,4304.212,0.0
180.0,170.0,4205.3506,0.0
190.0,170.0,4107.7725,0.0
200.0,170.0,4011.47,0.0
210.0,170.0,3916.439,0.0
220.0,170.0,3822.6733,0.0
230.0,170.0,3730.1687,0.0
240.0,170.0,3638.919,0.0
250.0,170.0,3548.9204,0.0
260.0,170.0,3460.1682,0.0
270.0,170.0,3372.6592,0.0
280.0,170.0,3286.3848,0.0
290.0,170.0,3201.3457,0.0
300.0,170.0,3117.537,0.0
310.0,170.0,3034.9526,0.0
320.0,170.0,2953.59,0.0
330.0,170.0,2873.4468,0.0
340.0,170.0,2794.5183,0.0
350.0,170.0,2716.8027,0.0
360.0,170.0,2640.2952,0.0
370.0,170.0,2564.9932,0.0
380.0,170.0,2490.897,0.0
390.0,170.0,2418.0,0.0
400.0,170.0,2346.3003,0.0
410.0,170.0,2275.7976,0.0
420.0,170.0,2206.488,0.0
430.0,170.0,2138.3696,0.0
440.0,170.0,2071.4412,0.0
450.0,170.0,2005.6997,0.0
460.0,170.0,1941.1443,0.0
470.0,170.0,1877.7736,0.0
480.0,170.0,1815.585,0.0
490.0,170.0,1754.5776,0.0
500.0,170.0,1694.7507,0.0
510.0,170.0,1636.1027,0.0
520.0,170.0,1578.6323,0.0
530.0,170.0,1522.3384,0.0
540.0,170.0,1467.2208,0.0
550.0,170.0,1413.279,0.0
560.0,170.0,1360.5107,0.0
570.0,170.0,1308.9171,0.0
580.0,170.0,1258.4973,0.0
590.0,170.0,1209.25,0.0
600.0,170.0,1161.1766,0.0
610.0,170.0,1114.2762,0.0
620.0,170.0,1068.5483,0.0
630.0,170.0,1023.99316,0.0
640.0,170.0,980.6107,0.0
650.0,170.0,938.40155,0.0
660.0,170.0,897.36633,0.0
670.0,170.0,857.5045,0.0
680.0,170.0,818.8172,0.0
690.0,170.0,781.3044,0.0
700.0,170.0,744.9669,0.0
710.0,170.0,709.80505,0.0
720.0,170.0,675.8204,0.0
730.0,170.0,643.0128,0.0
740.0,170.0,611.3841,0.0
750.0,170.0,580.9348,0.0
760.0,170.0,551.6662,0.0
770.0,170.0,523.57935,0.0
780.0,170.0,496.67474,0.0
790.0,170.0,470.95465,0.0
800.0,170.0,446.4197,0.0
810.0,170.0,423.07138,0.0
820.0,170.0,400.91193,0.0
830.0,170.0,379.94122,0.0
840.0,170.0,360.16226,0.0
850.0,170.0,341.57623,0.0
860.0,170.0,324.1848,0.0
870.0,170.0,307.98914,0.0
880.0,170.0,292.992,0.0
890.0,170.0,279.19455,0.0
900.0,170.0,266.59857,0.0
910.0,170.0,255.20651,0.0
920.0,170.0,245.02011,0.0
930.0,170.0,236.04103,0.0
940.0,170.0,228.27222,0.0
950.0,170.0,221.71513,0.0
960.0,170.0,216.37204,0.0
970.0,170.0,212.24503,0.0
980.0,170.0,209.33636,0.0
990.0,170.0,207.64893,0.0
1000.0,170.0,207.18428,0.0
1010.0,170.0,207.94554,0.0
1020.0,170.0,209.93431,0.0
1030.0,170.0,213.15366,0.0
1040.0,170.0,217.60587,0.0
1050.0,170.0,223.29288,0.0
1060.0,170.0,230.21815,0.0
1070.0,170.0,238.38419,0.0
1080.0,170.0,247.79306,0.0
1090.0,170.0,258.44638,0.0
1100.0,170.0,270.34943,0.0
1110.0,170.0,283.50287,0.0
1120.0,170.0,297.9107,0.0
1130.0,170.0,313.57538,0.0
1140.0,170.0,330.49927,0.0
1150.0,170.0,348.68506,0.0
1160.0,170.0,368.136,0.0
1170.0,170.0,388.8548,0.0
1180.0,170.0,410.8437,0.0
1190.0,170.0,434.10687,0.0
1200.0,170.0,458.64594,0.0
1210.0,170.0,484.46545,0.0
1220.0,170.0,511.5659,0.0
1230.0,170.0,539.95215,0.0
1240.0,170.0,569.6269,0.0
1250.0,170.0,600.59216,0.0
1260.0,170.0,632.8523,0.0
1270.0,170.0,666.40906,0.0
1280.0,170.0,701.2668,0.0
1290.0,170.0,737.4269,0.0
1300.0,170.0,774.8937,0.0
1310.0,170.0,813.66943,0.0
1320.0,170.0,853.75775,0.0
1330.0,170.0,895.1615,0.0
1340.0,170.0,937.8833,0.0
1350.0,170.0,981.9271,0.0
1360.0,170.0,1027.2944,0.0
1370.0,170.0,1073.9895,0.0
1380.0,170.0,1122.0149,0.0
1390.0,170.0,1171.374,0.0
1400.0,170.0,1222.07,0.0
1410.0,170.0,1274.1057,0.0
1420.0,170.0,1327.4846,0.0
1430.0,170.0,1382.2075,0.0
1440.0,170.0,1438.2803,0.0
1450.0,170.0,1495.7048,0.0
1460.0,170.0,1554.4846,0.0
1470.0,170.0,1614.6218,0.0
1480.0,170.0,1676.1211,0.0
1490.0,170.0,1738.9811,0.0
1500.0,170.0,1803.2101,0.0
1510.0,170.0,1868.8081,0.0
1520.0,170.0,1935.7756,0.0
1530.0,170.0,2004.1221,0.0
1540.0,170.0,2073.8452,0.0
1550.0,170.0,2144.9487,0.0
1560.0,170.0,2217.4387,0.0
1570.0,170.0,2291.314,0.0
1580.0,170.0,2366.5771,0.0
1590.0,170.0,2443.236,0.0
1600.0,170.0,2521.29,0.0
1610.0,170.0,2600.7378,0.0
1620.0,170.0,2681.5894,0.0
1630.0,170.0,2763.8403,0.0
1640.0,170.0,2847.4995,0.0
1650.0,170.0,2932.5674,0.0
1660.0,170.0,3019.045,0.0
1670.0,170.0,3106.9358,0.0
1680.0,170.0,3196.2412,0.0
1690.0,170.0,3286.964,0.0
1700.0,170.0,3379.1094,0.0
1710.0,170.0,3472.6792,0.0
1720.0,170.0,3567.673,0.0
1730.0,170.0,3664.0903,0.0
1740.0,170.0,3761.9404,0.0
1750.0,170.0,3861.226,0.0
1760.0,170.0,3961.9429,0.0
1770.0,170.0,4064.0938,0.0
1780.0,170.0,4167.6846,0.0
1790.0,170.0,4272.715,0.0
1800.0,170.0,4379.1836,0.0
-200.0,180.0,8499.924,0.0
-190.0,180.0,8356.492,0.0
-180.0,180.0,8214.573,0.0
-170.0,180.0,8074.157,0.0
-160.0,180.0,7935.2275,0.0
-150.0,180.0,7797.7734,0.0
-140.0,180.0,7661.785,0.0
-130.0,180.0,7527.2466,0.0
-120.0,180.0,7394.151,0.0
-110.0,180.0,7262.489,0.0
-100.0,180.0,7132.2427,0.0
-90.0,180.0,7003.4077,0.0
-80.0,180.0,6875.9736,0.0
-70.0,180.0,6749.9263,0.0
-60.0,180.0,6625.26,0.0
-50.0,180.0,6501.9624,0.0
-40.0,180.0,6380.023,0.0
-30.0,180.0,6259.439,0.0
-20.0,180.0,6140.1973,0.0
-10.0,180.0,6022.29,0.0
0.0,180.0,5905.708,0.0
10.0,180.0,5790.4453,0.0
20.0,180.0,5676.49,0.0
30.0,180.0,5563.839,0.0
40.0,180.0,5452.4834,0.0
50.0,180.0,5342.4126,0.0
60.0,180.0,5233.6235,0.0
70.0,180.0,5126.107,0.0
80.0,180.0,5019.8564,0.0
90.0,180.0,4914.8677,0.0
100.0,180.0,4811.133,0.0
110.0,180.0,4708.6436,0.0
120.0,180.0,4607.3965,0.0
130.0,180.0,4507.3867,0.0
140.0,180.0,4408.6045,0.0
150.0,180.0,4311.048,0.0
160.0,180.0,4214.711,0.0
170.0,180.0,4119.588,0.0
180.0,180.0,4025.6743,0.0
190.0,180.0,3932.9658,0.0
200.0,180.0,3841.4563,0.0
210.0,180.0,3751.1416,0.0
220.0,180.0,3662.0186,0.0
230.0,180.0,3574.0815,0.0
240.0,180.0,3487.3271,0.0
250.0,180.0,3401.751,0.0
260.0,180.0,3317.351,0.0
270.0,180.0,3234.1213,0.0
280.0,180.0,3152.06,0.0
290.0,180.0,3071.1636,0.0
300.0,180.0,2991.4287,0.0
310.0,180.0,2912.8508,0.0
320.0,180.0,2835.428,0.0
330.0,180.0,2759.1587,0.0
340.0,180.0,2684.0388,0.0
350.0,180.0,2610.0657,0.0
360.0,180.0,2537.238,0.0
370.0,180.0,2465.5525,0.0
380.0,180.0,2395.007,0.0
390.0,180.0,2325.599,0.0
400.0,180.0,2257.3271,0.0
410.0,180.0,2190.19,0.0
420.0,180.0,2124.185,0.0
430.0,180.0,2059.3105,0.0
440.0,180.0,1995.5654,0.0
450.0,180.0,1932.9468,0.0
460.0,180.0,1871.4558,0.0
470.0,180.0,1811.0894,0.0
480.0,180.0,1751.8469,0.0
490.0,180.0,1693.7273,0.0
500.0,180.0,1636.7291,0.0
510.0,180.0,1580.8528,0.0
520.0,180.0,1526.0958,0.0
530.0,180.0,1472.4589,0.0
540.0,180.0,1419.9401,0.0
550.0,180.0,1368.5409,0.0
560.0,180.0,1318.2588,0.0
570.0,180.0,1269.095,0.0
580.0,180.0,1221.0483,0.0
590.0,180.0,1174.1187,0.0
600.0,180.0,1128.3064,0.0
610.0,180.0,1083.6113,0.0
620.0,180.0,1040.0334,0.0
630.0,180.0,997.573,0.0
640.0,180.0,956.2302,0.0
650.0,180.0,916.0054,0.0
660.0,180.0,876.89905,0.0
670.0,180.0,838.9111,0.0
680.0,180.0,802.0416,0.0
690.0,180.0,766.2923,0.0
700.0,180.0,731.6632,0.0
710.0,180.0,698.15576,0.0
720.0,180.0,665.7695,0.0
730.0,180.0,634.5062,0.0
740.0,180.0,604.36646,0.0
750.0,180.0,575.35144,0.0
760.0,180.0,547.4618,0.0
770.0,180.0,520.6986,0.0
780.0,180.0,495.06375,0.0
790.0,180.0,470.55762,0.0
800.0,180.0,447.18167,0.0
810.0,180.0,424.9372,0.0
820.0,180.0,403.82556,0.0
830.0,180.0,383.84845,0.0
840.0,180.0,365.00684,0.0
850.0,180.0,347.30255,0.0
860.0,180.0,330.73718,0.0
870.0,180.0,315.31198,0.0
880.0,180.0,301.02924,0.0
890.0,180.0,287.88965,0.0
900.0,180.0,275.89594,0.0
910.0,180.0,265.0493,0.0
920.0,180.0,255.35197,0.0
930.0,180.0,246.80556,0.0
940.0,180.0,239.4119,0.0
950.0,180.0,233.1731,0.0
960.0,180.0,228.09079,0.0
970.0,180.0,224.16766,0.0
980.0,180.0,221.40558,0.0
990.0,180.0,219.80609,0.0
1000.0,180.0,219.37164,0.0
1010.0,180.0,220.10449,0.0
1020.0,180.0,222.0069,0.0
1030.0,180.0,225.08069,0.0
1040.0,180.0,229.32874,0.0
1050.0,180.0,234.75279,0.0
1060.0,180.0,241.35532,0.0
1070.0,180.0,249.13898,0.0
1080.0,180.0,258.1054,0.0
1090.0,180.0,268.2569,0.0
1100.0,180.0,279.59586,0.0
1110.0,180.0,292.12683,0.0
1120.0,180.0,305.85034,0.0
1130.0,180.0,320.76895,0.0
1140.0,180.0,336.88538,0.0
1150.0,180.0,354.20306,0.0
1160.0,180.0,372.72266,0.0
1170.0,180.0,392.44867,0.0
1180.0,180.0,413.38272,0.0
1190.0,180.0,435.52667,0.0
1200.0,180.0,458.8848,0.0
1210.0,180.0,483.45837,0.0
1220.0,180.0,509.25113,0.0
1230.0,180.0,536.2644,0.0
1240.0,180.0,564.50183,0.0
1250.0,180.0,593.96606,0.0
1260.0,180.0,624.6594,0.0
1270.0,180.0,656.5849,0.0
1280.0,180.0,689.7449,0.0
1290.0,180.0,724.14197,0.0
1300.0,180.0,759.7795,0.0
1310.0,180.0,796.65967,0.0
1320.0,180.0,834.7856,0.0
1330.0,180.0,874.15924,0.0
1340.0,180.0,914.78516,0.0
1350.0,180.0,956.664,0.0
1360.0,180.0,999.79895,0.0
1370.0,180.0,1044.1936,0.0
1380.0,180.0,1089.8502,0.0
1390.0,180.0,1136.7709,0.0
1400.0,180.0,1184.9583,0.0
1410.0,180.0,1234.4167,0.0
1420.0,180.0,1285.1484,0.0
1430.0,180.0,1337.1552,0.0
1440.0,180.0,1390.4397,0.0
1450.0,180.0,1445.0062,0.0
1460.0,180.0,1500.8567,0.0
1470.0,180.0,1557.9924,0.0
1480.0,180.0,1616.418,0.0
1490.0,180.0,1676.1338,0.0
1500.0,180.0,1737.1449,0.0
1510.0,180.0,1799.4524,0.0
1520.0,180.0,1863.0598,0.0
1530.0,180.0,1927.9688,0.0
1540.0,180.0,1994.1833,0.0
1550.0,180.0,2061.704,0.0
1560.0,180.0,2130.5361,0.0
1570.0,180.0,2200.6794,0.0
1580.0,180.0,2272.1382,0.0
1590.0,180.0,2344.913,0.0
1600.0,180.0,2419.0117,0.0
1610.0,180.0,2494.4292,0.0
1620.0,180.0,2571.1692,0.0
1630.0,180.0,2649.24,0.0
1640.0,180.0,2728.6365,0.0
1650.0,180.0,2809.3691,0.0
1660.0,180.0,2891.4312,0.0
1670.0,180.0,2974.834,0.0
1680.0,180.0,3059.5735,0.0
1690.0,180.0,3145.6514,0.0
1700.0,180.0,3233.073,0.0
1710.0,180.0,3321.8394,0.0
1720.0,180.0,3411.9556,0.0
1730.0,180.0,3503.4158,0.0
1740.0,180.0,3596.2307,0.0
1750.0,180.0,3690.396,0.0
1760.0,180.0,3785.92,0.0
1770.0,180.0,3882.7998,0.0
1780.0,180.0,3981.0378,0.0
1790.0,180.0,4080.6377,0.0
1800.0,180.0,4181.5947,0.0
-200.0,190.0,8111.6865,0.0
-190.0,190.0,7976.0547,0.0
-180.0,190.0,7841.8115,0.0
-170.0,190.0,7708.953,0.0
-160.0,190.0,7577.4688,0.0
-150.0,190.0,7447.3447,0.0
-140.0,190.0,7318.572,0.0
-130.0,190.0,7191.1387,0.0
-120.0,190.0,7065.043,0.0
-110.0,190.0,6940.273,0.0
-100.0,190.0,6816.816,0.0
-90.0,190.0,6694.666,0.0
-80.0,190.0,6573.813,0.0
-70.0,190.0,6454.252,0.0
-60.0,190.0,6335.9717,0.0
-50.0,190.0,6218.9653,0.0
-40.0,190.0,6103.2246,0.0
-30.0,190.0,5988.742,0.0
-20.0,190.0,5875.5137,0.0
-10.0,190.0,5763.5283,0.0
0.0,190.0,5652.7812,0.0
10.0,190.0,5543.2637,0.0
20.0,190.0,5434.9717,0.0
30.0,190.0,5327.8955,0.0
40.0,190.0,5222.032,0.0
50.0,190.0,5117.372,0.0
60.0,190.0,5013.9136,0.0
70.0,190.0,4911.6484,0.0
80.0,190.0,4810.572,0.0
90.0,190.0,4710.6777,0.0
100.0,190.0,4611.962,0.0
110.0,190.0,4514.417,0.0
120.0,190.0,4418.0405,0.0
130.0,190.0,4322.827,0.0
140.0,190.0,4228.769,0.0
150.0,190.0,4135.865,0.0
160.0,190.0,4044.1116,0.0
170.0,190.0,3953.5024,0.0
180.0,190.0,3864.0337,0.0
190.0,190.0,3775.7017,0.0
200.0,190.0,3688.5024,0.0
210.0,190.0,3602.4329,0.0
220.0,190.0,3517.4863,0.0
230.0,190.0,3433.6648,0.0
240.0,190.0,3350.96,0.0
250.0,190.0,3269.37,0.0
260.0,190.0,3188.895,0.0
270.0,190.0,3109.5269,0.0
280.0,190.0,3031.2656,0.0
290.0,190.0,2954.1094,0.0
300.0,190.0,2878.0537,0.0
310.0,190.0,2803.0964,0.0
320.0,190.0,2729.2354,0.0
330.0,190.0,2656.4683,0.0
340.0,190.0,2584.793,0.0
350.0,190.0,2514.2065,0.0
360.0,190.0,2444.7083,0.0
370.0,190.0,2376.296,0.0
380.0,190.0,2308.9673,0.0
390.0,190.0,2242.7207,0.0
400.0,190.0,2177.554,0.0
410.0,190.0,2113.4673,0.0
420.0,190.0,2050.4585,0.0
430.0,190.0,1988.5255,0.0
440.0,190.0,1927.667,0.0
450.0,190.0,1867.8832,0.0
460.0,190.0,1809.1722,0.0
470.0,190.0,1751.5333,0.0
480.0,190.0,1694.965,0.0
490.0,190.0,1639.467,0.0
500.0,190.0,1585.0386,0.0
510.0,190.0,1531.6794,0.0
520.0,190.0,1479.3888,0.0
530.0,190.0,1428.1655,0.0
540.0,190.0,1378.0093,0.0
550.0,190.0,1328.9209,0.0
560.0,190.0,1280.8992,0.0
570.0,190.0,1233.9443,0.0
580.0,190.0,1188.056,0.0
590.0,190.0,1143.2336,0.0
600.0,190.0,1099.4786,0.0
610.0,190.0,1056.7903,0.0
620.0,190.0,1015.16864,0.0
630.0,190.0,974.6143,0.0
640.0,190.0,935.1274,0.0
650.0,190.0,896.7079,0.0
660.0,190.0,859.35675,0.0
670.0,190.0,823.074,0.0
680.0,190.0,787.8602,0.0
690.0,190.0,753.7161,0.0
700.0,190.0,720.64294,0.0
710.0,190.0,688.6404,0.0
720.0,190.0,657.7103,0.0
730.0,190.0,627.8524,0.0
740.0,190.0,599.0686,0.0
750.0,190.0,571.35913,0.0
760.0,190.0,544.72546,0.0
770.0,190.0,519.16797,0.0
780.0,190.0,494.6886,0.0
790.0,190.0,471.2882,0.0
800.0,190.0,448.96722,0.0
810.0,190.0,427.72784,0.0
820.0,190.0,407.57062,0.0
830.0,190.0,388.49725,0.0
840.0,190.0,370.5097,0.0
850.0,190.0,353.60852,0.0
860.0,190.0,337.7951,0.0
870.0,190.0,323.07138,0.0
880.0,190.0,309.4386,0.0
890.0,190.0,296.8984,0.0
900.0,190.0,285.45285,0.0
910.0,190.0,275.10297,0.0
920.0,190.0,265.85065,0.0
930.0,190.0,257.69757,0.0
940.0,190.0,250.64597,0.0
950.0,190.0,244.69687,0.0
960.0,190.0,239.85248,0.0
970.0,190.0,236.11452,0.0
980.0,190.0,233.48508,0.0
990.0,190.0,231.96579,0.0
1000.0,190.0,231.5588,0.0
1010.0,190.0,232.26624,0.0
1020.0,190.0,234.0899,0.0
1030.0,190.0,237.03145,0.0
1040.0,190.0,241.09369,0.0
1050.0,190.0,246.27823,0.0
1060.0,190.0,252.58717,0.0
1070.0,190.0,260.02264,0.0
1080.0,190.0,268.5876,0.0
1090.0,190.0,278.28217,0.0
1100.0,190.0,289.1095,0.0
1110.0,190.0,301.07336,0.0
1120.0,190.0,314.1745,0.0
1130.0,190.0,328.4159,0.0
1140.0,190.0,343.7995,0.0
1150.0,190.0,360.32745,0.0
1160.0,190.0,378.00146,0.0
1170.0,190.0,396.8255,0.0
1180.0,190.0,416.8004,0.0
1190.0,190.0,437.9289,0.0
1200.0,190.0,460.2133,0.0
1210.0,190.0,483.6565,0.0
1220.0,190.0,508.2614,0.0
1230.0,190.0,534.0285,0.0
1240.0,190.0,560.9612,0.0
1250.0,190.0,589.0628,0.0
1260.0,190.0,618.3345,0.0
1270.0,190.0,648.7791,0.0
1280.0,190.0,680.39923,0.0
1290.0,190.0,713.19714,0.0
1300.0,190.0,747.1755,0.0
1310.0,190.0,782.3364,0.0
1320.0,190.0,818.68274,0.0
1330.0,190.0,856.21606,0.0
1340.0,190.0,894.93994,0.0
1350.0,190.0,934.8568,0.0
1360.0,190.0,975.96936,0.0
1370.0,190.0,1018.2787,0.0
1380.0,190.0,1061.788,0.0
1390.0,190.0,1106.4995,0.0
1400.0,190.0,1152.4149,0.0
1410.0,190.0,1199.5396,0.0
1420.0,190.0,1247.8727,0.0
1430.0,190.0,1297.4188,0.0
1440.0,190.0,1348.1797,0.0
1450.0,190.0,1400.1584,0.0
1460.0,190.0,1453.3563,0.0
1470.0,190.0,1507.7756,0.0
1480.0,190.0,1563.4199,0.0
1490.0,190.0,1620.2913,0.0
1500.0,190.0,1678.39,0.0
1510.0,190.0,1737.7222,0.0
1520.0,190.0,1798.2875,0.0
1530.0,190.0,1860.0901,0.0
1540.0,190.0,1923.1302,0.0
1550.0,190.0,1987.4119,0.0
1560.0,190.0,2052.936,0.0
1570.0,190.0,2119.706,0.0
1580.0,190.0,2187.725,0.0
1590.0,190.0,2256.9915,0.0
1600.0,190.0,2327.5134,0.0
1610.0,190.0,2399.288,0.0
1620.0,190.0,2472.3188,0.0
1630.0,190.0,2546.609,0.0
1640.0,190.0,2622.1582,0.0
1650.0,190.0,2698.9731,0.0
1660.0,190.0,2777.0505,0.0
1670.0,190.0,2856.3975,0.0
1680.0,190.0,2937.0112,0.0
1690.0,190.0,3018.9,0.0
1700.0,190.0,3102.056,0.0
1710.0,190.0,3186.4922,0.0
1720.0,190.0,3272.202,0.0
1730.0,190.0,3359.1929,0.0
1740.0,190.0,3447.4622,0.0
1750.0,190.0,3537.0156,0.0
1760.0,190.0,3627.852,0.0
1770.0,190.0,3719.9746,0.0
1780.0,190.0,3813.3853,0.0
1790.0,190.0,3908.0845,0.0
1800.0,190.0,4004.074,0.0
-200.0,200.0,7762.9575,0.0
-190.0,200.0,7634.218,0.0
-180.0,200.0,7506.7734,0.0
-170.0,200.0,7380.6084,0.0
-160.0,200.0,7255.717,0.0
-150.0,200.0,7132.093,0.0
-140.0,200.0,7009.7266,0.0
-130.0,200.0,6888.6094,0.0
-120.0,200.0,6768.733,0.0
-110.0,200.0,6650.09,0.0
-100.0,200.0,6532.6753,0.0
-90.0,200.0,6416.4805,0.0
-80.0,200.0,6301.4956,0.0
-70.0,200.0,6187.7183,0.0
-60.0,200.0,6075.1387,0.0
-50.0,200.0,5963.752,0.0
-40.0,200.0,5853.549,0.0
-30.0,200.0,5744.5264,0.0
-20.0,200.0,5636.677,0.0
-10.0,200.0,5529.995,0.0
0.0,200.0,5424.4746,0.0
10.0,200.0,5320.1084,0.0
20.0,200.0,5216.8936,0.0
30.0,200.0,5114.8247,0.0
40.0,200.0,5013.895,0.0
50.0,200.0,4914.097,0.0
60.0,200.0,4815.4307,0.0
70.0,200.0,4717.8896,0.0
80.0,200.0,4621.4688,0.0
90.0,200.0,4526.162,0.0
100.0,200.0,4431.9688,0.0
110.0,200.0,4338.881,0.0
120.0,200.0,4246.8955,0.0
130.0,200.0,4156.01,0.0
140.0,200.0,4066.2158,0.0
150.0,200.0,3977.5156,0.0
160.0,200.0,3889.9028,0.0
170.0,200.0,3803.3733,0.0
180.0,200.0,3717.9233,0.0
190.0,200.0,3633.5518,0.0
200.0,200.0,3550.253,0.0
210.0,200.0,3468.0254,0.0
220.0,200.0,3386.8662,0.0
230.0,200.0,3306.7695,0.0
240.0,200.0,3227.7363,0.0
250.0,200.0,3149.7622,0.0
260.0,200.0,3072.8455,0.0
270.0,200.0,2996.9834,0.0
280.0,200.0,2922.172,0.0
290.0,200.0,2848.411,0.0
300.0,200.0,2775.6982,0.0
310.0,200.0,2704.0305,0.0
320.0,200.0,2633.4058,0.0
330.0,200.0,2563.8223,0.0
340.0,200.0,2495.2793,0.0
350.0,200.0,2427.774,0.0
360.0,200.0,2361.3052,0.0
370.0,200.0,2295.8718,0.0
380.0,200.0,2231.4712,0.0
390.0,200.0,2168.1033,0.0
400.0,200.0,2105.7651,0.0
410.0,200.0,2044.4569,0.0
420.0,200.0,1984.1777,0.0
430.0,200.0,1924.9253,0.0
440.0,200.0,1866.6995,0.0
450.0,200.0,1809.4994,0.0
460.0,200.0,1753.324,0.0
470.0,200.0,1698.1719,0.0
480.0,200.0,1644.044,0.0
490.0,200.0,1590.9384,0.0
500.0,200.0,1538.8547,0.0
510.0,200.0,1487.7928,0.0
520.0,200.0,1437.7527,0.0
530.0,200.0,1388.7332,0.0
540.0,200.0,1340.7339,0.0
550.0,200.0,1293.7565,0.0
560.0,200.0,1247.7983,0.0
570.0,200.0,1202.8616,0.0
580.0,200.0,1158.9445,0.0
590.0,200.0,1116.0483,0.0
600.0,200.0,1074.1725,0.0
610.0,200.0,1033.3174,0.0
620.0,200.0,993.4839,0.0
630.0,200.0,954.6709,0.0
640.0,200.0,916.87976,0.0
650.0,200.0,880.1106,0.0
660.0,200.0,844.36383,0.0
670.0,200.0,809.63965,0.0
680.0,200.0,775.9389,0.0
690.0,200.0,743.26294,0.0
700.0,200.0,711.61163,0.0
710.0,200.0,680.98584,0.0
720.0,200.0,651.38666,0.0
730.0,200.0,622.8143,0.0
740.0,200.0,595.2698,0.0
750.0,200.0,568.75446,0.0
760.0,200.0,543.2689,0.0
770.0,200.0,518.81396,0.0
780.0,200.0,495.39117,0.0
790.0,200.0,473.0014,0.0
800.0,200.0,451.64526,0.0
810.0,200.0,431.32477,0.0
820.0,200.0,412.04034,0.0
830.0,200.0,393.794,0.0
840.0,200.0,376.58667,0.0
850.0,200.0,360.41962,0.0
860.0,200.0,345.29376,0.0
870.0,200.0,331.21136,0.0
880.0,200.0,318.1731,0.0
890.0,200.0,306.18115,0.0
900.0,200.0,295.236,0.0
910.0,200.0,285.3403,0.0
920.0,200.0,276.495,0.0
930.0,200.0,268.70215,0.0
940.0,200.0,261.96222,0.0
950.0,200.0,256.27777,0.0
960.0,200.0,251.6506,0.0
970.0,200.0,248.08202,0.0
980.0,200.0,245.57365,0.0
990.0,200.0,244.1278,0.0
1000.0,200.0,243.74629,0.0
1010.0,200.0,244.43008,0.0
1020.0,200.0,246.18169,0.0
1030.0,200.0,249.00261,0.0
1040.0,200.0,252.89496,0.0
1050.0,200.0,257.86087,0.0
1060.0,200.0,263.90182,0.0
1070.0,200.0,271.0196,0.0
1080.0,200.0,279.2171,0.0
1090.0,200.0,288.49542,0.0
1100.0,200.0,298.85577,0.0
1110.0,200.0,310.3013,0.0
1120.0,200.0,322.8352,0.0
1130.0,200.0,336.45782,0.0
1140.0,200.0,351.17175,0.0
1150.0,200.0,366.9794,0.0
1160.0,200.0,383.8822,0.0
1170.0,200.0,401.8827,0.0
1180.0,200.0,420.98346,0.0
1190.0,200.0,441.18524,0.0
1200.0,200.0,462.49146,0.0
1210.0,200.0,484.90314,0.0
1220.0,200.0,508.42392,0.0
1230.0,200.0,533.05505,0.0
1240.0,200.0,558.7997,0.0
1250.0,200.0,585.65796,0.0
1260.0,200.0,613.63403,0.0
1270.0,200.0,642.72925,0.0
1280.0,200.0,672.94574,0.0
1290.0,200.0,704.2861,0.0
1300.0,200.0,736.75256,0.0
1310.0,200.0,770.3475,0.0
1320.0,200.0,805.0726,0.0
1330.0,200.0,840.9298,0.0
1340.0,200.0,877.9228,0.0
1350.0,200.0,916.052,0.0
1360.0,200.0,955.3222,0.0
1370.0,200.0,995.73303,0.0
1380.0,200.0,1037.2876,0.0
1390.0,200.0,1079.989,0.0
1400.0,200.0,1123.8381,0.0
1410.0,200.0,1168.838,0.0
1420.0,200.0,1214.99,0.0
1430.0,200.0,1262.2976,0.0
1440.0,200.0,1310.7615,0.0
1450.0,200.0,1360.3859,0.0
1460.0,200.0,1411.1721,0.0
1470.0,200.0,1463.1218,0.0
1480.0,200.0,1516.2372,0.0
1490.0,200.0,1570.5203,0.0
1500.0,200.0,1625.9746,0.0
1510.0,200.0,1682.6008,0.0
1520.0,200.0,1740.4016,0.0
1530.0,200.0,1799.3798,0.0
1540.0,200.0,1859.5374,0.0
1550.0,200.0,1920.875,0.0
1560.0,200.0,1983.3945,0.0
1570.0,200.0,2047.1008,0.0
1580.0,200.0,2111.9937,0.0
1590.0,200.0,2178.0764,0.0
1600.0,200.0,2245.3506,0.0
1610.0,200.0,2313.8184,0.0
1620.0,200.0,2383.479,0.0
1630.0,200.0,2454.3374,0.0
1640.0,200.0,2526.397,0.0
1650.0,200.0,2599.6543,0.0
1660.0,200.0,2674.1177,0.0
1670.0,200.0,2749.7832,0.0
1680.0,200.0,2826.6555,0.0
1690.0,200.0,2904.7383,0.0
1700.0,200.0,2984.0298,0.0
1710.0,200.0,3064.5347,0.0
1720.0,200.0,3146.252,0.0
1730.0,200.0,3229.1838,0.0
1740.0,200.0,3313.3342,0.0
1750.0,200.0,3398.7031,0.0
1760.0,200.0,3485.2915,0.0
1770.0,200.0,3573.105,0.0
1780.0,200.0,3662.1372,0.0
1790.0,200.0,3752.3994,0.0
1800.0,200.0,3843.8872,0.0
-200.0,210.0,7447.8115,0.0
-190.0,210.0,7325.2236,0.0
-180.0,210.0,7203.843,0.0
-170.0,210.0,7083.659,0.0
-160.0,210.0,6964.665,0.0
-150.0,210.0,6846.855,0.0
-140.0,210.0,6730.2217,0.0
-130.0,210.0,6614.756,0.0
-120.0,210.0,6500.4556,0.0
-110.0,210.0,6387.3105,0.0
-100.0,210.0,6275.3164,0.0
-90.0,210.0,6164.467,0.0
-80.0,210.0,6054.757,0.0
-70.0,210.0,5946.1772,0.0
-60.0,210.0,5838.725,0.0
-50.0,210.0,5732.3945,0.0
-40.0,210.0,5627.1763,0.0
-30.0,210.0,5523.0728,0.0
-20.0,210.0,5420.073,0.0
-10.0,210.0,5318.173,0.0
0.0,210.0,5217.368,0.0
10.0,210.0,5117.6543,0.0
20.0,210.0,5019.0273,0.0
30.0,210.0,4921.48,0.0
40.0,210.0,4825.0103,0.0
50.0,210.0,4729.6113,0.0
60.0,210.0,4635.282,0.0
70.0,210.0,4542.0166,0.0
80.0,210.0,4449.813,0.0
90.0,210.0,4358.665,0.0
100.0,210.0,4268.5693,0.0
110.0,210.0,4179.5244,0.0
120.0,210.0,4091.5237,0.0
130.0,210.0,4004.5657,0.0
140.0,210.0,3918.6455,0.0
150.0,210.0,3833.7634,0.0
160.0,210.0,3749.9136,0.0
170.0,210.0,3667.0923,0.0
180.0,210.0,3585.2979,0.0
190.0,210.0,3504.5295,0.0
200.0,210.0,3424.7808,0.0
210.0,210.0,3346.052,0.0
220.0,210.0,3268.337,0.0
230.0,210.0,3191.6384,0.0
240.0,210.0,3115.9507,0.0
250.0,210.0,3041.2722,0.0
260.0,210.0,2967.6006,0.0
270.0,210.0,2894.9346,0.0
280.0,210.0,2823.271,0.0
290.0,210.0,2752.6099,0.0
300.0,210.0,2682.9475,0.0
310.0,210.0,2614.2832,0.0
320.0,210.0,2546.6138,0.0
330.0,210.0,2479.94,0.0
340.0,210.0,2414.2583,0.0
350.0,210.0,2349.5693,0.0
360.0,210.0,2285.87,0.0
370.0,210.0,2223.1602,0.0
380.0,210.0,2161.438,0.0
390.0,210.0,2100.7031,0.0
400.0,210.0,2040.9525,0.0
410.0,210.0,1982.1882,0.0
420.0,210.0,1924.407,0.0
430.0,210.0,1867.6089,0.0
440.0,210.0,1811.7925,0.0
450.0,210.0,1756.9581,0.0
460.0,210.0,1703.1046,0.0
470.0,210.0,1650.2317,0.0
480.0,210.0,1598.3387,0.0
490.0,210.0,1547.4248,0.0
500.0,210.0,1497.4902,0.0
510.0,210.0,1448.5344,0.0
520.0,210.0,1400.5568,0.0
530.0,210.0,1353.5577,0.0
540.0,210.0,1307.5365,0.0
550.0,210.0,1262.4937,0.0
560.0,210.0,1218.4292,0.0
570.0,210.0,1175.3428,0.0
580.0,210.0,1133.2339,0.0
590.0,210.0,1092.1038,0.0
600.0,210.0,1051.9521,0.0
610.0,210.0,1012.77954,0.0
620.0,210.0,974.5851,0.0
630.0,210.0,937.37024,0.0
640.0,210.0,901.1351,0.0
650.0,210.0,865.87976,0.0
660.0,210.0,831.60583,0.0
670.0,210.0,798.3123,0.0
680.0,210.0,766.0006,0.0
690.0,210.0,734.67145,0.0
700.0,210.0,704.32544,0.0
710.0,210.0,674.9629,0.0
720.0,210.0,646.5854,0.0
730.0,210.0,619.1925,0.0
740.0,210.0,592.7857,0.0
750.0,210.0,567.36633,0.0
760.0,210.0,542.9346,0.0
770.0,210.0,519.49194,0.0
780.0,210.0,497.03873,0.0
790.0,210.0,475.57648,0.0
800.0,210.0,455.10614,0.0
810.0,210.0,435.62897,0.0
820.0,210.0,417.14618,0.0
830.0,210.0,399.65833,0.0
840.0,210.0,383.167,0.0
850.0,210.0,367.6738,0.0
860.0,210.0,353.17932,0.0
870.0,210.0,339.68512,0.0
880.0,210.0,327.19226,0.0
890.0,210.0,315.7033,0.0
900.0,210.0,305.21802,0.0
910.0,210.0,295.73877,0.0
920.0,210.0,287.2668,0.0
930.0,210.0,279.80362,0.0
940.0,210.0,273.35052,0.0
950.0,210.0,267.90906,0.0
960.0,210.0,263.4809,0.0
970.0,210.0,260.06763,0.0
980.0,210.0,257.67102,0.0
990.0,210.0,256.29236,0.0
1000.0,210.0,255.93326,0.0
1010.0,210.0,256.5961,0.0
1020.0,210.0,258.2815,0.0
1030.0,210.0,260.99158,0.0
1040.0,210.0,264.72852,0.0
1050.0,210.0,269.4935,0.0
1060.0,210.0,275.28876,0.0
1070.0,210.0,282.11575,0.0
1080.0,210.0,289.97614,0.0
1090.0,210.0,298.87253,0.0
1100.0,210.0,308.80487,0.0
1110.0,210.0,319.77585,0.0
1120.0,210.0,331.7893,0.0
1130.0,210.0,344.8452,0.0
1140.0,210.0,358.94617,0.0
1150.0,210.0,374.0938,0.0
1160.0,210.0,390.28986,0.0
1170.0,210.0,407.53644,0.0
1180.0,210.0,425.83594,0.0
1190.0,210.0,445.18933,0.0
1200.0,210.0,465.59927,0.0
1210.0,210.0,487.06754,0.0
1220.0,210.0,509.59558,0.0
1230.0,210.0,533.18665,0.0
1240.0,210.0,557.8423,0.0
1250.0,210.0,583.5636,0.0
1260.0,210.0,610.354,0.0
1270.0,210.0,638.214,0.0
1280.0,210.0,667.1467,0.0
1290.0,210.0,697.15344,0.0
1300.0,210.0,728.23694,0.0
1310.0,210.0,760.3988,0.0
1320.0,210.0,793.64136,0.0
1330.0,210.0,827.96643,0.0
1340.0,210.0,863.3757,0.0
1350.0,210.0,899.8716,0.0
1360.0,210.0,937.45734,0.0
1370.0,210.0,976.13214,0.0
1380.0,210.0,1015.8999,0.0
1390.0,210.0,1056.7634,0.0
1400.0,210.0,1098.724,0.0
1410.0,210.0,1141.7822,0.0
1420.0,210.0,1185.9409,0.0
1430.0,210.0,1231.2034,0.0
1440.0,210.0,1277.5703,0.0
1450.0,210.0,1325.0437,0.0
1460.0,210.0,1373.6267,0.0
1470.0,210.0,1423.3207,0.0
1480.0,210.0,1474.1274,0.0
1490.0,210.0,1526.049,0.0
1500.0,210.0,1579.0872,0.0
1510.0,210.0,1633.2437,0.0
1520.0,210.0,1688.5217,0.0
1530.0,210.0,1744.9231,0.0
1540.0,210.0,1802.4475,0.0
1550.0,210.0,1861.0986,0.0
1560.0,210.0,1920.8801,0.0
1570.0,210.0,1981.7896,0.0
1580.0,210.0,2043.8315,0.0
1590.0,210.0,2107.0073,0.0
1600.0,210.0,2171.3213,0.0
1610.0,210.0,2236.772,0.0
1620.0,210.0,2303.3613,0.0
1630.0,210.0,2371.0913,0.0
1640.0,210.0,2439.9668,0.0
1650.0,210.0,2509.9844,0.0
1660.0,210.0,2581.149,0.0
1670.0,210.0,2653.4634,0.0
1680.0,210.0,2726.9258,0.0
1690.0,210.0,2801.5432,0.0
1700.0,210.0,2877.3108,0.0
1710.0,210.0,2954.2354,0.0
1720.0,210.0,3032.3127,0.0
1730.0,210.0,3111.5498,0.0
1740.0,210.0,3191.948,0.0
1750.0,210.0,3273.507,0.0
1760.0,210.0,3356.2258,0.0
1770.0,210.0,3440.1135,0.0
1780.0,210.0,3525.1614,0.0
1790.0,210.0,3611.38,0.0
1800.0,210.0,3698.764,0.0
-200.0,220.0,7161.51,0.0
-190.0,220.0,7044.4526,0.0
-180.0,220.0,6928.5264,0.0
-170.0,220.0,6813.7256,0.0
-160.0,220.0,6700.042,0.0
-150.0,220.0,6587.4707,0.0
-140.0,220.0,6476.005,0.0
-130.0,220.0,6365.6387,0.0
-120.0,220.0,6256.37,0.0
-110.0,220.0,6148.1904,0.0
-100.0,220.0,6041.094,0.0
-90.0,220.0,5935.078,0.0
-80.0,220.0,5830.135,0.0
-70.0,220.0,5726.26,0.0
-60.0,220.0,5623.4497,0.0
-50.0,220.0,5521.6973,0.0
-40.0,220.0,5421.0,0.0
-30.0,220.0,5321.3535,0.0
-20.0,220.0,5222.752,0.0
-10.0,220.0,5125.1924,0.0
0.0,220.0,5028.67,0.0
10.0,220.0,4933.1807,0.0
20.0,220.0,4838.7207,0.0
30.0,220.0,4745.284,0.0
40.0,220.0,4652.871,0.0
50.0,220.0,4561.4746,0.0
60.0,220.0,4471.0923,0.0
70.0,220.0,4381.722,0.0
80.0,220.0,4293.3574,0.0
90.0,220.0,4205.999,0.0
100.0,220.0,4119.6406,0.0
110.0,220.0,4034.281,0.0
120.0,220.0,3949.9158,0.0
130.0,220.0,3866.542,0.0
140.0,220.0,3784.1582,0.0
150.0,220.0,3702.7615,0.0
160.0,220.0,3622.3477,0.0
170.0,220.0,3542.917,0.0
180.0,220.0,3464.463,0.0
190.0,220.0,3386.988,0.0
200.0,220.0,3310.4854,0.0
210.0,220.0,3234.957,0.0
220.0,220.0,3160.3984,0.0
230.0,220.0,3086.8079,0.0
240.0,220.0,3014.183,0.0
250.0,220.0,2942.5225,0.0
260.0,220.0,2871.8247,0.0
270.0,220.0,2802.0867,0.0
280.0,220.0,2733.308,0.0
290.0,220.0,2665.4878,0.0
300.0,220.0,2598.623,0.0
310.0,220.0,2532.713,0.0
320.0,220.0,2467.7556,0.0
330.0,220.0,2403.751,0.0
340.0,220.0,2340.6953,0.0
350.0,220.0,2278.5908,0.0
360.0,220.0,2217.4346,0.0
370.0,220.0,2157.2256,0.0
380.0,220.0,2097.963,0.0
390.0,220.0,2039.646,0.0
400.0,220.0,1982.2737,0.0
410.0,220.0,1925.8455,0.0
420.0,220.0,1870.3601,0.0
430.0,220.0,1815.8176,0.0
440.0,220.0,1762.2175,0.0
450.0,220.0,1709.5579,0.0
460.0,220.0,1657.8395,0.0
470.0,220.0,1607.062,0.0
480.0,220.0,1557.2251,0.0
490.0,220.0,1508.3274,0.0
500.0,220.0,1460.3694,0.0
510.0,220.0,1413.351,0.0
520.0,220.0,1367.2717,0.0
530.0,220.0,1322.1321,0.0
540.0,220.0,1277.9307,0.0
550.0,220.0,1234.6694,0.0
560.0,220.0,1192.3467,0.0
570.0,220.0,1150.9634,0.0
580.0,220.0,1110.5195,0.0
590.0,220.0,1071.0156,0.0
600.0,220.0,1032.4512,0.0
610.0,220.0,994.82654,0.0
620.0,220.0,958.14246,0.0
630.0,220.0,922.39905,0.0
640.0,220.0,887.59705,0.0
650.0,220.0,853.73645,0.0
660.0,220.0,820.818,0.0
670.0,220.0,788.8425,0.0
680.0,220.0,757.80994,0.0
690.0,220.0,727.7213,0.0
700.0,220.0,698.57745,0.0
710.0,220.0,670.37854,0.0
720.0,220.0,643.126,0.0
730.0,220.0,616.82,0.0
740.0,220.0,591.4613,0.0
750.0,220.0,567.0509,0.0
760.0,220.0,543.5904,0.0
770.0,220.0,521.0797,0.0
780.0,220.0,499.5199,0.0
790.0,220.0,478.9123,0.0
800.0,220.0,459.25775,0.0
810.0,220.0,440.5573,0.0
820.0,220.0,422.8122,0.0
830.0,220.0,406.02325,0.0
840.0,220.0,390.1916,0.0
850.0,220.0,375.31903,0.0
860.0,220.0,361.40588,0.0
870.0,220.0,348.45312,0.0
880.0,220.0,336.46356,0.0
890.0,220.0,325.43683,0.0
900.0,220.0,315.37506,0.0
910.0,220.0,306.27948,0.0
920.0,220.0,298.1511,0.0
930.0,220.0,290.99185,0.0
940.0,220.0,284.8024,0.0
950.0,220.0,279.58463,0.0
960.0,220.0,275.33936,0.0
970.0,220.0,272.06946,0.0
980.0,220.0,269.77542,0.0
990.0,220.0,268.45825,0.0
1000.0,220.0,268.1206,0.0
1010.0,220.0,268.7633,0.0
1020.0,220.0,270.38803,0.0
1030.0,220.0,272.99652,0.0
1040.0,220.0,276.58984,0.0
1050.0,220.0,281.1707,0.0
1060.0,220.0,286.73953,0.0
1070.0,220.0,293.29858,0.0
1080.0,220.0,300.8496,0.0
1090.0,220.0,309.3936,0.0
1100.0,220.0,318.93323,0.0
1110.0,220.0,329.4685,0.0
1120.0,220.0,341.00244,0.0
1130.0,220.0,353.53732,0.0
1140.0,220.0,367.0742,0.0
1150.0,220.0,381.6151,0.0
1160.0,220.0,397.1615,0.0
1170.0,220.0,413.71515,0.0
1180.0,220.0,431.2779,0.0
1190.0,220.0,449.85147,0.0
1200.0,220.0,469.43768,0.0
1210.0,220.0,490.03876,0.0
1220.0,220.0,511.65536,0.0
1230.0,220.0,534.29047,0.0
1240.0,220.0,557.94543,0.0
1250.0,220.0,582.62305,0.0
1260.0,220.0,608.32336,0.0
1270.0,220.0,635.04944,0.0
1280.0,220.0,662.8028,0.0
1290.0,220.0,691.5855,0.0
1300.0,220.0,721.3992,0.0
1310.0,220.0,752.2453,0.0
1320.0,220.0,784.1267,0.0
1330.0,220.0,817.0444,0.0
1340.0,220.0,851.0006,0.0
1350.0,220.0,885.99664,0.0
1360.0,220.0,922.036,0.0
1370.0,220.0,959.1189,0.0
1380.0,220.0,997.2475,0.0
1390.0,220.0,1036.4241,0.0
1400.0,220.0,1076.6515,0.0
1410.0,220.0,1117.9294,0.0
1420.0,220.0,1160.2604,0.0
1430.0,220.0,1203.6475,0.0
1440.0,220.0,1248.0896,0.0
1450.0,220.0,1293.5924,0.0
1460.0,220.0,1340.1552,0.0
1470.0,220.0,1387.7803,0.0
1480.0,220.0,1436.4705,0.0
1490.0,220.0,1486.2275,0.0
1500.0,220.0,1537.0505,0.0
1510.0,220.0,1588.9454,0.0
1520.0,220.0,1641.9104,0.0
1530.0,220.0,1695.95,0.0
1540.0,220.0,1751.0632,0.0
1550.0,220.0,1807.2542,0.0
1560.0,220.0,1864.523,0.0
1570.0,220.0,1922.8739,0.0
1580.0,220.0,1982.3048,0.0
1590.0,220.0,2042.8192,0.0
1600.0,220.0,2104.4219,0.0
1610.0,220.0,2167.1104,0.0
1620.0,220.0,2230.8857,0.0
1630.0,220.0,2295.7534,0.0
1640.0,220.0,2361.713,0.0
1650.0,220.0,2428.7651,0.0
1660.0,220.0,2496.9143,0.0
1670.0,220.0,2566.1594,0.0
1680.0,220.0,2636.5015,0.0
1690.0,220.0,2707.9458,0.0
1700.0,220.0,2780.4902,0.0
1710.0,220.0,2854.1367,0.0
1720.0,220.0,2928.8877,0.0
1730.0,220.0,3004.745,0.0
1740.0,220.0,3081.7092,0.0
1750.0,220.0,3159.782,0.0
1760.0,220.0,3238.9658,0.0
1770.0,220.0,3319.2612,0.0
1780.0,220.0,3400.666,0.0
1790.0,220.0,3483.1895,0.0
1800.0,220.0,3566.8245,0.0
-200.0,230.0,6900.2007,0.0
-190.0,230.0,6788.1494,0.0
-180.0,230.0,6677.163,0.0
-170.0,230.0,6567.2383,0.0
-160.0,230.0,6458.368,0.0
-150.0,230.0,6350.548,0.0
-140.0,230.0,6243.772,0.0
-130.0,230.0,6138.034,0.0
-120.0,230.0,6033.335,0.0
-110.0,230.0,5929.665,0.0
-100.0,230.0,5827.0215,0.0
-90.0,230.0,5725.3984,0.0
-80.0,230.0,5624.7935,0.0
-70.0,230.0,5525.201,0.0
-60.0,230.0,5426.617,0.0
-50.0,230.0,5329.037,0.0
-40.0,230.0,5232.4585,0.0
-30.0,230.0,5136.877,0.0
-20.0,230.0,5042.287,0.0
-10.0,230.0,4948.6865,0.0
0.0,230.0,4856.073,0.0
10.0,230.0,4764.4414,0.0
20.0,230.0,4673.7866,0.0
30.0,230.0,4584.1094,0.0
40.0,230.0,4495.404,0.0
50.0,230.0,4407.6655,0.0
60.0,230.0,4320.8965,0.0
70.0,230.0,4235.0874,0.0
80.0,230.0,4150.2393,0.0
90.0,230.0,4066.35,0.0
100.0,230.0,3983.4153,0.0
110.0,230.0,3901.432,0.0
120.0,230.0,3820.3994,0.0
130.0,230.0,3740.3125,0.0
140.0,230.0,3661.1697,0.0
150.0,230.0,3582.9707,0.0
160.0,230.0,3505.713,0.0
170.0,230.0,3429.3906,0.0
180.0,230.0,3354.0059,0.0
190.0,230.0,3279.5552,0.0
200.0,230.0,3206.036,0.0
210.0,230.0,3133.4478,0.0
220.0,230.0,3061.7876,0.0
230.0,230.0,2991.0537,0.0
240.0,230.0,2921.246,0.0
250.0,230.0,2852.3594,0.0
260.0,230.0,2784.396,0.0
270.0,230.0,2717.3535,0.0
280.0,230.0,2651.2305,0.0
290.0,230.0,2586.025,0.0
300.0,230.0,2521.7354,0.0
310.0,230.0,2458.3618,0.0
320.0,230.0,2395.9014,0.0
330.0,230.0,2334.355,0.0
340.0,230.0,2273.7202,0.0
350.0,230.0,2213.9963,0.0
360.0,230.0,2155.183,0.0
370.0,230.0,2097.2795,0.0
380.0,230.0,2040.2845,0.0
390.0,230.0,1984.1973,0.0
400.0,230.0,1929.0168,0.0
410.0,230.0,1874.7434,0.0
420.0,230.0,1821.3765,0.0
430.0,230.0,1768.9146,0.0
440.0,230.0,1717.3582,0.0
450.0,230.0,1666.7056,0.0
460.0,230.0,1616.9585,0.0
470.0,230.0,1568.1147,0.0
480.0,230.0,1520.1747,0.0
490.0,230.0,1473.1384,0.0
500.0,230.0,1427.0048,0.0
510.0,230.0,1381.7754,0.0
520.0,230.0,1337.4485,0.0
530.0,230.0,1294.0259,0.0
540.0,230.0,1251.5056,0.0
550.0,230.0,1209.8889,0.0
560.0,230.0,1169.1754,0.0
570.0,230.0,1129.3657,0.0
580.0,230.0,1090.4596,0.0
590.0,230.0,1052.4573,0.0
600.0,230.0,1015.35864,0.0
610.0,230.0,979.1647,0.0
620.0,230.0,943.8761,0.0
630.0,230.0,909.49207,0.0
640.0,230.0,876.0141,0.0
650.0,230.0,843.442,0.0
660.0,230.0,811.7766,0.0
670.0,230.0,781.01843,0.0
680.0,230.0,751.16785,0.0
690.0,230.0,722.2258,0.0
700.0,230.0,694.19275,0.0
710.0,230.0,667.06934,0.0
720.0,230.0,640.8561,0.0
730.0,230.0,615.55426,0.0
740.0,230.0,591.1644,0.0
750.0,230.0,567.68713,0.0
760.0,230.0,545.12335,0.0
770.0,230.0,523.4735,0.0
780.0,230.0,502.73975,0.0
790.0,230.0,482.9218,0.0
800.0,230.0,464.0209,0.0
810.0,230.0,446.0384,0.0
820.0,230.0,428.97488,0.0
830.0,230.0,412.83197,0.0
840.0,230.0,397.6098,0.0
850.0,230.0,383.3103,0.0
860.0,230.0,369.93378,0.0
870.0,230.0,357.4823,0.0
880.0,230.0,345.9567,0.0
890.0,230.0,335.35785,0.0
900.0,230.0,325.6867,0.0
910.0,230.0,316.94568,0.0
920.0,230.0,309.13477,0.0
930.0,230.0,302.2559,0.0
940.0,230.0,296.3103,0.0
950.0,230.0,291.29895,0.0
960.0,230.0,287.22406,0.0
970.0,230.0,284.08572,0.0
980.0,230.0,281.8857,0.0
990.0,230.0,280.6264,0.0
1000.0,230.0,280.30786,0.0
1010.0,230.0,280.93237,0.0
1020.0,230.0,282.5008,0.0
1030.0,230.0,285.0151,0.0
1040.0,230.0,288.47662,0.0
1050.0,230.0,292.8868,0.0
1060.0,230.0,298.24686,0.0
1070.0,230.0,304.55878,0.0
1080.0,230.0,311.8239,0.0
1090.0,230.0,320.04337,0.0
1100.0,230.0,329.21954,0.0
1110.0,230.0,339.3529,0.0
1120.0,230.0,350.44464,0.0
1130.0,230.0,362.49902,0.0
1140.0,230.0,375.51556,0.0
1150.0,230.0,389.49658,0.0
1160.0,230.0,404.44394,0.0
1170.0,230.0,420.358,0.0
1180.0,230.0,437.24194,0.0
1190.0,230.0,455.09613,0.0
1200.0,230.0,473.92252,0.0
1210.0,230.0,493.7239,0.0
1220.0,230.0,514.5,0.0
1230.0,230.0,536.254,0.0
1240.0,230.0,558.98663,0.0
1250.0,230.0,582.7009,0.0
1260.0,230.0,607.3974,0.0
1270.0,230.0,633.07837,0.0
1280.0,230.0,659.74475,0.0
1290.0,230.0,687.39935,0.0
1300.0,230.0,716.0426,0.0
1310.0,230.0,745.67694,0.0
1320.0,230.0,776.30383,0.0
1330.0,230.0,807.9256,0.0
1340.0,230.0,840.5434,0.0
1350.0,230.0,874.1589,0.0
1360.0,230.0,908.7741,0.0
1370.0,230.0,944.391,0.0
1380.0,230.0,981.01025,0.0
1390.0,230.0,1018.6343,0.0
1400.0,230.0,1057.2642,0.0
1410.0,230.0,1096.9033,0.0
1420.0,230.0,1137.5516,0.0
1430.0,230.0,1179.2124,0.0
1440.0,230.0,1221.8854,0.0
1450.0,230.0,1265.5735,0.0
1460.0,230.0,1310.2781,0.0
1470.0,230.0,1356.0007,0.0
1480.0,230.0,1402.7429,0.0
1490.0,230.0,1450.5073,0.0
1500.0,230.0,1499.2947,0.0
1510.0,230.0,1549.1069,0.0
1520.0,230.0,1599.9467,0.0
1530.0,230.0,1651.8135,0.0
1540.0,230.0,1704.709,0.0
1550.0,230.0,1758.6387,0.0
1560.0,230.0,1813.5989,0.0
1570.0,230.0,1869.5951,0.0
1580.0,230.0,1926.6262,0.0
1590.0,230.0,1984.697,0.0
1600.0,230.0,2043.8058,0.0
1610.0,230.0,2103.9556,0.0
1620.0,230.0,2165.147,0.0
1630.0,230.0,2227.3833,0.0
1640.0,230.0,2290.665,0.0
1650.0,230.0,2354.993,0.0
1660.0,230.0,2420.3687,0.0
1670.0,230.0,2486.7935,0.0
1680.0,230.0,2554.2722,0.0
1690.0,230.0,2622.801,0.0
1700.0,230.0,2692.3838,0.0
1710.0,230.0,2763.023,0.0
1720.0,230.0,2834.7192,0.0
1730.0,230.0,2907.4739,0.0
1740.0,230.0,2981.2866,0.0
1750.0,230.0,3056.16,0.0
1760.0,230.0,3132.0962,0.0
1770.0,230.0,3209.0928,0.0
1780.0,230.0,3287.1575,0.0
1790.0,230.0,3366.288,0.0
1800.0,230.0,3446.484,0.0
-200.0,240.0,6660.7246,0.0
-190.0,240.0,6553.2295,0.0
-180.0,240.0,6446.741,0.0
-170.0,240.0,6341.258,0.0
-160.0,240.0,6236.776,0.0
-150.0,240.0,6133.2876,0.0
-140.0,240.0,6030.791,0.0
-130.0,240.0,5929.2773,0.0
-120.0,240.0,5828.751,0.0
-110.0,240.0,5729.2007,0.0
-100.0,240.0,5630.6255,0.0
-90.0,240.0,5533.0205,0.0
-80.0,240.0,5436.3833,0.0
-70.0,240.0,5340.707,0.0
-60.0,240.0,5245.991,0.0
-50.0,240.0,5152.2314,0.0
-40.0,240.0,5059.425,0.0
-30.0,240.0,4967.5664,0.0
-20.0,240.0,4876.6533,0.0
-10.0,240.0,4786.684,0.0
0.0,240.0,4697.655,0.0
10.0,240.0,4609.5615,0.0
20.0,240.0,4522.401,0.0
30.0,240.0,4436.171,0.0
40.0,240.0,4350.872,0.0
50.0,240.0,4266.496,0.0
60.0,240.0,4183.0425,0.0
70.0,240.0,4100.51,0.0
80.0,240.0,4018.8962,0.0
90.0,240.0,3938.1963,0.0
100.0,240.0,3858.4102,0.0
110.0,240.0,3779.535,0.0
120.0,240.0,3701.567,0.0
130.0,240.0,3624.5066,0.0
140.0,240.0,3548.3503,0.0
150.0,240.0,3473.0967,0.0
160.0,240.0,3398.744,0.0
170.0,240.0,3325.29,0.0
180.0,240.0,3252.7324,0.0
190.0,240.0,3181.0706,0.0
200.0,240.0,3110.3025,0.0
210.0,240.0,3040.4263,0.0
220.0,240.0,2971.4395,0.0
230.0,240.0,2903.343,0.0
240.0,240.0,2836.1338,0.0
250.0,240.0,2769.81,0.0
260.0,240.0,2704.3716,0.0
270.0,240.0,2639.8176,0.0
280.0,240.0,2576.1455,0.0
290.0,240.0,2513.3555,0.0
300.0,240.0,2451.4458,0.0
310.0,240.0,2390.4155,0.0
320.0,240.0,2330.264,0.0
330.0,240.0,2270.9893,0.0
340.0,240.0,2212.592,0.0
350.0,240.0,2155.0706,0.0
360.0,240.0,2098.4238,0.0
370.0,240.0,2042.6523,0.0
380.0,240.0,1987.7544,0.0
390.0,240.0,1933.7302,0.0
400.0,240.0,1880.5786,0.0
410.0,240.0,1828.2996,0.0
420.0,240.0,1776.8918,0.0
430.0,240.0,1726.3561,0.0
440.0,240.0,1676.6914,0.0
450.0,240.0,1627.8967,0.0
460.0,240.0,1579.974,0.0
470.0,240.0,1532.9204,0.0
480.0,240.0,1486.7375,0.0
490.0,240.0,1441.4246,0.0
500.0,240.0,1396.9816,0.0
510.0,240.0,1353.4092,0.0
520.0,240.0,1310.7059,0.0
530.0,240.0,1268.8735,0.0
540.0,240.0,1227.9099,0.0
550.0,240.0,1187.8175,0.0
560.0,240.0,1148.5948,0.0
570.0,240.0,1110.2427,0.0
580.0,240.0,1072.7609,0.0
590.0,240.0,1036.1501,0.0
600.0,240.0,1000.4103,0.0
610.0,240.0,965.5425,0.0
620.0,240.0,931.5462,0.0
630.0,240.0,898.42255,0.0
640.0,240.0,866.1714,0.0
650.0,240.0,834.7934,0.0
660.0,240.0,804.2895,0.0
670.0,240.0,774.65955,0.0
680.0,240.0,745.9047,0.0
690.0,240.0,718.025,0.0
700.0,240.0,691.0218,0.0
710.0,240.0,664.895,0.0
720.0,240.0,639.6458,0.0
730.0,240.0,615.2747,0.0
740.0,240.0,591.7822,0.0
750.0,240.0,569.1693,0.0
760.0,240.0,547.4372,0.0
770.0,240.0,526.58575,0.0
780.0,240.0,506.61707,0.0
790.0,240.0,487.5311,0.0
800.0,240.0,469.32892,0.0
810.0,240.0,452.01166,0.0
820.0,240.0,435.58014,0.0
830.0,240.0,420.03534,0.0
840.0,240.0,405.378,0.0
850.0,240.0,391.60986,0.0
860.0,240.0,378.73108,0.0
870.0,240.0,366.74402,0.0
880.0,240.0,355.64813,0.0
890.0,240.0,345.44543,0.0
900.0,240.0,336.13705,0.0
910.0,240.0,327.72388,0.0
920.0,240.0,320.2073,0.0
930.0,240.0,313.58875,0.0
940.0,240.0,307.86865,0.0
950.0,240.0,303.04865,0.0
960.0,240.0,299.13022,0.0
970.0,240.0,296.11432,0.0
980.0,240.0,294.0025,0.0
990.0,240.0,292.79532,0.0
1000.0,240.0,292.4945,0.0
1010.0,240.0,293.10284,0.0
1020.0,240.0,294.61908,0.0
1030.0,240.0,297.04645,0.0
1040.0,240.0,300.38574,0.0
1050.0,240.0,304.6377,0.0
1060.0,240.0,309.80472,0.0
1070.0,240.0,315.88715,0.0
1080.0,240.0,322.88806,0.0
1090.0,240.0,330.80704,0.0
1100.0,240.0,339.6471,0.0
1110.0,240.0,349.40805,0.0
1120.0,240.0,360.09128,0.0
1130.0,240.0,371.6998,0.0
1140.0,240.0,384.23526,0.0
1150.0,240.0,397.6983,0.0
1160.0,240.0,412.09076,0.0
1170.0,240.0,427.41382,0.0
1180.0,240.0,443.66907,0.0
1190.0,240.0,460.85754,0.0
1200.0,240.0,478.98206,0.0
1210.0,240.0,498.04303,0.0
1220.0,240.0,518.042,0.0
1230.0,240.0,538.98145,0.0
1240.0,240.0,560.86176,0.0
1250.0,240.0,583.6848,0.0
1260.0,240.0,607.45276,0.0
1270.0,240.0,632.16785,0.0
1280.0,240.0,657.82947,0.0
1290.0,240.0,684.44055,0.0
1300.0,240.0,712.00244,0.0
1310.0,240.0,740.51636,0.0
1320.0,240.0,769.98486,0.0
1330.0,240.0,800.4088,0.0
1340.0,240.0,831.7897,0.0
1350.0,240.0,864.12897,0.0
1360.0,240.0,897.4288,0.0
1370.0,240.0,931.6902,0.0
1380.0,240.0,966.9158,0.0
1390.0,240.0,1003.1051,0.0
1400.0,240.0,1040.2621,0.0
1410.0,240.0,1078.3867,0.0
1420.0,240.0,1117.481,0.0
1430.0,240.0,1157.547,0.0
1440.0,240.0,1198.5857,0.0
1450.0,240.0,1240.5986,0.0
1460.0,240.0,1283.588,0.0
1470.0,240.0,1327.5542,0.0
1480.0,240.0,1372.4993,0.0
1490.0,240.0,1418.4258,0.0
1500.0,240.0,1465.3329,0.0
1510.0,240.0,1513.2246,0.0
1520.0,240.0,1562.1008,0.0
1530.0,240.0,1611.9639,0.0
1540.0,240.0,1662.8147,0.0
1550.0,240.0,1714.6555,0.0
1560.0,240.0,1767.4869,0.0
1570.0,240.0,1821.3115,0.0
1580.0,240.0,1876.1295,0.0
1590.0,240.0,1931.9438,0.0
1600.0,240.0,1988.7554,0.0
1610.0,240.0,2046.5637,0.0
1620.0,240.0,2105.373,0.0
1630.0,240.0,2165.1821,0.0
1640.0,240.0,2225.9941,0.0
1650.0,240.0,2287.811,0.0
1660.0,240.0,2350.6323,0.0
1670.0,240.0,2414.4585,0.0
1680.0,240.0,2479.2954,0.0
1690.0,240.0,2545.1406,0.0
1700.0,240.0,2611.9946,0.0
1710.0,240.0,2679.8613,0.0
1720.0,240.0,2748.7407,0.0
1730.0,240.0,2818.6357,0.0
1740.0,240.0,2889.545,0.0
1750.0,240.0,2961.4702,0.0
1760.0,240.0,3034.4138,0.0
1770.0,240.0,3108.378,0.0
1780.0,240.0,3183.3616,0.0
1790.0,240.0,3259.3657,0.0
1800.0,240.0,3336.3926,0.0
-200.0,250.0,6440.448,0.0
-190.0,250.0,6337.121,0.0
-180.0,250.0,6234.753,0.0
-170.0,250.0,6133.339,0.0
-160.0,250.0,6032.8745,0.0
-150.0,250.0,5933.357,0.0
-140.0,250.0,5834.7827,0.0
-130.0,250.0,5737.145,0.0
-120.0,250.0,5640.4453,0.0
-110.0,250.0,5544.677,0.0
-100.0,250.0,5449.835,0.0
-90.0,250.0,5355.9204,0.0
-80.0,250.0,5262.927,0.0
-70.0,250.0,5170.8525,0.0
-60.0,250.0,5079.6934,0.0
-50.0,250.0,4989.4463,0.0
-40.0,250.0,4900.108,0.0
-30.0,250.0,4811.6753,0.0
-20.0,250.0,4724.1494,0.0
-10.0,250.0,4637.5215,0.0
0.0,250.0,4551.794,0.0
10.0,250.0,4466.9614,0.0
20.0,250.0,4383.0215,0.0
30.0,250.0,4299.9717,0.0
40.0,250.0,4217.8105,0.0
50.0,250.0,4136.534,0.0
60.0,250.0,4056.143,0.0
70.0,250.0,3976.6333,0.0
80.0,250.0,3898.003,0.0
90.0,250.0,3820.2495,0.0
100.0,250.0,3743.3706,0.0
110.0,250.0,3667.3655,0.0
120.0,250.0,3592.231,0.0
130.0,250.0,3517.9673,0.0
140.0,250.0,3444.5708,0.0
150.0,250.0,3372.0405,0.0
160.0,250.0,3300.375,0.0
170.0,250.0,3229.5718,0.0
180.0,250.0,3159.6304,0.0
190.0,250.0,3090.5488,0.0
200.0,250.0,3022.3257,0.0
210.0,250.0,2954.9597,0.0
220.0,250.0,2888.4507,0.0
230.0,250.0,2822.794,0.0
240.0,250.0,2757.9922,0.0
250.0,250.0,2694.0415,0.0
260.0,250.0,2630.943,0.0
270.0,250.0,2568.6943,0.0
280.0,250.0,2507.2952,0.0
290.0,250.0,2446.7432,0.0
300.0,250.0,2387.04,0.0
310.0,250.0,2328.1826,0.0
320.0,250.0,2270.1702,0.0
330.0,250.0,2213.0034,0.0
340.0,250.0,2156.6804,0.0
350.0,250.0,2101.2017,0.0
360.0,250.0,2046.5657,0.0
370.0,250.0,1992.7725,0.0
380.0,250.0,1939.821,0.0
390.0,250.0,1887.7104,0.0
400.0,250.0,1836.4417,0.0
410.0,250.0,1786.0134,0.0
420.0,250.0,1736.425,0.0
430.0,250.0,1687.6771,0.0
440.0,250.0,1639.7688,0.0
450.0,250.0,1592.7,0.0
460.0,250.0,1546.4705,0.0
470.0,250.0,1501.0804,0.0
480.0,250.0,1456.5297,0.0
490.0,250.0,1412.8173,0.0
500.0,250.0,1369.9442,0.0
510.0,250.0,1327.9106,0.0
520.0,250.0,1286.7157,0.0
530.0,250.0,1246.3601,0.0
540.0,250.0,1206.844,0.0
550.0,250.0,1168.1665,0.0
560.0,250.0,1130.3289,0.0
570.0,250.0,1093.3309,0.0
580.0,250.0,1057.173,0.0
590.0,250.0,1021.8556,0.0
600.0,250.0,987.3784,0.0
610.0,250.0,953.7428,0.0
620.0,250.0,920.94836,0.0
630.0,250.0,888.99536,0.0
640.0,250.0,857.8846,0.0
650.0,250.0,827.6168,0.0
660.0,250.0,798.19183,0.0
670.0,250.0,769.6113,0.0
680.0,250.0,741.8744,0.0
690.0,250.0,714.98267,0.0
700.0,250.0,688.936,0.0
710.0,250.0,663.7356,0.0
720.0,250.0,639.3821,0.0
730.0,250.0,615.8762,0.0
740.0,250.0,593.218,0.0
750.0,250.0,571.4088,0.0
760.0,250.0,550.4492,0.0
770.0,250.0,530.34033,0.0
780.0,250.0,511.0824,0.0
790.0,250.0,492.6765,0.0
800.0,250.0,475.12372,0.0
810.0,250.0,458.4249,0.0
820.0,250.0,442.5805,0.0
830.0,250.0,427.5917,0.0
840.0,250.0,413.4596,0.0
850.0,250.0,400.18518,0.0
860.0,250.0,387.76913,0.0
870.0,250.0,376.21277,0.0
880.0,250.0,365.51697,0.0
890.0,250.0,355.68246,0.0
900.0,250.0,346.7108,0.0
910.0,250.0,338.60254,0.0
920.0,250.0,331.35922,0.0
930.0,250.0,324.98175,0.0
940.0,250.0,319.4715,0.0
950.0,250.0,314.8296,0.0
960.0,250.0,311.05652,0.0
970.0,250.0,308.15454,0.0
980.0,250.0,306.12372,0.0
990.0,250.0,304.96597,0.0
1000.0,250.0,304.68213,0.0
1010.0,250.0,305.27386,0.0
1020.0,250.0,306.7426,0.0
1030.0,250.0,309.08896,0.0
1040.0,250.0,312.31403,0.0
1050.0,250.0,316.41962,0.0
1060.0,250.0,321.40662,0.0
1070.0,250.0,327.27734,0.0
1080.0,250.0,334.0324,0.0
1090.0,250.0,341.67276,0.0
1100.0,250.0,350.19992,0.0
1110.0,250.0,359.61578,0.0
1120.0,250.0,369.92007,0.0
1130.0,250.0,381.1149,0.0
1140.0,250.0,393.20337,0.0
1150.0,250.0,406.18622,0.0
1160.0,250.0,420.06326,0.0
1170.0,250.0,434.838,0.0
1180.0,250.0,450.50995,0.0
1190.0,250.0,467.0818,0.0
1200.0,250.0,484.55402,0.0
1210.0,250.0,502.92914,0.0
1220.0,250.0,522.2069,0.0
1230.0,250.0,542.39014,0.0
1240.0,250.0,563.4802,0.0
1250.0,250.0,585.47766,0.0
1260.0,250.0,608.3845,0.0
1270.0,250.0,632.2024,0.0
1280.0,250.0,656.93286,0.0
1290.0,250.0,682.5773,0.0
1300.0,250.0,709.1362,0.0
1310.0,250.0,736.61206,0.0
1320.0,250.0,765.00586,0.0
1330.0,250.0,794.31934,0.0
1340.0,250.0,824.5539,0.0
1350.0,250.0,855.711,0.0
1360.0,250.0,887.7919,0.0
1370.0,250.0,920.7977,0.0
1380.0,250.0,954.73126,0.0
1390.0,250.0,989.5928,0.0
1400.0,250.0,1025.3843,0.0
1410.0,250.0,1062.1063,0.0
1420.0,250.0,1099.7611,0.0
1430.0,250.0,1138.3503,0.0
1440.0,250.0,1177.8746,0.0
1450.0,250.0,1218.3367,0.0
1460.0,250.0,1259.7375,0.0
1470.0,250.0,1302.0774,0.0
1480.0,250.0,1345.3585,0.0
1490.0,250.0,1389.582,0.0
1500.0,250.0,1434.7498,0.0
1510.0,250.0,1480.8633,0.0
1520.0,250.0,1527.9226,0.0
1530.0,250.0,1575.9312,0.0
1540.0,250.0,1624.8895,0.0
1550.0,250.0,1674.7974,0.0
1560.0,250.0,1725.6597,0.0
1570.0,250.0,1777.4755,0.0
1580.0,250.0,1830.2456,0.0
1590.0,250.0,1883.9729,0.0
1600.0,250.0,1938.6575,0.0
1610.0,250.0,1994.3015,0.0
1620.0,250.0,2050.906,0.0
1630.0,250.0,2108.4712,0.0
1640.0,250.0,2166.9993,0.0
1650.0,250.0,2226.4932,0.0
1660.0,250.0,2286.95,0.0
1670.0,250.0,2348.3765,0.0
1680.0,250.0,2410.7695,0.0
1690.0,250.0,2474.1318,0.0
1700.0,250.0,2538.4639,0.0
1710.0,250.0,2603.767,0.0
1720.0,250.0,2670.0437,0.0
1730.0,250.0,2737.2964,0.0
1740.0,250.0,2805.522,0.0
1750.0,250.0,2874.7236,0.0
1760.0,250.0,2944.901,0.0
1770.0,250.0,3016.06,0.0
1780.0,250.0,3088.1943,0.0
1790.0,250.0,3161.3147,0.0
1800.0,250.0,3235.4138,0.0
-200.0,260.0,6237.166,0.0
-190.0,260.0,6137.67,0.0
-180.0,260.0,6039.0894,0.0
-170.0,260.0,5941.417,0.0
-160.0,260.0,5844.653,0.0
-150.0,260.0,5748.7905,0.0
-140.0,260.0,5653.827,0.0
-130.0,260.0,5559.7593,0.0
-120.0,260.0,5466.585,0.0
-110.0,260.0,5374.302,0.0
-100.0,260.0,5282.9062,0.0
-90.0,260.0,5192.393,0.0
-80.0,260.0,5102.7627,0.0
-70.0,260.0,5014.0107,0.0
-60.0,260.0,4926.134,0.0
-50.0,260.0,4839.1294,0.0
-40.0,260.0,4752.995,0.0
-30.0,260.0,4667.7305,0.0
-20.0,260.0,4583.33,0.0
-10.0,260.0,4499.7935,0.0
0.0,260.0,4417.118,0.0
10.0,260.0,4335.299,0.0
20.0,260.0,4254.3374,0.0
30.0,260.0,4174.2314,0.0
40.0,260.0,4094.9756,0.0
50.0,260.0,4016.5693,0.0
60.0,260.0,3939.0122,0.0
70.0,260.0,3862.3022,0.0
80.0,260.0,3786.4336,0.0
90.0,260.0,3711.4104,0.0
100.0,260.0,3637.2266,0.0
110.0,260.0,3563.8833,0.0
120.0,260.0,3491.3755,0.0
130.0,260.0,3419.704,0.0
140.0,260.0,3348.8672,0.0
150.0,260.0,3278.8628,0.0
160.0,260.0,3209.69,0.0
170.0,260.0,3141.3477,0.0
180.0,260.0,3073.834,0.0
190.0,260.0,3007.148,0.0
200.0,260.0,2941.2883,0.0
210.0,260.0,2876.2534,0.0
220.0,260.0,2812.0427,0.0
230.0,260.0,2748.6548,0.0
240.0,260.0,2686.0884,0.0
250.0,260.0,2624.3433,0.0
260.0,260.0,2563.418,0.0
270.0,260.0,2503.3125,0.0
280.0,260.0,2444.025,0.0
290.0,260.0,2385.5547,0.0
300.0,260.0,2327.9028,0.0
310.0,260.0,2271.0657,0.0
320.0,260.0,2215.0435,0.0
330.0,260.0,2159.8367,0.0
340.0,260.0,2105.444,0.0
350.0,260.0,2051.865,0.0
360.0,260.0,1999.0996,0.0
370.0,260.0,1947.1472,0.0
380.0,260.0,1896.0068,0.0
390.0,260.0,1845.6782,0.0
400.0,260.0,1796.1609,0.0
410.0,260.0,1747.4556,0.0
420.0,260.0,1699.5613,0.0
430.0,260.0,1652.4774,0.0
440.0,260.0,1606.2048,0.0
450.0,260.0,1560.7422,0.0
460.0,260.0,1516.0901,0.0
470.0,260.0,1472.2488,0.0
480.0,260.0,1429.2175,0.0
490.0,260.0,1386.9966,0.0
500.0,260.0,1345.5851,0.0
510.0,260.0,1304.9849,0.0
520.0,260.0,1265.1948,0.0
530.0,260.0,1226.2156,0.0
540.0,260.0,1188.0466,0.0
550.0,260.0,1150.6885,0.0
560.0,260.0,1114.1409,0.0
570.0,260.0,1078.405,0.0
580.0,260.0,1043.4805,0.0
590.0,260.0,1009.368,0.0
600.0,260.0,976.06757,0.0
610.0,260.0,943.5797,0.0
620.0,260.0,911.9046,0.0
630.0,260.0,881.0432,0.0
640.0,260.0,850.99536,0.0
650.0,260.0,821.7612,0.0
660.0,260.0,793.3424,0.0
670.0,260.0,765.739,0.0
680.0,260.0,738.9508,0.0
690.0,260.0,712.979,0.0
700.0,260.0,687.8246,0.0
710.0,260.0,663.4878,0.0
720.0,260.0,639.9689,0.0
730.0,260.0,617.26886,0.0
740.0,260.0,595.38806,0.0
750.0,260.0,574.3278,0.0
760.0,260.0,554.0887,0.0
770.0,260.0,534.67114,0.0
780.0,260.0,516.0758,0.0
790.0,260.0,498.30383,0.0
800.0,260.0,481.3559,0.0
810.0,260.0,465.2329,0.0
820.0,260.0,449.93585,0.0
830.0,260.0,435.46564,0.0
840.0,260.0,421.8224,0.0
850.0,260.0,409.00763,0.0
860.0,260.0,397.02304,0.0
870.0,260.0,385.86783,0.0
880.0,260.0,375.5442,0.0
890.0,260.0,366.05276,0.0
900.0,260.0,357.39438,0.0
910.0,260.0,349.57065,0.0
920.0,260.0,342.5822,0.0
930.0,260.0,336.43,0.0
940.0,260.0,331.11475,0.0
950.0,260.0,326.63794,0.0
960.0,260.0,323.001,0.0
970.0,260.0,320.2047,0.0
980.0,260.0,318.24973,0.0
990.0,260.0,317.13718,0.0
1000.0,260.0,316.86926,0.0
1010.0,260.0,317.4468,0.0
1020.0,260.0,318.87,0.0
1030.0,260.0,321.14056,0.0
1040.0,260.0,324.26038,0.0
1050.0,260.0,328.22958,0.0
1060.0,260.0,333.05008,0.0
1070.0,260.0,338.72238,0.0
1080.0,260.0,345.24872,0.0
1090.0,260.0,352.62936,0.0
1100.0,260.0,360.86588,0.0
1110.0,260.0,369.95993,0.0
1120.0,260.0,379.91156,0.0
1130.0,260.0,390.72217,0.0
1140.0,260.0,402.39496,0.0
1150.0,260.0,414.9301,0.0
1160.0,260.0,428.32895,0.0
1170.0,260.0,442.59235,0.0
1180.0,260.0,457.72186,0.0
1190.0,260.0,473.71988,0.0
1200.0,260.0,490.5857,0.0
1210.0,260.0,508.322,0.0
1220.0,260.0,526.9296,0.0
1230.0,260.0,546.4097,0.0
1240.0,260.0,566.764,0.0
1250.0,260.0,587.9939,0.0
1260.0,260.0,610.10004,0.0
1270.0,260.0,633.08466,0.0
1280.0,260.0,656.9491,0.0
1290.0,260.0,681.69446,0.0
1300.0,260.0,707.322,0.0
1310.0,260.0,733.8318,0.0
1320.0,260.0,761.22754,0.0
1330.0,260.0,789.50916,0.0
1340.0,260.0,818.6785,0.0
1350.0,260.0,848.736,0.0
1360.0,260.0,879.6846,0.0
1370.0,260.0,911.52454,0.0
1380.0,260.0,944.25757,0.0
1390.0,260.0,977.8842,0.0
1400.0,260.0,1012.40717,0.0
1410.0,260.0,1047.8269,0.0
1420.0,260.0,1084.1447,0.0
1430.0,260.0,1121.3619,0.0
1440.0,260.0,1159.4807,0.0
1450.0,260.0,1198.502,0.0
1460.0,260.0,1238.427,0.0
1470.0,260.0,1279.2565,0.0
1480.0,260.0,1320.9927,0.0
1490.0,260.0,1363.637,0.0
1500.0,260.0,1407.189,0.0
1510.0,260.0,1451.6514,0.0
1520.0,260.0,1497.0254,0.0
1530.0,260.0,1543.3124,0.0
1540.0,260.0,1590.5131,0.0
1550.0,260.0,1638.6292,0.0
1560.0,260.0,1687.6626,0.0
1570.0,260.0,1737.6129,0.0
1580.0,260.0,1788.4832,0.0
1590.0,260.0,1840.2734,0.0
1600.0,260.0,1892.9856,0.0
1610.0,260.0,1946.6208,0.0
1620.0,260.0,2001.1803,0.0
1630.0,260.0,2056.6646,0.0
1640.0,260.0,2113.0747,0.0
1650.0,260.0,2170.4136,0.0
1660.0,260.0,2228.6797,0.0
1670.0,260.0,2287.8757,0.0
1680.0,260.0,2348.0054,0.0
1690.0,260.0,2409.0647,0.0
1700.0,260.0,2471.059,0.0
1710.0,260.0,2533.9873,0.0
1720.0,260.0,2597.8513,0.0
1730.0,260.0,2662.65,0.0
1740.0,260.0,2728.388,0.0
1750.0,260.0,2795.066,0.0
1760.0,260.0,2862.6807,0.0
1770.0,260.0,2931.2383,0.0
1780.0,260.0,3000.7375,0.0
1790.0,260.0,3071.179,0.0
1800.0,260.0,3142.5642,0.0
-200.0,270.0,6049.007,0.0
-190.0,270.0,5953.0493,0.0
-180.0,270.0,5857.9644,0.0
-170.0,270.0,5763.751,0.0
-160.0,270.0,5670.4023,0.0
-150.0,270.0,5577.918,0.0
-140.0,270.0,5486.293,0.0
-130.0,270.0,5395.5264,0.0
-120.0,270.0,5305.615,0.0
-110.0,270.0,5216.5557,0.0
-100.0,270.0,5128.3457,0.0
-90.0,270.0,5040.9824,0.0
-80.0,270.0,4954.468,0.0
-70.0,270.0,4868.791,0.0
-60.0,270.0,4783.9556,0.0
-50.0,270.0,4699.956,0.0
-40.0,270.0,4616.794,0.0
-30.0,270.0,4534.462,0.0
-20.0,270.0,4452.962,0.0
-10.0,270.0,4372.292,0.0
0.0,270.0,4292.4478,0.0
10.0,270.0,4213.429,0.0
20.0,270.0,4135.2314,0.0
30.0,270.0,4057.8552,0.0
40.0,270.0,3981.298,0.0
50.0,270.0,3905.5576,0.0
60.0,270.0,3830.6338,0.0
70.0,270.0,3756.5234,0.0
80.0,270.0,3683.225,0.0
90.0,270.0,3610.7378,0.0
100.0,270.0,3539.0596,0.0
110.0,270.0,3468.1895,0.0
120.0,270.0,3398.1245,0.0
130.0,270.0,3328.8657,0.0
140.0,270.0,3260.4097,0.0
150.0,270.0,3192.7544,0.0
160.0,270.0,3125.9033,0.0
170.0,270.0,3059.85,0.0
180.0,270.0,2994.5964,0.0
190.0,270.0,2930.1406,0.0
200.0,270.0,2866.481,0.0
210.0,270.0,2803.6177,0.0
220.0,270.0,2741.5479,0.0
230.0,270.0,2680.2732,0.0
240.0,270.0,2619.7903,0.0
250.0,270.0,2560.1,0.0
260.0,270.0,2501.2007,0.0
270.0,270.0,2443.0916,0.0
280.0,270.0,2385.7732,0.0
290.0,270.0,2329.2437,0.0
300.0,270.0,2273.5032,0.0
310.0,270.0,2218.5498,0.0
320.0,270.0,2164.3838,0.0
330.0,270.0,2111.0054,0.0
340.0,270.0,2058.4128,0.0
350.0,270.0,2006.6069,0.0
360.0,270.0,1955.5859,0.0
370.0,270.0,1905.3501,0.0
380.0,270.0,1855.9,0.0
390.0,270.0,1807.2336,0.0
400.0,270.0,1759.3516,0.0
410.0,270.0,1712.2542,0.0
420.0,270.0,1665.9402,0.0
430.0,270.0,1620.4105,0.0
440.0,270.0,1575.6638,0.0
450.0,270.0,1531.7009,0.0
460.0,270.0,1488.5217,0.0
470.0,270.0,1446.1257,0.0
480.0,270.0,1404.513,0.0
490.0,270.0,1363.6844,0.0
500.0,270.0,1323.639,0.0
510.0,270.0,1284.3772,0.0
520.0,270.0,1245.8987,0.0
530.0,270.0,1208.2042,0.0
540.0,270.0,1171.2935,0.0
550.0,270.0,1135.1667,0.0
560.0,270.0,1099.825,0.0
570.0,270.0,1065.2676,0.0
580.0,270.0,1031.4951,0.0
590.0,270.0,998.5076,0.0
600.0,270.0,966.3063,0.0
610.0,270.0,934.8905,0.0
620.0,270.0,904.26135,0.0
630.0,270.0,874.4192,0.0
640.0,270.0,845.3643,0.0
650.0,270.0,817.0966,0.0
660.0,270.0,789.6172,0.0
670.0,270.0,762.92615,0.0
680.0,270.0,737.0246,0.0
690.0,270.0,711.91315,0.0
700.0,270.0,687.5913,0.0
710.0,270.0,664.06104,0.0
720.0,270.0,641.32166,0.0
730.0,270.0,619.3744,0.0
740.0,270.0,598.22,0.0
750.0,270.0,577.85925,0.0
760.0,270.0,558.29254,0.0
770.0,270.0,539.5209,0.0
780.0,270.0,521.54486,0.0
790.0,270.0,504.3647,0.0
800.0,270.0,487.98175,0.0
810.0,270.0,472.39728,0.0
820.0,270.0,457.61102,0.0
830.0,270.0,443.62476,0.0
840.0,270.0,430.43826,0.0
850.0,270.0,418.05347,0.0
860.0,270.0,406.471,0.0
870.0,270.0,395.6911,0.0
880.0,270.0,385.71506,0.0
890.0,270.0,376.54413,0.0
900.0,270.0,368.17886,0.0
910.0,270.0,360.61996,0.0
920.0,270.0,353.86914,0.0
930.0,270.0,347.92706,0.0
940.0,270.0,342.79407,0.0
950.0,270.0,338.47223,0.0
960.0,270.0,334.9615,0.0
970.0,270.0,332.26373,0.0
980.0,270.0,330.37985,0.0
990.0,270.0,329.31052,0.0
1000.0,270.0,329.05676,0.0
1010.0,270.0,329.62048,0.0
1020.0,270.0,331.0016,0.0
1030.0,270.0,333.20236,0.0
1040.0,270.0,336.22284,0.0
1050.0,270.0,340.0648,0.0
1060.0,270.0,344.72906,0.0
1070.0,270.0,350.21695,0.0
1080.0,270.0,356.5298,0.0
1090.0,270.0,363.6681,0.0
1100.0,270.0,371.63376,0.0
1110.0,270.0,380.42728,0.0
1120.0,270.0,390.05014,0.0
1130.0,270.0,400.5027,0.0
1140.0,270.0,411.7863,0.0
1150.0,270.0,423.90457,0.0
1160.0,270.0,436.85693,0.0
1170.0,270.0,450.64395,0.0
1180.0,270.0,465.2682,0.0
1190.0,270.0,480.7296,0.0
1200.0,270.0,497.03018,0.0
1210.0,270.0,514.1715,0.0
1220.0,270.0,532.1537,0.0
1230.0,270.0,550.9785,0.0
1240.0,270.0,570.64764,0.0
1250.0,270.0,591.1614,0.0
1260.0,270.0,612.5217,0.0
1270.0,270.0,634.7296,0.0
1280.0,270.0,657.7866,0.0
1290.0,270.0,681.69366,0.0
1300.0,270.0,706.4524,0.0
1310.0,270.0,732.0635,0.0
1320.0,270.0,758.5283,0.0
1330.0,270.0,785.84814,0.0
1340.0,270.0,814.025,0.0
1350.0,270.0,843.05884,0.0
1360.0,270.0,872.9523,0.0
1370.0,270.0,903.70526,0.0
1380.0,270.0,935.32,0.0
1390.0,270.0,967.7969,0.0
1400.0,270.0,1001.1383,0.0
1410.0,270.0,1035.3451,0.0
1420.0,270.0,1070.4178,0.0
1430.0,270.0,1106.3584,0.0
1440.0,270.0,1143.1672,0.0
1450.0,270.0,1180.8467,0.0
1460.0,270.0,1219.3982,0.0
1470.0,270.0,1258.8215,0.0
1480.0,270.0,1299.1193,0.0
1490.0,270.0,1340.2914,0.0
1500.0,270.0,1382.3411,0.0
1510.0,270.0,1425.2666,0.0
1520.0,270.0,1469.0725,0.0
1530.0,270.0,1513.7568,0.0
1540.0,270.0,1559.3228,0.0
1550.0,270.0,1605.7714,0.0
1560.0,270.0,1653.1023,0.0
1570.0,270.0,1701.3179,0.0
1580.0,270.0,1750.42,0.0
1590.0,270.0,1800.4084,0.0
1600.0,270.0,1851.2866,0.0
1610.0,270.0,1903.0526,0.0
1620.0,270.0,1955.7086,0.0
1630.0,270.0,2009.2574,0.0
1640.0,270.0,2063.6982,0.0
1650.0,270.0,2119.0332,0.0
1660.0,270.0,2175.2625,0.0
1670.0,270.0,2232.3872,0.0
1680.0,270.0,2290.4087,0.0
1690.0,270.0,2349.3281,0.0
1700.0,270.0,2409.147,0.0
1710.0,270.0,2469.8667,0.0
1720.0,270.0,2531.4863,0.0
1730.0,270.0,2594.0088,0.0
1740.0,270.0,2657.4329,0.0
1750.0,270.0,2721.7617,0.0
1760.0,270.0,2786.9973,0.0
1770.0,270.0,2853.1367,0.0
1780.0,270.0,2920.1848,0.0
1790.0,270.0,2988.1396,0.0
1800.0,270.0,3057.0034,0.0
-200.0,280.0,5874.378,0.0
-190.0,280.0,5781.6978,0.0
-180.0,280.0,5689.8535,0.0
-170.0,280.0,5598.8438,0.0
-160.0,280.0,5508.665,0.0
-150.0,280.0,5419.3115,0.0
-140.0,280.0,5330.784,0.0
-130.0,280.0,5243.078,0.0
-120.0,280.0,5156.1973,0.0
-110.0,280.0,5070.1313,0.0
-100.0,280.0,4984.88,0.0
-90.0,280.0,4900.4443,0.0
-80.0,280.0,4816.82,0.0
-70.0,280.0,4734.003,0.0
-60.0,280.0,4651.9946,0.0
-50.0,280.0,4570.7915,0.0
-40.0,280.0,4490.3877,0.0
-30.0,280.0,4410.786,0.0
-20.0,280.0,4331.9854,0.0
-10.0,280.0,4253.982,0.0
0.0,280.0,4176.773,0.0
10.0,280.0,4100.3584,0.0
20.0,280.0,4024.7354,0.0
30.0,280.0,3949.9023,0.0
40.0,280.0,3875.8594,0.0
50.0,280.0,3802.6016,0.0
60.0,280.0,3730.1306,0.0
70.0,280.0,3658.4434,0.0
80.0,280.0,3587.5405,0.0
90.0,280.0,3517.4165,0.0
100.0,280.0,3448.0742,0.0
110.0,280.0,3379.5103,0.0
120.0,280.0,3311.7249,0.0
130.0,280.0,3244.7153,0.0
140.0,280.0,3178.4795,0.0
150.0,280.0,3113.018,0.0
160.0,280.0,3048.3315,0.0
170.0,280.0,2984.4165,0.0
180.0,280.0,2921.2717,0.0
190.0,280.0,2858.8977,0.0
200.0,280.0,2797.2932,0.0
210.0,280.0,2736.4565,0.0
220.0,280.0,2676.3875,0.0
230.0,280.0,2617.085,0.0
240.0,280.0,2558.5493,0.0
250.0,280.0,2500.7778,0.0
260.0,280.0,2443.7715,0.0
270.0,280.0,2387.5298,0.0
280.0,280.0,2332.0503,0.0
290.0,280.0,2277.3345,0.0
300.0,280.0,2223.3809,0.0
310.0,280.0,2170.1892,0.0
320.0,280.0,2117.7588,0.0
330.0,280.0,2066.0889,0.0
340.0,280.0,2015.1796,0.0
350.0,280.0,1965.031,0.0
360.0,280.0,1915.6414,0.0
370.0,280.0,1867.0122,0.0
380.0,280.0,1819.1417,0.0
390.0,280.0,1772.0305,0.0
400.0,280.0,1725.6782,0.0
410.0,280.0,1680.0845,0.0
420.0,280.0,1635.2499,0.0
430.0,280.0,1591.1736,0.0
440.0,280.0,1547.8549,0.0
450.0,280.0,1505.2961,0.0
460.0,280.0,1463.4945,0.0
470.0,280.0,1422.4512,0.0
480.0,280.0,1382.167,0.0
490.0,280.0,1342.641,0.0
500.0,280.0,1303.8728,0.0
510.0,280.0,1265.8635,0.0
520.0,280.0,1228.6128,0.0
530.0,280.0,1192.1211,0.0
540.0,280.0,1156.3881,0.0
550.0,280.0,1121.4148,0.0
560.0,280.0,1087.201,0.0
570.0,280.0,1053.7468,0.0
580.0,280.0,1021.05304,0.0
590.0,280.0,989.1191,0.0
600.0,280.0,957.9466,0.0
610.0,280.0,927.5349,0.0
620.0,280.0,897.8853,0.0
630.0,280.0,868.99695,0.0
640.0,280.0,840.871,0.0
650.0,280.0,813.5083,0.0
660.0,280.0,786.90826,0.0
670.0,280.0,761.0722,0.0
680.0,280.0,736.0001,0.0
690.0,280.0,711.69336,0.0
700.0,280.0,688.15173,0.0
710.0,280.0,665.37634,0.0
720.0,280.0,643.36694,0.0
730.0,280.0,622.12494,0.0
740.0,280.0,601.65015,0.0
750.0,280.0,581.9446,0.0
760.0,280.0,563.0078,0.0
770.0,280.0,544.8407,0.0
780.0,280.0,527.44366,0.0
790.0,280.0,510.8185,0.0
800.0,280.0,494.96426,0.0
810.0,280.0,479.88306,0.0
820.0,280.0,465.5755,0.0
830.0,280.0,452.04193,0.0
840.0,280.0,439.28314,0.0
850.0,280.0,427.30084,0.0
860.0,280.0,416.09464,0.0
870.0,280.0,405.66605,0.0
880.0,280.0,396.0158,0.0
890.0,280.0,387.1441,0.0
900.0,280.0,379.0528,0.0
910.0,280.0,371.74274,0.0
920.0,280.0,365.2141,0.0
930.0,280.0,359.46838,0.0
940.0,280.0,354.50616,0.0
950.0,280.0,350.3285,0.0
960.0,280.0,346.93655,0.0
970.0,280.0,344.33142,0.0
980.0,280.0,342.5134,0.0
990.0,280.0,341.48376,0.0
1000.0,280.0,341.24344,0.0
1010.0,280.0,341.79492,0.0
1020.0,280.0,343.1369,0.0
1030.0,280.0,345.27136,0.0
1040.0,280.0,348.19983,0.0
1050.0,280.0,351.92255,0.0
1060.0,280.0,356.44116,0.0
1070.0,280.0,361.75635,0.0
1080.0,280.0,367.8694,0.0
1090.0,280.0,374.78113,0.0
1100.0,280.0,382.49313,0.0
1110.0,280.0,391.00626,0.0
1120.0,280.0,400.32104,0.0
1130.0,280.0,410.43878,0.0
1140.0,280.0,421.36,0.0
1150.0,280.0,433.0869,0.0
1160.0,280.0,445.62192,0.0
1170.0,280.0,458.96393,0.0
1180.0,280.0,473.11542,0.0
1190.0,280.0,488.07635,0.0
1200.0,280.0,503.84872,0.0
1210.0,280.0,520.43335,0.0
1220.0,280.0,537.83105,0.0
1230.0,280.0,556.0434,0.0
1240.0,280.0,575.0719,0.0
1250.0,280.0,594.91675,0.0
1260.0,280.0,615.57983,0.0
1270.0,280.0,637.06195,0.0
1280.0,280.0,659.36523,0.0
1290.0,280.0,682.4888,0.0
1300.0,280.0,706.4355,0.0
1310.0,280.0,731.20685,0.0
1320.0,280.0,756.8025,0.0
1330.0,280.0,783.22455,0.0
1340.0,280.0,810.474,0.0
1350.0,280.0,838.5518,0.0
1360.0,280.0,867.4596,0.0
1370.0,280.0,897.19775,0.0
1380.0,280.0,927.7682,0.0
1390.0,280.0,959.17267,0.0
1400.0,280.0,991.4104,0.0
1410.0,280.0,1024.484,0.0
1420.0,280.0,1058.3947,0.0
1430.0,280.0,1093.1431,0.0
1440.0,280.0,1128.7302,0.0
1450.0,280.0,1165.1582,0.0
1460.0,280.0,1202.4265,0.0
1470.0,280.0,1240.5387,0.0
1480.0,280.0,1279.4928,0.0
1490.0,280.0,1319.2927,0.0
1500.0,280.0,1359.9381,0.0
1510.0,280.0,1401.431,0.0
1520.0,280.0,1443.772,0.0
1530.0,280.0,1486.9623,0.0
1540.0,280.0,1531.0029,0.0
1550.0,280.0,1575.8943,0.0
1560.0,280.0,1621.6392,0.0
1570.0,280.0,1668.236,0.0
1580.0,280.0,1715.6897,0.0
1590.0,280.0,1763.9976,0.0
1600.0,280.0,1813.1641,0.0
1610.0,280.0,1863.188,0.0
1620.0,280.0,1914.0706,0.0
1630.0,280.0,1965.8135,0.0
1640.0,280.0,2018.4165,0.0
1650.0,280.0,2071.8838,0.0
1660.0,280.0,2126.212,0.0
1670.0,280.0,2181.4053,0.0
1680.0,280.0,2237.4634,0.0
1690.0,280.0,2294.3894,0.0
1700.0,280.0,2352.181,0.0
1710.0,280.0,2410.8403,0.0
1720.0,280.0,2470.3684,0.0
1730.0,280.0,2530.7686,0.0
1740.0,280.0,2592.038,0.0
1750.0,280.0,2654.179,0.0
1760.0,280.0,2717.1936,0.0
1770.0,280.0,2781.082,0.0
1780.0,280.0,2845.8447,0.0
1790.0,280.0,2911.4827,0.0
1800.0,280.0,2977.9978,0.0
-200.0,290.0,5711.9053,0.0
-190.0,290.0,5622.2734,0.0
-180.0,290.0,5533.4434,0.0
-170.0,290.0,5445.411,0.0
-160.0,290.0,5358.1777,0.0
-150.0,290.0,5271.743,0.0
-140.0,290.0,5186.097,0.0
-130.0,290.0,5101.243,0.0
-120.0,290.0,5017.1807,0.0
-110.0,290.0,4933.9014,0.0
-100.0,290.0,4851.4077,0.0
-90.0,290.0,4769.6987,0.0
-80.0,290.0,4688.77,0.0
-70.0,290.0,4608.618,0.0
-60.0,290.0,4529.245,0.0
-50.0,290.0,4450.644,0.0
-40.0,290.0,4372.8184,0.0
-30.0,290.0,4295.764,0.0
-20.0,290.0,4219.4814,0.0
-10.0,290.0,4143.966,0.0
0.0,290.0,4069.2173,0.0
10.0,290.0,3995.233,0.0
20.0,290.0,3922.013,0.0
30.0,290.0,3849.5566,0.0
40.0,290.0,3777.8584,0.0
50.0,290.0,3706.921,0.0
60.0,290.0,3636.7412,0.0
70.0,290.0,3567.3179,0.0
80.0,290.0,3498.6516,0.0
90.0,290.0,3430.739,0.0
100.0,290.0,3363.58,0.0
110.0,290.0,3297.174,0.0
120.0,290.0,3231.5176,0.0
130.0,290.0,3166.6123,0.0
140.0,290.0,3102.4539,0.0
150.0,290.0,3039.0444,0.0
160.0,290.0,2976.3835,0.0
170.0,290.0,2914.4678,0.0
180.0,290.0,2853.2974,0.0
190.0,290.0,2792.8716,0.0
200.0,290.0,2733.19,0.0
210.0,290.0,2674.2515,0.0
220.0,290.0,2616.0552,0.0
230.0,290.0,2558.6006,0.0
240.0,290.0,2501.886,0.0
250.0,290.0,2445.9126,0.0
260.0,290.0,2390.6787,0.0
270.0,290.0,2336.1853,0.0
280.0,290.0,2282.4302,0.0
290.0,290.0,2229.412,0.0
300.0,290.0,2177.1335,0.0
310.0,290.0,2125.5913,0.0
320.0,290.0,2074.7864,0.0
330.0,290.0,2024.7185,0.0
340.0,290.0,1975.387,0.0
350.0,290.0,1926.7915,0.0
360.0,290.0,1878.9319,0.0
370.0,290.0,1831.8083,0.0
380.0,290.0,1785.4194,0.0
390.0,290.0,1739.7661,0.0
400.0,290.0,1694.8478,0.0
410.0,290.0,1650.6647,0.0
420.0,290.0,1607.2166,0.0
430.0,290.0,1564.5027,0.0
440.0,290.0,1522.5247,0.0
450.0,290.0,1481.2804,0.0
460.0,290.0,1440.7717,0.0
470.0,290.0,1400.9976,0.0
480.0,290.0,1361.9584,0.0
490.0,290.0,1323.6538,0.0
500.0,290.0,1286.084,0.0
510.0,290.0,1249.2494,0.0
520.0,290.0,1213.1511,0.0
530.0,290.0,1177.7874,0.0
540.0,290.0,1143.1594,0.0
550.0,290.0,1109.2677,0.0
560.0,290.0,1076.1122,0.0
570.0,290.0,1043.6934,0.0
580.0,290.0,1012.01117,0.0
590.0,290.0,981.06616,0.0
600.0,290.0,950.85834,0.0
610.0,290.0,921.3887,0.0
620.0,290.0,892.6572,0.0
630.0,290.0,864.6643,0.0
640.0,290.0,837.4103,0.0
650.0,290.0,810.8961,0.0
660.0,290.0,785.12146,0.0
670.0,290.0,760.0875,0.0
680.0,290.0,735.7942,0.0
690.0,290.0,712.2427,0.0
700.0,290.0,689.4326,0.0
710.0,290.0,667.36523,0.0
720.0,290.0,646.0407,0.0
730.0,290.0,625.4602,0.0
740.0,290.0,605.6237,0.0
750.0,290.0,586.532,0.0
760.0,290.0,568.1859,0.0
770.0,290.0,550.5862,0.0
780.0,290.0,533.7328,0.0
790.0,290.0,517.6273,0.0
800.0,290.0,502.26947,0.0
810.0,290.0,487.66125,0.0
820.0,290.0,473.80237,0.0
830.0,290.0,460.69366,0.0
840.0,290.0,448.33618,0.0
850.0,290.0,436.73068,0.0
860.0,290.0,425.87775,0.0
870.0,290.0,415.77814,0.0
880.0,290.0,406.43347,0.0
890.0,290.0,397.84326,0.0
900.0,290.0,390.00888,0.0
910.0,290.0,382.93103,0.0
920.0,290.0,376.61118,0.0
930.0,290.0,371.04968,0.0
940.0,290.0,366.24783,0.0
950.0,290.0,362.2058,0.0
960.0,290.0,358.92508,0.0
970.0,290.0,356.40652,0.0
980.0,290.0,354.65045,0.0
990.0,290.0,353.65854,0.0
1000.0,290.0,353.4314,0.0
1010.0,290.0,353.9697,0.0
1020.0,290.0,355.2752,0.0
1030.0,290.0,357.34827,0.0
1040.0,290.0,360.18964,0.0
1050.0,290.0,363.80072,0.0
1060.0,290.0,368.1828,0.0
1070.0,290.0,373.33594,0.0
1080.0,290.0,379.26196,0.0
1090.0,290.0,385.96155,0.0
1100.0,290.0,393.43567,0.0
1110.0,290.0,401.6854,0.0
1120.0,290.0,410.71173,0.0
1130.0,290.0,420.51587,0.0
1140.0,290.0,431.0973,0.0
1150.0,290.0,442.4588,0.0
1160.0,290.0,454.60217,0.0
1170.0,290.0,467.5277,0.0
1180.0,290.0,481.2358,0.0
1190.0,290.0,495.72772,0.0
1200.0,290.0,511.00482,0.0
1210.0,290.0,527.0681,0.0
1220.0,290.0,543.91895,0.0
1230.0,290.0,561.5575,0.0
1240.0,290.0,579.9857,0.0
1250.0,290.0,599.20447,0.0
1260.0,290.0,619.21454,0.0
1270.0,290.0,640.0174,0.0
1280.0,290.0,661.61365,0.0
1290.0,290.0,684.0049,0.0
1300.0,290.0,707.19147,0.0
1310.0,290.0,731.1753,0.0
1320.0,290.0,755.95825,0.0
1330.0,290.0,781.5396,0.0
1340.0,290.0,807.9215,0.0
1350.0,290.0,835.1041,0.0
1360.0,290.0,863.0895,0.0
1370.0,290.0,891.8784,0.0
1380.0,290.0,921.47156,0.0
1390.0,290.0,951.8707,0.0
1400.0,290.0,983.0767,0.0
1410.0,290.0,1015.09045,0.0
1420.0,290.0,1047.9133,0.0
1430.0,290.0,1081.5459,0.0
1440.0,290.0,1115.9897,0.0
1450.0,290.0,1151.2465,0.0
1460.0,290.0,1187.3159,0.0
1470.0,290.0,1224.1997,0.0
1480.0,290.0,1261.8986,0.0
1490.0,290.0,1300.4147,0.0
1500.0,290.0,1339.7478,0.0
1510.0,290.0,1379.8999,0.0
1520.0,290.0,1420.8706,0.0
1530.0,290.0,1462.6636,0.0
1540.0,290.0,1505.2781,0.0
1550.0,290.0,1548.7146,0.0
1560.0,290.0,1592.9753,0.0
1570.0,290.0,1638.0599,0.0
1580.0,290.0,1683.9713,0.0
1590.0,290.0,1730.7089,0.0
1600.0,290.0,1778.2759,0.0
1610.0,290.0,1826.6693,0.0
1620.0,290.0,1875.8948,0.0
1630.0,290.0,1925.9497,0.0
1640.0,290.0,1976.8365,0.0
1650.0,290.0,2028.5566,0.0
1660.0,290.0,2081.1096,0.0
1670.0,290.0,2134.4976,0.0
1680.0,290.0,2188.723,0.0
1690.0,290.0,2243.7827,0.0
1700.0,290.0,2299.681,0.0
1710.0,290.0,2356.4155,0.0
1720.0,290.0,2413.9907,0.0
1730.0,290.0,2472.4067,0.0
1740.0,290.0,2531.6626,0.0
1750.0,290.0,2591.7598,0.0
1760.0,290.0,2652.7017,0.0
1770.0,290.0,2714.4863,0.0
1780.0,290.0,2777.115,0.0
1790.0,290.0,2840.5913,0.0
1800.0,290.0,2904.9087,0.0
-200.0,300.0,5560.4053,0.0
-190.0,300.0,5473.6113,0.0
-180.0,300.0,5387.5938,0.0
-170.0,300.0,5302.343,0.0
-160.0,300.0,5217.858,0.0
-150.0,300.0,5134.1406,0.0
-140.0,300.0,5051.189,0.0
-130.0,300.0,4968.996,0.0
-120.0,300.0,4887.5635,0.0
-110.0,300.0,4806.8906,0.0
-100.0,300.0,4726.973,0.0
-90.0,300.0,4647.811,0.0
-80.0,300.0,4569.3994,0.0
-70.0,300.0,4491.738,0.0
-60.0,300.0,4414.8276,0.0
-50.0,300.0,4338.666,0.0
-40.0,300.0,4263.2485,0.0
-30.0,300.0,4188.5767,0.0
-20.0,300.0,4114.647,0.0
-10.0,300.0,4041.46,0.0
0.0,300.0,3969.0132,0.0
10.0,300.0,3897.3054,0.0
20.0,300.0,3826.3347,0.0
30.0,300.0,3756.1008,0.0
40.0,300.0,3686.601,0.0
50.0,300.0,3617.8345,0.0
60.0,300.0,3549.8013,0.0
70.0,300.0,3482.5,0.0
80.0,300.0,3415.9294,0.0
90.0,300.0,3350.088,0.0
100.0,300.0,3284.9744,0.0
110.0,300.0,3220.5889,0.0
120.0,300.0,3156.93,0.0
130.0,300.0,3093.9966,0.0
140.0,300.0,3031.7869,0.0
150.0,300.0,2970.3013,0.0
160.0,300.0,2909.5386,0.0
170.0,300.0,2849.4985,0.0
180.0,300.0,2790.1797,0.0
190.0,300.0,2731.582,0.0
200.0,300.0,2673.705,0.0
210.0,300.0,2616.5474,0.0
220.0,300.0,2560.1074,0.0
230.0,300.0,2504.3862,0.0
240.0,300.0,2449.3833,0.0
250.0,300.0,2395.0962,0.0
260.0,300.0,2341.5269,0.0
270.0,300.0,2288.6733,0.0
280.0,300.0,2236.5361,0.0
290.0,300.0,2185.1143,0.0
300.0,300.0,2134.407,0.0
310.0,300.0,2084.415,0.0
320.0,300.0,2035.137,0.0
330.0,300.0,1986.573,0.0
340.0,300.0,1938.7227,0.0
350.0,300.0,1891.5865,0.0
360.0,300.0,1845.1635,0.0
370.0,300.0,1799.4539,0.0
380.0,300.0,1754.4573,0.0
390.0,300.0,1710.1732,0.0
400.0,300.0,1666.6025,0.0
410.0,300.0,1623.7446,0.0
420.0,300.0,1581.5991,0.0
430.0,300.0,1540.1666,0.0
440.0,300.0,1499.4473,0.0
450.0,300.0,1459.4395,0.0
460.0,300.0,1420.1453,0.0
470.0,300.0,1381.5631,0.0
480.0,300.0,1343.6942,0.0
490.0,300.0,1306.5378,0.0
500.0,300.0,1270.0941,0.0
510.0,300.0,1234.3643,0.0
520.0,300.0,1199.3479,0.0
530.0,300.0,1165.0454,0.0
540.0,300.0,1131.4558,0.0
550.0,300.0,1098.5808,0.0
560.0,300.0,1066.4205,0.0
570.0,300.0,1034.9744,0.0
580.0,300.0,1004.2434,0.0
590.0,300.0,974.2274,0.0
600.0,300.0,944.9271,0.0
610.0,300.0,916.3429,0.0
620.0,300.0,888.4749,0.0
630.0,300.0,861.3235,0.0
640.0,300.0,834.8889,0.0
650.0,300.0,809.1727,0.0
660.0,300.0,784.1737,0.0
670.0,300.0,759.89374,0.0
680.0,300.0,736.3326,0.0
690.0,300.0,713.4907,0.0
700.0,300.0,691.36847,0.0
710.0,300.0,669.9668,0.0
720.0,300.0,649.2865,0.0
730.0,300.0,629.3274,0.0
740.0,300.0,610.09094,0.0
750.0,300.0,591.577,0.0
760.0,300.0,573.7864,0.0
770.0,300.0,556.7193,0.0
780.0,300.0,540.3772,0.0
790.0,300.0,524.7602,0.0
800.0,300.0,509.86908,0.0
810.0,300.0,495.7049,0.0
820.0,300.0,482.26755,0.0
830.0,300.0,469.5583,0.0
840.0,300.0,457.57825,0.0
850.0,300.0,446.32712,0.0
860.0,300.0,435.8062,0.0
870.0,300.0,426.01636,0.0
880.0,300.0,416.95776,0.0
890.0,300.0,408.6319,0.0
900.0,300.0,401.03918,0.0
910.0,300.0,394.18073,0.0
920.0,300.0,388.05658,0.0
930.0,300.0,382.6683,0.0
940.0,300.0,378.0164,0.0
950.0,300.0,374.10205,0.0
960.0,300.0,370.92545,0.0
970.0,300.0,368.4879,0.0
980.0,300.0,366.79074,0.0
990.0,300.0,365.83377,0.0
1000.0,300.0,365.61838,0.0
1010.0,300.0,366.1457,0.0
1020.0,300.0,367.41656,0.0
1030.0,300.0,369.4317,0.0
1040.0,300.0,372.19202,0.0
1050.0,300.0,375.6978,0.0
1060.0,300.0,379.95117,0.0
1070.0,300.0,384.95276,0.0
1080.0,300.0,390.7028,0.0
1090.0,300.0,397.20312,0.0
1100.0,300.0,404.45398,0.0
1110.0,300.0,412.45676,0.0
1120.0,300.0,421.21225,0.0
1130.0,300.0,430.72144,0.0
1140.0,300.0,440.9845,0.0
1150.0,300.0,452.002,0.0
1160.0,300.0,463.7777,0.0
1170.0,300.0,476.31207,0.0
1180.0,300.0,489.60406,0.0
1190.0,300.0,503.65598,0.0
1200.0,300.0,518.4685,0.0
1210.0,300.0,534.04236,0.0
1220.0,300.0,550.37915,0.0
1230.0,300.0,567.4798,0.0
1240.0,300.0,585.34485,0.0
1250.0,300.0,603.97595,0.0
1260.0,300.0,623.37305,0.0
1270.0,300.0,643.53796,0.0
1280.0,300.0,664.472,0.0
1290.0,300.0,686.17554,0.0
1300.0,300.0,708.64905,0.0
1310.0,300.0,731.8949,0.0
1320.0,300.0,755.91345,0.0
1330.0,300.0,780.7066,0.0
1340.0,300.0,806.27454,0.0
1350.0,300.0,832.61774,0.0
1360.0,300.0,859.738,0.0
1370.0,300.0,887.63605,0.0
1380.0,300.0,916.3131,0.0
1390.0,300.0,945.7705,0.0
1400.0,300.0,976.00824,0.0
1410.0,300.0,1007.028,0.0
1420.0,300.0,1038.831,0.0
1430.0,300.0,1071.4182,0.0
1440.0,300.0,1104.79,0.0
1450.0,300.0,1138.9479,0.0
1460.0,300.0,1173.8931,0.0
1470.0,300.0,1209.6262,0.0
1480.0,300.0,1246.1484,0.0
1490.0,300.0,1283.4607,0.0
1500.0,300.0,1321.5638,0.0
1510.0,300.0,1360.4587,0.0
1520.0,300.0,1400.1466,0.0
1530.0,300.0,1440.6287,0.0
1540.0,300.0,1481.9058,0.0
1550.0,300.0,1523.9792,0.0
1560.0,300.0,1566.8495,0.0
1570.0,300.0,1610.5176,0.0
1580.0,300.0,1654.9852,0.0
1590.0,300.0,1700.2505,0.0
1600.0,300.0,1746.3187,0.0
1610.0,300.0,1793.1871,0.0
1620.0,300.0,1840.858,0.0
1630.0,300.0,1889.332,0.0
1640.0,300.0,1938.6116,0.0
1650.0,300.0,1988.6953,0.0
1660.0,300.0,2039.5852,0.0
1670.0,300.0,2091.284,0.0
1680.0,300.0,2143.7888,0.0
1690.0,300.0,2197.1038,0.0
1700.0,300.0,2251.2273,0.0
1710.0,300.0,2306.162,0.0
1720.0,300.0,2361.9094,0.0
1730.0,300.0,2418.4663,0.0
1740.0,300.0,2475.8376,0.0
1750.0,300.0,2534.0205,0.0
1760.0,300.0,2593.0205,0.0
1770.0,300.0,2652.8364,0.0
1780.0,300.0,2713.4673,0.0
1790.0,300.0,2774.9172,0.0
1800.0,300.0,2837.1829,0.0
-200.0,310.0,5418.8438,0.0
-190.0,310.0,5334.7075,0.0
-180.0,310.0,5251.3164,0.0
-170.0,310.0,5168.664,0.0
-160.0,310.0,5086.754,0.0
-150.0,310.0,5005.583,0.0
-140.0,310.0,4925.1475,0.0
-130.0,310.0,4845.4463,0.0
-120.0,310.0,4766.4795,0.0
-110.0,310.0,4688.243,0.0
-100.0,310.0,4610.7373,0.0
-90.0,310.0,4533.96,0.0
-80.0,310.0,4457.909,0.0
-70.0,310.0,4382.584,0.0
-60.0,310.0,4307.9834,0.0
-50.0,310.0,4234.1045,0.0
-40.0,310.0,4160.9443,0.0
-30.0,310.0,4088.5056,0.0
-20.0,310.0,4016.784,0.0
-10.0,310.0,3945.7812,0.0
0.0,310.0,3875.4924,0.0
10.0,310.0,3805.9192,0.0
20.0,310.0,3737.059,0.0
30.0,310.0,3668.9111,0.0
40.0,310.0,3601.4749,0.0
50.0,310.0,3534.7468,0.0
60.0,310.0,3468.7285,0.0
70.0,310.0,3403.4192,0.0
80.0,310.0,3338.8164,0.0
90.0,310.0,3274.92,0.0
100.0,310.0,3211.7285,0.0
110.0,310.0,3149.241,0.0
120.0,310.0,3087.4578,0.0
130.0,310.0,3026.3772,0.0
140.0,310.0,2965.9976,0.0
150.0,310.0,2906.3198,0.0
160.0,310.0,2847.3428,0.0
170.0,310.0,2789.0657,0.0
180.0,310.0,2731.4878,0.0
190.0,310.0,2674.6077,0.0
200.0,310.0,2618.4268,0.0
210.0,310.0,2562.942,0.0
220.0,310.0,2508.1548,0.0
230.0,310.0,2454.0647,0.0
240.0,310.0,2400.6697,0.0
250.0,310.0,2347.9692,0.0
260.0,310.0,2295.9648,0.0
270.0,310.0,2244.6558,0.0
280.0,310.0,2194.0405,0.0
290.0,310.0,2144.1191,0.0
300.0,310.0,2094.8916,0.0
310.0,310.0,2046.3569,0.0
320.0,310.0,1998.5157,0.0
330.0,310.0,1951.3674,0.0
340.0,310.0,1904.9113,0.0
350.0,310.0,1859.1482,0.0
360.0,310.0,1814.0776,0.0
370.0,310.0,1769.6985,0.0
380.0,310.0,1726.0126,0.0
390.0,310.0,1683.0183,0.0
400.0,310.0,1640.7153,0.0
410.0,310.0,1599.1052,0.0
420.0,310.0,1558.1865,0.0
430.0,310.0,1517.9598,0.0
440.0,310.0,1478.425,0.0
450.0,310.0,1439.5815,0.0
460.0,310.0,1401.43,0.0
470.0,310.0,1363.971,0.0
480.0,310.0,1327.2036,0.0
490.0,310.0,1291.1285,0.0
500.0,310.0,1255.7461,0.0
510.0,310.0,1221.0563,0.0
520.0,310.0,1187.0591,0.0
530.0,310.0,1153.7549,0.0
540.0,310.0,1121.1442,0.0
550.0,310.0,1089.2269,0.0
560.0,310.0,1058.0035,0.0
570.0,310.0,1027.4736,0.0
580.0,310.0,997.6382,0.0
590.0,310.0,968.49725,0.0
600.0,310.0,940.05176,0.0
610.0,310.0,912.3013,0.0
620.0,310.0,885.2467,0.0
630.0,310.0,858.8878,0.0
640.0,310.0,833.22546,0.0
650.0,310.0,808.26025,0.0
660.0,310.0,783.99255,0.0
670.0,310.0,760.4221,0.0
680.0,310.0,737.5502,0.0
690.0,310.0,715.3768,0.0
700.0,310.0,693.9027,0.0
710.0,310.0,673.12823,0.0
720.0,310.0,653.0539,0.0
730.0,310.0,633.6807,0.0
740.0,310.0,615.0086,0.0
750.0,310.0,597.0388,0.0
760.0,310.0,579.7709,0.0
770.0,310.0,563.2062,0.0
780.0,310.0,547.34534,0.0
790.0,310.0,532.1884,0.0
800.0,310.0,517.7369,0.0
810.0,310.0,503.99078,0.0
820.0,310.0,490.95062,0.0
830.0,310.0,478.61743,0.0
840.0,310.0,466.9921,0.0
850.0,310.0,456.07492,0.0
860.0,310.0,445.86682,0.0
870.0,310.0,436.36816,0.0
880.0,310.0,427.57977,0.0
890.0,310.0,419.50253,0.0
900.0,310.0,412.13733,0.0
910.0,310.0,405.4846,0.0
920.0,310.0,399.5455,0.0
930.0,310.0,394.32,0.0
940.0,310.0,389.8099,0.0
950.0,310.0,386.01508,0.0
960.0,310.0,382.937,0.0
970.0,310.0,380.57642,0.0
980.0,310.0,378.93353,0.0
990.0,310.0,378.0096,0.0
1000.0,310.0,377.80585,0.0
1010.0,310.0,378.32245,0.0
1020.0,310.0,379.56052,0.0
1030.0,310.0,381.5209,0.0
1040.0,310.0,384.2047,0.0
1050.0,310.0,387.61182,0.0
1060.0,310.0,391.74463,0.0
1070.0,310.0,396.60266,0.0
1080.0,310.0,402.18756,0.0
1090.0,310.0,408.4999,0.0
1100.0,310.0,415.54108,0.0
1110.0,310.0,423.31146,0.0
1120.0,310.0,431.81195,0.0
1130.0,310.0,441.0435,0.0
1140.0,310.0,451.00702,0.0
1150.0,310.0,461.7025,0.0
1160.0,310.0,473.13208,0.0
1170.0,310.0,485.2972,0.0
1180.0,310.0,498.19855,0.0
1190.0,310.0,511.8363,0.0
1200.0,310.0,526.21185,0.0
1210.0,310.0,541.3258,0.0
1220.0,310.0,557.17944,0.0
1230.0,310.0,573.77386,0.0
1240.0,310.0,591.1094,0.0
1250.0,310.0,609.1872,0.0
1260.0,310.0,628.00806,0.0
1270.0,310.0,647.5741,0.0
1280.0,310.0,667.885,0.0
1290.0,310.0,688.9421,0.0
1300.0,310.0,710.746,0.0
1310.0,310.0,733.29755,0.0
1320.0,310.0,756.59875,0.0
1330.0,310.0,780.65,0.0
1340.0,310.0,805.4525,0.0
1350.0,310.0,831.0073,0.0
1360.0,310.0,857.31464,0.0
1370.0,310.0,884.3761,0.0
1380.0,310.0,912.1918,0.0
1390.0,310.0,940.76337,0.0
1400.0,310.0,970.0919,0.0
1410.0,310.0,1000.1776,0.0
1420.0,310.0,1031.0225,0.0
1430.0,310.0,1062.627,0.0
1440.0,310.0,1094.9917,0.0
1450.0,310.0,1128.1179,0.0
1460.0,310.0,1162.0073,0.0
1470.0,310.0,1196.6595,0.0
1480.0,310.0,1232.0758,0.0
1490.0,310.0,1268.2573,0.0
1500.0,310.0,1305.2051,0.0
1510.0,310.0,1342.92,0.0
1520.0,310.0,1381.4034,0.0
1530.0,310.0,1420.6553,0.0
1540.0,310.0,1460.6765,0.0
1550.0,310.0,1501.4702,0.0
1560.0,310.0,1543.0347,0.0
1570.0,310.0,1585.3716,0.0
1580.0,310.0,1628.4824,0.0
1590.0,310.0,1672.3668,0.0
1600.0,310.0,1717.028,0.0
1610.0,310.0,1762.4639,0.0
1620.0,310.0,1808.677,0.0
1630.0,310.0,1855.668,0.0
1640.0,310.0,1903.4373,0.0
1650.0,310.0,1951.9863,0.0
1660.0,310.0,2001.3163,0.0
1670.0,310.0,2051.4277,0.0
1680.0,310.0,2102.3203,0.0
1690.0,310.0,2153.9958,0.0
1700.0,310.0,2206.4553,0.0
1710.0,310.0,2259.6992,0.0
1720.0,310.0,2313.7285,0.0
1730.0,310.0,2368.544,0.0
1740.0,310.0,2424.1465,0.0
1750.0,310.0,2480.5352,0.0
1760.0,310.0,2537.7148,0.0
1770.0,310.0,2595.6826,0.0
1780.0,310.0,2654.439,0.0
1790.0,310.0,2713.9875,0.0
1800.0,310.0,2774.3267,0.0
-200.0,320.0,5286.3184,0.0
-190.0,320.0,5204.6714,0.0
-180.0,320.0,5123.7427,0.0
-170.0,320.0,5043.5312,0.0
-160.0,320.0,4964.0337,0.0
-150.0,320.0,4885.25,0.0
-140.0,320.0,4807.1772,0.0
-130.0,320.0,4729.8135,0.0
-120.0,320.0,4653.1606,0.0
-110.0,320.0,4577.213,0.0
-100.0,320.0,4501.9717,0.0
-90.0,320.0,4427.4346,0.0
-80.0,320.0,4353.5986,0.0
-70.0,320.0,4280.467,0.0
-60.0,320.0,4208.032,0.0
-50.0,320.0,4136.2993,0.0
-40.0,320.0,4065.2617,0.0
-30.0,320.0,3994.921,0.0
-20.0,320.0,3925.276,0.0
-10.0,320.0,3856.3247,0.0
0.0,320.0,3788.0667,0.0
10.0,320.0,3720.4998,0.0
20.0,320.0,3653.6245,0.0
30.0,320.0,3587.4382,0.0
40.0,320.0,3521.941,0.0
50.0,320.0,3457.131,0.0
60.0,320.0,3393.0103,0.0
70.0,320.0,3329.5728,0.0
80.0,320.0,3266.8215,0.0
90.0,320.0,3204.7554,0.0
100.0,320.0,3143.373,0.0
110.0,320.0,3082.6733,0.0
120.0,320.0,3022.6553,0.0
130.0,320.0,2963.3196,0.0
140.0,320.0,2904.6624,0.0
150.0,320.0,2846.6873,0.0
160.0,320.0,2789.3916,0.0
170.0,320.0,2732.7744,0.0
180.0,320.0,2676.8354,0.0
190.0,320.0,2621.5742,0.0
200.0,320.0,2566.9912,0.0
210.0,320.0,2513.0845,0.0
220.0,320.0,2459.853,0.0
230.0,320.0,2407.2988,0.0
240.0,320.0,2355.42,0.0
250.0,320.0,2304.2153,0.0
260.0,320.0,2253.686,0.0
270.0,320.0,2203.8313,0.0
280.0,320.0,2154.651,0.0
290.0,320.0,2106.144,0.0
300.0,320.0,2058.3105,0.0
310.0,320.0,2011.1506,0.0
320.0,320.0,1964.6636,0.0
330.0,320.0,1918.8501,0.0
340.0,320.0,1873.7085,0.0
350.0,320.0,1829.2406,0.0
360.0,320.0,1785.4451,0.0
370.0,320.0,1742.3213,0.0
380.0,320.0,1699.8704,0.0
390.0,320.0,1658.0924,0.0
400.0,320.0,1616.9854,0.0
410.0,320.0,1576.552,0.0
420.0,320.0,1536.7898,0.0
430.0,320.0,1497.7002,0.0
440.0,320.0,1459.2831,0.0
450.0,320.0,1421.5372,0.0
460.0,320.0,1384.4645,0.0
470.0,320.0,1348.0642,0.0
480.0,320.0,1312.3369,0.0
490.0,320.0,1277.2817,0.0
500.0,320.0,1242.8995,0.0
510.0,320.0,1209.1907,0.0
520.0,320.0,1176.1555,0.0
530.0,320.0,1143.7942,0.0
540.0,320.0,1112.1062,0.0
550.0,320.0,1081.092,0.0
560.0,320.0,1050.7521,0.0
570.0,320.0,1021.08704,0.0
580.0,320.0,992.0968,0.0
590.0,320.0,963.78174,0.0
600.0,320.0,936.14197,0.0
610.0,320.0,909.1787,0.0
620.0,320.0,882.89105,0.0
630.0,320.0,857.28064,0.0
640.0,320.0,832.34656,0.0
650.0,320.0,808.09,0.0
660.0,320.0,784.5117,0.0
670.0,320.0,761.6111,0.0
680.0,320.0,739.3893,0.0
690.0,320.0,717.8469,0.0
700.0,320.0,696.984,0.0
710.0,320.0,676.80115,0.0
720.0,320.0,657.2993,0.0
730.0,320.0,638.4784,0.0
740.0,320.0,620.339,0.0
750.0,320.0,602.8821,0.0
760.0,320.0,586.1079,0.0
770.0,320.0,570.0167,0.0
780.0,320.0,554.6094,0.0
790.0,320.0,539.88745,0.0
800.0,320.0,525.8501,0.0
810.0,320.0,512.4985,0.0
820.0,320.0,499.83255,0.0
830.0,320.0,487.85492,0.0
840.0,320.0,476.56445,0.0
850.0,320.0,465.9618,0.0
860.0,320.0,456.04822,0.0
870.0,320.0,446.82455,0.0
880.0,320.0,438.29102,0.0
890.0,320.0,430.44833,0.0
900.0,320.0,423.2976,0.0
910.0,320.0,416.8389,0.0
920.0,320.0,411.07397,0.0
930.0,320.0,406.00208,0.0
940.0,320.0,401.62555,0.0
950.0,320.0,397.9441,0.0
960.0,320.0,394.95874,0.0
970.0,320.0,392.66986,0.0
980.0,320.0,391.07898,0.0
990.0,320.0,390.1865,0.0
1000.0,320.0,389.99304,0.0
1010.0,320.0,390.49976,0.0
1020.0,320.0,391.70718,0.0
1030.0,320.0,393.61603,0.0
1040.0,320.0,396.2274,0.0
1050.0,320.0,399.54202,0.0
1060.0,320.0,403.5605,0.0
1070.0,320.0,408.28375,0.0
1080.0,320.0,413.7127,0.0
1090.0,320.0,419.8484,0.0
1100.0,320.0,426.69128,0.0
1110.0,320.0,434.2425,0.0
1120.0,320.0,442.50293,0.0
1130.0,320.0,451.4729,0.0
1140.0,320.0,461.1536,0.0
1150.0,320.0,471.54565,0.0
1160.0,320.0,482.6493,0.0
1170.0,320.0,494.4668,0.0
1180.0,320.0,506.99976,0.0
1190.0,320.0,520.2475,0.0
1200.0,320.0,534.21063,0.0
1210.0,320.0,548.8915,0.0
1220.0,320.0,564.2903,0.0
1230.0,320.0,580.40735,0.0
1240.0,320.0,597.244,0.0
1250.0,320.0,614.8013,0.0
1260.0,320.0,633.08026,0.0
1270.0,320.0,652.08105,0.0
1280.0,320.0,671.805,0.0
1290.0,320.0,692.25305,0.0
1300.0,320.0,713.4259,0.0
1310.0,320.0,735.32465,0.0
1320.0,320.0,757.9498,0.0
1330.0,320.0,781.30255,0.0
1340.0,320.0,805.3844,0.0
1350.0,320.0,830.19653,0.0
1360.0,320.0,855.73865,0.0
1370.0,320.0,882.0116,0.0
1380.0,320.0,909.0169,0.0
1390.0,320.0,936.7549,0.0
1400.0,320.0,965.2272,0.0
1410.0,320.0,994.4346,0.0
1420.0,320.0,1024.377,0.0
1430.0,320.0,1055.0563,0.0
1440.0,320.0,1086.4731,0.0
1450.0,320.0,1118.6284,0.0
1460.0,320.0,1151.5236,0.0
1470.0,320.0,1185.1587,0.0
1480.0,320.0,1219.5343,0.0
1490.0,320.0,1254.6528,0.0
1500.0,320.0,1290.5135,0.0
1510.0,320.0,1327.118,0.0
1520.0,320.0,1364.467,0.0
1530.0,320.0,1402.5614,0.0
1540.0,320.0,1441.4025,0.0
1550.0,320.0,1480.991,0.0
1560.0,320.0,1521.3267,0.0
1570.0,320.0,1562.4116,0.0
1580.0,320.0,1604.2471,0.0
1590.0,320.0,1646.832,0.0
1600.0,320.0,1690.1702,0.0
1610.0,320.0,1734.2589,0.0
1620.0,320.0,1779.1006,0.0
1630.0,320.0,1824.6964,0.0
1640.0,320.0,1871.0466,0.0
1650.0,320.0,1918.1517,0.0
1660.0,320.0,1966.0127,0.0
1670.0,320.0,2014.6316,0.0
1680.0,320.0,2064.0078,0.0
1690.0,320.0,2114.1445,0.0
1700.0,320.0,2165.0383,0.0
1710.0,320.0,2216.693,0.0
1720.0,320.0,2269.1096,0.0
1730.0,320.0,2322.2869,0.0
1740.0,320.0,2376.225,0.0
1750.0,320.0,2430.9282,0.0
1760.0,320.0,2486.394,0.0
1770.0,320.0,2542.6245,0.0
1780.0,320.0,2599.62,0.0
1790.0,320.0,2657.3843,0.0
1800.0,320.0,2715.9104,0.0
-200.0,330.0,5162.035,0.0
-190.0,330.0,5082.7275,0.0
-180.0,330.0,5004.1133,0.0
-170.0,330.0,4926.1943,0.0
-160.0,330.0,4848.9634,0.0
-150.0,330.0,4772.426,0.0
-140.0,330.0,4696.575,0.0
-130.0,330.0,4621.4097,0.0
-120.0,330.0,4546.932,0.0
-110.0,330.0,4473.1377,0.0
-100.0,330.0,4400.027,0.0
-90.0,330.0,4327.5986,0.0
-80.0,330.0,4255.8486,0.0
-70.0,330.0,4184.7783,0.0
-60.0,330.0,4114.3867,0.0
-50.0,330.0,4044.6714,0.0
-40.0,330.0,3975.6328,0.0
-30.0,330.0,3907.2676,0.0
-20.0,330.0,3839.5774,0.0
-10.0,330.0,3772.559,0.0
0.0,330.0,3706.213,0.0
10.0,330.0,3640.538,0.0
20.0,330.0,3575.5325,0.0
30.0,330.0,3511.1953,0.0
40.0,330.0,3447.5269,0.0
50.0,330.0,3384.5242,0.0
60.0,330.0,3322.1887,0.0
70.0,330.0,3260.519,0.0
80.0,330.0,3199.5146,0.0
90.0,330.0,3139.1736,0.0
100.0,330.0,3079.4963,0.0
110.0,330.0,3020.4822,0.0
120.0,330.0,2962.1304,0.0
130.0,330.0,2904.4392,0.0
140.0,330.0,2847.4082,0.0
150.0,330.0,2791.0386,0.0
160.0,330.0,2735.3281,0.0
170.0,330.0,2680.278,0.0
180.0,330.0,2625.8857,0.0
190.0,330.0,2572.1528,0.0
200.0,330.0,2519.0764,0.0
210.0,330.0,2466.6582,0.0
220.0,330.0,2414.8975,0.0
230.0,330.0,2363.7925,0.0
240.0,330.0,2313.3445,0.0
250.0,330.0,2263.5513,0.0
260.0,330.0,2214.4146,0.0
270.0,330.0,2165.9338,0.0
280.0,330.0,2118.1077,0.0
290.0,330.0,2070.937,0.0
300.0,330.0,2024.4203,0.0
310.0,330.0,1978.5586,0.0
320.0,330.0,1933.3505,0.0
330.0,330.0,1888.7974,0.0
340.0,330.0,1844.8978,0.0
350.0,330.0,1801.6527,0.0
360.0,330.0,1759.0609,0.0
370.0,330.0,1717.1239,0.0
380.0,330.0,1675.8401,0.0
390.0,330.0,1635.2102,0.0
400.0,330.0,1595.2336,0.0
410.0,330.0,1555.9114,0.0
420.0,330.0,1517.2427,0.0
430.0,330.0,1479.2268,0.0
440.0,330.0,1441.865,0.0
450.0,330.0,1405.1572,0.0
460.0,330.0,1369.1036,0.0
470.0,330.0,1333.7039,0.0
480.0,330.0,1298.9587,0.0
490.0,330.0,1264.8677,0.0
500.0,330.0,1231.4312,0.0
510.0,330.0,1198.6498,0.0
520.0,330.0,1166.523,0.0
530.0,330.0,1135.0522,0.0
540.0,330.0,1104.2358,0.0
550.0,330.0,1074.0757,0.0
560.0,330.0,1044.571,0.0
570.0,330.0,1015.72296,0.0
580.0,330.0,987.53186,0.0
590.0,330.0,959.9967,0.0
600.0,330.0,933.1194,0.0
610.0,330.0,906.8987,0.0
620.0,330.0,881.3364,0.0
630.0,330.0,856.43256,0.0
640.0,330.0,832.18713,0.0
650.0,330.0,808.6009,0.0
660.0,330.0,785.67346,0.0
670.0,330.0,763.4062,0.0
680.0,330.0,741.7988,0.0
690.0,330.0,720.8527,0.0
700.0,330.0,700.5674,0.0
710.0,330.0,680.944,0.0
720.0,330.0,661.9824,0.0
730.0,330.0,643.6836,0.0
740.0,330.0,626.0476,0.0
750.0,330.0,609.07544,0.0
760.0,330.0,592.7676,0.0
770.0,330.0,577.12445,0.0
780.0,330.0,562.1461,0.0
790.0,330.0,547.834,0.0
800.0,330.0,534.1883,0.0
810.0,330.0,521.20935,0.0
820.0,330.0,508.89804,0.0
830.0,330.0,497.25507,0.0
840.0,330.0,486.28076,0.0
850.0,330.0,475.97607,0.0
860.0,330.0,466.3411,0.0
870.0,330.0,457.37668,0.0
880.0,330.0,449.08398,0.0
890.0,330.0,441.46292,0.0
900.0,330.0,434.51462,0.0
910.0,330.0,428.23984,0.0
920.0,330.0,422.63922,0.0
930.0,330.0,417.71265,0.0
940.0,330.0,413.46173,0.0
950.0,330.0,409.8872,0.0
960.0,330.0,406.98938,0.0
970.0,330.0,404.7692,0.0
980.0,330.0,403.22693,0.0
990.0,330.0,402.36365,0.0
1000.0,330.0,402.18024,0.0
1010.0,330.0,402.67746,0.0
1020.0,330.0,403.85574,0.0
1030.0,330.0,405.71622,0.0
1040.0,330.0,408.25922,0.0
1050.0,330.0,411.48618,0.0
1060.0,330.0,415.39655,0.0
1070.0,330.0,419.9928,0.0
1080.0,330.0,425.27475,0.0
1090.0,330.0,431.2429,0.0
1100.0,330.0,437.89966,0.0
1110.0,330.0,445.2439,0.0
1120.0,330.0,453.27707,0.0
1130.0,330.0,462.00018,0.0
1140.0,330.0,471.41437,0.0
1150.0,330.0,481.5196,0.0
1160.0,330.0,492.31583,0.0
1170.0,330.0,503.8051,0.0
1180.0,330.0,515.9901,0.0
1190.0,330.0,528.8696,0.0
1200.0,330.0,542.44476,0.0
1210.0,330.0,556.71655,0.0
1220.0,330.0,571.6851,0.0
1230.0,330.0,587.352,0.0
1240.0,330.0,603.7185,0.0
1250.0,330.0,620.78424,0.0
1260.0,330.0,638.5506,0.0
1270.0,330.0,657.0188,0.0
1280.0,330.0,676.1891,0.0
1290.0,330.0,696.06244,0.0
1300.0,330.0,716.6405,0.0
1310.0,330.0,737.9226,0.0
1320.0,330.0,759.9109,0.0
1330.0,330.0,782.6056,0.0
1340.0,330.0,806.0071,0.0
1350.0,330.0,830.1177,0.0
1360.0,330.0,854.93774,0.0
1370.0,330.0,880.46796,0.0
1380.0,330.0,906.7085,0.0
1390.0,330.0,933.6606,0.0
1400.0,330.0,961.32544,0.0
1410.0,330.0,989.7036,0.0
1420.0,330.0,1018.7961,0.0
1430.0,330.0,1048.6033,0.0
1440.0,330.0,1079.1261,0.0
1450.0,330.0,1110.3662,0.0
1460.0,330.0,1142.3245,0.0
1470.0,330.0,1174.9995,0.0
1480.0,330.0,1208.3953,0.0
1490.0,330.0,1242.5105,0.0
1500.0,330.0,1277.3462,0.0
1510.0,330.0,1312.9043,0.0
1520.0,330.0,1349.185,0.0
1530.0,330.0,1386.1882,0.0
1540.0,330.0,1423.9163,0.0
1550.0,330.0,1462.3687,0.0
1560.0,330.0,1501.5471,0.0
1570.0,330.0,1541.4526,0.0
1580.0,330.0,1582.0846,0.0
1590.0,330.0,1623.4451,0.0
1600.0,330.0,1665.5358,0.0
1610.0,330.0,1708.3562,0.0
1620.0,330.0,1751.9058,0.0
1630.0,330.0,1796.187,0.0
1640.0,330.0,1841.1989,0.0
1650.0,330.0,1886.9454,0.0
1660.0,330.0,1933.4231,0.0
1670.0,330.0,1980.6365,0.0
1680.0,330.0,2028.5852,0.0
1690.0,330.0,2077.2693,0.0
1700.0,330.0,2126.6895,0.0
1710.0,330.0,2176.8477,0.0
1720.0,330.0,2227.7422,0.0
1730.0,330.0,2279.3765,0.0
1740.0,330.0,2331.751,0.0
1750.0,330.0,2384.8633,0.0
1760.0,330.0,2438.7166,0.0
1770.0,330.0,2493.313,0.0
1780.0,330.0,2548.6497,0.0
1790.0,330.0,2604.7314,0.0
1800.0,330.0,2661.553,0.0
-200.0,340.0,39270.906,1.0
-190.0,340.0,4968.1875,0.0
-180.0,340.0,4891.755,0.0
-170.0,340.0,4815.993,0.0
-160.0,340.0,4740.9014,0.0
-150.0,340.0,4666.4756,0.0
-140.0,340.0,4592.7197,0.0
-130.0,340.0,4519.626,0.0
-120.0,340.0,4447.198,0.0
-110.0,340.0,4375.4336,0.0
-100.0,340.0,4304.3315,0.0
-90.0,340.0,4233.8896,0.0
-80.0,340.0,4164.107,0.0
-70.0,340.0,4094.9834,0.0
-60.0,340.0,4026.5178,0.0
-50.0,340.0,3958.707,0.0
-40.0,340.0,3891.5515,0.0
-30.0,340.0,3825.0518,0.0
-20.0,340.0,3759.206,0.0
-10.0,340.0,3694.0125,0.0
0.0,340.0,3629.471,0.0
10.0,340.0,3565.5813,0.0
20.0,340.0,3502.3398,0.0
30.0,340.0,3439.7493,0.0
40.0,340.0,3377.8071,0.0
50.0,340.0,3316.5115,0.0
60.0,340.0,3255.863,0.0
70.0,340.0,3195.8623,0.0
80.0,340.0,3136.5073,0.0
90.0,340.0,3077.7964,0.0
100.0,340.0,3019.7307,0.0
110.0,340.0,2962.308,0.0
120.0,340.0,2905.5298,0.0
130.0,340.0,2849.3938,0.0
140.0,340.0,2793.8992,0.0
150.0,340.0,2739.047,0.0
160.0,340.0,2684.8367,0.0
170.0,340.0,2631.266,0.0
180.0,340.0,2578.3367,0.0
190.0,340.0,2526.047,0.0
200.0,340.0,2474.3965,0.0
210.0,340.0,2423.3862,0.0
220.0,340.0,2373.0144,0.0
230.0,340.0,2323.2803,0.0
240.0,340.0,2274.1853,0.0
250.0,340.0,2225.7275,0.0
260.0,340.0,2177.9077,0.0
270.0,340.0,2130.7256,0.0
280.0,340.0,2084.1807,0.0
290.0,340.0,2038.2736,0.0
300.0,340.0,1993.0027,0.0
310.0,340.0,1948.3685,0.0
320.0,340.0,1904.3708,0.0
330.0,340.0,1861.01,0.0
340.0,340.0,1818.2856,0.0
350.0,340.0,1776.1973,0.0
360.0,340.0,1734.7457,0.0
370.0,340.0,1693.9304,0.0
380.0,340.0,1653.7512,0.0
390.0,340.0,1614.2075,0.0
400.0,340.0,1575.3,0.0
410.0,340.0,1537.0293,0.0
420.0,340.0,1499.3938,0.0
430.0,340.0,1462.3954,0.0
440.0,340.0,1426.033,0.0
450.0,340.0,1390.3071,0.0
460.0,340.0,1355.2178,0.0
470.0,340.0,1320.7654,0.0
480.0,340.0,1286.95,0.0
490.0,340.0,1253.7711,0.0
500.0,340.0,1221.2297,0.0
510.0,340.0,1189.3257,0.0
520.0,340.0,1158.0593,0.0
530.0,340.0,1127.4307,0.0
540.0,340.0,1097.44,0.0
550.0,340.0,1068.0878,0.0
560.0,340.0,1039.3741,0.0
570.0,340.0,1011.2994,0.0
580.0,340.0,983.86365,0.0
590.0,340.0,957.0675,0.0
600.0,340.0,930.911,0.0
610.0,340.0,905.39465,0.0
620.0,340.0,880.5188,0.0
630.0,340.0,856.28406,0.0
640.0,340.0,832.69,0.0
650.0,340.0,809.7373,0.0
660.0,340.0,787.4267,0.0
670.0,340.0,765.7585,0.0
680.0,340.0,744.73303,0.0
690.0,340.0,724.35095,0.0
700.0,340.0,704.6128,0.0
710.0,340.0,685.5184,0.0
720.0,340.0,667.06805,0.0
730.0,340.0,649.2634,0.0
740.0,340.0,632.10443,0.0
750.0,340.0,615.5912,0.0
760.0,340.0,599.7247,0.0
770.0,340.0,584.5045,0.0
780.0,340.0,569.9327,0.0
790.0,340.0,556.0089,0.0
800.0,340.0,542.7332,0.0
810.0,340.0,530.10706,0.0
820.0,340.0,518.1311,0.0
830.0,340.0,506.8055,0.0
840.0,340.0,496.13025,0.0
850.0,340.0,486.10687,0.0
860.0,340.0,476.73566,0.0
870.0,340.0,468.01718,0.0
880.0,340.0,459.95215,0.0
890.0,340.0,452.54105,0.0
900.0,340.0,445.78412,0.0
910.0,340.0,439.6831,0.0
920.0,340.0,434.23767,0.0
930.0,340.0,429.44864,0.0
940.0,340.0,425.3172,0.0
950.0,340.0,421.84406,0.0
960.0,340.0,419.0286,0.0
970.0,340.0,416.87262,0.0
980.0,340.0,415.37674,0.0
990.0,340.0,414.5415,0.0
1000.0,340.0,414.36743,0.0
1010.0,340.0,414.85577,0.0
1020.0,340.0,416.00677,0.0
1030.0,340.0,417.82098,0.0
1040.0,340.0,420.29944,0.0
1050.0,340.0,423.44324,0.0
1060.0,340.0,427.2522,0.0
1070.0,340.0,431.72784,0.0
1080.0,340.0,436.87036,0.0
1090.0,340.0,442.6811,0.0
1100.0,340.0,449.1607,0.0
1110.0,340.0,456.30905,0.0
1120.0,340.0,464.12805,0.0
1130.0,340.0,472.61804,0.0
1140.0,340.0,481.77985,0.0
1150.0,340.0,491.61334,0.0
1160.0,340.0,502.11917,0.0
1170.0,340.0,513.29956,0.0
1180.0,340.0,525.15436,0.0
1190.0,340.0,537.6857,0.0
1200.0,340.0,550.8937,0.0
1210.0,340.0,564.77844,0.0
1220.0,340.0,579.34155,0.0
1230.0,340.0,594.583,0.0
1240.0,340.0,610.504,0.0
1250.0,340.0,627.1056,0.0
1260.0,340.0,644.3884,0.0
1270.0,340.0,662.3527,0.0
1280.0,340.0,681.0001,0.0
1290.0,340.0,700.33093,0.0
1300.0,340.0,720.3456,0.0
1310.0,340.0,741.0457,0.0
1320.0,340.0,762.4315,0.0
1330.0,340.0,784.5044,0.0
1340.0,340.0,807.26385,0.0
1350.0,340.0,830.71185,0.0
1360.0,340.0,854.84985,0.0
1370.0,340.0,879.6775,0.0
1380.0,340.0,905.1963,0.0
1390.0,340.0,931.40515,0.0
1400.0,340.0,958.3075,0.0
1410.0,340.0,985.9025,0.0
1420.0,340.0,1014.19183,0.0
1430.0,340.0,1043.175,0.0
1440.0,340.0,1072.8547,0.0
1450.0,340.0,1103.23,0.0
1460.0,340.0,1134.3025,0.0
1470.0,340.0,1166.0725,0.0
1480.0,340.0,1198.5413,0.0
1490.0,340.0,1231.7097,0.0
1500.0,340.0,1265.5779,0.0
1510.0,340.0,1300.1472,0.0
1520.0,340.0,1335.419,0.0
1530.0,340.0,1371.3923,0.0
1540.0,340.0,1408.0696,0.0
1550.0,340.0,1445.4502,0.0
1560.0,340.0,1483.5358,0.0
1570.0,340.0,1522.3276,0.0
1580.0,340.0,1561.8253,0.0
1590.0,340.0,1602.0289,0.0
1600.0,340.0,1642.9421,0.0
1610.0,340.0,1684.5637,0.0
1620.0,340.0,1726.8943,0.0
1630.0,340.0,1769.9348,0.0
1640.0,340.0,1813.685,0.0
1650.0,340.0,1858.1475,0.0
1660.0,340.0,1903.322,0.0
1670.0,340.0,1949.2087,0.0
1680.0,340.0,1995.8096,0.0
1690.0,340.0,2043.1234,0.0
1700.0,340.0,2091.153,0.0
1710.0,340.0,2139.8987,0.0
1720.0,340.0,2189.359,0.0
1730.0,340.0,2239.5369,0.0
1740.0,340.0,2290.4336,0.0
1750.0,340.0,2342.048,0.0
1760.0,340.0,2394.381,0.0
1770.0,340.0,2447.433,0.0
1780.0,340.0,2501.2053,0.0
1790.0,340.0,2555.6987,0.0
1800.0,340.0,2610.9133,0.0
-200.0,350.0,39270.906,1.0
-190.0,350.0,4860.442,0.0
-180.0,350.0,4786.0664,0.0
-170.0,350.0,4712.342,0.0
-160.0,350.0,4639.2656,0.0
-150.0,350.0,4566.8384,0.0
-140.0,350.0,4495.0576,0.0
-130.0,350.0,4423.9214,0.0
-120.0,350.0,4353.4297,0.0
-110.0,350.0,4283.581,0.0
-100.0,350.0,4214.376,0.0
-90.0,350.0,4145.8115,0.0
-80.0,350.0,4077.887,0.0
-70.0,350.0,4010.6018,0.0
-60.0,350.0,3943.9543,0.0
-50.0,350.0,3877.9458,0.0
-40.0,350.0,3812.5725,0.0
-30.0,350.0,3747.835,0.0
-20.0,350.0,3683.734,0.0
-10.0,350.0,3620.2646,0.0
0.0,350.0,3557.4294,0.0
10.0,350.0,3495.2273,0.0
20.0,350.0,3433.6562,0.0
30.0,350.0,3372.7153,0.0
40.0,350.0,3312.4058,0.0
50.0,350.0,3252.725,0.0
60.0,350.0,3193.6738,0.0
70.0,350.0,3135.2512,0.0
80.0,350.0,3077.4565,0.0
90.0,350.0,3020.2886,0.0
100.0,350.0,2963.747,0.0
110.0,350.0,2907.8325,0.0
120.0,350.0,2852.5425,0.0
130.0,350.0,2797.8787,0.0
140.0,350.0,2743.8381,0.0
150.0,350.0,2690.4226,0.0
160.0,350.0,2637.631,0.0
170.0,350.0,2585.463,0.0
180.0,350.0,2533.918,0.0
190.0,350.0,2482.9956,0.0
200.0,350.0,2432.695,0.0
210.0,350.0,2383.0176,0.0
220.0,350.0,2333.9604,0.0
230.0,350.0,2285.526,0.0
240.0,350.0,2237.7126,0.0
250.0,350.0,2190.519,0.0
260.0,350.0,2143.9473,0.0
270.0,350.0,2097.9954,0.0
280.0,350.0,2052.6646,0.0
290.0,350.0,2007.9539,0.0
300.0,350.0,1963.863,0.0
310.0,350.0,1920.3923,0.0
320.0,350.0,1877.5413,0.0
330.0,350.0,1835.3103,0.0
340.0,350.0,1793.699,0.0
350.0,350.0,1752.707,0.0
360.0,350.0,1712.3352,0.0
370.0,350.0,1672.5825,0.0
380.0,350.0,1633.4496,0.0
390.0,350.0,1594.9363,0.0
400.0,350.0,1557.0413,0.0
410.0,350.0,1519.7668,0.0
420.0,350.0,1483.112,0.0
430.0,350.0,1447.0773,0.0
440.0,350.0,1411.6622,0.0
450.0,350.0,1376.8667,0.0
460.0,350.0,1342.6921,0.0
470.0,350.0,1309.1375,0.0
480.0,350.0,1276.2026,0.0
490.0,350.0,1243.8887,0.0
500.0,350.0,1212.1953,0.0
510.0,350.0,1181.1229,0.0
520.0,350.0,1150.6726,0.0
530.0,350.0,1120.8423,0.0
540.0,350.0,1091.6343,0.0
550.0,350.0,1063.0481,0.0
560.0,350.0,1035.0841,0.0
570.0,350.0,1007.742,0.0
580.0,350.0,981.02295,0.0
590.0,350.0,954.927,0.0
600.0,350.0,929.454,0.0
610.0,350.0,904.6046,0.0
620.0,350.0,880.3796,0.0
630.0,350.0,856.77844,0.0
640.0,350.0,833.80225,0.0
650.0,350.0,811.4509,0.0
660.0,350.0,789.72473,0.0
670.0,350.0,768.6249,0.0
680.0,350.0,748.1507,0.0
690.0,350.0,728.30347,0.0
700.0,350.0,709.0831,0.0
710.0,350.0,690.4904,0.0
720.0,350.0,672.5258,0.0
730.0,350.0,655.1892,0.0
740.0,350.0,638.48157,0.0
750.0,350.0,622.4032,0.0
760.0,350.0,606.9548,0.0
770.0,350.0,592.13696,0.0
780.0,350.0,577.9497,0.0
790.0,350.0,564.39374,0.0
800.0,350.0,551.46936,0.0
810.0,350.0,539.17773,0.0
820.0,350.0,527.5191,0.0
830.0,350.0,516.49414,0.0
840.0,350.0,506.1027,0.0
850.0,350.0,496.346,0.0
860.0,350.0,487.22455,0.0
870.0,350.0,478.7388,0.0
880.0,350.0,470.88962,0.0
890.0,350.0,463.6771,0.0
900.0,350.0,457.10223,0.0
910.0,350.0,451.16544,0.0
920.0,350.0,445.86743,0.0
930.0,350.0,441.20898,0.0
940.0,350.0,437.19037,0.0
950.0,350.0,433.8121,0.0
960.0,350.0,431.07547,0.0
970.0,350.0,428.98068,0.0
980.0,350.0,427.52856,0.0
990.0,350.0,426.7199,0.0
1000.0,350.0,426.55463,0.0
1010.0,350.0,427.03442,0.0
1020.0,350.0,428.15918,0.0
1030.0,350.0,429.9301,0.0
1040.0,350.0,432.34778,0.0
1050.0,350.0,435.4123,0.0
1060.0,350.0,439.12506,0.0
1070.0,350.0,443.48672,0.0
1080.0,350.0,448.49756,0.0
1090.0,350.0,454.15872,0.0
1100.0,350.0,460.47037,0.0
1110.0,350.0,467.43414,0.0
1120.0,350.0,475.0498,0.0
1130.0,350.0,483.31836,0.0
1140.0,350.0,492.2408,0.0
1150.0,350.0,501.8178,0.0
1160.0,350.0,512.0493,0.0
1170.0,350.0,522.93585,0.0
1180.0,350.0,534.4791,0.0
1190.0,350.0,546.6807,0.0
1200.0,350.0,559.5413,0.0
1210.0,350.0,573.06006,0.0
1220.0,350.0,587.2382,0.0
1230.0,350.0,602.0767,0.0
1240.0,350.0,617.57715,0.0
1250.0,350.0,633.73895,0.0
1260.0,350.0,650.5632,0.0
1270.0,350.0,668.05115,0.0
1280.0,350.0,686.20337,0.0
1290.0,350.0,705.0193,0.0
1300.0,350.0,724.5023,0.0
1310.0,350.0,744.6509,0.0
1320.0,350.0,765.46686,0.0
1330.0,350.0,786.95105,0.0
1340.0,350.0,809.1033,0.0
1350.0,350.0,831.9249,0.0
1360.0,350.0,855.41675,0.0
1370.0,350.0,879.57983,0.0
1380.0,350.0,904.4149,0.0
1390.0,350.0,929.9225,0.0
1400.0,350.0,956.1028,0.0
1410.0,350.0,982.9574,0.0
1420.0,350.0,1010.486,0.0
1430.0,350.0,1038.6907,0.0
1440.0,350.0,1067.5715,0.0
1450.0,350.0,1097.128,0.0
1460.0,350.0,1127.3638,0.0
1470.0,350.0,1158.2776,0.0
1480.0,350.0,1189.8711,0.0
1490.0,350.0,1222.1436,0.0
1500.0,350.0,1255.0963,0.0
1510.0,350.0,1288.7312,0.0
1520.0,350.0,1323.0479,0.0
1530.0,350.0,1358.0474,0.0
1540.0,350.0,1393.7305,0.0
1550.0,350.0,1430.098,0.0
1560.0,350.0,1467.1501,0.0
1570.0,350.0,1504.8885,0.0
1580.0,350.0,1543.3131,0.0
1590.0,350.0,1582.4246,0.0
1600.0,350.0,1622.2245,0.0
1610.0,350.0,1662.7122,0.0
1620.0,350.0,1703.8892,0.0
1630.0,350.0,1745.7576,0.0
1640.0,350.0,1788.3159,0.0
1650.0,350.0,1831.565,0.0
1660.0,350.0,1875.5056,0.0
1670.0,350.0,1920.1389,0.0
1680.0,350.0,1965.4656,0.0
1690.0,350.0,2011.4854,0.0
1700.0,350.0,2058.201,0.0
1710.0,350.0,2105.6106,0.0
1720.0,350.0,2153.7158,0.0
1730.0,350.0,2202.5186,0.0
1740.0,350.0,2252.018,0.0
1750.0,350.0,2302.2163,0.0
1760.0,350.0,2353.1099,0.0
1770.0,350.0,2404.705,0.0
1780.0,350.0,2456.9993,0.0
1790.0,350.0,2509.994,0.0
1800.0,350.0,2563.689,0.0
-200.0,360.0,39270.906,1.0
-190.0,360.0,4758.9463,0.0
-180.0,360.0,4686.5156,0.0
-170.0,360.0,4614.719,0.0
-160.0,360.0,4543.55,0.0
-150.0,360.0,4473.01,0.0
-140.0,360.0,4403.097,0.0
-130.0,360.0,4333.8105,0.0
-120.0,360.0,4265.1514,0.0
-110.0,360.0,4197.1177,0.0
-100.0,360.0,4129.707,0.0
-90.0,360.0,4062.919,0.0
-80.0,360.0,3996.7532,0.0
-70.0,360.0,3931.2083,0.0
-60.0,360.0,3866.2834,0.0
-50.0,360.0,3801.9802,0.0
-40.0,360.0,3738.2927,0.0
-30.0,360.0,3675.2239,0.0
-20.0,360.0,3612.773,0.0
-10.0,360.0,3550.9385,0.0
0.0,360.0,3489.719,0.0
10.0,360.0,3429.1157,0.0
20.0,360.0,3369.1262,0.0
30.0,360.0,3309.7505,0.0
40.0,360.0,3250.9878,0.0
50.0,360.0,3192.836,0.0
60.0,360.0,3135.298,0.0
70.0,360.0,3078.371,0.0
80.0,360.0,3022.0552,0.0
90.0,360.0,2966.3489,0.0
100.0,360.0,2911.253,0.0
110.0,360.0,2856.7666,0.0
120.0,360.0,2802.889,0.0
130.0,360.0,2749.62,0.0
140.0,360.0,2696.9585,0.0
150.0,360.0,2644.905,0.0
160.0,360.0,2593.4592,0.0
170.0,360.0,2542.6206,0.0
180.0,360.0,2492.3882,0.0
190.0,360.0,2442.7622,0.0
200.0,360.0,2393.7422,0.0
210.0,360.0,2345.3281,0.0
220.0,360.0,2297.5195,0.0
230.0,360.0,2250.317,0.0
240.0,360.0,2203.7188,0.0
250.0,360.0,2157.724,0.0
260.0,360.0,2112.3362,0.0
270.0,360.0,2067.552,0.0
280.0,360.0,2023.3728,0.0
290.0,360.0,1979.7981,0.0
300.0,360.0,1936.8259,0.0
310.0,360.0,1894.46,0.0
320.0,360.0,1852.6963,0.0
330.0,360.0,1811.5377,0.0
340.0,360.0,1770.9825,0.0
350.0,360.0,1731.0311,0.0
360.0,360.0,1691.6836,0.0
370.0,360.0,1652.94,0.0
380.0,360.0,1614.7994,0.0
390.0,360.0,1577.2632,0.0
400.0,360.0,1540.331,0.0
410.0,360.0,1504.0021,0.0
420.0,360.0,1468.2776,0.0
430.0,360.0,1433.1575,0.0
440.0,360.0,1398.6409,0.0
450.0,360.0,1364.7292,0.0
460.0,360.0,1331.4218,0.0
470.0,360.0,1298.719,0.0
480.0,360.0,1266.6212,0.0
490.0,360.0,1235.1278,0.0
500.0,360.0,1204.24,0.0
510.0,360.0,1173.9574,0.0
520.0,360.0,1144.28,0.0
530.0,360.0,1115.2087,0.0
540.0,360.0,1086.7432,0.0
550.0,360.0,1058.8843,0.0
560.0,360.0,1031.6311,0.0
570.0,360.0,1004.9853,0.0
580.0,360.0,978.94653,0.0
590.0,360.0,953.515,0.0
600.0,360.0,928.69055,0.0
610.0,360.0,904.475,0.0
620.0,360.0,880.86755,0.0
630.0,360.0,857.86835,0.0
640.0,360.0,835.4782,0.0
650.0,360.0,813.69727,0.0
660.0,360.0,792.52625,0.0
670.0,360.0,771.9652,0.0
680.0,360.0,752.0148,0.0
690.0,360.0,732.67505,0.0
700.0,360.0,713.94714,0.0
710.0,360.0,695.83014,0.0
720.0,360.0,678.3255,0.0
730.0,360.0,661.43414,0.0
740.0,360.0,645.1549,0.0
750.0,360.0,629.4896,0.0
760.0,360.0,614.4381,0.0
770.0,360.0,600.0015,0.0
780.0,360.0,586.1792,0.0
790.0,360.0,572.97217,0.0
800.0,360.0,560.3816,0.0
810.0,360.0,548.40735,0.0
820.0,360.0,537.0499,0.0
830.0,360.0,526.31006,0.0
840.0,360.0,516.18805,0.0
850.0,360.0,506.68472,0.0
860.0,360.0,497.80023,0.0
870.0,360.0,489.53534,0.0
880.0,360.0,481.8908,0.0
890.0,360.0,474.86713,0.0
900.0,360.0,468.4647,0.0
910.0,360.0,462.68372,0.0
920.0,360.0,457.5255,0.0
930.0,360.0,452.99054,0.0
940.0,360.0,449.07925,0.0
950.0,360.0,445.79175,0.0
960.0,360.0,443.12964,0.0
970.0,360.0,441.09326,0.0
980.0,360.0,439.68256,0.0
990.0,360.0,438.89847,0.0
1000.0,360.0,438.74197,0.0
1010.0,360.0,439.21362,0.0
1020.0,360.0,440.3139,0.0
1030.0,360.0,442.0433,0.0
1040.0,360.0,444.40265,0.0
1050.0,360.0,447.3928,0.0
1060.0,360.0,451.01428,0.0
1070.0,360.0,455.2677,0.0
1080.0,360.0,460.1536,0.0
1090.0,360.0,465.67242,0.0
1100.0,360.0,471.82556,0.0
1110.0,360.0,478.61365,0.0
1120.0,360.0,486.03644,0.0
1130.0,360.0,494.09543,0.0
1140.0,360.0,502.79126,0.0
1150.0,360.0,512.12427,0.0
1160.0,360.0,522.0952,0.0
1170.0,360.0,532.704,0.0
1180.0,360.0,543.95166,0.0
1190.0,360.0,555.8406,0.0
1200.0,360.0,568.37103,0.0
1210.0,360.0,581.5428,0.0
1220.0,360.0,595.3567,0.0
1230.0,360.0,609.8136,0.0
1240.0,360.0,624.9143,0.0
1250.0,360.0,640.65924,0.0
1260.0,360.0,657.0493,0.0
1270.0,360.0,674.0858,0.0
1280.0,360.0,691.768,0.0
1290.0,360.0,710.0982,0.0
1300.0,360.0,729.07605,0.0
1310.0,360.0,748.7017,0.0
1320.0,360.0,768.9776,0.0
1330.0,360.0,789.904,0.0
1340.0,360.0,811.48035,0.0
1350.0,360.0,833.7082,0.0
1360.0,360.0,856.589,0.0
1370.0,360.0,880.12146,0.0
1380.0,360.0,904.3086,0.0
1390.0,360.0,929.1505,0.0
1400.0,360.0,954.6475,0.0
1410.0,360.0,980.7997,0.0
1420.0,360.0,1007.60876,0.0
1430.0,360.0,1035.0752,0.0
1440.0,360.0,1063.1985,0.0
1450.0,360.0,1091.9813,0.0
1460.0,360.0,1121.4238,0.0
1470.0,360.0,1151.5267,0.0
1480.0,360.0,1182.2891,0.0
1490.0,360.0,1213.7136,0.0
1500.0,360.0,1245.8004,0.0
1510.0,360.0,1278.5499,0.0
1520.0,360.0,1311.9618,0.0
1530.0,360.0,1346.0388,0.0
1540.0,360.0,1380.7814,0.0
1550.0,360.0,1416.1895,0.0
1560.0,360.0,1452.263,0.0
1570.0,360.0,1489.0037,0.0
1580.0,360.0,1526.4121,0.0
1590.0,360.0,1564.4894,0.0
1600.0,360.0,1603.2351,0.0
1610.0,360.0,1642.6508,0.0
1620.0,360.0,1682.7355,0.0
1630.0,360.0,1723.4928,0.0
1640.0,360.0,1764.9207,0.0
1650.0,360.0,1807.022,0.0
1660.0,360.0,1849.7946,0.0
1670.0,360.0,1893.241,0.0
1680.0,360.0,1937.3628,0.0
1690.0,360.0,1982.1575,0.0
1700.0,360.0,2027.6276,0.0
1710.0,360.0,2073.7744,0.0
1720.0,360.0,2120.5977,0.0
1730.0,360.0,2168.0972,0.0
1740.0,360.0,2216.275,0.0
1750.0,360.0,2265.1306,0.0
1760.0,360.0,2314.6658,0.0
1770.0,360.0,2364.8813,0.0
1780.0,360.0,2415.7751,0.0
1790.0,360.0,2467.3508,0.0
1800.0,360.0,2519.609,0.0
-200.0,370.0,39270.906,1.0
-190.0,370.0,39270.906,1.0
-180.0,370.0,4592.626,0.0
-170.0,370.0,4522.652,0.0
-160.0,370.0,4453.29,0.0
-150.0,370.0,4384.539,0.0
-140.0,370.0,4316.3984,0.0
-130.0,370.0,4248.8643,0.0
-120.0,370.0,4181.942,0.0
-110.0,370.0,4115.625,0.0
-100.0,370.0,4049.9155,0.0
-90.0,370.0,3984.812,0.0
-80.0,370.0,3920.3145,0.0
-70.0,370.0,3856.42,0.0
-60.0,370.0,3793.128,0.0
-50.0,370.0,3730.4402,0.0
-40.0,370.0,3668.3528,0.0
-30.0,370.0,3606.8667,0.0
-20.0,370.0,3545.9814,0.0
-10.0,370.0,3485.6953,0.0
0.0,370.0,3426.011,0.0
10.0,370.0,3366.9236,0.0
20.0,370.0,3308.4346,0.0
30.0,370.0,3250.5427,0.0
40.0,370.0,3193.2476,0.0
50.0,370.0,3136.5488,0.0
60.0,370.0,3080.4456,0.0
70.0,370.0,3024.939,0.0
80.0,370.0,2970.0256,0.0
90.0,370.0,2915.708,0.0
100.0,370.0,2861.984,0.0
110.0,370.0,2808.853,0.0
120.0,370.0,2756.316,0.0
130.0,370.0,2704.372,0.0
140.0,370.0,2653.019,0.0
150.0,370.0,2602.2593,0.0
160.0,370.0,2552.0918,0.0
170.0,370.0,2502.5146,0.0
180.0,370.0,2453.5295,0.0
190.0,370.0,2405.135,0.0
200.0,370.0,2357.3306,0.0
210.0,370.0,2310.1172,0.0
220.0,370.0,2263.4941,0.0
230.0,370.0,2217.4604,0.0
240.0,370.0,2172.0176,0.0
250.0,370.0,2127.1636,0.0
260.0,370.0,2082.8994,0.0
270.0,370.0,2039.2246,0.0
280.0,370.0,1996.1388,0.0
290.0,370.0,1953.6426,0.0
300.0,370.0,1911.7356,0.0
310.0,370.0,1870.4176,0.0
320.0,370.0,1829.6882,0.0
330.0,370.0,1789.5481,0.0
340.0,370.0,1749.9965,0.0
350.0,370.0,1711.0334,0.0
360.0,370.0,1672.6594,0.0
370.0,370.0,1634.8741,0.0
380.0,370.0,1597.6781,0.0
390.0,370.0,1561.0706,0.0
400.0,370.0,1525.052,0.0
410.0,370.0,1489.6221,0.0
420.0,370.0,1454.782,0.0
430.0,370.0,1420.5309,0.0
440.0,370.0,1386.8694,0.0
450.0,370.0,1353.7966,0.0
460.0,370.0,1321.314,0.0
470.0,370.0,1289.4209,0.0
480.0,370.0,1258.1179,0.0
490.0,370.0,1227.4048,0.0
500.0,370.0,1197.2822,0.0
510.0,370.0,1167.7502,0.0
520.0,370.0,1138.8086,0.0
530.0,370.0,1110.4583,0.0
540.0,370.0,1082.6987,0.0
550.0,370.0,1055.5305,0.0
560.0,370.0,1028.9541,0.0
570.0,370.0,1002.9696,0.0
580.0,370.0,977.57715,0.0
590.0,370.0,952.77704,0.0
600.0,370.0,928.57025,0.0
610.0,370.0,904.95624,0.0
620.0,370.0,881.9354,0.0
630.0,370.0,859.5088,0.0
640.0,370.0,837.6754,0.0
650.0,370.0,816.43713,0.0
660.0,370.0,795.7936,0.0
670.0,370.0,775.7453,0.0
680.0,370.0,756.29193,0.0
690.0,370.0,737.435,0.0
700.0,370.0,719.1743,0.0
710.0,370.0,701.5103,0.0
720.0,370.0,684.44366,0.0
730.0,370.0,667.9742,0.0
740.0,370.0,652.10254,0.0
750.0,370.0,636.8297,0.0
760.0,370.0,622.1555,0.0
770.0,370.0,608.0808,0.0
780.0,370.0,594.60535,0.0
790.0,370.0,581.7306,0.0
800.0,370.0,569.45654,0.0
810.0,370.0,557.78455,0.0
820.0,370.0,546.7132,0.0
830.0,370.0,536.24426,0.0
840.0,370.0,526.37836,0.0
850.0,370.0,517.11536,0.0
860.0,370.0,508.4561,0.0
870.0,370.0,500.4012,0.0
880.0,370.0,492.95114,0.0
890.0,370.0,486.10675,0.0
900.0,370.0,479.86798,0.0
910.0,370.0,474.23553,0.0
920.0,370.0,469.21045,0.0
930.0,370.0,464.79224,0.0
940.0,370.0,460.98294,0.0
950.0,370.0,457.7821,0.0
960.0,370.0,455.19043,0.0
970.0,370.0,453.2091,0.0
980.0,370.0,451.83786,0.0
990.0,370.0,451.07773,0.0
1000.0,370.0,450.9292,0.0
1010.0,370.0,451.39355,0.0
1020.0,370.0,452.46985,0.0
1030.0,370.0,454.1604,0.0
1040.0,370.0,456.46442,0.0
1050.0,370.0,459.38367,0.0
1060.0,370.0,462.91824,0.0
1070.0,370.0,467.06854,0.0
1080.0,370.0,471.83594,0.0
1090.0,370.0,477.22012,0.0
1100.0,370.0,483.2226,0.0
1110.0,370.0,489.84348,0.0
1120.0,370.0,497.0838,0.0
1130.0,370.0,504.9437,0.0
1140.0,370.0,513.4241,0.0
1150.0,370.0,522.52515,0.0
1160.0,370.0,532.24866,0.0
1170.0,370.0,542.59393,0.0
1180.0,370.0,553.5617,0.0
1190.0,370.0,565.15283,0.0
1200.0,370.0,577.3699,0.0
1210.0,370.0,590.2125,0.0
1220.0,370.0,603.68036,0.0
1230.0,370.0,617.7746,0.0
1240.0,370.0,632.4963,0.0
1250.0,370.0,647.8457,0.0
1260.0,370.0,663.8236,0.0
1270.0,370.0,680.4306,0.0
1280.0,370.0,697.66797,0.0
1290.0,370.0,715.5352,0.0
1300.0,370.0,734.03424,0.0
1310.0,370.0,753.16406,0.0
1320.0,370.0,772.9277,0.0
1330.0,370.0,793.324,0.0
1340.0,370.0,814.35425,0.0
1350.0,370.0,836.01874,0.0
1360.0,370.0,858.3186,0.0
1370.0,370.0,881.2542,0.0
1380.0,370.0,904.8264,0.0
1390.0,370.0,929.0364,0.0
1400.0,370.0,953.8843,0.0
1410.0,370.0,979.37115,0.0
1420.0,370.0,1005.4967,0.0
1430.0,370.0,1032.2626,0.0
1440.0,370.0,1059.669,0.0
1450.0,370.0,1087.717,0.0
1460.0,370.0,1116.4067,0.0
1470.0,370.0,1145.739,0.0
1480.0,370.0,1175.7147,0.0
1490.0,370.0,1206.3345,0.0
1500.0,370.0,1237.5988,0.0
1510.0,370.0,1269.5083,0.0
1520.0,370.0,1302.064,0.0
1530.0,370.0,1335.266,0.0
1540.0,370.0,1369.1157,0.0
1550.0,370.0,1403.6128,0.0
1560.0,370.0,1438.7589,0.0
1570.0,370.0,1474.5537,0.0
1580.0,370.0,1510.9983,0.0
1590.0,370.0,1548.094,0.0
1600.0,370.0,1585.8416,0.0
1610.0,370.0,1624.2384,0.0
1620.0,370.0,1663.29,0.0
1630.0,370.0,1702.9927,0.0
1640.0,370.0,1743.3499,0.0
1650.0,370.0,1784.3611,0.0
1660.0,370.0,1826.0278,0.0
1670.0,370.0,1868.3484,0.0
1680.0,370.0,1911.3254,0.0
1690.0,370.0,1954.9609,0.0
1700.0,370.0,1999.2516,0.0
1710.0,370.0,2044.2003,0.0
1720.0,370.0,2089.8071,0.0
1730.0,370.0,2136.0737,0.0
1740.0,370.0,2182.9976,0.0
1750.0,370.0,2230.5835,0.0
1760.0,370.0,2278.8289,0.0
1770.0,370.0,2327.7354,0.0
1780.0,370.0,2377.3042,0.0
1790.0,370.0,2427.5352,0.0
1800.0,370.0,2478.4294,0.0
-200.0,380.0,39270.906,1.0
-190.0,380.0,39270.906,1.0
-180.0,380.0,4503.971,0.0
-170.0,380.0,4435.728,0.0
-160.0,380.0,4368.0796,0.0
-150.0,380.0,4301.0264,0.0
-140.0,380.0,4234.5654,0.0
-130.0,380.0,4168.6963,0.0
-120.0,380.0,4103.42,0.0
-110.0,380.0,4038.7363,0.0
-100.0,380.0,3974.6406,0.0
-90.0,380.0,3911.1367,0.0
-80.0,380.0,3848.2207,0.0
-70.0,380.0,3785.892,0.0
-60.0,380.0,3724.152,0.0
-50.0,380.0,3662.9983,0.0
-40.0,380.0,3602.4302,0.0
-30.0,380.0,3542.4482,0.0
-20.0,380.0,3483.0505,0.0
-10.0,380.0,3424.2378,0.0
0.0,380.0,3366.0073,0.0
10.0,380.0,3308.3618,0.0
20.0,380.0,3251.2979,0.0
30.0,380.0,3194.816,0.0
40.0,380.0,3138.916,0.0
50.0,380.0,3083.5962,0.0
60.0,380.0,3028.8586,0.0
70.0,380.0,2974.6997,0.0
80.0,380.0,2921.1213,0.0
90.0,380.0,2868.123,0.0
100.0,380.0,2815.703,0.0
110.0,380.0,2763.8618,0.0
120.0,380.0,2712.599,0.0
130.0,380.0,2661.914,0.0
140.0,380.0,2611.8057,0.0
150.0,380.0,2562.2756,0.0
160.0,380.0,2513.3228,0.0
170.0,380.0,2464.9463,0.0
180.0,380.0,2417.1465,0.0
190.0,380.0,2369.9233,0.0
200.0,380.0,2323.2754,0.0
210.0,380.0,2277.2043,0.0
220.0,380.0,2231.7083,0.0
230.0,380.0,2186.7883,0.0
240.0,380.0,2142.4429,0.0
250.0,380.0,2098.673,0.0
260.0,380.0,2055.4785,0.0
270.0,380.0,2012.8586,0.0
280.0,380.0,1970.8142,0.0
290.0,380.0,1929.3442,0.0
300.0,380.0,1888.4497,0.0
310.0,380.0,1848.1289,0.0
320.0,380.0,1808.3828,0.0
330.0,380.0,1769.2122,0.0
340.0,380.0,1730.615,0.0
350.0,380.0,1692.5925,0.0
360.0,380.0,1655.145,0.0
370.0,380.0,1618.272,0.0
380.0,380.0,1581.9734,0.0
390.0,380.0,1546.2496,0.0
400.0,380.0,1511.1005,0.0
410.0,380.0,1476.5269,0.0
420.0,380.0,1442.5278,0.0
430.0,380.0,1409.1038,0.0
440.0,380.0,1376.2552,0.0
450.0,380.0,1343.9822,0.0
460.0,380.0,1312.2839,0.0
470.0,380.0,1281.1619,0.0
480.0,380.0,1250.6157,0.0
490.0,380.0,1220.6451,0.0
500.0,380.0,1191.2505,0.0
510.0,380.0,1162.4329,0.0
520.0,380.0,1134.1914,0.0
530.0,380.0,1106.5266,0.0
540.0,380.0,1079.4392,0.0
550.0,380.0,1052.9287,0.0
560.0,380.0,1026.9958,0.0
570.0,380.0,1001.6406,0.0
580.0,380.0,976.8638,0.0
590.0,380.0,952.66504,0.0
600.0,380.0,929.0454,0.0
610.0,380.0,906.00415,0.0
620.0,380.0,883.5422,0.0
630.0,380.0,861.6596,0.0
640.0,380.0,840.35693,0.0
650.0,380.0,819.63464,0.0
660.0,380.0,799.49304,0.0
670.0,380.0,779.9325,0.0
680.0,380.0,760.95264,0.0
690.0,380.0,742.5547,0.0
700.0,380.0,724.7389,0.0
710.0,380.0,707.506,0.0
720.0,380.0,690.85535,0.0
730.0,380.0,674.7879,0.0
740.0,380.0,659.3041,0.0
750.0,380.0,644.4045,0.0
760.0,380.0,630.08997,0.0
770.0,380.0,616.3596,0.0
780.0,380.0,603.2148,0.0
790.0,380.0,590.65576,0.0
800.0,380.0,578.6832,0.0
810.0,380.0,567.2974,0.0
820.0,380.0,556.499,0.0
830.0,380.0,546.28815,0.0
840.0,380.0,536.66516,0.0
850.0,380.0,527.6316,0.0
860.0,380.0,519.18665,0.0
870.0,380.0,511.3318,0.0
880.0,380.0,504.06702,0.0
890.0,380.0,497.39264,0.0
900.0,380.0,491.30954,0.0
910.0,380.0,485.81854,0.0
920.0,380.0,480.9196,0.0
930.0,380.0,476.61353,0.0
940.0,380.0,472.90048,0.0
950.0,380.0,469.78192,0.0
960.0,380.0,467.2578,0.0
970.0,380.0,465.3283,0.0
980.0,380.0,463.9944,0.0
990.0,380.0,463.25705,0.0
1000.0,380.0,463.11636,0.0
1010.0,380.0,463.57315,0.0
1020.0,380.0,464.62787,0.0
1030.0,380.0,466.28055,0.0
1040.0,380.0,468.5327,0.0
1050.0,380.0,471.38428,0.0
1060.0,380.0,474.8359,0.0
1070.0,380.0,478.88876,0.0
1080.0,380.0,483.54303,0.0
1090.0,380.0,488.79922,0.0
1100.0,380.0,494.658,0.0
1110.0,380.0,501.12054,0.0
1120.0,380.0,508.18628,0.0
1130.0,380.0,515.8572,0.0
1140.0,380.0,524.1326,0.0
1150.0,380.0,533.0144,0.0
1160.0,380.0,542.5021,0.0
1170.0,380.0,552.5964,0.0
1180.0,380.0,563.29785,0.0
1190.0,380.0,574.6068,0.0
1200.0,380.0,586.52545,0.0
1210.0,380.0,599.0548,0.0
1220.0,380.0,612.1935,0.0
1230.0,380.0,625.9436,0.0
1240.0,380.0,640.3047,0.0
1250.0,380.0,655.2782,0.0
1260.0,380.0,670.86475,0.0
1270.0,380.0,687.06396,0.0
1280.0,380.0,703.8771,0.0
1290.0,380.0,721.30554,0.0
1300.0,380.0,739.3487,0.0
1310.0,380.0,758.00793,0.0
1320.0,380.0,777.28357,0.0
1330.0,380.0,797.17676,0.0
1340.0,380.0,817.68774,0.0
1350.0,380.0,838.8165,0.0
1360.0,380.0,860.56555,0.0
1370.0,380.0,882.93365,0.0
1380.0,380.0,905.9219,0.0
1390.0,380.0,929.53076,0.0
1400.0,380.0,953.76215,0.0
1410.0,380.0,978.61676,0.0
1420.0,380.0,1004.0937,0.0
1430.0,380.0,1030.1942,0.0
1440.0,380.0,1056.9185,0.0
1450.0,380.0,1084.2678,0.0
1460.0,380.0,1112.2435,0.0
1470.0,380.0,1140.8442,0.0
1480.0,380.0,1170.072,0.0
1490.0,380.0,1199.9272,0.0
1500.0,380.0,1230.4109,0.0
1510.0,380.0,1261.5231,0.0
1520.0,380.0,1293.2642,0.0
1530.0,380.0,1325.6355,0.0
1540.0,380.0,1358.637,0.0
1550.0,380.0,1392.2698,0.0
1560.0,380.0,1426.5344,0.0
1570.0,380.0,1461.4316,0.0
1580.0,380.0,1496.9612,0.0
1590.0,380.0,1533.1248,0.0
1600.0,380.0,1569.9221,0.0
1610.0,380.0,1607.355,0.0
1620.0,380.0,1645.4227,0.0
1630.0,380.0,1684.1261,0.0
1640.0,380.0,1723.4662,0.0
1650.0,380.0,1763.4441,0.0
1660.0,380.0,1804.0582,0.0
1670.0,380.0,1845.3105,0.0
1680.0,380.0,1887.2041,0.0
1690.0,380.0,1929.7347,0.0
1700.0,380.0,1972.9067,0.0
1710.0,380.0,2016.7191,0.0
1720.0,380.0,2061.1716,0.0
1730.0,380.0,2106.2656,0.0
1740.0,380.0,2152.0015,0.0
1750.0,380.0,2198.3806,0.0
1760.0,380.0,2245.4019,0.0
1770.0,380.0,2293.0674,0.0
1780.0,380.0,2341.377,0.0
1790.0,380.0,2390.3325,0.0
1800.0,380.0,2439.9326,0.0
-200.0,390.0,39270.906,1.0
-190.0,390.0,39270.906,1.0
-180.0,390.0,4420.1665,0.0
-170.0,390.0,4353.5664,0.0
-160.0,390.0,4287.546,0.0
-150.0,390.0,4222.1055,0.0
-140.0,390.0,4157.241,0.0
-130.0,390.0,4092.9546,0.0
-120.0,390.0,4029.2444,0.0
-110.0,390.0,3966.1099,0.0
-100.0,390.0,3903.5513,0.0
-90.0,390.0,3841.566,0.0
-80.0,390.0,3780.1558,0.0
-70.0,390.0,3719.3174,0.0
-60.0,390.0,3659.0513,0.0
-50.0,390.0,3599.3574,0.0
-40.0,390.0,3540.2334,0.0
-30.0,390.0,3481.6807,0.0
-20.0,390.0,3423.6987,0.0
-10.0,390.0,3366.2861,0.0
0.0,390.0,3309.442,0.0
10.0,390.0,3253.167,0.0
20.0,390.0,3197.4583,0.0
30.0,390.0,3142.3196,0.0
40.0,390.0,3087.7473,0.0
50.0,390.0,3033.7402,0.0
60.0,390.0,2980.3,0.0
70.0,390.0,2927.4263,0.0
80.0,390.0,2875.1177,0.0
90.0,390.0,2823.3745,0.0
100.0,390.0,2772.1958,0.0
110.0,390.0,2721.5815,0.0
120.0,390.0,2671.5315,0.0
130.0,390.0,2622.0457,0.0
140.0,390.0,2573.1226,0.0
150.0,390.0,2524.7632,0.0
160.0,390.0,2476.9673,0.0
170.0,390.0,2429.7334,0.0
180.0,390.0,2383.0632,0.0
190.0,390.0,2336.954,0.0
200.0,390.0,2291.408,0.0
210.0,390.0,2246.4246,0.0
220.0,390.0,2202.0024,0.0
230.0,390.0,2158.1416,0.0
240.0,390.0,2114.843,0.0
250.0,390.0,2072.105,0.0
260.0,390.0,2029.9294,0.0
270.0,390.0,1988.3147,0.0
280.0,390.0,1947.2615,0.0
290.0,390.0,1906.7695,0.0
300.0,390.0,1866.8383,0.0
310.0,390.0,1827.4683,0.0
320.0,390.0,1788.6588,0.0
330.0,390.0,1750.4109,0.0
340.0,390.0,1712.7233,0.0
350.0,390.0,1675.5977,0.0
360.0,390.0,1639.0322,0.0
370.0,390.0,1603.0286,0.0
380.0,390.0,1567.5854,0.0
390.0,390.0,1532.7037,0.0
400.0,390.0,1498.3835,0.0
410.0,390.0,1464.625,0.0
420.0,390.0,1431.4276,0.0
430.0,390.0,1398.7921,0.0
440.0,390.0,1366.7183,0.0
450.0,390.0,1335.2058,0.0
460.0,390.0,1304.2556,0.0
470.0,390.0,1273.8678,0.0
480.0,390.0,1244.0426,0.0
490.0,390.0,1214.7794,0.0
500.0,390.0,1186.0789,0.0
510.0,390.0,1157.9417,0.0
520.0,390.0,1130.3673,0.0
530.0,390.0,1103.3567,0.0
540.0,390.0,1076.9088,0.0
550.0,390.0,1051.0254,0.0
560.0,390.0,1025.706,0.0
570.0,390.0,1000.95056,0.0
580.0,390.0,976.76,0.0
590.0,390.0,953.1345,0.0
600.0,390.0,930.0736,0.0
610.0,390.0,907.5783,0.0
620.0,390.0,885.64856,0.0
630.0,390.0,864.2849,0.0
640.0,390.0,843.4878,0.0
650.0,390.0,823.25745,0.0
660.0,390.0,803.594,0.0
670.0,390.0,784.4981,0.0
680.0,390.0,765.9696,0.0
690.0,390.0,748.00934,0.0
700.0,390.0,730.6174,0.0
710.0,390.0,713.79456,0.0
720.0,390.0,697.5409,0.0
730.0,390.0,681.85626,0.0
740.0,390.0,666.7422,0.0
750.0,390.0,652.19855,0.0
760.0,390.0,638.2256,0.0
770.0,390.0,624.8236,0.0
780.0,390.0,611.9934,0.0
790.0,390.0,599.73566,0.0
800.0,390.0,588.0501,0.0
810.0,390.0,576.938,0.0
820.0,390.0,566.3992,0.0
830.0,390.0,556.43384,0.0
840.0,390.0,547.04285,0.0
850.0,390.0,538.2272,0.0
860.0,390.0,529.9863,0.0
870.0,390.0,522.32153,0.0
880.0,390.0,515.23303,0.0
890.0,390.0,508.72147,0.0
900.0,390.0,502.78708,0.0
910.0,390.0,497.43018,0.0
920.0,390.0,492.6514,0.0
930.0,390.0,488.45166,0.0
940.0,390.0,484.83096,0.0
950.0,390.0,481.79065,0.0
960.0,390.0,479.33038,0.0
970.0,390.0,477.45114,0.0
980.0,390.0,476.1532,0.0
990.0,390.0,475.43713,0.0
1000.0,390.0,475.3039,0.0
1010.0,390.0,475.7533,0.0
1020.0,390.0,476.7866,0.0
1030.0,390.0,478.40405,0.0
1040.0,390.0,480.6059,0.0
1050.0,390.0,483.3931,0.0
1060.0,390.0,486.76657,0.0
1070.0,390.0,490.72626,0.0
1080.0,390.0,495.27313,0.0
1090.0,390.0,500.4072,0.0
1100.0,390.0,506.12952,0.0
1110.0,390.0,512.44037,0.0
1120.0,390.0,519.3413,0.0
1130.0,390.0,526.8318,0.0
1140.0,390.0,534.9125,0.0
1150.0,390.0,543.58417,0.0
1160.0,390.0,552.84766,0.0
1170.0,390.0,562.7033,0.0
1180.0,390.0,573.1511,0.0
1190.0,390.0,584.192,0.0
1200.0,390.0,595.8268,0.0
1210.0,390.0,608.05774,0.0
1220.0,390.0,620.88416,0.0
1230.0,390.0,634.3057,0.0
1240.0,390.0,648.3236,0.0
1250.0,390.0,662.9393,0.0
1260.0,390.0,678.15247,0.0
1270.0,390.0,693.9642,0.0
1280.0,390.0,710.37427,0.0
1290.0,390.0,727.3842,0.0
1300.0,390.0,744.9943,0.0
1310.0,390.0,763.20514,0.0
1320.0,390.0,782.0174,0.0
1330.0,390.0,801.4315,0.0
1340.0,390.0,821.4481,0.0
1350.0,390.0,842.0679,0.0
1360.0,390.0,863.2919,0.0
1370.0,390.0,885.11993,0.0
1380.0,390.0,907.55273,0.0
1390.0,390.0,930.5912,0.0
1400.0,390.0,954.2354,0.0
1410.0,390.0,978.48737,0.0
1420.0,390.0,1003.34705,0.0
1430.0,390.0,1028.815,0.0
1440.0,390.0,1054.8906,0.0
1450.0,390.0,1081.5765,0.0
1460.0,390.0,1108.8716,0.0
1470.0,390.0,1136.7771,0.0
1480.0,390.0,1165.2942,0.0
1490.0,390.0,1194.4224,0.0
1500.0,390.0,1224.1631,0.0
1510.0,390.0,1254.5166,0.0
1520.0,390.0,1285.4834,0.0
1530.0,390.0,1317.0642,0.0
1540.0,390.0,1349.259,0.0
1550.0,390.0,1382.0706,0.0
1560.0,390.0,1415.4974,0.0
1570.0,390.0,1449.5398,0.0
1580.0,390.0,1484.1997,0.0
1590.0,390.0,1519.4768,0.0
1600.0,390.0,1555.3729,0.0
1610.0,390.0,1591.8877,0.0
1620.0,390.0,1629.021,0.0
1630.0,390.0,1666.7737,0.0
1640.0,390.0,1705.1467,0.0
1650.0,390.0,1744.1414,0.0
1660.0,390.0,1783.7568,0.0
1670.0,390.0,1823.9939,0.0
1680.0,390.0,1864.8538,0.0
1690.0,390.0,1906.3375,0.0
1700.0,390.0,1948.4446,0.0
1710.0,390.0,1991.1758,0.0
1720.0,390.0,2034.5321,0.0
1730.0,390.0,2078.5122,0.0
1740.0,390.0,2123.1184,0.0
1750.0,390.0,2168.3503,0.0
1760.0,390.0,2214.21,0.0
1770.0,390.0,2260.6953,0.0
1780.0,390.0,2307.8088,0.0
1790.0,390.0,2355.5513,0.0
1800.0,390.0,2403.921,0.0
-200.0,400.0,39270.906,1.0
-190.0,400.0,39270.906,1.0
-180.0,400.0,39270.906,1.0
-170.0,400.0,4275.827,0.0
-160.0,400.0,4211.356,0.0
-150.0,400.0,4147.4497,0.0
-140.0,400.0,4084.1062,0.0
-130.0,400.0,4021.3245,0.0
-120.0,400.0,3959.1055,0.0
-110.0,400.0,3897.4463,0.0
-100.0,400.0,3836.3496,0.0
-90.0,400.0,3775.8118,0.0
-80.0,400.0,3715.8323,0.0
-70.0,400.0,3656.4126,0.0
-60.0,400.0,3597.551,0.0
-50.0,400.0,3539.247,0.0
-40.0,400.0,3481.4995,0.0
-30.0,400.0,3424.3088,0.0
-20.0,400.0,3367.6738,0.0
-10.0,400.0,3311.5947,0.0
0.0,400.0,3256.0708,0.0
10.0,400.0,3201.1016,0.0
20.0,400.0,3146.6865,0.0
30.0,400.0,3092.8252,0.0
40.0,400.0,3039.5166,0.0
50.0,400.0,2986.7612,0.0
60.0,400.0,2934.558,0.0
70.0,400.0,2882.9077,0.0
80.0,400.0,2831.8098,0.0
90.0,400.0,2781.2627,0.0
100.0,400.0,2731.2673,0.0
110.0,400.0,2681.823,0.0
120.0,400.0,2632.9292,0.0
130.0,400.0,2584.5854,0.0
140.0,400.0,2536.7917,0.0
150.0,400.0,2489.5488,0.0
160.0,400.0,2442.8555,0.0
170.0,400.0,2396.7122,0.0
180.0,400.0,2351.1174,0.0
190.0,400.0,2306.0723,0.0
200.0,400.0,2261.5762,0.0
210.0,400.0,2217.6294,0.0
220.0,400.0,2174.231,0.0
230.0,400.0,2131.3809,0.0
240.0,400.0,2089.079,0.0
250.0,400.0,2047.326,0.0
260.0,400.0,2006.1216,0.0
270.0,400.0,1965.4657,0.0
280.0,400.0,1925.3579,0.0
290.0,400.0,1885.7981,0.0
300.0,400.0,1846.7865,0.0
310.0,400.0,1808.3228,0.0
320.0,400.0,1770.4064,0.0
330.0,400.0,1733.0387,0.0
340.0,400.0,1696.219,0.0
350.0,400.0,1659.948,0.0
360.0,400.0,1624.2244,0.0
370.0,400.0,1589.05,0.0
380.0,400.0,1554.4232,0.0
390.0,400.0,1520.3448,0.0
400.0,400.0,1486.815,0.0
410.0,400.0,1453.8336,0.0
420.0,400.0,1421.4009,0.0
430.0,400.0,1389.5168,0.0
440.0,400.0,1358.1823,0.0
450.0,400.0,1327.3961,0.0
460.0,400.0,1297.1597,0.0
470.0,400.0,1267.4719,0.0
480.0,400.0,1238.3342,0.0
490.0,400.0,1209.7463,0.0
500.0,400.0,1181.7078,0.0
510.0,400.0,1154.22,0.0
520.0,400.0,1127.2817,0.0
530.0,400.0,1100.8945,0.0
540.0,400.0,1075.0579,0.0
550.0,400.0,1049.7721,0.0
560.0,400.0,1025.0375,0.0
570.0,400.0,1000.85474,0.0
580.0,400.0,977.22363,0.0
590.0,400.0,954.144,0.0
600.0,400.0,931.61725,0.0
610.0,400.0,909.64233,0.0
620.0,400.0,888.22046,0.0
630.0,400.0,867.3519,0.0
640.0,400.0,847.0369,0.0
650.0,400.0,827.2754,0.0
660.0,400.0,808.0685,0.0
670.0,400.0,789.4158,0.0
680.0,400.0,771.31775,0.0
690.0,400.0,753.7751,0.0
700.0,400.0,736.78735,0.0
710.0,400.0,720.35583,0.0
720.0,400.0,704.4806,0.0
730.0,400.0,689.1615,0.0
740.0,400.0,674.3999,0.0
750.0,400.0,660.1957,0.0
760.0,400.0,646.5488,0.0
770.0,400.0,633.4603,0.0
780.0,400.0,620.9303,0.0
790.0,400.0,608.9597,0.0
800.0,400.0,597.5481,0.0
810.0,400.0,586.69617,0.0
820.0,400.0,576.40497,0.0
830.0,400.0,566.67444,0.0
840.0,400.0,557.50464,0.0
850.0,400.0,548.8966,0.0
860.0,400.0,540.85065,0.0
870.0,400.0,533.3672,0.0
880.0,400.0,526.44696,0.0
890.0,400.0,520.09033,0.0
900.0,400.0,514.29724,0.0
910.0,400.0,509.0679,0.0
920.0,400.0,504.40436,0.0
930.0,400.0,500.30615,0.0
940.0,400.0,496.77393,0.0
950.0,400.0,493.80768,0.0
960.0,400.0,491.40875,0.0
970.0,400.0,489.5767,0.0
980.0,400.0,488.313,0.0
990.0,400.0,487.6175,0.0
1000.0,400.0,487.4909,0.0
1010.0,400.0,487.9342,0.0
1020.0,400.0,488.94678,0.0
1030.0,400.0,490.53046,0.0
1040.0,400.0,492.68484,0.0
1050.0,400.0,495.41083,0.0
1060.0,400.0,498.7093,0.0
1070.0,400.0,502.58023,0.0
1080.0,400.0,507.0243,0.0
1090.0,400.0,512.0421,0.0
1100.0,400.0,517.63434,0.0
1110.0,400.0,523.80133,0.0
1120.0,400.0,530.5442,0.0
1130.0,400.0,537.8626,0.0
1140.0,400.0,545.7577,0.0
1150.0,400.0,554.22943,0.0
1160.0,400.0,563.2793,0.0
1170.0,400.0,572.9077,0.0
1180.0,400.0,583.11426,0.0
1190.0,400.0,593.8993,0.0
1200.0,400.0,605.2637,0.0
1210.0,400.0,617.2096,0.0
1220.0,400.0,629.7376,0.0
1230.0,400.0,642.84705,0.0
1240.0,400.0,656.5386,0.0
1250.0,400.0,670.81287,0.0
1260.0,400.0,685.6706,0.0
1270.0,400.0,701.11285,0.0
1280.0,400.0,717.13904,0.0
1290.0,400.0,733.7501,0.0
1300.0,400.0,750.9476,0.0
1310.0,400.0,768.73145,0.0
1320.0,400.0,787.10144,0.0
1330.0,400.0,806.05945,0.0
1340.0,400.0,825.6052,0.0
1350.0,400.0,845.74023,0.0
1360.0,400.0,866.46387,0.0
1370.0,400.0,887.77783,0.0
1380.0,400.0,909.6815,0.0
1390.0,400.0,932.17615,0.0
1400.0,400.0,955.2621,0.0
1410.0,400.0,978.9403,0.0
1420.0,400.0,1003.2117,0.0
1430.0,400.0,1028.076,0.0
1440.0,400.0,1053.5352,0.0
1450.0,400.0,1079.5879,0.0
1460.0,400.0,1106.2358,0.0
1470.0,400.0,1133.4792,0.0
1480.0,400.0,1161.3188,0.0
1490.0,400.0,1189.7544,0.0
1500.0,400.0,1218.7881,0.0
1510.0,400.0,1248.4192,0.0
1520.0,400.0,1278.6484,0.0
1530.0,400.0,1309.4769,0.0
1540.0,400.0,1340.9055,0.0
1550.0,400.0,1372.9338,0.0
1560.0,400.0,1405.562,0.0
1570.0,400.0,1438.7921,0.0
1580.0,400.0,1472.6238,0.0
1590.0,400.0,1507.0568,0.0
1600.0,400.0,1542.0938,0.0
1610.0,400.0,1577.7346,0.0
1620.0,400.0,1613.9778,0.0
1630.0,400.0,1650.8267,0.0
1640.0,400.0,1688.2793,0.0
1650.0,400.0,1726.3381,0.0
1660.0,400.0,1765.0023,0.0
1670.0,400.0,1804.2736,0.0
1680.0,400.0,1844.1516,0.0
1690.0,400.0,1884.6372,0.0
1700.0,400.0,1925.7307,0.0
1710.0,400.0,1967.4335,0.0
1720.0,400.0,2009.7444,0.0
1730.0,400.0,2052.6658,0.0
1740.0,400.0,2096.1965,0.0
1750.0,400.0,2140.3374,0.0
1760.0,400.0,2185.0898,0.0
1770.0,400.0,2230.4536,0.0
1780.0,400.0,2276.4282,0.0
1790.0,400.0,2323.0166,0.0
1800.0,400.0,2370.2183,0.0
-200.0,410.0,39270.906,1.0
-190.0,410.0,39270.906,1.0
-180.0,410.0,39270.906,1.0
-170.0,410.0,4202.2017,0.0
-160.0,410.0,4139.2075,0.0
-150.0,410.0,4076.7634,0.0
-140.0,410.0,4014.8677,0.0
-130.0,410.0,3953.5198,0.0
-120.0,410.0,3892.7217,0.0
-110.0,410.0,3832.4702,0.0
-100.0,410.0,3772.7654,0.0
-90.0,410.0,3713.607,0.0
-80.0,410.0,3654.9941,0.0
-70.0,410.0,3596.927,0.0
-60.0,410.0,3539.4038,0.0
-50.0,410.0,3482.4258,0.0
-40.0,410.0,3425.9885,0.0
-30.0,410.0,3370.0972,0.0
-20.0,410.0,3314.747,0.0
-10.0,410.0,3259.9404,0.0
0.0,410.0,3205.6753,0.0
10.0,410.0,3151.9517,0.0
20.0,410.0,3098.7686,0.0
30.0,410.0,3046.126,0.0
40.0,410.0,2994.0244,0.0
50.0,410.0,2942.4622,0.0
60.0,410.0,2891.4402,0.0
70.0,410.0,2840.957,0.0
80.0,410.0,2791.0142,0.0
90.0,410.0,2741.6084,0.0
100.0,410.0,2692.742,0.0
110.0,410.0,2644.4133,0.0
120.0,410.0,2596.623,0.0
130.0,410.0,2549.3706,0.0
140.0,410.0,2502.6543,0.0
150.0,410.0,2456.4766,0.0
160.0,410.0,2410.8354,0.0
170.0,410.0,2365.7314,0.0
180.0,410.0,2321.165,0.0
190.0,410.0,2277.1348,0.0
200.0,410.0,2233.6406,0.0
210.0,410.0,2190.6836,0.0
220.0,410.0,2148.2627,0.0
230.0,410.0,2106.3777,0.0
240.0,410.0,2065.0278,0.0
250.0,410.0,2024.2152,0.0
260.0,410.0,1983.938,0.0
270.0,410.0,1944.1968,0.0
280.0,410.0,1904.9912,0.0
290.0,410.0,1866.3218,0.0
300.0,410.0,1828.1875,0.0
310.0,410.0,1790.5887,0.0
320.0,410.0,1753.5265,0.0
330.0,410.0,1716.9993,0.0
340.0,410.0,1681.0082,0.0
350.0,410.0,1645.5527,0.0
360.0,410.0,1610.6332,0.0
370.0,410.0,1576.2502,0.0
380.0,410.0,1542.4026,0.0
390.0,410.0,1509.0916,0.0
400.0,410.0,1476.3164,0.0
410.0,410.0,1444.0778,0.0
420.0,410.0,1412.3755,0.0
430.0,410.0,1381.2096,0.0
440.0,410.0,1350.5801,0.0
450.0,410.0,1320.4879,0.0
460.0,410.0,1290.9325,0.0
470.0,410.0,1261.9141,0.0
480.0,410.0,1233.4331,0.0
490.0,410.0,1205.489,0.0
500.0,410.0,1178.0833,0.0
510.0,410.0,1151.2151,0.0
520.0,410.0,1124.8848,0.0
530.0,410.0,1099.0933,0.0
540.0,410.0,1073.8398,0.0
550.0,410.0,1049.1249,0.0
560.0,410.0,1024.9495,0.0
570.0,410.0,1001.31305,0.0
580.0,410.0,978.2157,0.0
590.0,410.0,955.6583,0.0
600.0,410.0,933.6405,0.0
610.0,410.0,912.1633,0.0
620.0,410.0,891.2265,0.0
630.0,410.0,870.8308,0.0
640.0,410.0,850.97595,0.0
650.0,410.0,831.66284,0.0
660.0,410.0,812.8915,0.0
670.0,410.0,794.6621,0.0
680.0,410.0,776.97485,0.0
690.0,410.0,759.83044,0.0
700.0,410.0,743.2291,0.0
710.0,410.0,727.1718,0.0
720.0,410.0,711.6575,0.0
730.0,410.0,696.6879,0.0
740.0,410.0,682.2627,0.0
750.0,410.0,668.3821,0.0
760.0,410.0,655.04663,0.0
770.0,410.0,642.2574,0.0
780.0,410.0,630.0143,0.0
790.0,410.0,618.31726,0.0
800.0,410.0,607.167,0.0
810.0,410.0,596.5647,0.0
820.0,410.0,586.50964,0.0
830.0,410.0,577.0028,0.0
840.0,410.0,568.04425,0.0
850.0,410.0,559.635,0.0
860.0,410.0,551.7748,0.0
870.0,410.0,544.46484,0.0
880.0,410.0,537.7051,0.0
890.0,410.0,531.4961,0.0
900.0,410.0,525.838,0.0
910.0,410.0,520.7313,0.0
920.0,410.0,516.1773,0.0
930.0,410.0,512.17566,0.0
940.0,410.0,508.72748,0.0
950.0,410.0,505.83246,0.0
960.0,410.0,503.49164,0.0
970.0,410.0,501.70544,0.0
980.0,410.0,500.47385,0.0
990.0,410.0,499.79788,0.0
1000.0,410.0,499.67813,0.0
1010.0,410.0,500.115,0.0
1020.0,410.0,501.1087,0.0
1030.0,410.0,502.65927,0.0
1040.0,410.0,504.7687,0.0
1050.0,410.0,507.43616,0.0
1060.0,410.0,510.6629,0.0
1070.0,410.0,514.449,0.0
1080.0,410.0,518.79535,0.0
1090.0,410.0,523.7022,0.0
1100.0,410.0,529.17017,0.0
1110.0,410.0,535.1997,0.0
1120.0,410.0,541.79175,0.0
1130.0,410.0,548.9464,0.0
1140.0,410.0,556.6643,0.0
1150.0,410.0,564.9459,0.0
1160.0,410.0,573.7916,0.0
1170.0,410.0,583.20215,0.0
1180.0,410.0,593.1784,0.0
1190.0,410.0,603.71924,0.0
1200.0,410.0,614.82666,0.0
1210.0,410.0,626.50037,0.0
1220.0,410.0,638.7439,0.0
1230.0,410.0,651.5552,0.0
1240.0,410.0,664.93506,0.0
1250.0,410.0,678.8838,0.0
1260.0,410.0,693.4025,0.0
1270.0,410.0,708.4923,0.0
1280.0,410.0,724.1522,0.0
1290.0,410.0,740.3835,0.0
1300.0,410.0,757.18713,0.0
1310.0,410.0,774.5633,0.0
1320.0,410.0,792.51196,0.0
1330.0,410.0,811.0347,0.0
1340.0,410.0,830.1319,0.0
1350.0,410.0,849.80396,0.0
1360.0,410.0,870.05115,0.0
1370.0,410.0,890.8738,0.0
1380.0,410.0,912.273,0.0
1390.0,410.0,934.2498,0.0
1400.0,410.0,956.803,0.0
1410.0,410.0,979.9347,0.0
1420.0,410.0,1003.6448,0.0
1430.0,410.0,1027.9343,0.0
1440.0,410.0,1052.8043,0.0
1450.0,410.0,1078.2545,0.0
1460.0,410.0,1104.2852,0.0
1470.0,410.0,1130.897,0.0
1480.0,410.0,1158.0903,0.0
1490.0,410.0,1185.8663,0.0
1500.0,410.0,1214.2258,0.0
1510.0,410.0,1243.1683,0.0
1520.0,410.0,1272.6947,0.0
1530.0,410.0,1302.8062,0.0
1540.0,410.0,1333.5026,0.0
1550.0,410.0,1364.7849,0.0
1560.0,410.0,1396.6522,0.0
1570.0,410.0,1429.1078,0.0
1580.0,410.0,1462.1497,0.0
1590.0,410.0,1495.779,0.0
1600.0,410.0,1529.9983,0.0
1610.0,410.0,1564.8044,0.0
1620.0,410.0,1600.2008,0.0
1630.0,410.0,1636.1868,0.0
1640.0,410.0,1672.7626,0.0
1650.0,410.0,1709.9297,0.0
1660.0,410.0,1747.6884,0.0
1670.0,410.0,1786.0385,0.0
1680.0,410.0,1824.9805,0.0
1690.0,410.0,1864.5154,0.0
1700.0,410.0,1904.6436,0.0
1710.0,410.0,1945.366,0.0
1720.0,410.0,1986.6821,0.0
1730.0,410.0,2028.5935,0.0
1740.0,410.0,2071.0996,0.0
1750.0,410.0,2114.2007,0.0
1760.0,410.0,2157.8992,0.0
1770.0,410.0,2202.1943,0.0
1780.0,410.0,2247.0845,0.0
1790.0,410.0,2292.5737,0.0
1800.0,410.0,2338.6597,0.0
-200.0,420.0,39270.906,1.0
-190.0,420.0,39270.906,1.0
-180.0,420.0,39270.906,1.0
-170.0,420.0,4132.411,0.0
-160.0,420.0,4070.8242,0.0
-150.0,420.0,4009.7754,0.0
-140.0,420.0,3949.2612,0.0
-130.0,420.0,3889.2827,0.0
-120.0,420.0,3829.8394,0.0
-110.0,420.0,3770.9302,0.0
-100.0,420.0,3712.5557,0.0
-90.0,420.0,3654.7134,0.0
-80.0,420.0,3597.4043,0.0
-70.0,420.0,3540.627,0.0
-60.0,420.0,3484.3823,0.0
-50.0,420.0,3428.6682,0.0
-40.0,420.0,3373.4849,0.0
-30.0,420.0,3318.8325,0.0
-20.0,420.0,3264.711,0.0
-10.0,420.0,3211.1182,0.0
0.0,420.0,3158.0544,0.0
10.0,420.0,3105.521,0.0
20.0,420.0,3053.5144,0.0
30.0,420.0,3002.037,0.0
40.0,420.0,2951.088,0.0
50.0,420.0,2900.665,0.0
60.0,420.0,2850.7698,0.0
70.0,420.0,2801.4016,0.0
80.0,420.0,2752.561,0.0
90.0,420.0,2704.2468,0.0
100.0,420.0,2656.4585,0.0
110.0,420.0,2609.1958,0.0
120.0,420.0,2562.4595,0.0
130.0,420.0,2516.249,0.0
140.0,420.0,2470.5625,0.0
150.0,420.0,2425.4028,0.0
160.0,420.0,2380.768,0.0
170.0,420.0,2336.658,0.0
180.0,420.0,2293.0728,0.0
190.0,420.0,2250.012,0.0
200.0,420.0,2207.476,0.0
210.0,420.0,2165.4644,0.0
220.0,420.0,2123.9773,0.0
230.0,420.0,2083.015,0.0
240.0,420.0,2042.5754,0.0
250.0,420.0,2002.66,0.0
260.0,420.0,1963.2697,0.0
270.0,420.0,1924.4028,0.0
280.0,420.0,1886.0594,0.0
290.0,420.0,1848.2406,0.0
300.0,420.0,1810.9451,0.0
310.0,420.0,1774.1737,0.0
320.0,420.0,1737.9266,0.0
330.0,420.0,1702.2032,0.0
340.0,420.0,1667.0042,0.0
350.0,420.0,1632.3293,0.0
360.0,420.0,1598.1782,0.0
370.0,420.0,1564.5515,0.0
380.0,420.0,1531.4495,0.0
390.0,420.0,1498.8712,0.0
400.0,420.0,1466.8176,0.0
410.0,420.0,1435.2886,0.0
420.0,420.0,1404.2844,0.0
430.0,420.0,1373.8044,0.0
440.0,420.0,1343.8503,0.0
450.0,420.0,1314.4207,0.0
460.0,420.0,1285.5166,0.0
470.0,420.0,1257.1377,0.0
480.0,420.0,1229.2847,0.0
490.0,420.0,1201.9568,0.0
500.0,420.0,1175.1555,0.0
510.0,420.0,1148.8799,0.0
520.0,420.0,1123.1307,0.0
530.0,420.0,1097.9083,0.0
540.0,420.0,1073.2126,0.0
550.0,420.0,1049.0438,0.0
560.0,420.0,1025.4026,0.0
570.0,420.0,1002.2884,0.0
580.0,420.0,979.7018,0.0
590.0,420.0,957.64276,0.0
600.0,420.0,936.1129,0.0
610.0,420.0,915.11084,0.0
620.0,420.0,894.638,0.0
630.0,420.0,874.6939,0.0
640.0,420.0,855.2794,0.0
650.0,420.0,836.39453,0.0
660.0,420.0,818.03937,0.0
670.0,420.0,800.2148,0.0
680.0,420.0,782.9204,0.0
690.0,420.0,766.1572,0.0
700.0,420.0,749.92505,0.0
710.0,420.0,734.22455,0.0
720.0,420.0,719.05615,0.0
730.0,420.0,704.42004,0.0
740.0,420.0,690.3168,0.0
750.0,420.0,676.7457,0.0
760.0,420.0,663.7081,0.0
770.0,420.0,651.2046,0.0
780.0,420.0,639.23535,0.0
790.0,420.0,627.80096,0.0
800.0,420.0,616.9006,0.0
810.0,420.0,606.53564,0.0
820.0,420.0,596.7067,0.0
830.0,420.0,587.4136,0.0
840.0,420.0,578.65704,0.0
850.0,420.0,570.4376,0.0
860.0,420.0,562.7548,0.0
870.0,420.0,555.6103,0.0
880.0,420.0,549.00415,0.0
890.0,420.0,542.9364,0.0
900.0,420.0,537.4077,0.0
910.0,420.0,532.4184,0.0
920.0,420.0,527.9687,0.0
930.0,420.0,524.05963,0.0
940.0,420.0,520.6915,0.0
950.0,420.0,517.8647,0.0
960.0,420.0,515.5792,0.0
970.0,420.0,513.8366,0.0
980.0,420.0,512.6362,0.0
990.0,420.0,511.97845,0.0
1000.0,420.0,511.86542,0.0
1010.0,420.0,512.2959,0.0
1020.0,420.0,513.271,0.0
1030.0,420.0,514.7914,0.0
1040.0,420.0,516.85693,0.0
1050.0,420.0,519.4689,0.0
1060.0,420.0,522.62714,0.0
1070.0,420.0,526.33234,0.0
1080.0,420.0,530.5853,0.0
1090.0,420.0,535.3861,0.0
1100.0,420.0,540.7355,0.0
1110.0,420.0,546.63354,0.0
1120.0,420.0,553.0815,0.0
1130.0,420.0,560.0796,0.0
1140.0,420.0,567.6281,0.0
1150.0,420.0,575.72705,0.0
1160.0,420.0,584.3784,0.0
1170.0,420.0,593.5819,0.0
1180.0,420.0,603.3375,0.0
1190.0,420.0,613.646,0.0
1200.0,420.0,624.50696,0.0
1210.0,420.0,635.92206,0.0
1220.0,420.0,647.8925,0.0
1230.0,420.0,660.41925,0.0
1240.0,420.0,673.5012,0.0
1250.0,420.0,687.1395,0.0
1260.0,420.0,701.33453,0.0
1270.0,420.0,716.0868,0.0
1280.0,420.0,731.3975,0.0
1290.0,420.0,747.26636,0.0
1300.0,420.0,763.694,0.0
1310.0,420.0,780.6809,0.0
1320.0,420.0,798.2273,0.0
1330.0,420.0,816.335,0.0
1340.0,420.0,835.00305,0.0
1350.0,420.0,854.2332,0.0
1360.0,420.0,874.0249,0.0
1370.0,420.0,894.37976,0.0
1380.0,420.0,915.2971,0.0
1390.0,420.0,936.77826,0.0
1400.0,420.0,958.82385,0.0
1410.0,420.0,981.43353,0.0
1420.0,420.0,1004.6083,0.0
1430.0,420.0,1028.3489,0.0
1440.0,420.0,1052.6558,0.0
1450.0,420.0,1077.5305,0.0
1460.0,420.0,1102.9727,0.0
1470.0,420.0,1128.9817,0.0
1480.0,420.0,1155.5593,0.0
1490.0,420.0,1182.7053,0.0
1500.0,420.0,1210.4211,0.0
1510.0,420.0,1238.7068,0.0
1520.0,420.0,1267.5623,0.0
1530.0,420.0,1296.9886,0.0
1540.0,420.0,1326.987,0.0
1550.0,420.0,1357.557,0.0
1560.0,420.0,1388.6992,0.0
1570.0,420.0,1420.415,0.0
1580.0,420.0,1452.7039,0.0
1590.0,420.0,1485.5664,0.0
1600.0,420.0,1519.0038,0.0
1610.0,420.0,1553.0156,0.0
1620.0,420.0,1587.6028,0.0
1630.0,420.0,1622.7666,0.0
1640.0,420.0,1658.5061,0.0
1650.0,420.0,1694.8218,0.0
1660.0,420.0,1731.7153,0.0
1670.0,420.0,1769.1875,0.0
1680.0,420.0,1807.2358,0.0
1690.0,420.0,1845.8645,0.0
1700.0,420.0,1885.072,0.0
1710.0,420.0,1924.8591,0.0
1720.0,420.0,1965.2263,0.0
1730.0,420.0,2006.1743,0.0
1740.0,420.0,2047.702,0.0
1750.0,420.0,2089.8113,0.0
1760.0,420.0,2132.505,0.0
1770.0,420.0,2175.7788,0.0
1780.0,420.0,2219.6365,0.0
1790.0,420.0,2264.0774,0.0
1800.0,420.0,2309.1008,0.0
-200.0,430.0,39270.906,1.0
-190.0,430.0,39270.906,1.0
-180.0,430.0,39270.906,1.0
-170.0,430.0,39270.906,1.0
-160.0,430.0,4005.9573,0.0
-150.0,430.0,3946.2405,0.0
-140.0,430.0,3887.0461,0.0
-130.0,430.0,3828.3745,0.0
-120.0,430.0,3770.227,0.0
-110.0,430.0,3712.6,0.0
-100.0,430.0,3655.4956,0.0
-90.0,430.0,3598.9114,0.0
-80.0,430.0,3542.848,0.0
-70.0,430.0,3487.3047,0.0
-60.0,430.0,3432.2803,0.0
-50.0,430.0,3377.7756,0.0
-40.0,430.0,3323.789,0.0
-30.0,430.0,3270.3218,0.0
-20.0,430.0,3217.3726,0.0
-10.0,430.0,3164.9414,0.0
0.0,430.0,3113.0266,0.0
10.0,430.0,3061.6292,0.0
20.0,430.0,3010.749,0.0
30.0,430.0,2960.3848,0.0
40.0,430.0,2910.5366,0.0
50.0,430.0,2861.2031,0.0
60.0,430.0,2812.3867,0.0
70.0,430.0,2764.0854,0.0
80.0,430.0,2716.2988,0.0
90.0,430.0,2669.0273,0.0
100.0,430.0,2622.2705,0.0
110.0,430.0,2576.0276,0.0
120.0,430.0,2530.2996,0.0
130.0,430.0,2485.0852,0.0
140.0,430.0,2440.3848,0.0
150.0,430.0,2396.1978,0.0
160.0,430.0,2352.5244,0.0
170.0,430.0,2309.3657,0.0
180.0,430.0,2266.7192,0.0
190.0,430.0,2224.587,0.0
200.0,430.0,2182.9668,0.0
210.0,430.0,2141.86,0.0
220.0,430.0,2101.2659,0.0
230.0,430.0,2061.1846,0.0
240.0,430.0,2021.6168,0.0
250.0,430.0,1982.5605,0.0
260.0,430.0,1944.0173,0.0
270.0,430.0,1905.987,0.0
280.0,430.0,1868.4692,0.0
290.0,430.0,1831.4644,0.0
300.0,430.0,1794.9724,0.0
310.0,430.0,1758.9923,0.0
320.0,430.0,1723.5249,0.0
330.0,430.0,1688.5713,0.0
340.0,430.0,1654.129,0.0
350.0,430.0,1620.2008,0.0
360.0,430.0,1586.7852,0.0
370.0,430.0,1553.8829,0.0
380.0,430.0,1521.493,0.0
390.0,430.0,1489.6165,0.0
400.0,430.0,1458.2532,0.0
410.0,430.0,1427.4038,0.0
420.0,430.0,1397.0674,0.0
430.0,430.0,1367.2448,0.0
440.0,430.0,1337.9355,0.0
450.0,430.0,1309.1406,0.0
460.0,430.0,1280.8597,0.0
470.0,430.0,1253.0933,0.0
480.0,430.0,1225.8403,0.0
490.0,430.0,1199.1025,0.0
500.0,430.0,1172.8794,0.0
510.0,430.0,1147.1714,0.0
520.0,430.0,1121.9784,0.0
530.0,430.0,1097.3007,0.0
540.0,430.0,1073.1385,0.0
550.0,430.0,1049.4924,0.0
560.0,430.0,1026.3618,0.0
570.0,430.0,1003.7476,0.0
580.0,430.0,981.64954,0.0
590.0,430.0,960.06824,0.0
600.0,430.0,939.00433,0.0
610.0,430.0,918.45764,0.0
620.0,430.0,898.42847,0.0
630.0,430.0,878.9165,0.0
640.0,430.0,859.9234,0.0
650.0,430.0,841.44824,0.0
660.0,430.0,823.49194,0.0
670.0,430.0,806.05426,0.0
680.0,430.0,789.136,0.0
690.0,430.0,772.7374,0.0
700.0,430.0,756.85834,0.0
710.0,430.0,741.49963,0.0
720.0,430.0,726.662,0.0
730.0,430.0,712.3447,0.0
740.0,430.0,698.5492,0.0
750.0,430.0,685.2744,0.0
760.0,430.0,672.5221,0.0
770.0,430.0,660.2927,0.0
780.0,430.0,648.5855,0.0
790.0,430.0,637.40137,0.0
800.0,430.0,626.74,0.0
810.0,430.0,616.60284,0.0
820.0,430.0,606.99,0.0
830.0,430.0,597.90186,0.0
840.0,430.0,589.3384,0.0
850.0,430.0,581.3002,0.0
860.0,430.0,573.7878,0.0
870.0,430.0,566.80145,0.0
880.0,430.0,560.3421,0.0
890.0,430.0,554.4093,0.0
900.0,430.0,549.004,0.0
910.0,430.0,544.12646,0.0
920.0,430.0,539.7773,0.0
930.0,430.0,535.95654,0.0
940.0,430.0,532.66504,0.0
950.0,430.0,529.90344,0.0
960.0,430.0,527.67126,0.0
970.0,430.0,525.97003,0.0
980.0,430.0,524.79944,0.0
990.0,430.0,524.16,0.0
1000.0,430.0,524.05237,0.0
1010.0,430.0,524.47754,0.0
1020.0,430.0,525.43494,0.0
1030.0,430.0,526.9254,0.0
1040.0,430.0,528.94934,0.0
1050.0,430.0,531.5082,0.0
1060.0,430.0,534.60095,0.0
1070.0,430.0,538.2287,0.0
1080.0,430.0,542.39215,0.0
1090.0,430.0,547.09155,0.0
1100.0,430.0,552.32764,0.0
1110.0,430.0,558.10016,0.0
1120.0,430.0,564.41046,0.0
1130.0,430.0,571.2588,0.0
1140.0,430.0,578.64514,0.0
1150.0,430.0,586.57056,0.0
1160.0,430.0,595.03534,0.0
1170.0,430.0,604.04016,0.0
1180.0,430.0,613.585,0.0
1190.0,430.0,623.6712,0.0
1200.0,430.0,634.2969,0.0
1210.0,430.0,645.46484,0.0
1220.0,430.0,657.17444,0.0
1230.0,430.0,669.4287,0.0
1240.0,430.0,682.2269,0.0
1250.0,430.0,695.568,0.0
1260.0,430.0,709.45325,0.0
1270.0,430.0,723.8837,0.0
1280.0,430.0,738.86017,0.0
1290.0,430.0,754.38184,0.0
1300.0,430.0,770.4498,0.0
1310.0,430.0,787.06494,0.0
1320.0,430.0,804.22723,0.0
1330.0,430.0,821.9377,0.0
1340.0,430.0,840.1964,0.0
1350.0,430.0,859.004,0.0
1360.0,430.0,878.3611,0.0
1370.0,430.0,898.26794,0.0
1380.0,430.0,918.7251,0.0
1390.0,430.0,939.7328,0.0
1400.0,430.0,961.29224,0.0
1410.0,430.0,983.40356,0.0
1420.0,430.0,1006.0669,0.0
1430.0,430.0,1029.283,0.0
1440.0,430.0,1053.053,0.0
1450.0,430.0,1077.3767,0.0
1460.0,430.0,1102.2559,0.0
1470.0,430.0,1127.6895,0.0
1480.0,430.0,1153.6782,0.0
1490.0,430.0,1180.2224,0.0
1500.0,430.0,1207.3231,0.0
1510.0,430.0,1234.9814,0.0
1520.0,430.0,1263.1959,0.0
1530.0,430.0,1291.969,0.0
1540.0,430.0,1321.2996,0.0
1550.0,430.0,1351.1896,0.0
1560.0,430.0,1381.6389,0.0
1570.0,430.0,1412.6482,0.0
1580.0,430.0,1444.217,0.0
1590.0,430.0,1476.3469,0.0
1600.0,430.0,1509.0382,0.0
1610.0,430.0,1542.2908,0.0
1620.0,430.0,1576.1056,0.0
1630.0,430.0,1610.4834,0.0
1640.0,430.0,1645.4229,0.0
1650.0,430.0,1680.927,0.0
1660.0,430.0,1716.9951,0.0
1670.0,430.0,1753.6268,0.0
1680.0,430.0,1790.8237,0.0
1690.0,430.0,1828.586,0.0
1700.0,430.0,1866.9141,0.0
1710.0,430.0,1905.8081,0.0
1720.0,430.0,1945.27,0.0
1730.0,430.0,1985.2969,0.0
1740.0,430.0,2025.892,0.0
1750.0,430.0,2067.0547,0.0
1760.0,430.0,2108.787,0.0
1770.0,430.0,2151.0874,0.0
1780.0,430.0,2193.9573,0.0
1790.0,430.0,2237.3967,0.0
1800.0,430.0,2281.4062,0.0
-200.0,440.0,39270.906,1.0
-190.0,440.0,39270.906,1.0
-180.0,440.0,39270.906,1.0
-170.0,440.0,39270.906,1.0
-160.0,440.0,3944.3772,0.0
-150.0,440.0,3885.9355,0.0
-140.0,440.0,3828.0034,0.0
-130.0,440.0,3770.5823,0.0
-120.0,440.0,3713.672,0.0
-110.0,440.0,3657.273,0.0
-100.0,440.0,3601.383,0.0
-90.0,440.0,3546.0024,0.0
-80.0,440.0,3491.1306,0.0
-70.0,440.0,3436.7668,0.0
-60.0,440.0,3382.9116,0.0
-50.0,440.0,3329.5635,0.0
-40.0,440.0,3276.7227,0.0
-30.0,440.0,3224.388,0.0
-20.0,440.0,3172.5615,0.0
-10.0,440.0,3121.2407,0.0
0.0,440.0,3070.425,0.0
10.0,440.0,3020.1167,0.0
20.0,440.0,2970.3127,0.0
30.0,440.0,2921.0137,0.0
40.0,440.0,2872.22,0.0
50.0,440.0,2823.9307,0.0
60.0,440.0,2776.1453,0.0
70.0,440.0,2728.8645,0.0
80.0,440.0,2682.0874,0.0
90.0,440.0,2635.8145,0.0
100.0,440.0,2590.045,0.0
110.0,440.0,2544.7783,0.0
120.0,440.0,2500.0151,0.0
130.0,440.0,2455.755,0.0
140.0,440.0,2411.9973,0.0
150.0,440.0,2368.7427,0.0
160.0,440.0,2325.991,0.0
170.0,440.0,2283.7415,0.0
180.0,440.0,2241.9937,0.0
190.0,440.0,2200.7495,0.0
200.0,440.0,2160.0068,0.0
210.0,440.0,2119.7664,0.0
220.0,440.0,2080.0283,0.0
230.0,440.0,2040.7914,0.0
240.0,440.0,2002.0566,0.0
250.0,440.0,1963.8231,0.0
260.0,440.0,1926.0925,0.0
270.0,440.0,1888.8629,0.0
280.0,440.0,1852.1356,0.0
290.0,440.0,1815.9103,0.0
300.0,440.0,1780.1868,0.0
310.0,440.0,1744.9651,0.0
320.0,440.0,1710.2454,0.0
330.0,440.0,1676.0278,0.0
340.0,440.0,1642.3123,0.0
350.0,440.0,1609.0984,0.0
360.0,440.0,1576.3867,0.0
370.0,440.0,1544.1777,0.0
380.0,440.0,1512.4713,0.0
390.0,440.0,1481.2668,0.0
400.0,440.0,1450.5647,0.0
410.0,440.0,1420.3655,0.0
420.0,440.0,1390.6691,0.0
430.0,440.0,1361.4756,0.0
440.0,440.0,1332.7853,0.0
450.0,440.0,1304.5979,0.0
460.0,440.0,1276.9141,0.0
470.0,440.0,1249.7332,0.0
480.0,440.0,1223.0565,0.0
490.0,440.0,1196.8835,0.0
500.0,440.0,1171.2144,0.0
510.0,440.0,1146.0493,0.0
520.0,440.0,1121.3892,0.0
530.0,440.0,1097.2333,0.0
540.0,440.0,1073.582,0.0
550.0,440.0,1050.4363,0.0
560.0,440.0,1027.7954,0.0
570.0,440.0,1005.6599,0.0
580.0,440.0,984.0302,0.0
590.0,440.0,962.90607,0.0
600.0,440.0,942.289,0.0
610.0,440.0,922.17786,0.0
620.0,440.0,902.5737,0.0
630.0,440.0,883.47614,0.0
640.0,440.0,864.8865,0.0
650.0,440.0,846.80365,0.0
660.0,440.0,829.2288,0.0
670.0,440.0,812.16254,0.0
680.0,440.0,795.6042,0.0
690.0,440.0,779.5546,0.0
700.0,440.0,764.0141,0.0
710.0,440.0,748.98303,0.0
720.0,440.0,734.4622,0.0
730.0,440.0,720.45044,0.0
740.0,440.0,706.9495,0.0
750.0,440.0,693.95874,0.0
760.0,440.0,681.4794,0.0
770.0,440.0,669.5118,0.0
780.0,440.0,658.0553,0.0
790.0,440.0,647.1111,0.0
800.0,440.0,636.67944,0.0
810.0,440.0,626.76013,0.0
820.0,440.0,617.35425,0.0
830.0,440.0,608.4618,0.0
840.0,440.0,600.08325,0.0
850.0,440.0,592.219,0.0
860.0,440.0,584.8693,0.0
870.0,440.0,578.0349,0.0
880.0,440.0,571.7162,0.0
890.0,440.0,565.91284,0.0
900.0,440.0,560.6253,0.0
910.0,440.0,555.8552,0.0
920.0,440.0,551.60205,0.0
930.0,440.0,547.8657,0.0
940.0,440.0,544.64825,0.0
950.0,440.0,541.94836,0.0
960.0,440.0,539.7677,0.0
970.0,440.0,538.10565,0.0
980.0,440.0,536.96387,0.0
990.0,440.0,536.34143,0.0
1000.0,440.0,536.23975,0.0
1010.0,440.0,536.65936,0.0
1020.0,440.0,537.5996,0.0
1030.0,440.0,539.0619,0.0
1040.0,440.0,541.0465,0.0
1050.0,440.0,543.5537,0.0
1060.0,440.0,546.5838,0.0
1070.0,440.0,550.1378,0.0
1080.0,440.0,554.21533,0.0
1090.0,440.0,558.81775,0.0
1100.0,440.0,563.9451,0.0
1110.0,440.0,569.59717,0.0
1120.0,440.0,575.7758,0.0
1130.0,440.0,582.4806,0.0
1140.0,440.0,589.7123,0.0
1150.0,440.0,597.47107,0.0
1160.0,440.0,605.7576,0.0
1170.0,440.0,614.5726,0.0
1180.0,440.0,623.916,0.0
1190.0,440.0,633.7884,0.0
1200.0,440.0,644.1897,0.0
1210.0,440.0,655.1205,0.0
1220.0,440.0,666.5814,0.0
1230.0,440.0,678.5745,0.0
1240.0,440.0,691.1,0.0
1250.0,440.0,704.1576,0.0
1260.0,440.0,717.7466,0.0
1270.0,440.0,731.86914,0.0
1280.0,440.0,746.5252,0.0
1290.0,440.0,761.7152,0.0
1300.0,440.0,777.43964,0.0
1310.0,440.0,793.69867,0.0
1320.0,440.0,810.49347,0.0
1330.0,440.0,827.8237,0.0
1340.0,440.0,845.6904,0.0
1350.0,440.0,864.0936,0.0
1360.0,440.0,883.03503,0.0
1370.0,440.0,902.5129,0.0
1380.0,440.0,922.5296,0.0
1390.0,440.0,943.0854,0.0
1400.0,440.0,964.18005,0.0
1410.0,440.0,985.8142,0.0
1420.0,440.0,1007.9887,0.0
1430.0,440.0,1030.7036,0.0
1440.0,440.0,1053.9592,0.0
1450.0,440.0,1077.7563,0.0
1460.0,440.0,1102.0969,0.0
1470.0,440.0,1126.9795,0.0
1480.0,440.0,1152.4054,0.0
1490.0,440.0,1178.375,0.0
1500.0,440.0,1204.8873,0.0
1510.0,440.0,1231.9446,0.0
1520.0,440.0,1259.5466,0.0
1530.0,440.0,1287.6941,0.0
1540.0,440.0,1316.3875,0.0
1550.0,440.0,1345.6267,0.0
1560.0,440.0,1375.4128,0.0
1570.0,440.0,1405.7463,0.0
1580.0,440.0,1436.6274,0.0
1590.0,440.0,1468.0565,0.0
1600.0,440.0,1500.0352,0.0
1610.0,440.0,1532.5619,0.0
1620.0,440.0,1565.638,0.0
1630.0,440.0,1599.2634,0.0
1640.0,440.0,1633.4397,0.0
1650.0,440.0,1668.1666,0.0
1660.0,440.0,1703.4451,0.0
1670.0,440.0,1739.2749,0.0
1680.0,440.0,1775.6571,0.0
1690.0,440.0,1812.5907,0.0
1700.0,440.0,1850.0784,0.0
1710.0,440.0,1888.119,0.0
1720.0,440.0,1926.7136,0.0
1730.0,440.0,1965.862,0.0
1740.0,440.0,2005.5647,0.0
1750.0,440.0,2045.823,0.0
1760.0,440.0,2086.6357,0.0
1770.0,440.0,2128.0063,0.0
1780.0,440.0,2169.9312,0.0
1790.0,440.0,2212.414,0.0
1800.0,440.0,2255.4524,0.0
-200.0,450.0,39270.906,1.0
-190.0,450.0,39270.906,1.0
-180.0,450.0,39270.906,1.0
-170.0,450.0,39270.906,1.0
-160.0,450.0,3885.8765,0.0
-150.0,450.0,3828.6538,0.0
-140.0,450.0,3771.9302,0.0
-130.0,450.0,3715.7065,0.0
-120.0,450.0,3659.9827,0.0
-110.0,450.0,3604.7573,0.0
-100.0,450.0,3550.03,0.0
-90.0,450.0,3495.8022,0.0
-80.0,450.0,3442.0708,0.0
-70.0,450.0,3388.8374,0.0
-60.0,450.0,3336.1018,0.0
-50.0,450.0,3283.8608,0.0
-40.0,450.0,3232.1167,0.0
-30.0,450.0,3180.8687,0.0
-20.0,450.0,3130.117,0.0
-10.0,450.0,3079.8599,0.0
0.0,450.0,3030.0981,0.0
10.0,450.0,2980.8315,0.0
20.0,450.0,2932.0596,0.0
30.0,450.0,2883.7817,0.0
40.0,450.0,2835.998,0.0
50.0,450.0,2788.707,0.0
60.0,450.0,2741.9106,0.0
70.0,450.0,2695.608,0.0
80.0,450.0,2649.7986,0.0
90.0,450.0,2604.4812,0.0
100.0,450.0,2559.6582,0.0
110.0,450.0,2515.327,0.0
120.0,450.0,2471.4888,0.0
130.0,450.0,2428.143,0.0
140.0,450.0,2385.2886,0.0
150.0,450.0,2342.9277,0.0
160.0,450.0,2301.0583,0.0
170.0,450.0,2259.6816,0.0
180.0,450.0,2218.7954,0.0
190.0,450.0,2178.4026,0.0
200.0,450.0,2138.5005,0.0
210.0,450.0,2099.0908,0.0
220.0,450.0,2060.1714,0.0
230.0,450.0,2021.7445,0.0
240.0,450.0,1983.8086,0.0
250.0,450.0,1946.364,0.0
260.0,450.0,1909.4114,0.0
270.0,450.0,1872.9504,0.0
280.0,450.0,1836.9807,0.0
290.0,450.0,1801.5029,0.0
300.0,450.0,1766.5168,0.0
310.0,450.0,1732.0212,0.0
320.0,450.0,1698.0178,0.0
330.0,450.0,1664.5059,0.0
340.0,450.0,1631.4861,0.0
350.0,450.0,1598.958,0.0
360.0,450.0,1566.9214,0.0
370.0,450.0,1535.3779,0.0
380.0,450.0,1504.3257,0.0
390.0,450.0,1473.7654,0.0
400.0,450.0,1443.6971,0.0
410.0,450.0,1414.1218,0.0
420.0,450.0,1385.0391,0.0
430.0,450.0,1356.4487,0.0
440.0,450.0,1328.3511,0.0
450.0,450.0,1300.7461,0.0
460.0,450.0,1273.6343,0.0
470.0,450.0,1247.0165,0.0
480.0,450.0,1220.8909,0.0
490.0,450.0,1195.2596,0.0
500.0,450.0,1170.1218,0.0
510.0,450.0,1145.4775,0.0
520.0,450.0,1121.3281,0.0
530.0,450.0,1097.6726,0.0
540.0,450.0,1074.5114,0.0
550.0,450.0,1051.8452,0.0
560.0,450.0,1029.6736,0.0
570.0,450.0,1007.99713,0.0
580.0,450.0,986.8163,0.0
590.0,450.0,966.1311,0.0
600.0,450.0,945.94183,0.0
610.0,450.0,926.2489,0.0
620.0,450.0,907.05206,0.0
630.0,450.0,888.3519,0.0
640.0,450.0,870.1483,0.0
650.0,450.0,852.44214,0.0
660.0,450.0,835.2335,0.0
670.0,450.0,818.5226,0.0
680.0,450.0,802.3092,0.0
690.0,450.0,786.59424,0.0
700.0,450.0,771.37836,0.0
710.0,450.0,756.66156,0.0
720.0,450.0,742.4439,0.0
730.0,450.0,728.72534,0.0
740.0,450.0,715.5066,0.0
750.0,450.0,702.7884,0.0
760.0,450.0,690.5708,0.0
770.0,450.0,678.85425,0.0
780.0,450.0,667.63855,0.0
790.0,450.0,656.9242,0.0
800.0,450.0,646.71204,0.0
810.0,450.0,637.00165,0.0
820.0,450.0,627.79443,0.0
830.0,450.0,619.0897,0.0
840.0,450.0,610.8884,0.0
850.0,450.0,603.1909,0.0
860.0,450.0,595.9972,0.0
870.0,450.0,589.3081,0.0
880.0,450.0,583.1241,0.0
890.0,450.0,577.4446,0.0
900.0,450.0,572.2706,0.0
910.0,450.0,567.6033,0.0
920.0,450.0,563.4419,0.0
930.0,450.0,559.7871,0.0
940.0,450.0,556.6395,0.0
950.0,450.0,553.9998,0.0
960.0,450.0,551.8677,0.0
970.0,450.0,550.2439,0.0
980.0,450.0,549.12897,0.0
990.0,450.0,548.5232,0.0
1000.0,450.0,548.4271,0.0
1010.0,450.0,548.84106,0.0
1020.0,450.0,549.76526,0.0
1030.0,450.0,551.20044,0.0
1040.0,450.0,553.1468,0.0
1050.0,450.0,555.6051,0.0
1060.0,450.0,558.5752,0.0
1070.0,450.0,562.0579,0.0
1080.0,450.0,566.0541,0.0
1090.0,450.0,570.5632,0.0
1100.0,450.0,575.5863,0.0
1110.0,450.0,581.1236,0.0
1120.0,450.0,587.17554,0.0
1130.0,450.0,593.7433,0.0
1140.0,450.0,600.82654,0.0
1150.0,450.0,608.42554,0.0
1160.0,450.0,616.54144,0.0
1170.0,450.0,625.1741,0.0
1180.0,450.0,634.32416,0.0
1190.0,450.0,643.9924,0.0
1200.0,450.0,654.17847,0.0
1210.0,450.0,664.88275,0.0
1220.0,450.0,676.10547,0.0
1230.0,450.0,687.848,0.0
1240.0,450.0,700.1126,0.0
1250.0,450.0,712.89825,0.0
1260.0,450.0,726.204,0.0
1270.0,450.0,740.0314,0.0
1280.0,450.0,754.3808,0.0
1290.0,450.0,769.2525,0.0
1300.0,450.0,784.6477,0.0
1310.0,450.0,800.5663,0.0
1320.0,450.0,817.0083,0.0
1330.0,450.0,833.9749,0.0
1340.0,450.0,851.4664,0.0
1350.0,450.0,869.48267,0.0
1360.0,450.0,888.0254,0.0
1370.0,450.0,907.0935,0.0
1380.0,450.0,926.6887,0.0
1390.0,450.0,946.8107,0.0
1400.0,450.0,967.45996,0.0
1410.0,450.0,988.63763,0.0
1420.0,450.0,1010.3434,0.0
1430.0,450.0,1032.5784,0.0
1440.0,450.0,1055.3425,0.0
1450.0,450.0,1078.636,0.0
1460.0,450.0,1102.46,0.0
1470.0,450.0,1126.8154,0.0
1480.0,450.0,1151.702,0.0
1490.0,450.0,1177.1204,0.0
1500.0,450.0,1203.0706,0.0
1510.0,450.0,1229.5533,0.0
1520.0,450.0,1256.5685,0.0
1530.0,450.0,1284.1174,0.0
1540.0,450.0,1312.2,0.0
1550.0,450.0,1340.8171,0.0
1560.0,450.0,1369.9685,0.0
1570.0,450.0,1399.6555,0.0
1580.0,450.0,1429.8774,0.0
1590.0,450.0,1460.6362,0.0
1600.0,450.0,1491.9314,0.0
1610.0,450.0,1523.7634,0.0
1620.0,450.0,1556.1327,0.0
1630.0,450.0,1589.0394,0.0
1640.0,450.0,1622.4847,0.0
1650.0,450.0,1656.4681,0.0
1660.0,450.0,1690.9912,0.0
1670.0,450.0,1726.0535,0.0
1680.0,450.0,1761.6545,0.0
1690.0,450.0,1797.7974,0.0
1700.0,450.0,1834.48,0.0
1710.0,450.0,1871.7043,0.0
1720.0,450.0,1909.4681,0.0
1730.0,450.0,1947.776,0.0
1740.0,450.0,1986.6252,0.0
1750.0,450.0,2026.0173,0.0
1760.0,450.0,2065.9526,0.0
1770.0,450.0,2106.431,0.0
1780.0,450.0,2147.4526,0.0
1790.0,450.0,2189.0205,0.0
1800.0,450.0,2231.1309,0.0
-200.0,460.0,39270.906,1.0
-190.0,460.0,39270.906,1.0
-180.0,460.0,39270.906,1.0
-170.0,460.0,39270.906,1.0
-160.0,460.0,39270.906,1.0
-150.0,460.0,3774.2104,0.0
-140.0,460.0,3718.6445,0.0
-130.0,460.0,3663.5674,0.0
-120.0,460.0,3608.9807,0.0
-110.0,460.0,3554.8801,0.0
-100.0,460.0,3501.2688,0.0
-90.0,460.0,3448.145,0.0
-80.0,460.0,3395.5068,0.0
-70.0,460.0,3343.357,0.0
-60.0,460.0,3291.693,0.0
-50.0,460.0,3240.5146,0.0
-40.0,460.0,3189.8213,0.0
-30.0,460.0,3139.6157,0.0
-20.0,460.0,3089.8936,0.0
-10.0,460.0,3040.6577,0.0
0.0,460.0,2991.9055,0.0
10.0,460.0,2943.6382,0.0
20.0,460.0,2895.8555,0.0
30.0,460.0,2848.5564,0.0
40.0,460.0,2801.741,0.0
50.0,460.0,2755.4082,0.0
60.0,460.0,2709.56,0.0
70.0,460.0,2664.195,0.0
80.0,460.0,2619.313,0.0
90.0,460.0,2574.914,0.0
100.0,460.0,2530.9983,0.0
110.0,460.0,2487.564,0.0
120.0,460.0,2444.6128,0.0
130.0,460.0,2402.1443,0.0
140.0,460.0,2360.1562,0.0
150.0,460.0,2318.6526,0.0
160.0,460.0,2277.63,0.0
170.0,460.0,2237.0898,0.0
180.0,460.0,2197.031,0.0
190.0,460.0,2157.454,0.0
200.0,460.0,2118.359,0.0
210.0,460.0,2079.745,0.0
220.0,460.0,2041.6128,0.0
230.0,460.0,2003.962,0.0
240.0,460.0,1966.7931,0.0
250.0,460.0,1930.105,0.0
260.0,460.0,1893.8987,0.0
270.0,460.0,1858.1747,0.0
280.0,460.0,1822.9324,0.0
290.0,460.0,1788.1716,0.0
300.0,460.0,1753.8928,0.0
310.0,460.0,1720.0947,0.0
320.0,460.0,1686.7783,0.0
330.0,460.0,1653.9441,0.0
340.0,460.0,1621.5916,0.0
350.0,460.0,1589.721,0.0
360.0,460.0,1558.3326,0.0
370.0,460.0,1527.4268,0.0
380.0,460.0,1497.0027,0.0
390.0,460.0,1467.0607,0.0
400.0,460.0,1437.6011,0.0
410.0,460.0,1408.6243,0.0
420.0,460.0,1380.1301,0.0
430.0,460.0,1352.1185,0.0
440.0,460.0,1324.5897,0.0
450.0,460.0,1297.5442,0.0
460.0,460.0,1270.9814,0.0
470.0,460.0,1244.9026,0.0
480.0,460.0,1219.3069,0.0
490.0,460.0,1194.1951,0.0
500.0,460.0,1169.5669,0.0
510.0,460.0,1145.423,0.0
520.0,460.0,1121.7634,0.0
530.0,460.0,1098.5881,0.0
540.0,460.0,1075.8966,0.0
550.0,460.0,1053.6907,0.0
560.0,460.0,1031.9697,0.0
570.0,460.0,1010.7339,0.0
580.0,460.0,989.9838,0.0
590.0,460.0,969.7195,0.0
600.0,460.0,949.9408,0.0
610.0,460.0,930.6485,0.0
620.0,460.0,911.8428,0.0
630.0,460.0,893.5235,0.0
640.0,460.0,875.6913,0.0
650.0,460.0,858.3466,0.0
660.0,460.0,841.4886,0.0
670.0,460.0,825.1189,0.0
680.0,460.0,809.23694,0.0
690.0,460.0,793.84326,0.0
700.0,460.0,778.9391,0.0
710.0,460.0,764.52295,0.0
720.0,460.0,750.59644,0.0
730.0,460.0,737.159,0.0
740.0,460.0,724.2114,0.0
750.0,460.0,711.7544,0.0
760.0,460.0,699.7883,0.0
770.0,460.0,688.31213,0.0
780.0,460.0,677.32764,0.0
790.0,460.0,666.8336,0.0
800.0,460.0,656.83215,0.0
810.0,460.0,647.3226,0.0
820.0,460.0,638.3056,0.0
830.0,460.0,629.78107,0.0
840.0,460.0,621.7499,0.0
850.0,460.0,614.21234,0.0
860.0,460.0,607.16815,0.0
870.0,460.0,600.6183,0.0
880.0,460.0,594.56354,0.0
890.0,460.0,589.0032,0.0
900.0,460.0,583.9381,0.0
910.0,460.0,579.36896,0.0
920.0,460.0,575.2959,0.0
930.0,460.0,571.71924,0.0
940.0,460.0,568.63904,0.0
950.0,460.0,566.05634,0.0
960.0,460.0,563.9712,0.0
970.0,460.0,562.38434,0.0
980.0,460.0,561.2954,0.0
990.0,460.0,560.70483,0.0
1000.0,460.0,560.61426,0.0
1010.0,460.0,561.02344,0.0
1020.0,460.0,561.93195,0.0
1030.0,460.0,563.341,0.0
1040.0,460.0,565.25085,0.0
1050.0,460.0,567.66223,0.0
1060.0,460.0,570.57434,0.0
1070.0,460.0,573.98944,0.0
1080.0,460.0,577.90686,0.0
1090.0,460.0,582.3267,0.0
1100.0,460.0,587.2499,0.0
1110.0,460.0,592.677,0.0
1120.0,460.0,598.6079,0.0
1130.0,460.0,605.0438,0.0
1140.0,460.0,611.9845,0.0
1150.0,460.0,619.43054,0.0
1160.0,460.0,627.3823,0.0
1170.0,460.0,635.841,0.0
1180.0,460.0,644.8063,0.0
1190.0,460.0,654.2781,0.0
1200.0,460.0,664.2574,0.0
1210.0,460.0,674.7443,0.0
1220.0,460.0,685.73883,0.0
1230.0,460.0,697.2424,0.0
1240.0,460.0,709.2561,0.0
1250.0,460.0,721.78015,0.0
1260.0,460.0,734.81445,0.0
1270.0,460.0,748.35913,0.0
1280.0,460.0,762.4148,0.0
1290.0,460.0,776.9818,0.0
1300.0,460.0,792.0613,0.0
1310.0,460.0,807.6536,0.0
1320.0,460.0,823.7577,0.0
1330.0,460.0,840.3756,0.0
1340.0,460.0,857.50696,0.0
1350.0,460.0,875.1526,0.0
1360.0,460.0,893.3135,0.0
1370.0,460.0,911.9888,0.0
1380.0,460.0,931.17926,0.0
1390.0,460.0,950.8856,0.0
1400.0,460.0,971.1088,0.0
1410.0,460.0,991.84863,0.0
1420.0,460.0,1013.1059,0.0
1430.0,460.0,1034.8804,0.0
1440.0,460.0,1057.1736,0.0
1450.0,460.0,1079.9839,0.0
1460.0,460.0,1103.3145,0.0
1470.0,460.0,1127.1637,0.0
1480.0,460.0,1151.5337,0.0
1490.0,460.0,1176.4236,0.0
1500.0,460.0,1201.8346,0.0
1510.0,460.0,1227.7668,0.0
1520.0,460.0,1254.2197,0.0
1530.0,460.0,1281.1951,0.0
1540.0,460.0,1308.6926,0.0
1550.0,460.0,1336.7135,0.0
1560.0,460.0,1365.2563,0.0
1570.0,460.0,1394.3242,0.0
1580.0,460.0,1423.9155,0.0
1590.0,460.0,1454.0314,0.0
1600.0,460.0,1484.6732,0.0
1610.0,460.0,1515.8392,0.0
1620.0,460.0,1547.5312,0.0
1630.0,460.0,1579.749,0.0
1640.0,460.0,1612.4938,0.0
1650.0,460.0,1645.7646,0.0
1660.0,460.0,1679.5642,0.0
1670.0,460.0,1713.8909,0.0
1680.0,460.0,1748.7454,0.0
1690.0,460.0,1784.1289,0.0
1700.0,460.0,1820.0408,0.0
1710.0,460.0,1856.4827,0.0
1720.0,460.0,1893.4542,0.0
1730.0,460.0,1930.9556,0.0
1740.0,460.0,1968.9863,0.0
1750.0,460.0,2007.5491,0.0
1760.0,460.0,2046.6431,0.0
1770.0,460.0,2086.2686,0.0
1780.0,460.0,2126.4253,0.0
1790.0,460.0,2167.1162,0.0
1800.0,460.0,2208.3374,0.0
-200.0,470.0,39270.906,1.0
-190.0,470.0,39270.906,1.0
-180.0,470.0,39270.906,1.0
-170.0,470.0,39270.906,1.0
-160.0,470.0,39270.906,1.0
-150.0,470.0,3722.4321,0.0
-140.0,470.0,3667.977,0.0
-130.0,470.0,3614.0,0.0
-120.0,470.0,3560.503,0.0
-110.0,470.0,3507.4834,0.0
-100.0,470.0,3454.9404,0.0
-90.0,470.0,3402.876,0.0
-80.0,470.0,3351.2876,0.0
-70.0,470.0,3300.177,0.0
-60.0,470.0,3249.5425,0.0
-50.0,470.0,3199.3828,0.0
-40.0,470.0,3149.6987,0.0
-30.0,470.0,3100.4912,0.0
-20.0,470.0,3051.7583,0.0
-10.0,470.0,3003.5012,0.0
0.0,470.0,2955.7188,0.0
10.0,470.0,2908.4102,0.0
20.0,470.0,2861.5762,0.0
30.0,470.0,2815.2173,0.0
40.0,470.0,2769.332,0.0
50.0,470.0,2723.9192,0.0
60.0,470.0,2678.981,0.0
70.0,470.0,2634.5159,0.0
80.0,470.0,2590.5247,0.0
90.0,470.0,2547.006,0.0
100.0,470.0,2503.961,0.0
110.0,470.0,2461.3892,0.0
120.0,470.0,2419.2888,0.0
130.0,470.0,2377.663,0.0
140.0,470.0,2336.507,0.0
150.0,470.0,2295.8262,0.0
160.0,470.0,2255.6155,0.0
170.0,470.0,2215.8782,0.0
180.0,470.0,2176.6135,0.0
190.0,470.0,2137.8203,0.0
200.0,470.0,2099.499,0.0
210.0,470.0,2061.6504,0.0
220.0,470.0,2024.2733,0.0
230.0,470.0,1987.3688,0.0
240.0,470.0,1950.9359,0.0
250.0,470.0,1914.9746,0.0
260.0,470.0,1879.4858,0.0
270.0,470.0,1844.4697,0.0
280.0,470.0,1809.9246,0.0
290.0,470.0,1775.8523,0.0
300.0,470.0,1742.2522,0.0
310.0,470.0,1709.1235,0.0
320.0,470.0,1676.468,0.0
330.0,470.0,1644.2842,0.0
340.0,470.0,1612.5732,0.0
350.0,470.0,1581.3342,0.0
360.0,470.0,1550.5684,0.0
370.0,470.0,1520.2743,0.0
380.0,470.0,1490.4539,0.0
390.0,470.0,1461.1058,0.0
400.0,470.0,1432.2301,0.0
410.0,470.0,1403.8284,0.0
420.0,470.0,1375.899,0.0
430.0,470.0,1348.4434,0.0
440.0,470.0,1321.4612,0.0
450.0,470.0,1294.9525,0.0
460.0,470.0,1268.9176,0.0
470.0,470.0,1243.3563,0.0
480.0,470.0,1218.2693,0.0
490.0,470.0,1193.6562,0.0
500.0,470.0,1169.5181,0.0
510.0,470.0,1145.8542,0.0
520.0,470.0,1122.6649,0.0
530.0,470.0,1099.9504,0.0
540.0,470.0,1077.7112,0.0
550.0,470.0,1055.947,0.0
560.0,470.0,1034.6587,0.0
570.0,470.0,1013.84625,0.0
580.0,470.0,993.5098,0.0
590.0,470.0,973.6491,0.0
600.0,470.0,954.2654,0.0
610.0,470.0,935.358,0.0
620.0,470.0,916.92725,0.0
630.0,470.0,898.97455,0.0
640.0,470.0,881.49854,0.0
650.0,470.0,864.5001,0.0
660.0,470.0,847.97986,0.0
670.0,470.0,831.93774,0.0
680.0,470.0,816.3737,0.0
690.0,470.0,801.2895,0.0
700.0,470.0,786.6836,0.0
710.0,470.0,772.5568,0.0
720.0,470.0,758.91,0.0
730.0,470.0,745.74243,0.0
740.0,470.0,733.05536,0.0
750.0,470.0,720.8491,0.0
760.0,470.0,709.12366,0.0
770.0,470.0,697.8791,0.0
780.0,470.0,687.116,0.0
790.0,470.0,676.8343,0.0
800.0,470.0,667.0348,0.0
810.0,470.0,657.7179,0.0
820.0,470.0,648.88336,0.0
830.0,470.0,640.5321,0.0
840.0,470.0,632.6638,0.0
850.0,470.0,625.2798,0.0
860.0,470.0,618.38,0.0
870.0,470.0,611.96423,0.0
880.0,470.0,606.033,0.0
890.0,470.0,600.5868,0.0
900.0,470.0,595.6262,0.0
910.0,470.0,591.1517,0.0
920.0,470.0,587.1631,0.0
930.0,470.0,583.6609,0.0
940.0,470.0,580.646,0.0
950.0,470.0,578.11816,0.0
960.0,470.0,576.0779,0.0
970.0,470.0,574.5261,0.0
980.0,470.0,573.4622,0.0
990.0,470.0,572.8872,0.0
1000.0,470.0,572.8015,0.0
1010.0,470.0,573.20557,0.0
1020.0,470.0,574.0995,0.0
1030.0,470.0,575.4832,0.0
1040.0,470.0,577.35815,0.0
1050.0,470.0,579.724,0.0
1060.0,470.0,582.58136,0.0
1070.0,470.0,585.93097,0.0
1080.0,470.0,589.7727,0.0
1090.0,470.0,594.1069,0.0
1100.0,470.0,598.9344,0.0
1110.0,470.0,604.2555,0.0
1120.0,470.0,610.0704,0.0
1130.0,470.0,616.3795,0.0
1140.0,470.0,623.1841,0.0
1150.0,470.0,630.4835,0.0
1160.0,470.0,638.2779,0.0
1170.0,470.0,646.56885,0.0
1180.0,470.0,655.35596,0.0
1190.0,470.0,664.6397,0.0
1200.0,470.0,674.4211,0.0
1210.0,470.0,684.6995,0.0
1220.0,470.0,695.4753,0.0
1230.0,470.0,706.7491,0.0
1240.0,470.0,718.5219,0.0
1250.0,470.0,730.7956,0.0
1260.0,470.0,743.5692,0.0
1270.0,470.0,756.8425,0.0
1280.0,470.0,770.6161,0.0
1290.0,470.0,784.89105,0.0
1300.0,470.0,799.66736,0.0
1310.0,470.0,814.94556,0.0
1320.0,470.0,830.7263,0.0
1330.0,470.0,847.0101,0.0
1340.0,470.0,863.796,0.0
1350.0,470.0,881.0859,0.0
1360.0,470.0,898.87976,0.0
1370.0,470.0,917.1779,0.0
1380.0,470.0,935.9815,0.0
1390.0,470.0,955.2894,0.0
1400.0,470.0,975.1032,0.0
1410.0,470.0,995.42346,0.0
1420.0,470.0,1016.2497,0.0
1430.0,470.0,1037.5833,0.0
1440.0,470.0,1059.4235,0.0
1450.0,470.0,1081.7721,0.0
1460.0,470.0,1104.6284,0.0
1470.0,470.0,1127.993,0.0
1480.0,470.0,1151.8666,0.0
1490.0,470.0,1176.2502,0.0
1500.0,470.0,1201.1438,0.0
1510.0,470.0,1226.5474,0.0
1520.0,470.0,1252.4624,0.0
1530.0,470.0,1278.8875,0.0
1540.0,470.0,1305.8243,0.0
1550.0,470.0,1333.2723,0.0
1560.0,470.0,1361.2329,0.0
1570.0,470.0,1389.7063,0.0
1580.0,470.0,1418.6932,0.0
1590.0,470.0,1448.1929,0.0
1600.0,470.0,1478.2069,0.0
1610.0,470.0,1508.7351,0.0
1620.0,470.0,1539.7773,0.0
1630.0,470.0,1571.3354,0.0
1640.0,470.0,1603.4082,0.0
1650.0,470.0,1635.9966,0.0
1660.0,470.0,1669.1018,0.0
1670.0,470.0,1702.7233,0.0
1680.0,470.0,1736.8618,0.0
1690.0,470.0,1771.5176,0.0
1700.0,470.0,1806.6914,0.0
1710.0,470.0,1842.3835,0.0
1720.0,470.0,1878.592,0.0
1730.0,470.0,1915.321,0.0
1740.0,470.0,1952.5698,0.0
1750.0,470.0,1990.3369,0.0
1760.0,470.0,2028.6235,0.0
1770.0,470.0,2067.4321,0.0
1780.0,470.0,2106.7593,0.0
1790.0,470.0,2146.609,0.0
1800.0,470.0,2186.98,0.0
-200.0,480.0,39270.906,1.0
-190.0,480.0,39270.906,1.0
-180.0,480.0,39270.906,1.0
-170.0,480.0,39270.906,1.0
-160.0,480.0,39270.906,1.0
-150.0,480.0,39270.906,1.0
-140.0,480.0,3619.7705,0.0
-130.0,480.0,3566.8503,0.0
-120.0,480.0,3514.4,0.0
-110.0,480.0,3462.4167,0.0
-100.0,480.0,3410.901,0.0
-90.0,480.0,3359.8545,0.0
-80.0,480.0,3309.2737,0.0
-70.0,480.0,3259.161,0.0
-60.0,480.0,3209.5137,0.0
-50.0,480.0,3160.334,0.0
-40.0,480.0,3111.6191,0.0
-30.0,480.0,3063.3704,0.0
-20.0,480.0,3015.588,0.0
-10.0,480.0,2968.2712,0.0
0.0,480.0,2921.4194,0.0
10.0,480.0,2875.0325,0.0
20.0,480.0,2829.1113,0.0
30.0,480.0,2783.6538,0.0
40.0,480.0,2738.6616,0.0
50.0,480.0,2694.1333,0.0
60.0,480.0,2650.069,0.0
70.0,480.0,2606.4683,0.0
80.0,480.0,2563.3325,0.0
90.0,480.0,2520.6606,0.0
100.0,480.0,2478.453,0.0
110.0,480.0,2436.7073,0.0
120.0,480.0,2395.4268,0.0
130.0,480.0,2354.609,0.0
140.0,480.0,2314.2524,0.0
150.0,480.0,2274.3613,0.0
160.0,480.0,2234.9329,0.0
170.0,480.0,2195.9673,0.0
180.0,480.0,2157.4639,0.0
190.0,480.0,2119.4246,0.0
200.0,480.0,2081.8477,0.0
210.0,480.0,2044.734,0.0
220.0,480.0,2008.0828,0.0
230.0,480.0,1971.895,0.0
240.0,480.0,1936.1694,0.0
250.0,480.0,1900.9072,0.0
260.0,480.0,1866.1069,0.0
270.0,480.0,1831.7705,0.0
280.0,480.0,1797.8969,0.0
290.0,480.0,1764.4866,0.0
300.0,480.0,1731.5388,0.0
310.0,480.0,1699.0541,0.0
320.0,480.0,1667.0325,0.0
330.0,480.0,1635.4745,0.0
340.0,480.0,1604.379,0.0
350.0,480.0,1573.7477,0.0
360.0,480.0,1543.5795,0.0
370.0,480.0,1513.8744,0.0
380.0,480.0,1484.6337,0.0
390.0,480.0,1455.8563,0.0
400.0,480.0,1427.5425,0.0
410.0,480.0,1399.6926,0.0
420.0,480.0,1372.3069,0.0
430.0,480.0,1345.3857,0.0
440.0,480.0,1318.9288,0.0
450.0,480.0,1292.9359,0.0
460.0,480.0,1267.408,0.0
470.0,480.0,1242.3444,0.0
480.0,480.0,1217.7463,0.0
490.0,480.0,1193.6136,0.0
500.0,480.0,1169.9457,0.0
510.0,480.0,1146.7433,0.0
520.0,480.0,1124.0057,0.0
530.0,480.0,1101.7343,0.0
540.0,480.0,1079.9294,0.0
550.0,480.0,1058.5903,0.0
560.0,480.0,1037.7179,0.0
570.0,480.0,1017.312,0.0
580.0,480.0,997.3728,0.0
590.0,480.0,977.9009,0.0
600.0,480.0,958.8959,0.0
610.0,480.0,940.359,0.0
620.0,480.0,922.2894,0.0
630.0,480.0,904.688,0.0
640.0,480.0,887.55444,0.0
650.0,480.0,870.88965,0.0
660.0,480.0,854.69354,0.0
670.0,480.0,838.9662,0.0
680.0,480.0,823.708,0.0
690.0,480.0,808.9199,0.0
700.0,480.0,794.6012,0.0
710.0,480.0,780.7528,0.0
720.0,480.0,767.3746,0.0
730.0,480.0,754.4663,0.0
740.0,480.0,742.02966,0.0
750.0,480.0,730.0646,0.0
760.0,480.0,718.57074,0.0
770.0,480.0,707.5481,0.0
780.0,480.0,696.9983,0.0
790.0,480.0,686.9204,0.0
800.0,480.0,677.31525,0.0
810.0,480.0,668.1831,0.0
820.0,480.0,659.52454,0.0
830.0,480.0,651.3394,0.0
840.0,480.0,643.62823,0.0
850.0,480.0,636.39166,0.0
860.0,480.0,629.6295,0.0
870.0,480.0,623.3429,0.0
880.0,480.0,617.5307,0.0
890.0,480.0,612.19434,0.0
900.0,480.0,607.3341,0.0
910.0,480.0,602.95,0.0
920.0,480.0,599.04297,0.0
930.0,480.0,595.6129,0.0
940.0,480.0,592.66003,0.0
950.0,480.0,590.1852,0.0
960.0,480.0,588.18835,0.0
970.0,480.0,586.66943,0.0
980.0,480.0,585.62976,0.0
990.0,480.0,585.06934,0.0
1000.0,480.0,584.98865,0.0
1010.0,480.0,585.3882,0.0
1020.0,480.0,586.2675,0.0
1030.0,480.0,587.6273,0.0
1040.0,480.0,589.4683,0.0
1050.0,480.0,591.791,0.0
1060.0,480.0,594.5956,0.0
1070.0,480.0,597.8823,0.0
1080.0,480.0,601.65137,0.0
1090.0,480.0,605.90356,0.0
1100.0,480.0,610.6389,0.0
1110.0,480.0,615.8582,0.0
1120.0,480.0,621.56116,0.0
1130.0,480.0,627.7492,0.0
1140.0,480.0,634.42236,0.0
1150.0,480.0,641.5803,0.0
1160.0,480.0,649.2241,0.0
1170.0,480.0,657.3541,0.0
1180.0,480.0,665.97034,0.0
1190.0,480.0,675.0737,0.0
1200.0,480.0,684.6647,0.0
1210.0,480.0,694.74274,0.0
1220.0,480.0,705.30835,0.0
1230.0,480.0,716.3618,0.0
1240.0,480.0,727.9037,0.0
1250.0,480.0,739.93616,0.0
1260.0,480.0,752.45935,0.0
1270.0,480.0,765.4724,0.0
1280.0,480.0,778.9757,0.0
1290.0,480.0,792.9694,0.0
1300.0,480.0,807.4551,0.0
1310.0,480.0,822.43274,0.0
1320.0,480.0,837.9023,0.0
1330.0,480.0,853.8634,0.0
1340.0,480.0,870.31903,0.0
1350.0,480.0,887.2672,0.0
1360.0,480.0,904.7092,0.0
1370.0,480.0,922.6457,0.0
1380.0,480.0,941.07654,0.0
1390.0,480.0,960.002,0.0
1400.0,480.0,979.4231,0.0
1410.0,480.0,999.33984,0.0
1420.0,480.0,1019.7532,0.0
1430.0,480.0,1040.6627,0.0
1440.0,480.0,1062.069,0.0
1450.0,480.0,1083.9728,0.0
1460.0,480.0,1106.3748,0.0
1470.0,480.0,1129.2744,0.0
1480.0,480.0,1152.6724,0.0
1490.0,480.0,1176.5697,0.0
1500.0,480.0,1200.9658,0.0
1510.0,480.0,1225.8633,0.0
1520.0,480.0,1251.26,0.0
1530.0,480.0,1277.1572,0.0
1540.0,480.0,1303.5559,0.0
1550.0,480.0,1330.4551,0.0
1560.0,480.0,1357.8564,0.0
1570.0,480.0,1385.7593,0.0
1580.0,480.0,1414.1652,0.0
1590.0,480.0,1443.0741,0.0
1600.0,480.0,1472.4863,0.0
1610.0,480.0,1502.4014,0.0
1620.0,480.0,1532.8214,0.0
1630.0,480.0,1563.7445,0.0
1640.0,480.0,1595.1733,0.0
1650.0,480.0,1627.1072,0.0
1660.0,480.0,1659.5459,0.0
1670.0,480.0,1692.491,0.0
1680.0,480.0,1725.9419,0.0
1690.0,480.0,1759.8997,0.0
1700.0,480.0,1794.3646,0.0
1710.0,480.0,1829.3364,0.0
1720.0,480.0,1864.8158,0.0
1730.0,480.0,1900.8032,0.0
1740.0,480.0,1937.2994,0.0
1750.0,480.0,1974.304,0.0
1760.0,480.0,2011.8169,0.0
1770.0,480.0,2049.8406,0.0
1780.0,480.0,2088.373,0.0
1790.0,480.0,2127.4165,0.0
1800.0,480.0,2166.969,0.0
-200.0,490.0,39270.906,1.0
-190.0,490.0,39270.906,1.0
-180.0,490.0,39270.906,1.0
-170.0,490.0,39270.906,1.0
-160.0,490.0,39270.906,1.0
-150.0,490.0,39270.906,1.0
-140.0,490.0,3573.8845,0.0
-130.0,490.0,3521.9795,0.0
-120.0,490.0,3470.5342,0.0
-110.0,490.0,3419.5474,0.0
-100.0,490.0,3369.0188,0.0
-90.0,490.0,3318.95,0.0
-80.0,490.0,3269.3374,0.0
-70.0,490.0,3220.1836,0.0
-60.0,490.0,3171.486,0.0
-50.0,490.0,3123.2463,0.0
-40.0,490.0,3075.4634,0.0
-30.0,490.0,3028.1377,0.0
-20.0,490.0,2981.268,0.0
-10.0,490.0,2934.8552,0.0
0.0,490.0,2888.898,0.0
10.0,490.0,2843.3975,0.0
20.0,490.0,2798.3528,0.0
30.0,490.0,2753.7632,0.0
40.0,490.0,2709.6292,0.0
50.0,490.0,2665.9502,0.0
60.0,490.0,2622.7266,0.0
70.0,490.0,2579.9587,0.0
80.0,490.0,2537.6458,0.0
90.0,490.0,2495.7876,0.0
100.0,490.0,2454.3833,0.0
110.0,490.0,2413.434,0.0
120.0,490.0,2372.9387,0.0
130.0,490.0,2332.9,0.0
140.0,490.0,2293.3135,0.0
150.0,490.0,2254.181,0.0
160.0,490.0,2215.5037,0.0
170.0,490.0,2177.2798,0.0
180.0,490.0,2139.5107,0.0
190.0,490.0,2102.1963,0.0
200.0,490.0,2065.3347,0.0
210.0,490.0,2028.9276,0.0
220.0,490.0,1992.9745,0.0
230.0,490.0,1957.4761,0.0
240.0,490.0,1922.4314,0.0
250.0,490.0,1887.8406,0.0
260.0,490.0,1853.7034,0.0
270.0,490.0,1820.0211,0.0
280.0,490.0,1786.793,0.0
290.0,490.0,1754.0188,0.0
300.0,490.0,1721.6993,0.0
310.0,490.0,1689.8335,0.0
320.0,490.0,1658.422,0.0
330.0,490.0,1627.4647,0.0
340.0,490.0,1596.9626,0.0
350.0,490.0,1566.9152,0.0
360.0,490.0,1537.3218,0.0
370.0,490.0,1508.1838,0.0
380.0,490.0,1479.5002,0.0
390.0,490.0,1451.2717,0.0
400.0,490.0,1423.4983,0.0
410.0,490.0,1396.1803,0.0
420.0,490.0,1369.3169,0.0
430.0,490.0,1342.9094,0.0
440.0,490.0,1316.9576,0.0
450.0,490.0,1291.4614,0.0
460.0,490.0,1266.4208,0.0
470.0,490.0,1241.8369,0.0
480.0,490.0,1217.7089,0.0
490.0,490.0,1194.0374,0.0
500.0,490.0,1170.8218,0.0
510.0,490.0,1148.0627,0.0
520.0,490.0,1125.7607,0.0
530.0,490.0,1103.9158,0.0
540.0,490.0,1082.5283,0.0
550.0,490.0,1061.5984,0.0
560.0,490.0,1041.126,0.0
570.0,490.0,1021.11096,0.0
580.0,490.0,1001.5544,0.0
590.0,490.0,982.4559,0.0
600.0,490.0,963.8158,0.0
610.0,490.0,945.6343,0.0
620.0,490.0,927.9125,0.0
630.0,490.0,910.649,0.0
640.0,490.0,893.84503,0.0
650.0,490.0,877.50085,0.0
660.0,490.0,861.6163,0.0
670.0,490.0,846.1921,0.0
680.0,490.0,831.2283,0.0
690.0,490.0,816.72546,0.0
700.0,490.0,802.68286,0.0
710.0,490.0,789.101,0.0
720.0,490.0,775.9812,0.0
730.0,490.0,763.3236,0.0
740.0,490.0,751.12756,0.0
750.0,490.0,739.3939,0.0
760.0,490.0,728.1228,0.0
770.0,490.0,717.3142,0.0
780.0,490.0,706.9688,0.0
790.0,490.0,697.08685,0.0
800.0,490.0,687.6687,0.0
810.0,490.0,678.7144,0.0
820.0,490.0,670.2251,0.0
830.0,490.0,662.1997,0.0
840.0,490.0,654.63934,0.0
850.0,490.0,647.5446,0.0
860.0,490.0,640.91516,0.0
870.0,490.0,634.75244,0.0
880.0,490.0,629.05457,0.0
890.0,490.0,623.8239,0.0
900.0,490.0,619.06036,0.0
910.0,490.0,614.7639,0.0
920.0,490.0,610.9347,0.0
930.0,490.0,607.5736,0.0
940.0,490.0,604.68066,0.0
950.0,490.0,602.2566,0.0
960.0,490.0,600.3013,0.0
970.0,490.0,598.815,0.0
980.0,490.0,597.7988,0.0
990.0,490.0,597.25214,0.0
1000.0,490.0,597.176,0.0
1010.0,490.0,597.5708,0.0
1020.0,490.0,598.4364,0.0
1030.0,490.0,599.7729,0.0
1040.0,490.0,601.5819,0.0
1050.0,490.0,603.8628,0.0
1060.0,490.0,606.61597,0.0
1070.0,490.0,609.84235,0.0
1080.0,490.0,613.54175,0.0
1090.0,490.0,617.71497,0.0
1100.0,490.0,622.362,0.0
1110.0,490.0,627.4833,0.0
1120.0,490.0,633.07935,0.0
1130.0,490.0,639.15027,0.0
1140.0,490.0,645.6971,0.0
1150.0,490.0,652.7197,0.0
1160.0,490.0,660.2183,0.0
1170.0,490.0,668.19385,0.0
1180.0,490.0,676.6459,0.0
1190.0,490.0,685.5757,0.0
1200.0,490.0,694.9833,0.0
1210.0,490.0,704.8689,0.0
1220.0,490.0,715.2324,0.0
1230.0,490.0,726.07404,0.0
1240.0,490.0,737.39465,0.0
1250.0,490.0,749.1953,0.0
1260.0,490.0,761.4774,0.0
1270.0,490.0,774.24,0.0
1280.0,490.0,787.4834,0.0
1290.0,490.0,801.2078,0.0
1300.0,490.0,815.4134,0.0
1310.0,490.0,830.10144,0.0
1320.0,490.0,845.2722,0.0
1330.0,490.0,860.92554,0.0
1340.0,490.0,877.06213,0.0
1350.0,490.0,893.682,0.0
1360.0,490.0,910.78595,0.0
1370.0,490.0,928.37445,0.0
1380.0,490.0,946.44745,0.0
1390.0,490.0,965.006,0.0
1400.0,490.0,984.04944,0.0
1410.0,490.0,1003.57886,0.0
1420.0,490.0,1023.5949,0.0
1430.0,490.0,1044.0969,0.0
1440.0,490.0,1065.0864,0.0
1450.0,490.0,1086.5636,0.0
1460.0,490.0,1108.5283,0.0
1470.0,490.0,1130.9813,0.0
1480.0,490.0,1153.9222,0.0
1490.0,490.0,1177.3519,0.0
1500.0,490.0,1201.2712,0.0
1510.0,490.0,1225.6808,0.0
1520.0,490.0,1250.5808,0.0
1530.0,490.0,1275.9712,0.0
1540.0,490.0,1301.8531,0.0
1550.0,490.0,1328.225,0.0
1560.0,490.0,1355.0886,0.0
1570.0,490.0,1382.4441,0.0
1580.0,490.0,1410.2921,0.0
1590.0,490.0,1438.6328,0.0
1600.0,490.0,1467.4668,0.0
1610.0,490.0,1496.7944,0.0
1620.0,490.0,1526.6149,0.0
1630.0,490.0,1556.9302,0.0
1640.0,490.0,1587.7395,0.0
1650.0,490.0,1619.044,0.0
1660.0,490.0,1650.8433,0.0
1670.0,490.0,1683.1389,0.0
1680.0,490.0,1715.9297,0.0
1690.0,490.0,1749.217,0.0
1700.0,490.0,1783.0012,0.0
1710.0,490.0,1817.2816,0.0
1720.0,490.0,1852.0598,0.0
1730.0,490.0,1887.3357,0.0
1740.0,490.0,1923.1095,0.0
1750.0,490.0,1959.3816,0.0
1760.0,490.0,1996.1521,0.0
1770.0,490.0,2033.4221,0.0
1780.0,490.0,2071.1904,0.0
1790.0,490.0,2109.4597,0.0
1800.0,490.0,2148.228,0.0
-200.0,500.0,39270.906,1.0
-190.0,500.0,39270.906,1.0
-180.0,500.0,39270.906,1.0
-170.0,500.0,39270.906,1.0
-160.0,500.0,39270.906,1.0
-150.0,500.0,39270.906,1.0
-140.0,500.0,39270.906,1.0
-130.0,500.0,3479.2551,0.0
-120.0,500.0,3428.7773,0.0
-110.0,500.0,3378.7488,0.0
-100.0,500.0,3329.1704,0.0
-90.0,500.0,3280.04,0.0
-80.0,500.0,3231.3604,0.0
-70.0,500.0,3183.128,0.0
-60.0,500.0,3135.3462,0.0
-50.0,500.0,3088.0105,0.0
-40.0,500.0,3041.1233,0.0
-30.0,500.0,2994.6848,0.0
-20.0,500.0,2948.6943,0.0
-10.0,500.0,2903.1506,0.0
0.0,500.0,2858.0557,0.0
10.0,500.0,2813.407,0.0
20.0,500.0,2769.2058,0.0
30.0,500.0,2725.451,0.0
40.0,500.0,2682.143,0.0
50.0,500.0,2639.2812,0.0
60.0,500.0,2596.867,0.0
70.0,500.0,2554.8987,0.0
80.0,500.0,2513.3767,0.0
90.0,500.0,2472.3025,0.0
100.0,500.0,2431.6729,0.0
110.0,500.0,2391.489,0.0
120.0,500.0,2351.751,0.0
130.0,500.0,2312.46,0.0
140.0,500.0,2273.6138,0.0
150.0,500.0,2235.2134,0.0
160.0,500.0,2197.2583,0.0
170.0,500.0,2159.7493,0.0
180.0,500.0,2122.6855,0.0
190.0,500.0,2086.068,0.0
200.0,500.0,2049.896,0.0
210.0,500.0,2014.1697,0.0
220.0,500.0,1978.8884,0.0
230.0,500.0,1944.0531,0.0
240.0,500.0,1909.6632,0.0
250.0,500.0,1875.7188,0.0
260.0,500.0,1842.22,0.0
270.0,500.0,1809.1676,0.0
280.0,500.0,1776.5602,0.0
290.0,500.0,1744.3989,0.0
300.0,500.0,1712.6833,0.0
310.0,500.0,1681.4135,0.0
320.0,500.0,1650.5897,0.0
330.0,500.0,1620.212,0.0
340.0,500.0,1590.2799,0.0
350.0,500.0,1560.794,0.0
360.0,500.0,1531.7548,0.0
370.0,500.0,1503.1619,0.0
380.0,500.0,1475.0153,0.0
390.0,500.0,1447.3153,0.0
400.0,500.0,1420.0618,0.0
410.0,500.0,1393.2551,0.0
420.0,500.0,1366.8956,0.0
430.0,500.0,1340.9825,0.0
440.0,500.0,1315.5166,0.0
450.0,500.0,1290.4985,0.0
460.0,500.0,1265.9275,0.0
470.0,500.0,1241.8046,0.0
480.0,500.0,1218.129,0.0
490.0,500.0,1194.9014,0.0
500.0,500.0,1172.1216,0.0
510.0,500.0,1149.7898,0.0
520.0,500.0,1127.9067,0.0
530.0,500.0,1106.4724,0.0
540.0,500.0,1085.4868,0.0
550.0,500.0,1064.9501,0.0
560.0,500.0,1044.8628,0.0
570.0,500.0,1025.2241,0.0
580.0,500.0,1006.0359,0.0
590.0,500.0,987.297,0.0
600.0,500.0,969.0082,0.0
610.0,500.0,951.1694,0.0
620.0,500.0,933.7811,0.0
630.0,500.0,916.84344,0.0
640.0,500.0,900.35693,0.0
650.0,500.0,884.321,0.0
660.0,500.0,868.7366,0.0
670.0,500.0,853.6041,0.0
680.0,500.0,838.9237,0.0
690.0,500.0,824.69476,0.0
700.0,500.0,810.9182,0.0
710.0,500.0,797.5945,0.0
720.0,500.0,784.72296,0.0
730.0,500.0,772.3054,0.0
740.0,500.0,760.34143,0.0
750.0,500.0,748.83026,0.0
760.0,500.0,737.7739,0.0
770.0,500.0,727.171,0.0
780.0,500.0,717.0234,0.0
790.0,500.0,707.33,0.0
800.0,500.0,698.09155,0.0
810.0,500.0,689.3085,0.0
820.0,500.0,680.9811,0.0
830.0,500.0,673.1101,0.0
840.0,500.0,665.69507,0.0
850.0,500.0,658.73645,0.0
860.0,500.0,652.2351,0.0
870.0,500.0,646.1907,0.0
880.0,500.0,640.6038,0.0
890.0,500.0,635.47485,0.0
900.0,500.0,630.80396,0.0
910.0,500.0,626.5914,0.0
920.0,500.0,622.8374,0.0
930.0,500.0,619.543,0.0
940.0,500.0,616.7079,0.0
950.0,500.0,614.33246,0.0
960.0,500.0,612.41693,0.0
970.0,500.0,610.9624,0.0
980.0,500.0,609.9679,0.0
990.0,500.0,609.4349,0.0
1000.0,500.0,609.3634,0.0
1010.0,500.0,609.75354,0.0
1020.0,500.0,610.6058,0.0
1030.0,500.0,611.92065,0.0
1040.0,500.0,613.6985,0.0
1050.0,500.0,615.9391,0.0
1060.0,500.0,618.6433,0.0
1070.0,500.0,621.81134,0.0
1080.0,500.0,625.44385,0.0
1090.0,500.0,629.5404,0.0
1100.0,500.0,634.1026,0.0
1110.0,500.0,639.1296,0.0
1120.0,500.0,644.62256,0.0
1130.0,500.0,650.58105,0.0
1140.0,500.0,657.0066,0.0
1150.0,500.0,663.89856,0.0
1160.0,500.0,671.25793,0.0
1170.0,500.0,679.08435,0.0
1180.0,500.0,687.3789,0.0
1190.0,500.0,696.1417,0.0
1200.0,500.0,705.3733,0.0
1210.0,500.0,715.0729,0.0
1220.0,500.0,725.24207,0.0
1230.0,500.0,735.8802,0.0
1240.0,500.0,746.9883,0.0
1250.0,500.0,758.5665,0.0
1260.0,500.0,770.6161,0.0
1270.0,500.0,783.1378,0.0
1280.0,500.0,796.131,0.0
1290.0,500.0,809.59625,0.0
1300.0,500.0,823.5333,0.0
1310.0,500.0,837.94275,0.0
1320.0,500.0,852.82587,0.0
1330.0,500.0,868.1824,0.0
1340.0,500.0,884.01245,0.0
1350.0,500.0,900.3165,0.0
1360.0,500.0,917.09607,0.0
1370.0,500.0,934.34973,0.0
1380.0,500.0,952.07874,0.0
1390.0,500.0,970.2838,0.0
1400.0,500.0,988.9642,0.0
1410.0,500.0,1008.1214,0.0
1420.0,500.0,1027.755,0.0
1430.0,500.0,1047.8661,0.0
1440.0,500.0,1068.4542,0.0
1450.0,500.0,1089.5208,0.0
1460.0,500.0,1111.0659,0.0
1470.0,500.0,1133.089,0.0
1480.0,500.0,1155.5908,0.0
1490.0,500.0,1178.5719,0.0
1500.0,500.0,1202.0325,0.0
1510.0,500.0,1225.9736,0.0
1520.0,500.0,1250.3951,0.0
1530.0,500.0,1275.2982,0.0
1540.0,500.0,1300.6819,0.0
1550.0,500.0,1326.548,0.0
1560.0,500.0,1352.8945,0.0
1570.0,500.0,1379.7241,0.0
1580.0,500.0,1407.0354,0.0
1590.0,500.0,1434.8307,0.0
1600.0,500.0,1463.1086,0.0
1610.0,500.0,1491.8705,0.0
1620.0,500.0,1521.116,0.0
1630.0,500.0,1550.8457,0.0
1640.0,500.0,1581.0605,0.0
1650.0,500.0,1611.7603,0.0
1660.0,500.0,1642.9448,0.0
1670.0,500.0,1674.6157,0.0
1680.0,500.0,1706.7727,0.0
1690.0,500.0,1739.415,0.0
1700.0,500.0,1772.5444,0.0
1710.0,500.0,1806.161,0.0
1720.0,500.0,1840.2654,0.0
1730.0,500.0,1874.857,0.0
1740.0,500.0,1909.9374,0.0
1750.0,500.0,1945.5051,0.0
1760.0,500.0,1981.5613,0.0
1770.0,500.0,2018.1067,0.0
1780.0,500.0,2055.142,0.0
1790.0,500.0,2092.6667,0.0
1800.0,500.0,2130.6807,0.0
-200.0,510.0,39270.906,1.0
-190.0,510.0,39270.906,1.0
-180.0,510.0,39270.906,1.0
-170.0,510.0,39270.906,1.0
-160.0,510.0,39270.906,1.0
-150.0,510.0,39270.906,1.0
-140.0,510.0,39270.906,1.0
-130.0,510.0,3438.5593,0.0
-120.0,510.0,3389.0125,0.0
-110.0,510.0,3339.9067,0.0
-100.0,510.0,3291.2417,0.0
-90.0,510.0,3243.0176,0.0
-80.0,510.0,3195.2334,0.0
-70.0,510.0,3147.8901,0.0
-60.0,510.0,3100.9863,0.0
-50.0,510.0,3054.523,0.0
-40.0,510.0,3008.4985,0.0
-30.0,510.0,2962.914,0.0
-20.0,510.0,2917.7693,0.0
-10.0,510.0,2873.0635,0.0
0.0,510.0,2828.797,0.0
10.0,510.0,2784.969,0.0
20.0,510.0,2741.5796,0.0
30.0,510.0,2698.6287,0.0
40.0,510.0,2656.1174,0.0
50.0,510.0,2614.0425,0.0
60.0,510.0,2572.4072,0.0
70.0,510.0,2531.2092,0.0
80.0,510.0,2490.4504,0.0
90.0,510.0,2450.128,0.0
100.0,510.0,2410.2449,0.0
110.0,510.0,2370.7988,0.0
120.0,510.0,2331.79,0.0
130.0,510.0,2293.2195,0.0
140.0,510.0,2255.0857,0.0
150.0,510.0,2217.3894,0.0
160.0,510.0,2180.1318,0.0
170.0,510.0,2143.3103,0.0
180.0,510.0,2106.9268,0.0
190.0,510.0,2070.9807,0.0
200.0,510.0,2035.4723,0.0
210.0,510.0,2000.4009,0.0
220.0,510.0,1965.7676,0.0
230.0,510.0,1931.571,0.0
240.0,510.0,1897.8123,0.0
250.0,510.0,1864.4905,0.0
260.0,510.0,1831.606,0.0
270.0,510.0,1799.1597,0.0
280.0,510.0,1767.1511,0.0
290.0,510.0,1735.5797,0.0
300.0,510.0,1704.446,0.0
310.0,510.0,1673.7506,0.0
320.0,510.0,1643.4923,0.0
330.0,510.0,1613.6724,0.0
340.0,510.0,1584.29,0.0
350.0,510.0,1555.3462,0.0
360.0,510.0,1526.84,0.0
370.0,510.0,1498.7722,0.0
380.0,510.0,1471.1423,0.0
390.0,510.0,1443.9515,0.0
400.0,510.0,1417.1989,0.0
410.0,510.0,1390.8854,0.0
420.0,510.0,1365.0104,0.0
430.0,510.0,1339.5742,0.0
440.0,510.0,1314.5771,0.0
450.0,510.0,1290.0192,0.0
460.0,510.0,1265.9004,0.0
470.0,510.0,1242.2212,0.0
480.0,510.0,1218.9816,0.0
490.0,510.0,1196.1818,0.0
500.0,510.0,1173.8218,0.0
510.0,510.0,1151.9016,0.0
520.0,510.0,1130.4224,0.0
530.0,510.0,1109.3834,0.0
540.0,510.0,1088.7844,0.0
550.0,510.0,1068.6268,0.0
560.0,510.0,1048.9106,0.0
570.0,510.0,1029.635,0.0
580.0,510.0,1010.801,0.0
590.0,510.0,992.4084,0.0
600.0,510.0,974.458,0.0
610.0,510.0,956.9494,0.0
620.0,510.0,939.88306,0.0
630.0,510.0,923.2595,0.0
640.0,510.0,907.0779,0.0
650.0,510.0,891.3395,0.0
660.0,510.0,876.0441,0.0
670.0,510.0,861.1923,0.0
680.0,510.0,846.78455,0.0
690.0,510.0,832.8202,0.0
700.0,510.0,819.29956,0.0
710.0,510.0,806.2234,0.0
720.0,510.0,793.5921,0.0
730.0,510.0,781.40576,0.0
740.0,510.0,769.66486,0.0
750.0,510.0,758.3689,0.0
760.0,510.0,747.5187,0.0
770.0,510.0,737.11426,0.0
780.0,510.0,727.1559,0.0
790.0,510.0,717.64435,0.0
800.0,510.0,708.579,0.0
810.0,510.0,699.9613,0.0
820.0,510.0,691.7905,0.0
830.0,510.0,684.0676,0.0
840.0,510.0,676.7926,0.0
850.0,510.0,669.9658,0.0
860.0,510.0,663.58734,0.0
870.0,510.0,657.6576,0.0
880.0,510.0,652.1768,0.0
890.0,510.0,647.1456,0.0
900.0,510.0,642.564,0.0
910.0,510.0,638.43225,0.0
920.0,510.0,634.7511,0.0
930.0,510.0,631.5206,0.0
940.0,510.0,628.7408,0.0
950.0,510.0,626.4127,0.0
960.0,510.0,624.53564,0.0
970.0,510.0,623.11084,0.0
980.0,510.0,622.13776,0.0
990.0,510.0,621.6173,0.0
1000.0,510.0,621.5502,0.0
1010.0,510.0,621.9369,0.0
1020.0,510.0,622.7762,0.0
1030.0,510.0,624.0696,0.0
1040.0,510.0,625.81714,0.0
1050.0,510.0,628.0193,0.0
1060.0,510.0,630.67645,0.0
1070.0,510.0,633.78827,0.0
1080.0,510.0,637.35596,0.0
1090.0,510.0,641.3797,0.0
1100.0,510.0,645.85974,0.0
1110.0,510.0,650.79626,0.0
1120.0,510.0,656.1896,0.0
1130.0,510.0,662.0403,0.0
1140.0,510.0,668.349,0.0
1150.0,510.0,675.1153,0.0
1160.0,510.0,682.3402,0.0
1170.0,510.0,690.0231,0.0
1180.0,510.0,698.166,0.0
1190.0,510.0,706.76794,0.0
1200.0,510.0,715.82935,0.0
1210.0,510.0,725.3512,0.0
1220.0,510.0,735.333,0.0
1230.0,510.0,745.77527,0.0
1240.0,510.0,756.67865,0.0
1250.0,510.0,768.0424,0.0
1260.0,510.0,779.86835,0.0
1270.0,510.0,792.15784,0.0
1280.0,510.0,804.911,0.0
1290.0,510.0,818.1265,0.0
1300.0,510.0,831.8048,0.0
1310.0,510.0,845.9467,0.0
1320.0,510.0,860.5526,0.0
1330.0,510.0,875.62354,0.0
1340.0,510.0,891.15906,0.0
1350.0,510.0,907.1592,0.0
1360.0,510.0,923.6257,0.0
1370.0,510.0,940.55725,0.0
1380.0,510.0,957.9553,0.0
1390.0,510.0,975.8199,0.0
1400.0,510.0,994.15106,0.0
1410.0,510.0,1012.94995,0.0
1420.0,510.0,1032.2166,0.0
1430.0,510.0,1051.9509,0.0
1440.0,510.0,1072.1532,0.0
1450.0,510.0,1092.8246,0.0
1460.0,510.0,1113.9648,0.0
1470.0,510.0,1135.5748,0.0
1480.0,510.0,1157.6545,0.0
1490.0,510.0,1180.2041,0.0
1500.0,510.0,1203.2234,0.0
1510.0,510.0,1226.7134,0.0
1520.0,510.0,1250.675,0.0
1530.0,510.0,1275.1086,0.0
1540.0,510.0,1300.0142,0.0
1550.0,510.0,1325.3918,0.0
1560.0,510.0,1351.242,0.0
1570.0,510.0,1377.5647,0.0
1580.0,510.0,1404.3613,0.0
1590.0,510.0,1431.6305,0.0
1600.0,510.0,1459.374,0.0
1610.0,510.0,1487.5919,0.0
1620.0,510.0,1516.2844,0.0
1630.0,510.0,1545.4512,0.0
1640.0,510.0,1575.0938,0.0
1650.0,510.0,1605.2109,0.0
1660.0,510.0,1635.8053,0.0
1670.0,510.0,1666.8745,0.0
1680.0,510.0,1698.4209,0.0
1690.0,510.0,1730.4445,0.0
1700.0,510.0,1762.9445,0.0
1710.0,510.0,1795.9224,0.0
1720.0,510.0,1829.3779,0.0
1730.0,510.0,1863.3115,0.0
1740.0,510.0,1897.7246,0.0
1750.0,510.0,1932.6152,0.0
1760.0,510.0,1967.9847,0.0
1770.0,510.0,2003.8334,0.0
1780.0,510.0,2040.1632,0.0
1790.0,510.0,2076.972,0.0
1800.0,510.0,2114.2612,0.0
-200.0,520.0,39270.906,1.0
-190.0,520.0,39270.906,1.0
-180.0,520.0,39270.906,1.0
-170.0,520.0,39270.906,1.0
-160.0,520.0,39270.906,1.0
-150.0,520.0,39270.906,1.0
-140.0,520.0,39270.906,1.0
-130.0,520.0,3399.7798,0.0
-120.0,520.0,3351.1304,0.0
-110.0,520.0,3302.9126,0.0
-100.0,520.0,3255.1277,0.0
-90.0,520.0,3207.7754,0.0
-80.0,520.0,3160.8555,0.0
-70.0,520.0,3114.3677,0.0
-60.0,520.0,3068.312,0.0
-50.0,520.0,3022.688,0.0
-40.0,520.0,2977.4949,0.0
-30.0,520.0,2932.734,0.0
-20.0,520.0,2888.4038,0.0
-10.0,520.0,2844.505,0.0
0.0,520.0,2801.0361,0.0
10.0,520.0,2757.9995,0.0
20.0,520.0,2715.3928,0.0
30.0,520.0,2673.2168,0.0
40.0,520.0,2631.4722,0.0
50.0,520.0,2590.1555,0.0
60.0,520.0,2549.2705,0.0
70.0,520.0,2508.8164,0.0
80.0,520.0,2468.7908,0.0
90.0,520.0,2429.1953,0.0
100.0,520.0,2390.0308,0.0
110.0,520.0,2351.295,0.0
120.0,520.0,2312.989,0.0
130.0,520.0,2275.1135,0.0
140.0,520.0,2237.666,0.0
150.0,520.0,2200.6494,0.0
160.0,520.0,2164.062,0.0
170.0,520.0,2127.9043,0.0
180.0,520.0,2092.1763,0.0
190.0,520.0,2056.8777,0.0
200.0,520.0,2022.0083,0.0
210.0,520.0,1987.5691,0.0
220.0,520.0,1953.5593,0.0
230.0,520.0,1919.9789,0.0
240.0,520.0,1886.8281,0.0
250.0,520.0,1854.1062,0.0
260.0,520.0,1821.815,0.0
270.0,520.0,1789.9535,0.0
280.0,520.0,1758.5208,0.0
290.0,520.0,1727.5186,0.0
300.0,520.0,1696.9463,0.0
310.0,520.0,1666.8038,0.0
320.0,520.0,1637.091,0.0
330.0,520.0,1607.8083,0.0
340.0,520.0,1578.9558,0.0
350.0,520.0,1550.5339,0.0
360.0,520.0,1522.5421,0.0
370.0,520.0,1494.9805,0.0
380.0,520.0,1467.8501,0.0
390.0,520.0,1441.149,0.0
400.0,520.0,1414.8796,0.0
410.0,520.0,1389.0408,0.0
420.0,520.0,1363.6332,0.0
430.0,520.0,1338.6562,0.0
440.0,520.0,1314.1106,0.0
450.0,520.0,1289.9967,0.0
460.0,520.0,1266.3143,0.0
470.0,520.0,1243.0627,0.0
480.0,520.0,1220.2437,0.0
490.0,520.0,1197.856,0.0
500.0,520.0,1175.9006,0.0
510.0,520.0,1154.3774,0.0
520.0,520.0,1133.287,0.0
530.0,520.0,1112.6292,0.0
540.0,520.0,1092.4039,0.0
550.0,520.0,1072.6113,0.0
560.0,520.0,1053.2524,0.0
570.0,520.0,1034.3265,0.0
580.0,520.0,1015.8346,0.0
590.0,520.0,997.7759,0.0
600.0,520.0,980.1515,0.0
610.0,520.0,962.96124,0.0
620.0,520.0,946.205,0.0
630.0,520.0,929.8832,0.0
640.0,520.0,913.9967,0.0
650.0,520.0,898.54456,0.0
660.0,520.0,883.52795,0.0
670.0,520.0,868.94727,0.0
680.0,520.0,854.8017,0.0
690.0,520.0,841.09247,0.0
700.0,520.0,827.8184,0.0
710.0,520.0,814.98157,0.0
720.0,520.0,802.58136,0.0
730.0,520.0,790.61816,0.0
740.0,520.0,779.092,0.0
750.0,520.0,768.0032,0.0
760.0,520.0,757.3519,0.0
770.0,520.0,747.1387,0.0
780.0,520.0,737.3634,0.0
790.0,520.0,728.0269,0.0
800.0,520.0,719.1287,0.0
810.0,520.0,710.66974,0.0
820.0,520.0,702.64984,0.0
830.0,520.0,695.06976,0.0
840.0,520.0,687.9297,0.0
850.0,520.0,681.2293,0.0
860.0,520.0,674.9698,0.0
870.0,520.0,669.15027,0.0
880.0,520.0,663.7719,0.0
890.0,520.0,658.83496,0.0
900.0,520.0,654.3394,0.0
910.0,520.0,650.28577,0.0
920.0,520.0,646.6742,0.0
930.0,520.0,643.5055,0.0
940.0,520.0,640.77954,0.0
950.0,520.0,638.4963,0.0
960.0,520.0,636.65674,0.0
970.0,520.0,635.26074,0.0
980.0,520.0,634.3088,0.0
990.0,520.0,633.80054,0.0
1000.0,520.0,633.73785,0.0
1010.0,520.0,634.11975,0.0
1020.0,520.0,634.94653,0.0
1030.0,520.0,636.21985,0.0
1040.0,520.0,637.93823,0.0
1050.0,520.0,640.1032,0.0
1060.0,520.0,642.71454,0.0
1070.0,520.0,645.77295,0.0
1080.0,520.0,649.2784,0.0
1090.0,520.0,653.2316,0.0
1100.0,520.0,657.6327,0.0
1110.0,520.0,662.4817,0.0
1120.0,520.0,667.7793,0.0
1130.0,520.0,673.5259,0.0
1140.0,520.0,679.7217,0.0
1150.0,520.0,686.36707,0.0
1160.0,520.0,693.46277,0.0
1170.0,520.0,701.008,0.0
1180.0,520.0,709.004,0.0
1190.0,520.0,717.4513,0.0
1200.0,520.0,726.3489,0.0
1210.0,520.0,735.6992,0.0
1220.0,520.0,745.50073,0.0
1230.0,520.0,755.75446,0.0
1240.0,520.0,766.46014,0.0
1250.0,520.0,777.6176,0.0
1260.0,520.0,789.2289,0.0
1270.0,520.0,801.2951,0.0
1280.0,520.0,813.81586,0.0
1290.0,520.0,826.79065,0.0
1300.0,520.0,840.21985,0.0
1310.0,520.0,854.10376,0.0
1320.0,520.0,868.4435,0.0
1330.0,520.0,883.23865,0.0
1340.0,520.0,898.4906,0.0
1350.0,520.0,914.19885,0.0
1360.0,520.0,930.36334,0.0
1370.0,520.0,946.98505,0.0
1380.0,520.0,964.0644,0.0
1390.0,520.0,981.6013,0.0
1400.0,520.0,999.59686,0.0
1410.0,520.0,1018.05005,0.0
1420.0,520.0,1036.9625,0.0
1430.0,520.0,1056.334,0.0
1440.0,520.0,1076.1653,0.0
1450.0,520.0,1096.4564,0.0
1460.0,520.0,1117.2075,0.0
1470.0,520.0,1138.4185,0.0
1480.0,520.0,1160.0916,0.0
1490.0,520.0,1182.2251,0.0
1500.0,520.0,1204.8197,0.0
1510.0,520.0,1227.8762,0.0
1520.0,520.0,1251.3948,0.0
1530.0,520.0,1275.3762,0.0
1540.0,520.0,1299.8212,0.0
1550.0,520.0,1324.729,0.0
1560.0,520.0,1350.1007,0.0
1570.0,520.0,1375.9364,0.0
1580.0,520.0,1402.236,0.0
1590.0,520.0,1428.9998,0.0
1600.0,520.0,1456.2289,0.0
1610.0,520.0,1483.9232,0.0
1620.0,520.0,1512.0823,0.0
1630.0,520.0,1540.7076,0.0
1640.0,520.0,1569.7988,0.0
1650.0,520.0,1599.3564,0.0
1660.0,520.0,1629.3813,0.0
1670.0,520.0,1659.8728,0.0
1680.0,520.0,1690.8318,0.0
1690.0,520.0,1722.2583,0.0
1700.0,520.0,1754.1528,0.0
1710.0,520.0,1786.5164,0.0
1720.0,520.0,1819.3479,0.0
1730.0,520.0,1852.648,0.0
1740.0,520.0,1886.4175,0.0
1750.0,520.0,1920.6569,0.0
1760.0,520.0,1955.3655,0.0
1770.0,520.0,1990.5446,0.0
1780.0,520.0,2026.1941,0.0
1790.0,520.0,2062.315,0.0
1800.0,520.0,2098.9058,0.0
-200.0,530.0,39270.906,1.0
-190.0,530.0,39270.906,1.0
-180.0,530.0,39270.906,1.0
-170.0,530.0,39270.906,1.0
-160.0,530.0,39270.906,1.0
-150.0,530.0,39270.906,1.0
-140.0,530.0,39270.906,1.0
-130.0,530.0,39270.906,1.0
-120.0,530.0,3315.0286,0.0
-110.0,530.0,3267.6677,0.0
-100.0,530.0,3220.732,0.0
-90.0,530.0,3174.2202,0.0
-80.0,530.0,3128.1328,0.0
-70.0,530.0,3082.4702,0.0
-60.0,530.0,3037.2314,0.0
-50.0,530.0,2992.417,0.0
-40.0,530.0,2948.0237,0.0
-30.0,530.0,2904.0571,0.0
-20.0,530.0,2860.5132,0.0
-10.0,530.0,2817.392,0.0
0.0,530.0,2774.694,0.0
10.0,530.0,2732.419,0.0
20.0,530.0,2690.568,0.0
30.0,530.0,2649.1392,0.0
40.0,530.0,2608.1328,0.0
50.0,530.0,2567.5488,0.0
60.0,530.0,2527.3867,0.0
70.0,530.0,2487.6482,0.0
80.0,530.0,2448.3315,0.0
90.0,530.0,2409.4368,0.0
100.0,530.0,2370.9648,0.0
110.0,530.0,2332.9136,0.0
120.0,530.0,2295.2861,0.0
130.0,530.0,2258.0806,0.0
140.0,530.0,2221.2954,0.0
150.0,530.0,2184.9336,0.0
160.0,530.0,2148.9937,0.0
170.0,530.0,2113.4756,0.0
180.0,530.0,2078.38,0.0
190.0,530.0,2043.7056,0.0
200.0,530.0,2009.4536,0.0
210.0,530.0,1975.6228,0.0
220.0,530.0,1942.2144,0.0
230.0,530.0,1909.2285,0.0
240.0,530.0,1876.664,0.0
250.0,530.0,1844.5217,0.0
260.0,530.0,1812.802,0.0
270.0,530.0,1781.5037,0.0
280.0,530.0,1750.6284,0.0
290.0,530.0,1720.1748,0.0
300.0,530.0,1690.1433,0.0
310.0,530.0,1660.5343,0.0
320.0,530.0,1631.3478,0.0
330.0,530.0,1602.5842,0.0
340.0,530.0,1574.2426,0.0
350.0,530.0,1546.3242,0.0
360.0,530.0,1518.8284,0.0
370.0,530.0,1491.7551,0.0
380.0,530.0,1465.1051,0.0
390.0,530.0,1438.8778,0.0
400.0,530.0,1413.0742,0.0
410.0,530.0,1387.6935,0.0
420.0,530.0,1362.7363,0.0
430.0,530.0,1338.2029,0.0
440.0,530.0,1314.0934,0.0
450.0,530.0,1290.407,0.0
460.0,530.0,1267.1448,0.0
470.0,530.0,1244.3066,0.0
480.0,530.0,1221.8928,0.0
490.0,530.0,1199.9033,0.0
500.0,530.0,1178.3379,0.0
510.0,530.0,1157.1979,0.0
520.0,530.0,1136.4825,0.0
530.0,530.0,1116.1923,0.0
540.0,530.0,1096.3269,0.0
550.0,530.0,1076.8872,0.0
560.0,530.0,1057.8732,0.0
570.0,530.0,1039.2847,0.0
580.0,530.0,1021.1221,0.0
590.0,530.0,1003.38556,0.0
600.0,530.0,986.07544,0.0
610.0,530.0,969.1921,0.0
620.0,530.0,952.7352,0.0
630.0,530.0,936.7053,0.0
640.0,530.0,921.10205,0.0
650.0,530.0,905.92664,0.0
660.0,530.0,891.1792,0.0
670.0,530.0,876.85913,0.0
680.0,530.0,862.96765,0.0
690.0,530.0,849.504,0.0
700.0,530.0,836.468,0.0
710.0,530.0,823.86176,0.0
720.0,530.0,811.6847,0.0
730.0,530.0,799.9365,0.0
740.0,530.0,788.61774,0.0
750.0,530.0,777.7282,0.0
760.0,530.0,767.26904,0.0
770.0,530.0,757.24023,0.0
780.0,530.0,747.64124,0.0
790.0,530.0,738.4737,0.0
800.0,530.0,729.73645,0.0
810.0,530.0,721.4308,0.0
820.0,530.0,713.55676,0.0
830.0,530.0,706.11414,0.0
840.0,530.0,699.1039,0.0
850.0,530.0,692.5259,0.0
860.0,530.0,686.3806,0.0
870.0,530.0,680.668,0.0
880.0,530.0,675.3883,0.0
890.0,530.0,670.54224,0.0
900.0,530.0,666.12964,0.0
910.0,530.0,662.1514,0.0
920.0,530.0,658.6073,0.0
930.0,530.0,655.49805,0.0
940.0,530.0,652.8235,0.0
950.0,530.0,650.5836,0.0
960.0,530.0,648.7802,0.0
970.0,530.0,647.4119,0.0
980.0,530.0,646.47955,0.0
990.0,530.0,645.984,0.0
1000.0,530.0,645.9249,0.0
1010.0,530.0,646.3031,0.0
1020.0,530.0,647.1182,0.0
1030.0,530.0,648.37085,0.0
1040.0,530.0,650.06165,0.0
1050.0,530.0,652.19073,0.0
1060.0,530.0,654.7582,0.0
1070.0,530.0,657.76465,0.0
1080.0,530.0,661.20996,0.0
1090.0,530.0,665.0953,0.0
1100.0,530.0,669.4202,0.0
1110.0,530.0,674.1853,0.0
1120.0,530.0,679.39026,0.0
1130.0,530.0,685.0365,0.0
1140.0,530.0,691.1238,0.0
1150.0,530.0,697.6526,0.0
1160.0,530.0,704.62335,0.0
1170.0,530.0,712.03546,0.0
1180.0,530.0,719.89075,0.0
1190.0,530.0,728.1882,0.0
1200.0,530.0,736.9291,0.0
1210.0,530.0,746.113,0.0
1220.0,530.0,755.7408,0.0
1230.0,530.0,765.8124,0.0
1240.0,530.0,776.3275,0.0
1250.0,530.0,787.28723,0.0
1260.0,530.0,798.6915,0.0
1270.0,530.0,810.5416,0.0
1280.0,530.0,822.8385,0.0
1290.0,530.0,835.5818,0.0
1300.0,530.0,848.77075,0.0
1310.0,530.0,862.4064,0.0
1320.0,530.0,876.48914,0.0
1330.0,530.0,891.0193,0.0
1340.0,530.0,905.9976,0.0
1350.0,530.0,921.4232,0.0
1360.0,530.0,937.298,0.0
1370.0,530.0,953.62054,0.0
1380.0,530.0,970.39294,0.0
1390.0,530.0,987.6144,0.0
1400.0,530.0,1005.28516,0.0
1410.0,530.0,1023.40625,0.0
1420.0,530.0,1041.9778,0.0
1430.0,530.0,1060.9993,0.0
1440.0,530.0,1080.4727,0.0
1450.0,530.0,1100.3965,0.0
1460.0,530.0,1120.7727,0.0
1470.0,530.0,1141.6005,0.0
1480.0,530.0,1162.8809,0.0
1490.0,530.0,1184.6135,0.0
1500.0,530.0,1206.7996,0.0
1510.0,530.0,1229.4386,0.0
1520.0,530.0,1252.5304,0.0
1530.0,530.0,1276.0768,0.0
1540.0,530.0,1300.0771,0.0
1550.0,530.0,1324.533,0.0
1560.0,530.0,1349.4431,0.0
1570.0,530.0,1374.8091,0.0
1580.0,530.0,1400.6301,0.0
1590.0,530.0,1426.9075,0.0
1600.0,530.0,1453.6407,0.0
1610.0,530.0,1480.8303,0.0
1620.0,530.0,1508.4761,0.0
1630.0,530.0,1536.5796,0.0
1640.0,530.0,1565.1403,0.0
1650.0,530.0,1594.1581,0.0
1660.0,530.0,1623.634,0.0
1670.0,530.0,1653.569,0.0
1680.0,530.0,1683.9624,0.0
1690.0,530.0,1714.8138,0.0
1700.0,530.0,1746.125,0.0
1710.0,530.0,1777.8958,0.0
1720.0,530.0,1810.1267,0.0
1730.0,530.0,1842.8171,0.0
1740.0,530.0,1875.9678,0.0
1750.0,530.0,1909.5793,0.0
1760.0,530.0,1943.6514,0.0
1770.0,530.0,1978.1852,0.0
1780.0,530.0,2013.1804,0.0
1790.0,530.0,2048.6377,0.0
1800.0,530.0,2084.5564,0.0
-200.0,540.0,39270.906,1.0
-190.0,540.0,39270.906,1.0
-180.0,540.0,39270.906,1.0
-170.0,540.0,39270.906,1.0
-160.0,540.0,39270.906,1.0
-150.0,540.0,39270.906,1.0
-140.0,540.0,39270.906,1.0
-130.0,540.0,39270.906,1.0
-120.0,540.0,3280.6133,0.0
-110.0,540.0,3234.0789,0.0
-100.0,540.0,3187.9617,0.0
-90.0,540.0,3142.2612,0.0
-80.0,540.0,3096.9783,0.0
-70.0,540.0,3052.1108,0.0
-60.0,540.0,3007.6606,0.0
-50.0,540.0,2963.626,0.0
-40.0,540.0,2920.0073,0.0
-30.0,540.0,2876.8062,0.0
-20.0,540.0,2834.02,0.0
-10.0,540.0,2791.6494,0.0
0.0,540.0,2749.6946,0.0
10.0,540.0,2708.155,0.0
20.0,540.0,2667.0325,0.0
30.0,540.0,2626.3242,0.0
40.0,540.0,2586.0312,0.0
50.0,540.0,2546.153,0.0
60.0,540.0,2506.6904,0.0
70.0,540.0,2467.641,0.0
80.0,540.0,2429.0083,0.0
90.0,540.0,2390.7896,0.0
100.0,540.0,2352.987,0.0
110.0,540.0,2315.5977,0.0
120.0,540.0,2278.624,0.0
130.0,540.0,2242.0647,0.0
140.0,540.0,2205.9194,0.0
150.0,540.0,2170.1897,0.0
160.0,540.0,2134.8743,0.0
170.0,540.0,2099.9731,0.0
180.0,540.0,2065.4873,0.0
190.0,540.0,2031.416,0.0
200.0,540.0,1997.7595,0.0
210.0,540.0,1964.5164,0.0
220.0,540.0,1931.689,0.0
230.0,540.0,1899.2766,0.0
240.0,540.0,1867.2787,0.0
250.0,540.0,1835.6948,0.0
260.0,540.0,1804.5264,0.0
270.0,540.0,1773.7725,0.0
280.0,540.0,1743.4337,0.0
290.0,540.0,1713.51,0.0
300.0,540.0,1684.0015,0.0
310.0,540.0,1654.908,0.0
320.0,540.0,1626.2288,0.0
330.0,540.0,1597.9656,0.0
340.0,540.0,1570.1172,0.0
350.0,540.0,1542.6846,0.0
360.0,540.0,1515.6678,0.0
370.0,540.0,1489.0659,0.0
380.0,540.0,1462.8799,0.0
390.0,540.0,1437.1099,0.0
400.0,540.0,1411.7554,0.0
410.0,540.0,1386.818,0.0
420.0,540.0,1362.2957,0.0
430.0,540.0,1338.1903,0.0
440.0,540.0,1314.501,0.0
450.0,540.0,1291.2274,0.0
460.0,540.0,1268.3713,0.0
470.0,540.0,1245.9315,0.0
480.0,540.0,1223.9092,0.0
490.0,540.0,1202.3037,0.0
500.0,540.0,1181.115,0.0
510.0,540.0,1160.3446,0.0
520.0,540.0,1139.9915,0.0
530.0,540.0,1120.0559,0.0
540.0,540.0,1100.5383,0.0
550.0,540.0,1081.4388,0.0
560.0,540.0,1062.7576,0.0
570.0,540.0,1044.4946,0.0
580.0,540.0,1026.6504,0.0
590.0,540.0,1009.2246,0.0
600.0,540.0,992.2185,0.0
610.0,540.0,975.6311,0.0
620.0,540.0,959.4629,0.0
630.0,540.0,943.71423,0.0
640.0,540.0,928.386,0.0
650.0,540.0,913.47705,0.0
660.0,540.0,898.98914,0.0
670.0,540.0,884.9209,0.0
680.0,540.0,871.27344,0.0
690.0,540.0,858.0471,0.0
700.0,540.0,845.2416,0.0
710.0,540.0,832.8576,0.0
720.0,540.0,820.89575,0.0
730.0,540.0,809.35474,0.0
740.0,540.0,798.2362,0.0
750.0,540.0,787.5398,0.0
760.0,540.0,777.2659,0.0
770.0,540.0,767.41486,0.0
780.0,540.0,757.98627,0.0
790.0,540.0,748.9813,0.0
800.0,540.0,740.3998,0.0
810.0,540.0,732.2423,0.0
820.0,540.0,724.5084,0.0
830.0,540.0,717.199,0.0
840.0,540.0,710.3142,0.0
850.0,540.0,703.854,0.0
860.0,540.0,697.81915,0.0
870.0,540.0,692.2088,0.0
880.0,540.0,687.0248,0.0
890.0,540.0,682.26624,0.0
900.0,540.0,677.9342,0.0
910.0,540.0,674.0282,0.0
920.0,540.0,670.5492,0.0
930.0,540.0,667.4974,0.0
940.0,540.0,664.8721,0.0
950.0,540.0,662.6751,0.0
960.0,540.0,660.90564,0.0
970.0,540.0,659.5646,0.0
980.0,540.0,658.65155,0.0
990.0,540.0,658.16736,0.0
1000.0,540.0,658.1122,0.0
1010.0,540.0,658.48645,0.0
1020.0,540.0,659.29016,0.0
1030.0,540.0,660.5238,0.0
1040.0,540.0,662.18774,0.0
1050.0,540.0,664.2822,0.0
1060.0,540.0,666.8072,0.0
1070.0,540.0,669.7637,0.0
1080.0,540.0,673.1513,0.0
1090.0,540.0,676.9702,0.0
1100.0,540.0,681.2219,0.0
1110.0,540.0,685.90576,0.0
1120.0,540.0,691.022,0.0
1130.0,540.0,696.57104,0.0
1140.0,540.0,702.55383,0.0
1150.0,540.0,708.97,0.0
1160.0,540.0,715.81995,0.0
1170.0,540.0,723.10425,0.0
1180.0,540.0,730.8231,0.0
1190.0,540.0,738.97656,0.0
1200.0,540.0,747.5657,0.0
1210.0,540.0,756.58984,0.0
1220.0,540.0,766.04944,0.0
1230.0,540.0,775.94574,0.0
1240.0,540.0,786.27734,0.0
1250.0,540.0,797.0456,0.0
1260.0,540.0,808.2504,0.0
1270.0,540.0,819.8928,0.0
1280.0,540.0,831.973,0.0
1290.0,540.0,844.4928,0.0
1300.0,540.0,857.4507,0.0
1310.0,540.0,870.84656,0.0
1320.0,540.0,884.6815,0.0
1330.0,540.0,898.9558,0.0
1340.0,540.0,913.6698,0.0
1350.0,540.0,928.8241,0.0
1360.0,540.0,944.41797,0.0
1370.0,540.0,960.4535,0.0
1380.0,540.0,976.9291,0.0
1390.0,540.0,993.8459,0.0
1400.0,540.0,1011.2046,0.0
1410.0,540.0,1029.0046,0.0
1420.0,540.0,1047.2468,0.0
1430.0,540.0,1065.9319,0.0
1440.0,540.0,1085.0599,0.0
1450.0,540.0,1104.6305,0.0
1460.0,540.0,1124.6454,0.0
1470.0,540.0,1145.1028,0.0
1480.0,540.0,1166.0049,0.0
1490.0,540.0,1187.3516,0.0
1500.0,540.0,1209.1428,0.0
1510.0,540.0,1231.3784,0.0
1520.0,540.0,1254.0596,0.0
1530.0,540.0,1277.1865,0.0
1540.0,540.0,1300.759,0.0
1550.0,540.0,1324.7777,0.0
1560.0,540.0,1349.2435,0.0
1570.0,540.0,1374.1562,0.0
1580.0,540.0,1399.5164,0.0
1590.0,540.0,1425.3242,0.0
1600.0,540.0,1451.5796,0.0
1610.0,540.0,1478.2826,0.0
1620.0,540.0,1505.4336,0.0
1630.0,540.0,1533.0339,0.0
1640.0,540.0,1561.0826,0.0
1650.0,540.0,1589.5806,0.0
1660.0,540.0,1618.5287,0.0
1670.0,540.0,1647.9264,0.0
1680.0,540.0,1677.7742,0.0
1690.0,540.0,1708.072,0.0
1700.0,540.0,1738.8208,0.0
1710.0,540.0,1770.0211,0.0
1720.0,540.0,1801.6714,0.0
1730.0,540.0,1833.7742,0.0
1740.0,540.0,1866.3286,0.0
1750.0,540.0,1899.3352,0.0
1760.0,540.0,1932.7938,0.0
1770.0,540.0,1966.7052,0.0
1780.0,540.0,2001.0693,0.0
1790.0,540.0,2035.888,0.0
1800.0,540.0,2071.1584,0.0
-200.0,550.0,39270.906,1.0
-190.0,550.0,39270.906,1.0
-180.0,550.0,39270.906,1.0
-170.0,550.0,39270.906,1.0
-160.0,550.0,39270.906,1.0
-150.0,550.0,39270.906,1.0
-140.0,550.0,39270.906,1.0
-130.0,550.0,39270.906,1.0
-120.0,550.0,39270.906,1.0
-110.0,550.0,3202.0625,0.0
-100.0,550.0,3156.7354,0.0
-90.0,550.0,3111.8179,0.0
-80.0,550.0,3067.3096,0.0
-70.0,550.0,3023.2104,0.0
-60.0,550.0,2979.5212,0.0
-50.0,550.0,2936.2417,0.0
-40.0,550.0,2893.3691,0.0
-30.0,550.0,2850.9058,0.0
-20.0,550.0,2808.8523,0.0
-10.0,550.0,2767.207,0.0
0.0,550.0,2725.9702,0.0
10.0,550.0,2685.1416,0.0
20.0,550.0,2644.7202,0.0
30.0,550.0,2604.708,0.0
40.0,550.0,2565.103,0.0
50.0,550.0,2525.9065,0.0
60.0,550.0,2487.1177,0.0
70.0,550.0,2448.7373,0.0
80.0,550.0,2410.7644,0.0
90.0,550.0,2373.1987,0.0
100.0,550.0,2336.041,0.0
110.0,550.0,2299.291,0.0
120.0,550.0,2262.9482,0.0
130.0,550.0,2227.0137,0.0
140.0,550.0,2191.4863,0.0
150.0,550.0,2156.3662,0.0
160.0,550.0,2121.6543,0.0
170.0,550.0,2087.3496,0.0
180.0,550.0,2053.4531,0.0
190.0,550.0,2019.9633,0.0
200.0,550.0,1986.882,0.0
210.0,550.0,1954.2075,0.0
220.0,550.0,1921.941,0.0
230.0,550.0,1890.0824,0.0
240.0,550.0,1858.6309,0.0
250.0,550.0,1827.5867,0.0
260.0,550.0,1796.9514,0.0
270.0,550.0,1766.7233,0.0
280.0,550.0,1736.9031,0.0
290.0,550.0,1707.4906,0.0
300.0,550.0,1678.4861,0.0
310.0,550.0,1649.8901,0.0
320.0,550.0,1621.7017,0.0
330.0,550.0,1593.9219,0.0
340.0,550.0,1566.5507,0.0
350.0,550.0,1539.587,0.0
360.0,550.0,1513.0325,0.0
370.0,550.0,1486.8862,0.0
380.0,550.0,1461.1487,0.0
390.0,550.0,1435.8196,0.0
400.0,550.0,1410.8999,0.0
410.0,550.0,1386.3885,0.0
420.0,550.0,1362.2874,0.0
430.0,550.0,1338.5947,0.0
440.0,550.0,1315.311,0.0
450.0,550.0,1292.4375,0.0
460.0,550.0,1269.9729,0.0
470.0,550.0,1247.918,0.0
480.0,550.0,1226.2737,0.0
490.0,550.0,1205.0396,0.0
500.0,550.0,1184.2146,0.0
510.0,550.0,1163.801,0.0
520.0,550.0,1143.7979,0.0
530.0,550.0,1124.2051,0.0
540.0,550.0,1105.0228,0.0
550.0,550.0,1086.2515,0.0
560.0,550.0,1067.8923,0.0
570.0,550.0,1049.9434,0.0
580.0,550.0,1032.4067,0.0
590.0,550.0,1015.2815,0.0
600.0,550.0,998.56836,0.0
610.0,550.0,982.26685,0.0
620.0,550.0,966.3776,0.0
630.0,550.0,950.9015,0.0
640.0,550.0,935.8373,0.0
650.0,550.0,921.18665,0.0
660.0,550.0,906.9492,0.0
670.0,550.0,893.12427,0.0
680.0,550.0,879.71295,0.0
690.0,550.0,866.7156,0.0
700.0,550.0,854.1323,0.0
710.0,550.0,841.9635,0.0
720.0,550.0,830.2085,0.0
730.0,550.0,818.86865,0.0
740.0,550.0,807.94275,0.0
750.0,550.0,797.433,0.0
760.0,550.0,787.3379,0.0
770.0,550.0,777.65826,0.0
780.0,550.0,768.39465,0.0
790.0,550.0,759.547,0.0
800.0,550.0,751.11536,0.0
810.0,550.0,743.1004,0.0
820.0,550.0,735.5026,0.0
830.0,550.0,728.32166,0.0
840.0,550.0,721.5575,0.0
850.0,550.0,715.21155,0.0
860.0,550.0,709.28284,0.0
870.0,550.0,703.7722,0.0
880.0,550.0,698.67993,0.0
890.0,550.0,694.0064,0.0
900.0,550.0,689.7516,0.0
910.0,550.0,685.91614,0.0
920.0,550.0,682.4996,0.0
930.0,550.0,679.5027,0.0
940.0,550.0,676.92633,0.0
950.0,550.0,674.7699,0.0
960.0,550.0,673.0337,0.0
970.0,550.0,671.718,0.0
980.0,550.0,670.82385,0.0
990.0,550.0,670.3505,0.0
1000.0,550.0,670.29944,0.0
1010.0,550.0,670.67004,0.0
1020.0,550.0,671.46313,0.0
1030.0,550.0,672.67773,0.0
1040.0,550.0,674.3157,0.0
1050.0,550.0,676.3768,0.0
1060.0,550.0,678.8606,0.0
1070.0,550.0,681.7689,0.0
1080.0,550.0,685.10046,0.0
1090.0,550.0,688.85626,0.0
1100.0,550.0,693.03687,0.0
1110.0,550.0,697.6423,0.0
1120.0,550.0,702.67267,0.0
1130.0,550.0,708.1285,0.0
1140.0,550.0,714.00964,0.0
1150.0,550.0,720.3172,0.0
1160.0,550.0,727.05145,0.0
1170.0,550.0,734.2114,0.0
1180.0,550.0,741.7993,0.0
1190.0,550.0,749.8134,0.0
1200.0,550.0,758.2556,0.0
1210.0,550.0,767.1258,0.0
1220.0,550.0,776.4236,0.0
1230.0,550.0,786.1497,0.0
1240.0,550.0,796.30493,0.0
1250.0,550.0,806.8883,0.0
1260.0,550.0,817.90063,0.0
1270.0,550.0,829.34235,0.0
1280.0,550.0,841.2141,0.0
1290.0,550.0,853.51794,0.0
1300.0,550.0,866.25195,0.0
1310.0,550.0,879.417,0.0
1320.0,550.0,893.0124,0.0
1330.0,550.0,907.0403,0.0
1340.0,550.0,921.4999,0.0
1350.0,550.0,936.39154,0.0
1360.0,550.0,951.71533,0.0
1370.0,550.0,967.47217,0.0
1380.0,550.0,983.66223,0.0
1390.0,550.0,1000.2854,0.0
1400.0,550.0,1017.3423,0.0
1410.0,550.0,1034.833,0.0
1420.0,550.0,1052.7579,0.0
1430.0,550.0,1071.1177,0.0
1440.0,550.0,1089.9124,0.0
1450.0,550.0,1109.1416,0.0
1460.0,550.0,1128.8074,0.0
1470.0,550.0,1148.9087,0.0
1480.0,550.0,1169.4458,0.0
1490.0,550.0,1190.4194,0.0
1500.0,550.0,1211.8296,0.0
1510.0,550.0,1233.6769,0.0
1520.0,550.0,1255.9614,0.0
1530.0,550.0,1278.6835,0.0
1540.0,550.0,1301.8433,0.0
1550.0,550.0,1325.4417,0.0
1560.0,550.0,1349.4777,0.0
1570.0,550.0,1373.9531,0.0
1580.0,550.0,1398.8684,0.0
1590.0,550.0,1424.2231,0.0
1600.0,550.0,1450.0176,0.0
1610.0,550.0,1476.2521,0.0
1620.0,550.0,1502.9255,0.0
1630.0,550.0,1530.0403,0.0
1640.0,550.0,1557.596,0.0
1650.0,550.0,1585.5925,0.0
1660.0,550.0,1614.0305,0.0
1670.0,550.0,1642.9098,0.0
1680.0,550.0,1672.2314,0.0
1690.0,550.0,1701.9952,0.0
1700.0,550.0,1732.2019,0.0
1710.0,550.0,1762.8503,0.0
1720.0,550.0,1793.9426,0.0
1730.0,550.0,1825.4781,0.0
1740.0,550.0,1857.457,0.0
1750.0,550.0,1889.8804,0.0
1760.0,550.0,1922.7471,0.0
1770.0,550.0,1956.0588,0.0
1780.0,550.0,1989.815,0.0
1790.0,550.0,2024.0159,0.0
1800.0,550.0,2058.6628,0.0
-200.0,560.0,39270.906,1.0
-190.0,560.0,39270.906,1.0
-180.0,560.0,39270.906,1.0
-170.0,560.0,39270.906,1.0
-160.0,560.0,39270.906,1.0
-150.0,560.0,39270.906,1.0
-140.0,560.0,39270.906,1.0
-130.0,560.0,39270.906,1.0
-120.0,560.0,39270.906,1.0
-110.0,560.0,3171.5366,0.0
-100.0,560.0,3126.9722,0.0
-90.0,560.0,3082.8108,0.0
-80.0,560.0,3039.053,0.0
-70.0,560.0,2995.696,0.0
-60.0,560.0,2952.7417,0.0
-50.0,560.0,2910.1895,0.0
-40.0,560.0,2868.0386,0.0
-30.0,560.0,2826.2896,0.0
-20.0,560.0,2784.9434,0.0
-10.0,560.0,2743.997,0.0
0.0,560.0,2703.4536,0.0
10.0,560.0,2663.311,0.0
20.0,560.0,2623.5693,0.0
30.0,560.0,2584.229,0.0
40.0,560.0,2545.291,0.0
50.0,560.0,2506.7512,0.0
60.0,560.0,2468.6147,0.0
70.0,560.0,2430.8787,0.0
80.0,560.0,2393.5432,0.0
90.0,560.0,2356.609,0.0
100.0,560.0,2320.075,0.0
110.0,560.0,2283.9424,0.0
120.0,560.0,2248.2102,0.0
130.0,560.0,2212.8794,0.0
140.0,560.0,2177.948,0.0
150.0,560.0,2143.4185,0.0
160.0,560.0,2109.2896,0.0
170.0,560.0,2075.5608,0.0
180.0,560.0,2042.233,0.0
190.0,560.0,2009.306,0.0
200.0,560.0,1976.7799,0.0
210.0,560.0,1944.655,0.0
220.0,560.0,1912.9304,0.0
230.0,560.0,1881.6061,0.0
240.0,560.0,1850.6833,0.0
250.0,560.0,1820.1611,0.0
260.0,560.0,1790.0403,0.0
270.0,560.0,1760.3196,0.0
280.0,560.0,1731.0013,0.0
290.0,560.0,1702.083,0.0
300.0,560.0,1673.5667,0.0
310.0,560.0,1645.4515,0.0
320.0,560.0,1617.7368,0.0
330.0,560.0,1590.4246,0.0
340.0,560.0,1563.5128,0.0
350.0,560.0,1537.0034,0.0
360.0,560.0,1510.8958,0.0
370.0,560.0,1485.1891,0.0
380.0,560.0,1459.8853,0.0
390.0,560.0,1434.9827,0.0
400.0,560.0,1410.4828,0.0
410.0,560.0,1386.3845,0.0
420.0,560.0,1362.6892,0.0
430.0,560.0,1339.396,0.0
440.0,560.0,1316.5046,0.0
450.0,560.0,1294.0165,0.0
460.0,560.0,1271.931,0.0
470.0,560.0,1250.2483,0.0
480.0,560.0,1228.9692,0.0
490.0,560.0,1208.0935,0.0
500.0,560.0,1187.6204,0.0
510.0,560.0,1167.5515,0.0
520.0,560.0,1147.886,0.0
530.0,560.0,1128.6245,0.0
540.0,560.0,1109.7668,0.0
550.0,560.0,1091.3132,0.0
560.0,560.0,1073.2644,0.0
570.0,560.0,1055.6199,0.0
580.0,560.0,1038.3798,0.0
590.0,560.0,1021.54486,0.0
600.0,560.0,1005.1148,0.0
610.0,560.0,989.09,0.0
620.0,560.0,973.4704,0.0
630.0,560.0,958.2567,0.0
640.0,560.0,943.449,0.0
650.0,560.0,929.047,0.0
660.0,560.0,915.05145,0.0
670.0,560.0,901.4616,0.0
680.0,560.0,888.2791,0.0
690.0,560.0,875.5028,0.0
700.0,560.0,863.1342,0.0
710.0,560.0,851.1731,0.0
720.0,560.0,839.6189,0.0
730.0,560.0,828.4726,0.0
740.0,560.0,817.7339,0.0
750.0,560.0,807.4032,0.0
760.0,560.0,797.4811,0.0
770.0,560.0,787.96765,0.0
780.0,560.0,778.86285,0.0
790.0,560.0,770.1675,0.0
800.0,560.0,761.88116,0.0
810.0,560.0,754.00415,0.0
820.0,560.0,746.53735,0.0
830.0,560.0,739.4802,0.0
840.0,560.0,732.8335,0.0
850.0,560.0,726.5969,0.0
860.0,560.0,720.77155,0.0
870.0,560.0,715.35693,0.0
880.0,560.0,710.3535,0.0
890.0,560.0,705.7616,0.0
900.0,560.0,701.5818,0.0
910.0,560.0,697.81354,0.0
920.0,560.0,694.458,0.0
930.0,560.0,691.5149,0.0
940.0,560.0,688.9846,0.0
950.0,560.0,686.8673,0.0
960.0,560.0,685.16345,0.0
970.0,560.0,683.87317,0.0
980.0,560.0,682.99646,0.0
990.0,560.0,682.5345,0.0
1000.0,560.0,682.487,0.0
1010.0,560.0,682.85376,0.0
1020.0,560.0,683.6356,0.0
1030.0,560.0,684.833,0.0
1040.0,560.0,686.44574,0.0
1050.0,560.0,688.4745,0.0
1060.0,560.0,690.91907,0.0
1070.0,560.0,693.78,0.0
1080.0,560.0,697.0578,0.0
1090.0,560.0,700.75256,0.0
1100.0,560.0,704.8646,0.0
1110.0,560.0,709.39417,0.0
1120.0,560.0,714.3416,0.0
1130.0,560.0,719.7068,0.0
1140.0,560.0,725.4907,0.0
1150.0,560.0,731.69324,0.0
1160.0,560.0,738.3148,0.0
1170.0,560.0,745.3558,0.0
1180.0,560.0,752.81604,0.0
1190.0,560.0,760.6964,0.0
1200.0,560.0,768.997,0.0
1210.0,560.0,777.7178,0.0
1220.0,560.0,786.85925,0.0
1230.0,560.0,796.422,0.0
1240.0,560.0,806.40594,0.0
1250.0,560.0,816.81116,0.0
1260.0,560.0,827.6371,0.0
1270.0,560.0,838.8853,0.0
1280.0,560.0,850.5565,0.0
1290.0,560.0,862.6509,0.0
1300.0,560.0,875.1692,0.0
1310.0,560.0,888.1111,0.0
1320.0,560.0,901.4762,0.0
1330.0,560.0,915.26514,0.0
1340.0,560.0,929.47833,0.0
1350.0,560.0,944.1164,0.0
1360.0,560.0,959.17957,0.0
1370.0,560.0,974.66797,0.0
1380.0,560.0,990.5819,0.0
1390.0,560.0,1006.9215,0.0
1400.0,560.0,1023.68713,0.0
1410.0,560.0,1040.8792,0.0
1420.0,560.0,1058.4976,0.0
1430.0,560.0,1076.5435,0.0
1440.0,560.0,1095.0166,0.0
1450.0,560.0,1113.9167,0.0
1460.0,560.0,1133.2456,0.0
1470.0,560.0,1153.0022,0.0
1480.0,560.0,1173.1866,0.0
1490.0,560.0,1193.8005,0.0
1500.0,560.0,1214.8433,0.0
1510.0,560.0,1236.315,0.0
1520.0,560.0,1258.2168,0.0
1530.0,560.0,1280.5481,0.0
1540.0,560.0,1303.3096,0.0
1550.0,560.0,1326.5012,0.0
1560.0,560.0,1350.1237,0.0
1570.0,560.0,1374.177,0.0
1580.0,560.0,1398.6626,0.0
1590.0,560.0,1423.58,0.0
1600.0,560.0,1448.9292,0.0
1610.0,560.0,1474.7107,0.0
1620.0,560.0,1500.9243,0.0
1630.0,560.0,1527.5706,0.0
1640.0,560.0,1554.6494,0.0
1650.0,560.0,1582.1615,0.0
1660.0,560.0,1610.1074,0.0
1670.0,560.0,1638.4869,0.0
1680.0,560.0,1667.3007,0.0
1690.0,560.0,1696.549,0.0
1700.0,560.0,1726.2319,0.0
1710.0,560.0,1756.3494,0.0
1720.0,560.0,1786.9025,0.0
1730.0,560.0,1817.8901,0.0
1740.0,560.0,1849.3141,0.0
1750.0,560.0,1881.174,0.0
1760.0,560.0,1913.47,0.0
1770.0,560.0,1946.2025,0.0
1780.0,560.0,1979.3712,0.0
1790.0,560.0,2012.978,0.0
1800.0,560.0,2047.0209,0.0
-200.0,570.0,39270.906,1.0
-190.0,570.0,39270.906,1.0
-180.0,570.0,39270.906,1.0
-170.0,570.0,39270.906,1.0
-160.0,570.0,39270.906,1.0
-150.0,570.0,39270.906,1.0
-140.0,570.0,39270.906,1.0
-130.0,570.0,39270.906,1.0
-120.0,570.0,39270.906,1.0
-110.0,570.0,39270.906,1.0
-100.0,570.0,3098.6006,0.0
-90.0,570.0,3055.1702,0.0
-80.0,570.0,3012.135,0.0
-70.0,570.0,2969.4966,0.0
-60.0,570.0,2927.252,0.0
-50.0,570.0,2885.4043,0.0
-40.0,570.0,2843.9507,0.0
-30.0,570.0,2802.892,0.0
-20.0,570.0,2762.2285,0.0
-10.0,570.0,2721.9604,0.0
0.0,570.0,2682.0867,0.0
10.0,570.0,2642.6074,0.0
20.0,570.0,2603.523,0.0
30.0,570.0,2564.832,0.0
40.0,570.0,2526.5366,0.0
50.0,570.0,2488.6338,0.0
60.0,570.0,2451.1274,0.0
70.0,570.0,2414.0137,0.0
80.0,570.0,2377.2957,0.0
90.0,570.0,2340.9712,0.0
100.0,570.0,2305.0403,0.0
110.0,570.0,2269.505,0.0
120.0,570.0,2234.3625,0.0
130.0,570.0,2199.6147,0.0
140.0,570.0,2165.2607,0.0
150.0,570.0,2131.3008,0.0
160.0,570.0,2097.7358,0.0
170.0,570.0,2064.5645,0.0
180.0,570.0,2031.7874,0.0
190.0,570.0,1999.4043,0.0
200.0,570.0,1967.4153,0.0
210.0,570.0,1935.8203,0.0
220.0,570.0,1904.6206,0.0
230.0,570.0,1873.8138,0.0
240.0,570.0,1843.4019,0.0
250.0,570.0,1813.384,0.0
260.0,570.0,1783.7607,0.0
270.0,570.0,1754.5319,0.0
280.0,570.0,1725.6978,0.0
290.0,570.0,1697.2576,0.0
300.0,570.0,1669.2124,0.0
310.0,570.0,1641.5623,0.0
320.0,570.0,1614.3062,0.0
330.0,570.0,1587.4456,0.0
340.0,570.0,1560.9795,0.0
350.0,570.0,1534.9087,0.0
360.0,570.0,1509.2328,0.0
370.0,570.0,1483.952,0.0
380.0,570.0,1459.0669,0.0
390.0,570.0,1434.577,0.0
400.0,570.0,1410.4827,0.0
410.0,570.0,1386.7837,0.0
420.0,570.0,1363.4807,0.0
430.0,570.0,1340.5732,0.0
440.0,570.0,1318.062,0.0
450.0,570.0,1295.9465,0.0
460.0,570.0,1274.2278,0.0
470.0,570.0,1252.9048,0.0
480.0,570.0,1231.9792,0.0
490.0,570.0,1211.4495,0.0
500.0,570.0,1191.317,0.0
510.0,570.0,1171.5815,0.0
520.0,570.0,1152.2432,0.0
530.0,570.0,1133.302,0.0
540.0,570.0,1114.7574,0.0
550.0,570.0,1096.6113,0.0
560.0,570.0,1078.8628,0.0
570.0,570.0,1061.5121,0.0
580.0,570.0,1044.5596,0.0
590.0,570.0,1028.0049,0.0
600.0,570.0,1011.8488,0.0
610.0,570.0,996.0908,0.0
620.0,570.0,980.7324,0.0
630.0,570.0,965.773,0.0
640.0,570.0,951.2124,0.0
650.0,570.0,937.0515,0.0
660.0,570.0,923.2896,0.0
670.0,570.0,909.9272,0.0
680.0,570.0,896.965,0.0
690.0,570.0,884.4031,0.0
700.0,570.0,872.2425,0.0
710.0,570.0,860.4817,0.0
720.0,570.0,849.1216,0.0
730.0,570.0,838.16223,0.0
740.0,570.0,827.6044,0.0
750.0,570.0,817.4478,0.0
760.0,570.0,807.693,0.0
770.0,570.0,798.3397,0.0
780.0,570.0,789.3886,0.0
790.0,570.0,780.8401,0.0
800.0,570.0,772.69385,0.0
810.0,570.0,764.9502,0.0
820.0,570.0,757.6099,0.0
830.0,570.0,750.6731,0.0
840.0,570.0,744.13916,0.0
850.0,570.0,738.0094,0.0
860.0,570.0,732.2833,0.0
870.0,570.0,726.96155,0.0
880.0,570.0,722.044,0.0
890.0,570.0,717.5314,0.0
900.0,570.0,713.4236,0.0
910.0,570.0,709.7213,0.0
920.0,570.0,706.4237,0.0
930.0,570.0,703.53253,0.0
940.0,570.0,701.04736,0.0
950.0,570.0,698.96783,0.0
960.0,570.0,697.2952,0.0
970.0,570.0,696.02905,0.0
980.0,570.0,695.17,0.0
990.0,570.0,694.7179,0.0
1000.0,570.0,694.6741,0.0
1010.0,570.0,695.0377,0.0
1020.0,570.0,695.8093,0.0
1030.0,570.0,696.98895,0.0
1040.0,570.0,698.5774,0.0
1050.0,570.0,700.5751,0.0
1060.0,570.0,702.98126,0.0
1070.0,570.0,705.79767,0.0
1080.0,570.0,709.0231,0.0
1090.0,570.0,712.65857,0.0
1100.0,570.0,716.7042,0.0
1110.0,570.0,721.16046,0.0
1120.0,570.0,726.0278,0.0
1130.0,570.0,731.30554,0.0
1140.0,570.0,736.9951,0.0
1150.0,570.0,743.09595,0.0
1160.0,570.0,749.60913,0.0
1170.0,570.0,756.53485,0.0
1180.0,570.0,763.8728,0.0
1190.0,570.0,771.6229,0.0
1200.0,570.0,779.7865,0.0
1210.0,570.0,788.36334,0.0
1220.0,570.0,797.3538,0.0
1230.0,570.0,806.7582,0.0
1240.0,570.0,816.57684,0.0
1250.0,570.0,826.80945,0.0
1260.0,570.0,837.4562,0.0
1270.0,570.0,848.5175,0.0
1280.0,570.0,859.994,0.0
1290.0,570.0,871.8865,0.0
1300.0,570.0,884.19635,0.0
1310.0,570.0,896.9222,0.0
1320.0,570.0,910.0647,0.0
1330.0,570.0,923.6233,0.0
1340.0,570.0,937.59906,0.0
1350.0,570.0,951.99207,0.0
1360.0,570.0,966.8031,0.0
1370.0,570.0,982.0321,0.0
1380.0,570.0,997.6791,0.0
1390.0,570.0,1013.7446,0.0
1400.0,570.0,1030.2292,0.0
1410.0,570.0,1047.1321,0.0
1420.0,570.0,1064.4548,0.0
1430.0,570.0,1082.1969,0.0
1440.0,570.0,1100.3596,0.0
1450.0,570.0,1118.9417,0.0
1460.0,570.0,1137.9448,0.0
1470.0,570.0,1157.368,0.0
1480.0,570.0,1177.2133,0.0
1490.0,570.0,1197.4794,0.0
1500.0,570.0,1218.1667,0.0
1510.0,570.0,1239.2761,0.0
1520.0,570.0,1260.8077,0.0
1530.0,570.0,1282.7616,0.0
1540.0,570.0,1305.1384,0.0
1550.0,570.0,1327.9379,0.0
1560.0,570.0,1351.1604,0.0
1570.0,570.0,1374.8064,0.0
1580.0,570.0,1398.8765,0.0
1590.0,570.0,1423.3711,0.0
1600.0,570.0,1448.2908,0.0
1610.0,570.0,1473.6345,0.0
1620.0,570.0,1499.4031,0.0
1630.0,570.0,1525.5967,0.0
1640.0,570.0,1552.2158,0.0
1650.0,570.0,1579.26,0.0
1660.0,570.0,1606.7312,0.0
1670.0,570.0,1634.6278,0.0
1680.0,570.0,1662.9514,0.0
1690.0,570.0,1691.7014,0.0
1700.0,570.0,1720.8785,0.0
1710.0,570.0,1750.4828,0.0
1720.0,570.0,1780.5146,0.0
1730.0,570.0,1810.9744,0.0
1740.0,570.0,1841.8619,0.0
1750.0,570.0,1873.178,0.0
1760.0,570.0,1904.9226,0.0
1770.0,570.0,1937.0957,0.0
1780.0,570.0,1969.6978,0.0
1790.0,570.0,2002.73,0.0
1800.0,570.0,2036.1907,0.0
-200.0,580.0,39270.906,1.0
-190.0,580.0,39270.906,1.0
-180.0,580.0,39270.906,1.0
-170.0,580.0,39270.906,1.0
-160.0,580.0,39270.906,1.0
-150.0,580.0,39270.906,1.0
-140.0,580.0,39270.906,1.0
-130.0,580.0,39270.906,1.0
-120.0,580.0,39270.906,1.0
-110.0,580.0,39270.906,1.0
-100.0,580.0,39270.906,1.0
-90.0,580.0,3028.8267,0.0
-80.0,580.0,2986.4937,0.0
-70.0,580.0,2944.548,0.0
-60.0,580.0,2902.9915,0.0
-50.0,580.0,2861.8228,0.0
-40.0,580.0,2821.0437,0.0
-30.0,580.0,2780.6536,0.0
-20.0,580.0,2740.6516,0.0
-10.0,580.0,2701.0369,0.0
0.0,580.0,2661.8113,0.0
10.0,580.0,2622.9739,0.0
20.0,580.0,2584.5244,0.0
30.0,580.0,2546.4624,0.0
40.0,580.0,2508.789,0.0
50.0,580.0,2471.5024,0.0
60.0,580.0,2434.6045,0.0
70.0,580.0,2398.0947,0.0
80.0,580.0,2361.9722,0.0
90.0,580.0,2326.2385,0.0
100.0,580.0,2290.8923,0.0
110.0,580.0,2255.9326,0.0
120.0,580.0,2221.3618,0.0
130.0,580.0,2187.1787,0.0
140.0,580.0,2153.3823,0.0
150.0,580.0,2119.975,0.0
160.0,580.0,2086.9546,0.0
170.0,580.0,2054.322,0.0
180.0,580.0,2022.0775,0.0
190.0,580.0,1990.2202,0.0
200.0,580.0,1958.7521,0.0
210.0,580.0,1927.6707,0.0
220.0,580.0,1896.9766,0.0
230.0,580.0,1866.6714,0.0
240.0,580.0,1836.7535,0.0
250.0,580.0,1807.2239,0.0
260.0,580.0,1778.0823,0.0
270.0,580.0,1749.328,0.0
280.0,580.0,1720.9626,0.0
290.0,580.0,1692.9854,0.0
300.0,580.0,1665.3969,0.0
310.0,580.0,1638.1959,0.0
320.0,580.0,1611.3838,0.0
330.0,580.0,1584.9596,0.0
340.0,580.0,1558.9246,0.0
350.0,580.0,1533.2777,0.0
360.0,580.0,1508.0205,0.0
370.0,580.0,1483.1511,0.0
380.0,580.0,1458.6716,0.0
390.0,580.0,1434.581,0.0
400.0,580.0,1410.8794,0.0
410.0,580.0,1387.5668,0.0
420.0,580.0,1364.6431,0.0
430.0,580.0,1342.1094,0.0
440.0,580.0,1319.9652,0.0
450.0,580.0,1298.2106,0.0
460.0,580.0,1276.8466,0.0
470.0,580.0,1255.8722,0.0
480.0,580.0,1235.2876,0.0
490.0,580.0,1215.094,0.0
500.0,580.0,1195.2903,0.0
510.0,580.0,1175.877,0.0
520.0,580.0,1156.8549,0.0
530.0,580.0,1138.2235,0.0
540.0,580.0,1119.9825,0.0
550.0,580.0,1102.1338,0.0
560.0,580.0,1084.6757,0.0
570.0,580.0,1067.6091,0.0
580.0,580.0,1050.9343,0.0
590.0,580.0,1034.6514,0.0
600.0,580.0,1018.76013,0.0
610.0,580.0,1003.26117,0.0
620.0,580.0,988.1548,0.0
630.0,580.0,973.4414,0.0
640.0,580.0,959.12024,0.0
650.0,580.0,945.19226,0.0
660.0,580.0,931.65625,0.0
670.0,580.0,918.51416,0.0
680.0,580.0,905.76587,0.0
690.0,580.0,893.41113,0.0
700.0,580.0,881.4508,0.0
710.0,580.0,869.8844,0.0
720.0,580.0,858.7119,0.0
730.0,580.0,847.93384,0.0
740.0,580.0,837.5505,0.0
750.0,580.0,827.56213,0.0
760.0,580.0,817.9688,0.0
770.0,580.0,808.771,0.0
780.0,580.0,799.96875,0.0
790.0,580.0,791.562,0.0
800.0,580.0,783.5519,0.0
810.0,580.0,775.9374,0.0
820.0,580.0,768.71936,0.0
830.0,580.0,761.89856,0.0
840.0,580.0,755.47424,0.0
850.0,580.0,749.44763,0.0
860.0,580.0,743.8173,0.0
870.0,580.0,738.5853,0.0
880.0,580.0,733.75085,0.0
890.0,580.0,729.3146,0.0
900.0,580.0,725.277,0.0
910.0,580.0,721.63727,0.0
920.0,580.0,718.3972,0.0
930.0,580.0,715.5561,0.0
940.0,580.0,713.11383,0.0
950.0,580.0,711.0713,0.0
960.0,580.0,709.42883,0.0
970.0,580.0,708.18616,0.0
980.0,580.0,707.34375,0.0
990.0,580.0,706.90204,0.0
1000.0,580.0,706.8613,0.0
1010.0,580.0,707.2213,0.0
1020.0,580.0,707.98315,0.0
1030.0,580.0,709.14624,0.0
1040.0,580.0,710.7111,0.0
1050.0,580.0,712.67834,0.0
1060.0,580.0,715.04785,0.0
1070.0,580.0,717.82007,0.0
1080.0,580.0,720.9952,0.0
1090.0,580.0,724.57355,0.0
1100.0,580.0,728.5555,0.0
1110.0,580.0,732.9407,0.0
1120.0,580.0,737.7305,0.0
1130.0,580.0,742.92413,0.0
1140.0,580.0,748.52203,0.0
1150.0,580.0,754.525,0.0
1160.0,580.0,760.9333,0.0
1170.0,580.0,767.7472,0.0
1180.0,580.0,774.9661,0.0
1190.0,580.0,782.59106,0.0
1200.0,580.0,790.6221,0.0
1210.0,580.0,799.0598,0.0
1220.0,580.0,807.9043,0.0
1230.0,580.0,817.1555,0.0
1240.0,580.0,826.81396,0.0
1250.0,580.0,836.87976,0.0
1260.0,580.0,847.3534,0.0
1270.0,580.0,858.23395,0.0
1280.0,580.0,869.5228,0.0
1290.0,580.0,881.22046,0.0
1300.0,580.0,893.32764,0.0
1310.0,580.0,905.84467,0.0
1320.0,580.0,918.77185,0.0
1330.0,580.0,932.108,0.0
1340.0,580.0,945.85394,0.0
1350.0,580.0,960.0104,0.0
1360.0,580.0,974.5774,0.0
1370.0,580.0,989.5557,0.0
1380.0,580.0,1004.945,0.0
1390.0,580.0,1020.74524,0.0
1400.0,580.0,1036.9579,0.0
1410.0,580.0,1053.5825,0.0
1420.0,580.0,1070.6189,0.0
1430.0,580.0,1088.0677,0.0
1440.0,580.0,1105.9294,0.0
1450.0,580.0,1124.2042,0.0
1460.0,580.0,1142.8928,0.0
1470.0,580.0,1161.9946,0.0
1480.0,580.0,1181.5105,0.0
1490.0,580.0,1201.4401,0.0
1500.0,580.0,1221.7848,0.0
1510.0,580.0,1242.5435,0.0
1520.0,580.0,1263.7173,0.0
1530.0,580.0,1285.3066,0.0
1540.0,580.0,1307.311,0.0
1550.0,580.0,1329.7314,0.0
1560.0,580.0,1352.5677,0.0
1570.0,580.0,1375.8203,0.0
1580.0,580.0,1399.4895,0.0
1590.0,580.0,1423.5752,0.0
1600.0,580.0,1448.0786,0.0
1610.0,580.0,1473.0,0.0
1620.0,580.0,1498.339,0.0
1630.0,580.0,1524.0955,0.0
1640.0,580.0,1550.2699,0.0
1650.0,580.0,1576.8625,0.0
1660.0,580.0,1603.8745,0.0
1670.0,580.0,1631.3044,0.0
1680.0,580.0,1659.1538,0.0
1690.0,580.0,1687.4222,0.0
1700.0,580.0,1716.1111,0.0
1710.0,580.0,1745.2189,0.0
1720.0,580.0,1774.7477,0.0
1730.0,580.0,1804.6965,0.0
1740.0,580.0,1835.0662,0.0
1750.0,580.0,1865.8567,0.0
1760.0,580.0,1897.0682,0.0
1770.0,580.0,1928.7012,0.0
1780.0,580.0,1960.7552,0.0
1790.0,580.0,1993.2322,0.0
1800.0,580.0,2026.1304,0.0
-200.0,590.0,39270.906,1.0
-190.0,590.0,39270.906,1.0
-180.0,590.0,39270.906,1.0
-170.0,590.0,39270.906,1.0
-160.0,590.0,39270.906,1.0
-150.0,590.0,39270.906,1.0
-140.0,590.0,39270.906,1.0
-130.0,590.0,39270.906,1.0
-120.0,590.0,39270.906,1.0
-110.0,590.0,39270.906,1.0
-100.0,590.0,39270.906,1.0
-90.0,590.0,3003.7192,0.0
-80.0,590.0,2962.0637,0.0
-70.0,590.0,2920.7896,0.0
-60.0,590.0,2879.8977,0.0
-50.0,590.0,2839.3887,0.0
-40.0,590.0,2799.2622,0.0
-30.0,590.0,2759.517,0.0
-20.0,590.0,2720.1545,0.0
-10.0,590.0,2681.1738,0.0
0.0,590.0,2642.5752,0.0
10.0,590.0,2604.3599,0.0
20.0,590.0,2566.5237,0.0
30.0,590.0,2529.0708,0.0
40.0,590.0,2491.9995,0.0
50.0,590.0,2455.3096,0.0
60.0,590.0,2419.0012,0.0
70.0,590.0,2383.075,0.0
80.0,590.0,2347.53,0.0
90.0,590.0,2312.367,0.0
100.0,590.0,2277.5852,0.0
110.0,590.0,2243.1855,0.0
120.0,590.0,2209.1675,0.0
130.0,590.0,2175.5308,0.0
140.0,590.0,2142.274,0.0
150.0,590.0,2109.4006,0.0
160.0,590.0,2076.9087,0.0
170.0,590.0,2044.7976,0.0
180.0,590.0,2013.0687,0.0
190.0,590.0,1981.721,0.0
200.0,590.0,1950.7546,0.0
210.0,590.0,1920.1704,0.0
220.0,590.0,1889.9675,0.0
230.0,590.0,1860.147,0.0
240.0,590.0,1830.7079,0.0
250.0,590.0,1801.6501,0.0
260.0,590.0,1772.9746,0.0
270.0,590.0,1744.6809,0.0
280.0,590.0,1716.7695,0.0
290.0,590.0,1689.2402,0.0
300.0,590.0,1662.0928,0.0
310.0,590.0,1635.3276,0.0
320.0,590.0,1608.9447,0.0
330.0,590.0,1582.9438,0.0
340.0,590.0,1557.3259,0.0
350.0,590.0,1532.0898,0.0
360.0,590.0,1507.237,0.0
370.0,590.0,1482.7666,0.0
380.0,590.0,1458.6794,0.0
390.0,590.0,1434.9749,0.0
400.0,590.0,1411.6531,0.0
410.0,590.0,1388.7144,0.0
420.0,590.0,1366.1584,0.0
430.0,590.0,1343.9868,0.0
440.0,590.0,1322.1978,0.0
450.0,590.0,1300.7931,0.0
460.0,590.0,1279.772,0.0
470.0,590.0,1259.1346,0.0
480.0,590.0,1238.8812,0.0
490.0,590.0,1219.0117,0.0
500.0,590.0,1199.5265,0.0
510.0,590.0,1180.4258,0.0
520.0,590.0,1161.7095,0.0
530.0,590.0,1143.3783,0.0
540.0,590.0,1125.4312,0.0
550.0,590.0,1107.8696,0.0
560.0,590.0,1090.6932,0.0
570.0,590.0,1073.9016,0.0
580.0,590.0,1057.4963,0.0
590.0,590.0,1041.4757,0.0
600.0,590.0,1025.8411,0.0
610.0,590.0,1010.59265,0.0
620.0,590.0,995.7307,0.0
630.0,590.0,981.2548,0.0
640.0,590.0,967.1652,0.0
650.0,590.0,953.4622,0.0
660.0,590.0,940.146,0.0
670.0,590.0,927.21686,0.0
680.0,590.0,914.6755,0.0
690.0,590.0,902.52136,0.0
700.0,590.0,890.75507,0.0
710.0,590.0,879.37646,0.0
720.0,590.0,868.3855,0.0
730.0,590.0,857.7831,0.0
740.0,590.0,847.56885,0.0
750.0,590.0,837.7435,0.0
760.0,590.0,828.3065,0.0
770.0,590.0,819.2591,0.0
780.0,590.0,810.6007,0.0
790.0,590.0,802.33154,0.0
800.0,590.0,794.4525,0.0
810.0,590.0,786.9629,0.0
820.0,590.0,779.8638,0.0
830.0,590.0,773.1553,0.0
840.0,590.0,766.8368,0.0
850.0,590.0,760.90955,0.0
860.0,590.0,755.3727,0.0
870.0,590.0,750.2272,0.0
880.0,590.0,745.47363,0.0
890.0,590.0,741.1113,0.0
900.0,590.0,737.1409,0.0
910.0,590.0,733.563,0.0
920.0,590.0,730.37756,0.0
930.0,590.0,727.58435,0.0
940.0,590.0,725.1847,0.0
950.0,590.0,723.1776,0.0
960.0,590.0,721.5639,0.0
970.0,590.0,720.344,0.0
980.0,590.0,719.518,0.0
990.0,590.0,719.0856,0.0
1000.0,590.0,719.04846,0.0
1010.0,590.0,719.40564,0.0
1020.0,590.0,720.1575,0.0
1030.0,590.0,721.3041,0.0
1040.0,590.0,722.84674,0.0
1050.0,590.0,724.7844,0.0
1060.0,590.0,727.1184,0.0
1070.0,590.0,729.8486,0.0
1080.0,590.0,732.9746,0.0
1090.0,590.0,736.4975,0.0
1100.0,590.0,740.4174,0.0
1110.0,590.0,744.7344,0.0
1120.0,590.0,749.44855,0.0
1130.0,590.0,754.5608,0.0
1140.0,590.0,760.07043,0.0
1150.0,590.0,765.97864,0.0
1160.0,590.0,772.2854,0.0
1170.0,590.0,778.9905,0.0
1180.0,590.0,786.0951,0.0
1190.0,590.0,793.599,0.0
1200.0,590.0,801.50195,0.0
1210.0,590.0,809.8049,0.0
1220.0,590.0,818.50757,0.0
1230.0,590.0,827.6109,0.0
1240.0,590.0,837.1146,0.0
1250.0,590.0,847.0192,0.0
1260.0,590.0,857.32477,0.0
1270.0,590.0,868.03076,0.0
1280.0,590.0,879.13794,0.0
1290.0,590.0,890.6471,0.0
1300.0,590.0,902.5587,0.0
1310.0,590.0,914.8739,0.0
1320.0,590.0,927.59216,0.0
1330.0,590.0,940.7132,0.0
1340.0,590.0,954.23706,0.0
1350.0,590.0,968.1643,0.0
1360.0,590.0,982.496,0.0
1370.0,590.0,997.23145,0.0
1380.0,590.0,1012.3713,0.0
1390.0,590.0,1027.9153,0.0
1400.0,590.0,1043.8645,0.0
1410.0,590.0,1060.2188,0.0
1420.0,590.0,1076.9786,0.0
1430.0,590.0,1094.1445,0.0
1440.0,590.0,1111.7156,0.0
1450.0,590.0,1129.6931,0.0
1460.0,590.0,1148.0771,0.0
1470.0,590.0,1166.8679,0.0
1480.0,590.0,1186.0652,0.0
1490.0,590.0,1205.6702,0.0
1500.0,590.0,1225.6824,0.0
1510.0,590.0,1246.1028,0.0
1520.0,590.0,1266.9307,0.0
1530.0,590.0,1288.1672,0.0
1540.0,590.0,1309.8123,0.0
1550.0,590.0,1331.8655,0.0
1560.0,590.0,1354.3287,0.0
1570.0,590.0,1377.2,0.0
1580.0,590.0,1400.4817,0.0
1590.0,590.0,1424.1725,0.0
1600.0,590.0,1448.2742,0.0
1610.0,590.0,1472.7858,0.0
1620.0,590.0,1497.709,0.0
1630.0,590.0,1523.0425,0.0
1640.0,590.0,1548.7869,0.0
1650.0,590.0,1574.9431,0.0
1660.0,590.0,1601.5104,0.0
1670.0,590.0,1628.4894,0.0
1680.0,590.0,1655.8806,0.0
1690.0,590.0,1683.6841,0.0
1700.0,590.0,1711.9003,0.0
1710.0,590.0,1740.5286,0.0
1720.0,590.0,1769.5707,0.0
1730.0,590.0,1799.0256,0.0
1740.0,590.0,1828.8942,0.0
1750.0,590.0,1859.1768,0.0
1760.0,590.0,1889.8729,0.0
1770.0,590.0,1920.9836,0.0
1780.0,590.0,1952.5079,0.0
1790.0,590.0,1984.4485,0.0
1800.0,590.0,2016.8022,0.0
-200.0,600.0,39270.906,1.0
-190.0,600.0,39270.906,1.0
-180.0,600.0,39270.906,1.0
-170.0,600.0,39270.906,1.0
-160.0,600.0,39270.906,1.0
-150.0,600.0,39270.906,1.0
-140.0,600.0,39270.906,1.0
-130.0,600.0,39270.906,1.0
-120.0,600.0,39270.906,1.0
-110.0,600.0,39270.906,1.0
-100.0,600.0,39270.906,1.0
-90.0,600.0,39270.906,1.0
-80.0,600.0,2938.7888,0.0
-70.0,600.0,2898.1658,0.0
-60.0,600.0,2857.918,0.0
-50.0,600.0,2818.0464,0.0
-40.0,600.0,2778.5508,0.0
-30.0,600.0,2739.4314,0.0
-20.0,600.0,2700.6885,0.0
-10.0,600.0,2662.3218,0.0
0.0,600.0,2624.3306,0.0
10.0,600.0,2586.7146,0.0
20.0,600.0,2549.475,0.0
30.0,600.0,2512.6118,0.0
40.0,600.0,2476.123,0.0
50.0,600.0,2440.0105,0.0
60.0,600.0,2404.2737,0.0
70.0,600.0,2368.912,0.0
80.0,600.0,2333.927,0.0
90.0,600.0,2299.317,0.0
100.0,600.0,2265.0828,0.0
110.0,600.0,2231.2236,0.0
120.0,600.0,2197.7405,0.0
130.0,600.0,2164.6323,0.0
140.0,600.0,2131.9,0.0
150.0,600.0,2099.543,0.0
160.0,600.0,2067.5623,0.0
170.0,600.0,2035.9568,0.0
180.0,600.0,2004.7268,0.0
190.0,600.0,1973.8728,0.0
200.0,600.0,1943.3937,0.0
210.0,600.0,1913.2913,0.0
220.0,600.0,1883.5636,0.0
230.0,600.0,1854.2119,0.0
240.0,600.0,1825.2363,0.0
250.0,600.0,1796.6362,0.0
260.0,600.0,1768.4121,0.0
270.0,600.0,1740.5643,0.0
280.0,600.0,1713.0923,0.0
290.0,600.0,1685.9966,0.0
300.0,600.0,1659.2769,0.0
310.0,600.0,1632.9331,0.0
320.0,600.0,1606.9661,0.0
330.0,600.0,1581.375,0.0
340.0,600.0,1556.1613,0.0
350.0,600.0,1531.3232,0.0
360.0,600.0,1506.8625,0.0
370.0,600.0,1482.7788,0.0
380.0,600.0,1459.0713,0.0
390.0,600.0,1435.7405,0.0
400.0,600.0,1412.7866,0.0
410.0,600.0,1390.2102,0.0
420.0,600.0,1368.011,0.0
430.0,600.0,1346.1892,0.0
440.0,600.0,1324.7446,0.0
450.0,600.0,1303.678,0.0
460.0,600.0,1282.9891,0.0
470.0,600.0,1262.6785,0.0
480.0,600.0,1242.7455,0.0
490.0,600.0,1223.1907,0.0
500.0,600.0,1204.0142,0.0
510.0,600.0,1185.2158,0.0
520.0,600.0,1166.796,0.0
530.0,600.0,1148.7551,0.0
540.0,600.0,1131.0927,0.0
550.0,600.0,1113.8093,0.0
560.0,600.0,1096.9052,0.0
570.0,600.0,1080.3809,0.0
580.0,600.0,1064.2351,0.0
590.0,600.0,1048.4694,0.0
600.0,600.0,1033.0834,0.0
610.0,600.0,1018.0774,0.0
620.0,600.0,1003.4518,0.0
630.0,600.0,989.2067,0.0
640.0,600.0,975.3413,0.0
650.0,600.0,961.8568,0.0
660.0,600.0,948.7524,0.0
670.0,600.0,936.0298,0.0
680.0,600.0,923.68896,0.0
690.0,600.0,911.72876,0.0
700.0,600.0,900.15076,0.0
710.0,600.0,888.9543,0.0
720.0,600.0,878.13904,0.0
730.0,600.0,867.7063,0.0
740.0,600.0,857.65576,0.0
750.0,600.0,847.9881,0.0
760.0,600.0,838.7029,0.0
770.0,600.0,829.8008,0.0
780.0,600.0,821.2815,0.0
790.0,600.0,813.14606,0.0
800.0,600.0,805.394,0.0
810.0,600.0,798.0256,0.0
820.0,600.0,791.0411,0.0
830.0,600.0,784.441,0.0
840.0,600.0,778.22534,0.0
850.0,600.0,772.39417,0.0
860.0,600.0,766.9479,0.0
870.0,600.0,761.8866,0.0
880.0,600.0,757.21045,0.0
890.0,600.0,752.92004,0.0
900.0,600.0,749.01526,0.0
910.0,600.0,745.4968,0.0
920.0,600.0,742.3645,0.0
930.0,600.0,739.6185,0.0
940.0,600.0,737.2589,0.0
950.0,600.0,735.2864,0.0
960.0,600.0,733.7009,0.0
970.0,600.0,732.5029,0.0
980.0,600.0,731.6927,0.0
990.0,600.0,731.2698,0.0
1000.0,600.0,731.2355,0.0
1010.0,600.0,731.5897,0.0
1020.0,600.0,732.3321,0.0
1030.0,600.0,733.46356,0.0
1040.0,600.0,734.9836,0.0
1050.0,600.0,736.8933,0.0
1060.0,600.0,739.1924,0.0
1070.0,600.0,741.8816,0.0
1080.0,600.0,744.9604,0.0
1090.0,600.0,748.42944,0.0
1100.0,600.0,752.28937,0.0
1110.0,600.0,756.5404,0.0
1120.0,600.0,761.1819,0.0
1130.0,600.0,766.21497,0.0
1140.0,600.0,771.6392,0.0
1150.0,600.0,777.45557,0.0
1160.0,600.0,783.66345,0.0
1170.0,600.0,790.2645,0.0
1180.0,600.0,797.25836,0.0
1190.0,600.0,804.6443,0.0
1200.0,600.0,812.42334,0.0
1210.0,600.0,820.5957,0.0
1220.0,600.0,829.1616,0.0
1230.0,600.0,838.12146,0.0
1240.0,600.0,847.4757,0.0
1250.0,600.0,857.22375,0.0
1260.0,600.0,867.3665,0.0
1270.0,600.0,877.9037,0.0
1280.0,600.0,888.83527,0.0
1290.0,600.0,900.16223,0.0
1300.0,600.0,911.88464,0.0
1310.0,600.0,924.0038,0.0
1320.0,600.0,936.52,0.0
1330.0,600.0,949.43286,0.0
1340.0,600.0,962.7417,0.0
1350.0,600.0,976.44775,0.0
1360.0,600.0,990.5505,0.0
1370.0,600.0,1005.0514,0.0
1380.0,600.0,1019.9497,0.0
1390.0,600.0,1035.2463,0.0
1400.0,600.0,1050.9412,0.0
1410.0,600.0,1067.034,0.0
1420.0,600.0,1083.5261,0.0
1430.0,600.0,1100.4169,0.0
1440.0,600.0,1117.7069,0.0
1450.0,600.0,1135.397,0.0
1460.0,600.0,1153.4863,0.0
1470.0,600.0,1171.9753,0.0
1480.0,600.0,1190.8655,0.0
1490.0,600.0,1210.1556,0.0
1500.0,600.0,1229.8468,0.0
1510.0,600.0,1249.9387,0.0
1520.0,600.0,1270.4326,0.0
1530.0,600.0,1291.3274,0.0
1540.0,600.0,1312.624,0.0
1550.0,600.0,1334.3231,0.0
1560.0,600.0,1356.4243,0.0
1570.0,600.0,1378.928,0.0
1580.0,600.0,1401.834,0.0
1590.0,600.0,1425.1428,0.0
1600.0,600.0,1448.8555,0.0
1610.0,600.0,1472.9718,0.0
1620.0,600.0,1497.492,0.0
1630.0,600.0,1522.4164,0.0
1640.0,600.0,1547.7452,0.0
1650.0,600.0,1573.4785,0.0
1660.0,600.0,1599.6163,0.0
1670.0,600.0,1626.1593,0.0
1680.0,600.0,1653.1069,0.0
1690.0,600.0,1680.4602,0.0
1700.0,600.0,1708.2192,0.0
1710.0,600.0,1736.384,0.0
1720.0,600.0,1764.955,0.0
1730.0,600.0,1793.9325,0.0
1740.0,600.0,1823.3165,0.0
1750.0,600.0,1853.1074,0.0
1760.0,600.0,1883.3049,0.0
1770.0,600.0,1913.9099,0.0
1780.0,600.0,1944.9226,0.0
1790.0,600.0,1976.3435,0.0
1800.0,600.0,2008.1719,0.0
-200.0,610.0,39270.906,1.0
-190.0,610.0,39270.906,1.0
-180.0,610.0,39270.906,1.0
-170.0,610.0,39270.906,1.0
-160.0,610.0,39270.906,1.0
-150.0,610.0,39270.906,1.0
-140.0,610.0,39270.906,1.0
-130.0,610.0,39270.906,1.0
-120.0,610.0,39270.906,1.0
-110.0,610.0,39270.906,1.0
-100.0,610.0,39270.906,1.0
-90.0,610.0,39270.906,1.0
-80.0,610.0,2916.6155,0.0
-70.0,610.0,2876.6216,0.0
-60.0,610.0,2836.9983,0.0
-50.0,610.0,2797.7444,0.0
-40.0,610.0,2758.86,0.0
-30.0,610.0,2720.3472,0.0
-20.0,610.0,2682.2043,0.0
-10.0,610.0,2644.4316,0.0
0.0,610.0,2607.0293,0.0
10.0,610.0,2569.9966,0.0
20.0,610.0,2533.3337,0.0
30.0,610.0,2497.0405,0.0
40.0,610.0,2461.1172,0.0
50.0,610.0,2425.564,0.0
60.0,610.0,2390.3804,0.0
70.0,610.0,2355.567,0.0
80.0,610.0,2321.1233,0.0
90.0,610.0,2287.049,0.0
100.0,610.0,2253.3442,0.0
110.0,610.0,2220.0107,0.0
120.0,610.0,2187.046,0.0
130.0,610.0,2154.4504,0.0
140.0,610.0,2122.225,0.0
150.0,610.0,2090.3691,0.0
160.0,610.0,2058.8833,0.0
170.0,610.0,2027.7678,0.0
180.0,610.0,1997.0216,0.0
190.0,610.0,1966.6453,0.0
200.0,610.0,1936.6388,0.0
210.0,610.0,1907.002,0.0
220.0,610.0,1877.7355,0.0
230.0,610.0,1848.8389,0.0
240.0,610.0,1820.3126,0.0
250.0,610.0,1792.1555,0.0
260.0,610.0,1764.3691,0.0
270.0,610.0,1736.9531,0.0
280.0,610.0,1709.907,0.0
290.0,610.0,1683.2317,0.0
300.0,610.0,1656.9263,0.0
310.0,610.0,1630.9913,0.0
320.0,610.0,1605.4271,0.0
330.0,610.0,1580.2336,0.0
340.0,610.0,1555.4109,0.0
350.0,610.0,1530.9589,0.0
360.0,610.0,1506.8779,0.0
370.0,610.0,1483.1676,0.0
380.0,610.0,1459.8285,0.0
390.0,610.0,1436.8604,0.0
400.0,610.0,1414.263,0.0
410.0,610.0,1392.0378,0.0
420.0,610.0,1370.1838,0.0
430.0,610.0,1348.7014,0.0
440.0,610.0,1327.5908,0.0
450.0,610.0,1306.8523,0.0
460.0,610.0,1286.4856,0.0
470.0,610.0,1266.4907,0.0
480.0,610.0,1246.8682,0.0
490.0,610.0,1227.6179,0.0
500.0,610.0,1208.74,0.0
510.0,610.0,1190.2351,0.0
520.0,610.0,1172.1028,0.0
530.0,610.0,1154.343,0.0
540.0,610.0,1136.957,0.0
550.0,610.0,1119.9434,0.0
560.0,610.0,1103.3035,0.0
570.0,610.0,1087.0369,0.0
580.0,610.0,1071.1438,0.0
590.0,610.0,1055.6246,0.0
600.0,610.0,1040.4795,0.0
610.0,610.0,1025.709,0.0
620.0,610.0,1011.3124,0.0
630.0,610.0,997.29016,0.0
640.0,610.0,983.64185,0.0
650.0,610.0,970.36884,0.0
660.0,610.0,957.4707,0.0
670.0,610.0,944.9481,0.0
680.0,610.0,932.8007,0.0
690.0,610.0,921.02924,0.0
700.0,610.0,909.633,0.0
710.0,610.0,898.61255,0.0
720.0,610.0,887.9682,0.0
730.0,610.0,877.69995,0.0
740.0,610.0,867.80835,0.0
750.0,610.0,858.2931,0.0
760.0,610.0,849.155,0.0
770.0,610.0,840.39374,0.0
780.0,610.0,832.00964,0.0
790.0,610.0,824.0031,0.0
800.0,610.0,816.3743,0.0
810.0,610.0,809.12305,0.0
820.0,610.0,802.2499,0.0
830.0,610.0,795.7552,0.0
840.0,610.0,789.6387,0.0
850.0,610.0,783.9012,0.0
860.0,610.0,778.5421,0.0
870.0,610.0,773.5624,0.0
880.0,610.0,768.9617,0.0
890.0,610.0,764.74084,0.0
900.0,610.0,760.8994,0.0
910.0,610.0,757.43835,0.0
920.0,610.0,754.3576,0.0
930.0,610.0,751.6566,0.0
940.0,610.0,749.3368,0.0
950.0,610.0,747.3978,0.0
960.0,610.0,745.8397,0.0
970.0,610.0,744.66296,0.0
980.0,610.0,743.86755,0.0
990.0,610.0,743.4541,0.0
1000.0,610.0,743.4229,0.0
1010.0,610.0,743.7738,0.0
1020.0,610.0,744.5072,0.0
1030.0,610.0,745.62335,0.0
1040.0,610.0,747.1222,0.0
1050.0,610.0,749.00464,0.0
1060.0,610.0,751.2703,0.0
1070.0,610.0,753.9193,0.0
1080.0,610.0,756.95276,0.0
1090.0,610.0,760.37,0.0
1100.0,610.0,764.1719,0.0
1110.0,610.0,768.3579,0.0
1120.0,610.0,772.92926,0.0
1130.0,610.0,777.8857,0.0
1140.0,610.0,783.2276,0.0
1150.0,610.0,788.9547,0.0
1160.0,610.0,795.0676,0.0
1170.0,610.0,801.567,0.0
1180.0,610.0,808.45276,0.0
1190.0,610.0,815.7255,0.0
1200.0,610.0,823.38434,0.0
1210.0,610.0,831.4302,0.0
1220.0,610.0,839.864,0.0
1230.0,610.0,848.6848,0.0
1240.0,610.0,857.8937,0.0
1250.0,610.0,867.49084,0.0
1260.0,610.0,877.47595,0.0
1270.0,610.0,887.84924,0.0
1280.0,610.0,898.61084,0.0
1290.0,610.0,909.7614,0.0
1300.0,610.0,921.30096,0.0
1310.0,610.0,933.2301,0.0
1320.0,610.0,945.551,0.0
1330.0,610.0,958.26135,0.0
1340.0,610.0,971.3627,0.0
1350.0,610.0,984.85425,0.0
1360.0,610.0,998.736,0.0
1370.0,610.0,1013.0095,0.0
1380.0,610.0,1027.6743,0.0
1390.0,610.0,1042.73,0.0
1400.0,610.0,1058.1785,0.0
1410.0,610.0,1074.0188,0.0
1420.0,610.0,1090.2513,0.0
1430.0,610.0,1106.8765,0.0
1440.0,610.0,1123.8943,0.0
1450.0,610.0,1141.3052,0.0
1460.0,610.0,1159.1099,0.0
1470.0,610.0,1177.3077,0.0
1480.0,610.0,1195.8993,0.0
1490.0,610.0,1214.8853,0.0
1500.0,610.0,1234.2653,0.0
1510.0,610.0,1254.0399,0.0
1520.0,610.0,1274.2095,0.0
1530.0,610.0,1294.7738,0.0
1540.0,610.0,1315.7336,0.0
1550.0,610.0,1337.089,0.0
1560.0,610.0,1358.8401,0.0
1570.0,610.0,1380.9869,0.0
1580.0,610.0,1403.5303,0.0
1590.0,610.0,1426.469,0.0
1600.0,610.0,1449.8057,0.0
1610.0,610.0,1473.5386,0.0
1620.0,610.0,1497.6692,0.0
1630.0,610.0,1522.1975,0.0
1640.0,610.0,1547.1232,0.0
1650.0,610.0,1572.4475,0.0
1660.0,610.0,1598.1694,0.0
1670.0,610.0,1624.2894,0.0
1680.0,610.0,1650.8085,0.0
1690.0,610.0,1677.7262,0.0
1700.0,610.0,1705.0427,0.0
1710.0,610.0,1732.7584,0.0
1720.0,610.0,1760.8737,0.0
1730.0,610.0,1789.3882,0.0
1740.0,610.0,1818.304,0.0
1750.0,610.0,1847.6191,0.0
1760.0,610.0,1877.3342,0.0
1770.0,610.0,1907.45,0.0
1780.0,610.0,1937.9672,0.0
1790.0,610.0,1968.8851,0.0
1800.0,610.0,2000.2047,0.0
-200.0,620.0,39270.906,1.0
-190.0,620.0,39270.906,1.0
-180.0,620.0,39270.906,1.0
-170.0,620.0,39270.906,1.0
-160.0,620.0,39270.906,1.0
-150.0,620.0,39270.906,1.0
-140.0,620.0,39270.906,1.0
-130.0,620.0,39270.906,1.0
-120.0,620.0,39270.906,1.0
-110.0,620.0,39270.906,1.0
-100.0,620.0,39270.906,1.0
-90.0,620.0,39270.906,1.0
-80.0,620.0,39270.906,1.0
-70.0,620.0,2856.1084,0.0
-60.0,620.0,2817.0894,0.0
-50.0,620.0,2778.4348,0.0
-40.0,620.0,2740.144,0.0
-30.0,620.0,2702.2185,0.0
-20.0,620.0,2664.6572,0.0
-10.0,620.0,2627.4604,0.0
0.0,620.0,2590.628,0.0
10.0,620.0,2554.161,0.0
20.0,620.0,2518.0571,0.0
30.0,620.0,2482.3174,0.0
40.0,620.0,2446.9429,0.0
50.0,620.0,2411.9312,0.0
60.0,620.0,2377.2842,0.0
70.0,620.0,2343.001,0.0
80.0,620.0,2309.0825,0.0
90.0,620.0,2275.5283,0.0
100.0,620.0,2242.3384,0.0
110.0,620.0,2209.5112,0.0
120.0,620.0,2177.0496,0.0
130.0,620.0,2144.9517,0.0
140.0,620.0,2113.2173,0.0
150.0,620.0,2081.8477,0.0
160.0,620.0,2050.8413,0.0
170.0,620.0,2020.2006,0.0
180.0,620.0,1989.9238,0.0
190.0,620.0,1960.0103,0.0
200.0,620.0,1930.4622,0.0
210.0,620.0,1901.2776,0.0
220.0,620.0,1872.4575,0.0
230.0,620.0,1844.0022,0.0
240.0,620.0,1815.9109,0.0
250.0,620.0,1788.1838,0.0
260.0,620.0,1760.8215,0.0
270.0,620.0,1733.824,0.0
280.0,620.0,1707.1909,0.0
290.0,620.0,1680.9233,0.0
300.0,620.0,1655.0198,0.0
310.0,620.0,1629.4811,0.0
320.0,620.0,1604.3074,0.0
330.0,620.0,1579.499,0.0
340.0,620.0,1555.0557,0.0
350.0,620.0,1530.9775,0.0
360.0,620.0,1507.2648,0.0
370.0,620.0,1483.9171,0.0
380.0,620.0,1460.9348,0.0
390.0,620.0,1438.3184,0.0
400.0,620.0,1416.0671,0.0
410.0,620.0,1394.182,0.0
420.0,620.0,1372.6628,0.0
430.0,620.0,1351.5095,0.0
440.0,620.0,1330.7223,0.0
450.0,620.0,1310.3013,0.0
460.0,620.0,1290.2468,0.0
470.0,620.0,1270.5591,0.0
480.0,620.0,1251.2373,0.0
490.0,620.0,1232.2832,0.0
500.0,620.0,1213.6948,0.0
510.0,620.0,1195.4739,0.0
520.0,620.0,1177.6201,0.0
530.0,620.0,1160.1334,0.0
540.0,620.0,1143.0145,0.0
550.0,620.0,1126.2627,0.0
560.0,620.0,1109.8788,0.0
570.0,620.0,1093.8625,0.0
580.0,620.0,1078.2137,0.0
590.0,620.0,1062.934,0.0
600.0,620.0,1048.0227,0.0
610.0,620.0,1033.4796,0.0
620.0,620.0,1019.30505,0.0
630.0,620.0,1005.49945,0.0
640.0,620.0,992.0619,0.0
650.0,620.0,978.9936,0.0
660.0,620.0,966.2951,0.0
670.0,620.0,953.9666,0.0
680.0,620.0,942.0077,0.0
690.0,620.0,930.4178,0.0
700.0,620.0,919.19836,0.0
710.0,620.0,908.3489,0.0
720.0,620.0,897.86975,0.0
730.0,620.0,887.76117,0.0
740.0,620.0,878.0232,0.0
750.0,620.0,868.656,0.0
760.0,620.0,859.6605,0.0
770.0,620.0,851.0355,0.0
780.0,620.0,842.78284,0.0
790.0,620.0,834.90125,0.0
800.0,620.0,827.3914,0.0
810.0,620.0,820.254,0.0
820.0,620.0,813.4889,0.0
830.0,620.0,807.09607,0.0
840.0,620.0,801.0764,0.0
850.0,620.0,795.42883,0.0
860.0,620.0,790.1549,0.0
870.0,620.0,785.25366,0.0
880.0,620.0,780.7266,0.0
890.0,620.0,776.5727,0.0
900.0,620.0,772.7931,0.0
910.0,620.0,769.38776,0.0
920.0,620.0,766.3565,0.0
930.0,620.0,763.69995,0.0
940.0,620.0,761.4183,0.0
950.0,620.0,759.5115,0.0
960.0,620.0,757.9797,0.0
970.0,620.0,756.8234,0.0
980.0,620.0,756.0428,0.0
990.0,620.0,755.6383,0.0
1000.0,620.0,755.6102,0.0
1010.0,620.0,755.9581,0.0
1020.0,620.0,756.6826,0.0
1030.0,620.0,757.78406,0.0
1040.0,620.0,759.2623,0.0
1050.0,620.0,761.1181,0.0
1060.0,620.0,763.3511,0.0
1070.0,620.0,765.962,0.0
1080.0,620.0,768.9509,0.0
1090.0,620.0,772.31775,0.0
1100.0,620.0,776.0631,0.0
1110.0,620.0,780.1874,0.0
1120.0,620.0,784.6904,0.0
1130.0,620.0,789.5725,0.0
1140.0,620.0,794.83405,0.0
1150.0,620.0,800.47485,0.0
1160.0,620.0,806.4957,0.0
1170.0,620.0,812.8967,0.0
1180.0,620.0,819.6786,0.0
1190.0,620.0,826.8406,0.0
1200.0,620.0,834.3833,0.0
1210.0,620.0,842.3068,0.0
1220.0,620.0,850.6116,0.0
1230.0,620.0,859.29846,0.0
1240.0,620.0,868.3666,0.0
1250.0,620.0,877.817,0.0
1260.0,620.0,887.64966,0.0
1270.0,620.0,897.8645,0.0
1280.0,620.0,908.46136,0.0
1290.0,620.0,919.441,0.0
1300.0,620.0,930.8032,0.0
1310.0,620.0,942.5492,0.0
1320.0,620.0,954.6791,0.0
1330.0,620.0,967.19434,0.0
1340.0,620.0,980.094,0.0
1350.0,620.0,993.3775,0.0
1360.0,620.0,1007.0458,0.0
1370.0,620.0,1021.0984,0.0
1380.0,620.0,1035.5369,0.0
1390.0,620.0,1050.3606,0.0
1400.0,620.0,1065.5698,0.0
1410.0,620.0,1081.165,0.0
1420.0,620.0,1097.1462,0.0
1430.0,620.0,1113.5139,0.0
1440.0,620.0,1130.2681,0.0
1450.0,620.0,1147.4092,0.0
1460.0,620.0,1164.9377,0.0
1470.0,620.0,1182.853,0.0
1480.0,620.0,1201.1564,0.0
1490.0,620.0,1219.8469,0.0
1500.0,620.0,1238.9253,0.0
1510.0,620.0,1258.3931,0.0
1520.0,620.0,1278.2484,0.0
1530.0,620.0,1298.4923,0.0
1540.0,620.0,1319.1262,0.0
1550.0,620.0,1340.1482,0.0
1560.0,620.0,1361.5605,0.0
1570.0,620.0,1383.362,0.0
1580.0,620.0,1405.5537,0.0
1590.0,620.0,1428.135,0.0
1600.0,620.0,1451.1069,0.0
1610.0,620.0,1474.4692,0.0
1620.0,620.0,1498.2225,0.0
1630.0,620.0,1522.3665,0.0
1640.0,620.0,1546.9021,0.0
1650.0,620.0,1571.8297,0.0
1660.0,620.0,1597.1488,0.0
1670.0,620.0,1622.8601,0.0
1680.0,620.0,1648.9639,0.0
1690.0,620.0,1675.4584,0.0
1700.0,620.0,1702.3472,0.0
1710.0,620.0,1729.628,0.0
1720.0,620.0,1757.302,0.0
1730.0,620.0,1785.369,0.0
1740.0,620.0,1813.8296,0.0
1750.0,620.0,1842.6842,0.0
1760.0,620.0,1871.9324,0.0
1770.0,620.0,1901.5748,0.0
1780.0,620.0,1931.6113,0.0
1790.0,620.0,1962.0425,0.0
1800.0,620.0,1992.8698,0.0
-200.0,630.0,39270.906,1.0
-190.0,630.0,39270.906,1.0
-180.0,630.0,39270.906,1.0
-170.0,630.0,39270.906,1.0
-160.0,630.0,39270.906,1.0
-150.0,630.0,39270.906,1.0
-140.0,630.0,39270.906,1.0
-130.0,630.0,39270.906,1.0
-120.0,630.0,39270.906,1.0
-110.0,630.0,39270.906,1.0
-100.0,630.0,39270.906,1.0
-90.0,630.0,39270.906,1.0
-80.0,630.0,39270.906,1.0
-70.0,630.0,2836.5796,0.0
-60.0,630.0,2798.146,0.0
-50.0,630.0,2760.073,0.0
-40.0,630.0,2722.3574,0.0
-30.0,630.0,2685.002,0.0
-20.0,630.0,2648.005,0.0
-10.0,630.0,2611.3672,0.0
0.0,630.0,2575.088,0.0
10.0,630.0,2539.1672,0.0
20.0,630.0,2503.606,0.0
30.0,630.0,2468.403,0.0
40.0,630.0,2433.5596,0.0
50.0,630.0,2399.0737,0.0
60.0,630.0,2364.9478,0.0
70.0,630.0,2331.1797,0.0
80.0,630.0,2297.7703,0.0
90.0,630.0,2264.719,0.0
100.0,630.0,2232.0278,0.0
110.0,630.0,2199.695,0.0
120.0,630.0,2167.7202,0.0
130.0,630.0,2136.1045,0.0
140.0,630.0,2104.8467,0.0
150.0,630.0,2073.9482,0.0
160.0,630.0,2043.4084,0.0
170.0,630.0,2013.2278,0.0
180.0,630.0,1983.4054,0.0
190.0,630.0,1953.9417,0.0
200.0,630.0,1924.8369,0.0
210.0,630.0,1896.0913,0.0
220.0,630.0,1867.7047,0.0
230.0,630.0,1839.6768,0.0
240.0,630.0,1812.0077,0.0
250.0,630.0,1784.6978,0.0
260.0,630.0,1757.7473,0.0
270.0,630.0,1731.1553,0.0
280.0,630.0,1704.9232,0.0
290.0,630.0,1679.0502,0.0
300.0,630.0,1653.5371,0.0
310.0,630.0,1628.3826,0.0
320.0,630.0,1603.5881,0.0
330.0,630.0,1579.1528,0.0
340.0,630.0,1555.0776,0.0
350.0,630.0,1531.3624,0.0
360.0,630.0,1508.0066,0.0
370.0,630.0,1485.0104,0.0
380.0,630.0,1462.3744,0.0
390.0,630.0,1440.0991,0.0
400.0,630.0,1418.1835,0.0
410.0,630.0,1396.6284,0.0
420.0,630.0,1375.434,0.0
430.0,630.0,1354.6,0.0
440.0,630.0,1334.1267,0.0
450.0,630.0,1314.0142,0.0
460.0,630.0,1294.2628,0.0
470.0,630.0,1274.872,0.0
480.0,630.0,1255.8423,0.0
490.0,630.0,1237.1742,0.0
500.0,630.0,1218.8673,0.0
510.0,630.0,1200.9219,0.0
520.0,630.0,1183.3381,0.0
530.0,630.0,1166.1165,0.0
540.0,630.0,1149.2563,0.0
550.0,630.0,1132.7588,0.0
560.0,630.0,1116.6228,0.0
570.0,630.0,1100.85,0.0
580.0,630.0,1085.4388,0.0
590.0,630.0,1070.3909,0.0
600.0,630.0,1055.7057,0.0
610.0,630.0,1041.3833,0.0
620.0,630.0,1027.4246,0.0
630.0,630.0,1013.8283,0.0
640.0,630.0,1000.5952,0.0
650.0,630.0,987.7263,0.0
660.0,630.0,975.22144,0.0
670.0,630.0,963.08105,0.0
680.0,630.0,951.30365,0.0
690.0,630.0,939.8913,0.0
700.0,630.0,928.8431,0.0
710.0,630.0,918.1593,0.0
720.0,630.0,907.8401,0.0
730.0,630.0,897.88654,0.0
740.0,630.0,888.298,0.0
750.0,630.0,879.0744,0.0
760.0,630.0,870.2164,0.0
770.0,630.0,861.7245,0.0
780.0,630.0,853.5984,0.0
790.0,630.0,845.8382,0.0
800.0,630.0,838.44446,0.0
810.0,630.0,831.417,0.0
820.0,630.0,824.75665,0.0
830.0,630.0,818.4628,0.0
840.0,630.0,812.53644,0.0
850.0,630.0,806.9766,0.0
860.0,630.0,801.7847,0.0
870.0,630.0,796.96045,0.0
880.0,630.0,792.50415,0.0
890.0,630.0,788.41565,0.0
900.0,630.0,784.69574,0.0
910.0,630.0,781.34424,0.0
920.0,630.0,778.36127,0.0
930.0,630.0,775.7472,0.0
940.0,630.0,773.50256,0.0
950.0,630.0,771.6271,0.0
960.0,630.0,770.12115,0.0
970.0,630.0,768.98486,0.0
980.0,630.0,768.21875,0.0
990.0,630.0,767.8225,0.0
1000.0,630.0,767.79694,0.0
1010.0,630.0,768.1429,0.0
1020.0,630.0,768.8585,0.0
1030.0,630.0,769.94556,0.0
1040.0,630.0,771.404,0.0
1050.0,630.0,773.2337,0.0
1060.0,630.0,775.4353,0.0
1070.0,630.0,778.0088,0.0
1080.0,630.0,780.95483,0.0
1090.0,630.0,784.27277,0.0
1100.0,630.0,787.96375,0.0
1110.0,630.0,792.02747,0.0
1120.0,630.0,796.46454,0.0
1130.0,630.0,801.2745,0.0
1140.0,630.0,806.45825,0.0
1150.0,630.0,812.01575,0.0
1160.0,630.0,817.9468,0.0
1170.0,630.0,824.25244,0.0
1180.0,630.0,830.9331,0.0
1190.0,630.0,837.98865,0.0
1200.0,630.0,845.4181,0.0
1210.0,630.0,853.2237,0.0
1220.0,630.0,861.4041,0.0
1230.0,630.0,869.9599,0.0
1240.0,630.0,878.8922,0.0
1250.0,630.0,888.20044,0.0
1260.0,630.0,897.8845,0.0
1270.0,630.0,907.9456,0.0
1280.0,630.0,918.38293,0.0
1290.0,630.0,929.19666,0.0
1300.0,630.0,940.38763,0.0
1310.0,630.0,951.9554,0.0
1320.0,630.0,963.9017,0.0
1330.0,630.0,976.2273,0.0
1340.0,630.0,988.931,0.0
1350.0,630.0,1002.0133,0.0
1360.0,630.0,1015.47424,0.0
1370.0,630.0,1029.3137,0.0
1380.0,630.0,1043.5317,0.0
1390.0,630.0,1058.1296,0.0
1400.0,630.0,1073.1078,0.0
1410.0,630.0,1088.4656,0.0
1420.0,630.0,1104.2036,0.0
1430.0,630.0,1120.3215,0.0
1440.0,630.0,1136.8203,0.0
1450.0,630.0,1153.6998,0.0
1460.0,630.0,1170.9602,0.0
1470.0,630.0,1188.602,0.0
1480.0,630.0,1206.625,0.0
1490.0,630.0,1225.0303,0.0
1500.0,630.0,1243.8169,0.0
1510.0,630.0,1262.9861,0.0
1520.0,630.0,1282.5372,0.0
1530.0,630.0,1302.4714,0.0
1540.0,630.0,1322.7882,0.0
1550.0,630.0,1343.4882,0.0
1560.0,630.0,1364.5719,0.0
1570.0,630.0,1386.0383,0.0
1580.0,630.0,1407.8887,0.0
1590.0,630.0,1430.1238,0.0
1600.0,630.0,1452.7427,0.0
1610.0,630.0,1475.7454,0.0
1620.0,630.0,1499.1328,0.0
1630.0,630.0,1522.905,0.0
1640.0,630.0,1547.063,0.0
1650.0,630.0,1571.6055,0.0
1660.0,630.0,1596.5349,0.0
1670.0,630.0,1621.8496,0.0
1680.0,630.0,1647.5502,0.0
1690.0,630.0,1673.6372,0.0
1700.0,630.0,1700.1101,0.0
1710.0,630.0,1726.9697,0.0
1720.0,630.0,1754.2161,0.0
1730.0,630.0,1781.8491,0.0
1740.0,630.0,1809.8696,0.0
1750.0,630.0,1838.2777,0.0
1760.0,630.0,1867.0732,0.0
1770.0,630.0,1896.2566,0.0
1780.0,630.0,1925.8285,0.0
1790.0,630.0,1955.7886,0.0
1800.0,630.0,1986.1373,0.0
-200.0,640.0,39270.906,1.0
-190.0,640.0,39270.906,1.0
-180.0,640.0,39270.906,1.0
-170.0,640.0,39270.906,1.0
-160.0,640.0,39270.906,1.0
-150.0,640.0,39270.906,1.0
-140.0,640.0,39270.906,1.0
-130.0,640.0,39270.906,1.0
-120.0,640.0,39270.906,1.0
-110.0,640.0,39270.906,1.0
-100.0,640.0,39270.906,1.0
-90.0,640.0,39270.906,1.0
-80.0,640.0,39270.906,1.0
-70.0,640.0,39270.906,1.0
-60.0,640.0,2780.125,0.0
-50.0,640.0,2742.6157,0.0
-40.0,640.0,2705.458,0.0
-30.0,640.0,2668.6565,0.0
-20.0,640.0,2632.2065,0.0
-10.0,640.0,2596.1104,0.0
0.0,640.0,2560.3694,0.0
10.0,640.0,2524.9795,0.0
20.0,640.0,2489.9443,0.0
30.0,640.0,2455.2622,0.0
40.0,640.0,2420.9338,0.0
50.0,640.0,2386.9587,0.0
60.0,640.0,2353.3374,0.0
70.0,640.0,2320.0693,0.0
80.0,640.0,2287.1538,0.0
90.0,640.0,2254.592,0.0
100.0,640.0,2222.3843,0.0
110.0,640.0,2190.5298,0.0
120.0,640.0,2159.0283,0.0
130.0,640.0,2127.88,0.0
140.0,640.0,2097.085,0.0
150.0,640.0,2066.6433,0.0
160.0,640.0,2036.5559,0.0
170.0,640.0,2006.822,0.0
180.0,640.0,1977.4409,0.0
190.0,640.0,1948.4135,0.0
200.0,640.0,1919.7397,0.0
210.0,640.0,1891.4202,0.0
220.0,640.0,1863.4534,0.0
230.0,640.0,1835.8408,0.0
240.0,640.0,1808.5817,0.0
250.0,640.0,1781.676,0.0
260.0,640.0,1755.1246,0.0
270.0,640.0,1728.9272,0.0
280.0,640.0,1703.0833,0.0
290.0,640.0,1677.594,0.0
300.0,640.0,1652.4587,0.0
310.0,640.0,1627.6775,0.0
320.0,640.0,1603.251,0.0
330.0,640.0,1579.1785,0.0
340.0,640.0,1555.4604,0.0
350.0,640.0,1532.0967,0.0
360.0,640.0,1509.0875,0.0
370.0,640.0,1486.4331,0.0
380.0,640.0,1464.1333,0.0
390.0,640.0,1442.1885,0.0
400.0,640.0,1420.5985,0.0
410.0,640.0,1399.3639,0.0
420.0,640.0,1378.4843,0.0
430.0,640.0,1357.96,0.0
440.0,640.0,1337.7913,0.0
450.0,640.0,1317.9778,0.0
460.0,640.0,1298.5204,0.0
470.0,640.0,1279.4182,0.0
480.0,640.0,1260.6726,0.0
490.0,640.0,1242.2819,0.0
500.0,640.0,1224.2478,0.0
510.0,640.0,1206.5701,0.0
520.0,640.0,1189.249,0.0
530.0,640.0,1172.2837,0.0
540.0,640.0,1155.6754,0.0
550.0,640.0,1139.4241,0.0
560.0,640.0,1123.5288,0.0
570.0,640.0,1107.9915,0.0
580.0,640.0,1092.8107,0.0
590.0,640.0,1077.9882,0.0
600.0,640.0,1063.5227,0.0
610.0,640.0,1049.4144,0.0
620.0,640.0,1035.6643,0.0
630.0,640.0,1022.2717,0.0
640.0,640.0,1009.2375,0.0
650.0,640.0,996.56177,0.0
660.0,640.0,984.24506,0.0
670.0,640.0,972.28674,0.0
680.0,640.0,960.68665,0.0
690.0,640.0,949.4452,0.0
700.0,640.0,938.56323,0.0
710.0,640.0,928.04047,0.0
720.0,640.0,917.8771,0.0
730.0,640.0,908.07336,0.0
740.0,640.0,898.62933,0.0
750.0,640.0,889.54565,0.0
760.0,640.0,880.82153,0.0
770.0,640.0,872.4581,0.0
780.0,640.0,864.4547,0.0
790.0,640.0,856.81287,0.0
800.0,640.0,849.531,0.0
810.0,640.0,842.61084,0.0
820.0,640.0,836.052,0.0
830.0,640.0,829.8542,0.0
840.0,640.0,824.01807,0.0
850.0,640.0,818.5437,0.0
860.0,640.0,813.43146,0.0
870.0,640.0,808.68164,0.0
880.0,640.0,804.2939,0.0
890.0,640.0,800.2689,0.0
900.0,640.0,796.60645,0.0
910.0,640.0,793.3076,0.0
920.0,640.0,790.37146,0.0
930.0,640.0,787.79895,0.0
940.0,640.0,785.5901,0.0
950.0,640.0,783.7449,0.0
960.0,640.0,782.26404,0.0
970.0,640.0,781.1474,0.0
980.0,640.0,780.39465,0.0
990.0,640.0,780.00726,0.0
1000.0,640.0,779.9844,0.0
1010.0,640.0,780.32715,0.0
1020.0,640.0,781.0346,0.0
1030.0,640.0,782.1079,0.0
1040.0,640.0,783.54663,0.0
1050.0,640.0,785.35205,0.0
1060.0,640.0,787.5228,0.0
1070.0,640.0,790.0602,0.0
1080.0,640.0,792.9643,0.0
1090.0,640.0,796.2351,0.0
1100.0,640.0,799.87305,0.0
1110.0,640.0,803.87823,0.0
1120.0,640.0,808.25037,0.0
1130.0,640.0,812.99097,0.0
1140.0,640.0,818.0995,0.0
1150.0,640.0,823.57544,0.0
1160.0,640.0,829.4204,0.0
1170.0,640.0,835.6337,0.0
1180.0,640.0,842.21594,0.0
1190.0,640.0,849.1672,0.0
1200.0,640.0,856.4876,0.0
1210.0,640.0,864.178,0.0
1220.0,640.0,872.2377,0.0
1230.0,640.0,880.6674,0.0
1240.0,640.0,889.467,0.0
1250.0,640.0,898.63745,0.0
1260.0,640.0,908.1782,0.0
1270.0,640.0,918.08984,0.0
1280.0,640.0,928.37244,0.0
1290.0,640.0,939.02563,0.0
1300.0,640.0,950.0502,0.0
1310.0,640.0,961.44574,0.0
1320.0,640.0,973.21356,0.0
1330.0,640.0,985.3542,0.0
1340.0,640.0,997.8683,0.0
1350.0,640.0,1010.7555,0.0
1360.0,640.0,1024.0151,0.0
1370.0,640.0,1037.6475,0.0
1380.0,640.0,1051.6533,0.0
1390.0,640.0,1066.033,0.0
1400.0,640.0,1080.786,0.0
1410.0,640.0,1095.9133,0.0
1420.0,640.0,1111.4153,0.0
1430.0,640.0,1127.2909,0.0
1440.0,640.0,1143.542,0.0
1450.0,640.0,1160.1675,0.0
1460.0,640.0,1177.1688,0.0
1470.0,640.0,1194.5454,0.0
1480.0,640.0,1212.2969,0.0
1490.0,640.0,1230.4248,0.0
1500.0,640.0,1248.9285,0.0
1510.0,640.0,1267.8088,0.0
1520.0,640.0,1287.065,0.0
1530.0,640.0,1306.6982,0.0
1540.0,640.0,1326.7083,0.0
1550.0,640.0,1347.096,0.0
1560.0,640.0,1367.8606,0.0
1570.0,640.0,1389.0027,0.0
1580.0,640.0,1410.5232,0.0
1590.0,640.0,1432.4209,0.0
1600.0,640.0,1454.6975,0.0
1610.0,640.0,1477.3522,0.0
1620.0,640.0,1500.3849,0.0
1630.0,640.0,1523.7974,0.0
1640.0,640.0,1547.5879,0.0
1650.0,640.0,1571.7583,0.0
1660.0,640.0,1596.3091,0.0
1670.0,640.0,1621.2395,0.0
1680.0,640.0,1646.5498,0.0
1690.0,640.0,1672.24,0.0
1700.0,640.0,1698.311,0.0
1710.0,640.0,1724.7616,0.0
1720.0,640.0,1751.5938,0.0
1730.0,640.0,1778.8064,0.0
1740.0,640.0,1806.4001,0.0
1750.0,640.0,1834.3754,0.0
1760.0,640.0,1862.7325,0.0
1770.0,640.0,1891.4707,0.0
1780.0,640.0,1920.5911,0.0
1790.0,640.0,1950.095,0.0
1800.0,640.0,1979.98,0.0
-200.0,650.0,39270.906,1.0
-190.0,650.0,39270.906,1.0
-180.0,650.0,39270.906,1.0
-170.0,650.0,39270.906,1.0
-160.0,650.0,39270.906,1.0
-150.0,650.0,39270.906,1.0
-140.0,650.0,39270.906,1.0
-130.0,650.0,39270.906,1.0
-120.0,650.0,39270.906,1.0
-110.0,650.0,39270.906,1.0
-100.0,650.0,39270.906,1.0
-90.0,650.0,39270.906,1.0
-80.0,650.0,39270.906,1.0
-70.0,650.0,39270.906,1.0
-60.0,650.0,39270.906,1.0
-50.0,650.0,2726.025,0.0
-40.0,650.0,2689.4097,0.0
-30.0,650.0,2653.143,0.0
-20.0,650.0,2617.2253,0.0
-10.0,650.0,2581.6562,0.0
0.0,650.0,2546.4346,0.0
10.0,650.0,2511.562,0.0
20.0,650.0,2477.037,0.0
30.0,650.0,2442.8613,0.0
40.0,650.0,2409.0332,0.0
50.0,650.0,2375.5525,0.0
60.0,650.0,2342.4211,0.0
70.0,650.0,2309.6382,0.0
80.0,650.0,2277.2031,0.0
90.0,650.0,2245.1162,0.0
100.0,650.0,2213.3774,0.0
110.0,650.0,2181.9873,0.0
120.0,650.0,2150.9453,0.0
130.0,650.0,2120.2517,0.0
140.0,650.0,2089.9048,0.0
150.0,650.0,2059.9082,0.0
160.0,650.0,2030.2595,0.0
170.0,650.0,2000.9583,0.0
180.0,650.0,1972.0063,0.0
190.0,650.0,1943.4027,0.0
200.0,650.0,1915.1467,0.0
210.0,650.0,1887.2399,0.0
220.0,650.0,1859.6818,0.0
230.0,650.0,1832.4722,0.0
240.0,650.0,1805.6108,0.0
250.0,650.0,1779.0981,0.0
260.0,650.0,1752.9346,0.0
270.0,650.0,1727.1193,0.0
280.0,650.0,1701.6536,0.0
290.0,650.0,1676.5364,0.0
300.0,650.0,1651.7686,0.0
310.0,650.0,1627.3495,0.0
320.0,650.0,1603.2793,0.0
330.0,650.0,1579.5588,0.0
340.0,650.0,1556.1875,0.0
350.0,650.0,1533.1655,0.0
360.0,650.0,1510.4927,0.0
370.0,650.0,1488.1697,0.0
380.0,650.0,1466.196,0.0
390.0,650.0,1444.5728,0.0
400.0,650.0,1423.2986,0.0
410.0,650.0,1402.3751,0.0
420.0,650.0,1381.8016,0.0
430.0,650.0,1361.5782,0.0
440.0,650.0,1341.705,0.0
450.0,650.0,1322.1823,0.0
460.0,650.0,1303.0101,0.0
470.0,650.0,1284.1881,0.0
480.0,650.0,1265.717,0.0
490.0,650.0,1247.597,0.0
500.0,650.0,1229.8275,0.0
510.0,650.0,1212.4097,0.0
520.0,650.0,1195.3428,0.0
530.0,650.0,1178.6271,0.0
540.0,650.0,1162.2632,0.0
550.0,650.0,1146.2502,0.0
560.0,650.0,1130.5894,0.0
570.0,650.0,1115.2806,0.0
580.0,650.0,1100.3241,0.0
590.0,650.0,1085.72,0.0
600.0,650.0,1071.4674,0.0
610.0,650.0,1057.5676,0.0
620.0,650.0,1044.02,0.0
630.0,650.0,1030.8254,0.0
640.0,650.0,1017.9839,0.0
650.0,650.0,1005.4956,0.0
660.0,650.0,993.36084,0.0
670.0,650.0,981.57916,0.0
680.0,650.0,970.1512,0.0
690.0,650.0,959.0765,0.0
700.0,650.0,948.356,0.0
710.0,650.0,937.9893,0.0
720.0,650.0,927.97675,0.0
730.0,650.0,918.3188,0.0
740.0,650.0,909.01556,0.0
750.0,650.0,900.067,0.0
760.0,650.0,891.4728,0.0
770.0,650.0,883.234,0.0
780.0,650.0,875.3508,0.0
790.0,650.0,867.82275,0.0
800.0,650.0,860.65027,0.0
810.0,650.0,853.8335,0.0
820.0,650.0,847.3731,0.0
830.0,650.0,841.26904,0.0
840.0,650.0,835.5206,0.0
850.0,650.0,830.129,0.0
860.0,650.0,825.094,0.0
870.0,650.0,820.41595,0.0
880.0,650.0,816.09515,0.0
890.0,650.0,812.1319,0.0
900.0,650.0,808.5255,0.0
910.0,650.0,805.27734,0.0
920.0,650.0,802.38696,0.0
930.0,650.0,799.8549,0.0
940.0,650.0,797.6808,0.0
950.0,650.0,795.8651,0.0
960.0,650.0,794.4084,0.0
970.0,650.0,793.31036,0.0
980.0,650.0,792.57135,0.0
990.0,650.0,792.19183,0.0
1000.0,650.0,792.1719,0.0
1010.0,650.0,792.5116,0.0
1020.0,650.0,793.21094,0.0
1030.0,650.0,794.2709,0.0
1040.0,650.0,795.69116,0.0
1050.0,650.0,797.47156,0.0
1060.0,650.0,799.6128,0.0
1070.0,650.0,802.11523,0.0
1080.0,650.0,804.9785,0.0
1090.0,650.0,808.2036,0.0
1100.0,650.0,811.7902,0.0
1110.0,650.0,815.7383,0.0
1120.0,650.0,820.04834,0.0
1130.0,650.0,824.72156,0.0
1140.0,650.0,829.7566,0.0
1150.0,650.0,835.15405,0.0
1160.0,650.0,840.9147,0.0
1170.0,650.0,847.0383,0.0
1180.0,650.0,853.5253,0.0
1190.0,650.0,860.3763,0.0
1200.0,650.0,867.59045,0.0
1210.0,650.0,875.1687,0.0
1220.0,650.0,883.1116,0.0
1230.0,650.0,891.4183,0.0
1240.0,650.0,900.0901,0.0
1250.0,650.0,909.1267,0.0
1260.0,650.0,918.52795,0.0
1270.0,650.0,928.2947,0.0
1280.0,650.0,938.427,0.0
1290.0,650.0,948.92426,0.0
1300.0,650.0,959.7873,0.0
1310.0,650.0,971.0161,0.0
1320.0,650.0,982.61084,0.0
1330.0,650.0,994.57275,0.0
1340.0,650.0,1006.9021,0.0
1350.0,650.0,1019.5998,0.0
1360.0,650.0,1032.6646,0.0
1370.0,650.0,1046.0962,0.0
1380.0,650.0,1059.8956,0.0
1390.0,650.0,1074.0627,0.0
1400.0,650.0,1088.598,0.0
1410.0,650.0,1103.5018,0.0
1420.0,650.0,1118.7747,0.0
1430.0,650.0,1134.4164,0.0
1440.0,650.0,1150.4264,0.0
1450.0,650.0,1166.8062,0.0
1460.0,650.0,1183.5554,0.0
1470.0,650.0,1200.6747,0.0
1480.0,650.0,1218.1628,0.0
1490.0,650.0,1236.0219,0.0
1500.0,650.0,1254.251,0.0
1510.0,650.0,1272.8501,0.0
1520.0,650.0,1291.8207,0.0
1530.0,650.0,1311.162,0.0
1540.0,650.0,1330.8752,0.0
1550.0,650.0,1350.959,0.0
1560.0,650.0,1371.4148,0.0
1570.0,650.0,1392.242,0.0
1580.0,650.0,1413.4415,0.0
1590.0,650.0,1435.0131,0.0
1600.0,650.0,1456.9579,0.0
1610.0,650.0,1479.2744,0.0
1620.0,650.0,1501.9641,0.0
1630.0,650.0,1525.0266,0.0
1640.0,650.0,1548.4622,0.0
1650.0,650.0,1572.2709,0.0
1660.0,650.0,1596.4541,0.0
1670.0,650.0,1621.011,0.0
1680.0,650.0,1645.9435,0.0
1690.0,650.0,1671.2488,0.0
1700.0,650.0,1696.9292,0.0
1710.0,650.0,1722.9851,0.0
1720.0,650.0,1749.4148,0.0
1730.0,650.0,1776.2192,0.0
1740.0,650.0,1803.399,0.0
1750.0,650.0,1830.9548,0.0
1760.0,650.0,1858.8862,0.0
1770.0,650.0,1887.1935,0.0
1780.0,650.0,1915.8762,0.0
1790.0,650.0,1944.9364,0.0
1800.0,650.0,1974.3727,0.0
-200.0,660.0,39270.906,1.0
-190.0,660.0,39270.906,1.0
-180.0,660.0,39270.906,1.0
-170.0,660.0,39270.906,1.0
-160.0,660.0,39270.906,1.0
-150.0,660.0,39270.906,1.0
-140.0,660.0,39270.906,1.0
-130.0,660.0,39270.906,1.0
-120.0,660.0,39270.906,1.0
-110.0,660.0,39270.906,1.0
-100.0,660.0,39270.906,1.0
-90.0,660.0,39270.906,1.0
-80.0,660.0,39270.906,1.0
-70.0,660.0,39270.906,1.0
-60.0,660.0,39270.906,1.0
-50.0,660.0,2710.2622,0.0
-40.0,660.0,2674.1729,0.0
-30.0,660.0,2638.4268,0.0
-20.0,660.0,2603.0261,0.0
-10.0,660.0,2567.9668,0.0
0.0,660.0,2533.2524,0.0
10.0,660.0,2498.8804,0.0
20.0,660.0,2464.8518,0.0
30.0,660.0,2431.167,0.0
40.0,660.0,2397.8252,0.0
50.0,660.0,2364.8257,0.0
60.0,660.0,2332.1704,0.0
70.0,660.0,2299.858,0.0
80.0,660.0,2267.889,0.0
90.0,660.0,2236.2637,0.0
100.0,660.0,2204.9805,0.0
110.0,660.0,2174.0417,0.0
120.0,660.0,2143.4456,0.0
130.0,660.0,2113.1924,0.0
140.0,660.0,2083.2827,0.0
150.0,660.0,2053.716,0.0
160.0,660.0,2024.4939,0.0
170.0,660.0,1995.6144,0.0
180.0,660.0,1967.0786,0.0
190.0,660.0,1938.8861,0.0
200.0,660.0,1911.0365,0.0
210.0,660.0,1883.5308,0.0
220.0,660.0,1856.3691,0.0
230.0,660.0,1829.5513,0.0
240.0,660.0,1803.0762,0.0
250.0,660.0,1776.9448,0.0
260.0,660.0,1751.1575,0.0
270.0,660.0,1725.714,0.0
280.0,660.0,1700.6152,0.0
290.0,660.0,1675.8596,0.0
300.0,660.0,1651.4487,0.0
310.0,660.0,1627.3816,0.0
320.0,660.0,1603.6584,0.0
330.0,660.0,1580.2792,0.0
340.0,660.0,1557.2441,0.0
350.0,660.0,1534.5537,0.0
360.0,660.0,1512.208,0.0
370.0,660.0,1490.207,0.0
380.0,660.0,1468.5508,0.0
390.0,660.0,1447.2394,0.0
400.0,660.0,1426.2726,0.0
410.0,660.0,1405.6512,0.0
420.0,660.0,1385.3744,0.0
430.0,660.0,1365.4434,0.0
440.0,660.0,1345.857,0.0
450.0,660.0,1326.6162,0.0
460.0,660.0,1307.7213,0.0
470.0,660.0,1289.1716,0.0
480.0,660.0,1270.9678,0.0
490.0,660.0,1253.1099,0.0
500.0,660.0,1235.5977,0.0
510.0,660.0,1218.432,0.0
520.0,660.0,1201.6128,0.0
530.0,660.0,1185.1392,0.0
540.0,660.0,1169.0118,0.0
550.0,660.0,1153.2314,0.0
560.0,660.0,1137.7979,0.0
570.0,660.0,1122.7117,0.0
580.0,660.0,1107.9722,0.0
590.0,660.0,1093.5798,0.0
600.0,660.0,1079.5349,0.0
610.0,660.0,1065.8368,0.0
620.0,660.0,1052.4863,0.0
630.0,660.0,1039.4838,0.0
640.0,660.0,1026.8296,0.0
650.0,660.0,1014.5234,0.0
660.0,660.0,1002.5658,0.0
670.0,660.0,990.9558,0.0
680.0,660.0,979.69464,0.0
690.0,660.0,968.78174,0.0
700.0,660.0,958.21796,0.0
710.0,660.0,948.0028,0.0
720.0,660.0,938.13715,0.0
730.0,660.0,928.62024,0.0
740.0,660.0,919.45355,0.0
750.0,660.0,910.6362,0.0
760.0,660.0,902.1686,0.0
770.0,660.0,894.05133,0.0
780.0,660.0,886.28406,0.0
790.0,660.0,878.8668,0.0
800.0,660.0,871.80005,0.0
810.0,660.0,865.0846,0.0
820.0,660.0,858.7197,0.0
830.0,660.0,852.70593,0.0
840.0,660.0,847.043,0.0
850.0,660.0,841.73157,0.0
860.0,660.0,836.7721,0.0
870.0,660.0,832.16376,0.0
880.0,660.0,827.90796,0.0
890.0,660.0,824.0043,0.0
900.0,660.0,820.4529,0.0
910.0,660.0,817.25354,0.0
920.0,660.0,814.40735,0.0
930.0,660.0,811.9143,0.0
940.0,660.0,809.7739,0.0
950.0,660.0,807.9872,0.0
960.0,660.0,806.55396,0.0
970.0,660.0,805.4741,0.0
980.0,660.0,804.7478,0.0
990.0,660.0,804.37634,0.0
1000.0,660.0,804.359,0.0
1010.0,660.0,804.6961,0.0
1020.0,660.0,805.38806,0.0
1030.0,660.0,806.4348,0.0
1040.0,660.0,807.8366,0.0
1050.0,660.0,809.5933,0.0
1060.0,660.0,811.7059,0.0
1070.0,660.0,814.1743,0.0
1080.0,660.0,816.9987,0.0
1090.0,660.0,820.17865,0.0
1100.0,660.0,823.71545,0.0
1110.0,660.0,827.6085,0.0
1120.0,660.0,831.8585,0.0
1130.0,660.0,836.465,0.0
1140.0,660.0,841.4291,0.0
1150.0,660.0,846.7502,0.0
1160.0,660.0,852.42896,0.0
1170.0,660.0,858.4656,0.0
1180.0,660.0,864.8605,0.0
1190.0,660.0,871.6134,0.0
1200.0,660.0,878.72473,0.0
1210.0,660.0,886.19464,0.0
1220.0,660.0,894.0233,0.0
1230.0,660.0,902.2114,0.0
1240.0,660.0,910.7584,0.0
1250.0,660.0,919.6649,0.0
1260.0,660.0,928.93115,0.0
1270.0,660.0,938.55743,0.0
1280.0,660.0,948.54364,0.0
1290.0,660.0,958.8898,0.0
1300.0,660.0,969.59595,0.0
1310.0,660.0,980.66254,0.0
1320.0,660.0,992.0897,0.0
1330.0,660.0,1003.87805,0.0
1340.0,660.0,1016.0285,0.0
1350.0,660.0,1028.542,0.0
1360.0,660.0,1041.4171,0.0
1370.0,660.0,1054.6542,0.0
1380.0,660.0,1068.253,0.0
1390.0,660.0,1082.2145,0.0
1400.0,660.0,1096.5383,0.0
1410.0,660.0,1111.2255,0.0
1420.0,660.0,1126.2756,0.0
1430.0,660.0,1141.6892,0.0
1440.0,660.0,1157.4658,0.0
1450.0,660.0,1173.6069,0.0
1460.0,660.0,1190.112,0.0
1470.0,660.0,1206.981,0.0
1480.0,660.0,1224.2139,0.0
1490.0,660.0,1241.8116,0.0
1500.0,660.0,1259.7745,0.0
1510.0,660.0,1278.1019,0.0
1520.0,660.0,1296.7944,0.0
1530.0,660.0,1315.8528,0.0
1540.0,660.0,1335.2767,0.0
1550.0,660.0,1355.066,0.0
1560.0,660.0,1375.2217,0.0
1570.0,660.0,1395.7439,0.0
1580.0,660.0,1416.6321,0.0
1590.0,660.0,1437.8872,0.0
1600.0,660.0,1459.5093,0.0
1610.0,660.0,1481.4983,0.0
1620.0,660.0,1503.8542,0.0
1630.0,660.0,1526.5779,0.0
1640.0,660.0,1549.6688,0.0
1650.0,660.0,1573.1272,0.0
1660.0,660.0,1596.9539,0.0
1670.0,660.0,1621.1489,0.0
1680.0,660.0,1645.7128,0.0
1690.0,660.0,1670.6458,0.0
1700.0,660.0,1695.9478,0.0
1710.0,660.0,1721.6182,0.0
1720.0,660.0,1747.6583,0.0
1730.0,660.0,1774.0671,0.0
1740.0,660.0,1800.8453,0.0
1750.0,660.0,1827.9944,0.0
1760.0,660.0,1855.512,0.0
1770.0,660.0,1883.4011,0.0
1780.0,660.0,1911.6597,0.0
1790.0,660.0,1940.2896,0.0
1800.0,660.0,1969.2903,0.0
-200.0,670.0,39270.906,1.0
-190.0,670.0,39270.906,1.0
-180.0,670.0,39270.906,1.0
-170.0,670.0,39270.906,1.0
-160.0,670.0,39270.906,1.0
-150.0,670.0,39270.906,1.0
-140.0,670.0,39270.906,1.0
-130.0,670.0,39270.906,1.0
-120.0,670.0,39270.906,1.0
-110.0,670.0,39270.906,1.0
-100.0,670.0,39270.906,1.0
-90.0,670.0,39270.906,1.0
-80.0,670.0,39270.906,1.0
-70.0,670.0,39270.906,1.0
-60.0,670.0,39270.906,1.0
-50.0,670.0,39270.906,1.0
-40.0,670.0,2659.7139,0.0
-30.0,670.0,2624.475,0.0
-20.0,670.0,2589.5747,0.0
-10.0,670.0,2555.0122,0.0
0.0,670.0,2520.7896,0.0
10.0,670.0,2486.9043,0.0
20.0,670.0,2453.358,0.0
30.0,670.0,2420.1494,0.0
40.0,670.0,2387.2808,0.0
50.0,670.0,2354.7483,0.0
60.0,670.0,2322.5547,0.0
70.0,670.0,2290.7,0.0
80.0,670.0,2259.1846,0.0
90.0,670.0,2228.0068,0.0
100.0,670.0,2197.167,0.0
110.0,670.0,2166.666,0.0
120.0,670.0,2136.5034,0.0
130.0,670.0,2106.6792,0.0
140.0,670.0,2077.1934,0.0
150.0,670.0,2048.046,0.0
160.0,670.0,2019.2378,0.0
170.0,670.0,1990.7675,0.0
180.0,670.0,1962.6361,0.0
190.0,670.0,1934.8427,0.0
200.0,670.0,1907.3889,0.0
210.0,670.0,1880.273,0.0
220.0,670.0,1853.4958,0.0
230.0,670.0,1827.0579,0.0
240.0,670.0,1800.959,0.0
250.0,670.0,1775.1982,0.0
260.0,670.0,1749.7773,0.0
270.0,670.0,1724.6948,0.0
280.0,670.0,1699.9521,0.0
290.0,670.0,1675.5477,0.0
300.0,670.0,1651.4828,0.0
310.0,670.0,1627.7577,0.0
320.0,670.0,1604.3712,0.0
330.0,670.0,1581.3242,0.0
340.0,670.0,1558.617,0.0
350.0,670.0,1536.249,0.0
360.0,670.0,1514.2211,0.0
370.0,670.0,1492.5327,0.0
380.0,670.0,1471.1843,0.0
390.0,670.0,1450.1763,0.0
400.0,670.0,1429.5077,0.0
410.0,670.0,1409.1794,0.0
420.0,670.0,1389.1919,0.0
430.0,670.0,1369.5443,0.0
440.0,670.0,1350.2375,0.0
450.0,670.0,1331.2709,0.0
460.0,670.0,1312.6451,0.0
470.0,670.0,1294.3599,0.0
480.0,670.0,1276.4159,0.0
490.0,670.0,1258.8121,0.0
500.0,670.0,1241.5508,0.0
510.0,670.0,1224.6296,0.0
520.0,670.0,1208.0503,0.0
530.0,670.0,1191.8116,0.0
540.0,670.0,1175.9155,0.0
550.0,670.0,1160.3606,0.0
560.0,670.0,1145.148,0.0
570.0,670.0,1130.2776,0.0
580.0,670.0,1115.7494,0.0
590.0,670.0,1101.5631,0.0
600.0,670.0,1087.719,0.0
610.0,670.0,1074.2173,0.0
620.0,670.0,1061.0586,0.0
630.0,670.0,1048.2432,0.0
640.0,670.0,1035.7705,0.0
650.0,670.0,1023.6411,0.0
660.0,670.0,1011.85535,0.0
670.0,670.0,1000.4124,0.0
680.0,670.0,989.31305,0.0
690.0,670.0,978.5575,0.0
700.0,670.0,968.146,0.0
710.0,670.0,958.07825,0.0
720.0,670.0,948.3551,0.0
730.0,670.0,938.976,0.0
740.0,670.0,929.9418,0.0
750.0,670.0,921.2521,0.0
760.0,670.0,912.90735,0.0
770.0,670.0,904.90735,0.0
780.0,670.0,897.2527,0.0
790.0,670.0,889.9436,0.0
800.0,670.0,882.98,0.0
810.0,670.0,876.3621,0.0
820.0,670.0,870.0902,0.0
830.0,670.0,864.1642,0.0
840.0,670.0,858.58405,0.0
850.0,670.0,853.3505,0.0
860.0,670.0,848.4643,0.0
870.0,670.0,843.9241,0.0
880.0,670.0,839.73145,0.0
890.0,670.0,835.88544,0.0
900.0,670.0,832.3872,0.0
910.0,670.0,829.23596,0.0
920.0,670.0,826.4326,0.0
930.0,670.0,823.9773,0.0
940.0,670.0,821.8701,0.0
950.0,670.0,820.1111,0.0
960.0,670.0,818.69995,0.0
970.0,670.0,817.6384,0.0
980.0,670.0,816.9253,0.0
990.0,670.0,816.56067,0.0
1000.0,670.0,816.5464,0.0
1010.0,670.0,816.88086,0.0
1020.0,670.0,817.5652,0.0
1030.0,670.0,818.599,0.0
1040.0,670.0,819.9829,0.0
1050.0,670.0,821.71704,0.0
1060.0,670.0,823.80164,0.0
1070.0,670.0,826.2368,0.0
1080.0,670.0,829.0229,0.0
1090.0,670.0,832.1595,0.0
1100.0,670.0,835.6479,0.0
1110.0,670.0,839.48755,0.0
1120.0,670.0,843.67834,0.0
1130.0,670.0,848.2211,0.0
1140.0,670.0,853.1162,0.0
1150.0,670.0,858.3636,0.0
1160.0,670.0,863.96265,0.0
1170.0,670.0,869.91473,0.0
1180.0,670.0,876.21985,0.0
1190.0,670.0,882.87805,0.0
1200.0,670.0,889.88934,0.0
1210.0,670.0,897.254,0.0
1220.0,670.0,904.9724,0.0
1230.0,670.0,913.04407,0.0
1240.0,670.0,921.4703,0.0
1250.0,670.0,930.2508,0.0
1260.0,670.0,939.3856,0.0
1270.0,670.0,948.8752,0.0
1280.0,670.0,958.7195,0.0
1290.0,670.0,968.91907,0.0
1300.0,670.0,979.473,0.0
1310.0,670.0,990.3818,0.0
1320.0,670.0,1001.64636,0.0
1330.0,670.0,1013.2664,0.0
1340.0,670.0,1025.2434,0.0
1350.0,670.0,1037.5776,0.0
1360.0,670.0,1050.2688,0.0
1370.0,670.0,1063.3165,0.0
1380.0,670.0,1076.721,0.0
1390.0,670.0,1090.4822,0.0
1400.0,670.0,1104.6008,0.0
1410.0,670.0,1119.0774,0.0
1420.0,670.0,1133.9117,0.0
1430.0,670.0,1149.1038,0.0
1440.0,670.0,1164.6543,0.0
1450.0,670.0,1180.5632,0.0
1460.0,670.0,1196.8309,0.0
1470.0,670.0,1213.457,0.0
1480.0,670.0,1230.4421,0.0
1490.0,670.0,1247.7861,0.0
1500.0,670.0,1265.4902,0.0
1510.0,670.0,1283.5537,0.0
1520.0,670.0,1301.9768,0.0
1530.0,670.0,1320.7604,0.0
1540.0,670.0,1339.9039,0.0
1550.0,670.0,1359.4077,0.0
1560.0,670.0,1379.272,0.0
1570.0,670.0,1399.4978,0.0
1580.0,670.0,1420.0837,0.0
1590.0,670.0,1441.031,0.0
1600.0,670.0,1462.3406,0.0
1610.0,670.0,1484.0107,0.0
1620.0,670.0,1506.0432,0.0
1630.0,670.0,1528.4374,0.0
1640.0,670.0,1551.1934,0.0
1650.0,670.0,1574.312,0.0
1660.0,670.0,1597.7932,0.0
1670.0,670.0,1621.6371,0.0
1680.0,670.0,1645.8438,0.0
1690.0,670.0,1670.4138,0.0
1700.0,670.0,1695.3477,0.0
1710.0,670.0,1720.6453,0.0
1720.0,670.0,1746.3066,0.0
1730.0,670.0,1772.332,0.0
1740.0,670.0,1798.7207,0.0
1750.0,670.0,1825.474,0.0
1760.0,670.0,1852.5912,0.0
1770.0,670.0,1880.0736,0.0
1780.0,670.0,1907.9204,0.0
1790.0,670.0,1936.1328,0.0
1800.0,670.0,1964.71,0.0
-200.0,680.0,39270.906,1.0
-190.0,680.0,39270.906,1.0
-180.0,680.0,39270.906,1.0
-170.0,680.0,39270.906,1.0
-160.0,680.0,39270.906,1.0
-150.0,680.0,39270.906,1.0
-140.0,680.0,39270.906,1.0
-130.0,680.0,39270.906,1.0
-120.0,680.0,39270.906,1.0
-110.0,680.0,39270.906,1.0
-100.0,680.0,39270.906,1.0
-90.0,680.0,39270.906,1.0
-80.0,680.0,39270.906,1.0
-70.0,680.0,39270.906,1.0
-60.0,680.0,39270.906,1.0
-50.0,680.0,39270.906,1.0
-40.0,680.0,39270.906,1.0
-30.0,680.0,2611.253,0.0
-20.0,680.0,2576.84,0.0
-10.0,680.0,2542.7607,0.0
0.0,680.0,2509.0151,0.0
10.0,680.0,2475.6035,0.0
20.0,680.0,2442.5254,0.0
30.0,680.0,2409.7808,0.0
40.0,680.0,2377.3706,0.0
50.0,680.0,2345.2925,0.0
60.0,680.0,2313.5488,0.0
70.0,680.0,2282.1396,0.0
80.0,680.0,2251.0635,0.0
90.0,680.0,2220.3213,0.0
100.0,680.0,2189.9126,0.0
110.0,680.0,2159.8374,0.0
120.0,680.0,2130.096,0.0
130.0,680.0,2100.6885,0.0
140.0,680.0,2071.6143,0.0
150.0,680.0,2042.8745,0.0
160.0,680.0,2014.4685,0.0
170.0,680.0,1986.3965,0.0
180.0,680.0,1958.658,0.0
190.0,680.0,1931.253,0.0
200.0,680.0,1904.1832,0.0
210.0,680.0,1877.4465,0.0
220.0,680.0,1851.0443,0.0
230.0,680.0,1824.9761,0.0
240.0,680.0,1799.2415,0.0
250.0,680.0,1773.8416,0.0
260.0,680.0,1748.7759,0.0
270.0,680.0,1724.0447,0.0
280.0,680.0,1699.6477,0.0
290.0,680.0,1675.5859,0.0
300.0,680.0,1651.8577,0.0
310.0,680.0,1628.4646,0.0
320.0,680.0,1605.4054,0.0
330.0,680.0,1582.6819,0.0
340.0,680.0,1560.2917,0.0
350.0,680.0,1538.2375,0.0
360.0,680.0,1516.5184,0.0
370.0,680.0,1495.1343,0.0
380.0,680.0,1474.0856,0.0
390.0,680.0,1453.372,0.0
400.0,680.0,1432.9934,0.0
410.0,680.0,1412.9509,0.0
420.0,680.0,1393.2434,0.0
430.0,680.0,1373.8721,0.0
440.0,680.0,1354.8362,0.0
450.0,680.0,1336.1359,0.0
460.0,680.0,1317.772,0.0
470.0,680.0,1299.7439,0.0
480.0,680.0,1282.0522,0.0
490.0,680.0,1264.6963,0.0
500.0,680.0,1247.6775,0.0
510.0,680.0,1230.9948,0.0
520.0,680.0,1214.6489,0.0
530.0,680.0,1198.6398,0.0
540.0,680.0,1182.967,0.0
550.0,680.0,1167.6316,0.0
560.0,680.0,1152.6335,0.0
570.0,680.0,1137.9735,0.0
580.0,680.0,1123.6499,0.0
590.0,680.0,1109.6641,0.0
600.0,680.0,1096.0156,0.0
610.0,680.0,1082.705,0.0
620.0,680.0,1069.7327,0.0
630.0,680.0,1057.0984,0.0
640.0,680.0,1044.8026,0.0
650.0,680.0,1032.845,0.0
660.0,680.0,1021.2261,0.0
670.0,680.0,1009.94543,0.0
680.0,680.0,999.0039,0.0
690.0,680.0,988.4009,0.0
700.0,680.0,978.1376,0.0
710.0,680.0,968.213,0.0
720.0,680.0,958.6281,0.0
730.0,680.0,949.3832,0.0
740.0,680.0,940.4774,0.0
750.0,680.0,931.9118,0.0
760.0,680.0,923.68616,0.0
770.0,680.0,915.80096,0.0
780.0,680.0,908.25616,0.0
790.0,680.0,901.0517,0.0
800.0,680.0,894.18774,0.0
810.0,680.0,887.6652,0.0
820.0,680.0,881.48364,0.0
830.0,680.0,875.6434,0.0
840.0,680.0,870.1439,0.0
850.0,680.0,864.9861,0.0
860.0,680.0,860.17065,0.0
870.0,680.0,855.697,0.0
880.0,680.0,851.565,0.0
890.0,680.0,847.77563,0.0
900.0,680.0,844.3285,0.0
910.0,680.0,841.22424,0.0
920.0,680.0,838.46265,0.0
930.0,680.0,836.0443,0.0
940.0,680.0,833.9686,0.0
950.0,680.0,832.2367,0.0
960.0,680.0,830.84845,0.0
970.0,680.0,829.80365,0.0
980.0,680.0,829.10254,0.0
990.0,680.0,828.7459,0.0
1000.0,680.0,828.7334,0.0
1010.0,680.0,829.0658,0.0
1020.0,680.0,829.74243,0.0
1030.0,680.0,830.7641,0.0
1040.0,680.0,832.1308,0.0
1050.0,680.0,833.84283,0.0
1060.0,680.0,835.9001,0.0
1070.0,680.0,838.30273,0.0
1080.0,680.0,841.05194,0.0
1090.0,680.0,844.14667,0.0
1100.0,680.0,847.58765,0.0
1110.0,680.0,851.3749,0.0
1120.0,680.0,855.50903,0.0
1130.0,680.0,859.9901,0.0
1140.0,680.0,864.81775,0.0
1150.0,680.0,869.9928,0.0
1160.0,680.0,875.515,0.0
1170.0,680.0,881.3848,0.0
1180.0,680.0,887.60236,0.0
1190.0,680.0,894.1686,0.0
1200.0,680.0,901.0827,0.0
1210.0,680.0,908.34515,0.0
1220.0,680.0,915.95605,0.0
1230.0,680.0,923.9156,0.0
1240.0,680.0,932.22437,0.0
1250.0,680.0,940.8821,0.0
1260.0,680.0,949.88934,0.0
1270.0,680.0,959.2461,0.0
1280.0,680.0,968.953,0.0
1290.0,680.0,979.0095,0.0
1300.0,680.0,989.4153,0.0
1310.0,680.0,1000.17145,0.0
1320.0,680.0,1011.27795,0.0
1330.0,680.0,1022.73456,0.0
1340.0,680.0,1034.5426,0.0
1350.0,680.0,1046.7024,0.0
1360.0,680.0,1059.2151,0.0
1370.0,680.0,1072.0791,0.0
1380.0,680.0,1085.2946,0.0
1390.0,680.0,1098.8619,0.0
1400.0,680.0,1112.7809,0.0
1410.0,680.0,1127.0526,0.0
1420.0,680.0,1141.6769,0.0
1430.0,680.0,1156.6545,0.0
1440.0,680.0,1171.9849,0.0
1450.0,680.0,1187.6686,0.0
1460.0,680.0,1203.7056,0.0
1470.0,680.0,1220.0957,0.0
1480.0,680.0,1236.8403,0.0
1490.0,680.0,1253.938,0.0
1500.0,680.0,1271.3911,0.0
1510.0,680.0,1289.1978,0.0
1520.0,680.0,1307.3589,0.0
1530.0,680.0,1325.8757,0.0
1540.0,680.0,1344.7465,0.0
1550.0,680.0,1363.9725,0.0
1560.0,680.0,1383.5544,0.0
1570.0,680.0,1403.4912,0.0
1580.0,680.0,1423.7842,0.0
1590.0,680.0,1444.433,0.0
1600.0,680.0,1465.4387,0.0
1610.0,680.0,1486.7993,0.0
1620.0,680.0,1508.5172,0.0
1630.0,680.0,1530.592,0.0
1640.0,680.0,1553.0233,0.0
1650.0,680.0,1575.8115,0.0
1660.0,680.0,1598.9565,0.0
1670.0,680.0,1622.4592,0.0
1680.0,680.0,1646.3197,0.0
1690.0,680.0,1670.5371,0.0
1700.0,680.0,1695.1145,0.0
1710.0,680.0,1720.0493,0.0
1720.0,680.0,1745.3428,0.0
1730.0,680.0,1770.9948,0.0
1740.0,680.0,1797.0052,0.0
1750.0,680.0,1823.3751,0.0
1760.0,680.0,1850.1031,0.0
1770.0,680.0,1877.1907,0.0
1780.0,680.0,1904.638,0.0
1790.0,680.0,1932.4446,0.0
1800.0,680.0,1960.6111,0.0
-200.0,690.0,39270.906,1.0
-190.0,690.0,39270.906,1.0
-180.0,690.0,39270.906,1.0
-170.0,690.0,39270.906,1.0
-160.0,690.0,39270.906,1.0
-150.0,690.0,39270.906,1.0
-140.0,690.0,39270.906,1.0
-130.0,690.0,39270.906,1.0
-120.0,690.0,39270.906,1.0
-110.0,690.0,39270.906,1.0
-100.0,690.0,39270.906,1.0
-90.0,690.0,39270.906,1.0
-80.0,690.0,39270.906,1.0
-70.0,690.0,39270.906,1.0
-60.0,690.0,39270.906,1.0
-50.0,690.0,39270.906,1.0
-40.0,690.0,39270.906,1.0
-30.0,690.0,2598.732,0.0
-20.0,690.0,2564.7925,0.0
-10.0,690.0,2531.1829,0.0
0.0,690.0,2497.9014,0.0
10.0,690.0,2464.9502,0.0
20.0,690.0,2432.328,0.0
30.0,690.0,2400.0342,0.0
40.0,690.0,2368.0698,0.0
50.0,690.0,2336.434,0.0
60.0,690.0,2305.1282,0.0
70.0,690.0,2274.1506,0.0
80.0,690.0,2243.5022,0.0
90.0,690.0,2213.1836,0.0
100.0,690.0,2183.1938,0.0
110.0,690.0,2153.5332,0.0
120.0,690.0,2124.2021,0.0
130.0,690.0,2095.1992,0.0
140.0,690.0,2066.5256,0.0
150.0,690.0,2038.182,0.0
160.0,690.0,2010.167,0.0
170.0,690.0,1982.4817,0.0
180.0,690.0,1955.1252,0.0
190.0,690.0,1928.099,0.0
200.0,690.0,1901.4016,0.0
210.0,690.0,1875.0344,0.0
220.0,690.0,1848.9957,0.0
230.0,690.0,1823.2869,0.0
240.0,690.0,1797.9078,0.0
250.0,690.0,1772.8582,0.0
260.0,690.0,1748.1384,0.0
270.0,690.0,1723.7484,0.0
280.0,690.0,1699.6884,0.0
290.0,690.0,1675.9587,0.0
300.0,690.0,1652.5576,0.0
310.0,690.0,1629.4875,0.0
320.0,690.0,1606.747,0.0
330.0,690.0,1584.3369,0.0
340.0,690.0,1562.2571,0.0
350.0,690.0,1540.5077,0.0
360.0,690.0,1519.0886,0.0
370.0,690.0,1498.0002,0.0
380.0,690.0,1477.2429,0.0
390.0,690.0,1456.8158,0.0
400.0,690.0,1436.7197,0.0
410.0,690.0,1416.9541,0.0
420.0,690.0,1397.5199,0.0
430.0,690.0,1378.4167,0.0
440.0,690.0,1359.6445,0.0
450.0,690.0,1341.2031,0.0
460.0,690.0,1323.0944,0.0
470.0,690.0,1305.3159,0.0
480.0,690.0,1287.8693,0.0
490.0,690.0,1270.7549,0.0
500.0,690.0,1253.9722,0.0
510.0,690.0,1237.5208,0.0
520.0,690.0,1221.4021,0.0
530.0,690.0,1205.6152,0.0
540.0,690.0,1190.1606,0.0
550.0,690.0,1175.0391,0.0
560.0,690.0,1160.2495,0.0
570.0,690.0,1145.7935,0.0
580.0,690.0,1131.669,0.0
590.0,690.0,1117.8782,0.0
600.0,690.0,1104.4202,0.0
610.0,690.0,1091.2952,0.0
620.0,690.0,1078.5037,0.0
630.0,690.0,1066.0459,0.0
640.0,690.0,1053.922,0.0
650.0,690.0,1042.1313,0.0
660.0,690.0,1030.6748,0.0
670.0,690.0,1019.55225,0.0
680.0,690.0,1008.7638,0.0
690.0,690.0,998.3096,0.0
700.0,690.0,988.1903,0.0
710.0,690.0,978.4049,0.0
720.0,690.0,968.9547,0.0
730.0,690.0,959.83936,0.0
740.0,690.0,951.0592,0.0
750.0,690.0,942.61383,0.0
760.0,690.0,934.50464,0.0
770.0,690.0,926.7304,0.0
780.0,690.0,919.2921,0.0
790.0,690.0,912.18945,0.0
800.0,690.0,905.42303,0.0
810.0,690.0,898.99304,0.0
820.0,690.0,892.8993,0.0
830.0,690.0,887.14185,0.0
840.0,690.0,881.72095,0.0
850.0,690.0,876.63696,0.0
860.0,690.0,871.89,0.0
870.0,690.0,867.4807,0.0
880.0,690.0,863.4085,0.0
890.0,690.0,859.67365,0.0
900.0,690.0,856.2771,0.0
910.0,690.0,853.2178,0.0
920.0,690.0,850.4969,0.0
930.0,690.0,848.11414,0.0
940.0,690.0,846.0699,0.0
950.0,690.0,844.3642,0.0
960.0,690.0,842.9973,0.0
970.0,690.0,841.96936,0.0
980.0,690.0,841.28033,0.0
990.0,690.0,840.93066,0.0
1000.0,690.0,840.9209,0.0
1010.0,690.0,841.2506,0.0
1020.0,690.0,841.9204,0.0
1030.0,690.0,842.9299,0.0
1040.0,690.0,844.2796,0.0
1050.0,690.0,845.9698,0.0
1060.0,690.0,848.0008,0.0
1070.0,690.0,850.3725,0.0
1080.0,690.0,853.0851,0.0
1090.0,690.0,856.1389,0.0
1100.0,690.0,859.5343,0.0
1110.0,690.0,863.2711,0.0
1120.0,690.0,867.3497,0.0
1130.0,690.0,871.77,0.0
1140.0,690.0,876.5326,0.0
1150.0,690.0,881.6373,0.0
1160.0,690.0,887.08496,0.0
1170.0,690.0,892.8747,0.0
1180.0,690.0,899.00775,0.0
1190.0,690.0,905.4839,0.0
1200.0,690.0,912.3036,0.0
1210.0,690.0,919.4665,0.0
1220.0,690.0,926.9731,0.0
1230.0,690.0,934.8235,0.0
1240.0,690.0,943.0183,0.0
1250.0,690.0,951.55664,0.0
1260.0,690.0,960.43994,0.0
1270.0,690.0,969.6677,0.0
1280.0,690.0,979.2406,0.0
1290.0,690.0,989.1579,0.0
1300.0,690.0,999.4206,0.0
1310.0,690.0,1010.0282,0.0
1320.0,690.0,1020.9807,0.0
1330.0,690.0,1032.279,0.0
1340.0,690.0,1043.9229,0.0
1350.0,690.0,1055.9133,0.0
1360.0,690.0,1068.252,0.0
1370.0,690.0,1080.9373,0.0
1380.0,690.0,1093.9694,0.0
1390.0,690.0,1107.3477,0.0
1400.0,690.0,1121.0734,0.0
1410.0,690.0,1135.1462,0.0
1420.0,690.0,1149.5668,0.0
1430.0,690.0,1164.335,0.0
1440.0,690.0,1179.4517,0.0
1450.0,690.0,1194.9161,0.0
1460.0,690.0,1210.7292,0.0
1470.0,690.0,1226.8906,0.0
1480.0,690.0,1243.4009,0.0
1490.0,690.0,1260.2595,0.0
1500.0,690.0,1277.468,0.0
1510.0,690.0,1295.0255,0.0
1520.0,690.0,1312.9324,0.0
1530.0,690.0,1331.1887,0.0
1540.0,690.0,1349.7947,0.0
1550.0,690.0,1368.7518,0.0
1560.0,690.0,1388.059,0.0
1570.0,690.0,1407.7158,0.0
1580.0,690.0,1427.7239,0.0
1590.0,690.0,1448.0822,0.0
1600.0,690.0,1468.7924,0.0
1610.0,690.0,1489.853,0.0
1620.0,690.0,1511.2651,0.0
1630.0,690.0,1533.0286,0.0
1640.0,690.0,1555.1443,0.0
1650.0,690.0,1577.6117,0.0
1660.0,690.0,1600.4303,0.0
1670.0,690.0,1623.602,0.0
1680.0,690.0,1647.1259,0.0
1690.0,690.0,1671.002,0.0
1700.0,690.0,1695.2307,0.0
1710.0,690.0,1719.8135,0.0
1720.0,690.0,1744.75,0.0
1730.0,690.0,1770.0396,0.0
1740.0,690.0,1795.6824,0.0
1750.0,690.0,1821.6791,0.0
1760.0,690.0,1848.029,0.0
1770.0,690.0,1874.7336,0.0
1780.0,690.0,1901.7915,0.0
1790.0,690.0,1929.2046,0.0
1800.0,690.0,1956.9718,0.0
-200.0,700.0,39270.906,1.0
-190.0,700.0,39270.906,1.0
-180.0,700.0,39270.906,1.0
-170.0,700.0,39270.906,1.0
-160.0,700.0,39270.906,1.0
-150.0,700.0,39270.906,1.0
-140.0,700.0,39270.906,1.0
-130.0,700.0,39270.906,1.0
-120.0,700.0,39270.906,1.0
-110.0,700.0,39270.906,1.0
-100.0,700.0,39270.906,1.0
-90.0,700.0,39270.906,1.0
-80.0,700.0,39270.906,1.0
-70.0,700.0,39270.906,1.0
-60.0,700.0,39270.906,1.0
-50.0,700.0,39270.906,1.0
-40.0,700.0,39270.906,1.0
-30.0,700.0,39270.906,1.0
-20.0,700.0,2553.4048,0.0
-10.0,700.0,2520.2507,0.0
0.0,700.0,2487.422,0.0
10.0,700.0,2454.9175,0.0
20.0,700.0,2422.7383,0.0
30.0,700.0,2390.8833,0.0
40.0,700.0,2359.3535,0.0
50.0,700.0,2328.1475,0.0
60.0,700.0,2297.2664,0.0
70.0,700.0,2266.71,0.0
80.0,700.0,2236.478,0.0
90.0,700.0,2206.5708,0.0
100.0,700.0,2176.9888,0.0
110.0,700.0,2147.7317,0.0
120.0,700.0,2118.7979,0.0
130.0,700.0,2090.1904,0.0
140.0,700.0,2061.9062,0.0
150.0,700.0,2033.9475,0.0
160.0,700.0,2006.3138,0.0
170.0,700.0,1979.0049,0.0
180.0,700.0,1952.0205,0.0
190.0,700.0,1925.3616,0.0
200.0,700.0,1899.0276,0.0
210.0,700.0,1873.0183,0.0
220.0,700.0,1847.3342,0.0
230.0,700.0,1821.9749,0.0
240.0,700.0,1796.9417,0.0
250.0,700.0,1772.2332,0.0
260.0,700.0,1747.8491,0.0
270.0,700.0,1723.7922,0.0
280.0,700.0,1700.0593,0.0
290.0,700.0,1676.6523,0.0
300.0,700.0,1653.5706,0.0
310.0,700.0,1630.8146,0.0
320.0,700.0,1608.3839,0.0
330.0,700.0,1586.2792,0.0
340.0,700.0,1564.5005,0.0
350.0,700.0,1543.0476,0.0
360.0,700.0,1521.9209,0.0
370.0,700.0,1501.1204,0.0
380.0,700.0,1480.6462,0.0
390.0,700.0,1460.4978,0.0
400.0,700.0,1440.6759,0.0
410.0,700.0,1421.1803,0.0
420.0,700.0,1402.0115,0.0
430.0,700.0,1383.1694,0.0
440.0,700.0,1364.6536,0.0
450.0,700.0,1346.4648,0.0
460.0,700.0,1328.603,0.0
470.0,700.0,1311.0681,0.0
480.0,700.0,1293.8608,0.0
490.0,700.0,1276.9801,0.0
500.0,700.0,1260.4276,0.0
510.0,700.0,1244.2017,0.0
520.0,700.0,1228.3036,0.0
530.0,700.0,1212.7328,0.0
540.0,700.0,1197.4905,0.0
550.0,700.0,1182.5769,0.0
560.0,700.0,1167.9902,0.0
570.0,700.0,1153.732,0.0
580.0,700.0,1139.802,0.0
590.0,700.0,1126.2004,0.0
600.0,700.0,1112.9277,0.0
610.0,700.0,1099.9827,0.0
620.0,700.0,1087.3679,0.0
630.0,700.0,1075.0818,0.0
640.0,700.0,1063.1251,0.0
650.0,700.0,1051.4971,0.0
660.0,700.0,1040.1984,0.0
670.0,700.0,1029.2294,0.0
680.0,700.0,1018.59,0.0
690.0,700.0,1008.2805,0.0
700.0,700.0,998.3009,0.0
710.0,700.0,988.65125,0.0
720.0,700.0,979.33167,0.0
730.0,700.0,970.343,0.0
740.0,700.0,961.6848,0.0
750.0,700.0,953.35693,0.0
760.0,700.0,945.36017,0.0
770.0,700.0,937.69434,0.0
780.0,700.0,930.3596,0.0
790.0,700.0,923.3562,0.0
800.0,700.0,916.68445,0.0
810.0,700.0,910.3442,0.0
820.0,700.0,904.3359,0.0
830.0,700.0,898.6593,0.0
840.0,700.0,893.3147,0.0
850.0,700.0,888.30237,0.0
860.0,700.0,883.62286,0.0
870.0,700.0,879.2758,0.0
880.0,700.0,875.2615,0.0
890.0,700.0,871.58014,0.0
900.0,700.0,868.23193,0.0
910.0,700.0,865.21686,0.0
920.0,700.0,862.53534,0.0
930.0,700.0,860.18726,0.0
940.0,700.0,858.173,0.0
950.0,700.0,856.49335,0.0
960.0,700.0,855.14716,0.0
970.0,700.0,854.13525,0.0
980.0,700.0,853.45807,0.0
990.0,700.0,853.1156,0.0
1000.0,700.0,853.10803,0.0
1010.0,700.0,853.4354,0.0
1020.0,700.0,854.0979,0.0
1030.0,700.0,855.0961,0.0
1040.0,700.0,856.4295,0.0
1050.0,700.0,858.09875,0.0
1060.0,700.0,860.1039,0.0
1070.0,700.0,862.44495,0.0
1080.0,700.0,865.1228,0.0
1090.0,700.0,868.13654,0.0
1100.0,700.0,871.4874,0.0
1110.0,700.0,875.1753,0.0
1120.0,700.0,879.19946,0.0
1130.0,700.0,883.56116,0.0
1140.0,700.0,888.2605,0.0
1150.0,700.0,893.2974,0.0
1160.0,700.0,898.6719,0.0
1170.0,700.0,904.38416,0.0
1180.0,700.0,910.4347,0.0
1190.0,700.0,916.82367,0.0
1200.0,700.0,923.5511,0.0
1210.0,700.0,930.6177,0.0
1220.0,700.0,938.02234,0.0
1230.0,700.0,945.7667,0.0
1240.0,700.0,953.8503,0.0
1250.0,700.0,962.273,0.0
1260.0,700.0,971.0353,0.0
1270.0,700.0,980.1378,0.0
1280.0,700.0,989.58057,0.0
1290.0,700.0,999.3632,0.0
1300.0,700.0,1009.4857,0.0
1310.0,700.0,1019.9489,0.0
1320.0,700.0,1030.752,0.0
1330.0,700.0,1041.8962,0.0
1340.0,700.0,1053.3809,0.0
1350.0,700.0,1065.207,0.0
1360.0,700.0,1077.3762,0.0
1370.0,700.0,1089.8877,0.0
1380.0,700.0,1102.741,0.0
1390.0,700.0,1115.936,0.0
1400.0,700.0,1129.4731,0.0
1410.0,700.0,1143.3525,0.0
1420.0,700.0,1157.5753,0.0
1430.0,700.0,1172.1401,0.0
1440.0,700.0,1187.0492,0.0
1450.0,700.0,1202.3008,0.0
1460.0,700.0,1217.896,0.0
1470.0,700.0,1233.8342,0.0
1480.0,700.0,1250.1172,0.0
1490.0,700.0,1266.7437,0.0
1500.0,700.0,1283.7137,0.0
1510.0,700.0,1301.0292,0.0
1520.0,700.0,1318.6887,0.0
1530.0,700.0,1336.6929,0.0
1540.0,700.0,1355.0424,0.0
1550.0,700.0,1373.7368,0.0
1560.0,700.0,1392.7764,0.0
1570.0,700.0,1412.1614,0.0
1580.0,700.0,1431.8921,0.0
1590.0,700.0,1451.9685,0.0
1600.0,700.0,1472.3915,0.0
1610.0,700.0,1493.1599,0.0
1620.0,700.0,1514.2749,0.0
1630.0,700.0,1535.7363,0.0
1640.0,700.0,1557.5452,0.0
1650.0,700.0,1579.7007,0.0
1660.0,700.0,1602.2024,0.0
1670.0,700.0,1625.0518,0.0
1680.0,700.0,1648.2483,0.0
1690.0,700.0,1671.7927,0.0
1700.0,700.0,1695.6843,0.0
1710.0,700.0,1719.9241,0.0
1720.0,700.0,1744.5125,0.0
1730.0,700.0,1769.45,0.0
1740.0,700.0,1794.7351,0.0
1750.0,700.0,1820.3694,0.0
1760.0,700.0,1846.3523,0.0
1770.0,700.0,1872.6838,0.0
1780.0,700.0,1899.3645,0.0
1790.0,700.0,1926.395,0.0
1800.0,700.0,1953.7747,0.0
-200.0,710.0,39270.906,1.0
-190.0,710.0,39270.906,1.0
-180.0,710.0,39270.906,1.0
-170.0,710.0,39270.906,1.0
-160.0,710.0,39270.906,1.0
-150.0,710.0,39270.906,1.0
-140.0,710.0,39270.906,1.0
-130.0,710.0,39270.906,1.0
-120.0,710.0,39270.906,1.0
-110.0,710.0,39270.906,1.0
-100.0,710.0,39270.906,1.0
-90.0,710.0,39270.906,1.0
-80.0,710.0,39270.906,1.0
-70.0,710.0,39270.906,1.0
-60.0,710.0,39270.906,1.0
-50.0,710.0,39270.906,1.0
-40.0,710.0,39270.906,1.0
-30.0,710.0,39270.906,1.0
-20.0,710.0,39270.906,1.0
-10.0,710.0,2509.9382,0.0
0.0,710.0,2477.5498,0.0
10.0,710.0,2445.4814,0.0
20.0,710.0,2413.7336,0.0
30.0,710.0,2382.3054,0.0
40.0,710.0,2351.1973,0.0
50.0,710.0,2320.4097,0.0
60.0,710.0,2289.9424,0.0
70.0,710.0,2259.796,0.0
80.0,710.0,2229.969,0.0
90.0,710.0,2200.463,0.0
100.0,710.0,2171.2773,0.0
110.0,710.0,2142.4119,0.0
120.0,710.0,2113.867,0.0
130.0,710.0,2085.6426,0.0
140.0,710.0,2057.7378,0.0
150.0,710.0,2030.1543,0.0
160.0,710.0,2002.8905,0.0
170.0,710.0,1975.9484,0.0
180.0,710.0,1949.3262,0.0
190.0,710.0,1923.0244,0.0
200.0,710.0,1897.0438,0.0
210.0,710.0,1871.3834,0.0
220.0,710.0,1846.0441,0.0
230.0,710.0,1821.0256,0.0
240.0,710.0,1796.3281,0.0
250.0,710.0,1771.9517,0.0
260.0,710.0,1747.8955,0.0
270.0,710.0,1724.1606,0.0
280.0,710.0,1700.7473,0.0
290.0,710.0,1677.6543,0.0
300.0,710.0,1654.8828,0.0
310.0,710.0,1632.4329,0.0
320.0,710.0,1610.3037,0.0
330.0,710.0,1588.4967,0.0
340.0,710.0,1567.0103,0.0
350.0,710.0,1545.8469,0.0
360.0,710.0,1525.0045,0.0
370.0,710.0,1504.4839,0.0
380.0,710.0,1484.2848,0.0
390.0,710.0,1464.408,0.0
400.0,710.0,1444.8534,0.0
410.0,710.0,1425.6206,0.0
420.0,710.0,1406.7098,0.0
430.0,710.0,1388.1218,0.0
440.0,710.0,1369.8555,0.0
450.0,710.0,1351.9125,0.0
460.0,710.0,1334.2917,0.0
470.0,710.0,1316.9939,0.0
480.0,710.0,1300.0183,0.0
490.0,710.0,1283.366,0.0
500.0,710.0,1267.0366,0.0
510.0,710.0,1251.03,0.0
520.0,710.0,1235.3473,0.0
530.0,710.0,1219.9875,0.0
540.0,710.0,1204.9518,0.0
550.0,710.0,1190.2397,0.0
560.0,710.0,1175.8503,0.0
570.0,710.0,1161.7854,0.0
580.0,710.0,1148.0443,0.0
590.0,710.0,1134.627,0.0
600.0,710.0,1121.5339,0.0
610.0,710.0,1108.7656,0.0
620.0,710.0,1096.322,0.0
630.0,710.0,1084.2029,0.0
640.0,710.0,1072.4087,0.0
650.0,710.0,1060.9388,0.0
660.0,710.0,1049.7937,0.0
670.0,710.0,1038.9739,0.0
680.0,710.0,1028.48,0.0
690.0,710.0,1018.311,0.0
700.0,710.0,1008.46765,0.0
710.0,710.0,998.94995,0.0
720.0,710.0,989.758,0.0
730.0,710.0,980.8918,0.0
740.0,710.0,972.35254,0.0
750.0,710.0,964.1388,0.0
760.0,710.0,956.25195,0.0
770.0,710.0,948.6916,0.0
780.0,710.0,941.4575,0.0
790.0,710.0,934.55054,0.0
800.0,710.0,927.9709,0.0
810.0,710.0,921.71826,0.0
820.0,710.0,915.7927,0.0
830.0,710.0,910.1948,0.0
840.0,710.0,904.9245,0.0
850.0,710.0,899.98206,0.0
860.0,710.0,895.36755,0.0
870.0,710.0,891.08136,0.0
880.0,710.0,887.12305,0.0
890.0,710.0,883.49414,0.0
900.0,710.0,880.1931,0.0
910.0,710.0,877.22095,0.0
920.0,710.0,874.57776,0.0
930.0,710.0,872.264,0.0
940.0,710.0,870.27905,0.0
950.0,710.0,868.6239,0.0
960.0,710.0,867.29834,0.0
970.0,710.0,866.3021,0.0
980.0,710.0,865.636,0.0
990.0,710.0,865.30066,0.0
1000.0,710.0,865.2951,0.0
1010.0,710.0,865.6205,0.0
1020.0,710.0,866.27637,0.0
1030.0,710.0,867.2626,0.0
1040.0,710.0,868.5802,0.0
1050.0,710.0,870.2294,0.0
1060.0,710.0,872.2091,0.0
1070.0,710.0,874.5208,0.0
1080.0,710.0,877.16437,0.0
1090.0,710.0,880.1398,0.0
1100.0,710.0,883.44696,0.0
1110.0,710.0,887.0868,0.0
1120.0,710.0,891.0587,0.0
1130.0,710.0,895.3634,0.0
1140.0,710.0,900.0011,0.0
1150.0,710.0,904.97144,0.0
1160.0,710.0,910.2752,0.0
1170.0,710.0,915.91187,0.0
1180.0,710.0,921.882,0.0
1190.0,710.0,928.18604,0.0
1200.0,710.0,934.8242,0.0
1210.0,710.0,941.7965,0.0
1220.0,710.0,949.10315,0.0
1230.0,710.0,956.7439,0.0
1240.0,710.0,964.7194,0.0
1250.0,710.0,973.0294,0.0
1260.0,710.0,981.67474,0.0
1270.0,710.0,990.6551,0.0
1280.0,710.0,999.9707,0.0
1290.0,710.0,1009.62177,0.0
1300.0,710.0,1019.60895,0.0
1310.0,710.0,1029.9313,0.0
1320.0,710.0,1040.5891,0.0
1330.0,710.0,1051.583,0.0
1340.0,710.0,1062.9132,0.0
1350.0,710.0,1074.5798,0.0
1360.0,710.0,1086.5837,0.0
1370.0,710.0,1098.926,0.0
1380.0,710.0,1111.6052,0.0
1390.0,710.0,1124.622,0.0
1400.0,710.0,1137.9764,0.0
1410.0,710.0,1151.6676,0.0
1420.0,710.0,1165.6975,0.0
1430.0,710.0,1180.065,0.0
1440.0,710.0,1194.7714,0.0
1450.0,710.0,1209.8159,0.0
1460.0,710.0,1225.1995,0.0
1470.0,710.0,1240.9219,0.0
1480.0,710.0,1256.9829,0.0
1490.0,710.0,1273.3832,0.0
1500.0,710.0,1290.123,0.0
1510.0,710.0,1307.2019,0.0
1520.0,710.0,1324.6211,0.0
1530.0,710.0,1342.3801,0.0
1540.0,710.0,1360.479,0.0
1550.0,710.0,1378.9185,0.0
1560.0,710.0,1397.698,0.0
1570.0,710.0,1416.8185,0.0
1580.0,710.0,1436.2795,0.0
1590.0,710.0,1456.0818,0.0
1600.0,710.0,1476.2256,0.0
1610.0,710.0,1496.7102,0.0
1620.0,710.0,1517.5364,0.0
1630.0,710.0,1538.7041,0.0
1640.0,710.0,1560.2139,0.0
1650.0,710.0,1582.0656,0.0
1660.0,710.0,1604.2595,0.0
1670.0,710.0,1626.7954,0.0
1680.0,710.0,1649.6743,0.0
1690.0,710.0,1672.8955,0.0
1700.0,710.0,1696.4596,0.0
1710.0,710.0,1720.3662,0.0
1720.0,710.0,1744.6167,0.0
1730.0,710.0,1769.2109,0.0
1740.0,710.0,1794.1489,0.0
1750.0,710.0,1819.4305,0.0
1760.0,710.0,1845.0559,0.0
1770.0,710.0,1871.026,0.0
1780.0,710.0,1897.3394,0.0
1790.0,710.0,1923.9978,0.0
1800.0,710.0,1951.0,0.0
-200.0,720.0,39270.906,1.0
-190.0,720.0,39270.906,1.0
-180.0,720.0,39270.906,1.0
-170.0,720.0,39270.906,1.0
-160.0,720.0,39270.906,1.0
-150.0,720.0,39270.906,1.0
-140.0,720.0,39270.906,1.0
-130.0,720.0,39270.906,1.0
-120.0,720.0,39270.906,1.0
-110.0,720.0,39270.906,1.0
-100.0,720.0,39270.906,1.0
-90.0,720.0,39270.906,1.0
-80.0,720.0,39270.906,1.0
-70.0,720.0,39270.906,1.0
-60.0,720.0,39270.906,1.0
-50.0,720.0,39270.906,1.0
-40.0,720.0,39270.906,1.0
-30.0,720.0,39270.906,1.0
-20.0,720.0,39270.906,1.0
-10.0,720.0,2500.2222,0.0
0.0,720.0,2468.262,0.0
10.0,720.0,2436.6177,0.0
20.0,720.0,2405.289,0.0
30.0,720.0,2374.2764,0.0
40.0,720.0,2343.5798,0.0
50.0,720.0,2313.1995,0.0
60.0,720.0,2283.1348,0.0
70.0,720.0,2253.3872,0.0
80.0,720.0,2223.9548,0.0
90.0,720.0,2194.8386,0.0
100.0,720.0,2166.0393,0.0
110.0,720.0,2137.5557,0.0
120.0,720.0,2109.3887,0.0
130.0,720.0,2081.5376,0.0
140.0,720.0,2054.0022,0.0
150.0,720.0,2026.7831,0.0
160.0,720.0,1999.8804,0.0
170.0,720.0,1973.2948,0.0
180.0,720.0,1947.0249,0.0
190.0,720.0,1921.0718,0.0
200.0,720.0,1895.4349,0.0
210.0,720.0,1870.1147,0.0
220.0,720.0,1845.1112,0.0
230.0,720.0,1820.4241,0.0
240.0,720.0,1796.0535,0.0
250.0,720.0,1771.9999,0.0
260.0,720.0,1748.2632,0.0
270.0,720.0,1724.8425,0.0
280.0,720.0,1701.7393,0.0
290.0,720.0,1678.9529,0.0
300.0,720.0,1656.4835,0.0
310.0,720.0,1634.3308,0.0
320.0,720.0,1612.4958,0.0
330.0,720.0,1590.978,0.0
340.0,720.0,1569.7773,0.0
350.0,720.0,1548.8948,0.0
360.0,720.0,1528.3289,0.0
370.0,720.0,1508.0808,0.0
380.0,720.0,1488.1503,0.0
390.0,720.0,1468.5378,0.0
400.0,720.0,1449.2429,0.0
410.0,720.0,1430.2656,0.0
420.0,720.0,1411.6069,0.0
430.0,720.0,1393.2659,0.0
440.0,720.0,1375.2432,0.0
450.0,720.0,1357.5388,0.0
460.0,720.0,1340.1527,0.0
470.0,720.0,1323.085,0.0
480.0,720.0,1306.3358,0.0
490.0,720.0,1289.9053,0.0
500.0,720.0,1273.7936,0.0
510.0,720.0,1258.0007,0.0
520.0,720.0,1242.5275,0.0
530.0,720.0,1227.3726,0.0
540.0,720.0,1212.5374,0.0
550.0,720.0,1198.0219,0.0
560.0,720.0,1183.8254,0.0
570.0,720.0,1169.9485,0.0
580.0,720.0,1156.3906,0.0
590.0,720.0,1143.1534,0.0
600.0,720.0,1130.2358,0.0
610.0,720.0,1117.6389,0.0
620.0,720.0,1105.3618,0.0
630.0,720.0,1093.4054,0.0
640.0,720.0,1081.7689,0.0
650.0,720.0,1070.4531,0.0
660.0,720.0,1059.4581,0.0
670.0,720.0,1048.7842,0.0
680.0,720.0,1038.431,0.0
690.0,720.0,1028.3989,0.0
700.0,720.0,1018.68835,0.0
710.0,720.0,1009.2991,0.0
720.0,720.0,1000.23096,0.0
730.0,720.0,991.48486,0.0
740.0,720.0,983.06055,0.0
750.0,720.0,974.958,0.0
760.0,720.0,967.17786,0.0
770.0,720.0,959.7197,0.0
780.0,720.0,952.584,0.0
790.0,720.0,945.77124,0.0
800.0,720.0,939.28107,0.0
810.0,720.0,933.1138,0.0
820.0,720.0,927.2693,0.0
830.0,720.0,921.74756,0.0
840.0,720.0,916.5497,0.0
850.0,720.0,911.6752,0.0
860.0,720.0,907.12427,0.0
870.0,720.0,902.89716,0.0
880.0,720.0,898.994,0.0
890.0,720.0,895.41504,0.0
900.0,720.0,892.1604,0.0
910.0,720.0,889.2302,0.0
920.0,720.0,886.624,0.0
930.0,720.0,884.34314,0.0
940.0,720.0,882.387,0.0
950.0,720.0,880.756,0.0
960.0,720.0,879.4503,0.0
970.0,720.0,878.4698,0.0
980.0,720.0,877.81464,0.0
990.0,720.0,877.48535,0.0
1000.0,720.0,877.4824,0.0
1010.0,720.0,877.8052,0.0
1020.0,720.0,878.4546,0.0
1030.0,720.0,879.43005,0.0
1040.0,720.0,880.7323,0.0
1050.0,720.0,882.36115,0.0
1060.0,720.0,884.3169,0.0
1070.0,720.0,886.5998,0.0
1080.0,720.0,889.20996,0.0
1090.0,720.0,892.1477,0.0
1100.0,720.0,895.4126,0.0
1110.0,720.0,899.0056,0.0
1120.0,720.0,902.92676,0.0
1130.0,720.0,907.17566,0.0
1140.0,720.0,911.75305,0.0
1150.0,720.0,916.6589,0.0
1160.0,720.0,921.89386,0.0
1170.0,720.0,927.4571,0.0
1180.0,720.0,933.34924,0.0
1190.0,720.0,939.57117,0.0
1200.0,720.0,946.1222,0.0
1210.0,720.0,953.0027,0.0
1220.0,720.0,960.2133,0.0
1230.0,720.0,967.7529,0.0
1240.0,720.0,975.6236,0.0
1250.0,720.0,983.82385,0.0
1260.0,720.0,992.355,0.0
1270.0,720.0,1001.2167,0.0
1280.0,720.0,1010.4089,0.0
1290.0,720.0,1019.93225,0.0
1300.0,720.0,1029.7869,0.0
1310.0,720.0,1039.9727,0.0
1320.0,720.0,1050.4893,0.0
1330.0,720.0,1061.337,0.0
1340.0,720.0,1072.5168,0.0
1350.0,720.0,1084.0282,0.0
1360.0,720.0,1095.8718,0.0
1370.0,720.0,1108.0487,0.0
1380.0,720.0,1120.5592,0.0
1390.0,720.0,1133.4022,0.0
1400.0,720.0,1146.5787,0.0
1410.0,720.0,1160.0874,0.0
1420.0,720.0,1173.9293,0.0
1430.0,720.0,1188.1049,0.0
1440.0,720.0,1202.6136,0.0
1450.0,720.0,1217.4565,0.0
1460.0,720.0,1232.6345,0.0
1470.0,720.0,1248.1456,0.0
1480.0,720.0,1263.9915,0.0
1490.0,720.0,1280.1721,0.0
1500.0,720.0,1296.687,0.0
1510.0,720.0,1313.5369,0.0
1520.0,720.0,1330.7222,0.0
1530.0,720.0,1348.2422,0.0
1540.0,720.0,1366.0977,0.0
1550.0,720.0,1384.2891,0.0
1560.0,720.0,1402.8159,0.0
1570.0,720.0,1421.679,0.0
1580.0,720.0,1440.8777,0.0
1590.0,720.0,1460.4131,0.0
1600.0,720.0,1480.285,0.0
1610.0,720.0,1500.4934,0.0
1620.0,720.0,1521.039,0.0
1630.0,720.0,1541.921,0.0
1640.0,720.0,1563.1398,0.0
1650.0,720.0,1584.697,0.0
1660.0,720.0,1606.5905,0.0
1670.0,720.0,1628.8223,0.0
1680.0,720.0,1651.3914,0.0
1690.0,720.0,1674.2986,0.0
1700.0,720.0,1697.5435,0.0
1710.0,720.0,1721.1265,0.0
1720.0,720.0,1745.048,0.0
1730.0,720.0,1769.3086,0.0
1740.0,720.0,1793.9084,0.0
1750.0,720.0,1818.8472,0.0
1760.0,720.0,1844.1252,0.0
1770.0,720.0,1869.7421,0.0
1780.0,720.0,1895.6985,0.0
1790.0,720.0,1921.9954,0.0
1800.0,720.0,1948.6309,0.0
-200.0,730.0,39270.906,1.0
-190.0,730.0,39270.906,1.0
-180.0,730.0,39270.906,1.0
-170.0,730.0,39270.906,1.0
-160.0,730.0,39270.906,1.0
-150.0,730.0,39270.906,1.0
-140.0,730.0,39270.906,1.0
-130.0,730.0,39270.906,1.0
-120.0,730.0,39270.906,1.0
-110.0,730.0,39270.906,1.0
-100.0,730.0,39270.906,1.0
-90.0,730.0,39270.906,1.0
-80.0,730.0,39270.906,1.0
-70.0,730.0,39270.906,1.0
-60.0,730.0,39270.906,1.0
-50.0,730.0,39270.906,1.0
-40.0,730.0,39270.906,1.0
-30.0,730.0,39270.906,1.0
-20.0,730.0,39270.906,1.0
-10.0,730.0,39270.906,1.0
0.0,730.0,2459.5344,0.0
10.0,730.0,2428.3022,0.0
20.0,730.0,2397.3828,0.0
30.0,730.0,2366.7756,0.0
40.0,730.0,2336.48,0.0
50.0,730.0,2306.4954,0.0
60.0,730.0,2276.8232,0.0
70.0,730.0,2247.4639,0.0
80.0,730.0,2218.416,0.0
90.0,730.0,2189.6802,0.0
100.0,730.0,2161.2563,0.0
110.0,730.0,2133.1445,0.0
120.0,730.0,2105.3452,0.0
130.0,730.0,2077.8574,0.0
140.0,730.0,2050.6816,0.0
150.0,730.0,2023.8188,0.0
160.0,730.0,1997.2677,0.0
170.0,730.0,1971.0292,0.0
180.0,730.0,1945.1024,0.0
190.0,730.0,1919.4885,0.0
200.0,730.0,1894.1868,0.0
210.0,730.0,1869.1979,0.0
220.0,730.0,1844.5208,0.0
230.0,730.0,1820.156,0.0
240.0,730.0,1796.105,0.0
250.0,730.0,1772.3655,0.0
260.0,730.0,1748.9387,0.0
270.0,730.0,1725.8252,0.0
280.0,730.0,1703.024,0.0
290.0,730.0,1680.5359,0.0
300.0,730.0,1658.3601,0.0
310.0,730.0,1636.4983,0.0
320.0,730.0,1614.949,0.0
330.0,730.0,1593.7133,0.0
340.0,730.0,1572.7905,0.0
350.0,730.0,1552.1812,0.0
360.0,730.0,1531.8849,0.0
370.0,730.0,1511.9022,0.0
380.0,730.0,1492.2336,0.0
390.0,730.0,1472.878,0.0
400.0,730.0,1453.8367,0.0
410.0,730.0,1435.1084,0.0
420.0,730.0,1416.6942,0.0
430.0,730.0,1398.5942,0.0
440.0,730.0,1380.808,0.0
450.0,730.0,1363.3364,0.0
460.0,730.0,1346.1787,0.0
470.0,730.0,1329.3363,0.0
480.0,730.0,1312.807,0.0
490.0,730.0,1296.5928,0.0
500.0,730.0,1280.693,0.0
510.0,730.0,1265.1083,0.0
520.0,730.0,1249.8386,0.0
530.0,730.0,1234.884,0.0
540.0,730.0,1220.2441,0.0
550.0,730.0,1205.9202,0.0
560.0,730.0,1191.9108,0.0
570.0,730.0,1178.2167,0.0
580.0,730.0,1164.8381,0.0
590.0,730.0,1151.7756,0.0
600.0,730.0,1139.0288,0.0
610.0,730.0,1126.5985,0.0
620.0,730.0,1114.4843,0.0
630.0,730.0,1102.686,0.0
640.0,730.0,1091.204,0.0
650.0,730.0,1080.0381,0.0
660.0,730.0,1069.1891,0.0
670.0,730.0,1058.6565,0.0
680.0,730.0,1048.4404,0.0
690.0,730.0,1038.5417,0.0
700.0,730.0,1028.9607,0.0
710.0,730.0,1019.6959,0.0
720.0,730.0,1010.749,0.0
730.0,730.0,1002.11945,0.0
740.0,730.0,993.8071,0.0
750.0,730.0,985.8136,0.0
760.0,730.0,978.13715,0.0
770.0,730.0,970.7792,0.0
780.0,730.0,963.73914,0.0
790.0,730.0,957.0176,0.0
800.0,730.0,950.6143,0.0
810.0,730.0,944.5305,0.0
820.0,730.0,938.76416,0.0
830.0,730.0,933.3177,0.0
840.0,730.0,928.1898,0.0
850.0,730.0,923.3814,0.0
860.0,730.0,918.8924,0.0
870.0,730.0,914.723,0.0
880.0,730.0,910.8732,0.0
890.0,730.0,907.34344,0.0
900.0,730.0,904.13367,0.0
910.0,730.0,901.2438,0.0
920.0,730.0,898.6742,0.0
930.0,730.0,896.4252,0.0
940.0,730.0,894.4968,0.0
950.0,730.0,892.88995,0.0
960.0,730.0,891.6031,0.0
970.0,730.0,890.63745,0.0
980.0,730.0,889.9933,0.0
990.0,730.0,889.6708,0.0
1000.0,730.0,889.6698,0.0
1010.0,730.0,889.9905,0.0
1020.0,730.0,890.63354,0.0
1030.0,730.0,891.598,0.0
1040.0,730.0,892.8852,0.0
1050.0,730.0,894.49457,0.0
1060.0,730.0,896.42676,0.0
1070.0,730.0,898.68146,0.0
1080.0,730.0,901.25916,0.0
1090.0,730.0,904.16,0.0
1100.0,730.0,907.3843,0.0
1110.0,730.0,910.9319,0.0
1120.0,730.0,914.8031,0.0
1130.0,730.0,918.99805,0.0
1140.0,730.0,923.517,0.0
1150.0,730.0,928.36,0.0
1160.0,730.0,933.5275,0.0
1170.0,730.0,939.0192,0.0
1180.0,730.0,944.8356,0.0
1190.0,730.0,950.97644,0.0
1200.0,730.0,957.44305,0.0
1210.0,730.0,964.23486,0.0
1220.0,730.0,971.3513,0.0
1230.0,730.0,978.7938,0.0
1240.0,730.0,986.5617,0.0
1250.0,730.0,994.65564,0.0
1260.0,730.0,1003.075,0.0
1270.0,730.0,1011.82166,0.0
1280.0,730.0,1020.8939,0.0
1290.0,730.0,1030.2927,0.0
1300.0,730.0,1040.0183,0.0
1310.0,730.0,1050.071,0.0
1320.0,730.0,1060.4497,0.0
1330.0,730.0,1071.1555,0.0
1340.0,730.0,1082.1887,0.0
1350.0,730.0,1093.5488,0.0
1360.0,730.0,1105.237,0.0
1370.0,730.0,1117.2532,0.0
1380.0,730.0,1129.5988,0.0
1390.0,730.0,1142.2732,0.0
1400.0,730.0,1155.2755,0.0
1410.0,730.0,1168.6064,0.0
1420.0,730.0,1182.2661,0.0
1430.0,730.0,1196.2542,0.0
1440.0,730.0,1210.572,0.0
1450.0,730.0,1225.2192,0.0
1460.0,730.0,1240.196,0.0
1470.0,730.0,1255.5022,0.0
1480.0,730.0,1271.1388,0.0
1490.0,730.0,1287.1045,0.0
1500.0,730.0,1303.4008,0.0
1510.0,730.0,1320.0277,0.0
1520.0,730.0,1336.9854,0.0
1530.0,730.0,1354.2727,0.0
1540.0,730.0,1371.8912,0.0
1550.0,730.0,1389.8413,0.0
1560.0,730.0,1408.1221,0.0
1570.0,730.0,1426.735,0.0
1580.0,730.0,1445.6785,0.0
1590.0,730.0,1464.954,0.0
1600.0,730.0,1484.5614,0.0
1610.0,730.0,1504.5009,0.0
1620.0,730.0,1524.7726,0.0
1630.0,730.0,1545.3768,0.0
1640.0,730.0,1566.3131,0.0
1650.0,730.0,1587.5828,0.0
1660.0,730.0,1609.1843,0.0
1670.0,730.0,1631.1191,0.0
1680.0,730.0,1653.3875,0.0
1690.0,730.0,1675.9891,0.0
1700.0,730.0,1698.9236,0.0
1710.0,730.0,1722.1919,0.0
1720.0,730.0,1745.794,0.0
1730.0,730.0,1769.7299,0.0
1740.0,730.0,1794.0002,0.0
1750.0,730.0,1818.6052,0.0
1760.0,730.0,1843.5442,0.0
1770.0,730.0,1868.8188,0.0
1780.0,730.0,1894.428,0.0
1790.0,730.0,1920.3724,0.0
1800.0,730.0,1946.6511,0.0
-200.0,740.0,39270.906,1.0
-190.0,740.0,39270.906,1.0
-180.0,740.0,39270.906,1.0
-170.0,740.0,39270.906,1.0
-160.0,740.0,39270.906,1.0
-150.0,740.0,39270.906,1.0
-140.0,740.0,39270.906,1.0
-130.0,740.0,39270.906,1.0
-120.0,740.0,39270.906,1.0
-110.0,740.0,39270.906,1.0
-100.0,740.0,39270.906,1.0
-90.0,740.0,39270.906,1.0
-80.0,740.0,39270.906,1.0
-70.0,740.0,39270.906,1.0
-60.0,740.0,39270.906,1.0
-50.0,740.0,39270.906,1.0
-40.0,740.0,39270.906,1.0
-30.0,740.0,39270.906,1.0
-20.0,740.0,39270.906,1.0
-10.0,740.0,39270.906,1.0
0.0,740.0,39270.906,1.0
10.0,740.0,2420.5166,0.0
20.0,740.0,2389.996,0.0
30.0,740.0,2359.7817,0.0
40.0,740.0,2329.8765,0.0
50.0,740.0,2300.278,0.0
60.0,740.0,2270.9893,0.0
70.0,740.0,2242.0078,0.0
80.0,740.0,2213.3342,0.0
90.0,740.0,2184.9683,0.0
100.0,740.0,2156.9114,0.0
110.0,740.0,2129.1619,0.0
120.0,740.0,2101.7202,0.0
130.0,740.0,2074.588,0.0
140.0,740.0,2047.7622,0.0
150.0,740.0,2021.2449,0.0
160.0,740.0,1995.0363,0.0
170.0,740.0,1969.1357,0.0
180.0,740.0,1943.5444,0.0
190.0,740.0,1918.26,0.0
200.0,740.0,1893.285,0.0
210.0,740.0,1868.6185,0.0
220.0,740.0,1844.2603,0.0
230.0,740.0,1820.2104,0.0
240.0,740.0,1796.469,0.0
250.0,740.0,1773.0356,0.0
260.0,740.0,1749.9121,0.0
270.0,740.0,1727.0967,0.0
280.0,740.0,1704.5903,0.0
290.0,740.0,1682.3926,0.0
300.0,740.0,1660.5039,0.0
310.0,740.0,1638.9238,0.0
320.0,740.0,1617.6536,0.0
330.0,740.0,1596.6929,0.0
340.0,740.0,1576.0398,0.0
350.0,740.0,1555.6975,0.0
360.0,740.0,1535.6644,0.0
370.0,740.0,1515.9402,0.0
380.0,740.0,1496.5256,0.0
390.0,740.0,1477.421,0.0
400.0,740.0,1458.626,0.0
410.0,740.0,1440.1409,0.0
420.0,740.0,1421.9653,0.0
430.0,740.0,1404.1001,0.0
440.0,740.0,1386.5448,0.0
450.0,740.0,1369.2996,0.0
460.0,740.0,1352.3645,0.0
470.0,740.0,1335.7402,0.0
480.0,740.0,1319.4258,0.0
490.0,740.0,1303.4225,0.0
500.0,740.0,1287.729,0.0
510.0,740.0,1272.3472,0.0
520.0,740.0,1257.2755,0.0
530.0,740.0,1242.5165,0.0
540.0,740.0,1228.0667,0.0
550.0,740.0,1213.9292,0.0
560.0,740.0,1200.102,0.0
570.0,740.0,1186.5864,0.0
580.0,740.0,1173.3826,0.0
590.0,740.0,1160.4905,0.0
600.0,740.0,1147.9102,0.0
610.0,740.0,1135.6423,0.0
620.0,740.0,1123.6862,0.0
630.0,740.0,1112.0422,0.0
640.0,740.0,1100.7096,0.0
650.0,740.0,1089.6902,0.0
660.0,740.0,1078.9832,0.0
670.0,740.0,1068.5889,0.0
680.0,740.0,1058.5071,0.0
690.0,740.0,1048.7383,0.0
700.0,740.0,1039.2823,0.0
710.0,740.0,1030.1395,0.0
720.0,740.0,1021.3104,0.0
730.0,740.0,1012.7943,0.0
740.0,740.0,1004.59204,0.0
750.0,740.0,996.7032,0.0
760.0,740.0,989.1283,0.0
770.0,740.0,981.86743,0.0
780.0,740.0,974.9208,0.0
790.0,740.0,968.2883,0.0
800.0,740.0,961.9701,0.0
810.0,740.0,955.96655,0.0
820.0,740.0,950.2776,0.0
830.0,740.0,944.90344,0.0
840.0,740.0,939.84436,0.0
850.0,740.0,935.1,0.0
860.0,740.0,930.67126,0.0
870.0,740.0,926.5579,0.0
880.0,740.0,922.76025,0.0
890.0,740.0,919.2782,0.0
900.0,740.0,916.1122,0.0
910.0,740.0,913.2621,0.0
920.0,740.0,910.7282,0.0
930.0,740.0,908.51013,0.0
940.0,740.0,906.609,0.0
950.0,740.0,905.0244,0.0
960.0,740.0,903.757,0.0
970.0,740.0,902.8059,0.0
980.0,740.0,902.1726,0.0
990.0,740.0,901.85596,0.0
1000.0,740.0,901.85706,0.0
1010.0,740.0,902.1758,0.0
1020.0,740.0,902.8121,0.0
1030.0,740.0,903.7664,0.0
1040.0,740.0,905.0388,0.0
1050.0,740.0,906.6292,0.0
1060.0,740.0,908.53827,0.0
1070.0,740.0,910.76575,0.0
1080.0,740.0,913.31213,0.0
1090.0,740.0,916.1771,0.0
1100.0,740.0,919.3612,0.0
1110.0,740.0,922.86487,0.0
1120.0,740.0,926.6874,0.0
1130.0,740.0,930.8299,0.0
1140.0,740.0,935.29193,0.0
1150.0,740.0,940.07367,0.0
1160.0,740.0,945.17554,0.0
1170.0,740.0,950.59753,0.0
1180.0,740.0,956.3398,0.0
1190.0,740.0,962.403,0.0
1200.0,740.0,968.78674,0.0
1210.0,740.0,975.4914,0.0
1220.0,740.0,982.51733,0.0
1230.0,740.0,989.8644,0.0
1240.0,740.0,997.5324,0.0
1250.0,740.0,1005.5226,0.0
1260.0,740.0,1013.83386,0.0
1270.0,740.0,1022.4673,0.0
1280.0,740.0,1031.4229,0.0
1290.0,740.0,1040.7007,0.0
1300.0,740.0,1050.3008,0.0
1310.0,740.0,1060.2234,0.0
1320.0,740.0,1070.4685,0.0
1330.0,740.0,1081.0361,0.0
1340.0,740.0,1091.9263,0.0
1350.0,740.0,1103.1399,0.0
1360.0,740.0,1114.676,0.0
1370.0,740.0,1126.5364,0.0
1380.0,740.0,1138.7206,0.0
1390.0,740.0,1151.2302,0.0
1400.0,740.0,1164.0641,0.0
1410.0,740.0,1177.2218,0.0
1420.0,740.0,1190.7036,0.0
1430.0,740.0,1204.5098,0.0
1440.0,740.0,1218.6409,0.0
1450.0,740.0,1233.0973,0.0
1460.0,740.0,1247.8788,0.0
1470.0,740.0,1262.9855,0.0
1480.0,740.0,1278.4175,0.0
1490.0,740.0,1294.175,0.0
1500.0,740.0,1310.2583,0.0
1510.0,740.0,1326.668,0.0
1520.0,740.0,1343.4034,0.0
1530.0,740.0,1360.4648,0.0
1540.0,740.0,1377.8528,0.0
1550.0,740.0,1395.5673,0.0
1560.0,740.0,1413.6089,0.0
1570.0,740.0,1431.9774,0.0
1580.0,740.0,1450.6731,0.0
1590.0,740.0,1469.6958,0.0
1600.0,740.0,1489.046,0.0
1610.0,740.0,1508.7239,0.0
1620.0,740.0,1528.7288,0.0
1630.0,740.0,1549.0621,0.0
1640.0,740.0,1569.7234,0.0
1650.0,740.0,1590.713,0.0
1660.0,740.0,1612.0309,0.0
1670.0,740.0,1633.6772,0.0
1680.0,740.0,1655.6523,0.0
1690.0,740.0,1677.9562,0.0
1700.0,740.0,1700.5887,0.0
1710.0,740.0,1723.5505,0.0
1720.0,740.0,1746.8411,0.0
1730.0,740.0,1770.462,0.0
1740.0,740.0,1794.4114,0.0
1750.0,740.0,1818.6913,0.0
1760.0,740.0,1843.3008,0.0
1770.0,740.0,1868.2417,0.0
1780.0,740.0,1893.5118,0.0
1790.0,740.0,1919.1138,0.0
1800.0,740.0,1945.045,0.0
-200.0,750.0,39270.906,1.0
-190.0,750.0,39270.906,1.0
-180.0,750.0,39270.906,1.0
-170.0,750.0,39270.906,1.0
-160.0,750.0,39270.906,1.0
-150.0,750.0,39270.906,1.0
-140.0,750.0,39270.906,1.0
-130.0,750.0,39270.906,1.0
-120.0,750.0,39270.906,1.0
-110.0,750.0,39270.906,1.0
-100.0,750.0,39270.906,1.0
-90.0,750.0,39270.906,1.0
-80.0,750.0,39270.906,1.0
-70.0,750.0,39270.906,1.0
-60.0,750.0,39270.906,1.0
-50.0,750.0,39270.906,1.0
-40.0,750.0,39270.906,1.0
-30.0,750.0,39270.906,1.0
-20.0,750.0,39270.906,1.0
-10.0,750.0,39270.906,1.0
0.0,750.0,39270.906,1.0
10.0,750.0,39270.906,1.0
20.0,750.0,2383.1057,0.0
30.0,750.0,2353.2769,0.0
40.0,750.0,2323.7515,0.0
50.0,750.0,2294.5295,0.0
60.0,750.0,2265.6128,0.0
70.0,750.0,2237.0,0.0
80.0,750.0,2208.6914,0.0
90.0,750.0,2180.6865,0.0
100.0,750.0,2152.986,0.0
110.0,750.0,2125.5896,0.0
120.0,750.0,2098.4978,0.0
130.0,750.0,2071.7104,0.0
140.0,750.0,2045.2263,0.0
150.0,750.0,2019.0465,0.0
160.0,750.0,1993.1719,0.0
170.0,750.0,1967.6016,0.0
180.0,750.0,1942.3347,0.0
190.0,750.0,1917.3738,0.0
200.0,750.0,1892.7163,0.0
210.0,750.0,1868.3643,0.0
220.0,750.0,1844.3162,0.0
230.0,750.0,1820.573,0.0
240.0,750.0,1797.1342,0.0
250.0,750.0,1773.9998,0.0
260.0,750.0,1751.1704,0.0
270.0,750.0,1728.6456,0.0
280.0,750.0,1706.4263,0.0
290.0,750.0,1684.512,0.0
300.0,750.0,1662.9026,0.0
310.0,750.0,1641.5989,0.0
320.0,750.0,1620.5996,0.0
330.0,750.0,1599.9062,0.0
340.0,750.0,1579.5176,0.0
350.0,750.0,1559.4349,0.0
360.0,750.0,1539.6573,0.0
370.0,750.0,1520.1855,0.0
380.0,750.0,1501.0193,0.0
390.0,750.0,1482.1586,0.0
400.0,750.0,1463.6044,0.0
410.0,750.0,1445.3557,0.0
420.0,750.0,1427.4124,0.0
430.0,750.0,1409.7762,0.0
440.0,750.0,1392.4456,0.0
450.0,750.0,1375.4213,0.0
460.0,750.0,1358.7032,0.0
470.0,750.0,1342.2917,0.0
480.0,750.0,1326.1868,0.0
490.0,750.0,1310.3882,0.0
500.0,750.0,1294.8969,0.0
510.0,750.0,1279.7123,0.0
520.0,750.0,1264.8346,0.0
530.0,750.0,1250.2645,0.0
540.0,750.0,1236.0011,0.0
550.0,750.0,1222.0447,0.0
560.0,750.0,1208.3955,0.0
570.0,750.0,1195.0536,0.0
580.0,750.0,1182.0198,0.0
590.0,750.0,1169.2937,0.0
600.0,750.0,1156.8761,0.0
610.0,750.0,1144.7661,0.0
620.0,750.0,1132.9641,0.0
630.0,750.0,1121.4705,0.0
640.0,750.0,1110.284,0.0
650.0,750.0,1099.4072,0.0
660.0,750.0,1088.8389,0.0
670.0,750.0,1078.5785,0.0
680.0,750.0,1068.6274,0.0
690.0,750.0,1058.9851,0.0
700.0,750.0,1049.6519,0.0
710.0,750.0,1040.6277,0.0
720.0,750.0,1031.9133,0.0
730.0,750.0,1023.5077,0.0
740.0,750.0,1015.41235,0.0
750.0,750.0,1007.6261,0.0
760.0,750.0,1000.1502,0.0
770.0,750.0,992.98395,0.0
780.0,750.0,986.12836,0.0
790.0,750.0,979.5824,0.0
800.0,750.0,973.347,0.0
810.0,750.0,967.42224,0.0
820.0,750.0,961.808,0.0
830.0,750.0,956.5047,0.0
840.0,750.0,951.5123,0.0
850.0,750.0,946.83075,0.0
860.0,750.0,942.4609,0.0
870.0,750.0,938.4021,0.0
880.0,750.0,934.65497,0.0
890.0,750.0,931.2196,0.0
900.0,750.0,928.09607,0.0
910.0,750.0,925.28424,0.0
920.0,750.0,922.785,0.0
930.0,750.0,920.59766,0.0
940.0,750.0,918.72327,0.0
950.0,750.0,917.16077,0.0
960.0,750.0,915.9116,0.0
970.0,750.0,914.975,0.0
980.0,750.0,914.3513,0.0
990.0,750.0,914.0409,0.0
1000.0,750.0,914.0442,0.0
1010.0,750.0,914.361,0.0
1020.0,750.0,914.9912,0.0
1030.0,750.0,915.93494,0.0
1040.0,750.0,917.1932,0.0
1050.0,750.0,918.7655,0.0
1060.0,750.0,920.6517,0.0
1070.0,750.0,922.8527,0.0
1080.0,750.0,925.36816,0.0
1090.0,750.0,928.19885,0.0
1100.0,750.0,931.3436,0.0
1110.0,750.0,934.80396,0.0
1120.0,750.0,938.57935,0.0
1130.0,750.0,942.6708,0.0
1140.0,750.0,947.077,0.0
1150.0,750.0,951.79926,0.0
1160.0,750.0,956.83734,0.0
1170.0,750.0,962.19116,0.0
1180.0,750.0,967.86206,0.0
1190.0,750.0,973.8487,0.0
1200.0,750.0,980.152,0.0
1210.0,750.0,986.7722,0.0
1220.0,750.0,993.70953,0.0
1230.0,750.0,1000.9636,0.0
1240.0,750.0,1008.53455,0.0
1250.0,750.0,1016.4231,0.0
1260.0,750.0,1024.6294,0.0
1270.0,750.0,1033.1533,0.0
1280.0,750.0,1041.9949,0.0
1290.0,750.0,1051.1547,0.0
1300.0,750.0,1060.6322,0.0
1310.0,750.0,1070.4287,0.0
1320.0,750.0,1080.5432,0.0
1330.0,750.0,1090.9763,0.0
1340.0,750.0,1101.7273,0.0
1350.0,750.0,1112.7972,0.0
1360.0,750.0,1124.1859,0.0
1370.0,750.0,1135.8945,0.0
1380.0,750.0,1147.9222,0.0
1390.0,750.0,1160.271,0.0
1400.0,750.0,1172.9402,0.0
1410.0,750.0,1185.9296,0.0
1420.0,750.0,1199.2383,0.0
1430.0,750.0,1212.867,0.0
1440.0,750.0,1226.8164,0.0
1450.0,750.0,1241.0867,0.0
1460.0,750.0,1255.6775,0.0
1470.0,750.0,1270.5897,0.0
1480.0,750.0,1285.8232,0.0
1490.0,750.0,1301.3779,0.0
1500.0,750.0,1317.2539,0.0
1510.0,750.0,1333.4517,0.0
1520.0,750.0,1349.9712,0.0
1530.0,750.0,1366.8124,0.0
1540.0,750.0,1383.9762,0.0
1550.0,750.0,1401.4617,0.0
1560.0,750.0,1419.2703,0.0
1570.0,750.0,1437.4003,0.0
1580.0,750.0,1455.8545,0.0
1590.0,750.0,1474.6305,0.0
1600.0,750.0,1493.73,0.0
1610.0,750.0,1513.1525,0.0
1620.0,750.0,1532.8992,0.0
1630.0,750.0,1552.9685,0.0
1640.0,750.0,1573.3619,0.0
1650.0,750.0,1594.0789,0.0
1660.0,750.0,1615.1204,0.0
1670.0,750.0,1636.4849,0.0
1680.0,750.0,1658.1747,0.0
1690.0,750.0,1680.1885,0.0
1700.0,750.0,1702.5275,0.0
1710.0,750.0,1725.1907,0.0
1720.0,750.0,1748.1782,0.0
1730.0,750.0,1771.4915,0.0
1740.0,750.0,1795.1294,0.0
1750.0,750.0,1819.093,0.0
1760.0,750.0,1843.3817,0.0
1770.0,750.0,1867.997,0.0
1780.0,750.0,1892.9382,0.0
1790.0,750.0,1918.2054,0.0
1800.0,750.0,1943.7985,0.0
-200.0,760.0,39270.906,1.0
-190.0,760.0,39270.906,1.0
-180.0,760.0,39270.906,1.0
-170.0,760.0,39270.906,1.0
-160.0,760.0,39270.906,1.0
-150.0,760.0,39270.906,1.0
-140.0,760.0,39270.906,1.0
-130.0,760.0,39270.906,1.0
-120.0,760.0,39270.906,1.0
-110.0,760.0,39270.906,1.0
-100.0,760.0,39270.906,1.0
-90.0,760.0,39270.906,1.0
-80.0,760.0,39270.906,1.0
-70.0,760.0,39270.906,1.0
-60.0,760.0,39270.906,1.0
-50.0,760.0,39270.906,1.0
-40.0,760.0,39270.906,1.0
-30.0,760.0,39270.906,1.0
-20.0,760.0,39270.906,1.0
-10.0,760.0,39270.906,1.0
0.0,760.0,39270.906,1.0
10.0,760.0,39270.906,1.0
20.0,760.0,2376.695,0.0
30.0,760.0,2347.2407,0.0
40.0,760.0,2318.0864,0.0
50.0,760.0,2289.232,0.0
60.0,760.0,2260.6775,0.0
70.0,760.0,2232.4243,0.0
80.0,760.0,2204.4712,0.0
90.0,760.0,2176.8188,0.0
100.0,760.0,2149.4663,0.0
110.0,760.0,2122.4143,0.0
120.0,760.0,2095.6626,0.0
130.0,760.0,2069.2114,0.0
140.0,760.0,2043.06,0.0
150.0,760.0,2017.2095,0.0
160.0,760.0,1991.6604,0.0
170.0,760.0,1966.4109,0.0
180.0,760.0,1941.4629,0.0
190.0,760.0,1916.8152,0.0
200.0,760.0,1892.4679,0.0
210.0,760.0,1868.4226,0.0
220.0,760.0,1844.6771,0.0
230.0,760.0,1821.2327,0.0
240.0,760.0,1798.0885,0.0
250.0,760.0,1775.2451,0.0
260.0,760.0,1752.7037,0.0
270.0,760.0,1730.4628,0.0
280.0,760.0,1708.523,0.0
290.0,760.0,1686.885,0.0
300.0,760.0,1665.5479,0.0
310.0,760.0,1644.5122,0.0
320.0,760.0,1623.7781,0.0
330.0,760.0,1603.3456,0.0
340.0,760.0,1583.2141,0.0
350.0,760.0,1563.3845,0.0
360.0,760.0,1543.8567,0.0
370.0,760.0,1524.6306,0.0
380.0,760.0,1505.7063,0.0
390.0,760.0,1487.0841,0.0
400.0,760.0,1468.7639,0.0
410.0,760.0,1450.7456,0.0
420.0,760.0,1433.0297,0.0
430.0,760.0,1415.616,0.0
440.0,760.0,1398.5046,0.0
450.0,760.0,1381.6956,0.0
460.0,760.0,1365.1892,0.0
470.0,760.0,1348.9856,0.0
480.0,760.0,1333.0845,0.0
490.0,760.0,1317.486,0.0
500.0,760.0,1302.1908,0.0
510.0,760.0,1287.199,0.0
520.0,760.0,1272.5099,0.0
530.0,760.0,1258.1241,0.0
540.0,760.0,1244.042,0.0
550.0,760.0,1230.2622,0.0
560.0,760.0,1216.7866,0.0
570.0,760.0,1203.615,0.0
580.0,760.0,1190.7468,0.0
590.0,760.0,1178.1829,0.0
600.0,760.0,1165.9227,0.0
610.0,760.0,1153.9673,0.0
620.0,760.0,1142.3156,0.0
630.0,760.0,1130.9679,0.0
640.0,760.0,1119.925,0.0
650.0,760.0,1109.1865,0.0
660.0,760.0,1098.753,0.0
670.0,760.0,1088.6238,0.0
680.0,760.0,1078.8002,0.0
690.0,760.0,1069.2811,0.0
700.0,760.0,1060.0676,0.0
710.0,760.0,1051.1593,0.0
720.0,760.0,1042.5564,0.0
730.0,760.0,1034.2582,0.0
740.0,760.0,1026.2672,0.0
750.0,760.0,1018.5811,0.0
760.0,760.0,1011.2014,0.0
770.0,760.0,1004.12744,0.0
780.0,760.0,997.3602,0.0
790.0,760.0,990.89905,0.0
800.0,760.0,984.74445,0.0
810.0,760.0,978.8963,0.0
820.0,760.0,973.35486,0.0
830.0,760.0,968.1207,0.0
840.0,760.0,963.19324,0.0
850.0,760.0,958.57324,0.0
860.0,760.0,954.26044,0.0
870.0,760.0,950.25507,0.0
880.0,760.0,946.557,0.0
890.0,760.0,943.1674,0.0
900.0,760.0,940.08527,0.0
910.0,760.0,937.31104,0.0
920.0,760.0,934.8457,0.0
930.0,760.0,932.68774,0.0
940.0,760.0,930.8389,0.0
950.0,760.0,929.2984,0.0
960.0,760.0,928.06696,0.0
970.0,760.0,927.1441,0.0
980.0,760.0,926.5307,0.0
990.0,760.0,926.2263,0.0
1000.0,760.0,926.2313,0.0
1010.0,760.0,926.546,0.0
1020.0,760.0,927.17035,0.0
1030.0,760.0,928.1044,0.0
1040.0,760.0,929.34863,0.0
1050.0,760.0,930.9028,0.0
1060.0,760.0,932.7674,0.0
1070.0,760.0,934.9421,0.0
1080.0,760.0,937.428,0.0
1090.0,760.0,940.2242,0.0
1100.0,760.0,943.33136,0.0
1110.0,760.0,946.7498,0.0
1120.0,760.0,950.4791,0.0
1130.0,760.0,954.52014,0.0
1140.0,760.0,958.87274,0.0
1150.0,760.0,963.53687,0.0
1160.0,760.0,968.5126,0.0
1170.0,760.0,973.8006,0.0
1180.0,760.0,979.4011,0.0
1190.0,760.0,985.31323,0.0
1200.0,760.0,991.5382,0.0
1210.0,760.0,998.0762,0.0
1220.0,760.0,1004.92676,0.0
1230.0,760.0,1012.0902,0.0
1240.0,760.0,1019.567,0.0
1250.0,760.0,1027.3569,0.0
1260.0,760.0,1035.4601,0.0
1270.0,760.0,1043.8772,0.0
1280.0,760.0,1052.6077,0.0
1290.0,760.0,1061.6523,0.0
1300.0,760.0,1071.0111,0.0
1310.0,760.0,1080.6844,0.0
1320.0,760.0,1090.6714,0.0
1330.0,760.0,1100.9729,0.0
1340.0,760.0,1111.5891,0.0
1350.0,760.0,1122.5197,0.0
1360.0,760.0,1133.7648,0.0
1370.0,760.0,1145.3248,0.0
1380.0,760.0,1157.2006,0.0
1390.0,760.0,1169.3926,0.0
1400.0,760.0,1181.9009,0.0
1410.0,760.0,1194.7256,0.0
1420.0,760.0,1207.8658,0.0
1430.0,760.0,1221.3225,0.0
1440.0,760.0,1235.0951,0.0
1450.0,760.0,1249.1836,0.0
1460.0,760.0,1263.5891,0.0
1470.0,760.0,1278.3123,0.0
1480.0,760.0,1293.3514,0.0
1490.0,760.0,1308.7085,0.0
1500.0,760.0,1324.3821,0.0
1510.0,760.0,1340.3738,0.0
1520.0,760.0,1356.6829,0.0
1530.0,760.0,1373.3094,0.0
1540.0,760.0,1390.2542,0.0
1550.0,760.0,1407.5166,0.0
1560.0,760.0,1425.0977,0.0
1570.0,760.0,1442.9973,0.0
1580.0,760.0,1461.2148,0.0
1590.0,760.0,1479.7511,0.0
1600.0,760.0,1498.6066,0.0
1610.0,760.0,1517.7812,0.0
1620.0,760.0,1537.2745,0.0
1630.0,760.0,1557.0874,0.0
1640.0,760.0,1577.2195,0.0
1650.0,760.0,1597.6714,0.0
1660.0,760.0,1618.4426,0.0
1670.0,760.0,1639.5337,0.0
1680.0,760.0,1660.9451,0.0
1690.0,760.0,1682.6768,0.0
1700.0,760.0,1704.7288,0.0
1710.0,760.0,1727.1013,0.0
1720.0,760.0,1749.7938,0.0
1730.0,760.0,1772.8076,0.0
1740.0,760.0,1796.1418,0.0
1750.0,760.0,1819.7972,0.0
1760.0,760.0,1843.7737,0.0
1770.0,760.0,1868.0713,0.0
1780.0,760.0,1892.6914,0.0
1790.0,760.0,1917.6335,0.0
1800.0,760.0,1942.8973,0.0
-200.0,770.0,39270.906,1.0
-190.0,770.0,39270.906,1.0
-180.0,770.0,39270.906,1.0
-170.0,770.0,39270.906,1.0
-160.0,770.0,39270.906,1.0
-150.0,770.0,39270.906,1.0
-140.0,770.0,39270.906,1.0
-130.0,770.0,39270.906,1.0
-120.0,770.0,39270.906,1.0
-110.0,770.0,39270.906,1.0
-100.0,770.0,39270.906,1.0
-90.0,770.0,39270.906,1.0
-80.0,770.0,39270.906,1.0
-70.0,770.0,39270.906,1.0
-60.0,770.0,39270.906,1.0
-50.0,770.0,39270.906,1.0
-40.0,770.0,39270.906,1.0
-30.0,770.0,39270.906,1.0
-20.0,770.0,39270.906,1.0
-10.0,770.0,39270.906,1.0
0.0,770.0,39270.906,1.0
10.0,770.0,39270.906,1.0
20.0,770.0,39270.906,1.0
30.0,770.0,2341.657,0.0
40.0,770.0,2312.8643,0.0
50.0,770.0,2284.3677,0.0
60.0,770.0,2256.1672,0.0
70.0,770.0,2228.265,0.0
80.0,770.0,2200.6587,0.0
90.0,770.0,2173.3486,0.0
100.0,770.0,2146.336,0.0
110.0,770.0,2119.6194,0.0
120.0,770.0,2093.2,0.0
130.0,770.0,2067.0771,0.0
140.0,770.0,2041.25,0.0
150.0,770.0,2015.7208,0.0
160.0,770.0,1990.4885,0.0
170.0,770.0,1965.5529,0.0
180.0,770.0,1940.9149,0.0
190.0,770.0,1916.5734,0.0
200.0,770.0,1892.5293,0.0
210.0,770.0,1868.7821,0.0
220.0,770.0,1845.3312,0.0
230.0,770.0,1822.1777,0.0
240.0,770.0,1799.3219,0.0
250.0,770.0,1776.7622,0.0
260.0,770.0,1754.5007,0.0
270.0,770.0,1732.5369,0.0
280.0,770.0,1710.8704,0.0
290.0,770.0,1689.5015,0.0
300.0,770.0,1668.4304,0.0
310.0,770.0,1647.6565,0.0
320.0,770.0,1627.1804,0.0
330.0,770.0,1607.0017,0.0
340.0,770.0,1587.1218,0.0
350.0,770.0,1567.5392,0.0
360.0,770.0,1548.2544,0.0
370.0,770.0,1529.2681,0.0
380.0,770.0,1510.58,0.0
390.0,770.0,1492.1898,0.0
400.0,770.0,1474.0979,0.0
410.0,770.0,1456.3046,0.0
420.0,770.0,1438.8102,0.0
430.0,770.0,1421.6136,0.0
440.0,770.0,1404.7158,0.0
450.0,770.0,1388.1172,0.0
460.0,770.0,1371.8169,0.0
470.0,770.0,1355.8157,0.0
480.0,770.0,1340.1138,0.0
490.0,770.0,1324.7107,0.0
500.0,770.0,1309.6066,0.0
510.0,770.0,1294.8026,0.0
520.0,770.0,1280.2977,0.0
530.0,770.0,1266.0925,0.0
540.0,770.0,1252.1859,0.0
550.0,770.0,1238.5792,0.0
560.0,770.0,1225.2725,0.0
570.0,770.0,1212.266,0.0
580.0,770.0,1199.5603,0.0
590.0,770.0,1187.1543,0.0
600.0,770.0,1175.0481,0.0
610.0,770.0,1163.2427,0.0
620.0,770.0,1151.7375,0.0
630.0,770.0,1140.5334,0.0
640.0,770.0,1129.6288,0.0
650.0,770.0,1119.0259,0.0
660.0,770.0,1108.7239,0.0
670.0,770.0,1098.7231,0.0
680.0,770.0,1089.0228,0.0
690.0,770.0,1079.6243,0.0
700.0,770.0,1070.5271,0.0
710.0,770.0,1061.7316,0.0
720.0,770.0,1053.2378,0.0
730.0,770.0,1045.0454,0.0
740.0,770.0,1037.1553,0.0
750.0,770.0,1029.5671,0.0
760.0,770.0,1022.2811,0.0
770.0,770.0,1015.2975,0.0
780.0,770.0,1008.6162,0.0
790.0,770.0,1002.23773,0.0
800.0,770.0,996.1616,0.0
810.0,770.0,990.38855,0.0
820.0,770.0,984.9182,0.0
830.0,770.0,979.751,0.0
840.0,770.0,974.887,0.0
850.0,770.0,970.3269,0.0
860.0,770.0,966.06934,0.0
870.0,770.0,962.1163,0.0
880.0,770.0,958.46655,0.0
890.0,770.0,955.1211,0.0
900.0,770.0,952.07935,0.0
910.0,770.0,949.3419,0.0
920.0,770.0,946.9088,0.0
930.0,770.0,944.7806,0.0
940.0,770.0,942.95667,0.0
950.0,770.0,941.43774,0.0
960.0,770.0,940.2232,0.0
970.0,770.0,939.3141,0.0
980.0,770.0,938.71027,0.0
990.0,770.0,938.4116,0.0
1000.0,770.0,938.41846,0.0
1010.0,770.0,938.7313,0.0
1020.0,770.0,939.3495,0.0
1030.0,770.0,940.2742,0.0
1040.0,770.0,941.50476,0.0
1050.0,770.0,943.041,0.0
1060.0,770.0,944.8846,0.0
1070.0,770.0,947.0341,0.0
1080.0,770.0,949.49054,0.0
1090.0,770.0,952.254,0.0
1100.0,770.0,955.3242,0.0
1110.0,770.0,958.7013,0.0
1120.0,770.0,962.3858,0.0
1130.0,770.0,966.3782,0.0
1140.0,770.0,970.678,0.0
1150.0,770.0,975.28546,0.0
1160.0,770.0,980.20105,0.0
1170.0,770.0,985.42444,0.0
1180.0,770.0,990.9561,0.0
1190.0,770.0,996.79614,0.0
1200.0,770.0,1002.9445,0.0
1210.0,770.0,1009.4021,0.0
1220.0,770.0,1016.16833,0.0
1230.0,770.0,1023.244,0.0
1240.0,770.0,1030.6282,0.0
1250.0,770.0,1038.3221,0.0
1260.0,770.0,1046.325,0.0
1270.0,770.0,1054.6377,0.0
1280.0,770.0,1063.2605,0.0
1290.0,770.0,1072.1931,0.0
1300.0,770.0,1081.4354,0.0
1310.0,770.0,1090.9886,0.0
1320.0,770.0,1100.8516,0.0
1330.0,770.0,1111.0251,0.0
1340.0,770.0,1121.5093,0.0
1350.0,770.0,1132.3032,0.0
1360.0,770.0,1143.4089,0.0
1370.0,770.0,1154.8245,0.0
1380.0,770.0,1166.552,0.0
1390.0,770.0,1178.5911,0.0
1400.0,770.0,1190.9435,0.0
1410.0,770.0,1203.6069,0.0
1420.0,770.0,1216.5834,0.0
1430.0,770.0,1229.8715,0.0
1440.0,770.0,1243.4719,0.0
1450.0,770.0,1257.3837,0.0
1460.0,770.0,1271.6086,0.0
1470.0,770.0,1286.1465,0.0
1480.0,770.0,1300.9974,0.0
1490.0,770.0,1316.1611,0.0
1500.0,770.0,1331.6382,0.0
1510.0,770.0,1347.4286,0.0
1520.0,770.0,1363.5323,0.0
1530.0,770.0,1379.9503,0.0
1540.0,770.0,1396.6814,0.0
1550.0,770.0,1413.7273,0.0
1560.0,770.0,1431.0864,0.0
1570.0,770.0,1448.7603,0.0
1580.0,770.0,1466.748,0.0
1590.0,770.0,1485.0505,0.0
1600.0,770.0,1503.6681,0.0
1610.0,770.0,1522.6011,0.0
1620.0,770.0,1541.8477,0.0
1630.0,770.0,1561.4102,0.0
1640.0,770.0,1581.2878,0.0
1650.0,770.0,1601.4811,0.0
1660.0,770.0,1621.9895,0.0
1670.0,770.0,1642.8142,0.0
1680.0,770.0,1663.9546,0.0
1690.0,770.0,1685.4111,0.0
1700.0,770.0,1707.1831,0.0
1710.0,770.0,1729.272,0.0
1720.0,770.0,1751.6777,0.0
1730.0,770.0,1774.3994,0.0
1740.0,770.0,1797.4375,0.0
1750.0,770.0,1820.7927,0.0
1760.0,770.0,1844.4646,0.0
1770.0,770.0,1868.4539,0.0
1780.0,770.0,1892.7607,0.0
1790.0,770.0,1917.3857,0.0
1800.0,770.0,1942.3284,0.0
-200.0,780.0,39270.906,1.0
-190.0,780.0,39270.906,1.0
-180.0,780.0,39270.906,1.0
-170.0,780.0,39270.906,1.0
-160.0,780.0,39270.906,1.0
-150.0,780.0,39270.906,1.0
-140.0,780.0,39270.906,1.0
-130.0,780.0,39270.906,1.0
-120.0,780.0,39270.906,1.0
-110.0,780.0,39270.906,1.0
-100.0,780.0,39270.906,1.0
-90.0,780.0,39270.906,1.0
-80.0,780.0,39270.906,1.0
-70.0,780.0,39270.906,1.0
-60.0,780.0,39270.906,1.0
-50.0,780.0,39270.906,1.0
-40.0,780.0,39270.906,1.0
-30.0,780.0,39270.906,1.0
-20.0,780.0,39270.906,1.0
-10.0,780.0,39270.906,1.0
0.0,780.0,39270.906,1.0
10.0,780.0,39270.906,1.0
20.0,780.0,39270.906,1.0
30.0,780.0,39270.906,1.0
40.0,780.0,2308.0688,0.0
50.0,780.0,2279.921,0.0
60.0,780.0,2252.0667,0.0
70.0,780.0,2224.5059,0.0
80.0,780.0,2197.2375,0.0
90.0,780.0,2170.263,0.0
100.0,780.0,2143.581,0.0
110.0,780.0,2117.1921,0.0
120.0,780.0,2091.0962,0.0
130.0,780.0,2065.2937,0.0
140.0,780.0,2039.7833,0.0
150.0,780.0,2014.5676,0.0
160.0,780.0,1989.6445,0.0
170.0,780.0,1965.015,0.0
180.0,780.0,1940.679,0.0
190.0,780.0,1916.6365,0.0
200.0,780.0,1892.8866,0.0
210.0,780.0,1869.4309,0.0
220.0,780.0,1846.2678,0.0
230.0,780.0,1823.3992,0.0
240.0,780.0,1800.824,0.0
250.0,780.0,1778.5413,0.0
260.0,780.0,1756.553,0.0
270.0,780.0,1734.8591,0.0
280.0,780.0,1713.4594,0.0
290.0,780.0,1692.3525,0.0
300.0,780.0,1671.5405,0.0
310.0,780.0,1651.0223,0.0
320.0,780.0,1630.7979,0.0
330.0,780.0,1610.868,0.0
340.0,780.0,1591.2324,0.0
350.0,780.0,1571.8906,0.0
360.0,780.0,1552.8434,0.0
370.0,780.0,1534.0911,0.0
380.0,780.0,1515.6329,0.0
390.0,780.0,1497.4692,0.0
400.0,780.0,1479.6008,0.0
410.0,780.0,1462.0267,0.0
420.0,780.0,1444.7473,0.0
430.0,780.0,1427.7634,0.0
440.0,780.0,1411.0746,0.0
450.0,780.0,1394.6804,0.0
460.0,780.0,1378.5809,0.0
470.0,780.0,1362.7772,0.0
480.0,780.0,1347.2693,0.0
490.0,780.0,1332.0569,0.0
500.0,780.0,1317.1399,0.0
510.0,780.0,1302.5186,0.0
520.0,780.0,1288.1936,0.0
530.0,780.0,1274.1635,0.0
540.0,780.0,1260.4292,0.0
550.0,780.0,1246.9916,0.0
560.0,780.0,1233.8501,0.0
570.0,780.0,1221.0049,0.0
580.0,780.0,1208.4563,0.0
590.0,780.0,1196.2043,0.0
600.0,780.0,1184.249,0.0
610.0,780.0,1172.5897,0.0
620.0,780.0,1161.2278,0.0
630.0,780.0,1150.1625,0.0
640.0,780.0,1139.3943,0.0
650.0,780.0,1128.9233,0.0
660.0,780.0,1118.7493,0.0
670.0,780.0,1108.873,0.0
680.0,780.0,1099.2946,0.0
690.0,780.0,1090.0132,0.0
700.0,780.0,1081.0294,0.0
710.0,780.0,1072.344,0.0
720.0,780.0,1063.9562,0.0
730.0,780.0,1055.8668,0.0
740.0,780.0,1048.0753,0.0
750.0,780.0,1040.5828,0.0
760.0,780.0,1033.3881,0.0
770.0,780.0,1026.4922,0.0
780.0,780.0,1019.89526,0.0
790.0,780.0,1013.5971,0.0
800.0,780.0,1007.5978,0.0
810.0,780.0,1001.8974,0.0
820.0,780.0,996.4967,0.0
830.0,780.0,991.39484,0.0
840.0,780.0,986.59326,0.0
850.0,780.0,982.0906,0.0
860.0,780.0,977.88794,0.0
870.0,780.0,973.98517,0.0
880.0,780.0,970.38275,0.0
890.0,780.0,967.0803,0.0
900.0,780.0,964.07837,0.0
910.0,780.0,961.3768,0.0
920.0,780.0,958.97565,0.0
930.0,780.0,956.8754,0.0
940.0,780.0,955.0759,0.0
950.0,780.0,953.57745,0.0
960.0,780.0,952.3804,0.0
970.0,780.0,951.4845,0.0
980.0,780.0,950.8901,0.0
990.0,780.0,950.59705,0.0
1000.0,780.0,950.60596,0.0
1010.0,780.0,950.91675,0.0
1020.0,780.0,951.5292,0.0
1030.0,780.0,952.4443,0.0
1040.0,780.0,953.66156,0.0
1050.0,780.0,955.1812,0.0
1060.0,780.0,957.0037,0.0
1070.0,780.0,959.12836,0.0
1080.0,780.0,961.5565,0.0
1090.0,780.0,964.287,0.0
1100.0,780.0,967.3215,0.0
1110.0,780.0,970.6589,0.0
1120.0,780.0,974.2994,0.0
1130.0,780.0,978.2445,0.0
1140.0,780.0,982.49274,0.0
1150.0,780.0,987.04517,0.0
1160.0,780.0,991.9011,0.0
1170.0,780.0,997.06226,0.0
1180.0,780.0,1002.52686,0.0
1190.0,780.0,1008.29614,0.0
1200.0,780.0,1014.37024,0.0
1210.0,780.0,1020.74927,0.0
1220.0,780.0,1027.4337,0.0
1230.0,780.0,1034.4231,0.0
1240.0,780.0,1041.7175,0.0
1250.0,780.0,1049.3174,0.0
1260.0,780.0,1057.2225,0.0
1270.0,780.0,1065.4341,0.0
1280.0,780.0,1073.9509,0.0
1290.0,780.0,1082.7739,0.0
1300.0,780.0,1091.9036,0.0
1310.0,780.0,1101.3396,0.0
1320.0,780.0,1111.0815,0.0
1330.0,780.0,1121.1305,0.0
1340.0,780.0,1131.4856,0.0
1350.0,780.0,1142.1475,0.0
1360.0,780.0,1153.116,0.0
1370.0,780.0,1164.3914,0.0
1380.0,780.0,1175.9741,0.0
1390.0,780.0,1187.8647,0.0
1400.0,780.0,1200.0632,0.0
1410.0,780.0,1212.5712,0.0
1420.0,780.0,1225.387,0.0
1430.0,780.0,1238.5112,0.0
1440.0,780.0,1251.9431,0.0
1450.0,780.0,1265.683,0.0
1460.0,780.0,1279.7318,0.0
1470.0,780.0,1294.0896,0.0
1480.0,780.0,1308.7561,0.0
1490.0,780.0,1323.7322,0.0
1500.0,780.0,1339.017,0.0
1510.0,780.0,1354.6116,0.0
1520.0,780.0,1370.5154,0.0
1530.0,780.0,1386.7292,0.0
1540.0,780.0,1403.2529,0.0
1550.0,780.0,1420.086,0.0
1560.0,780.0,1437.2299,0.0
1570.0,780.0,1454.6832,0.0
1580.0,780.0,1472.4471,0.0
1590.0,780.0,1490.5222,0.0
1600.0,780.0,1508.9077,0.0
1610.0,780.0,1527.604,0.0
1620.0,780.0,1546.6113,0.0
1630.0,780.0,1565.9296,0.0
1640.0,780.0,1585.5596,0.0
1650.0,780.0,1605.5002,0.0
1660.0,780.0,1625.7529,0.0
1670.0,780.0,1646.3171,0.0
1680.0,780.0,1667.1931,0.0
1690.0,780.0,1688.3817,0.0
1700.0,780.0,1709.8817,0.0
1710.0,780.0,1731.694,0.0
1720.0,780.0,1753.8191,0.0
1730.0,780.0,1776.2563,0.0
1740.0,780.0,1799.0066,0.0
1750.0,780.0,1822.0691,0.0
1760.0,780.0,1845.4443,0.0
1770.0,780.0,1869.1334,0.0
1780.0,780.0,1893.1346,0.0
1790.0,780.0,1917.4502,0.0
1800.0,780.0,1942.0789,0.0
-200.0,790.0,39270.906,1.0
-190.0,790.0,39270.906,1.0
-180.0,790.0,39270.906,1.0
-170.0,790.0,39270.906,1.0
-160.0,790.0,39270.906,1.0
-150.0,790.0,39270.906,1.0
-140.0,790.0,39270.906,1.0
-130.0,790.0,39270.906,1.0
-120.0,790.0,39270.906,1.0
-110.0,790.0,39270.906,1.0
-100.0,790.0,39270.906,1.0
-90.0,790.0,39270.906,1.0
-80.0,790.0,39270.906,1.0
-70.0,790.0,39270.906,1.0
-60.0,790.0,39270.906,1.0
-50.0,790.0,39270.906,1.0
-40.0,790.0,39270.906,1.0
-30.0,790.0,39270.906,1.0
-20.0,790.0,39270.906,1.0
-10.0,790.0,39270.906,1.0
0.0,790.0,39270.906,1.0
10.0,790.0,39270.906,1.0
20.0,790.0,39270.906,1.0
30.0,790.0,39270.906,1.0
40.0,790.0,39270.906,1.0
50.0,790.0,2275.8774,0.0
60.0,790.0,2248.3604,0.0
70.0,790.0,2221.1323,0.0
80.0,790.0,2194.1943,0.0
90.0,790.0,2167.5464,0.0
100.0,790.0,2141.187,0.0
110.0,790.0,2115.1177,0.0
120.0,790.0,2089.3386,0.0
130.0,790.0,2063.8484,0.0
140.0,790.0,2038.6473,0.0
150.0,790.0,2013.737,0.0
160.0,790.0,1989.1165,0.0
170.0,790.0,1964.7849,0.0
180.0,790.0,1940.7439,0.0
190.0,790.0,1916.9932,0.0
200.0,790.0,1893.5311,0.0
210.0,790.0,1870.3593,0.0
220.0,790.0,1847.4775,0.0
230.0,790.0,1824.8859,0.0
240.0,790.0,1802.5844,0.0
250.0,790.0,1780.5725,0.0
260.0,790.0,1758.8518,0.0
270.0,790.0,1737.4209,0.0
280.0,790.0,1716.2808,0.0
290.0,790.0,1695.4303,0.0
300.0,790.0,1674.8711,0.0
310.0,790.0,1654.6016,0.0
320.0,790.0,1634.6233,0.0
330.0,790.0,1614.9355,0.0
340.0,790.0,1595.5383,0.0
350.0,790.0,1576.4319,0.0
360.0,790.0,1557.6167,0.0
370.0,790.0,1539.0923,0.0
380.0,790.0,1520.8589,0.0
390.0,790.0,1502.9167,0.0
400.0,790.0,1485.2654,0.0
410.0,790.0,1467.9055,0.0
420.0,790.0,1450.8365,0.0
430.0,790.0,1434.0593,0.0
440.0,790.0,1417.5739,0.0
450.0,790.0,1401.3794,0.0
460.0,790.0,1385.4768,0.0
470.0,790.0,1369.8662,0.0
480.0,790.0,1354.5471,0.0
490.0,790.0,1339.5205,0.0
500.0,790.0,1324.7861,0.0
510.0,790.0,1310.3435,0.0
520.0,790.0,1296.1935,0.0
530.0,790.0,1282.3351,0.0
540.0,790.0,1268.7688,0.0
550.0,790.0,1255.4954,0.0
560.0,790.0,1242.5146,0.0
570.0,790.0,1229.827,0.0
580.0,790.0,1217.4327,0.0
590.0,790.0,1205.3307,0.0
600.0,790.0,1193.5217,0.0
610.0,790.0,1182.0059,0.0
620.0,790.0,1170.7833,0.0
630.0,790.0,1159.8542,0.0
640.0,790.0,1149.2184,0.0
650.0,790.0,1138.8761,0.0
660.0,790.0,1128.8276,0.0
670.0,790.0,1119.0731,0.0
680.0,790.0,1109.6119,0.0
690.0,790.0,1100.4453,0.0
700.0,790.0,1091.5728,0.0
710.0,790.0,1082.9946,0.0
720.0,790.0,1074.7109,0.0
730.0,790.0,1066.7214,0.0
740.0,790.0,1059.0264,0.0
750.0,790.0,1051.6267,0.0
760.0,790.0,1044.5216,0.0
770.0,790.0,1037.7114,0.0
780.0,790.0,1031.1967,0.0
790.0,790.0,1024.9768,0.0
800.0,790.0,1019.05225,0.0
810.0,790.0,1013.42334,0.0
820.0,790.0,1008.0898,0.0
830.0,790.0,1003.0524,0.0
840.0,790.0,998.3108,0.0
850.0,790.0,993.865,0.0
860.0,790.0,989.71576,0.0
870.0,790.0,985.8623,0.0
880.0,790.0,982.30554,0.0
890.0,790.0,979.04535,0.0
900.0,790.0,976.08215,0.0
910.0,790.0,973.41534,0.0
920.0,790.0,971.04517,0.0
930.0,790.0,968.97253,0.0
940.0,790.0,967.19714,0.0
950.0,790.0,965.7188,0.0
960.0,790.0,964.53827,0.0
970.0,790.0,963.65515,0.0
980.0,790.0,963.0695,0.0
990.0,790.0,962.7824,0.0
1000.0,790.0,962.79333,0.0
1010.0,790.0,963.10254,0.0
1020.0,790.0,963.709,0.0
1030.0,790.0,964.61487,0.0
1040.0,790.0,965.8191,0.0
1050.0,790.0,967.3221,0.0
1060.0,790.0,969.12415,0.0
1070.0,790.0,971.225,0.0
1080.0,790.0,973.625,0.0
1090.0,790.0,976.32446,0.0
1100.0,790.0,979.32324,0.0
1110.0,790.0,982.6219,0.0
1120.0,790.0,986.2201,0.0
1130.0,790.0,990.1185,0.0
1140.0,790.0,994.3165,0.0
1150.0,790.0,998.81494,0.0
1160.0,790.0,1003.61383,0.0
1170.0,790.0,1008.713,0.0
1180.0,790.0,1014.1129,0.0
1190.0,790.0,1019.8134,0.0
1200.0,790.0,1025.815,0.0
1210.0,790.0,1032.1171,0.0
1220.0,790.0,1038.7212,0.0
1230.0,790.0,1045.6267,0.0
1240.0,790.0,1052.8333,0.0
1250.0,790.0,1060.342,0.0
1260.0,790.0,1068.1521,0.0
1270.0,790.0,1076.2639,0.0
1280.0,790.0,1084.6782,0.0
1290.0,790.0,1093.3947,0.0
1300.0,790.0,1102.4138,0.0
1310.0,790.0,1111.7352,0.0
1320.0,790.0,1121.3594,0.0
1330.0,790.0,1131.2865,0.0
1340.0,790.0,1141.5157,0.0
1350.0,790.0,1152.0485,0.0
1360.0,790.0,1162.884,0.0
1370.0,790.0,1174.0223,0.0
1380.0,790.0,1185.4642,0.0
1390.0,790.0,1197.21,0.0
1400.0,790.0,1209.2598,0.0
1410.0,790.0,1221.6143,0.0
1420.0,790.0,1234.2737,0.0
1430.0,790.0,1247.2375,0.0
1440.0,790.0,1260.5055,0.0
1450.0,790.0,1274.0784,0.0
1460.0,790.0,1287.9554,0.0
1470.0,790.0,1302.1375,0.0
1480.0,790.0,1316.624,0.0
1490.0,790.0,1331.4165,0.0
1500.0,790.0,1346.5146,0.0
1510.0,790.0,1361.9182,0.0
1520.0,790.0,1377.6266,0.0
1530.0,790.0,1393.6416,0.0
1540.0,790.0,1409.9622,0.0
1550.0,790.0,1426.5886,0.0
1560.0,790.0,1443.522,0.0
1570.0,790.0,1460.761,0.0
1580.0,790.0,1478.3065,0.0
1590.0,790.0,1496.1592,0.0
1600.0,790.0,1514.3187,0.0
1610.0,790.0,1532.7848,0.0
1620.0,790.0,1551.5583,0.0
1630.0,790.0,1570.6384,0.0
1640.0,790.0,1590.0259,0.0
1650.0,790.0,1609.7212,0.0
1660.0,790.0,1629.7245,0.0
1670.0,790.0,1650.0342,0.0
1680.0,790.0,1670.6531,0.0
1690.0,790.0,1691.5796,0.0
1700.0,790.0,1712.8143,0.0
1710.0,790.0,1734.3572,0.0
1720.0,790.0,1756.2089,0.0
1730.0,790.0,1778.3689,0.0
1740.0,790.0,1800.8376,0.0
1750.0,790.0,1823.6147,0.0
1760.0,790.0,1846.7013,0.0
1770.0,790.0,1870.0964,0.0
1780.0,790.0,1893.8009,0.0
1790.0,790.0,1917.815,0.0
1800.0,790.0,1942.1384,0.0
-200.0,800.0,39270.906,1.0
-190.0,800.0,39270.906,1.0
-180.0,800.0,39270.906,1.0
-170.0,800.0,39270.906,1.0
-160.0,800.0,39270.906,1.0
-150.0,800.0,39270.906,1.0
-140.0,800.0,39270.906,1.0
-130.0,800.0,39270.906,1.0
-120.0,800.0,39270.906,1.0
-110.0,800.0,39270.906,1.0
-100.0,800.0,39270.906,1.0
-90.0,800.0,39270.906,1.0
-80.0,800.0,39270.906,1.0
-70.0,800.0,39270.906,1.0
-60.0,800.0,39270.906,1.0
-50.0,800.0,39270.906,1.0
-40.0,800.0,39270.906,1.0
-30.0,800.0,39270.906,1.0
-20.0,800.0,39270.906,1.0
-10.0,800.0,39270.906,1.0
0.0,800.0,39270.906,1.0
10.0,800.0,39270.906,1.0
20.0,800.0,39270.906,1.0
30.0,800.0,39270.906,1.0
40.0,800.0,39270.906,1.0
50.0,800.0,39270.906,1.0
60.0,800.0,2245.0337,0.0
70.0,800.0,2218.1316,0.0
80.0,800.0,2191.5164,0.0
90.0,800.0,2165.186,0.0
100.0,800.0,2139.1426,0.0
110.0,800.0,2113.3857,0.0
120.0,800.0,2087.914,0.0
130.0,800.0,2062.729,0.0
140.0,800.0,2037.8307,0.0
150.0,800.0,2013.2181,0.0
160.0,800.0,1988.8921,0.0
170.0,800.0,1964.8525,0.0
180.0,800.0,1941.0991,0.0
190.0,800.0,1917.6323,0.0
200.0,800.0,1894.4513,0.0
210.0,800.0,1871.557,0.0
220.0,800.0,1848.9497,0.0
230.0,800.0,1826.6284,0.0
240.0,800.0,1804.5945,0.0
250.0,800.0,1782.8466,0.0
260.0,800.0,1761.3865,0.0
270.0,800.0,1740.2129,0.0
280.0,800.0,1719.3257,0.0
290.0,800.0,1698.7262,0.0
300.0,800.0,1678.4133,0.0
310.0,800.0,1658.3875,0.0
320.0,800.0,1638.6489,0.0
330.0,800.0,1619.1979,0.0
340.0,800.0,1600.033,0.0
350.0,800.0,1581.1569,0.0
360.0,800.0,1562.5675,0.0
370.0,800.0,1544.2654,0.0
380.0,800.0,1526.2517,0.0
390.0,800.0,1508.5254,0.0
400.0,800.0,1491.0862,0.0
410.0,800.0,1473.9348,0.0
420.0,800.0,1457.0723,0.0
430.0,800.0,1440.497,0.0
440.0,800.0,1424.2097,0.0
450.0,800.0,1408.2104,0.0
460.0,800.0,1392.5,0.0
470.0,800.0,1377.0771,0.0
480.0,800.0,1361.943,0.0
490.0,800.0,1347.0979,0.0
500.0,800.0,1332.5413,0.0
510.0,800.0,1318.273,0.0
520.0,800.0,1304.2935,0.0
530.0,800.0,1290.6028,0.0
540.0,800.0,1277.2007,0.0
550.0,800.0,1264.0875,0.0
560.0,800.0,1251.2642,0.0
570.0,800.0,1238.7308,0.0
580.0,800.0,1226.4856,0.0
590.0,800.0,1214.5306,0.0
600.0,800.0,1202.8649,0.0
610.0,800.0,1191.4888,0.0
620.0,800.0,1180.4026,0.0
630.0,800.0,1169.6058,0.0
640.0,800.0,1159.099,0.0
650.0,800.0,1148.8829,0.0
660.0,800.0,1138.9565,0.0
670.0,800.0,1129.3206,0.0
680.0,800.0,1119.9752,0.0
690.0,800.0,1110.9199,0.0
700.0,800.0,1102.156,0.0
710.0,800.0,1093.6823,0.0
720.0,800.0,1085.4996,0.0
730.0,800.0,1077.6079,0.0
740.0,800.0,1070.0072,0.0
750.0,800.0,1062.698,0.0
760.0,800.0,1055.6805,0.0
770.0,800.0,1048.9537,0.0
780.0,800.0,1042.519,0.0
790.0,800.0,1036.376,0.0
800.0,800.0,1030.5249,0.0
810.0,800.0,1024.9648,0.0
820.0,800.0,1019.6979,0.0
830.0,800.0,1014.7226,0.0
840.0,800.0,1010.04004,0.0
850.0,800.0,1005.64996,0.0
860.0,800.0,1001.5521,0.0
870.0,800.0,997.7472,0.0
880.0,800.0,994.23486,0.0
890.0,800.0,991.01587,0.0
900.0,800.0,988.08997,0.0
910.0,800.0,985.45715,0.0
920.0,800.0,983.118,0.0
930.0,800.0,981.07196,0.0
940.0,800.0,979.3198,0.0
950.0,800.0,977.861,0.0
960.0,800.0,976.69684,0.0
970.0,800.0,975.8263,0.0
980.0,800.0,975.2499,0.0
990.0,800.0,974.96814,0.0
1000.0,800.0,974.98047,0.0
1010.0,800.0,975.28754,0.0
1020.0,800.0,975.88916,0.0
1030.0,800.0,976.78595,0.0
1040.0,800.0,977.97766,0.0
1050.0,800.0,979.46423,0.0
1060.0,800.0,981.24615,0.0
1070.0,800.0,983.3239,0.0
1080.0,800.0,985.6969,0.0
1090.0,800.0,988.3654,0.0
1100.0,800.0,991.3303,0.0
1110.0,800.0,994.5906,0.0
1120.0,800.0,998.14716,0.0
1130.0,800.0,1002.0,0.0
1140.0,800.0,1006.14923,0.0
1150.0,800.0,1010.595,0.0
1160.0,800.0,1015.3379,0.0
1170.0,800.0,1020.37726,0.0
1180.0,800.0,1025.7137,0.0
1190.0,800.0,1031.3466,0.0
1200.0,800.0,1037.2771,0.0
1210.0,800.0,1043.5051,0.0
1220.0,800.0,1050.0308,0.0
1230.0,800.0,1056.8545,0.0
1240.0,800.0,1063.9753,0.0
1250.0,800.0,1071.3948,0.0
1260.0,800.0,1079.1116,0.0
1270.0,800.0,1087.1272,0.0
1280.0,800.0,1095.4413,0.0
1290.0,800.0,1104.0535,0.0
1300.0,800.0,1112.965,0.0
1310.0,800.0,1122.1746,0.0
1320.0,800.0,1131.6837,0.0
1330.0,800.0,1141.4917,0.0
1340.0,800.0,1151.599,0.0
1350.0,800.0,1162.0054,0.0
1360.0,800.0,1172.7107,0.0
1370.0,800.0,1183.7156,0.0
1380.0,800.0,1195.02,0.0
1390.0,800.0,1206.624,0.0
1400.0,800.0,1218.5283,0.0
1410.0,800.0,1230.7343,0.0
1420.0,800.0,1243.2408,0.0
1430.0,800.0,1256.0483,0.0
1440.0,800.0,1269.1567,0.0
1450.0,800.0,1282.5653,0.0
1460.0,800.0,1296.2748,0.0
1470.0,800.0,1310.2858,0.0
1480.0,800.0,1324.5972,0.0
1490.0,800.0,1339.2107,0.0
1500.0,800.0,1354.126,0.0
1510.0,800.0,1369.343,0.0
1520.0,800.0,1384.8618,0.0
1530.0,800.0,1400.6819,0.0
1540.0,800.0,1416.805,0.0
1550.0,800.0,1433.2305,0.0
1560.0,800.0,1449.958,0.0
1570.0,800.0,1466.9875,0.0
1580.0,800.0,1484.3206,0.0
1590.0,800.0,1501.956,0.0
1600.0,800.0,1519.8948,0.0
1610.0,800.0,1538.1365,0.0
1620.0,800.0,1556.6815,0.0
1630.0,800.0,1575.5295,0.0
1640.0,800.0,1594.6816,0.0
1650.0,800.0,1614.1367,0.0
1660.0,800.0,1633.8953,0.0
1670.0,800.0,1653.959,0.0
1680.0,800.0,1674.3259,0.0
1690.0,800.0,1694.9976,0.0
1700.0,800.0,1715.9731,0.0
1710.0,800.0,1737.2538,0.0
1720.0,800.0,1758.8379,0.0
1730.0,800.0,1780.727,0.0
1740.0,800.0,1802.922,0.0
1750.0,800.0,1825.4207,0.0
1760.0,800.0,1848.225,0.0
1770.0,800.0,1871.3342,0.0
1780.0,800.0,1894.749,0.0
1790.0,800.0,1918.4695,0.0
1800.0,800.0,1942.4949,0.0
-200.0,810.0,39270.906,1.0
-190.0,810.0,39270.906,1.0
-180.0,810.0,39270.906,1.0
-170.0,810.0,39270.906,1.0
-160.0,810.0,39270.906,1.0
-150.0,810.0,39270.906,1.0
-140.0,810.0,39270.906,1.0
-130.0,810.0,39270.906,1.0
-120.0,810.0,39270.906,1.0
-110.0,810.0,39270.906,1.0
-100.0,810.0,39270.906,1.0
-90.0,810.0,39270.906,1.0
-80.0,810.0,39270.906,1.0
-70.0,810.0,39270.906,1.0
-60.0,810.0,39270.906,1.0
-50.0,810.0,39270.906,1.0
-40.0,810.0,39270.906,1.0
-30.0,810.0,39270.906,1.0
-20.0,810.0,39270.906,1.0
-10.0,810.0,39270.906,1.0
0.0,810.0,39270.906,1.0
10.0,810.0,39270.906,1.0
20.0,810.0,39270.906,1.0
30.0,810.0,39270.906,1.0
40.0,810.0,39270.906,1.0
50.0,810.0,39270.906,1.0
60.0,810.0,2242.0737,0.0
70.0,810.0,2215.4897,0.0
80.0,810.0,2189.1887,0.0
90.0,810.0,2163.1697,0.0
100.0,810.0,2137.4346,0.0
110.0,810.0,2111.9817,0.0
120.0,810.0,2086.8118,0.0
130.0,810.0,2061.9248,0.0
140.0,810.0,2037.3207,0.0
150.0,810.0,2012.999,0.0
160.0,810.0,1988.9614,0.0
170.0,810.0,1965.2063,0.0
180.0,810.0,1941.7335,0.0
190.0,810.0,1918.544,0.0
200.0,810.0,1895.6382,0.0
210.0,810.0,1873.0144,0.0
220.0,810.0,1850.6753,0.0
230.0,810.0,1828.6185,0.0
240.0,810.0,1806.8455,0.0
250.0,810.0,1785.3555,0.0
260.0,810.0,1764.1494,0.0
270.0,810.0,1743.2273,0.0
280.0,810.0,1722.5876,0.0
290.0,810.0,1702.232,0.0
300.0,810.0,1682.1605,0.0
310.0,810.0,1662.3723,0.0
320.0,810.0,1642.8677,0.0
330.0,810.0,1623.6472,0.0
340.0,810.0,1604.7107,0.0
350.0,810.0,1586.0581,0.0
360.0,810.0,1567.6895,0.0
370.0,810.0,1549.605,0.0
380.0,810.0,1531.8049,0.0
390.0,810.0,1514.2891,0.0
400.0,810.0,1497.0581,0.0
410.0,810.0,1480.1108,0.0
420.0,810.0,1463.4485,0.0
430.0,810.0,1447.0707,0.0
440.0,810.0,1430.9774,0.0
450.0,810.0,1415.1682,0.0
460.0,810.0,1399.6445,0.0
470.0,810.0,1384.4061,0.0
480.0,810.0,1369.4525,0.0
490.0,810.0,1354.7847,0.0
500.0,810.0,1340.4015,0.0
510.0,810.0,1326.3037,0.0
520.0,810.0,1312.4907,0.0
530.0,810.0,1298.9631,0.0
540.0,810.0,1285.7213,0.0
550.0,810.0,1272.7651,0.0
560.0,810.0,1260.0952,0.0
570.0,810.0,1247.7115,0.0
580.0,810.0,1235.6135,0.0
590.0,810.0,1223.801,0.0
600.0,810.0,1212.2754,0.0
610.0,810.0,1201.0358,0.0
620.0,810.0,1190.0825,0.0
630.0,810.0,1179.4155,0.0
640.0,810.0,1169.0347,0.0
650.0,810.0,1158.9414,0.0
660.0,810.0,1149.1345,0.0
670.0,810.0,1139.6145,0.0
680.0,810.0,1130.3815,0.0
690.0,810.0,1121.4354,0.0
700.0,810.0,1112.777,0.0
710.0,810.0,1104.4059,0.0
720.0,810.0,1096.3217,0.0
730.0,810.0,1088.5256,0.0
740.0,810.0,1081.0172,0.0
750.0,810.0,1073.7964,0.0
760.0,810.0,1066.8633,0.0
770.0,810.0,1060.2185,0.0
780.0,810.0,1053.8625,0.0
790.0,810.0,1047.794,0.0
800.0,810.0,1042.0139,0.0
810.0,810.0,1036.5222,0.0
820.0,810.0,1031.3188,0.0
830.0,810.0,1026.4053,0.0
840.0,810.0,1021.77966,0.0
850.0,810.0,1017.4439,0.0
860.0,810.0,1013.39667,0.0
870.0,810.0,1009.6389,0.0
880.0,810.0,1006.1704,0.0
890.0,810.0,1002.9915,0.0
900.0,810.0,1000.1023,0.0
910.0,810.0,997.50275,0.0
920.0,810.0,995.19324,0.0
930.0,810.0,993.17334,0.0
940.0,810.0,991.444,0.0
950.0,810.0,990.0049,0.0
960.0,810.0,988.8562,0.0
970.0,810.0,987.9978,0.0
980.0,810.0,987.4302,0.0
990.0,810.0,987.1534,0.0
1000.0,810.0,987.1677,0.0
1010.0,810.0,987.47284,0.0
1020.0,810.0,988.06946,0.0
1030.0,810.0,988.95703,0.0
1040.0,810.0,990.1366,0.0
1050.0,810.0,991.60767,0.0
1060.0,810.0,993.37006,0.0
1070.0,810.0,995.42444,0.0
1080.0,810.0,997.771,0.0
1090.0,810.0,1000.40967,0.0
1100.0,810.0,1003.34076,0.0
1110.0,810.0,1006.5641,0.0
1120.0,810.0,1010.0804,0.0
1130.0,810.0,1013.8888,0.0
1140.0,810.0,1017.99054,0.0
1150.0,810.0,1022.38495,0.0
1160.0,810.0,1027.0723,0.0
1170.0,810.0,1032.0532,0.0
1180.0,810.0,1037.3276,0.0
1190.0,810.0,1042.8954,0.0
1200.0,810.0,1048.7566,0.0
1210.0,810.0,1054.9121,0.0
1220.0,810.0,1061.3613,0.0
1230.0,810.0,1068.1047,0.0
1240.0,810.0,1075.1421,0.0
1250.0,810.0,1082.4744,0.0
1260.0,810.0,1090.101,0.0
1270.0,810.0,1098.022,0.0
1280.0,810.0,1106.238,0.0
1290.0,810.0,1114.7491,0.0
1300.0,810.0,1123.5547,0.0
1310.0,810.0,1132.6562,0.0
1320.0,810.0,1142.0527,0.0
1330.0,810.0,1151.7445,0.0
1340.0,810.0,1161.7324,0.0
1350.0,810.0,1172.0151,0.0
1360.0,810.0,1182.5942,0.0
1370.0,810.0,1193.4683,0.0
1380.0,810.0,1204.6384,0.0
1390.0,810.0,1216.1049,0.0
1400.0,810.0,1227.8677,0.0
1410.0,810.0,1239.9276,0.0
1420.0,810.0,1252.2854,0.0
1430.0,810.0,1264.94,0.0
1440.0,810.0,1277.8923,0.0
1450.0,810.0,1291.1416,0.0
1460.0,810.0,1304.6873,0.0
1470.0,810.0,1318.5309,0.0
1480.0,810.0,1332.6719,0.0
1490.0,810.0,1347.1107,0.0
1500.0,810.0,1361.8474,0.0
1510.0,810.0,1376.8823,0.0
1520.0,810.0,1392.2156,0.0
1530.0,810.0,1407.8469,0.0
1540.0,810.0,1423.7767,0.0
1550.0,810.0,1440.0049,0.0
1560.0,810.0,1456.5317,0.0
1570.0,810.0,1473.3579,0.0
1580.0,810.0,1490.4824,0.0
1590.0,810.0,1507.9065,0.0
1600.0,810.0,1525.6302,0.0
1610.0,810.0,1543.6521,0.0
1620.0,810.0,1561.9744,0.0
1630.0,810.0,1580.5964,0.0
1640.0,810.0,1599.5182,0.0
1650.0,810.0,1618.7397,0.0
1660.0,810.0,1638.2607,0.0
1670.0,810.0,1658.0826,0.0
1680.0,810.0,1678.2048,0.0
1690.0,810.0,1698.6267,0.0
1700.0,810.0,1719.3496,0.0
1710.0,810.0,1740.3735,0.0
1720.0,810.0,1761.6975,0.0
1730.0,810.0,1783.3235,0.0
1740.0,810.0,1805.2495,0.0
1750.0,810.0,1827.4766,0.0
1760.0,810.0,1850.0067,0.0
1770.0,810.0,1872.8372,0.0
1780.0,810.0,1895.9684,0.0
1790.0,810.0,1919.4025,0.0
1800.0,810.0,1943.1368,0.0
-200.0,820.0,39270.906,1.0
-190.0,820.0,39270.906,1.0
-180.0,820.0,39270.906,1.0
-170.0,820.0,39270.906,1.0
-160.0,820.0,39270.906,1.0
-150.0,820.0,39270.906,1.0
-140.0,820.0,39270.906,1.0
-130.0,820.0,39270.906,1.0
-120.0,820.0,39270.906,1.0
-110.0,820.0,39270.906,1.0
-100.0,820.0,39270.906,1.0
-90.0,820.0,39270.906,1.0
-80.0,820.0,39270.906,1.0
-70.0,820.0,39270.906,1.0
-60.0,820.0,39270.906,1.0
-50.0,820.0,39270.906,1.0
-40.0,820.0,39270.906,1.0
-30.0,820.0,39270.906,1.0
-20.0,820.0,39270.906,1.0
-10.0,820.0,39270.906,1.0
0.0,820.0,39270.906,1.0
10.0,820.0,39270.906,1.0
20.0,820.0,39270.906,1.0
30.0,820.0,39270.906,1.0
40.0,820.0,39270.906,1.0
50.0,820.0,39270.906,1.0
60.0,820.0,39270.906,1.0
70.0,820.0,2213.1938,0.0
80.0,820.0,2187.2,0.0
90.0,820.0,2161.4858,0.0
100.0,820.0,2136.0508,0.0
110.0,820.0,2110.8955,0.0
120.0,820.0,2086.02,0.0
130.0,820.0,2061.4243,0.0
140.0,820.0,2037.1074,0.0
150.0,820.0,2013.0703,0.0
160.0,820.0,1989.3135,0.0
170.0,820.0,1965.8357,0.0
180.0,820.0,1942.6377,0.0
190.0,820.0,1919.7195,0.0
200.0,820.0,1897.0813,0.0
210.0,820.0,1874.7234,0.0
220.0,820.0,1852.6448,0.0
230.0,820.0,1830.8467,0.0
240.0,820.0,1809.3287,0.0
250.0,820.0,1788.0906,0.0
260.0,820.0,1767.1327,0.0
270.0,820.0,1746.4548,0.0
280.0,820.0,1726.058,0.0
290.0,820.0,1705.9409,0.0
300.0,820.0,1686.105,0.0
310.0,820.0,1666.5483,0.0
320.0,820.0,1647.2727,0.0
330.0,820.0,1628.2777,0.0
340.0,820.0,1609.5629,0.0
350.0,820.0,1591.1299,0.0
360.0,820.0,1572.977,0.0
370.0,820.0,1555.1052,0.0
380.0,820.0,1537.5142,0.0
390.0,820.0,1520.204,0.0
400.0,820.0,1503.175,0.0
410.0,820.0,1486.4272,0.0
420.0,820.0,1469.9609,0.0
430.0,820.0,1453.7751,0.0
440.0,820.0,1437.8712,0.0
450.0,820.0,1422.2485,0.0
460.0,820.0,1406.9077,0.0
470.0,820.0,1391.8491,0.0
480.0,820.0,1377.072,0.0
490.0,820.0,1362.5769,0.0
500.0,820.0,1348.3633,0.0
510.0,820.0,1334.4314,0.0
520.0,820.0,1320.7815,0.0
530.0,820.0,1307.4133,0.0
540.0,820.0,1294.3279,0.0
550.0,820.0,1281.5253,0.0
560.0,820.0,1269.0054,0.0
570.0,820.0,1256.7678,0.0
580.0,820.0,1244.8134,0.0
590.0,820.0,1233.1406,0.0
600.0,820.0,1221.7515,0.0
610.0,820.0,1210.6447,0.0
620.0,820.0,1199.8212,0.0
630.0,820.0,1189.2808,0.0
640.0,820.0,1179.0232,0.0
650.0,820.0,1169.0498,0.0
660.0,820.0,1159.3589,0.0
670.0,820.0,1149.9525,0.0
680.0,820.0,1140.8296,0.0
690.0,820.0,1131.9904,0.0
700.0,820.0,1123.4347,0.0
710.0,820.0,1115.1633,0.0
720.0,820.0,1107.1763,0.0
730.0,820.0,1099.4729,0.0
740.0,820.0,1092.0542,0.0
750.0,820.0,1084.9199,0.0
760.0,820.0,1078.0703,0.0
770.0,820.0,1071.5054,0.0
780.0,820.0,1065.2252,0.0
790.0,820.0,1059.2295,0.0
800.0,820.0,1053.5194,0.0
810.0,820.0,1048.094,0.0
820.0,820.0,1042.954,0.0
830.0,820.0,1038.0996,0.0
840.0,820.0,1033.5303,0.0
850.0,820.0,1029.2472,0.0
860.0,820.0,1025.249,0.0
870.0,820.0,1021.5377,0.0
880.0,820.0,1018.1118,0.0
890.0,820.0,1014.9723,0.0
900.0,820.0,1012.1187,0.0
910.0,820.0,1009.55176,0.0
920.0,820.0,1007.27075,0.0
930.0,820.0,1005.27686,0.0
940.0,820.0,1003.5697,0.0
950.0,820.0,1002.14954,0.0
960.0,820.0,1001.01587,0.0
970.0,820.0,1000.1697,0.0
980.0,820.0,999.61053,0.0
990.0,820.0,999.339,0.0
1000.0,820.0,999.355,0.0
1010.0,820.0,999.65875,0.0
1020.0,820.0,1000.25,0.0
1030.0,820.0,1001.12885,0.0
1040.0,820.0,1002.296,0.0
1050.0,820.0,1003.75165,0.0
1060.0,820.0,1005.49536,0.0
1070.0,820.0,1007.5276,0.0
1080.0,820.0,1009.848,0.0
1090.0,820.0,1012.4577,0.0
1100.0,820.0,1015.3557,0.0
1110.0,820.0,1018.543,0.0
1120.0,820.0,1022.0193,0.0
1130.0,820.0,1025.7843,0.0
1140.0,820.0,1029.8397,0.0
1150.0,820.0,1034.1838,0.0
1160.0,820.0,1038.818,0.0
1170.0,820.0,1043.7421,0.0
1180.0,820.0,1048.9559,0.0
1190.0,820.0,1054.4591,0.0
1200.0,820.0,1060.2529,0.0
1210.0,820.0,1066.3368,0.0
1220.0,820.0,1072.7118,0.0
1230.0,820.0,1079.3774,0.0
1240.0,820.0,1086.3331,0.0
1250.0,820.0,1093.5803,0.0
1260.0,820.0,1101.1183,0.0
1270.0,820.0,1108.9474,0.0
1280.0,820.0,1117.0679,0.0
1290.0,820.0,1125.479,0.0
1300.0,820.0,1134.1827,0.0
1310.0,820.0,1143.1777,0.0
1320.0,820.0,1152.4641,0.0
1330.0,820.0,1162.0433,0.0
1340.0,820.0,1171.9136,0.0
1350.0,820.0,1182.0769,0.0
1360.0,820.0,1192.5317,0.0
1370.0,820.0,1203.2786,0.0
1380.0,820.0,1214.3182,0.0
1390.0,820.0,1225.6499,0.0
1400.0,820.0,1237.2743,0.0
1410.0,820.0,1249.1926,0.0
1420.0,820.0,1261.4042,0.0
1430.0,820.0,1273.9103,0.0
1440.0,820.0,1286.7095,0.0
1450.0,820.0,1299.8026,0.0
1460.0,820.0,1313.1892,0.0
1470.0,820.0,1326.87,0.0
1480.0,820.0,1340.8438,0.0
1490.0,820.0,1355.1123,0.0
1500.0,820.0,1369.6752,0.0
1510.0,820.0,1384.5322,0.0
1520.0,820.0,1399.6841,0.0
1530.0,820.0,1415.1309,0.0
1540.0,820.0,1430.8718,0.0
1550.0,820.0,1446.9084,0.0
1560.0,820.0,1463.2399,0.0
1570.0,820.0,1479.8663,0.0
1580.0,820.0,1496.7881,0.0
1590.0,820.0,1514.0057,0.0
1600.0,820.0,1531.5193,0.0
1610.0,820.0,1549.3276,0.0
1620.0,820.0,1567.4326,0.0
1630.0,820.0,1585.8329,0.0
1640.0,820.0,1604.5297,0.0
1650.0,820.0,1623.5225,0.0
1660.0,820.0,1642.8124,0.0
1670.0,820.0,1662.3982,0.0
1680.0,820.0,1682.2806,0.0
1690.0,820.0,1702.4597,0.0
1700.0,820.0,1722.9362,0.0
1710.0,820.0,1743.71,0.0
1720.0,820.0,1764.7797,0.0
1730.0,820.0,1786.1477,0.0
1740.0,820.0,1807.8124,0.0
1750.0,820.0,1829.7747,0.0
1760.0,820.0,1852.0358,0.0
1770.0,820.0,1874.594,0.0
1780.0,820.0,1897.4496,0.0
1790.0,820.0,1920.6034,0.0
1800.0,820.0,1944.0552,0.0
-200.0,830.0,39270.906,1.0
-190.0,830.0,39270.906,1.0
-180.0,830.0,39270.906,1.0
-170.0,830.0,39270.906,1.0
-160.0,830.0,39270.906,1.0
-150.0,830.0,39270.906,1.0
-140.0,830.0,39270.906,1.0
-130.0,830.0,39270.906,1.0
-120.0,830.0,39270.906,1.0
-110.0,830.0,39270.906,1.0
-100.0,830.0,39270.906,1.0
-90.0,830.0,39270.906,1.0
-80.0,830.0,39270.906,1.0
-70.0,830.0,39270.906,1.0
-60.0,830.0,39270.906,1.0
-50.0,830.0,39270.906,1.0
-40.0,830.0,39270.906,1.0
-30.0,830.0,39270.906,1.0
-20.0,830.0,39270.906,1.0
-10.0,830.0,39270.906,1.0
0.0,830.0,39270.906,1.0
10.0,830.0,39270.906,1.0
20.0,830.0,39270.906,1.0
30.0,830.0,39270.906,1.0
40.0,830.0,39270.906,1.0
50.0,830.0,39270.906,1.0
60.0,830.0,39270.906,1.0
70.0,830.0,39270.906,1.0
80.0,830.0,2185.539,0.0
90.0,830.0,2160.1216,0.0
100.0,830.0,2134.9802,0.0
110.0,830.0,2110.1162,0.0
120.0,830.0,2085.5278,0.0
130.0,830.0,2061.2163,0.0
140.0,830.0,2037.1798,0.0
150.0,830.0,2013.4214,0.0
160.0,830.0,1989.9387,0.0
170.0,830.0,1966.7324,0.0
180.0,830.0,1943.8025,0.0
190.0,830.0,1921.1499,0.0
200.0,830.0,1898.7732,0.0
210.0,830.0,1876.6736,0.0
220.0,830.0,1854.8508,0.0
230.0,830.0,1833.3049,0.0
240.0,830.0,1812.0361,0.0
250.0,830.0,1791.0442,0.0
260.0,830.0,1770.3285,0.0
270.0,830.0,1749.8907,0.0
280.0,830.0,1729.7292,0.0
290.0,830.0,1709.8457,0.0
300.0,830.0,1690.2395,0.0
310.0,830.0,1670.9099,0.0
320.0,830.0,1651.8578,0.0
330.0,830.0,1633.0833,0.0
340.0,830.0,1614.5856,0.0
350.0,830.0,1596.366,0.0
360.0,830.0,1578.424,0.0
370.0,830.0,1560.7593,0.0
380.0,830.0,1543.3723,0.0
390.0,830.0,1526.2637,0.0
400.0,830.0,1509.4324,0.0
410.0,830.0,1492.8793,0.0
420.0,830.0,1476.6045,0.0
430.0,830.0,1460.6072,0.0
440.0,830.0,1444.888,0.0
450.0,830.0,1429.4474,0.0
460.0,830.0,1414.2854,0.0
470.0,830.0,1399.402,0.0
480.0,830.0,1384.7968,0.0
490.0,830.0,1370.4705,0.0
500.0,830.0,1356.4224,0.0
510.0,830.0,1342.6528,0.0
520.0,830.0,1329.1621,0.0
530.0,830.0,1315.9507,0.0
540.0,830.0,1303.0181,0.0
550.0,830.0,1290.3646,0.0
560.0,830.0,1277.991,0.0
570.0,830.0,1265.897,0.0
580.0,830.0,1254.0813,0.0
590.0,830.0,1242.5461,0.0
600.0,830.0,1231.2899,0.0
610.0,830.0,1220.3134,0.0
620.0,830.0,1209.6166,0.0
630.0,830.0,1199.1998,0.0
640.0,830.0,1189.063,0.0
650.0,830.0,1179.2063,0.0
660.0,830.0,1169.63,0.0
670.0,830.0,1160.3339,0.0
680.0,830.0,1151.318,0.0
690.0,830.0,1142.5825,0.0
700.0,830.0,1134.1283,0.0
710.0,830.0,1125.9541,0.0
720.0,830.0,1118.0615,0.0
730.0,830.0,1110.4492,0.0
740.0,830.0,1103.1183,0.0
750.0,830.0,1096.0684,0.0
760.0,830.0,1089.3,0.0
770.0,830.0,1082.8132,0.0
780.0,830.0,1076.6074,0.0
790.0,830.0,1070.6833,0.0
800.0,830.0,1065.0409,0.0
810.0,830.0,1059.6804,0.0
820.0,830.0,1054.6017,0.0
830.0,830.0,1049.8053,0.0
840.0,830.0,1045.291,0.0
850.0,830.0,1041.0593,0.0
860.0,830.0,1037.1101,0.0
870.0,830.0,1033.4427,0.0
880.0,830.0,1030.0587,0.0
890.0,830.0,1026.9573,0.0
900.0,830.0,1024.139,0.0
910.0,830.0,1021.60376,0.0
920.0,830.0,1019.35144,0.0
930.0,830.0,1017.3823,0.0
940.0,830.0,1015.6968,0.0
950.0,830.0,1014.2949,0.0
960.0,830.0,1013.1765,0.0
970.0,830.0,1012.3417,0.0
980.0,830.0,1011.791,0.0
990.0,830.0,1011.52466,0.0
1000.0,830.0,1011.542,0.0
1010.0,830.0,1011.844,0.0
1020.0,830.0,1012.43,0.0
1030.0,830.0,1013.30115,0.0
1040.0,830.0,1014.45636,0.0
1050.0,830.0,1015.897,0.0
1060.0,830.0,1017.622,0.0
1070.0,830.0,1019.6321,0.0
1080.0,830.0,1021.9276,0.0
1090.0,830.0,1024.5085,0.0
1100.0,830.0,1027.3745,0.0
1110.0,830.0,1030.5269,0.0
1120.0,830.0,1033.9644,0.0
1130.0,830.0,1037.6875,0.0
1140.0,830.0,1041.6967,0.0
1150.0,830.0,1045.9922,0.0
1160.0,830.0,1050.574,0.0
1170.0,830.0,1055.442,0.0
1180.0,830.0,1060.5962,0.0
1190.0,830.0,1066.0378,0.0
1200.0,830.0,1071.7654,0.0
1210.0,830.0,1077.7805,0.0
1220.0,830.0,1084.082,0.0
1230.0,830.0,1090.6713,0.0
1240.0,830.0,1097.5476,0.0
1250.0,830.0,1104.7117,0.0
1260.0,830.0,1112.1627,0.0
1270.0,830.0,1119.9022,0.0
1280.0,830.0,1127.929,0.0
1290.0,830.0,1136.244,0.0
1300.0,830.0,1144.8469,0.0
1310.0,830.0,1153.7378,0.0
1320.0,830.0,1162.918,0.0
1330.0,830.0,1172.386,0.0
1340.0,830.0,1182.1426,0.0
1350.0,830.0,1192.188,0.0
1360.0,830.0,1202.5217,0.0
1370.0,830.0,1213.1448,0.0
1380.0,830.0,1224.0563,0.0
1390.0,830.0,1235.2566,0.0
1400.0,830.0,1246.7463,0.0
1410.0,830.0,1258.5259,0.0
1420.0,830.0,1270.5953,0.0
1430.0,830.0,1282.9552,0.0
1440.0,830.0,1295.6058,0.0
1450.0,830.0,1308.5465,0.0
1460.0,830.0,1321.7781,0.0
1470.0,830.0,1335.2988,0.0
1480.0,830.0,1349.1104,0.0
1490.0,830.0,1363.2119,0.0
1500.0,830.0,1377.6049,0.0
1510.0,830.0,1392.2885,0.0
1520.0,830.0,1407.2637,0.0
1530.0,830.0,1422.5298,0.0
1540.0,830.0,1438.087,0.0
1550.0,830.0,1453.936,0.0
1560.0,830.0,1470.076,0.0
1570.0,830.0,1486.5083,0.0
1580.0,830.0,1503.2319,0.0
1590.0,830.0,1520.2478,0.0
1600.0,830.0,1537.5557,0.0
1610.0,830.0,1555.1555,0.0
1620.0,830.0,1573.0482,0.0
1630.0,830.0,1591.2329,0.0
1640.0,830.0,1609.71,0.0
1650.0,830.0,1628.4803,0.0
1660.0,830.0,1647.5431,0.0
1670.0,830.0,1666.8987,0.0
1680.0,830.0,1686.548,0.0
1690.0,830.0,1706.49,0.0
1700.0,830.0,1726.7251,0.0
1710.0,830.0,1747.2545,0.0
1720.0,830.0,1768.0767,0.0
1730.0,830.0,1789.1926,0.0
1740.0,830.0,1810.6024,0.0
1750.0,830.0,1832.3059,0.0
1760.0,830.0,1854.3047,0.0
1770.0,830.0,1876.5968,0.0
1780.0,830.0,1899.1832,0.0
1790.0,830.0,1922.0642,0.0
1800.0,830.0,1945.2393,0.0
-200.0,840.0,39270.906,1.0
-190.0,840.0,39270.906,1.0
-180.0,840.0,39270.906,1.0
-170.0,840.0,39270.906,1.0
-160.0,840.0,39270.906,1.0
-150.0,840.0,39270.906,1.0
-140.0,840.0,39270.906,1.0
-130.0,840.0,39270.906,1.0
-120.0,840.0,39270.906,1.0
-110.0,840.0,39270.906,1.0
-100.0,840.0,39270.906,1.0
-90.0,840.0,39270.906,1.0
-80.0,840.0,39270.906,1.0
-70.0,840.0,39270.906,1.0
-60.0,840.0,39270.906,1.0
-50.0,840.0,39270.906,1.0
-40.0,840.0,39270.906,1.0
-30.0,840.0,39270.906,1.0
-20.0,840.0,39270.906,1.0
-10.0,840.0,39270.906,1.0
0.0,840.0,39270.906,1.0
10.0,840.0,39270.906,1.0
20.0,840.0,39270.906,1.0
30.0,840.0,39270.906,1.0
40.0,840.0,39270.906,1.0
50.0,840.0,39270.906,1.0
60.0,840.0,39270.906,1.0
70.0,840.0,39270.906,1.0
80.0,840.0,39270.906,1.0
90.0,840.0,2159.0667,0.0
100.0,840.0,2134.2134,0.0
110.0,840.0,2109.6323,0.0
120.0,840.0,2085.3245,0.0
130.0,840.0,2061.2913,0.0
140.0,840.0,2037.5295,0.0
150.0,840.0,2014.0421,0.0
160.0,840.0,1990.8276,0.0
170.0,840.0,1967.8867,0.0
180.0,840.0,1945.219,0.0
190.0,840.0,1922.825,0.0
200.0,840.0,1900.7048,0.0
210.0,840.0,1878.8575,0.0
220.0,840.0,1857.285,0.0
230.0,840.0,1835.9856,0.0
240.0,840.0,1814.9603,0.0
250.0,840.0,1794.2083,0.0
260.0,840.0,1773.7302,0.0
270.0,840.0,1753.5261,0.0
280.0,840.0,1733.5962,0.0
290.0,840.0,1713.94,0.0
300.0,840.0,1694.5579,0.0
310.0,840.0,1675.4503,0.0
320.0,840.0,1656.6165,0.0
330.0,840.0,1638.057,0.0
340.0,840.0,1619.7717,0.0
350.0,840.0,1601.7611,0.0
360.0,840.0,1584.0249,0.0
370.0,840.0,1566.563,0.0
380.0,840.0,1549.3755,0.0
390.0,840.0,1532.4636,0.0
400.0,840.0,1515.8257,0.0
410.0,840.0,1499.4626,0.0
420.0,840.0,1483.3749,0.0
430.0,840.0,1467.5609,0.0
440.0,840.0,1452.0232,0.0
450.0,840.0,1436.76,0.0
460.0,840.0,1421.773,0.0
470.0,840.0,1407.0605,0.0
480.0,840.0,1392.6238,0.0
490.0,840.0,1378.462,0.0
500.0,840.0,1364.5758,0.0
510.0,840.0,1350.9651,0.0
520.0,840.0,1337.6305,0.0
530.0,840.0,1324.5709,0.0
540.0,840.0,1311.788,0.0
550.0,840.0,1299.2814,0.0
560.0,840.0,1287.0503,0.0
570.0,840.0,1275.096,0.0
580.0,840.0,1263.4172,0.0
590.0,840.0,1252.0151,0.0
600.0,840.0,1240.8889,0.0
610.0,840.0,1230.0396,0.0
620.0,840.0,1219.4668,0.0
630.0,840.0,1209.1709,0.0
640.0,840.0,1199.1521,0.0
650.0,840.0,1189.4099,0.0
660.0,840.0,1179.9446,0.0
670.0,840.0,1170.7563,0.0
680.0,840.0,1161.8455,0.0
690.0,840.0,1153.2119,0.0
700.0,840.0,1144.856,0.0
710.0,840.0,1136.777,0.0
720.0,840.0,1128.9763,0.0
730.0,840.0,1121.4532,0.0
740.0,840.0,1114.208,0.0
750.0,840.0,1107.2406,0.0
760.0,840.0,1100.5514,0.0
770.0,840.0,1094.1406,0.0
780.0,840.0,1088.008,0.0
790.0,840.0,1082.1537,0.0
800.0,840.0,1076.5776,0.0
810.0,840.0,1071.2802,0.0
820.0,840.0,1066.2621,0.0
830.0,840.0,1061.5221,0.0
840.0,840.0,1057.0618,0.0
850.0,840.0,1052.8804,0.0
860.0,840.0,1048.978,0.0
870.0,840.0,1045.3552,0.0
880.0,840.0,1042.0116,0.0
890.0,840.0,1038.9475,0.0
900.0,840.0,1036.1636,0.0
910.0,840.0,1033.6587,0.0
920.0,840.0,1031.4348,0.0
930.0,840.0,1029.49,0.0
940.0,840.0,1027.8257,0.0
950.0,840.0,1026.4409,0.0
960.0,840.0,1025.3378,0.0
970.0,840.0,1024.514,0.0
980.0,840.0,1023.97174,0.0
990.0,840.0,1023.71014,0.0
1000.0,840.0,1023.7293,0.0
1010.0,840.0,1024.0295,0.0
1020.0,840.0,1024.6106,0.0
1030.0,840.0,1025.4736,0.0
1040.0,840.0,1026.6174,0.0
1050.0,840.0,1028.043,0.0
1060.0,840.0,1029.7502,0.0
1070.0,840.0,1031.739,0.0
1080.0,840.0,1034.0098,0.0
1090.0,840.0,1036.5625,0.0
1100.0,840.0,1039.3976,0.0
1110.0,840.0,1042.515,0.0
1120.0,840.0,1045.9146,0.0
1130.0,840.0,1049.5969,0.0
1140.0,840.0,1053.5615,0.0
1150.0,840.0,1057.8091,0.0
1160.0,840.0,1062.3394,0.0
1170.0,840.0,1067.1533,0.0
1180.0,840.0,1072.2502,0.0
1190.0,840.0,1077.63,0.0
1200.0,840.0,1083.2932,0.0
1210.0,840.0,1089.2402,0.0
1220.0,840.0,1095.4708,0.0
1230.0,840.0,1101.9858,0.0
1240.0,840.0,1108.7842,0.0
1250.0,840.0,1115.8673,0.0
1260.0,840.0,1123.234,0.0
1270.0,840.0,1130.8856,0.0
1280.0,840.0,1138.8208,0.0
1290.0,840.0,1147.0415,0.0
1300.0,840.0,1155.5461,0.0
1310.0,840.0,1164.3362,0.0
1320.0,840.0,1173.4109,0.0
1330.0,840.0,1182.7708,0.0
1340.0,840.0,1192.4165,0.0
1350.0,840.0,1202.3469,0.0
1360.0,840.0,1212.563,0.0
1370.0,840.0,1223.0643,0.0
1380.0,840.0,1233.8508,0.0
1390.0,840.0,1244.9233,0.0
1400.0,840.0,1256.281,0.0
1410.0,840.0,1267.9252,0.0
1420.0,840.0,1279.8558,0.0
1430.0,840.0,1292.0732,0.0
1440.0,840.0,1304.5789,0.0
1450.0,840.0,1317.3705,0.0
1460.0,840.0,1330.4492,0.0
1470.0,840.0,1343.8152,0.0
1480.0,840.0,1357.4675,0.0
1490.0,840.0,1371.4066,0.0
1500.0,840.0,1385.6335,0.0
1510.0,840.0,1400.1478,0.0
1520.0,840.0,1414.95,0.0
1530.0,840.0,1430.0394,0.0
1540.0,840.0,1445.4172,0.0
1550.0,840.0,1461.0834,0.0
1560.0,840.0,1477.0366,0.0
1570.0,840.0,1493.2787,0.0
1580.0,840.0,1509.8091,0.0
1590.0,840.0,1526.6277,0.0
1600.0,840.0,1543.7358,0.0
1610.0,840.0,1561.1313,0.0
1620.0,840.0,1578.8167,0.0
1630.0,840.0,1596.7908,0.0
1640.0,840.0,1615.0531,0.0
1650.0,840.0,1633.606,0.0
1660.0,840.0,1652.4478,0.0
1670.0,840.0,1671.5786,0.0
1680.0,840.0,1690.9993,0.0
1690.0,840.0,1710.7098,0.0
1700.0,840.0,1730.7102,0.0
1710.0,840.0,1751.0004,0.0
1720.0,840.0,1771.5803,0.0
1730.0,840.0,1792.4512,0.0
1740.0,840.0,1813.6113,0.0
1750.0,840.0,1835.0623,0.0
1760.0,840.0,1856.8044,0.0
1770.0,840.0,1878.8374,0.0
1780.0,840.0,1901.1604,0.0
1790.0,840.0,1923.7748,0.0
1800.0,840.0,1946.6798,0.0
-200.0,850.0,39270.906,1.0
-190.0,850.0,39270.906,1.0
-180.0,850.0,39270.906,1.0
-170.0,850.0,39270.906,1.0
-160.0,850.0,39270.906,1.0
-150.0,850.0,39270.906,1.0
-140.0,850.0,39270.906,1.0
-130.0,850.0,39270.906,1.0
-120.0,850.0,39270.906,1.0
-110.0,850.0,39270.906,1.0
-100.0,850.0,39270.906,1.0
-90.0,850.0,39270.906,1.0
-80.0,850.0,39270.906,1.0
-70.0,850.0,39270.906,1.0
-60.0,850.0,39270.906,1.0
-50.0,850.0,39270.906,1.0
-40.0,850.0,39270.906,1.0
-30.0,850.0,39270.906,1.0
-20.0,850.0,39270.906,1.0
-10.0,850.0,39270.906,1.0
0.0,850.0,39270.906,1.0
10.0,850.0,39270.906,1.0
20.0,850.0,39270.906,1.0
30.0,850.0,39270.906,1.0
40.0,850.0,39270.906,1.0
50.0,850.0,39270.906,1.0
60.0,850.0,39270.906,1.0
70.0,850.0,39270.906,1.0
80.0,850.0,39270.906,1.0
90.0,850.0,39270.906,1.0
100.0,850.0,2133.7373,0.0
110.0,850.0,2109.434,0.0
120.0,850.0,2085.4016,0.0
130.0,850.0,2061.6392,0.0
140.0,850.0,2038.1461,0.0
150.0,850.0,2014.9238,0.0
160.0,850.0,1991.9716,0.0
170.0,850.0,1969.29,0.0
180.0,850.0,1946.879,0.0
190.0,850.0,1924.738,0.0
200.0,850.0,1902.8677,0.0
210.0,850.0,1881.2683,0.0
220.0,850.0,1859.9392,0.0
230.0,850.0,1838.8807,0.0
240.0,850.0,1818.093,0.0
250.0,850.0,1797.576,0.0
260.0,850.0,1777.3298,0.0
270.0,850.0,1757.3545,0.0
280.0,850.0,1737.65,0.0
290.0,850.0,1718.2166,0.0
300.0,850.0,1699.0548,0.0
310.0,850.0,1680.163,0.0
320.0,850.0,1661.5427,0.0
330.0,850.0,1643.1938,0.0
340.0,850.0,1625.116,0.0
350.0,850.0,1607.3096,0.0
360.0,850.0,1589.7749,0.0
370.0,850.0,1572.5112,0.0
380.0,850.0,1555.519,0.0
390.0,850.0,1538.7991,0.0
400.0,850.0,1522.3501,0.0
410.0,850.0,1506.1731,0.0
420.0,850.0,1490.2672,0.0
430.0,850.0,1474.6343,0.0
440.0,850.0,1459.273,0.0
450.0,850.0,1444.184,0.0
460.0,850.0,1429.3663,0.0
470.0,850.0,1414.8217,0.0
480.0,850.0,1400.5496,0.0
490.0,850.0,1386.5488,0.0
500.0,850.0,1372.8204,0.0
510.0,850.0,1359.3651,0.0
520.0,850.0,1346.1821,0.0
530.0,850.0,1333.2722,0.0
540.0,850.0,1320.6353,0.0
550.0,850.0,1308.2714,0.0
560.0,850.0,1296.1803,0.0
570.0,850.0,1284.3622,0.0
580.0,850.0,1272.817,0.0
590.0,850.0,1261.5455,0.0
600.0,850.0,1250.5469,0.0
610.0,850.0,1239.8218,0.0
620.0,850.0,1229.3704,0.0
630.0,850.0,1219.1924,0.0
640.0,850.0,1209.2878,0.0
650.0,850.0,1199.658,0.0
660.0,850.0,1190.3016,0.0
670.0,850.0,1181.2189,0.0
680.0,850.0,1172.4104,0.0
690.0,850.0,1163.8765,0.0
700.0,850.0,1155.6163,0.0
710.0,850.0,1147.6311,0.0
720.0,850.0,1139.9202,0.0
730.0,850.0,1132.4841,0.0
740.0,850.0,1125.3225,0.0
750.0,850.0,1118.4363,0.0
760.0,850.0,1111.8245,0.0
770.0,850.0,1105.4878,0.0
780.0,850.0,1099.4268,0.0
790.0,850.0,1093.6401,0.0
800.0,850.0,1088.1294,0.0
810.0,850.0,1082.8933,0.0
820.0,850.0,1077.9342,0.0
830.0,850.0,1073.25,0.0
840.0,850.0,1068.842,0.0
850.0,850.0,1064.7097,0.0
860.0,850.0,1060.8534,0.0
870.0,850.0,1057.2734,0.0
880.0,850.0,1053.9694,0.0
890.0,850.0,1050.9423,0.0
900.0,850.0,1048.1912,0.0
910.0,850.0,1045.7169,0.0
920.0,850.0,1043.5195,0.0
930.0,850.0,1041.5989,0.0
940.0,850.0,1039.9557,0.0
950.0,850.0,1038.5889,0.0
960.0,850.0,1037.4994,0.0
970.0,850.0,1036.6873,0.0
980.0,850.0,1036.1528,0.0
990.0,850.0,1035.8956,0.0
1000.0,850.0,1035.9166,0.0
1010.0,850.0,1036.215,0.0
1020.0,850.0,1036.7917,0.0
1030.0,850.0,1037.6464,0.0
1040.0,850.0,1038.779,0.0
1050.0,850.0,1040.19,0.0
1060.0,850.0,1041.8794,0.0
1070.0,850.0,1043.8479,0.0
1080.0,850.0,1046.0942,0.0
1090.0,850.0,1048.6194,0.0
1100.0,850.0,1051.4241,0.0
1110.0,850.0,1054.5077,0.0
1120.0,850.0,1057.8701,0.0
1130.0,850.0,1061.5122,0.0
1140.0,850.0,1065.4331,0.0
1150.0,850.0,1069.6345,0.0
1160.0,850.0,1074.115,0.0
1170.0,850.0,1078.8752,0.0
1180.0,850.0,1083.9158,0.0
1190.0,850.0,1089.2361,0.0
1200.0,850.0,1094.8362,0.0
1210.0,850.0,1100.7173,0.0
1220.0,850.0,1106.8783,0.0
1230.0,850.0,1113.3201,0.0
1240.0,850.0,1120.043,0.0
1250.0,850.0,1127.0463,0.0
1260.0,850.0,1134.3306,0.0
1270.0,850.0,1141.896,0.0
1280.0,850.0,1149.7426,0.0
1290.0,850.0,1157.8706,0.0
1300.0,850.0,1166.2797,0.0
1310.0,850.0,1174.9705,0.0
1320.0,850.0,1183.9436,0.0
1330.0,850.0,1193.1975,0.0
1340.0,850.0,1202.7336,0.0
1350.0,850.0,1212.5525,0.0
1360.0,850.0,1222.6531,0.0
1370.0,850.0,1233.0355,0.0
1380.0,850.0,1243.7002,0.0
1390.0,850.0,1254.6475,0.0
1400.0,850.0,1265.877,0.0
1410.0,850.0,1277.3882,0.0
1420.0,850.0,1289.1837,0.0
1430.0,850.0,1301.2621,0.0
1440.0,850.0,1313.625,0.0
1450.0,850.0,1326.2715,0.0
1460.0,850.0,1339.2018,0.0
1470.0,850.0,1352.4155,0.0
1480.0,850.0,1365.9119,0.0
1490.0,850.0,1379.6929,0.0
1500.0,850.0,1393.7576,0.0
1510.0,850.0,1408.1063,0.0
1520.0,850.0,1422.7393,0.0
1530.0,850.0,1437.6572,0.0
1540.0,850.0,1452.8591,0.0
1550.0,850.0,1468.3455,0.0
1560.0,850.0,1484.1172,0.0
1570.0,850.0,1500.1733,0.0
1580.0,850.0,1516.5148,0.0
1590.0,850.0,1533.1414,0.0
1600.0,850.0,1550.0532,0.0
1610.0,850.0,1567.2505,0.0
1620.0,850.0,1584.7325,0.0
1630.0,850.0,1602.5002,0.0
1640.0,850.0,1620.5546,0.0
1650.0,850.0,1638.8939,0.0
1660.0,850.0,1657.5194,0.0
1670.0,850.0,1676.4309,0.0
1680.0,850.0,1695.6287,0.0
1690.0,850.0,1715.1127,0.0
1700.0,850.0,1734.8832,0.0
1710.0,850.0,1754.9406,0.0
1720.0,850.0,1775.284,0.0
1730.0,850.0,1795.9146,0.0
1740.0,850.0,1816.832,0.0
1750.0,850.0,1838.0355,0.0
1760.0,850.0,1859.5277,0.0
1770.0,850.0,1881.3064,0.0
1780.0,850.0,1903.3723,0.0
1790.0,850.0,1925.7264,0.0
1800.0,850.0,1948.3674,0.0
-200.0,860.0,39270.906,1.0
-190.0,860.0,39270.906,1.0
-180.0,860.0,39270.906,1.0
-170.0,860.0,39270.906,1.0
-160.0,860.0,39270.906,1.0
-150.0,860.0,39270.906,1.0
-140.0,860.0,39270.906,1.0
-130.0,860.0,39270.906,1.0
-120.0,860.0,39270.906,1.0
-110.0,860.0,39270.906,1.0
-100.0,860.0,39270.906,1.0
-90.0,860.0,39270.906,1.0
-80.0,860.0,39270.906,1.0
-70.0,860.0,39270.906,1.0
-60.0,860.0,39270.906,1.0
-50.0,860.0,39270.906,1.0
-40.0,860.0,39270.906,1.0
-30.0,860.0,39270.906,1.0
-20.0,860.0,39270.906,1.0
-10.0,860.0,39270.906,1.0
0.0,860.0,39270.906,1.0
10.0,860.0,39270.906,1.0
20.0,860.0,39270.906,1.0
30.0,860.0,39270.906,1.0
40.0,860.0,39270.906,1.0
50.0,860.0,39270.906,1.0
60.0,860.0,39270.906,1.0
70.0,860.0,39270.906,1.0
80.0,860.0,39270.906,1.0
90.0,860.0,39270.906,1.0
100.0,860.0,39270.906,1.0
110.0,860.0,2109.5137,0.0
120.0,860.0,2085.749,0.0
130.0,860.0,2062.2515,0.0
140.0,860.0,2039.0206,0.0
150.0,860.0,2016.0579,0.0
160.0,860.0,1993.3623,0.0
170.0,860.0,1970.9341,0.0
180.0,860.0,1948.7736,0.0
190.0,860.0,1926.8802,0.0
200.0,860.0,1905.2549,0.0
210.0,860.0,1883.8969,0.0
220.0,860.0,1862.8062,0.0
230.0,860.0,1841.9836,0.0
240.0,860.0,1821.4285,0.0
250.0,860.0,1801.1409,0.0
260.0,860.0,1781.1216,0.0
270.0,860.0,1761.3698,0.0
280.0,860.0,1741.886,0.0
290.0,860.0,1722.6704,0.0
300.0,860.0,1703.7225,0.0
310.0,860.0,1685.0435,0.0
320.0,860.0,1666.6316,0.0
330.0,860.0,1648.4883,0.0
340.0,860.0,1630.6135,0.0
350.0,860.0,1613.0066,0.0
360.0,860.0,1595.6685,0.0
370.0,860.0,1578.5986,0.0
380.0,860.0,1561.7974,0.0
390.0,860.0,1545.2649,0.0
400.0,860.0,1529.0006,0.0
410.0,860.0,1513.0051,0.0
420.0,860.0,1497.2788,0.0
430.0,860.0,1481.821,0.0
440.0,860.0,1466.6326,0.0
450.0,860.0,1451.7131,0.0
460.0,860.0,1437.0636,0.0
470.0,860.0,1422.6819,0.0
480.0,860.0,1408.5701,0.0
490.0,860.0,1394.7273,0.0
500.0,860.0,1381.1543,0.0
510.0,860.0,1367.8502,0.0
520.0,860.0,1354.8157,0.0
530.0,860.0,1342.0522,0.0
540.0,860.0,1329.5576,0.0
550.0,860.0,1317.3335,0.0
560.0,860.0,1305.3793,0.0
570.0,860.0,1293.6942,0.0
580.0,860.0,1282.2797,0.0
590.0,860.0,1271.1355,0.0
600.0,860.0,1260.2615,0.0
610.0,860.0,1249.658,0.0
620.0,860.0,1239.325,0.0
630.0,860.0,1229.2622,0.0
640.0,860.0,1219.471,0.0
650.0,860.0,1209.9497,0.0
660.0,860.0,1200.6995,0.0
670.0,860.0,1191.7203,0.0
680.0,860.0,1183.012,0.0
690.0,860.0,1174.575,0.0
700.0,860.0,1166.4092,0.0
710.0,860.0,1158.5149,0.0
720.0,860.0,1150.8923,0.0
730.0,860.0,1143.541,0.0
740.0,860.0,1136.4615,0.0
750.0,860.0,1129.6538,0.0
760.0,860.0,1123.1179,0.0
770.0,860.0,1116.8544,0.0
780.0,860.0,1110.8623,0.0
790.0,860.0,1105.1423,0.0
800.0,860.0,1099.6953,0.0
810.0,860.0,1094.5203,0.0
820.0,860.0,1089.6179,0.0
830.0,860.0,1084.9879,0.0
840.0,860.0,1080.6312,0.0
850.0,860.0,1076.5466,0.0
860.0,860.0,1072.7358,0.0
870.0,860.0,1069.1973,0.0
880.0,860.0,1065.9329,0.0
890.0,860.0,1062.9412,0.0
900.0,860.0,1060.2227,0.0
910.0,860.0,1057.7784,0.0
920.0,860.0,1055.6069,0.0
930.0,860.0,1053.71,0.0
940.0,860.0,1052.0862,0.0
950.0,860.0,1050.737,0.0
960.0,860.0,1049.6616,0.0
970.0,860.0,1048.8601,0.0
980.0,860.0,1048.3339,0.0
990.0,860.0,1048.0815,0.0
1000.0,860.0,1048.1038,0.0
1010.0,860.0,1048.4005,0.0
1020.0,860.0,1048.9728,0.0
1030.0,860.0,1049.8193,0.0
1040.0,860.0,1050.9409,0.0
1050.0,860.0,1052.3381,0.0
1060.0,860.0,1054.0098,0.0
1070.0,860.0,1055.9575,0.0
1080.0,860.0,1058.181,0.0
1090.0,860.0,1060.6798,0.0
1100.0,860.0,1063.4542,0.0
1110.0,860.0,1066.5046,0.0
1120.0,860.0,1069.8314,0.0
1130.0,860.0,1073.4337,0.0
1140.0,860.0,1077.3126,0.0
1150.0,860.0,1081.4677,0.0
1160.0,860.0,1085.8997,0.0
1170.0,860.0,1090.6079,0.0
1180.0,860.0,1095.5933,0.0
1190.0,860.0,1100.8552,0.0
1200.0,860.0,1106.3938,0.0
1210.0,860.0,1112.21,0.0
1220.0,860.0,1118.3031,0.0
1230.0,860.0,1124.6738,0.0
1240.0,860.0,1131.3223,0.0
1250.0,860.0,1138.248,0.0
1260.0,860.0,1145.4518,0.0
1270.0,860.0,1152.9331,0.0
1280.0,860.0,1160.6926,0.0
1290.0,860.0,1168.7301,0.0
1300.0,860.0,1177.0459,0.0
1310.0,860.0,1185.6401,0.0
1320.0,860.0,1194.5128,0.0
1330.0,860.0,1203.6637,0.0
1340.0,860.0,1213.0936,0.0
1350.0,860.0,1222.803,0.0
1360.0,860.0,1232.791,0.0
1370.0,860.0,1243.0571,0.0
1380.0,860.0,1253.6025,0.0
1390.0,860.0,1264.4268,0.0
1400.0,860.0,1275.5308,0.0
1410.0,860.0,1286.9135,0.0
1420.0,860.0,1298.5762,0.0
1430.0,860.0,1310.5192,0.0
1440.0,860.0,1322.7422,0.0
1450.0,860.0,1335.2467,0.0
1460.0,860.0,1348.0315,0.0
1470.0,860.0,1361.0968,0.0
1480.0,860.0,1374.4418,0.0
1490.0,860.0,1388.0674,0.0
1500.0,860.0,1401.9739,0.0
1510.0,860.0,1416.1606,0.0
1520.0,860.0,1430.6289,0.0
1530.0,860.0,1445.3784,0.0
1540.0,860.0,1460.4086,0.0
1550.0,860.0,1475.7205,0.0
1560.0,860.0,1491.3141,0.0
1570.0,860.0,1507.1887,0.0
1580.0,860.0,1523.3455,0.0
1590.0,860.0,1539.7836,0.0
1600.0,860.0,1556.5044,0.0
1610.0,860.0,1573.5068,0.0
1620.0,860.0,1590.7913,0.0
1630.0,860.0,1608.3578,0.0
1640.0,860.0,1626.207,0.0
1650.0,860.0,1644.3386,0.0
1660.0,860.0,1662.7527,0.0
1670.0,860.0,1681.4497,0.0
1680.0,860.0,1700.4302,0.0
1690.0,860.0,1719.6931,0.0
1700.0,860.0,1739.2391,0.0
1710.0,860.0,1759.0684,0.0
1720.0,860.0,1779.1807,0.0
1730.0,860.0,1799.5764,0.0
1740.0,860.0,1820.256,0.0
1750.0,860.0,1841.219,0.0
1760.0,860.0,1862.4661,0.0
1770.0,860.0,1883.9968,0.0
1780.0,860.0,1905.8115,0.0
1790.0,860.0,1927.9115,0.0
1800.0,860.0,1950.2947,0.0
-200.0,870.0,39270.906,1.0
-190.0,870.0,39270.906,1.0
-180.0,870.0,39270.906,1.0
-170.0,870.0,39270.906,1.0
-160.0,870.0,39270.906,1.0
-150.0,870.0,39270.906,1.0
-140.0,870.0,39270.906,1.0
-130.0,870.0,39270.906,1.0
-120.0,870.0,39270.906,1.0
-110.0,870.0,39270.906,1.0
-100.0,870.0,39270.906,1.0
-90.0,870.0,39270.906,1.0
-80.0,870.0,39270.906,1.0
-70.0,870.0,39270.906,1.0
-60.0,870.0,39270.906,1.0
-50.0,870.0,39270.906,1.0
-40.0,870.0,39270.906,1.0
-30.0,870.0,39270.906,1.0
-20.0,870.0,39270.906,1.0
-10.0,870.0,39270.906,1.0
0.0,870.0,39270.906,1.0
10.0,870.0,39270.906,1.0
20.0,870.0,39270.906,1.0
30.0,870.0,39270.906,1.0
40.0,870.0,39270.906,1.0
50.0,870.0,39270.906,1.0
60.0,870.0,39270.906,1.0
70.0,870.0,39270.906,1.0
80.0,870.0,39270.906,1.0
90.0,870.0,39270.906,1.0
100.0,870.0,39270.906,1.0
110.0,870.0,39270.906,1.0
120.0,870.0,2086.3564,0.0
130.0,870.0,2063.1187,0.0
140.0,870.0,2040.1451,0.0
150.0,870.0,2017.4359,0.0
160.0,870.0,1994.9912,0.0
170.0,870.0,1972.811,0.0
180.0,870.0,1950.8951,0.0
190.0,870.0,1929.2437,0.0
200.0,870.0,1907.8577,0.0
210.0,870.0,1886.7357,0.0
220.0,870.0,1865.8789,0.0
230.0,870.0,1845.2872,0.0
240.0,870.0,1824.9592,0.0
250.0,870.0,1804.8962,0.0
260.0,870.0,1785.0984,0.0
270.0,870.0,1765.5657,0.0
280.0,870.0,1746.2981,0.0
290.0,870.0,1727.2947,0.0
300.0,870.0,1708.5569,0.0
310.0,870.0,1690.0845,0.0
320.0,870.0,1671.8771,0.0
330.0,870.0,1653.9352,0.0
340.0,870.0,1636.258,0.0
350.0,870.0,1618.8469,0.0
360.0,870.0,1601.7007,0.0
370.0,870.0,1584.8213,0.0
380.0,870.0,1568.2062,0.0
390.0,870.0,1551.8574,0.0
400.0,870.0,1535.7738,0.0
410.0,870.0,1519.956,0.0
420.0,870.0,1504.4044,0.0
430.0,870.0,1489.1187,0.0
440.0,870.0,1474.0996,0.0
450.0,870.0,1459.3458,0.0
460.0,870.0,1444.8591,0.0
470.0,870.0,1430.6375,0.0
480.0,870.0,1416.6833,0.0
490.0,870.0,1402.9945,0.0
500.0,870.0,1389.5725,0.0
510.0,870.0,1376.417,0.0
520.0,870.0,1363.5286,0.0
530.0,870.0,1350.9075,0.0
540.0,870.0,1338.5525,0.0
550.0,870.0,1326.4645,0.0
560.0,870.0,1314.6437,0.0
570.0,870.0,1303.0894,0.0
580.0,870.0,1291.8029,0.0
590.0,870.0,1280.7831,0.0
600.0,870.0,1270.0306,0.0
610.0,870.0,1259.5463,0.0
620.0,870.0,1249.3291,0.0
630.0,870.0,1239.3794,0.0
640.0,870.0,1229.6973,0.0
650.0,870.0,1220.2834,0.0
660.0,870.0,1211.137,0.0
670.0,870.0,1202.2589,0.0
680.0,870.0,1193.6487,0.0
690.0,870.0,1185.307,0.0
700.0,870.0,1177.233,0.0
710.0,870.0,1169.428,0.0
720.0,870.0,1161.8914,0.0
730.0,870.0,1154.6232,0.0
740.0,870.0,1147.6235,0.0
750.0,870.0,1140.8931,0.0
760.0,870.0,1134.4314,0.0
770.0,870.0,1128.2385,0.0
780.0,870.0,1122.3148,0.0
790.0,870.0,1116.6599,0.0
800.0,870.0,1111.2749,0.0
810.0,870.0,1106.1589,0.0
820.0,870.0,1101.3127,0.0
830.0,870.0,1096.7358,0.0
840.0,870.0,1092.4291,0.0
850.0,870.0,1088.392,0.0
860.0,870.0,1084.6246,0.0
870.0,870.0,1081.1279,0.0
880.0,870.0,1077.901,0.0
890.0,870.0,1074.9441,0.0
900.0,870.0,1072.258,0.0
910.0,870.0,1069.842,0.0
920.0,870.0,1067.6965,0.0
930.0,870.0,1065.8225,0.0
940.0,870.0,1064.2189,0.0
950.0,870.0,1062.8862,0.0
960.0,870.0,1061.8247,0.0
970.0,870.0,1061.034,0.0
980.0,870.0,1060.5149,0.0
990.0,870.0,1060.2671,0.0
1000.0,870.0,1060.2909,0.0
1010.0,870.0,1060.5865,0.0
1020.0,870.0,1061.154,0.0
1030.0,870.0,1061.9927,0.0
1040.0,870.0,1063.1039,0.0
1050.0,870.0,1064.4869,0.0
1060.0,870.0,1066.1421,0.0
1070.0,870.0,1068.0698,0.0
1080.0,870.0,1070.2701,0.0
1090.0,870.0,1072.7428,0.0
1100.0,870.0,1075.4877,0.0
1110.0,870.0,1078.5061,0.0
1120.0,870.0,1081.7971,0.0
1130.0,870.0,1085.3611,0.0
1140.0,870.0,1089.1986,0.0
1150.0,870.0,1093.3088,0.0
1160.0,870.0,1097.693,0.0
1170.0,870.0,1102.3508,0.0
1180.0,870.0,1107.282,0.0
1190.0,870.0,1112.4868,0.0
1200.0,870.0,1117.9656,0.0
1210.0,870.0,1123.718,0.0
1220.0,870.0,1129.7446,0.0
1230.0,870.0,1136.046,0.0
1240.0,870.0,1142.6217,0.0
1250.0,870.0,1149.4719,0.0
1260.0,870.0,1156.5968,0.0
1270.0,870.0,1163.9963,0.0
1280.0,870.0,1171.6704,0.0
1290.0,870.0,1179.6196,0.0
1300.0,870.0,1187.8442,0.0
1310.0,870.0,1196.3434,0.0
1320.0,870.0,1205.1185,0.0
1330.0,870.0,1214.1686,0.0
1340.0,870.0,1223.4949,0.0
1350.0,870.0,1233.0957,0.0
1360.0,870.0,1242.9736,0.0
1370.0,870.0,1253.1272,0.0
1380.0,870.0,1263.5557,0.0
1390.0,870.0,1274.2605,0.0
1400.0,870.0,1285.2415,0.0
1410.0,870.0,1296.4985,0.0
1420.0,870.0,1308.0312,0.0
1430.0,870.0,1319.8414,0.0
1440.0,870.0,1331.9288,0.0
1450.0,870.0,1344.2941,0.0
1460.0,870.0,1356.9365,0.0
1470.0,870.0,1369.8564,0.0
1480.0,870.0,1383.0533,0.0
1490.0,870.0,1396.5277,0.0
1500.0,870.0,1410.2788,0.0
1510.0,870.0,1424.308,0.0
1520.0,870.0,1438.6145,0.0
1530.0,870.0,1453.1996,0.0
1540.0,870.0,1468.0621,0.0
1550.0,870.0,1483.2031,0.0
1560.0,870.0,1498.6221,0.0
1570.0,870.0,1514.3197,0.0
1580.0,870.0,1530.296,0.0
1590.0,870.0,1546.5499,0.0
1600.0,870.0,1563.0839,0.0
1610.0,870.0,1579.896,0.0
1620.0,870.0,1596.9875,0.0
1630.0,870.0,1614.3572,0.0
1640.0,870.0,1632.0068,0.0
1650.0,870.0,1649.9348,0.0
1660.0,870.0,1668.1428,0.0
1670.0,870.0,1686.6304,0.0
1680.0,870.0,1705.3975,0.0
1690.0,870.0,1724.4443,0.0
1700.0,870.0,1743.771,0.0
1710.0,870.0,1763.3768,0.0
1720.0,870.0,1783.2639,0.0
1730.0,870.0,1803.4307,0.0
1740.0,870.0,1823.8779,0.0
1750.0,870.0,1844.6049,0.0
1760.0,870.0,1865.6133,0.0
1770.0,870.0,1886.9017,0.0
1780.0,870.0,1908.4712,0.0
1790.0,870.0,1930.3217,0.0
1800.0,870.0,1952.4526,0.0
-200.0,880.0,39270.906,1.0
-190.0,880.0,39270.906,1.0
-180.0,880.0,39270.906,1.0
-170.0,880.0,39270.906,1.0
-160.0,880.0,39270.906,1.0
-150.0,880.0,39270.906,1.0
-140.0,880.0,39270.906,1.0
-130.0,880.0,39270.906,1.0
-120.0,880.0,39270.906,1.0
-110.0,880.0,39270.906,1.0
-100.0,880.0,39270.906,1.0
-90.0,880.0,39270.906,1.0
-80.0,880.0,39270.906,1.0
-70.0,880.0,39270.906,1.0
-60.0,880.0,39270.906,1.0
-50.0,880.0,39270.906,1.0
-40.0,880.0,39270.906,1.0
-30.0,880.0,39270.906,1.0
-20.0,880.0,39270.906,1.0
-10.0,880.0,39270.906,1.0
0.0,880.0,39270.906,1.0
10.0,880.0,39270.906,1.0
20.0,880.0,39270.906,1.0
30.0,880.0,39270.906,1.0
40.0,880.0,39270.906,1.0
50.0,880.0,39270.906,1.0
60.0,880.0,39270.906,1.0
70.0,880.0,39270.906,1.0
80.0,880.0,39270.906,1.0
90.0,880.0,39270.906,1.0
100.0,880.0,39270.906,1.0
110.0,880.0,39270.906,1.0
120.0,880.0,39270.906,1.0
130.0,880.0,2064.2332,0.0
140.0,880.0,2041.5101,0.0
150.0,880.0,2019.0496,0.0
160.0,880.0,1996.8503,0.0
170.0,880.0,1974.9124,0.0
180.0,880.0,1953.2368,0.0
190.0,880.0,1931.8225,0.0
200.0,880.0,1910.6704,0.0
210.0,880.0,1889.7798,0.0
220.0,880.0,1869.1506,0.0
230.0,880.0,1848.7839,0.0
240.0,880.0,1828.6792,0.0
250.0,880.0,1808.8357,0.0
260.0,880.0,1789.2548,0.0
270.0,880.0,1769.936,0.0
280.0,880.0,1750.8792,0.0
290.0,880.0,1732.0847,0.0
300.0,880.0,1713.5522,0.0
310.0,880.0,1695.2825,0.0
320.0,880.0,1677.2744,0.0
330.0,880.0,1659.529,0.0
340.0,880.0,1642.0463,0.0
350.0,880.0,1624.8262,0.0
360.0,880.0,1607.8685,0.0
370.0,880.0,1591.1738,0.0
380.0,880.0,1574.7415,0.0
390.0,880.0,1558.5717,0.0
400.0,880.0,1542.665,0.0
410.0,880.0,1527.0212,0.0
420.0,880.0,1511.6406,0.0
430.0,880.0,1496.5234,0.0
440.0,880.0,1481.6693,0.0
450.0,880.0,1467.0786,0.0
460.0,880.0,1452.7507,0.0
470.0,880.0,1438.6865,0.0
480.0,880.0,1424.885,0.0
490.0,880.0,1411.3477,0.0
500.0,880.0,1398.0735,0.0
510.0,880.0,1385.0632,0.0
520.0,880.0,1372.3169,0.0
530.0,880.0,1359.8352,0.0
540.0,880.0,1347.617,0.0
550.0,880.0,1335.6624,0.0
560.0,880.0,1323.9722,0.0
570.0,880.0,1312.5459,0.0
580.0,880.0,1301.384,0.0
590.0,880.0,1290.4863,0.0
600.0,880.0,1279.8533,0.0
610.0,880.0,1269.485,0.0
620.0,880.0,1259.3811,0.0
630.0,880.0,1249.542,0.0
640.0,880.0,1239.9673,0.0
650.0,880.0,1230.6577,0.0
660.0,880.0,1221.6132,0.0
670.0,880.0,1212.834,0.0
680.0,880.0,1204.3193,0.0
690.0,880.0,1196.0706,0.0
700.0,880.0,1188.0874,0.0
710.0,880.0,1180.3688,0.0
720.0,880.0,1172.9164,0.0
730.0,880.0,1165.7295,0.0
740.0,880.0,1158.8081,0.0
750.0,880.0,1152.1528,0.0
760.0,880.0,1145.7638,0.0
770.0,880.0,1139.6406,0.0
780.0,880.0,1133.7834,0.0
790.0,880.0,1128.1926,0.0
800.0,880.0,1122.8682,0.0
810.0,880.0,1117.8098,0.0
820.0,880.0,1113.0181,0.0
830.0,880.0,1108.4939,0.0
840.0,880.0,1104.2358,0.0
850.0,880.0,1100.2448,0.0
860.0,880.0,1096.5204,0.0
870.0,880.0,1093.0635,0.0
880.0,880.0,1089.8734,0.0
890.0,880.0,1086.9513,0.0
900.0,880.0,1084.2966,0.0
910.0,880.0,1081.9086,0.0
920.0,880.0,1079.7887,0.0
930.0,880.0,1077.937,0.0
940.0,880.0,1076.3528,0.0
950.0,880.0,1075.0364,0.0
960.0,880.0,1073.9879,0.0
970.0,880.0,1073.2078,0.0
980.0,880.0,1072.6965,0.0
990.0,880.0,1072.4528,0.0
1000.0,880.0,1072.478,0.0
1010.0,880.0,1072.7723,0.0
1020.0,880.0,1073.3352,0.0
1030.0,880.0,1074.1666,0.0
1040.0,880.0,1075.267,0.0
1050.0,880.0,1076.6365,0.0
1060.0,880.0,1078.2751,0.0
1070.0,880.0,1080.1833,0.0
1080.0,880.0,1082.3611,0.0
1090.0,880.0,1084.8081,0.0
1100.0,880.0,1087.5249,0.0
1110.0,880.0,1090.5116,0.0
1120.0,880.0,1093.7681,0.0
1130.0,880.0,1097.2947,0.0
1140.0,880.0,1101.0911,0.0
1150.0,880.0,1105.158,0.0
1160.0,880.0,1109.4951,0.0
1170.0,880.0,1114.1033,0.0
1180.0,880.0,1118.9814,0.0
1190.0,880.0,1124.1305,0.0
1200.0,880.0,1129.5504,0.0
1210.0,880.0,1135.2411,0.0
1220.0,880.0,1141.2034,0.0
1230.0,880.0,1147.436,0.0
1240.0,880.0,1153.9409,0.0
1250.0,880.0,1160.7169,0.0
1260.0,880.0,1167.7646,0.0
1270.0,880.0,1175.0839,0.0
1280.0,880.0,1182.6744,0.0
1290.0,880.0,1190.5375,0.0
1300.0,880.0,1198.6729,0.0
1310.0,880.0,1207.0797,0.0
1320.0,880.0,1215.759,0.0
1330.0,880.0,1224.7107,0.0
1340.0,880.0,1233.935,0.0
1350.0,880.0,1243.4319,0.0
1360.0,880.0,1253.2009,0.0
1370.0,880.0,1263.2437,0.0
1380.0,880.0,1273.5586,0.0
1390.0,880.0,1284.1465,0.0
1400.0,880.0,1295.0071,0.0
1410.0,880.0,1306.1406,0.0
1420.0,880.0,1317.5474,0.0
1430.0,880.0,1329.2275,0.0
1440.0,880.0,1341.1823,0.0
1450.0,880.0,1353.4106,0.0
1460.0,880.0,1365.9146,0.0
1470.0,880.0,1378.6921,0.0
1480.0,880.0,1391.7439,0.0
1490.0,880.0,1405.0701,0.0
1500.0,880.0,1418.6697,0.0
1510.0,880.0,1432.5443,0.0
1520.0,880.0,1446.6935,0.0
1530.0,880.0,1461.117,0.0
1540.0,880.0,1475.8162,0.0
1550.0,880.0,1490.7898,0.0
1560.0,880.0,1506.039,0.0
1570.0,880.0,1521.5635,0.0
1580.0,880.0,1537.3627,0.0
1590.0,880.0,1553.4375,0.0
1600.0,880.0,1569.7888,0.0
1610.0,880.0,1586.4143,0.0
1620.0,880.0,1603.3168,0.0
1630.0,880.0,1620.4946,0.0
1640.0,880.0,1637.948,0.0
1650.0,880.0,1655.6782,0.0
1660.0,880.0,1673.6838,0.0
1670.0,880.0,1691.9669,0.0
1680.0,880.0,1710.5249,0.0
1690.0,880.0,1729.3604,0.0
1700.0,880.0,1748.4728,0.0
1710.0,880.0,1767.8617,0.0
1720.0,880.0,1787.5276,0.0
1730.0,880.0,1807.47,0.0
1740.0,880.0,1827.6902,0.0
1750.0,880.0,1848.1866,0.0
1760.0,880.0,1868.9614,0.0
1770.0,880.0,1890.013,0.0
1780.0,880.0,1911.3424,0.0
1790.0,880.0,1932.9496,0.0
1800.0,880.0,1954.8345,0.0
-200.0,890.0,39270.906,1.0
-190.0,890.0,39270.906,1.0
-180.0,890.0,39270.906,1.0
-170.0,890.0,39270.906,1.0
-160.0,890.0,39270.906,1.0
-150.0,890.0,39270.906,1.0
-140.0,890.0,39270.906,1.0
-130.0,890.0,39270.906,1.0
-120.0,890.0,39270.906,1.0
-110.0,890.0,39270.906,1.0
-100.0,890.0,39270.906,1.0
-90.0,890.0,39270.906,1.0
-80.0,890.0,39270.906,1.0
-70.0,890.0,39270.906,1.0
-60.0,890.0,39270.906,1.0
-50.0,890.0,39270.906,1.0
-40.0,890.0,39270.906,1.0
-30.0,890.0,39270.906,1.0
-20.0,890.0,39270.906,1.0
-10.0,890.0,39270.906,1.0
0.0,890.0,39270.906,1.0
10.0,890.0,39270.906,1.0
20.0,890.0,39270.906,1.0
30.0,890.0,39270.906,1.0
40.0,890.0,39270.906,1.0
50.0,890.0,39270.906,1.0
60.0,890.0,39270.906,1.0
70.0,890.0,39270.906,1.0
80.0,890.0,39270.906,1.0
90.0,890.0,39270.906,1.0
100.0,890.0,39270.906,1.0
110.0,890.0,39270.906,1.0
120.0,890.0,39270.906,1.0
130.0,890.0,39270.906,1.0
140.0,890.0,2043.1094,0.0
150.0,890.0,2020.8921,0.0
160.0,890.0,1998.9326,0.0
170.0,890.0,1977.2322,0.0
180.0,890.0,1955.7908,0.0
190.0,890.0,1934.6082,0.0
200.0,890.0,1913.6854,0.0
210.0,890.0,1893.0206,0.0
220.0,890.0,1872.615,0.0
230.0,890.0,1852.4692,0.0
240.0,890.0,1832.5815,0.0
250.0,890.0,1812.9531,0.0
260.0,890.0,1793.5847,0.0
270.0,890.0,1774.4751,0.0
280.0,890.0,1755.625,0.0
290.0,890.0,1737.0339,0.0
300.0,890.0,1718.7026,0.0
310.0,890.0,1700.6304,0.0
320.0,890.0,1682.8184,0.0
330.0,890.0,1665.2659,0.0
340.0,890.0,1647.9728,0.0
350.0,890.0,1630.9395,0.0
360.0,890.0,1614.1664,0.0
370.0,890.0,1597.6523,0.0
380.0,890.0,1581.3987,0.0
390.0,890.0,1565.4048,0.0
400.0,890.0,1549.6711,0.0
410.0,890.0,1534.1974,0.0
420.0,890.0,1518.9845,0.0
430.0,890.0,1504.0315,0.0
440.0,890.0,1489.3394,0.0
450.0,890.0,1474.908,0.0
460.0,890.0,1460.7358,0.0
470.0,890.0,1446.8243,0.0
480.0,890.0,1433.1736,0.0
490.0,890.0,1419.7838,0.0
500.0,890.0,1406.6547,0.0
510.0,890.0,1393.7861,0.0
520.0,890.0,1381.1797,0.0
530.0,890.0,1368.8333,0.0
540.0,890.0,1356.7489,0.0
550.0,890.0,1344.9253,0.0
560.0,890.0,1333.3628,0.0
570.0,890.0,1322.062,0.0
580.0,890.0,1311.022,0.0
590.0,890.0,1300.2439,0.0
600.0,890.0,1289.7268,0.0
610.0,890.0,1279.4719,0.0
620.0,890.0,1269.4791,0.0
630.0,890.0,1259.7478,0.0
640.0,890.0,1250.2783,0.0
650.0,890.0,1241.0714,0.0
660.0,890.0,1232.1266,0.0
670.0,890.0,1223.4436,0.0
680.0,890.0,1215.0232,0.0
690.0,890.0,1206.8652,0.0
700.0,890.0,1198.9697,0.0
710.0,890.0,1191.3369,0.0
720.0,890.0,1183.9663,0.0
730.0,890.0,1176.859,0.0
740.0,890.0,1170.0146,0.0
750.0,890.0,1163.4333,0.0
760.0,890.0,1157.1146,0.0
770.0,890.0,1151.0599,0.0
780.0,890.0,1145.2678,0.0
790.0,890.0,1139.7393,0.0
800.0,890.0,1134.4739,0.0
810.0,890.0,1129.4723,0.0
820.0,890.0,1124.7345,0.0
830.0,890.0,1120.2605,0.0
840.0,890.0,1116.0505,0.0
850.0,890.0,1112.1045,0.0
860.0,890.0,1108.4226,0.0
870.0,890.0,1105.0046,0.0
880.0,890.0,1101.8516,0.0
890.0,890.0,1098.9626,0.0
900.0,890.0,1096.3379,0.0
910.0,890.0,1093.978,0.0
920.0,890.0,1091.883,0.0
930.0,890.0,1090.0531,0.0
940.0,890.0,1088.4873,0.0
950.0,890.0,1087.1873,0.0
960.0,890.0,1086.1519,0.0
970.0,890.0,1085.382,0.0
980.0,890.0,1084.8776,0.0
990.0,890.0,1084.6389,0.0
1000.0,890.0,1084.6653,0.0
1010.0,890.0,1084.958,0.0
1020.0,890.0,1085.5161,0.0
1030.0,890.0,1086.3406,0.0
1040.0,890.0,1087.4304,0.0
1050.0,890.0,1088.7871,0.0
1060.0,890.0,1090.4097,0.0
1070.0,890.0,1092.2986,0.0
1080.0,890.0,1094.4541,0.0
1090.0,890.0,1096.8762,0.0
1100.0,890.0,1099.5652,0.0
1110.0,890.0,1102.521,0.0
1120.0,890.0,1105.7435,0.0
1130.0,890.0,1109.2333,0.0
1140.0,890.0,1112.9905,0.0
1150.0,890.0,1117.0144,0.0
1160.0,890.0,1121.3062,0.0
1170.0,890.0,1125.8652,0.0
1180.0,890.0,1130.6921,0.0
1190.0,890.0,1135.7864,0.0
1200.0,890.0,1141.1487,0.0
1210.0,890.0,1146.779,0.0
1220.0,890.0,1152.6772,0.0
1230.0,890.0,1158.8438,0.0
1240.0,890.0,1165.279,0.0
1250.0,890.0,1171.9824,0.0
1260.0,890.0,1178.9551,0.0
1270.0,890.0,1186.1958,0.0
1280.0,890.0,1193.7051,0.0
1290.0,890.0,1201.4835,0.0
1300.0,890.0,1209.5306,0.0
1310.0,890.0,1217.8475,0.0
1320.0,890.0,1226.4333,0.0
1330.0,890.0,1235.2885,0.0
1340.0,890.0,1244.4133,0.0
1350.0,890.0,1253.8074,0.0
1360.0,890.0,1263.4712,0.0
1370.0,890.0,1273.4055,0.0
1380.0,890.0,1283.6089,0.0
1390.0,890.0,1294.0823,0.0
1400.0,890.0,1304.8254,0.0
1410.0,890.0,1315.8384,0.0
1420.0,890.0,1327.1218,0.0
1430.0,890.0,1338.675,0.0
1440.0,890.0,1350.4998,0.0
1450.0,890.0,1362.5952,0.0
1460.0,890.0,1374.962,0.0
1470.0,890.0,1387.6011,0.0
1480.0,890.0,1400.5115,0.0
1490.0,890.0,1413.6923,0.0
1500.0,890.0,1427.1443,0.0
1510.0,890.0,1440.8679,0.0
1520.0,890.0,1454.8625,0.0
1530.0,890.0,1469.1288,0.0
1540.0,890.0,1483.6675,0.0
1550.0,890.0,1498.4778,0.0
1560.0,890.0,1513.5605,0.0
1570.0,890.0,1528.9149,0.0
1580.0,890.0,1544.5417,0.0
1590.0,890.0,1560.4412,0.0
1600.0,890.0,1576.6129,0.0
1610.0,890.0,1593.0574,0.0
1620.0,890.0,1609.7743,0.0
1630.0,890.0,1626.7637,0.0
1640.0,890.0,1644.0272,0.0
1650.0,890.0,1661.5623,0.0
1660.0,890.0,1679.371,0.0
1670.0,890.0,1697.4531,0.0
1680.0,890.0,1715.8085,0.0
1690.0,890.0,1734.4374,0.0
1700.0,890.0,1753.3395,0.0
1710.0,890.0,1772.5155,0.0
1720.0,890.0,1791.9653,0.0
1730.0,890.0,1811.689,0.0
1740.0,890.0,1831.6868,0.0
1750.0,890.0,1851.9585,0.0
1760.0,890.0,1872.5039,0.0
1770.0,890.0,1893.3242,0.0
1780.0,890.0,1914.4188,0.0
1790.0,890.0,1935.7881,0.0
1800.0,890.0,1957.4316,0.0
-200.0,900.0,39270.906,1.0
-190.0,900.0,39270.906,1.0
-180.0,900.0,39270.906,1.0
-170.0,900.0,39270.906,1.0
-160.0,900.0,39270.906,1.0
-150.0,900.0,39270.906,1.0
-140.0,900.0,39270.906,1.0
-130.0,900.0,39270.906,1.0
-120.0,900.0,39270.906,1.0
-110.0,900.0,39270.906,1.0
-100.0,900.0,39270.906,1.0
-90.0,900.0,39270.906,1.0
-80.0,900.0,39270.906,1.0
-70.0,900.0,39270.906,1.0
-60.0,900.0,39270.906,1.0
-50.0,900.0,39270.906,1.0
-40.0,900.0,39270.906,1.0
-30.0,900.0,39270.906,1.0
-20.0,900.0,39270.906,1.0
-10.0,900.0,39270.906,1.0
0.0,900.0,39270.906,1.0
10.0,900.0,39270.906,1.0
20.0,900.0,39270.906,1.0
30.0,900.0,39270.906,1.0
40.0,900.0,39270.906,1.0
50.0,900.0,39270.906,1.0
60.0,900.0,39270.906,1.0
70.0,900.0,39270.906,1.0
80.0,900.0,39270.906,1.0
90.0,900.0,39270.906,1.0
100.0,900.0,39270.906,1.0
110.0,900.0,39270.906,1.0
120.0,900.0,39270.906,1.0
130.0,900.0,39270.906,1.0
140.0,900.0,39270.906,1.0
150.0,900.0,2022.9548,0.0
160.0,900.0,2001.2312,0.0
170.0,900.0,1979.7632,0.0
180.0,900.0,1958.5513,0.0
190.0,900.0,1937.5953,0.0
200.0,900.0,1916.8955,0.0
210.0,900.0,1896.4531,0.0
220.0,900.0,1876.2664,0.0
230.0,900.0,1856.3354,0.0
240.0,900.0,1836.6615,0.0
250.0,900.0,1817.2435,0.0
260.0,900.0,1798.0825,0.0
270.0,900.0,1779.178,0.0
280.0,900.0,1760.5295,0.0
290.0,900.0,1742.1384,0.0
300.0,900.0,1724.0037,0.0
310.0,900.0,1706.1254,0.0
320.0,900.0,1688.5045,0.0
330.0,900.0,1671.1406,0.0
340.0,900.0,1654.0327,0.0
350.0,900.0,1637.1829,0.0
360.0,900.0,1620.5894,0.0
370.0,900.0,1604.2533,0.0
380.0,900.0,1588.1743,0.0
390.0,900.0,1572.352,0.0
400.0,900.0,1556.7878,0.0
410.0,900.0,1541.4812,0.0
420.0,900.0,1526.4319,0.0
430.0,900.0,1511.6399,0.0
440.0,900.0,1497.106,0.0
450.0,900.0,1482.8295,0.0
460.0,900.0,1468.8102,0.0
470.0,900.0,1455.0488,0.0
480.0,900.0,1441.5452,0.0
490.0,900.0,1428.3,0.0
500.0,900.0,1415.3123,0.0
510.0,900.0,1402.5835,0.0
520.0,900.0,1390.113,0.0
530.0,900.0,1377.9008,0.0
540.0,900.0,1365.9467,0.0
550.0,900.0,1354.2505,0.0
560.0,900.0,1342.8134,0.0
570.0,900.0,1331.6348,0.0
580.0,900.0,1320.7146,0.0
590.0,900.0,1310.053,0.0
600.0,900.0,1299.6506,0.0
610.0,900.0,1289.5066,0.0
620.0,900.0,1279.6223,0.0
630.0,900.0,1269.9966,0.0
640.0,900.0,1260.6304,0.0
650.0,900.0,1251.5232,0.0
660.0,900.0,1242.676,0.0
670.0,900.0,1234.0875,0.0
680.0,900.0,1225.7585,0.0
690.0,900.0,1217.69,0.0
700.0,900.0,1209.8804,0.0
710.0,900.0,1202.331,0.0
720.0,900.0,1195.0414,0.0
730.0,900.0,1188.0118,0.0
740.0,900.0,1181.2422,0.0
750.0,900.0,1174.7329,0.0
760.0,900.0,1168.4843,0.0
770.0,900.0,1162.4956,0.0
780.0,900.0,1156.7673,0.0
790.0,900.0,1151.2996,0.0
800.0,900.0,1146.0924,0.0
810.0,900.0,1141.1465,0.0
820.0,900.0,1136.4613,0.0
830.0,900.0,1132.037,0.0
840.0,900.0,1127.874,0.0
850.0,900.0,1123.9719,0.0
860.0,900.0,1120.331,0.0
870.0,900.0,1116.9519,0.0
880.0,900.0,1113.8337,0.0
890.0,900.0,1110.9773,0.0
900.0,900.0,1108.3829,0.0
910.0,900.0,1106.05,0.0
920.0,900.0,1103.9792,0.0
930.0,900.0,1102.1699,0.0
940.0,900.0,1100.6235,0.0
950.0,900.0,1099.339,0.0
960.0,900.0,1098.3162,0.0
970.0,900.0,1097.5566,0.0
980.0,900.0,1097.0593,0.0
990.0,900.0,1096.8247,0.0
1000.0,900.0,1096.8528,0.0
1010.0,900.0,1097.1438,0.0
1020.0,900.0,1097.6978,0.0
1030.0,900.0,1098.5149,0.0
1040.0,900.0,1099.5948,0.0
1050.0,900.0,1100.9382,0.0
1060.0,900.0,1102.5452,0.0
1070.0,900.0,1104.4155,0.0
1080.0,900.0,1106.5493,0.0
1090.0,900.0,1108.947,0.0
1100.0,900.0,1111.6086,0.0
1110.0,900.0,1114.534,0.0
1120.0,900.0,1117.7236,0.0
1130.0,900.0,1121.1775,0.0
1140.0,900.0,1124.8951,0.0
1150.0,900.0,1128.8778,0.0
1160.0,900.0,1133.1248,0.0
1170.0,900.0,1137.6364,0.0
1180.0,900.0,1142.4126,0.0
1190.0,900.0,1147.4536,0.0
1200.0,900.0,1152.7596,0.0
1210.0,900.0,1158.3308,0.0
1220.0,900.0,1164.1671,0.0
1230.0,900.0,1170.2683,0.0
1240.0,900.0,1176.6353,0.0
1250.0,900.0,1183.2681,0.0
1260.0,900.0,1190.1665,0.0
1270.0,900.0,1197.3306,0.0
1280.0,900.0,1204.7603,0.0
1290.0,900.0,1212.4562,0.0
1300.0,900.0,1220.418,0.0
1310.0,900.0,1228.646,0.0
1320.0,900.0,1237.1406,0.0
1330.0,900.0,1245.9014,0.0
1340.0,900.0,1254.9285,0.0
1350.0,900.0,1264.2223,0.0
1360.0,900.0,1273.7832,0.0
1370.0,900.0,1283.6111,0.0
1380.0,900.0,1293.7056,0.0
1390.0,900.0,1304.0667,0.0
1400.0,900.0,1314.6953,0.0
1410.0,900.0,1325.5903,0.0
1420.0,900.0,1336.7529,0.0
1430.0,900.0,1348.1826,0.0
1440.0,900.0,1359.8796,0.0
1450.0,900.0,1371.845,0.0
1460.0,900.0,1384.0785,0.0
1470.0,900.0,1396.5815,0.0
1480.0,900.0,1409.3524,0.0
1490.0,900.0,1422.3917,0.0
1500.0,900.0,1435.6995,0.0
1510.0,900.0,1449.2751,0.0
1520.0,900.0,1463.1189,0.0
1530.0,900.0,1477.2313,0.0
1540.0,900.0,1491.6132,0.0
1550.0,900.0,1506.2638,0.0
1560.0,900.0,1521.1831,0.0
1570.0,900.0,1536.372,0.0
1580.0,900.0,1551.8302,0.0
1590.0,900.0,1567.5574,0.0
1600.0,900.0,1583.5542,0.0
1610.0,900.0,1599.8208,0.0
1620.0,900.0,1616.3564,0.0
1630.0,900.0,1633.1624,0.0
1640.0,900.0,1650.2383,0.0
1650.0,900.0,1667.5839,0.0
1660.0,900.0,1685.1997,0.0
1670.0,900.0,1703.0854,0.0
1680.0,900.0,1721.242,0.0
1690.0,900.0,1739.6683,0.0
1700.0,900.0,1758.3655,0.0
1710.0,900.0,1777.3337,0.0
1720.0,900.0,1796.5724,0.0
1730.0,900.0,1816.0812,0.0
1740.0,900.0,1835.8616,0.0
1750.0,900.0,1855.9128,0.0
1760.0,900.0,1876.2351,0.0
1770.0,900.0,1896.8286,0.0
1780.0,900.0,1917.6937,0.0
1790.0,900.0,1938.8306,0.0
1800.0,900.0,1960.2386,0.0
