trial,policy,station_x_m,station_y_m,target_x_m,target_y_m,q_x_m,q_y_m,receive_radius_m,move_m,decision_time_ms,safe_certified,conditional_worst_diameter_m,conditional_worst_area_m2,conservative_worst_diameter_m,detected,near,area_m2,diameter_m,mec_radius_m,repository_mec_radius_m,legacy_area_m2,contains_truth
0,mechanistic_minimax,29.08900059877044,-721.632782512681,-253.20294154616545,-688.3861856439603,-740.7826939187598,-83.43408777115008,1361.7052621429216,999.9999999945437,540.3112919999984,1,111.64133136560724,2166.382130082464,111.64133136560724,1,0,392.8052874424029,49.15046449117341,24.575232245586715,24.575232245586715,392.8052874424029,1
0,repository_neural,29.08900059877044,-721.632782512681,-253.20294154616545,-688.3861856439603,-916.6334725457608,-336.6947637138529,1361.7052621429216,1021.0623264656157,0.47708299999982273,0,129.49443843018526,1830.135217135772,1500.9444111116009,1,0,731.1036492342246,94.97758994459109,47.48879497229559,47.48879497229559,731.1036492342246,1
0,neural_safe_projection,29.08900059877044,-721.632782512681,-253.20294154616545,-688.3861856439603,-902.3891095287033,-357.83540683035164,1361.7052621429216,1000.0000001,0.47708299999982273,1,139.46256954053018,1965.8607205741573,139.46256954053018,1,0,738.9699792092433,96.98061260437055,48.490306302185274,48.490306302185274,738.9699792092433,1
0,analytic_far_range,29.08900059877044,-721.632782512681,-253.20294154616545,-688.3861856439603,-932.3541729003406,-996.6364627279797,1361.7052621429216,1000.0,0.0,1,118.10265871807208,1926.5137734566815,118.10265871807208,1,0,487.10879747965373,69.16297192292713,34.581485961463564,34.581485961463564,487.10879747965373,1
0,fixed_750_375,29.08900059877044,-721.632782512681,-253.20294154616545,-688.3861856439603,-759.329595681334,-1007.1518134715816,1361.7052621429216,838.525491562421,0.0,1,153.45707880514553,2759.1492173157167,153.45707880514553,1,0,325.9389743965585,47.4313441977905,23.71567209889525,23.71567209889525,325.9389743965585,1
0,perpendicular_500,29.08900059877044,-721.632782512681,-253.20294154616545,-688.3861856439603,-28.879141897843823,-1218.2611087844434,1361.7052621429216,499.99999999999983,0.0,0,249.3810866252269,5997.643118882086,1500.9444111116009,1,0,218.77200210851151,29.66559009998497,14.83279504999251,14.83279504999251,218.7720021083951,1
1,mechanistic_minimax,-951.4546308320278,-607.9598693087785,-1033.800070594186,275.22944373070067,-1577.3634018453295,171.93641248624715,1113.1086637155702,999.9999999945439,585.6232919999975,1,111.6734079241329,2167.24139856128,111.6734079241329,1,0,588.2487452612258,37.542365559756824,18.771182779878412,18.771182779878412,588.2487452612258,1
1,repository_neural,-951.4546308320278,-607.9598693087785,-1033.800070594186,275.22944373070067,-777.109461764645,391.31607063262777,1113.1086637155702,1014.3710574158331,0.0323749999999734,0,130.99341409541339,1867.5675654462539,1500.2886399231645,1,0,327.19485248671845,37.22449068735444,18.612245343677287,18.612245343677287,327.19485248671845,1
1,neural_safe_projection,-951.4546308320278,-607.9598693087785,-1033.800070594186,275.22944373070067,-789.4232817920418,378.82574171738673,1113.1086637155702,1000.0000001,0.0323749999999734,1,137.76667896326163,1960.303293631412,137.76667896326163,1,0,306.46030849195085,36.426057204468215,18.213028602234107,18.213028602234107,306.46030849195085,1
1,analytic_far_range,-951.4546308320278,-607.9598693087785,-1033.800070594186,275.22944373070067,-1426.5995313636372,271.9476960063556,1113.1086637155702,1000.0,0.0,1,117.92642607325033,1922.4095108765177,117.92642607325033,1,0,418.5275447226595,35.0820819203429,17.54104096017145,17.54104096017145,418.5275447226595,1
1,fixed_750_375,-951.4546308320278,-607.9598693087785,-1033.800070594186,275.22944373070067,-1399.6955129295357,100.70444587609666,1113.1086637155702,838.5254915624212,0.0,1,153.24998934111156,2753.786302363733,153.24998934111156,1,0,451.1727971426444,39.87008906731875,19.935044533659394,19.935044533659394,451.1727971426444,1
1,perpendicular_500,-951.4546308320278,-607.9598693087785,-1033.800070594186,275.22944373070067,-1448.9398341566298,-658.0445223781493,1113.1086637155702,499.99999999999983,0.0,0,249.6507706841909,6031.366571330233,1500.2886399231645,1,0,2054.7866798184114,123.81552179754011,61.90776089877007,61.90776089877004,2054.7866798184114,1
2,mechanistic_minimax,592.9850875188746,759.9216892474946,1138.6945475618686,1181.5343034083583,1439.9576850397534,688.2458980092454,1401.7423834403899,850.0000000005257,550.2456669999987,1,43.69483926829084,649.2047184002586,43.69483926829084,1,0,477.1024038330652,32.55423391423963,16.277116957119826,16.277116957119826,477.1024038330652,1
2,repository_neural,592.9850875188746,759.9216892474946,1138.6945475618686,1181.5343034083583,1192.738383417312,1014.8771030658539,1401.7423834403899,651.694927843028,0.03454100000155336,1,87.12396557364542,393.05139175243676,87.12396557364542,1,0,148.02200250560418,27.852908889557277,13.926454444778651,13.926454444778651,148.02200250560418,1
2,neural_safe_projection,592.9850875188746,759.9216892474946,1138.6945475618686,1181.5343034083583,1192.738383417312,1014.8771030658539,1401.7423834403899,651.694927843028,0.03454100000155336,1,87.12396557364542,393.05139175243676,87.12396557364542,1,0,148.02200250560418,27.852908889557277,13.926454444778651,13.926454444778651,148.02200250560418,1
2,analytic_far_range,592.9850875188746,759.9216892474946,1138.6945475618686,1181.5343034083583,1096.2661964710915,1624.0444382663054,1401.7423834403899,1000.0,0.0,1,87.10355756015241,533.3785626871977,87.10355756015241,1,0,441.58437502011657,40.7442128799347,20.372106439967457,20.372106439967457,441.58437502011657,1
2,fixed_750_375,592.9850875188746,759.9216892474946,1138.6945475618686,1181.5343034083583,964.1458566028168,1511.8290528854736,1401.7423834403899,838.5254915624208,0.0,1,63.23884767523046,408.4956102739088,63.23884767523046,1,0,323.9327161475085,29.60400395131177,14.802001975656003,14.802001975656003,323.9327161475085,1
2,perpendicular_500,592.9850875188746,759.9216892474946,1138.6945475618686,1181.5343034083583,290.94403200100356,1158.3827297290582,1401.7423834403899,499.9999999999999,0.0,0,110.12093740991233,1724.902383029461,853.4822171938297,1,0,1328.5162169267423,92.48102849566001,46.24051424783011,46.24051424783011,1328.5162169267423,1
3,mechanistic_minimax,-462.84825345955835,-933.6307955549262,-184.89003705386344,-632.4034424071284,-287.92089752490085,50.950547013983964,1027.3703641512266,999.9999999945439,649.8970419999991,1,111.67714021361236,2167.341387472261,111.67714021361236,1,0,438.62207190625486,44.67751571384539,22.338757856922694,22.338757856922694,438.62207190625486,1
3,repository_neural,-462.84825345955835,-933.6307955549262,-184.89003705386344,-632.4034424071284,400.04371431387915,-409.3399020002387,1027.3703641512266,1009.6848464309484,0.03529199999974253,0,132.82155636471765,1902.495196593838,1501.808994705589,1,0,711.6080475080234,79.43336811152493,39.716684055762464,39.716684055762464,711.6080475080234,1
3,neural_safe_projection,-462.84825345955835,-933.6307955549262,-184.89003705386344,-632.4034424071284,388.2005861070211,-408.5442570944755,1027.3703641512266,1000.0000001,0.03529199999974253,1,137.42019466141068,1965.9814288702328,137.42019466141068,1,0,710.780812994868,79.97750358786328,39.98875179393164,39.98875179393164,710.780812994868,1
3,analytic_far_range,-462.84825345955835,-933.6307955549262,-184.89003705386344,-632.4034424071284,-113.38374191806878,3.318805636657771,1027.3703641512266,1000.0000000000001,0.0,1,117.931093051233,1922.518160637992,117.931093051233,1,0,534.0593755177979,58.847727988447105,29.423863994223602,29.423863994223602,534.0593755177979,1
3,fixed_750_375,-462.84825345955835,-933.6307955549262,-184.89003705386344,-632.4034424071284,-224.56253329648052,-129.67500350764976,1027.3703641512266,838.5254915624213,0.0,1,153.25547397704915,2753.9282917150267,153.25547397704915,1,0,341.7271771983069,39.81760259415503,19.908801297077567,19.908801297077567,341.7271771983069,1
3,perpendicular_500,-462.84825345955835,-933.6307955549262,-184.89003705386344,-632.4034424071284,-828.0818171746182,-592.156866922011,1027.3703641512266,499.99999999999994,0.0,0,249.50824643828705,5973.991139276499,1501.808994705589,1,0,414.52642115813796,43.171813137306245,21.585906568653137,21.585906568652984,414.52642115813796,1
4,mechanistic_minimax,801.387835131905,392.9099681322224,855.5991910254656,474.8482858732227,691.9133193354436,1336.581166376749,1261.2832064288261,950.0000000027002,442.89266600000235,1,49.54865543968951,816.0425550425425,49.54865543968951,1,0,143.22709805786144,46.8481804606642,23.424090230332126,23.424090230332126,143.22709805786144,1
4,repository_neural,801.387835131905,392.9099681322224,855.5991910254656,474.8482858732227,1368.25575505378,892.3440806810505,1261.2832064288261,755.4956461912859,0.031833000001313394,1,100.33140700008714,501.6870081615634,100.33140700008714,1,0,293.9842486024136,92.57052645878358,46.28526322939182,46.28526322939182,293.9842486024136,1
4,neural_safe_projection,801.387835131905,392.9099681322224,855.5991910254656,474.8482858732227,1368.25575505378,892.3440806810505,1261.2832064288261,755.4956461912859,0.031833000001313394,1,100.33140700008714,501.6870081615634,100.33140700008714,1,0,293.9842486024136,92.57052645878358,46.28526322939182,46.28526322939182,293.9842486024136,1
4,analytic_far_range,801.387835131905,392.9099681322224,855.5991910254656,474.8482858732227,1005.2496438427481,1371.9096427742234,1261.2832064288261,1000.0000000000001,0.0,1,87.10355766165105,533.3554446159396,87.10355766165105,1,0,240.26395683793817,83.13356940648963,41.566784703244814,41.566784703244814,240.26395683793817,1
4,fixed_750_375,801.387835131905,392.9099681322224,855.5991910254656,474.8482858732227,915.4453284972066,1223.6421079987526,1261.2832064288261,838.5254915624213,0.0,1,63.238847752036335,553.2900601304136,63.238847752036335,1,0,172.0110349812312,59.02234207872584,29.51117103936295,29.51117103936295,172.0110349812312,1
4,perpendicular_500,801.387835131905,392.9099681322224,855.5991910254656,474.8482858732227,388.746025433836,675.2692018914579,1261.2832064288261,500.0,0.0,0,133.8074416455184,2311.6086242324673,975.0794383887325,1,0,61.84634405001998,19.10337032887173,9.551685164435884,9.551685164435884,61.84634405001998,1
5,mechanistic_minimax,304.44619575073,95.90883696035095,236.86380717595762,395.8370572565205,-411.7802770577098,793.7767611676963,1275.3909858255229,999.9999999945439,706.5242500000011,1,111.65149040632328,2166.6542592067053,111.65149040632328,1,0,392.7974099929561,49.15106032206281,24.575530161031434,24.575530161031434,392.7974099929561,1
5,repository_neural,304.44619575073,95.90883696035095,236.86380717595762,395.8370572565205,353.97986808349367,1113.1098867650385,1275.3909858255229,1018.4063827463611,0.03833399999919607,0,130.54277306922734,1853.558051504384,1501.4219468786798,1,0,731.6185590897803,92.85238624339753,46.426193121698766,46.426193121698766,731.6185590897803,1
5,neural_safe_projection,304.44619575073,95.90883696035095,236.86380717595762,395.8370572565205,340.54522848905543,1095.257054567886,1275.3909858255229,1000.0000000999999,0.03833399999919607,1,139.27755342601864,1973.1988398201793,139.27755342601864,1,0,737.6521406733373,94.53458151409843,47.26729075704922,47.26729075704922,737.6521406733373,1
5,analytic_far_range,304.44619575073,95.90883696035095,236.86380717595762,395.8370572565205,-274.3179823883994,911.4037947025422,1275.3909858255229,1000.0000000000001,0.0,1,117.8990200493089,1921.7715238313685,117.8990200493089,1,0,506.9917804923025,66.75007674421418,33.3750383721071,33.3750383721071,506.9917804923025,1
5,fixed_750_375,304.44619575073,95.90883696035095,236.86380717595762,395.8370572565205,-226.7600854469373,744.7114932558881,1275.3909858255229,838.5254915624212,0.0,1,153.21778109776506,2752.952525603592,153.21778109776506,1,0,334.36300181009574,45.71134924507924,22.855674622539624,22.855674622539624,334.36300181009574,1
5,perpendicular_500,304.44619575073,95.90883696035095,236.86380717595762,395.8370572565205,-183.23689592626778,-14.387137999595026,1275.3909858255229,500.00000000000006,0.0,0,249.6246109243047,5977.937965852812,1501.4219468786798,1,0,250.65219427406555,31.95858591885702,15.979292959428538,15.979292959428484,250.65219427406555,1
6,mechanistic_minimax,342.5585269695648,1126.1573853120806,-63.62340961216661,1648.8159980823332,-468.5614901697844,1276.8534960672346,1055.7972195687792,825.0000000005259,874.6720830000002,1,43.0817948587925,616.8271998343989,43.0817948587925,1,0,437.15929930403945,30.879184696577827,15.439592348288913,15.439592348288913,437.15929930403945,1
6,repository_neural,342.5585269695648,1126.1573853120806,-63.62340961216661,1648.8159980823332,68.26113317073668,1730.424597226143,1055.7972195687792,663.6097675887719,0.10599999999882925,1,89.13231237993789,390.73115885956213,89.13231237993789,1,0,132.25656124210218,24.680515541570383,12.340257770785227,12.340257770785227,132.25656124210218,1
6,neural_safe_projection,342.5585269695648,1126.1573853120806,-63.62340961216661,1648.8159980823332,68.26113317073668,1730.424597226143,1055.7972195687792,663.6097675887719,0.10599999999882925,1,89.13231237993789,390.73115885956213,89.13231237993789,1,0,132.25656124210218,24.680515541570383,12.340257770785227,12.340257770785227,132.25656124210218,1
6,analytic_far_range,342.5585269695648,1126.1573853120806,-63.62340961216661,1648.8159980823332,-532.8639522121676,1609.5159302280767,1055.7972195687792,999.9999999999999,0.0,1,87.10355766133367,533.3977140711795,87.10355766133367,1,0,451.98527107495465,42.03343331192883,21.016716655964416,21.016716655964416,451.98527107495465,1
6,fixed_750_375,342.5585269695648,1126.1573853120806,-63.62340961216661,1648.8159980823332,-417.6521168603074,1480.0002558178621,1055.7972195687792,838.5254915624212,0.0,1,63.23884775184297,395.63822866929695,63.23884775184297,1,0,319.1930411015055,30.05414599933002,15.027072999665018,15.027072999665018,319.1930411015055,1
6,perpendicular_500,342.5585269695648,1126.1573853120806,-63.62340961216661,1648.8159980823332,-48.880508988151234,815.0698074043571,1055.7972195687792,500.00000000000006,0.0,0,107.2676014313537,1675.7356669122819,858.3315525601189,1,0,1061.1813846058212,79.6205123421919,39.81025617109595,39.81025617109595,1061.1813846058212,1
7,mechanistic_minimax,841.260488176685,648.0442957619142,397.8093566807756,51.347436180371,762.2034434189982,-348.825797912918,1451.7229574300998,999.9999999945438,675.3958329999996,1,111.67086080469873,2167.1731610029383,111.67086080469873,1,0,504.40315491129877,35.56458112025308,17.782290560126548,17.782290560126548,504.40315491129877,1
7,repository_neural,841.260488176685,648.0442957619142,397.8093566807756,51.347436180371,31.219716692310044,41.02470347675796,1451.7229574300998,1012.2444551021451,0.03708299999871656,0,132.1682625579612,1888.5767013072327,1501.808994705592,1,0,408.74222856678534,44.94967516857976,22.474837584289908,22.474837584289908,408.74222856678534,1
7,neural_safe_projection,841.260488176685,648.0442957619142,397.8093566807756,51.347436180371,46.17662505317145,41.544789743492125,1451.7229574300998,1000.0000001,0.03708299999871656,1,137.98022316788425,1968.3775963539956,137.98022316788425,1,0,391.08022852486465,44.396132148671235,22.198066074335642,22.198066074335642,391.08022852486465,1
7,analytic_far_range,841.260488176685,648.0442957619142,397.8093566807756,51.347436180371,583.8831101385248,-318.266671408697,1451.7229574300998,1000.0000000000001,0.0,1,117.92324106407033,1922.335362741418,117.92324106407033,1,0,428.4103149190778,39.063848300322576,19.531924150161288,19.531924150161288,428.4103149190778,1
7,fixed_750_375,841.260488176685,648.0442957619142,397.8093566807756,51.347436180371,681.7031219622978,-175.16068896954857,1451.7229574300998,838.5254915624212,0.0,1,153.24624624208383,2753.689402565644,153.24624624208383,1,0,337.17166932060354,29.282023169985056,14.641011584992528,14.641011584992528,337.17166932060354,1
7,perpendicular_500,841.260488176685,648.0442957619142,397.8093566807756,51.347436180371,1237.7545157096285,343.42570451918425,1451.7229574300998,499.99999999999994,0.0,0,249.5290589484728,5974.6912738013525,1501.808994705592,1,0,1417.5944870825333,96.57782142125953,48.288910710629764,48.288910710629814,1417.594487082526,1
8,mechanistic_minimax,-501.9875886201058,-792.9744097778483,-1004.668916340826,-843.2040164509951,-1336.8634422338062,-242.53612163085165,1174.0323841685977,1000.0000000027005,465.36470799999915,1,54.393444124564944,929.6113628493622,54.393444124564944,1,0,464.28517830441706,37.758673254749525,18.879336627374812,18.879336627374812,464.28517830441706,1
8,repository_neural,-501.9875886201058,-792.9744097778483,-1004.668916340826,-843.2040164509951,-1317.3679597138557,-666.1517550537272,1174.0323841685977,825.184303847483,0.03333300000107897,1,108.14631793035183,583.3295037061907,108.14631793035183,1,0,374.11856488487683,48.967987165622084,24.483993582811056,24.483993582811056,374.11856488487683,1
8,neural_safe_projection,-501.9875886201058,-792.9744097778483,-1004.668916340826,-843.2040164509951,-1317.3679597138557,-666.1517550537272,1174.0323841685977,825.184303847483,0.03333300000107897,1,108.14631793035183,583.3295037061907,108.14631793035183,1,0,374.11856488487683,48.967987165622084,24.483993582811056,24.483993582811056,374.11856488487683,1
8,analytic_far_range,-501.9875886201058,-792.9744097778483,-1004.668916340826,-843.2040164509951,-1383.1031047984593,-1265.8755063612182,1174.0323841685977,1000.0000000000001,0.0,1,87.10355766090991,554.6403990313411,87.10355766090991,1,0,520.5380972297862,52.50695898240994,26.25347949120505,26.25347949120505,520.5380972297862,1
8,fixed_750_375,-501.9875886201058,-792.9744097778483,-1004.668916340826,-843.2040164509951,-1211.7918513894956,-1239.40795304538,1174.0323841685977,838.5254915624213,0.0,1,63.23884775158444,777.7268365160562,63.23884775158444,1,0,330.59395385393873,35.34192407103358,17.67096203551687,17.67096203551687,330.59395385393873,1
8,perpendicular_500,-501.9875886201058,-792.9744097778483,-1004.668916340826,-843.2040164509951,-453.1708356159262,-1290.5856281261981,1174.0323841685977,500.0000000000001,0.0,0,158.80033267098923,2994.2881438718177,1072.6078850030142,1,0,587.2379571755882,53.92957606015742,26.964788030078754,26.964788030078754,587.2379571755882,1
9,mechanistic_minimax,752.3857460118123,-44.39541695563677,374.51584911431706,256.43240973551946,-244.04934015509627,39.96760245828104,1049.4419797116404,999.9999999945438,529.5555420000006,1,111.65329110793927,2166.702494661673,111.65329110793927,1,0,459.17142879779567,41.28883369340872,20.644416846704363,20.644416846704363,459.17142879779567,1
9,repository_neural,752.3857460118123,-44.39541695563677,374.51584911431706,256.43240973551946,153.99036026962483,766.645049352957,1049.4419797116404,1007.9006278734042,0.03512500000013574,0,132.93192822049969,1908.5557523441967,1501.4700531792303,1,0,686.286120465491,74.40493500520677,37.202467502603405,37.202467502603405,686.286120465491,1
9,neural_safe_projection,752.3857460118123,-44.39541695563677,374.51584911431706,256.43240973551946,154.15906502380574,756.9315065618961,1049.4419797116404,1000.0000001,0.03512500000013574,1,136.6622849896495,1960.1328681593295,136.6622849896495,1,0,684.2761657290685,74.76604873605888,37.383024368029446,37.383024368029446,684.2761657290685,1
9,analytic_far_range,752.3857460118123,-44.39541695563677,374.51584911431706,256.43240973551946,-212.54131243738289,218.12271931799935,1049.4419797116404,1000.0,0.0,1,117.90127161635507,1921.8239363910398,117.90127161635507,1,0,518.3926195707463,52.01010021057755,26.00505010528878,26.00505010528878,518.3926195707463,1
9,fixed_750_375,752.3857460118123,-44.39541695563677,374.51584911431706,256.43240973551946,-69.95812805282037,119.54223213197068,1049.4419797116404,838.5254915624212,0.0,1,153.2204272226529,2753.021024578251,153.2204272226529,1,0,331.1286309467978,35.49666588069699,17.748332940348522,17.748332940348522,331.1286309467978,1
9,perpendicular_500,752.3857460118123,-44.39541695563677,374.51584911431706,256.43240973551946,445.6606334145196,-439.2621100334122,1049.4419797116404,500.0,0.0,0,249.6121971163009,5977.5137198918965,1501.4700531792303,1,0,579.3436575029045,53.45833778391426,26.72916889195713,26.729168891957162,579.3436575028754,1
10,mechanistic_minimax,1032.5072365620495,719.7605291267129,-168.320978313471,297.5280595715451,57.3044619166991,941.0737648653317,1419.5667345855984,999.9999999945437,618.5958340000007,1,111.7105337953604,2168.2360752542736,111.7105337953604,1,0,1465.8387283378397,83.69139662069728,41.84569831034866,41.84569831034866,1465.8387283378397,1
10,repository_neural,1032.5072365620495,719.7605291267129,-168.320978313471,297.5280595715451,27.355320058143207,638.7342382331582,1419.5667345855984,1008.4124330190712,0.041374999998566864,0,132.9771184151035,1902.908502305363,1501.8089947055917,1,0,1064.9228716234356,90.82883524958389,45.414417624791966,45.414417624791966,1064.9228716234356,1
10,neural_safe_projection,1032.5072365620495,719.7605291267129,-168.320978313471,297.5280595715451,36.23590864586811,633.4851480952243,1419.5667345855984,1000.0000001,0.041374999998566864,1,136.97494597550195,1957.5255897168827,136.97494597550195,1,0,1104.8315775846713,94.31521771265302,47.15760885632651,47.15760885632651,1104.8315775846713,1
10,analytic_far_range,1032.5072365620495,719.7605291267129,-168.320978313471,297.5280595715451,299.1769827748434,39.88793894499952,1419.5667345855984,1000.0,0.0,1,118.17286347996526,1948.9284400604956,118.17286347996526,1,0,1015.4790143872524,74.73109152605754,37.36554576302878,37.36554576302878,1015.4790143872524,1
10,fixed_750_375,1032.5072365620495,719.7605291267129,-168.320978313471,297.5280595715451,458.2716929236201,108.71344385236387,1419.5667345855984,838.5254915624212,0.0,1,153.53956450508844,2810.9492934942828,153.53956450508844,1,0,1538.6513527561037,101.96036631521504,50.980183157607534,50.980183157607534,1538.6513527561037,1
10,perpendicular_500,1032.5072365620495,719.7605291267129,-168.320978313471,297.5280595715451,1205.2695370714544,250.5556831130575,1419.5667345855984,499.99999999999994,0.0,0,249.3127268150859,5967.873201036826,1501.8089947055917,1,0,4983.797216648265,224.35103094397783,112.17551547198892,112.17551547198896,4983.797216648265,1
11,mechanistic_minimax,-453.625366616076,-1339.920136356443,-911.4672853574959,-1185.033940643301,-1011.5131291169429,-510.00372825207023,1444.594277265445,999.9999999945437,493.07016599999895,1,56.95010884637062,956.7658402221277,56.95010884637062,1,0,451.2533155879937,39.437607380628116,19.718803690314097,19.718803690314097,451.2533155879937,1
11,repository_neural,-453.625366616076,-1339.920136356443,-911.4672853574959,-1185.033940643301,-1133.758667397326,-880.0646981240211,1444.594277265445,821.0044646063327,0.04041600000093126,1,104.11861834464669,736.2874735044315,104.11861834464669,1,0,389.3850684352219,50.47781604520021,25.238908022600103,25.238908022600103,389.3850684352219,1
11,neural_safe_projection,-453.625366616076,-1339.920136356443,-911.4672853574959,-1185.033940643301,-1133.758667397326,-880.0646981240211,1444.594277265445,821.0044646063327,0.04041600000093126,1,104.11861834464669,736.2874735044315,104.11861834464669,1,0,389.3850684352219,50.47781604520021,25.238908022600103,25.238908022600103,389.3850684352219,1
11,analytic_far_range,-453.625366616076,-1339.920136356443,-911.4672853574959,-1185.033940643301,-1451.7283717927119,-1401.4862882369082,1444.594277265445,1000.0000000000001,0.0,1,87.10355766079539,622.9425803381018,87.10355766079539,1,0,522.6246007471345,53.025557395719304,26.51277869785971,26.51277869785971,522.6246007471345,1
11,fixed_750_375,-453.625366616076,-1339.920136356443,-911.4672853574959,-1185.033940643301,-1285.0250256457348,-1449.0054560166382,1444.594277265445,838.525491562421,0.0,1,74.75216879839809,955.5866556311958,74.75216879839809,1,0,332.5327102127485,35.91312029545426,17.95656014772717,17.95656014772717,332.5327102127485,1
11,perpendicular_500,-453.625366616076,-1339.920136356443,-911.4672853574959,-1185.033940643301,-617.1531052052144,-1812.4227064149798,1444.594277265445,500.00000000000006,0.0,0,178.05789734383376,3547.6938427574933,1149.7602381088159,1,0,587.7248834501952,53.958584064199904,26.97929203209998,26.97929203209998,587.7248834501952,1
12,mechanistic_minimax,277.7104158787491,1001.8359558608652,-679.2360477536633,1392.7428224994028,-719.0130077563119,920.9507485018273,1249.8213377871086,999.9999999961558,527.5469170000022,1,83.00701867378869,1300.5994176245295,83.00701867378869,1,0,625.6812061970122,45.96211984428427,22.981059922142148,22.981059922142148,625.6812061970122,1
12,repository_neural,277.7104158787491,1001.8359558608652,-679.2360477536633,1392.7428224994028,-492.9930142970322,1589.8108093764902,1249.8213377871086,969.3803204374617,0.037584000001089635,1,122.88875762460157,1321.5288717895746,122.88875762460157,1,0,364.4079408198595,43.49985616061393,21.749928080307072,21.749928080307072,364.4079408198595,1
12,neural_safe_projection,277.7104158787491,1001.8359558608652,-679.2360477536633,1392.7428224994028,-492.9930142970322,1589.8108093764902,1249.8213377871086,969.3803204374617,0.037584000001089635,1,122.88875762460157,1321.5288717895746,122.88875762460157,1,0,364.4079408198595,43.49985616061393,21.749928080307072,21.749928080307072,364.4079408198595,1
12,analytic_far_range,277.7104158787491,1001.8359558608652,-679.2360477536633,1392.7428224994028,-722.2793423114801,997.3100841606192,1249.8213377871086,1000.0000000000001,0.0,1,87.1035576573841,1189.6314947325736,87.1035576573841,1,0,522.6942487319466,43.70646381746304,21.85323190873152,21.85323190873152,522.6942487319466,1
12,fixed_750_375,277.7104158787491,1001.8359558608652,-679.2360477536633,1392.7428224994028,-558.558370009217,940.358173292954,1249.8213377871086,838.5254915624213,0.0,1,112.24440999750864,1791.1500297226012,112.24440999750864,1,0,739.6348431117367,59.785464852286594,29.892732426143297,29.892732426143297,739.6348431117367,1
12,perpendicular_500,277.7104158787491,1001.8359558608652,-679.2360477536633,1392.7428224994028,87.49355701151077,539.4318613691737,1249.8213377871086,500.0,0.0,0,228.6510784179858,5258.479165333323,1366.9998383911827,1,0,3255.058643094264,168.5641532385955,84.28207661929783,84.28207661929783,3255.058643094264,1
13,mechanistic_minimax,-683.3540372213622,-1664.0815328243284,-1082.4049332127356,-1239.52102245791,-943.078216470288,-698.398691149183,1446.8983395640369,999.999999996156,790.726124999999,1,91.62096839787081,1574.4881442096084,91.62096839787081,1,0,468.7736031282693,40.560072020718536,20.280036010359378,20.280036010359378,468.7736031282693,1
13,repository_neural,-683.3540372213622,-1664.0815328243284,-1082.4049332127356,-1239.52102245791,-1149.448214467456,-804.8558858516722,1446.8983395640369,977.5031941013251,0.03945799999982569,1,119.58121419398987,1436.77720426023,119.58121419398987,1,0,535.0000955834985,57.81825465808217,28.909127329041084,28.909127329041084,535.0000955834985,1
13,neural_safe_projection,-683.3540372213622,-1664.0815328243284,-1082.4049332127356,-1239.52102245791,-1149.448214467456,-804.8558858516722,1446.8983395640369,977.5031941013251,0.03945799999982569,1,119.58121419398987,1436.77720426023,119.58121419398987,1,0,535.0000955834985,57.81825465808217,28.909127329041084,28.909127329041084,535.0000955834985,1
13,analytic_far_range,-683.3540372213622,-1664.0815328243284,-1082.4049332127356,-1239.52102245791,-1601.6178007209028,-1268.112265527408,1446.8983395640369,1000.0000000000001,0.0,1,115.84908748920341,1685.2756058503874,115.84908748920341,1,0,488.275918177329,46.79705289424635,23.39852644712332,23.39852644712332,488.275918177329,1
13,fixed_750_375,-683.3540372213622,-1664.0815328243284,-1082.4049332127356,-1239.52102245791,-1474.3613740313772,-1385.8147667297626,1446.8983395640369,838.5254915624213,0.0,1,153.43591899527846,2617.6239344691858,153.43591899527846,1,0,319.5355998878367,32.149434311228845,16.07471715561455,16.07471715561455,319.5355998878367,1
13,perpendicular_500,-683.3540372213622,-1664.0815328243284,-1082.4049332127356,-1239.52102245791,-1042.698268954468,-2011.7476414977855,1446.8983395640369,500.00000000000006,0.0,0,249.39430410244702,6019.791157608852,1500.8658565750159,1,0,758.0381047800183,63.72614060488354,31.863070302441873,31.863070302441873,758.038104780484,1
14,mechanistic_minimax,474.7234315252976,-1001.6301571641608,-463.6722194810924,-1257.445501144966,-476.5976964658482,-693.4287434316122,1125.3269027644608,999.9999999945438,611.1741250000016,1,111.6698311444423,2167.145577946212,111.6698311444423,1,0,689.0166019278113,44.633989031680564,22.316994515840282,22.316994515840282,689.0166019278113,1
14,repository_neural,474.7234315252976,-1001.6301571641608,-463.6722194810924,-1257.445501144966,-546.2512999200148,-996.1855189119025,1125.3269027644608,1020.989248883418,0.03599999999792658,0,130.07323449495496,1832.8378811064176,1501.8089947055885,1,0,321.55558497901075,35.65567674181487,17.827838370907436,17.827838370907436,321.55558497901075,1
14,neural_safe_projection,474.7234315252976,-1001.6301571641608,-463.6722194810924,-1257.445501144966,-525.2384384058313,-1010.3627904348331,1125.3269027644608,1000.0000001,0.03599999999792658,1,140.1047941399727,1969.6412179153413,140.1047941399727,1,0,298.4958788543008,35.36599482694248,17.682997413471355,17.682997413471355,298.4958788543008,1
14,analytic_far_range,474.7234315252976,-1001.6301571641608,-463.6722194810924,-1257.445501144966,-316.8309364097984,-1612.7289074516007,1125.3269027644608,1000.0000000000001,0.0,1,118.29702825658305,1933.787787438836,118.29702825658305,1,0,461.7420421051793,38.275671809155426,19.137835904577816,19.137835904577816,461.7420421051793,1
14,fixed_750_375,474.7234315252976,-1001.6301571641608,-463.6722194810924,-1257.445501144966,-152.18654451920935,-1558.5043637277938,1125.3269027644608,838.5254915624212,0.0,1,153.68543371001294,2769.8586282590404,153.68543371001294,1,0,598.5277323317714,50.69282399784081,25.346411998920427,25.346411998920427,598.5277323317714,1
14,perpendicular_500,474.7234315252976,-1001.6301571641608,-463.6722194810924,-1257.445501144966,604.5470147473667,-1484.4819328048666,1125.3269027644608,500.0,0.0,0,249.31112092295533,5968.1579605536535,1501.8089947055885,1,0,2772.9516834898386,151.37659920514372,75.68829960257186,75.68829960257214,2772.9516834898386,1
15,mechanistic_minimax,-1288.8536298392582,1060.208071679289,-1479.8250862972397,969.5610031730997,-1707.7256180531201,1333.2396769714264,1423.3121859904716,499.9999999986351,374.0590000000026,1,20.149233793712156,136.03576045064256,20.149233793712156,1,0,112.43722043186426,17.54372204899774,8.77186102449887,8.77186102449887,112.43722043186426,1
15,repository_neural,-1288.8536298392582,1060.208071679289,-1479.8250862972397,969.5610031730997,-1539.2391584037114,1017.2730741206954,1423.3121859904716,254.04001049019232,0.029083999997681076,1,30.02846661584531,44.49974912079051,30.02846661584531,1,0,22.162163502536714,9.789871221087923,4.894935610543961,4.894935610543961,22.162163502536714,1
15,neural_safe_projection,-1288.8536298392582,1060.208071679289,-1479.8250862972397,969.5610031730997,-1539.2391584037114,1017.2730741206954,1423.3121859904716,254.04001049019232,0.029083999997681076,1,30.02846661584531,44.49974912079051,30.02846661584531,1,0,22.162163502536714,9.789871221087923,4.894935610543961,4.894935610543961,22.162163502536714,1
15,analytic_far_range,-1288.8536298392582,1060.208071679289,-1479.8250862972397,969.5610031730997,-1951.1793134197046,310.99202215172136,1423.3121859904716,1000.0000000000002,0.0,1,87.10355765637112,474.47730880696326,87.10355765637112,1,0,433.01555656967685,73.69207408874131,36.84603704437072,36.84603704437072,433.01555656967685,1
15,fixed_750_375,-1288.8536298392582,1060.208071679289,-1479.8250862972397,969.5610031730997,-1799.6905353616949,395.24893311793267,1423.3121859904716,838.5254915624212,0.0,1,63.2388477488245,319.8703027279116,63.2388477488245,1,0,294.112244324293,51.348942890672255,25.674471445336252,25.674471445336252,294.112244324293,1
15,perpendicular_500,-1288.8536298392582,1060.208071679289,-1479.8250862972397,969.5610031730997,-1070.4319307458513,610.4392851176278,1423.3121859904716,500.0,0.0,0,27.95036230371604,195.09661486791447,284.3021471786748,1,0,148.89819718711078,24.61866344206224,12.309331721031127,12.309331721031127,148.89819718711078,1
16,mechanistic_minimax,320.74650544684613,-620.7744982605178,1370.8386903702974,233.05505124054764,621.4108702686219,332.95551579765686,1367.5520351605019,999.9999999945439,580.1847500000008,1,111.67314669833559,2167.2343992352253,111.67314669833559,1,0,1745.0232681982452,95.31388430260787,47.656942151304044,47.656942151304044,1745.0232681982452,1
16,repository_neural,320.74650544684613,-620.7744982605178,1370.8386903702974,233.05505124054764,1254.9057461695024,-206.08754757692407,1367.5520351605019,1022.06592453461,0.03270799999910423,0,129.0017288259008,1825.9194605925586,1500.2904764160787,1,0,1269.5939529673196,102.02281149463187,51.01140574731593,51.01140574731593,1269.5939529673196,1
16,neural_safe_projection,320.74650544684613,-620.7744982605178,1370.8386903702974,233.05505124054764,1228.5914215741075,-201.46839472530112,1367.5520351605019,1000.0000001,0.03270799999910423,1,139.38800840468608,1967.5672643142752,139.38800840468608,1,0,1389.8587701868964,111.8851726264074,55.9425863132037,55.9425863132037,1389.8587701868964,1
16,analytic_far_range,320.74650544684613,-620.7744982605178,1370.8386903702974,233.05505124054764,788.3314794768417,263.1736292115462,1367.5520351605019,1000.0,0.0,1,117.92609939292446,1922.4019059371203,117.92609939292446,1,0,1455.3328376722056,96.91063585054017,48.45531792527009,48.45531792527009,1455.3328376722056,1
16,fixed_750_375,320.74650544684613,-620.7744982605178,1370.8386903702974,233.05505124054764,660.9023129062427,145.65816456880475,1367.5520351605019,838.5254915624212,0.0,1,153.2496054369076,2753.776363724377,153.2496054369076,1,0,2291.056427010102,134.84139775351642,67.42069887675821,67.42069887675821,2291.056427010102,1
16,perpendicular_500,320.74650544684613,-620.7744982605178,1370.8386903702974,233.05505124054764,2.6906339270464628,-234.97602419435367,1367.5520351605019,500.00000000000006,0.0,0,249.65191524368007,6031.298561972217,1500.2904764160787,0,0,39274.09059736304,1500.2904764160787,750.2322250690897,750.2322250690897,39274.09059736304,1
17,mechanistic_minimax,257.7589348382577,435.5052845231548,1085.8615502994996,772.2692996249979,1252.3430809082663,331.57080334147975,1091.6651107469154,999.9999999961561,569.2045000000014,1,88.39199521071387,1445.3501513083465,88.39199521071387,1,0,514.5632614661008,35.89439903151544,17.947199515757777,17.947199515757777,514.5632614661008,1
17,repository_neural,257.7589348382577,435.5052845231548,1085.8615502994996,772.2692996249979,1219.1169060296638,552.5324756852642,1091.6651107469154,968.4547032487112,0.0319580000009978,1,121.92463623795435,1335.108151725959,121.92463623795435,1,0,281.91865980112925,34.18829017596453,17.094145087982305,17.094145087982305,281.91865980112925,1
17,neural_safe_projection,257.7589348382577,435.5052845231548,1085.8615502994996,772.2692996249979,1219.1169060296638,552.5324756852642,1091.6651107469154,968.4547032487112,0.0319580000009978,1,121.92463623795435,1335.108151725959,121.92463623795435,1,0,281.91865980112925,34.18829017596453,17.094145087982305,17.094145087982305,281.91865980112925,1
17,analytic_far_range,257.7589348382577,435.5052845231548,1085.8615502994996,772.2692996249979,969.121870585173,1138.3301372749127,1091.6651107469154,1000.0,0.0,1,91.86474284734692,1350.1586521472782,91.86474284734692,1,0,420.2887890478596,35.02681922587923,17.513409612939626,17.513409612939626,420.2887890478596,1
17,fixed_750_375,257.7589348382577,435.5052845231548,1085.8615502994996,772.2692996249979,812.2938030447104,1064.4854749451206,1091.6651107469154,838.5254915624213,0.0,1,122.08204516393548,1987.2687932942063,122.08204516393548,1,0,464.2781094033271,40.92237388082798,20.46118694041399,20.46118694041399,464.2781094033271,1
17,perpendicular_500,257.7589348382577,435.5052845231548,1085.8615502994996,772.2692996249979,70.17879813493002,898.9852650124537,1091.6651107469154,500.00000000000006,0.0,0,240.97076832173485,5644.805500885472,1377.5124382623444,1,0,2187.941645872779,129.13716147883622,64.56858073941812,64.56858073941812,2187.941645872779,1
18,mechanistic_minimax,585.0632525063305,-1320.8834330340594,1040.5227866076116,-760.9972957640923,1540.2317540261972,-1024.8207138454052,1433.0740769319202,999.9999999945438,526.1002500000025,1,111.6561649985956,2166.779478742741,111.6561649985956,1,0,500.34252894250676,35.72700983964325,17.863504919821732,17.863504919821732,500.34252894250676,1
18,repository_neural,585.0632525063305,-1320.8834330340594,1040.5227866076116,-760.9972957640923,1417.0169878578931,-746.1174418231219,1433.0740769319202,1011.1888856282536,0.03608400000132406,0,132.13472979715692,1885.0966702708974,1500.4502871570892,1,0,440.9753564451821,47.82781883323857,23.9139094166193,23.9139094166193,440.9753564451821,1
18,neural_safe_projection,585.0632525063305,-1320.8834330340594,1040.5227866076116,-760.9972957640923,1403.3367257501338,-746.0543078276877,1433.0740769319202,1000.0000001,0.03608400000132406,1,137.4439878032646,1957.7303899811814,137.4439878032646,1,0,425.2129581763875,47.37066413124294,23.685332065621576,23.685332065621576,425.2129581763875,1
18,analytic_far_range,585.0632525063305,-1320.8834330340594,1040.5227866076116,-760.9972957640923,880.0853334820911,-365.3929978455475,1433.0740769319202,1000.0000000000001,0.0,1,117.98940845824981,1923.8759576269658,117.98940845824981,1,0,431.2030789859127,39.43038953397816,19.715194766989136,19.715194766989136,431.2030789859127,1
18,fixed_750_375,585.0632525063305,-1320.8834330340594,1040.5227866076116,-760.9972957640923,776.7361220617161,-504.5584296950682,1433.0740769319202,838.525491562421,0.0,1,153.32400408086713,2755.7026418775786,153.32400408086713,1,0,332.37432615831494,29.335687191632488,14.667843595816334,14.667843595816334,332.37432615831494,1
18,perpendicular_500,585.0632525063305,-1320.8834330340594,1040.5227866076116,-760.9972957640923,200.8026826069713,-1000.971235047456,1433.0740769319202,500.00000000000006,0.0,0,249.5028077500498,6022.638680261094,1500.4502871570892,1,0,1466.7403162273113,98.80272790299902,49.401363951499604,49.401363951499356,1466.7403162273113,1
19,mechanistic_minimax,541.3213790987387,95.9327285253565,220.97427500171074,1116.6107681737046,-226.1539333480804,737.0112297822188,1453.7888454698557,999.9999999945437,574.2590000000014,1,111.66465669705225,2167.0069575374946,111.66465669705225,1,0,859.3260592940496,54.68168901108,27.340844505540012,27.340844505540012,859.3260592940496,1
19,repository_neural,541.3213790987387,95.9327285253565,220.97427500171074,1116.6107681737046,513.1115802858725,1118.276112314419,1453.7888454698557,1022.7325100564333,0.035415999999344194,0,128.89133603108883,1822.9140853884164,1500.358595788885,1,0,385.08516109432094,42.71804679982882,21.359023399914424,21.359023399914424,385.08516109432094,1
19,neural_safe_projection,541.3213790987387,95.9327285253565,220.97427500171074,1116.6107681737046,498.4455731185776,1095.0131384331635,1453.7888454698557,1000.0000001,0.035415999999344194,1,139.60004762147034,1969.1075346400612,139.60004762147034,1,0,376.0418809381081,44.37369462844293,22.186847314221495,22.186847314221495,376.0418809381081,1
19,analytic_far_range,541.3213790987387,95.9327285253565,220.97427500171074,1116.6107681737046,-98.08511168430698,864.8015987135772,1453.7888454698557,999.9999999999999,0.0,1,117.91548331107018,1922.1547648737323,117.91548331107018,1,0,587.1761110349908,48.609172094621506,24.304586047310845,24.304586047310845,587.1761110349908,1
19,fixed_750_375,541.3213790987387,95.9327285253565,220.97427500171074,1116.6107681737046,-37.92456243255265,702.2322743107115,1453.7888454698557,838.5254915624212,0.0,1,153.2371292637126,2753.4533828297863,153.2371292637126,1,0,887.4328095952515,68.54213896359553,34.27106948179777,34.27106948179777,887.4328095952515,1
19,perpendicular_500,541.3213790987387,95.9327285253565,220.97427500171074,1116.6107681737046,63.49603693820501,-51.31856141523754,1453.7888454698557,500.0,0.0,0,249.69329966123206,6030.332697032951,1500.358595788885,1,0,4135.904090259224,197.9551428182066,98.97757140910342,98.97757140910342,4135.904090259282,1
20,mechanistic_minimax,-315.43416697326313,922.4603624350264,417.98703339491317,1194.725890240109,665.36278796145,727.4287414524116,1256.914677051153,999.999999996156,646.5838340000012,1,105.49891114933435,1993.5186907825992,105.49891114933435,1,0,516.1315437580924,35.110793946756246,17.555396973378123,17.555396973378123,516.1315437580924,1
20,repository_neural,-315.43416697326313,922.4603624350264,417.98703339491317,1194.725890240109,686.7978276556431,1021.2938661581709,1256.914677051153,1007.0933583913801,0.03879200000156402,0,126.57609379932296,1711.7400696282275,1499.4855044154885,1,0,379.3553304700181,43.20649528463793,21.603247642318973,21.603247642318973,379.3553304700181,1
20,neural_safe_projection,-315.43416697326313,922.4603624350264,417.98703339491317,1194.725890240109,679.2447354678361,1025.4840550429417,1256.914677051153,1000.0000001,0.03879200000156402,1,128.4261609112877,1755.135294740554,128.4261609112877,1,0,368.7854144619778,42.84577341487848,21.422886707439268,21.422886707439268,368.7854144619778,1
20,analytic_far_range,-315.43416697326313,922.4603624350264,417.98703339491317,1194.725890240109,411.4606801063011,1609.2091383998452,1256.914677051153,1000.0,0.0,1,117.76847128190708,1927.7208015862852,117.76847128190708,1,0,416.52878106047865,37.30906862629422,18.654534313147217,18.654534313147217,416.52878106047865,1
20,fixed_750_375,-315.43416697326313,922.4603624350264,417.98703339491317,1194.725890240109,253.02120841263263,1538.8883681217246,1256.914677051153,838.525491562421,0.0,1,153.06434335798843,2782.0633748779073,153.06434335798843,1,0,356.5149977991823,31.008909426900942,15.504454713450524,15.504454713450524,356.5149977991823,1
20,perpendicular_500,-315.43416697326313,922.4603624350264,417.98703339491317,1194.725890240109,-492.6076699032634,1390.0173641572903,1256.914677051153,499.99999999999994,0.0,0,249.31395998107473,5968.3213630644605,1499.4855044154885,1,0,1487.0003934581764,99.71295074773394,49.856475373867,49.856475373866935,1487.0003934581764,1
21,mechanistic_minimax,-1415.9284561264635,352.32428262848003,-1481.1626084690142,-571.2758555591919,-1039.9009759762946,-574.2842291844786,1156.528337585347,999.9999999961557,553.7125000000032,1,78.87686150613287,1187.9937384957448,78.87686150613287,1,0,497.9907049864996,36.84558801326647,18.422794006633342,18.422794006633342,497.9907049864996,1
21,repository_neural,-1415.9284561264635,352.32428262848003,-1481.1626084690142,-571.2758555591919,-1725.735920726073,-533.5754976449575,1156.528337585347,938.5089694883918,0.037750000004166395,1,117.14610718590356,1476.964709540829,117.14610718590356,1,0,282.0606662540231,34.22202063421786,17.11101031710906,17.11101031710906,282.0606662540231,1
21,neural_safe_projection,-1415.9284561264635,352.32428262848003,-1481.1626084690142,-571.2758555591919,-1725.735920726073,-533.5754976449575,1156.528337585347,938.5089694883918,0.037750000004166395,1,117.14610718590356,1476.964709540829,117.14610718590356,1,0,282.0606662540231,34.22202063421786,17.11101031710906,17.11101031710906,282.0606662540231,1
21,analytic_far_range,-1415.9284561264635,352.32428262848003,-1481.1626084690142,-571.2758555591919,-1095.1882291814195,-594.8429184607687,1156.528337585347,999.9999999999998,0.0,1,87.10355765538145,1106.665418509394,87.10355765538145,1,0,434.96638704510406,35.22854789689134,17.614273948445778,17.614273948445778,434.96638704510406,1
21,fixed_750_375,-1415.9284561264635,352.32428262848003,-1481.1626084690142,-571.2758555591919,-1092.9726585230565,-421.5132667281968,1156.528337585347,838.5254915624212,0.0,1,106.5843786825693,1659.8563248314895,106.5843786825693,1,0,518.6876113561448,45.068446504078786,22.534223252039446,22.534223252039446,518.6876113561448,1
21,perpendicular_500,-1415.9284561264635,352.32428262848003,-1481.1626084690142,-571.2758555591919,-917.093550441994,318.2106948551833,1156.528337585347,500.0,0.0,0,221.423249089193,5060.319684749469,1370.7007362335246,1,0,2560.96911085397,143.51347085174288,71.7567354258715,71.7567354258715,2560.96911085397,1
22,mechanistic_minimax,895.5342612027375,-1223.4509107048002,712.8955403557623,-1316.7271755727882,-101.93801763124611,-1152.3942224196626,1225.9691088704847,999.9999999961558,528.1362500000029,1,66.29303174703398,1047.9078750582412,66.29303174703398,1,0,333.56045441515744,56.35591691884602,28.177958459423024,28.177958459423024,333.56045441515744,1
22,repository_neural,895.5342612027375,-1223.4509107048002,712.8955403557623,-1316.7271755727882,19.936849093362525,-1404.0416242057768,1225.9691088704847,894.0267523376616,0.03308299999815745,1,111.35680428693502,944.5622264952399,111.35680428693502,1,0,513.9023697148077,92.65364276861668,46.326821384308396,46.326821384308396,513.9023697148077,1
22,neural_safe_projection,895.5342612027375,-1223.4509107048002,712.8955403557623,-1316.7271755727882,19.936849093362525,-1404.0416242057768,1225.9691088704847,894.0267523376616,0.03308299999815745,1,111.35680428693502,944.5622264952399,111.35680428693502,1,0,513.9023697148077,92.65364276861668,46.326821384308396,46.326821384308396,513.9023697148077,1
22,analytic_far_range,895.5342612027375,-1223.4509107048002,712.8955403557623,-1316.7271755727882,246.68606229861848,-1984.3687872058592,1225.9691088704847,1000.0000000000001,0.0,1,87.1035576544388,909.3616628587479,87.1035576544388,1,0,431.1239568181336,73.82185223156414,36.91092611578212,36.91092611578212,431.1239568181336,1
22,fixed_750_375,895.5342612027375,-1223.4509107048002,712.8955403557623,-1316.7271755727882,396.6468953791606,-1897.4215304068853,1225.9691088704847,838.5254915624212,0.0,1,100.25230325948522,1451.0481284310808,100.25230325948522,1,0,291.65303107723594,51.579143561304264,25.789571780652178,25.789571780652178,291.65303107723594,1
22,perpendicular_500,895.5342612027375,-1223.4509107048002,712.8955403557623,-1316.7271755727882,1121.9486274908957,-1669.2496710645974,1225.9691088704847,500.00000000000006,0.0,0,213.1976887333232,4647.371038733749,1280.8823355943498,1,0,146.8449217719026,24.472711415094697,12.236355707547403,12.236355707547403,146.8449217719026,1
23,mechanistic_minimax,-610.0769954561893,-1362.5743060768439,361.5258600151637,-1527.1528425437393,318.04198598804476,-990.2906020617081,1122.6504094130491,999.9999999961558,702.9290830000008,1,99.18589033352312,1786.4425392402336,99.18589033352312,1,0,653.0624962090515,43.89494558923383,21.947472794617013,21.947472794617013,653.0624962090515,1
23,repository_neural,-610.0769954561893,-1362.5743060768439,361.5258600151637,-1527.1528425437393,273.97256509068575,-1767.0119891823126,1122.6504094130491,972.1694631178467,0.10766599999811888,1,144.3890657089243,2056.2846187064424,144.3890657089243,1,0,323.4218705117237,38.064843241349585,19.03242162067481,19.03242162067481,323.4218705117237,1
23,neural_safe_projection,-610.0769954561893,-1362.5743060768439,361.5258600151637,-1527.1528425437393,273.97256509068575,-1767.0119891823126,1122.6504094130491,972.1694631178467,0.10766599999811888,1,144.3890657089243,2056.2846187064424,144.3890657089243,1,0,323.4218705117237,38.064843241349585,19.03242162067481,19.03242162067481,323.4218705117237,1
23,analytic_far_range,-610.0769954561893,-1362.5743060768439,361.5258600151637,-1527.1528425437393,362.3890253648244,-1129.5295928809776,1122.6504094130491,999.9999999999999,0.0,1,102.59146750198279,1596.994829528965,102.59146750198279,1,0,472.2682367693633,39.31222382928077,19.6561119146405,19.6561119146405,472.2682367693633,1
23,fixed_750_375,-610.0769954561893,-1362.5743060768439,361.5258600151637,-1527.1528425437393,189.9833462000896,-1111.519631336782,1122.6504094130491,838.525491562421,0.0,1,135.05651607429803,2344.632088284008,135.05651607429803,1,0,615.4669247176498,51.83380883891485,25.916904419457513,25.916904419457513,615.4669247176498,1
23,perpendicular_500,-610.0769954561893,-1362.5743060768439,361.5258600151637,-1527.1528425437393,-530.623397542548,-868.9275439294786,1122.6504094130491,500.0,0.0,0,249.4673095558888,5972.624414122198,1497.5499714324262,1,0,2789.2492279037833,151.97283709644205,75.98641854822107,75.98641854822097,2789.2492279037833,1
24,mechanistic_minimax,134.80681109221806,1608.3487034997372,440.9107229493916,1240.506055856983,1094.5201579254172,1327.3677577057074,1442.2145871482642,999.9999999945439,590.1784170000042,1,111.6452110257172,2166.4860532460734,111.6452110257172,1,0,459.2101244898513,41.28092351775578,20.64046175887796,20.64046175887796,459.2101244898513,1
24,repository_neural,134.80681109221806,1608.3487034997372,440.9107229493916,1240.506055856983,559.2140071371399,696.9891453942685,1442.2145871482642,1005.3346269799464,0.053999999998666226,0,133.75424075219414,1921.8445496761706,1501.2159578642113,1,0,691.0471724094823,75.79639750028677,37.8981987501434,37.8981987501434,691.0471724094823,1
24,neural_safe_projection,134.80681109221806,1608.3487034997372,440.9107229493916,1240.506055856983,560.4296337847705,703.4480387838669,1442.2145871482642,1000.0000001,0.053999999998666226,1,136.28242071410298,1957.1978580218274,136.28242071410298,1,0,690.0838968520984,76.07323396055268,38.03661698027636,38.03661698027636,690.0838968520984,1
24,analytic_far_range,134.80681109221806,1608.3487034997372,440.9107229493916,1240.506055856983,1028.1868695773294,1159.0469439871135,1442.2145871482642,1000.0000000000003,0.0,1,117.8911682125329,1921.5887547477614,117.8911682125329,1,0,517.9251491005998,51.90596259860776,25.952981299303932,25.952981299303932,517.9251491005998,1
24,fixed_750_375,134.80681109221806,1608.3487034997372,440.9107229493916,1240.506055856983,908.0748461429912,1284.031658050818,1442.2145871482642,838.5254915624212,0.0,1,153.20855326346873,2752.7136593479663,153.20855326346873,1,0,331.2168040468823,35.52236747367078,17.76118373683539,17.76118373683539,331.2168040468823,1
24,perpendicular_500,134.80681109221806,1608.3487034997372,440.9107229493916,1240.506055856983,513.9807113451811,1934.2737767404378,1442.2145871482642,500.00000000000006,0.0,0,249.6833366438091,5979.952599706827,1501.2159578642113,1,0,574.7000436736271,53.18030628262218,26.59015314131121,26.590153141310996,574.7000436736271,1
25,mechanistic_minimax,-1189.966480463139,-102.52967630473513,-887.0920038668935,301.0970295284526,-1119.8197971371253,895.0070111446277,1183.4494418553088,999.9999999945439,644.4771249999945,1,111.71787273361376,2168.4327192039927,111.71787273361376,1,0,462.52851564378943,40.583624338333465,20.291812169166732,20.291812169166732,462.52851564378943,1
25,repository_neural,-1189.966480463139,-102.52967630473513,-887.0920038668935,301.0970295284526,-393.1599619084516,503.6484242812024,1183.4494418553088,1001.1755678407342,0.034124999999107786,0,135.00414148699204,1946.169177368516,1501.8089947055876,1,0,655.9430392516078,70.32656036787546,35.16328018393777,35.16328018393777,655.9430392516078,1
25,neural_safe_projection,-1189.966480463139,-102.52967630473513,-887.0920038668935,301.0970295284526,-394.613865532199,503.6173505150916,1183.4494418553088,1000.0000001,0.034124999999107786,1,135.56303887883496,1953.6023997684242,135.56303887883496,1,0,655.4528200931381,70.3647099325444,35.1823549662722,35.1823549662722,655.4528200931381,1
25,analytic_far_range,-1189.966480463139,-102.52967630473513,-887.0920038668935,301.0970295284526,-941.2335312607929,866.0424273515198,1183.4494418553088,1000.0000000000001,0.0,1,117.98202643479752,1923.7040589674143,117.98202643479752,1,0,512.6254334409023,50.80647969801367,25.403239849006876,25.403239849006876,512.6254334409023,1
25,fixed_750_375,-1189.966480463139,-102.52967630473513,-887.0920038668935,301.0970295284526,-1037.7709616298066,722.0681190155366,1183.4494418553088,838.5254915624212,0.0,1,153.3153292959282,2775.053777100169,153.3153292959282,1,0,328.16489462403115,34.65746469466616,17.328732347333084,17.328732347333084,328.16489462403115,1
25,perpendicular_500,-1189.966480463139,-102.52967630473513,-887.0920038668935,301.0970295284526,-1589.1664996117286,198.53401249178137,1183.4494418553088,499.99999999999994,0.0,0,249.41909970839845,5971.039480357664,1501.8089947055876,1,0,665.3862283250783,58.50233270818552,29.25116635409276,29.251166354092792,665.3862283250783,1
26,mechanistic_minimax,-155.32249281347458,6.812039232610011,-65.81463535861262,535.1492219080793,-536.9446243926429,931.1304630877552,1173.761900496236,999.9999999945439,535.2411669999952,1,111.64545990464858,2166.4927201878745,111.64545990464858,1,0,464.16693859807856,40.22908780578843,20.114543902894273,20.114543902894273,464.16693859807856,1
26,repository_neural,-155.32249281347458,6.812039232610011,-65.81463535861262,535.1492219080793,290.00886704980667,913.2185944083913,1173.761900496236,1009.8974518946495,0.031083000003206962,0,132.62476152182427,1895.2245397424558,1500.6482737005074,1,0,617.8274404586919,64.63362161553063,32.316810807765364,32.316810807765364,617.8274404586919,1
26,neural_safe_projection,-155.32249281347458,6.812039232610011,-65.81463535861262,535.1492219080793,279.38728397871284,907.3826417737359,1173.761900496236,1000.0000001,0.031083000003206962,1,137.32677816589938,1959.7163751537446,137.32677816589938,1,0,610.4372893787877,64.73404393905578,32.36702196952793,32.36702196952793,610.4372893787877,1
26,analytic_far_range,-155.32249281347458,6.812039232610011,-65.81463535861262,535.1492219080793,-364.1570389604159,984.7630259060736,1173.761900496236,1000.0,0.0,1,117.89147945199683,1921.5959984746296,117.89147945199683,1,0,510.6963801083766,50.43635581287507,25.218177906437564,25.218177906437564,510.6963801083766,1
26,fixed_750_375,-155.32249281347458,6.812039232610011,-65.81463535861262,535.1492219080793,-386.4408719944811,812.8575061913571,1173.761900496236,838.5254915624212,0.0,1,153.20891900449675,2752.723127629375,153.20891900449675,1,0,325.87379098492966,34.026438044476016,17.01321902223806,17.01321902223806,325.87379098492966,1
26,perpendicular_500,-155.32249281347458,6.812039232610011,-65.81463535861262,535.1492219080793,-646.8449763064081,98.49436152507243,1173.761900496236,500.0,0.0,0,249.85427894430475,5964.983275600418,1500.6482737005074,1,0,711.0524421389273,61.10214532441813,30.55107266220907,30.551072662208956,711.05244213892,1
27,mechanistic_minimax,-816.2569248986416,1005.7725687869624,-1598.5768687870202,690.1111448647293,-1232.2296239840668,235.97278078195473,1054.4275930742162,874.9999999982678,595.8012920000044,1,46.546207376219265,699.4152237675153,46.546207376219265,1,0,643.1666351878084,43.077459797408416,21.53872989870423,21.53872989870423,643.1666351878084,1
27,repository_neural,-816.2569248986416,1005.7725687869624,-1598.5768687870202,690.1111448647293,-1505.8718540978603,919.9011011966304,1054.4275930742162,694.9407597202518,0.03033300000510053,1,90.6587111712622,536.2616790365428,90.6587111712622,1,0,333.30637288000435,48.531239027726386,24.265619513863243,24.265619513863243,333.30637288000435,1
27,neural_safe_projection,-816.2569248986416,1005.7725687869624,-1598.5768687870202,690.1111448647293,-1505.8718540978603,919.9011011966304,1054.4275930742162,694.9407597202518,0.03033300000510053,1,90.6587111712622,536.2616790365428,90.6587111712622,1,0,333.30637288000435,48.531239027726386,24.265619513863243,24.265619513863243,333.30637288000435,1
27,analytic_far_range,-816.2569248986416,1005.7725687869624,-1598.5768687870202,690.1111448647293,-1532.7459199428554,308.1741743073503,1054.4275930742162,999.9999999999999,0.0,1,87.10355766240167,533.351252341643,87.10355766240167,1,0,412.4175651441328,35.59401450747079,17.797007253735394,17.797007253735394,412.4175651441328,1
27,fixed_750_375,-816.2569248986416,1005.7725687869624,-1598.5768687870202,690.1111448647293,-1375.381465302189,380.8687775370438,1054.4275930742162,838.5254915624212,0.0,1,63.23884775249203,465.6747059551999,63.23884775249203,1,0,414.54283403465524,36.77273901413195,18.3863695070661,18.3863695070661,414.54283403465524,1
27,perpendicular_500,-816.2569248986416,1005.7725687869624,-1598.5768687870202,690.1111448647293,-632.074780339631,540.9318029050921,1054.4275930742162,500.00000000000006,0.0,0,120.84416771382047,2019.3575010928325,936.6513168675451,1,0,1979.7783230077475,105.33551703743886,52.66775851871943,52.66775851871943,1979.7783230077475,1
28,mechanistic_minimax,-356.3504617990984,87.89079221398026,-109.93355048072743,906.0783575552649,-635.8226591223131,1048.0445772465769,1154.9312046948392,999.9999999945438,558.421832999997,1,111.67490759503876,2167.281573578017,111.67490759503876,1,0,566.3145954541978,35.753813182500636,17.876906591250318,17.876906591250318,566.3145954541978,1
28,repository_neural,-356.3504617990984,87.89079221398026,-109.93355048072743,906.0783575552649,183.9260274587141,941.6826012960115,1154.9312046948392,1010.3757410489995,0.031083000003206962,0,132.54732827179907,1891.2122627382632,1500.2783493545621,1,0,335.7397809213144,38.445530149182886,19.222765074591464,19.222765074591464,335.7397809213144,1
28,neural_safe_projection,-356.3504617990984,87.89079221398026,-109.93355048072743,906.0783575552649,172.22218790950288,936.7788615022865,1154.9312046948392,1000.0000001,0.031083000003206962,1,137.48602676250496,1958.8424972046632,137.48602676250496,1,0,320.23134482401656,37.85303888574605,18.926519442873026,18.926519442873026,320.23134482401656,1
28,analytic_far_range,-356.3504617990984,87.89079221398026,-109.93355048072743,906.0783575552649,-458.2501115259404,1082.6854752443767,1154.9312046948392,999.9999999999999,0.0,1,117.92830128100718,1922.4531663010712,117.92830128100718,1,0,413.06300322449533,35.4725151999514,17.7362575999757,17.7362575999757,413.06300322449533,1
28,fixed_750_375,-356.3504617990984,87.89079221398026,-109.93355048072743,906.0783575552649,-498.98543895696025,914.1959799570902,1154.9312046948392,838.5254915624212,0.0,1,153.2521930850388,2753.8433538419486,153.2521930850388,1,0,419.5138202650123,37.20924438745085,18.604622193725447,18.604622193725447,419.5138202650123,1
28,perpendicular_500,-356.3504617990984,87.89079221398026,-109.93355048072743,906.0783575552649,-835.0825558375202,232.1668544612833,1154.9312046948392,499.99999999999994,0.0,0,249.64432523336114,6031.54511561837,1500.2783493545621,1,0,2010.9689276308636,122.03999755916365,61.01999877958183,61.019998779581826,2010.9689276308927,1
29,mechanistic_minimax,-107.49207820823158,155.95310968305137,-654.5635560345794,377.2985796855992,-1090.066390945855,-29.91705989043089,1111.3985829655785,999.9999999945439,522.7160840000024,1,111.66728145637822,2167.077272265218,111.66728145637822,1,0,471.39088904322125,38.702374212817226,19.351187106408617,19.351187106408617,471.39088904322125,1
29,repository_neural,-107.49207820823158,155.95310968305137,-654.5635560345794,377.2985796855992,-903.141126059794,771.7292937650826,1111.3985829655785,1006.100251580192,0.031833000001313394,0,134.29025345608116,1917.2208453756757,1500.3355896815629,1,0,561.1125711184577,59.07207797893376,29.536038989466924,29.536038989466924,561.1125711184577,1
29,neural_safe_projection,-107.49207820823158,155.95310968305137,-654.5635560345794,377.2985796855992,-900.9474990358773,764.5814818110878,1111.3985829655785,1000.0000001,0.031833000001313394,1,137.22658558770286,1957.8102268488146,137.22658558770286,1,0,555.3060176862637,59.05476195800832,29.52738097900418,29.52738097900418,555.3060176862637,1
29,analytic_far_range,-107.49207820823158,155.95310968305137,-654.5635560345794,377.2985796855992,-1107.4753170352526,150.16328541791745,1111.3985829655785,1000.0000000000001,0.0,1,117.9187653766433,1922.2311693360098,117.9187653766433,1,0,489.69668907666346,47.003242928575155,23.501621464287634,23.501621464287634,489.69668907666346,1
29,fixed_750_375,-107.49207820823158,155.95310968305137,-654.5635560345794,377.2985796855992,-943.6824900578471,93.41835829815932,1111.3985829655785,838.525491562421,0.0,1,153.24098638498637,2753.5532349143177,153.24098638498637,1,0,319.3625694967923,32.08702676077989,16.043513380390003,16.043513380390003,319.3625694967923,1
29,perpendicular_500,-107.49207820823158,155.95310968305137,-654.5635560345794,377.2985796855992,-297.12432062951996,-306.69104367271484,1111.3985829655785,500.0,0.0,0,249.67953900900017,6026.512078164145,1500.3355896815629,1,0,809.8097868181649,66.5617351740138,33.28086758700693,33.2808675870068,809.8097868182231,1
30,mechanistic_minimax,1141.2543929395601,468.1161777621427,511.21335260696316,1383.6444099834328,219.7202427425076,856.4134994238868,1456.8302102445705,999.9999999945439,535.5343330000011,1,111.65628109757945,2166.7825887892395,111.65628109757945,1,0,916.2680959035642,57.751559471290314,28.87577973564527,28.87577973564527,916.2680959035642,1
30,repository_neural,1141.2543929395601,468.1161777621427,511.21335260696316,1383.6444099834328,819.3465255079195,1416.5150425082365,1456.8302102445705,1001.5413529985002,0.029708999996103103,0,135.93148240542837,1945.3660525078885,1500.4487985784262,1,0,468.0083641586825,51.11543759854403,25.55771879927207,25.55771879927207,468.0083641586825,1
30,neural_safe_projection,1141.2543929395601,468.1161777621427,511.21335260696316,1383.6444099834328,818.7976460594598,1414.70037718209,1456.8302102445705,1000.0000000999999,0.029708999996103103,1,136.67896085558635,1955.6463574026711,136.67896085558635,1,0,468.3039036653936,51.305407652319325,25.652703826159673,25.652703826159673,468.3039036653936,1
30,analytic_far_range,1141.2543929395601,468.1161777621427,511.21335260696316,1383.6444099834328,304.7647533486153,1016.098917323355,1456.8302102445705,1000.0000000000001,0.0,1,117.90501033172292,1921.9109659495298,117.90501033172292,1,0,644.0089023688342,52.5726127322267,26.28630636611346,26.28630636611346,644.0089023688342,1
30,fixed_750_375,1141.2543929395601,468.1161777621427,511.21335260696316,1383.6444099834328,409.88424792244984,878.2657979956023,1456.8302102445705,838.5254915624212,0.0,1,153.22482109862793,2753.1347641905304,153.22482109862793,1,0,980.7947101537138,73.77932768938555,36.88966384469289,36.88966384469289,980.7947101537138,1
30,perpendicular_500,1141.2543929395601,468.1161777621427,511.21335260696316,1383.6444099834328,727.475890143819,187.42533248193973,1456.8302102445705,499.99999999999994,0.0,0,249.7455495758994,6027.753486910136,1500.4487985784262,1,0,3919.595451365458,190.94543391720492,95.47271695860256,95.47271695860282,3919.595451365225,1
31,mechanistic_minimax,1440.9554416093974,812.8037818395086,1362.5728627513172,-406.92413623600225,1917.4562341519747,-66.37025934652615,1351.7928856480203,999.9999999945438,521.1484169999992,1,111.6415689301878,2166.3884934582748,111.6415689301878,1,0,1250.0413128943183,74.11001978240523,37.055009891202616,37.055009891202616,1250.0413128943183,1
31,repository_neural,1440.9554416093974,812.8037818395086,1362.5728627513172,-406.92413623600225,1091.0851718340068,-137.2522484339289,1351.7928856480203,1012.4305735859755,0.029707999999573076,0,131.6743041048682,1881.9622504375875,1500.9909757046605,1,0,695.564054323826,67.31863692291554,33.65931846145777,33.65931846145777,695.564054323826,1
31,neural_safe_projection,1440.9554416093974,812.8037818395086,1362.5728627513172,-406.92413623600225,1103.5599050014753,-128.55919389145373,1351.7928856480203,1000.0000001,0.029707999999573076,1,137.54085637998335,1962.312757319305,137.54085637998335,1,0,713.1985547943041,69.9500719012187,34.97503595060944,34.97503595060944,713.1985547943041,1
31,analytic_far_range,1440.9554416093974,812.8037818395086,1362.5728627513172,-406.92413623600225,1751.2498945539896,-137.83671407459678,1351.7928856480203,1000.0,0.0,1,117.88661409171442,1921.4827488274314,117.88661409171442,1,0,962.7012385863345,71.83941373048137,35.919706865240684,35.919706865240684,962.7012385863345,1
31,fixed_750_375,1440.9554416093974,812.8037818395086,1362.5728627513172,-406.92413623600225,1755.3733298946297,35.45804696585856,1351.7928856480203,838.525491562421,0.0,1,153.20320099512873,2752.5751168057323,153.20320099512873,1,0,1559.0324156766292,102.91438222706805,51.45719111353402,51.45719111353402,1559.0324156766292,1
31,perpendicular_500,1440.9554416093974,812.8037818395086,1362.5728627513172,-406.92413623600225,1939.384603751406,773.2011262919924,1351.7928856480203,499.99999999999994,0.0,0,249.7599813877004,5982.597561074421,1500.9909757046605,1,0,5683.573226227425,245.03693638504876,122.51846819252441,122.51846819252458,5683.573226227425,1
32,mechanistic_minimax,-1249.914668419112,-1169.8751949286232,-281.74884221625496,-959.0096331342795,-557.9330162376947,-447.96010779346454,1137.860377789378,999.9999999945439,626.6553749999986,1,111.68008498352056,2167.420278562873,111.68008498352056,1,0,694.8414282986196,45.00781130503825,22.503905652519137,22.503905652519137,694.8414282986196,1
32,repository_neural,-1249.914668419112,-1169.8751949286232,-281.74884221625496,-959.0096331342795,-241.6651567003621,-1212.6984294867286,1137.860377789378,1009.1585144560374,0.035125000003688456,0,132.96033965628783,1905.301348371664,1501.8089947055882,1,0,332.32959336042404,36.923233742702145,18.461616871351133,18.461616871351133,332.32959336042404,1
32,neural_safe_projection,-1249.914668419112,-1169.8751949286232,-281.74884221625496,-959.0096331342795,-250.561773766511,-1205.8445172667937,1137.860377789378,1000.0000001,0.035125000003688456,1,137.30999915211285,1965.4669484933838,137.30999915211285,1,0,323.85801800712943,37.231394624635215,18.615697312317664,18.615697312317664,323.85801800712943,1
32,analytic_far_range,-1249.914668419112,-1169.8751949286232,-281.74884221625496,-959.0096331342795,-439.1846841268115,-584.4549248922962,1137.860377789378,1000.0,0.0,1,117.9347752307881,1922.6038855101797,117.9347752307881,1,0,472.80067769566085,39.36312223267522,19.68156111633761,19.68156111633761,472.80067769566085,1
32,fixed_750_375,-1249.914668419112,-1169.8751949286232,-281.74884221625496,-959.0096331342795,-605.4821009843796,-633.3757391698323,1137.860377789378,838.525491562421,0.0,1,153.2598012967423,2754.0403215039405,153.2598012967423,1,0,607.5257605201332,51.300882638311585,25.650441319155817,25.650441319155817,607.5257605201332,1
32,perpendicular_500,-1249.914668419112,-1169.8751949286232,-281.74884221625496,-959.0096331342795,-1364.1990268412053,-683.1113040944215,1137.860377789378,500.00000000000006,0.0,0,249.49944037604612,5973.695883713532,1501.8089947055882,1,0,2580.815326417447,144.25842423915793,72.129212119579,72.129212119579,2580.815326417447,1
33,mechanistic_minimax,1023.8190500685364,-1002.605660075339,921.970122900722,-616.5424040587919,1330.0118341761577,-50.6361338038771,1247.5423158458552,999.9999999945439,553.5005829999945,1,111.66208268943566,2166.9380034218775,111.66208268943566,1,0,432.3129474064335,45.46717893281554,22.73358946640777,22.73358946640777,432.3129474064335,1
33,repository_neural,1023.8190500685364,-1002.605660075339,921.970122900722,-616.5424040587919,1032.2152807661682,2.4384683426297897,1247.5423158458552,1005.0791992461899,0.04254200000275432,0,133.74885345692041,1919.163245130214,1501.673148379987,1,0,716.0199990873225,84.77177296547114,42.38588648273557,42.38588648273557,716.0199990873225,1
33,neural_safe_projection,1023.8190500685364,-1002.605660075339,921.970122900722,-616.5424040587919,1028.5357493281615,-2.6167836631589125,1247.5423158458552,1000.0000001,0.04254200000275432,1,136.16090042638044,1951.5933243656764,136.16090042638044,1,0,716.7815551867243,85.1669964454797,42.58349822273985,42.58349822273985,716.7815551867243,1
33,analytic_far_range,1023.8190500685364,-1002.605660075339,921.970122900722,-616.5424040587919,411.0509358571471,-212.3428947840606,1247.5423158458552,1000.0000000000002,0.0,1,118.26979808961471,1930.409029935312,118.26979808961471,1,0,533.588667212287,57.580245064804714,28.790122532402435,28.790122532402435,533.588667212287,1
33,fixed_750_375,1023.8190500685364,-1002.605660075339,921.970122900722,-616.5424040587919,465.62287191335827,-376.8724687765613,1247.5423158458552,838.5254915624212,0.0,1,153.65344527051417,2764.237600894994,153.65344527051417,1,0,341.1919166983571,39.41073904027527,19.705369520137648,19.705369520137648,341.1919166983571,1
33,perpendicular_500,1023.8190500685364,-1002.605660075339,921.970122900722,-616.5424040587919,541.2423672011408,-1133.4481040784267,1247.5423158458552,500.00000000000006,0.0,0,249.3158183197317,5968.420652759669,1501.673148379987,1,0,416.45178138953634,43.29738116815618,21.64869058407814,21.648690584078032,416.4517813893035,1
34,mechanistic_minimax,699.7187516779974,-354.1767116630072,-135.62592413573725,-875.3779708506987,-300.0699056495297,-333.618485370148,1488.5060423258637,999.9999999945438,622.8213330000045,1,111.67732750393604,2167.346403414849,111.67732750393604,1,0,701.8675122415007,45.45495887633579,22.727479438167894,22.727479438167894,701.8675122415007,1
34,repository_neural,699.7187516779974,-354.1767116630072,-135.62592413573725,-875.3779708506987,-265.7720930485651,-633.0569912040228,1488.5060423258637,1004.961084603621,0.036500000000216914,0,133.56801413197007,1919.451085723238,1501.8089947055878,1,0,328.1460435143672,36.367935347514404,18.183967673757202,18.183967673757202,328.1460435143672,1
34,neural_safe_projection,699.7187516779974,-354.1767116630072,-135.62592413573725,-875.3779708506987,-260.01046037278184,-635.1034632129273,1488.5060423258637,1000.0000001,0.036500000000216914,1,135.9145076341322,1951.0374521373305,135.9145076341322,1,0,323.09132405524724,36.49097592714683,18.24548796357347,18.24548796357347,323.09132405524724,1
34,analytic_far_range,699.7187516779974,-354.1767116630072,-135.62592413573725,-875.3779708506987,118.19030151955099,-1167.7027786432334,1488.5060423258637,1000.0000000000001,0.0,1,118.26755071937863,1948.120405320311,118.26755071937863,1,0,472.8363860613317,39.366530981463264,19.68326549073167,19.68326549073167,472.8363860613317,1
34,fixed_750_375,699.7187516779974,-354.1767116630072,-135.62592413573725,-875.3779708506987,260.18203281354096,-1068.2722744344528,1488.5060423258637,838.525491562421,0.0,1,153.6508052114042,2797.81160502485,153.6508052114042,1,0,626.8890730712446,52.594472750326204,26.297236375163102,26.297236375163102,626.8890730712446,1
34,perpendicular_500,699.7187516779974,-354.1767116630072,-135.62592413573725,-875.3779708506987,963.3599267922467,-779.0217784631029,1488.5060423258637,500.00000000000006,0.0,0,249.3088171649113,5967.997177846497,1501.8089947055878,1,0,2927.828636216698,156.99757554565318,78.49878777282659,78.4987877728265,2927.82863621664,1
35,mechanistic_minimax,-108.2911170074148,1067.79627703687,-911.3486112682878,1401.26614427906,-1054.4009119564614,743.9502396875239,1024.2293702656495,1000.0000000027006,543.0784590000002,1,52.25203723161782,906.8902195198461,52.25203723161782,1,0,707.1604062379338,41.38686433371334,20.693432166856795,20.693432166856795,707.1604062379338,1
35,repository_neural,-108.2911170074148,1067.79627703687,-911.3486112682878,1401.26614427906,-752.4619544097585,1542.80994891187,1024.2293702656495,800.371199024432,0.02895899999799667,1,105.85020832185431,590.4925144868903,105.85020832185431,1,0,264.86448655230924,38.93561578836278,19.467807894181448,19.467807894181448,264.86448655230924,1
35,neural_safe_projection,-108.2911170074148,1067.79627703687,-911.3486112682878,1401.26614427906,-752.4619544097585,1542.80994891187,1024.2293702656495,800.371199024432,0.02895899999799667,1,105.85020832185431,590.4925144868903,105.85020832185431,1,0,264.86448655230924,38.93561578836278,19.467807894181448,19.467807894181448,264.86448655230924,1
35,analytic_far_range,-108.2911170074148,1067.79627703687,-911.3486112682878,1401.26614427906,-1108.250636112209,1058.7984911031485,1024.2293702656495,1000.0000000000001,0.0,1,87.10355765681652,533.387454941636,87.10355765681652,1,0,414.8995135240257,35.275472634211454,17.63773631710575,17.63773631710575,414.8995135240257,1
35,fixed_750_375,-108.2911170074148,1067.79627703687,-911.3486112682878,1401.26614427906,-944.2766116854411,1002.5793107785764,1024.2293702656495,838.525491562421,0.0,1,63.23884774909504,651.3447184055112,63.23884774909504,1,0,430.62386422324926,38.164802503245866,19.082401251622947,19.082401251622947,430.62386422324926,1
35,perpendicular_500,-108.2911170074148,1067.79627703687,-911.3486112682878,1401.26614427906,-296.43820025046534,604.5461555397109,1024.2293702656495,500.0,0.0,0,145.72503750915237,2659.3845502911136,1041.0320992800987,1,0,1953.8182339519262,119.70520849011268,59.852604245056405,59.852604245056405,1953.8182339519262,1
36,mechanistic_minimax,917.6927192052656,-1074.450028645494,-124.29798680385792,-1211.3634413277089,147.1457208258813,-1711.8332126703071,1166.737004890752,999.9999999945438,533.300374999996,1,111.64131969279337,2166.381817245856,111.64131969279337,1,0,831.4487715284922,53.13606283800635,26.568031419003177,26.568031419003177,831.4487715284922,1
36,repository_neural,917.6927192052656,-1074.450028645494,-124.29798680385792,-1211.3634413277089,-79.35616995489067,-915.0153210038925,1166.737004890752,1009.7157587045299,0.03795800000006011,0,132.43417135461942,1896.2813272024505,1500.8888513316583,1,0,369.79841729672626,41.31372900405784,20.656864502029027,20.656864502029027,369.79841729672626,1
36,neural_safe_projection,917.6927192052656,-1074.450028645494,-124.29798680385792,-1211.3634413277089,-70.8229032602647,-923.3313192095502,1166.737004890752,1000.0000001,0.03795800000006011,1,137.02681674742158,1959.314761266578,137.02681674742158,1,0,363.6769500753726,41.84301507823333,20.921507539116664,20.921507539116664,363.6769500753726,1
36,analytic_far_range,917.6927192052656,-1074.450028645494,-124.29798680385792,-1211.3634413277089,44.91398874395918,-1562.5660882607772,1166.737004890752,1000.0000000000002,0.0,1,117.88630245408329,1921.4754946986213,117.88630245408329,1,0,563.6366275888868,46.881327690881236,23.4406638454407,23.4406638454407,563.6366275888868,1
36,fixed_750_375,917.6927192052656,-1074.450028645494,-124.29798680385792,-1211.3634413277089,215.7402846625546,-1533.1305052733542,1166.737004890752,838.525491562421,0.0,1,153.20283468913811,2752.5656368071213,153.20283468913811,1,0,856.5788016808801,66.76539124719318,33.38269562359659,33.38269562359659,856.5788016808801,1
36,perpendicular_500,917.6927192052656,-1074.450028645494,-124.29798680385792,-1211.3634413277089,975.1349908620681,-1571.139454169036,1166.737004890752,500.0000000000001,0.0,0,249.8002236265941,5983.992006915389,1500.8888513316583,1,0,4201.830842101714,200.06746759176593,100.03373379588297,100.03373379588365,4201.830842101714,1
37,mechanistic_minimax,49.99068071150211,21.408585084956265,-335.532156553867,-625.9279938526095,-847.305923706002,-420.01955594130976,1129.5116185695358,999.9999999945439,611.8390409999961,1,111.7594614376332,2169.8095753611997,111.7594614376332,1,0,511.4711568062776,35.345720210133955,17.672860105066988,17.672860105066988,511.4711568062776,1
37,repository_neural,49.99068071150211,21.408585084956265,-335.532156553867,-625.9279938526095,-683.1665458509979,-676.0859827861375,1129.5116185695358,1011.937839528941,0.032791999998948995,0,131.9160705775654,1884.6662899693474,1501.808994705593,1,0,416.1786461620359,45.59914195616863,22.79957097808434,22.79957097808434,416.1786461620359,1
37,neural_safe_projection,49.99068071150211,21.408585084956265,-335.532156553867,-625.9279938526095,-668.7376003621098,-673.8824749646974,1129.5116185695358,1000.0000001,0.032791999998948995,1,137.56809060074164,1962.159922662191,137.56809060074164,1,0,398.77299436414614,45.04805193220123,22.52402596610064,22.52402596610064,398.77299436414614,1
37,analytic_far_range,49.99068071150211,21.408585084956265,-335.532156553867,-625.9279938526095,-92.3808070233512,-968.4047101784306,1129.5116185695358,1000.0000000000001,0.0,1,118.08439200302875,1944.7223409088328,118.08439200302875,1,0,421.3648577790009,38.08339172173185,19.041695860865925,19.041695860865925,421.3648577790009,1
37,fixed_750_375,49.99068071150211,21.408585084956265,-335.532156553867,-625.9279938526095,-12.00393141688167,-814.8220458220031,1129.5116185695358,838.5254915624212,0.0,1,153.4356156442361,2808.9524247832596,153.4356156442361,1,0,345.0770338246948,29.59261936477827,14.796309682389166,14.796309682389166,345.0770338246948,1
37,perpendicular_500,49.99068071150211,21.408585084956265,-335.532156553867,-625.9279938526095,479.4484539609781,-234.65004295870426,1129.5116185695358,500.0,0.0,0,249.33844982530113,5968.522993104532,1501.808994705593,1,0,1540.3626636904664,102.09152052271554,51.04576026135779,51.04576026135779,1540.3626636904082,1
38,mechanistic_minimax,739.076478376892,-915.2256587931731,-200.40000517095856,-588.1200839408208,118.2585204133461,-131.27090049454478,1252.0641887501606,999.9999999945439,519.3475000000021,1,111.66477077292117,2167.010013501509,111.66477077292117,1,0,726.9135214109847,47.01805885586261,23.509029427931306,23.509029427931306,726.9135214109847,1
38,repository_neural,739.076478376892,-915.2256587931731,-200.40000517095856,-588.1200839408208,-92.3323961348267,-348.3968013712981,1252.0641887501606,1006.2483143951255,0.03358299999689507,0,133.34802867770858,1912.374366236967,1501.7282906718372,1,0,334.4059706608532,37.34072335168634,18.670361675843218,18.670361675843218,334.4059706608532,1
38,neural_safe_projection,739.076478376892,-915.2256587931731,-200.40000517095856,-588.1200839408208,-89.67385564576642,-355.6071422505806,1252.0641887501606,1000.0000001,0.03358299999689507,1,136.3098565401667,1952.3652272541076,136.3098565401667,1,0,328.73552170867333,37.55659265912307,18.778296329561577,18.778296329561577,328.73552170867333,1
38,analytic_far_range,739.076478376892,-915.2256587931731,-200.40000517095856,-588.1200839408208,-258.492736522128,-984.9082354228653,1252.0641887501606,1000.0000000000001,0.0,1,118.28245091150345,1930.7040191200795,118.28245091150345,1,0,477.45774394925684,39.802837957016244,19.901418978508122,19.901418978508122,477.45774394925684,1
38,fixed_750_375,739.076478376892,-915.2256587931731,-200.40000517095856,-588.1200839408208,-91.40838928115204,-1031.0698843333398,1252.0641887501606,838.5254915624212,0.0,1,153.66830922344673,2764.622888823971,153.66830922344673,1,0,624.2263731121784,52.417753865401195,26.208876932700637,26.208876932700637,624.2263731121784,1
38,perpendicular_500,739.076478376892,-915.2256587931731,-200.40000517095856,-588.1200839408208,579.3974339561692,-1389.0427150215078,1252.0641887501606,500.00000000000006,0.0,0,249.31385489445114,5968.315610319609,1501.7282906718372,1,0,2703.7547683039156,148.8321828719604,74.41609143598023,74.41609143598026,2703.7547683038865,1
39,mechanistic_minimax,-603.1561742332392,1490.4404164596674,-1336.5096240586022,1191.7104425844323,-954.9703217309564,799.895844675,1251.339813122779,775.0000000005259,529.1990839999983,1,40.42127153702145,542.3739956300706,40.42127153702145,1,0,427.5794655480422,31.40916147608929,15.82902076707156,15.82902076707156,427.5794655480422,1
39,repository_neural,-603.1561742332392,1490.4404164596674,-1336.5096240586022,1191.7104425844323,-1259.2667699363642,1415.250612382519,1251.339813122779,660.4048912834228,0.03550000000274167,1,81.31837176678685,312.2334274267778,81.31837176678685,1,0,296.5534016964957,44.26513334404345,22.132566672021824,22.132566672021824,296.5534016964957,1
39,neural_safe_projection,-603.1561742332392,1490.4404164596674,-1336.5096240586022,1191.7104425844323,-1259.2667699363642,1415.250612382519,1251.339813122779,660.4048912834228,0.03550000000274167,1,81.31837176678685,312.2334274267778,81.31837176678685,1,0,296.5534016964957,44.26513334404345,22.132566672021824,22.132566672021824,296.5534016964957,1
39,analytic_far_range,-603.1561742332392,1490.4404164596674,-1336.5096240586022,1191.7104425844323,-1314.9097550048707,788.0111742873612,1251.339813122779,999.9999999999999,0.0,1,87.10355766161051,533.744521882385,87.10355766161051,1,0,378.0999027285725,36.85378746378114,18.426893731890676,18.426893731890676,378.0999027285725,1
39,fixed_750_375,-603.1561742332392,1490.4404164596674,-1336.5096240586022,1191.7104425844323,-1158.0406557149518,861.7686322902402,1251.339813122779,838.525491562421,0.0,1,63.23884775201116,357.2527205380611,63.23884775201116,1,0,297.332453080453,28.0950642660674,14.093009564852535,14.093009564852535,297.332453080453,1
39,perpendicular_500,-603.1561742332392,1490.4404164596674,-1336.5096240586022,1191.7104425844323,-415.8337510713347,1026.85621722424,1251.339813122779,500.00000000000006,0.0,0,96.88861115418867,1424.4272132632323,837.3381518606669,1,0,989.5854075290263,71.8537921737068,35.92689608685351,35.92689608685351,989.5854075290263,1
40,mechanistic_minimax,1649.4955661031443,271.57979891292956,486.26556911253215,740.0890019365306,666.5719194872088,87.56592739146151,1351.5905430800756,999.9999999945438,528.9877089999991,1,111.67491224174293,2167.2816980634234,111.67491224174293,1,0,1365.5867896121927,79.31540774415625,39.65770387207814,39.65770387207814,1365.5867896121927,1
40,repository_neural,1649.4955661031443,271.57979891292956,486.26556911253215,740.0890019365306,855.1069552633005,893.2347671746484,1351.5905430800756,1008.7160971237324,0.07570900000075653,0,132.6862176470086,1899.0318015291123,1500.2783181115483,1,0,814.5878923672717,75.38689152285272,37.69344576142636,37.69344576142636,814.5878923672717,1
40,neural_safe_projection,1649.4955661031443,271.57979891292956,486.26556911253215,740.0890019365306,858.1849820705817,882.9941917743051,1351.5905430800756,1000.0000000999999,0.07570900000075653,1,136.81375960993384,1955.5244871539762,136.81375960993384,1,0,833.4828564121854,77.66765406293716,38.83382703146858,38.83382703146858,833.4828564121854,1
40,analytic_far_range,1649.4955661031443,271.57979891292956,486.26556911253215,740.0890019365306,649.5031748924147,267.67883484652924,1351.5905430800756,1000.0000000000001,0.0,1,117.92830707570305,1922.453301723348,117.92830707570305,1,0,1072.5994875337929,77.79346998543471,38.89673499271738,38.89673499271738,1072.5994875337929,1
40,fixed_750_375,1649.4955661031443,271.57979891292956,486.26556911253215,740.0890019365306,813.1885252287686,210.6246237106103,1351.5905430800756,838.5254915624212,0.0,1,153.25219987549175,2753.8435316635296,153.25219987549175,1,0,1732.5005494619254,110.86966561679962,55.43483280839981,55.43483280839981,1732.5005494619254,1
40,perpendicular_500,1649.4955661031443,271.57979891292956,486.26556911253215,740.0890019365306,1458.989781977881,-190.70533627402256,1351.5905430800756,500.00000000000006,0.0,0,249.6443055969768,6031.5451225362485,1500.2783181115483,1,0,6028.810485335649,224.64744278566837,112.32372139283422,131.0282352398183,6281.505200831569,1
41,mechanistic_minimax,-553.2618097394654,-882.3805649768246,-106.60606099923794,-660.1195885793828,438.50331859940206,-1010.450585668935,1173.6085934225741,999.9999999945439,770.2264589999999,1,111.7333714687582,2168.8480234209565,111.7333714687582,1,0,459.5206005896325,41.21725113376319,20.608625566881596,20.608625566881596,459.5206005896325,1
41,repository_neural,-553.2618097394654,-882.3805649768246,-106.60606099923794,-660.1195885793828,436.7598577410033,-708.7645218860043,1173.6085934225741,1005.1295600564742,0.049541999999291875,0,133.6662286286073,1920.8293348145671,1501.8089947055892,1,0,654.5911495998153,69.64295455729558,34.82147727864779,34.82147727864779,654.5911495998153,1
41,neural_safe_projection,-553.2618097394654,-882.3805649768246,-106.60606099923794,-660.1195885793828,431.06487626837554,-706.0258785836891,1173.6085934225741,1000.0000001,0.049541999999291875,1,136.09632427944865,1954.1316863317625,136.09632427944865,1,0,652.0911981514655,69.78047486681938,34.8902374334097,34.8902374334097,652.0911981514655,1
41,analytic_far_range,-553.2618097394654,-882.3805649768246,-106.60606099923794,-660.1195885793828,112.46639363974805,-136.18624764019103,1173.6085934225741,1000.0,0.0,1,118.12658261451502,1948.9926070072688,118.12658261451502,1,0,518.237453126756,51.975382904197836,25.987691452098918,25.987691452098918,518.237453126756,1
41,fixed_750_375,-553.2618097394654,-882.3805649768246,-106.60606099923794,-660.1195885793828,-39.40423483589075,-219.7529223944939,1173.6085934225741,838.5254915624212,0.0,1,153.48518842192303,2808.6652119469945,153.48518842192303,1,0,330.1627456950955,35.2184025684083,17.609201284204197,17.609201284204197,330.1627456950955,1
41,perpendicular_500,-553.2618097394654,-882.3805649768246,-106.60606099923794,-660.1195885793828,-769.6345324757552,-431.6224870062966,1173.6085934225741,500.0,0.0,0,249.32279326659688,5968.095553605061,1501.8089947055892,1,0,648.2146878045023,57.51139173819815,28.75569586909908,28.75569586909911,648.2146878045169,1
42,mechanistic_minimax,903.067336169,233.04034282043514,1103.8369892825244,-351.3308960793255,710.1406898896482,-748.1728394940476,1411.082599465397,999.9999999961562,535.6009579999964,1,100.77984638931214,1840.7244976237416,100.77984638931214,1,0,470.66954723524395,38.87127484058507,19.43563742029256,19.43563742029256,470.66954723524395,1
42,repository_neural,903.067336169,233.04034282043514,1103.8369892825244,-351.3308960793255,987.1235648066953,-766.5947890155023,1411.082599465397,1003.1629211516166,0.03087500000020782,0,126.47663496549133,1573.599822784774,1469.673626340339,1,0,578.908527347492,61.34446766216228,30.67223383108114,30.67223383108114,578.908527347492,1
42,neural_safe_projection,903.067336169,233.04034282043514,1103.8369892825244,-351.3308960793255,989.0632290982284,-763.2551487880056,1411.082599465397,1000.0000001,0.03087500000020782,1,127.05409464504113,1591.0847081127577,127.05409464504113,1,0,576.057465840131,61.35014131312501,30.675070656562504,30.675070656562504,576.057465840131,1
42,analytic_far_range,903.067336169,233.04034282043514,1103.8369892825244,-351.3308960793255,1578.6091013603145,-504.28138036572125,1411.082599465397,1000.0000000000001,0.0,1,111.06303667355813,1772.0966137032956,111.06303667355813,1,0,465.0724952770397,43.67473131455495,21.837365657277473,21.837365657277473,465.0724952770397,1
42,fixed_750_375,903.067336169,233.04034282043514,1103.8369892825244,-351.3308960793255,1510.721796849397,-344.7840737761775,1411.082599465397,838.525491562421,0.0,1,145.15171636518414,2574.5693292440847,145.15171636518414,1,0,317.3252263549948,30.801609605246373,15.400804802623187,15.400804802623187,317.3252263549948,1
42,perpendicular_500,903.067336169,233.04034282043514,1103.8369892825244,-351.3308960793255,1373.2815478686327,403.0362107575502,1411.082599465397,500.0000000000001,0.0,0,249.33340024518466,5968.379787867423,1469.673626340339,1,0,970.5661294854945,75.03644565511486,37.51822282755745,37.51822282755729,970.566129485378,1
43,mechanistic_minimax,-842.1839381338457,494.7610878065034,-520.4984711003673,1095.7095923384402,25.269677423869894,992.2791526525541,1200.7364315344741,999.9999999961561,536.4219169999984,1,103.93409622362205,1951.8098150927108,103.93409622362205,1,0,481.7628874410875,36.78172982885589,18.39086491442797,18.39086491442797,481.7628874410875,1
43,repository_neural,-842.1839381338457,494.7610878065034,-520.4984711003673,1095.7095923384402,-152.99576674712694,1226.7729896619721,1200.7364315344741,1005.3963198845665,0.029040999997675954,0,126.45056826832814,1667.149322488578,1491.7026490556843,1,0,493.5760003842879,53.235033099894856,26.617516549947478,26.617516549947478,493.5760003842879,1
43,neural_safe_projection,-842.1839381338457,494.7610878065034,-520.4984711003673,1095.7095923384402,-159.43368525284035,1225.412914869793,1200.7364315344741,1000.0000001,0.029040999997675954,1,127.42947862640138,1699.0939324887004,127.42947862640138,1,0,486.74461401905864,53.08862156603505,26.544310783017593,26.544310783017593,486.74461401905864,1
43,analytic_far_range,-842.1839381338457,494.7610878065034,-520.4984711003673,1095.7095923384402,-745.5702753128463,1490.0830458463681,1200.7364315344741,1000.0000000000001,0.0,1,115.99515650537899,1877.6293723785784,115.99515650537899,1,0,441.8528525996953,40.77762166394482,20.38881083197241,20.38881083197241,441.8528525996953,1
43,fixed_750_375,-842.1839381338457,494.7610878065034,-520.4984711003673,1095.7095923384402,-818.7853139301174,1332.9600524833709,1200.7364315344741,838.525491562421,0.0,1,150.97786846646926,2716.4300165785244,150.97786846646926,1,0,323.02937133796513,29.658825456692675,14.829412728346362,14.829412728346362,323.02937133796513,1
43,perpendicular_500,-842.1839381338457,494.7610878065034,-520.4984711003673,1095.7095923384402,-1282.9837528405142,730.7600779623233,1200.7364315344741,500.00000000000006,0.0,0,249.6005673676682,6022.75277971616,1491.7026490556843,1,0,1294.1378501169384,90.87665165459073,45.438325827295365,45.438325827295536,1294.1378501167055,1
44,mechanistic_minimax,869.0489148964316,671.051680898978,24.059387577479946,1643.4777422144573,-83.29896860137012,976.065629415385,1481.4116218627107,999.999999996156,628.1985840000033,1,104.00595988610552,1950.9068154235138,104.00595988610552,1,0,1479.0968964782805,85.26968510054219,42.63484255027121,42.63484255027121,1479.0968964782805,1
44,repository_neural,869.0489148964316,671.051680898978,24.059387577479946,1643.4777422144573,447.934504496041,1573.184249258353,1481.4116218627107,995.580492748603,0.031249999999261036,1,137.70192229201572,1948.5333393779583,137.70192229201572,1,0,953.5601363944006,85.54081273013364,42.77040636506685,42.77040636506685,953.5601363944006,1
44,neural_safe_projection,869.0489148964316,671.051680898978,24.059387577479946,1643.4777422144573,447.934504496041,1573.184249258353,1481.4116218627107,995.580492748603,0.031249999999261036,1,137.70192229201572,1948.5333393779583,137.70192229201572,1,0,953.5601363944006,85.54081273013364,42.77040636506685,42.77040636506685,953.5601363944006,1
44,analytic_far_range,869.0489148964316,671.051680898978,24.059387577479946,1643.4777422144573,-20.8525041745379,1127.2045766866456,1481.4116218627107,1000.0,0.0,1,108.42870303395758,1714.0706186199095,108.42870303395758,1,0,1231.552487606983,85.99904552423413,42.99952276211707,42.99952276211707,1231.552487606983,1
44,fixed_750_375,869.0489148964316,671.051680898978,24.059387577479946,1643.4777422144573,98.29563764738987,1001.3006560826441,1481.4116218627107,838.525491562421,0.0,1,142.02506305034817,2526.3411875370657,142.02506305034817,1,0,1999.4592154397687,122.60603682922884,61.303018414614534,61.303018414614534,1999.4592154397687,1
44,perpendicular_500,869.0489148964316,671.051680898978,24.059387577479946,1643.4777422144573,487.38192086539857,348.04965974846664,1481.4116218627107,500.0,0.0,0,249.84053914036704,5985.392324361281,1497.483208272592,1,0,5513.344324225305,188.85808657879184,94.42904328939602,120.90279822710488,6640.021069042414,1
45,mechanistic_minimax,358.7866018853539,578.170400065726,680.0286154345598,-196.47806609923813,167.2454596961482,-403.31418505924796,1207.2140545423315,999.9999999945438,530.0300829999998,1,111.65003614481354,2166.61530191591,111.65003614481354,1,0,554.0094738732441,34.90046674592576,17.456810196665526,17.456810196665526,554.0094738732441,1
45,repository_neural,358.7866018853539,578.170400065726,680.0286154345598,-196.47806609923813,467.6517447076195,-419.5033670241178,1207.2140545423315,1003.5958174788057,0.029416000003834597,0,133.8679300959352,1925.3899370753206,1500.543915076887,1,0,338.186722081271,38.602242613181836,19.301121306590947,19.301121306590947,338.186722081271,1
45,neural_safe_projection,358.7866018853539,578.170400065726,680.0286154345598,-196.47806609923813,469.8439874421656,-415.64359526402666,1207.2140545423315,1000.0000001,0.029416000003834597,1,135.56785893731185,1948.5779420917388,135.56785893731185,1,0,332.7782907970832,38.40123302295719,19.20061651147861,19.20061651147861,332.7782907970832,1
45,analytic_far_range,358.7866018853539,578.170400065726,680.0286154345598,-196.47806609923813,1060.6553612943273,-134.13588557669948,1207.2140545423315,1000.0000000000001,0.0,1,118.01086247987443,1924.3755681922194,118.01086247987443,1,0,412.03243462438695,35.71103746023481,17.855518730117463,17.855518730117463,412.03243462438695,1
45,fixed_750_375,358.7866018853539,578.170400065726,680.0286154345598,-196.47806609923813,987.0214074856927,22.791224157676197,1207.2140545423315,838.5254915624212,0.0,1,153.3492149715607,2756.3554824863095,153.3492149715607,1,0,409.53318492753897,36.32662249328715,18.163311246643584,18.163311246643584,409.53318492753897,1
45,perpendicular_500,358.7866018853539,578.170400065726,680.0286154345598,-196.47806609923813,822.5181105297374,765.1278494770934,1207.2140545423315,500.0,0.0,0,249.4708128074364,6024.371493498795,1500.543915076887,1,0,2126.002903475426,126.6752364896278,63.33761824481391,63.337618244813996,2126.002903475368,1
46,mechanistic_minimax,172.08020719356483,-556.4608082838432,-1167.7508209720502,-160.7032645244638,-466.507995876695,213.0878301325887,1487.730814975341,999.9999999945438,517.9579160000003,1,111.6544860371188,2166.7345030858414,111.6544860371188,1,0,1836.537906384503,98.97061343005353,49.485306715026766,49.485306715026766,1836.537906384503,1
46,repository_neural,172.08020719356483,-556.4608082838432,-1167.7508209720502,-160.7032645244638,-670.4141775720602,-8.631584651030721,1487.730814975341,1004.9445987852957,0.03033399999452513,0,133.49894912472078,1918.0381880790228,1500.472796076728,1,0,1463.0200558279175,112.57371925943612,56.28685962971806,56.28685962971806,1463.0200558279175,1
46,neural_safe_projection,172.08020719356483,-556.4608082838432,-1167.7508209720502,-160.7032645244638,-668.201542968159,-14.310846976871801,1487.730814975341,1000.0000001,0.03033399999452513,1,135.83545092056787,1949.9250150381704,135.83545092056787,1,0,1488.2891971015488,114.68969449794595,57.344847248972975,57.344847248972975,1488.2891971015488,1
46,analytic_far_range,172.08020719356483,-556.4608082838432,-1167.7508209720502,-160.7032645244638,-823.634020509329,-648.9441946298768,1487.730814975341,1000.0,0.0,1,117.99456600931246,1923.9960587525857,117.99456600931246,1,0,1770.1261684925412,111.29286302969597,55.64643151484806,55.64643151484806,1770.1261684925412,1
46,fixed_750_375,172.08020719356483,-556.4608082838432,-1167.7508209720502,-160.7032645244638,-655.5374609994694,-691.2717696138652,1487.730814975341,838.5254915624212,0.0,1,153.3300648296559,2755.859580048127,153.3300648296559,1,0,2775.7547084455146,151.12954145565482,75.5647707278275,75.5647707278275,2775.7547084455146,1
46,perpendicular_500,172.08020719356483,-556.4608082838432,-1167.7508209720502,-160.7032645244638,23.281341718100748,-1033.8064876748008,1487.730814975341,500.0000000000001,0.0,0,249.49456167987123,6023.452453932725,1500.472796076728,1,0,2946.6755793106277,131.11926775436237,65.56408769443222,106.62625169731622,6557.298752184142,1
47,mechanistic_minimax,1311.6459953270514,125.50716613986282,918.4558613368157,-30.763271094693387,330.72262253261954,319.9019620956276,1388.1260362064565,999.9999999945437,597.4196660000005,1,111.64482113711813,2166.4756081982305,111.64482113711813,1,0,445.3659077496195,43.72582460554462,21.862912302772365,21.862912302772365,445.3659077496195,1
47,repository_neural,1311.6459953270514,125.50716613986282,918.4558613368157,-30.763271094693387,305.6452629051764,16.17601227023391,1388.1260362064565,1011.9242930376824,0.0386669999983269,0,131.870850680819,1880.500228512392,1500.6678054747722,1,0,714.1594377118818,79.11657979685202,39.55828989842606,39.55828989842606,714.1594377118818,1
47,neural_safe_projection,1311.6459953270514,125.50716613986282,918.4558613368157,-30.763271094693387,318.43367387793353,9.191712645264488,1388.1260362064565,1000.0000001,0.0386669999983269,1,137.52225002480228,1957.8336399393884,137.52225002480228,1,0,712.8180921035091,79.7806064723474,39.89030323617376,39.89030323617376,712.8180921035091,1
47,analytic_far_range,1311.6459953270514,125.50716613986282,918.4558613368157,-30.763271094693387,597.3014684944108,-574.2870157338155,1388.1260362064565,1000.0,0.0,1,118.03925445185293,1925.036813833016,118.03925445185293,1,0,533.6075472824887,57.60288256242693,28.801441281213464,28.801441281213464,533.6075472824887,1
47,fixed_750_375,1311.6459953270514,125.50716613986282,918.4558613368157,-30.763271094693387,754.442065103997,-501.10976639865504,1388.1260362064565,838.525491562421,0.0,1,153.3825777023791,2757.2194968327076,153.3825777023791,1,0,340.51407979206124,38.986249653044325,19.493124826522163,19.493124826522163,340.51407979206124,1
47,perpendicular_500,1311.6459953270514,125.50716613986282,918.4558613368157,-30.763271094693387,1497.2539779547797,-338.766111989371,1388.1260362064565,499.99999999999994,0.0,0,249.43627583857895,6021.047635088515,1500.6678054747722,1,0,431.9383344332673,44.302388311209036,22.151194155604518,22.151194155604518,431.93833443326,1
48,mechanistic_minimax,-661.3320980781426,-856.6716786234971,-947.8368167282304,-1111.1417505016418,-1361.2315756833448,-868.5342770949752,1343.9143514916184,699.9999999960932,612.1674159999984,1,37.333406347680864,450.27543890476227,37.333406347680864,1,0,235.75876013934612,25.724747769177785,12.862373884588932,12.862373884588932,235.75876013934612,1
48,repository_neural,-661.3320980781426,-856.6716786234971,-947.8368167282304,-1111.1417505016418,-1137.639318537127,-1101.350877842247,1343.9143514916184,535.4778042007832,0.030999999999892225,1,73.24787424349634,333.17427849955857,73.24787424349634,1,0,124.05924659781158,26.763455163847567,13.381727581923784,13.381727581923784,124.05924659781158,1
48,neural_safe_projection,-661.3320980781426,-856.6716786234971,-947.8368167282304,-1111.1417505016418,-1137.639318537127,-1101.350877842247,1343.9143514916184,535.4778042007832,0.030999999999892225,1,73.24787424349634,333.17427849955857,73.24787424349634,1,0,124.05924659781158,26.763455163847567,13.381727581923784,13.381727581923784,124.05924659781158,1
48,analytic_far_range,-661.3320980781426,-856.6716786234971,-947.8368167282304,-1111.1417505016418,-1106.1098718791359,-1752.3126401324225,1343.9143514916184,1000.0,0.0,1,87.10355764728835,533.4869501120411,87.10355764728835,1,0,531.7191112220753,61.15221974069916,30.57610987034961,30.57610987034961,531.7191112220753,1
48,fixed_750_375,-661.3320980781426,-856.6716786234971,-947.8368167282304,-1111.1417505016418,-981.7342187669202,-1631.5700468358286,1343.9143514916184,838.5254915624212,0.0,1,63.23884773938362,342.6594781158492,63.23884773938362,1,0,342.6585278415587,41.43013213322566,20.71506606661286,20.71506606661286,342.6585278415587,1
48,perpendicular_500,-661.3320980781426,-856.6716786234971,-947.8368167282304,-1111.1417505016418,-333.49353388190656,-1234.1923745141335,1343.9143514916184,499.99999999999994,0.0,0,86.69091131969795,1214.7008786904626,729.4171433558147,1,0,368.0729774660431,40.09948013482565,20.049740067412877,20.049740067412877,368.0729774660431,1
49,mechanistic_minimax,893.4795993591135,1035.4999269588554,784.6399205084576,1184.6662671748313,10.423904503294807,1209.3177620034464,1047.4072387167132,899.9999999982675,615.372041999997,1,46.055165039386324,724.9000904115383,46.055165039386324,1,0,232.44355898862705,39.9292759464454,19.964637973222736,19.964637973222736,232.44355898862705,1
49,repository_neural,893.4795993591135,1035.4999269588554,784.6399205084576,1184.6662671748313,635.3257907653635,1670.4066652401054,1047.4072387167132,685.3830718703185,0.10883299999875362,1,88.18769178277529,547.2742176284082,88.18769178277529,1,0,317.5492121602874,72.66953455566237,36.33476727783121,36.33476727783121,317.5492121602874,1
49,neural_safe_projection,893.4795993591135,1035.4999269588554,784.6399205084576,1184.6662671748313,635.3257907653635,1670.4066652401054,1047.4072387167132,685.3830718703185,0.10883299999875362,1,88.18769178277529,547.2742176284082,88.18769178277529,1,0,317.5492121602874,72.66953455566237,36.33476727783121,36.33476727783121,317.5492121602874,1
49,analytic_far_range,893.4795993591135,1035.4999269588554,784.6399205084576,1184.6662671748313,31.989485787203193,1543.274270755248,1047.4072387167132,1000.0,0.0,1,87.10355765679563,533.5485438948963,87.10355765679563,1,0,431.34437371976674,73.80679934309254,36.90339967154631,36.90339967154631,431.34437371976674,1
49,fixed_750_375,893.4795993591135,1035.4999269588554,784.6399205084576,1184.6662671748313,143.51531144051205,1410.5713426209197,1047.4072387167132,838.5254915624212,0.0,1,63.238847749082936,454.5695807947777,63.238847749082936,1,0,287.54358798335306,51.950227290292275,25.975113645146177,25.975113645146177,287.54358798335306,1
49,perpendicular_500,893.4795993591135,1035.4999269588554,784.6399205084576,1184.6662671748313,493.4510342277189,735.5380175788184,1047.4072387167132,500.0,0.0,0,118.95157829495015,1968.1626085944008,932.0715520937707,1,0,131.96336950478144,23.425916579442386,11.712958289721213,11.712958289721213,131.96336950478144,1
50,mechanistic_minimax,1138.7050475462197,-613.3349645677733,558.8826339044901,-188.1613222430634,140.94609016531058,-546.4241062916383,1446.8502064696909,999.9999999945439,902.5698749999975,1,111.74037640298023,2169.035735376916,111.74037640298023,1,0,500.84576789752464,35.705145407364206,17.852572703682103,17.852572703682103,500.84576789752464,1
50,repository_neural,1138.7050475462197,-613.3349645677733,558.8826339044901,-188.1613222430634,523.3251036985635,186.44701785410166,1446.8502064696909,1009.1301673702005,0.08620799999903284,0,133.00793012158036,1903.3450023009682,1501.8089947055885,1,0,440.78345538963913,47.86278905705866,23.93139452852933,23.93139452852933,440.78345538963913,1
50,neural_safe_projection,1138.7050475462197,-613.3349645677733,558.8826339044901,-188.1613222430634,523.8076249455966,175.27213651559293,1446.8502064696909,1000.0000001,0.08620799999903284,1,137.355444140242,1962.9829172816462,137.355444140242,1,0,428.01642388189794,47.498720051358625,23.749360025679312,23.749360025679312,428.01642388189794,1
50,analytic_far_range,1138.7050475462197,-613.3349645677733,558.8826339044901,-188.1613222430634,169.33128674904776,-367.74483472142316,1446.8502064696909,999.9999999999999,0.0,1,118.01016631478754,1924.3593542346043,118.01016631478754,1,0,432.0805965140753,39.54396229270455,19.771981146352328,19.771981146352328,432.0805965140753,1
50,fixed_750_375,1138.7050475462197,-613.3349645677733,558.8826339044901,-188.1613222430634,313.6179516959114,-463.81478445383647,1446.8502064696909,838.525491562421,0.0,1,153.34839684916798,2791.3458942035486,153.34839684916798,1,0,331.38330638455227,29.352987851982455,14.67649392599128,14.67649392599128,331.38330638455227,1
50,perpendicular_500,1138.7050475462197,-613.3349645677733,558.8826339044901,-188.1613222430634,838.9377259253711,-1013.5093676575545,1446.8502064696909,500.0,0.0,0,249.38840083779453,5970.051995066868,1501.8089947055885,1,0,1441.7122950148187,97.67270786514742,48.83635393257371,48.836353932573786,1441.7122950148187,1
51,mechanistic_minimax,-1000.4866689605517,-273.0014362318492,-834.464662076748,798.6500734730374,-1405.714221017947,641.2144195935997,1182.469158394221,999.9999999945435,975.0542909999992,1,111.69716212070061,2167.87780232518,111.69716212070061,1,0,889.1155721691903,56.301371453599664,28.150685726799868,28.150685726799868,889.1155721691903,1
51,repository_neural,-1000.4866689605517,-273.0014362318492,-834.464662076748,798.6500734730374,-575.6620534820361,649.594572068932,1182.469158394221,1015.7063298261972,0.07708300000075496,0,130.97362111760285,1868.5281203268096,1501.8089947055903,1,0,408.06464259908535,45.0040413683119,22.50202068415595,22.50202068415595,408.06464259908535,1
51,neural_safe_projection,-1000.4866689605517,-273.0014362318492,-834.464662076748,798.6500734730374,-592.1169378925431,639.8151734699255,1182.469158394221,1000.0000001,0.07708300000075496,1,138.39401062944037,1970.1664780178107,138.39401062944037,1,0,404.2575909970328,46.36239471515136,23.18119735757568,23.18119735757568,404.2575909970328,1
51,analytic_far_range,-1000.4866689605517,-273.0014362318492,-834.464662076748,798.6500734730374,-1234.3605709875776,699.2655013684443,1182.469158394221,1000.0,0.0,1,117.95612902824628,1923.1010494355578,117.95612902824628,1,0,611.9989826618694,50.37239002565421,25.186195012827152,25.186195012827152,611.9989826618694,1
51,fixed_750_375,-1000.4866689605517,-273.0014362318492,-834.464662076748,798.6500734730374,-1252.2235064793306,526.8445268360679,1182.469158394221,838.525491562421,0.0,1,153.28489587782835,2754.690023458097,153.28489587782835,1,0,936.1497369986027,71.29973202014244,35.64986601007131,35.64986601007131,936.1497369986027,1
51,perpendicular_500,-1000.4866689605517,-273.0014362318492,-834.464662076748,798.6500734730374,-1494.2010059351153,-193.96882609042007,1182.469158394221,500.00000000000006,0.0,0,249.45705243295686,5972.28459404828,1501.8089947055903,0,0,39325.57596300193,1501.8089947055903,750.9044973527951,750.9044973527951,39325.57596300193,1
52,mechanistic_minimax,-1612.48869068511,-90.51329293274348,-1176.9800311126246,-287.083549206491,-1080.6780878487805,-937.3766128964477,1435.9828151218348,999.9999999945437,700.1687500000031,1,111.72010259371798,2168.4924688524916,111.72010259371798,1,0,455.39165026613045,42.03234477182167,21.016172385910913,21.016172385910913,455.39165026613045,1
52,repository_neural,-1612.48869068511,-90.51329293274348,-1176.9800311126246,-287.083549206491,-846.909344981985,-744.6013666632123,1435.9828151218348,1006.9473386248459,0.034166000006052855,0,133.31407433156946,1911.0474996392732,1501.8089947055862,1,0,678.9222687227884,73.07289476955324,36.53644738477662,36.53644738477662,678.9222687227884,1
52,neural_safe_projection,-1612.48869068511,-90.51329293274348,-1176.9800311126246,-287.083549206491,-848.9906237988323,-736.3234059388167,1435.9828151218348,1000.0000001,0.034166000006052855,1,136.6128420629421,1956.1207646406838,136.6128420629421,1,0,676.4993461091071,73.32827401894048,36.664137009470345,36.664137009470345,676.4993461091071,1
52,analytic_far_range,-1612.48869068511,-90.51329293274348,-1176.9800311126246,-287.083549206491,-613.2612060434374,-129.81257965242418,1435.9828151218348,999.9999999999999,0.0,1,118.15215840233034,1949.488283665385,118.15215840233034,1,0,523.1327232833719,53.15821193650069,26.579105968250456,26.579105968250456,523.1327232833719,1
52,fixed_750_375,-1612.48869068511,-90.51329293274348,-1176.9800311126246,-287.083549206491,-774.3292014144984,-65.74091828622603,1435.9828151218348,838.525491562421,0.0,1,153.5152381673512,2805.991830909159,153.5152381673512,1,0,333.01697913126554,36.060822254768794,18.03041112738451,18.03041112738451,333.01697913126554,1
52,perpendicular_500,-1612.48869068511,-90.51329293274348,-1176.9800311126246,-287.083549206491,-1402.1914266910894,363.1110679173207,1435.9828151218348,500.00000000000006,0.0,0,249.31643194397512,5967.94498590671,1501.8089947055862,1,0,591.5229812735924,54.18461978823379,27.09230989411696,27.09230989411696,591.522981273476,1
53,mechanistic_minimax,1404.3673644202374,213.1788833662892,1158.1140380784962,-464.620309750495,1629.6897227514453,-761.1053846095158,1305.4902262684334,999.9999999945438,614.9947910000009,1,111.73824967459153,2168.978745376691,111.73824967459153,1,0,498.796465031337,35.797577733913116,17.898788866956558,17.898788866956558,498.796465031337,1
53,repository_neural,1404.3673644202374,213.1788833662892,1158.1140380784962,-464.620309750495,812.6179137366437,-613.095835871992,1305.4902262684334,1016.3155632167774,0.0401249999981701,0,130.67676255645395,1862.6945892744698,1501.808994705593,1,0,447.1079637068324,48.1482324765596,24.074116238279906,24.074116238279906,447.1079637068324,1
53,neural_safe_projection,1404.3673644202374,213.1788833662892,1158.1140380784962,-464.620309750495,831.3056712071572,-606.3333471536449,1305.4902262684334,1000.0000001,0.0401249999981701,1,138.37370231507475,1968.2426349958405,138.37370231507475,1,0,424.5653565621469,47.518254163767985,23.759127081884007,23.759127081884007,424.5653565621469,1
53,analytic_far_range,1404.3673644202374,213.1788833662892,1158.1140380784962,-464.620309750495,1450.4573875859794,-785.7584068399485,1305.4902262684334,999.9999999999999,0.0,1,118.00750693924972,1924.2974224742502,118.00750693924972,1,0,433.0662840954028,39.67077946451484,19.83538973225742,19.83538973225742,433.0662840954028,1
53,fixed_750_375,1404.3673644202374,213.1788833662892,1158.1140380784962,-464.620309750495,1500.5544390034777,-619.8115407582129,1305.4902262684334,838.525491562421,0.0,1,153.34527185028432,2790.102922424674,153.34527185028432,1,0,330.0915467427112,29.379646082650247,14.689823041325123,14.689823041325123,330.0915467427112,1
53,perpendicular_500,1404.3673644202374,213.1788833662892,1158.1140380784962,-464.620309750495,1874.2788105088362,42.347876710816706,1305.4902262684334,500.0000000000001,0.0,0,249.39094099717605,5970.132799178828,1501.808994705593,1,0,1280.1369057304692,90.21937343036703,45.109686715183535,45.109686715183535,1280.1369057305856,1
54,mechanistic_minimax,219.92996570610617,246.40178712757543,225.57893691107404,-277.1802558077255,778.374435396086,-583.1401191446542,1022.4588665517396,999.9999999945437,546.633375000006,1,111.64139869283457,2166.3839335219236,111.64139869283457,1,0,462.611847279637,40.56570844556096,20.28285422278048,20.28285422278048,462.611847279637,1
54,repository_neural,219.92996570610617,246.40178712757543,225.57893691107404,-277.1802558077255,-37.10497692084695,-728.5714184388308,1022.4588665517396,1008.2855316346034,0.0461670000007075,0,132.7267823749633,1903.5411893234123,1500.867626367976,1,0,634.0125460632553,66.62563673620161,33.31281836810082,33.31281836810082,634.0125460632553,1
54,neural_safe_projection,219.92996570610617,246.40178712757543,225.57893691107404,-277.1802558077255,-29.2915900745283,-722.0447092439485,1022.4588665517396,1000.0000001,0.0461670000007075,1,136.63849140539577,1957.336947107804,136.63849140539577,1,0,629.076586092342,66.80670248404891,33.40335124202447,33.40335124202447,629.076586092342,1
54,analytic_far_range,219.92996570610617,246.40178712757543,225.57893691107404,-277.1802558077255,619.7696303564846,-670.1833112524239,1022.4588665517396,1000.0000000000001,0.0,1,117.88640122583087,1921.477793761529,117.88640122583087,1,0,512.5462158756709,50.79100624207278,25.3955031210364,25.3955031210364,512.5462158756709,1
54,fixed_750_375,219.92996570610617,246.40178712757543,225.57893691107404,-277.1802558077255,607.2911331567112,-497.2892279797097,1022.4588665517396,838.525491562421,0.0,1,153.2029508131549,2752.568640950485,153.2029508131549,1,0,327.1535976683954,34.378222153362756,17.189111076681378,17.189111076681378,327.1535976683954,1
54,perpendicular_500,219.92996570610617,246.40178712757543,225.57893691107404,-277.1802558077255,719.8614850834863,254.67680573928874,1022.4588665517396,500.0,0.0,0,249.80909474982957,5984.299865182373,1500.867626367976,1,0,628.2370376316103,56.34892572476645,28.17446286238326,28.17446286238315,628.2370376316103,1
55,mechanistic_minimax,-388.73877479971486,107.33468608339835,-439.9979498252159,471.4415245443452,22.757696170738257,1018.7460390782743,1125.7822921140294,999.9999999945437,589.198500000002,1,111.74172813168245,2169.0719599686563,111.74172813168245,1,0,430.6442088772892,45.662643112017086,22.831321556008568,22.831321556008568,430.6442088772892,1
55,repository_neural,-388.73877479971486,107.33468608339835,-439.9979498252159,471.4415245443452,-272.08157112539845,1106.276031298242,1125.7822921140294,1005.7299410620888,0.0319580000009978,0,134.82116810190658,1923.1637622998096,1501.8089947055907,1,0,726.9578715693206,84.82015747898339,42.41007873949172,42.41007873949172,726.9578715693206,1
55,neural_safe_projection,-388.73877479971486,107.33468608339835,-439.9979498252159,471.4415245443452,-276.75523079831896,1101.044747455873,1125.7822921140294,1000.0000001,0.0319580000009978,1,137.598329612499,1961.7359696524218,137.598329612499,1,0,727.6097795903916,85.25509154570491,42.62754577285248,42.62754577285248,727.6097795903916,1
55,analytic_far_range,-388.73877479971486,107.33468608339835,-439.9979498252159,471.4415245443452,-908.5708701044249,961.6031407808164,1125.7822921140294,999.9999999999999,0.0,1,118.11202887345213,1948.0487659783103,118.11202887345213,1,0,528.9878759121057,62.279543882205,31.139771941102524,31.139771941102524,528.9878759121057,1
55,fixed_750_375,-388.73877479971486,107.33468608339835,-439.9979498252159,471.4415245443452,-872.8830346044676,791.972791726159,1125.7822921140294,838.525491562421,0.0,1,153.46808847001944,2809.3967330213636,153.46808847001944,1,0,342.3523720377125,42.23969382702977,21.119846913514884,21.119846913514884,342.3523720377125,1
55,perpendicular_500,-388.73877479971486,107.33468608339835,-439.9979498252159,471.4415245443452,-882.9842337571213,31.694575692266426,1125.7822921140294,499.9999999999999,0.0,0,249.3274044999693,5968.21561463573,1501.8089947055907,1,0,321.3991001120303,36.92752506757135,18.463762533785683,18.463762533785683,321.3991001120303,1
56,mechanistic_minimax,-1071.2566359137147,-1106.2569662165859,-502.28157340109726,-696.277227814472,-73.42103417195028,-1040.4989865811176,1225.2857062253888,999.9999999945439,684.0343750000031,1,111.74909344383241,2169.2693360327903,111.74909344383241,1,0,494.0513327816734,36.050666567567724,18.02533328378387,18.02533328378387,494.0513327816734,1
56,repository_neural,-1071.2566359137147,-1106.2569662165859,-502.28157340109726,-696.277227814472,-134.19077898012097,-743.1165243220546,1225.2857062253888,1004.9693531496599,0.05733400000451638,0,134.1630664291399,1924.0671184636885,1501.808994705592,1,0,469.4790486909915,50.50621399138032,25.253106995690217,25.253106995690217,469.4790486909915,1
56,neural_safe_projection,-1071.2566359137147,-1106.2569662165859,-502.28157340109726,-696.277227814472,-140.112617180855,-741.6053289269394,1225.2857062253888,1000.0000001,0.05733400000451638,1,136.53576512008402,1956.74770297324,136.53576512008402,1,0,463.1520991255529,50.36404029137678,25.1820201456884,25.1820201456884,463.1520991255529,1
56,analytic_far_range,-1071.2566359137147,-1106.2569662165859,-502.28157340109726,-696.277227814472,-562.068608815695,-245.60166177698238,1225.2857062253888,1000.0000000000001,0.0,1,118.10005421168513,1946.8696358361485,118.10005421168513,1,0,435.40967960003763,39.96955495095768,19.984777475478893,19.984777475478893,435.40967960003763,1
56,fixed_750_375,-1071.2566359137147,-1106.2569662165859,-502.28157340109726,-696.277227814472,-694.9544577320792,-356.9094695931857,1225.2857062253888,838.5254915624212,0.0,1,153.45401856263103,2809.517707894054,153.45401856263103,1,0,326.3032075546216,29.493108380557327,14.74655419027872,14.74655419027872,326.3032075546216,1
56,perpendicular_500,-1071.2566359137147,-1106.2569662165859,-502.28157340109726,-696.277227814472,-1370.5613865977587,-705.7364720868069,1225.2857062253888,500.0,0.0,0,249.331799597346,5968.3352509137985,1501.808994705592,1,0,1206.1243202959886,86.70600158904121,43.353000794520604,43.353000794520604,1206.1243202959886,1
57,mechanistic_minimax,1092.816871097588,1226.6010534095897,367.3566701982499,320.87116722007596,991.0862459834169,231.7890712225194,1169.4425476752558,999.9999999945439,767.9397500000036,1,111.65028951942654,2166.622089108452,111.65028951942654,1,0,1013.1799086582323,62.75303833213631,31.37651916606816,31.37651916606816,1013.1799086582323,1
57,repository_neural,1092.816871097588,1226.6010534095897,367.3566701982499,320.87116722007596,276.0531992225881,642.5184728431834,1169.4425476752558,1004.1191944265606,0.09641700000173614,0,134.39334386241865,1927.115251356896,1500.5392884215776,1,0,590.5987966253597,60.25371685559511,30.126858427797554,30.126858427797554,590.5987966253597,1
57,neural_safe_projection,1092.816871097588,1226.6010534095897,367.3566701982499,320.87116722007596,281.12370767330174,642.5169767131995,1169.4425476752558,1000.0000001,0.09641700000173614,1,136.3607607249014,1954.5326628835828,136.3607607249014,1,0,594.8319973036414,61.01952249316685,30.509761246583427,30.509761246583427,594.8319973036414,1
57,analytic_far_range,1092.816871097588,1226.6010534095897,367.3566701982499,320.87116722007596,813.5078151975055,266.3997977906415,1169.4425476752558,1000.0,0.0,1,117.89751838974414,1921.7365686919075,117.89751838974414,1,0,735.0962198550114,58.48927167106769,29.244635835533877,29.244635835533877,735.0962198550114,1
57,fixed_750_375,1092.816871097588,1226.6010534095897,367.3566701982499,320.87116722007596,914.5603294668813,407.24178827258015,1169.4425476752558,838.5254915624213,0.0,1,153.21601629312354,2752.906842389959,153.21601629312354,1,0,1125.4584240559197,81.54111983631743,40.77055991815872,40.77055991815872,1125.4584240559197,1
57,perpendicular_500,1092.816871097588,1226.6010534095897,367.3566701982499,320.87116722007596,1482.2734014024713,913.0350938366769,1169.4425476752558,500.00000000000006,0.0,0,249.7958290162194,5988.754222769581,1500.5392884215776,0,0,39277.336506529566,1500.5392884215776,750.2942299588232,750.2942299588232,39277.336506529566,1
58,mechanistic_minimax,-1337.398689054736,-218.50628637559183,-414.02951429143644,244.4957800873958,-342.1619413671351,-315.9938037370177,1456.4571222305017,999.9999999945438,745.6622499999952,1,111.64457883553587,2166.4691190644735,111.64457883553587,1,0,796.562895917159,51.15608994727721,25.578044973638605,25.578044973638605,796.562895917159,1
58,repository_neural,-1337.398689054736,-218.50628637559183,-414.02951429143644,244.4957800873958,-347.07624032426725,-11.35462927109964,1456.4571222305017,1011.7560780645941,0.056874999998512976,0,131.91057646371954,1881.3994522210414,1500.6757527456075,1,0,364.84178558929125,40.90499525446914,20.4524976272346,20.4524976272346,364.84178558929125,1
58,neural_safe_projection,-1337.398689054736,-218.50628637559183,-414.02951429143644,244.4957800873958,-360.29791584086354,-5.729221857696643,1456.4571222305017,1000.0000001,0.056874999998512976,1,137.4819743129252,1957.625030501993,137.4819743129252,1,0,358.5402285672608,41.66138218338175,20.830691091690902,20.830691091690902,358.5402285672608,1
58,analytic_far_range,-1337.398689054736,-218.50628637559183,-414.02951429143644,244.4957800873958,-694.9501538160956,547.8225461563218,1456.4571222305017,1000.0000000000001,0.0,1,118.04107588050611,1925.0792367473769,118.04107588050611,1,0,512.2051508062286,42.847649442277266,21.423824721138658,21.423824721138658,512.2051508062286,1
58,fixed_750_375,-1337.398689054736,-218.50628637559183,-414.02951429143644,244.4957800873958,-844.1770585684837,459.6215947946805,1456.4571222305017,838.5254915624212,0.0,1,153.38471793042225,2757.2749286425023,153.38471793042225,1,0,695.3360332351876,57.022734422271576,28.511367211135788,28.511367211135788,695.3360332351876,1
58,perpendicular_500,-1337.398689054736,-218.50628637559183,-414.02951429143644,244.4957800873958,-1567.5411242158807,225.37935152914864,1456.4571222305017,500.00000000000006,0.0,0,249.43430865750997,6020.654472666851,1500.6757527456075,1,0,2829.4956433454063,153.44037581812404,76.72018790906202,76.72018790906213,2829.4956433454063,1
59,mechanistic_minimax,-1260.8289813994797,-979.4360598070956,-1328.7038752135622,125.73916313305813,-768.7233956696309,-108.90053928965551,1486.184153659714,999.9999999945439,797.1739589999984,1,111.69230736814833,2167.747732057236,111.69230736814833,1,0,912.321257319476,57.542224045141076,28.771112022570538,28.771112022570538,912.321257319476,1
59,repository_neural,-1260.8289813994797,-979.4360598070956,-1328.7038752135622,125.73916313305813,-1047.7939929961594,9.517492438998147,1486.184153659714,1011.6387867139981,0.04125000000243517,0,131.69224155626003,1882.7512335279025,1501.808994705586,1,0,456.20911513548344,49.30901438913558,24.65450719456788,24.65450719456788,456.20911513548344,1
59,neural_safe_projection,-1260.8289813994797,-979.4360598070956,-1328.7038752135622,125.73916313305813,-1058.2388131682826,-0.17244670996066702,1486.184153659714,1000.0000001,0.04125000000243517,1,137.1788069922565,1957.797626516316,137.1788069922565,1,0,457.8312585276435,50.682588758270924,25.34129437913555,25.34129437913555,457.8312585276435,1
59,analytic_far_range,-1260.8289813994797,-979.4360598070956,-1328.7038752135622,125.73916313305813,-1701.407443783101,-81.72195248579249,1486.184153659714,1000.0,0.0,1,118.21930852383454,1951.3070324508008,118.21930852383454,1,0,639.5324747998384,52.26936717618482,26.13468358809241,26.13468358809241,639.5324747998384,1
59,fixed_750_375,-1260.8289813994797,-979.4360598070956,-1328.7038752135622,125.73916313305813,-1681.1810090081613,-253.88166978159904,1486.184153659714,838.5254915624212,0.0,1,153.5941306205858,2813.4228304915596,153.5941306205858,1,0,969.8534355890006,73.17564254382728,36.58782127191364,36.58782127191364,969.8534355890006,1
59,perpendicular_500,-1260.8289813994797,-979.4360598070956,-1328.7038752135622,125.73916313305813,-1759.885196775393,-1010.1426371915933,1486.184153659714,500.00000000000017,0.0,0,249.30841090306288,5967.850800326327,1501.808994705586,1,0,4045.4880539045553,195.0401102416049,97.52005512080245,97.52005512080245,4045.4880539045553,1
60,mechanistic_minimax,-187.08213924517906,-712.8834363460849,-551.9362467407288,-1073.5436309966815,-1177.0106163383593,-854.4518305202937,1325.1850931829695,999.9999999945436,681.177292000001,1,58.99606703264805,984.1499666953459,58.99606703264805,1,0,462.4540584862698,38.89168804277409,19.44584402138707,19.44584402138707,462.4540584862698,1
60,repository_neural,-187.08213924517906,-712.8834363460849,-551.9362467407288,-1073.5436309966815,-946.9380962764291,-1141.9739820003817,1325.1850931829695,872.639542884563,0.09987499999652982,1,112.648338519469,667.5662398668937,112.648338519469,1,0,436.7022193777375,53.54035265304342,26.770176326521717,26.770176326521717,436.7022193777375,1
60,neural_safe_projection,-187.08213924517906,-712.8834363460849,-551.9362467407288,-1073.5436309966815,-946.9380962764291,-1141.9739820003817,1325.1850931829695,872.639542884563,0.09987499999652982,1,112.648338519469,667.5662398668937,112.648338519469,1,0,436.7022193777375,53.54035265304342,26.770176326521717,26.770176326521717,436.7022193777375,1
60,analytic_far_range,-187.08213924517906,-712.8834363460849,-551.9362467407288,-1073.5436309966815,-581.6900454548115,-1631.7330433856973,1325.1850931829695,1000.0000000000001,0.0,1,87.10355765633292,651.255935382098,87.10355765633292,1,0,517.0035558571108,51.70450175392614,25.85225087696307,25.85225087696307,517.0035558571108,1
60,fixed_750_375,-187.08213924517906,-712.8834363460849,-551.9362467407288,-1073.5436309966815,-464.1762757644132,-1504.3023137470855,1325.1850931829695,838.5254915624212,0.0,1,71.82732687378497,945.5832965555601,71.82732687378497,1,0,328.9850436721463,34.885842533693534,17.442921266846767,17.442921266846767,328.9850436721463,1
60,perpendicular_500,-187.08213924517906,-712.8834363460849,-551.9362467407288,-1073.5436309966815,161.1161589635588,-1071.71200979661,1325.1850931829695,499.99999999999994,0.0,0,173.74666338173913,3433.116595083382,1132.854308130654,1,0,638.8677140907384,56.968808943103724,28.484404471551862,28.484404471551862,638.8677140907384,1
61,mechanistic_minimax,900.792891069542,-299.03645884014753,791.5483585981414,-633.649764636038,128.4287418824632,-934.2164498974917,1355.4971205168292,999.9999999945438,1337.0000000000032,1,111.64526492298293,2166.4874957080465,111.64526492298293,1,0,415.03842785814777,47.28369246041092,23.64184623020546,23.64184623020546,415.03842785814777,1
61,repository_neural,900.792891069542,-299.03645884014753,791.5483585981414,-633.649764636038,352.28996138204195,-1152.2789515159288,1355.4971205168292,1014.336342237303,0.11591599999860591,0,132.78817456880336,1871.4304746172857,1500.6540370054893,1,0,743.6387845460558,93.62979348945483,46.81489674472741,46.81489674472741,743.6387845460558,1
61,neural_safe_projection,900.792891069542,-299.03645884014753,791.5483585981414,-633.649764636038,368.24213581395617,-1145.4345290628444,1355.4971205168292,1000.0000001,0.11591599999860591,1,139.76958049049722,1967.8589885977563,139.76958049049722,1,0,748.2885726242093,95.02782746675173,47.51391373337592,47.51391373337592,748.2885726242093,1
61,analytic_far_range,900.792891069542,-299.03645884014753,791.5483585981414,-633.649764636038,988.8735831075716,-1295.1498016330759,1355.4971205168292,1000.0000000000001,0.0,1,118.03609894672046,1924.96331794071,118.03609894672046,1,0,531.2761108862469,61.36948101127848,30.68474050563924,30.68474050563924,531.2761108862469,1
61,fixed_750_375,900.792891069542,-299.03645884014753,791.5483585981414,-633.649764636038,1031.943855147101,-1127.2420037512686,1355.4971205168292,838.5254915624212,0.0,1,153.3788697874823,2757.123466386227,153.3788697874823,1,0,342.4349791253917,42.115263671418006,21.05763183570906,21.05763183570906,342.4349791253917,1
61,perpendicular_500,900.792891069542,-299.03645884014753,791.5483585981414,-633.649764636038,1377.4761054428222,-449.9440899750816,1355.4971205168292,500.00000000000006,0.0,0,249.43974859852617,6021.681708522607,1500.6540370054893,1,0,327.3105761371553,37.33405208623698,18.667026043118536,18.667026043118536,327.3105761371553,1
62,mechanistic_minimax,564.0247278141394,-236.79275961499144,-166.512198349456,540.7687959615946,388.9496786998887,747.7623313609936,1400.1451944767477,999.9999999945436,768.5139589999962,1,111.67647733797084,2167.3236272232607,111.67647733797084,1,0,831.3420677329414,53.13008719360644,26.565043596803225,26.565043596803225,831.3420677329414,1
62,repository_neural,564.0247278141394,-236.79275961499144,-166.512198349456,540.7687959615946,99.96384524578002,660.7706559123524,1400.1451944767477,1010.4318817333684,0.03829100000274366,0,131.78329497487485,1887.837151091895,1501.8089947055878,1,0,397.97446243898594,43.98737839514637,21.993689197573197,21.993689197573197,397.97446243898594,1
62,neural_safe_projection,564.0247278141394,-236.79275961499144,-166.512198349456,540.7687959615946,98.21566648916289,648.0924976853798,1400.1451944767477,1000.0000001,0.03829100000274366,1,136.68288744010817,1954.6468690163456,136.68288744010817,1,0,394.262681921653,44.80218904893342,22.40109452446671,22.40109452446671,394.262681921653,1
62,analytic_far_range,564.0247278141394,-236.79275961499144,-166.512198349456,540.7687959615946,-347.3993078906025,174.67561965573896,1400.1451944767477,1000.0000000000001,0.0,1,118.27067551536584,1947.0811379295774,118.27067551536584,1,0,571.4734031705011,47.463274749958245,23.731637374979123,23.731637374979123,571.4734031705011,1
62,fixed_750_375,564.0247278141394,-236.79275961499144,-166.512198349456,540.7687959615946,-222.15509316602322,54.83420944582673,1400.1451944767477,838.5254915624212,0.0,1,153.65447607637276,2795.458389247535,153.65447607637276,1,0,842.5605413656449,65.94988103065708,32.97494051532854,32.97494051532854,842.5605413656449,1
62,perpendicular_500,564.0247278141394,-236.79275961499144,-166.512198349456,540.7687959615946,198.84239205365964,-578.3214723881933,1400.1451944767477,500.00000000000006,0.0,0,249.3089924736159,5968.011827934417,1501.8089947055878,1,0,3671.2691445958335,182.73960508519332,91.36980254259667,91.36980254259677,3671.2691445958626,1
63,mechanistic_minimax,-808.5610704024319,401.26310634812535,-142.33422994540197,-230.020028059574,174.36487877442187,217.26153455084662,1144.9557366169274,999.999999994544,510.11179200000356,1,111.64788428005174,2166.5576598181506,111.64788428005174,1,0,614.8270700272406,39.55888859170357,19.779444295851786,19.779444295851786,614.8270700272406,1
63,repository_neural,-808.5610704024319,401.26310634812535,-142.33422994540197,-230.020028059574,-292.4433335860257,-467.1662759760934,1144.9557366169274,1010.2213175044928,0.03470899999769017,0,132.4374462492775,1895.9545675615664,1501.3136969852947,1,0,317.15592476230813,35.853123941168974,17.926561970584487,17.926561970584487,317.15592476230813,1
63,neural_safe_projection,-808.5610704024319,401.26310634812535,-142.33422994540197,-230.020028059574,-291.4835568859182,-454.67546926088386,1144.9557366169274,1000.0000001,0.03470899999769017,1,137.2743759735692,1962.4197186557576,137.2743759735692,1,0,303.5040010223456,35.35652709826627,17.67826354913315,17.67826354913315,303.5040010223456,1
63,analytic_far_range,-808.5610704024319,401.26310634812535,-142.33422994540197,-230.020028059574,125.12525439766625,43.1711532393104,1144.9557366169274,1000.0000000000001,0.0,1,117.8945108597178,1921.6665610475466,117.8945108597178,1,0,427.9962615995755,34.912937582757564,17.45691593930413,17.45691593930413,427.9962615995755,1
63,fixed_750_375,-808.5610704024319,401.26310634812535,-142.33422994540197,-230.020028059574,-6.837397553764276,155.57193354364153,1144.9557366169274,838.5254915624213,0.0,1,153.21248169513717,2752.8153475739236,153.21248169513717,1,0,495.7339785490185,43.35782303751362,21.67891151875681,21.67891151875681,495.7339785490185,1
63,perpendicular_500,-808.5610704024319,401.26310634812535,-142.33422994540197,-230.020028059574,-463.73279881372923,763.3314191195524,1144.9557366169274,500.00000000000006,0.0,0,249.65428031231878,5978.9543131291575,1501.3136969852947,1,0,2283.9632267548004,132.9094511926661,66.45472559633306,66.45472559633312,2283.963226754815,1
64,mechanistic_minimax,21.780821255111334,129.55342614852333,53.089667179540214,923.9559823885088,595.1299806579052,948.8645644843803,1449.0096494618722,999.999999994544,606.3279170000015,1,111.68181967183195,2167.4667525824625,111.68181967183195,1,0,531.4349776819581,35.00777180554048,17.50388590277024,17.50388590277024,531.4349776819581,1
64,repository_neural,21.780821255111334,129.55342614852333,53.089667179540214,923.9559823885088,323.8885483058926,1089.7054036875859,1449.0096494618722,1006.5589395142053,0.04812499999928832,0,133.98415594290927,1914.3433959336253,1501.8089947055892,1,0,372.0563280082715,42.05157173611443,21.025785868057255,21.025785868057255,372.0563280082715,1
64,neural_safe_projection,21.780821255111334,129.55342614852333,53.089667179540214,923.9559823885088,317.49554892733283,1084.8297212787563,1449.0096494618722,1000.0000001,0.04812499999928832,1,137.13202124430836,1957.0999997729668,137.13202124430836,1,0,362.17370250992826,41.70489711945826,20.85244855972913,20.85244855972913,362.17370250992826,1
64,analytic_far_range,21.780821255111334,129.55342614852333,53.089667179540214,923.9559823885088,-330.6449867811204,1065.393182639991,1449.0096494618722,1000.0000000000001,0.0,1,118.25181907921885,1951.5030334948679,118.25181907921885,1,0,413.83087436250935,36.77056062618887,18.385280313094434,18.385280313094434,413.83087436250935,1
64,fixed_750_375,21.780821255111334,129.55342614852333,53.089667179540214,923.9559823885088,-327.0276771881672,892.0871181344876,1449.0096494618722,838.5254915624212,0.0,1,153.63232415773666,2807.306393971492,153.63232415773666,1,0,367.7992657130235,32.270666901890095,16.135333450945076,16.135333450945076,367.7992657130235,1
64,perpendicular_500,21.780821255111334,129.55342614852333,53.089667179540214,923.9559823885088,-477.91941405561056,146.8645448416986,1449.0096494618722,500.00000000000006,0.0,0,249.3081979578206,5967.932552579907,1501.8089947055892,1,0,1666.8605827350839,107.62678851838169,53.81339425919089,53.81339425919079,1666.8605827350839,1
65,mechanistic_minimax,48.65985045784709,926.6670494917972,-457.49916040470714,-88.74822566080165,162.2479881651082,-66.8608741023429,1421.6073123993579,999.9999999945436,503.64508399999863,1,111.65881510795995,2166.8504700718913,111.65881510795995,1,0,961.2647981080518,60.105422114244206,30.052711057122128,30.052711057122128,961.2647981080518,1
65,repository_neural,48.65985045784709,926.6670494917972,-457.49916040470714,-88.74822566080165,-628.2903448546529,179.13116081992223,1421.6073123993579,1008.4996141725002,0.028542000002573786,0,132.99912759405854,1906.8382701695664,1501.6024157042186,1,0,520.7169463101891,54.63844723457143,27.319223617285715,27.319223617285715,520.7169463101891,1
65,neural_safe_projection,48.65985045784709,926.6670494917972,-457.49916040470714,-88.74822566080165,-618.1032831023223,181.3973507081799,1421.6073123993579,1000.0000001,0.028542000002573786,1,137.02667696920844,1962.479972833884,137.02667696920844,1,0,525.7309034636128,55.939958456188606,27.969979228094303,27.969979228094303,525.7309034636128,1
65,analytic_far_range,48.65985045784709,926.6670494917972,-457.49916040470714,-88.74822566080165,-18.622990385421353,-71.06689266315391,1421.6073123993579,1000.0,0.0,1,117.9081788930795,1921.9847251079045,117.9081788930795,1,0,683.5975238572573,55.19940513550029,27.59970256775017,27.59970256775017,683.5975238572573,1
65,fixed_750_375,48.65985045784709,926.6670494917972,-457.49916040470714,-88.74822566080165,49.936739876744646,88.14253014044766,1421.6073123993579,838.525491562421,0.0,1,153.2285448678409,2753.2311607968295,153.2285448678409,1,0,1039.6543178777647,76.984923927419,38.49246196370952,38.49246196370952,1039.6543178777647,1
65,perpendicular_500,48.65985045784709,926.6670494917972,-457.49916040470714,-88.74822566080165,496.21343129027287,703.7415186881827,1421.6073123993579,499.99999999999994,0.0,0,249.58025977540157,5976.425296811562,1501.6024157042186,1,0,4012.1618174636533,193.9602880856031,96.98014404280157,96.98014404280168,4012.1618174636533,1
66,mechanistic_minimax,421.30239214833546,-400.92433024865977,1125.7103540881774,267.3696694971124,1406.490016732471,-229.44446450531532,1363.7336996300721,999.9999999945436,592.340415999999,1,111.69436699570991,2167.802914001746,111.69436699570991,1,0,680.7209377847612,44.09645731546497,22.048228657732512,22.048228657732512,680.7209377847612,1
66,repository_neural,421.30239214833546,-400.92433024865977,1125.7103540881774,267.3696694971124,1329.1642695897417,70.72013996618398,1363.7336996300721,1023.0648536606443,0.03345799999721066,0,129.23962907612952,1821.841317136772,1501.8089947055905,1,0,323.12735827825963,35.753417873739,17.8767089368695,17.8767089368695,323.12735827825963,1
66,neural_safe_projection,421.30239214833546,-400.92433024865977,1125.7103540881774,267.3696694971124,1301.4876607237518,73.7059397329565,1363.7336996300721,1000.0000000999999,0.03345799999721066,1,140.19482401595565,1971.7478768192232,140.19482401595565,1,0,297.19741986715235,35.14522342609517,17.572611713047586,17.572611713047586,297.19741986715235,1
66,analytic_far_range,421.30239214833546,-400.92433024865977,1125.7103540881774,267.3696694971124,836.0950894340576,508.99160997792796,1363.7336996300721,1000.0,0.0,1,118.21349651689862,1951.2723379489034,118.21349651689862,1,0,462.7124260585988,38.373880676221404,19.18694033811082,19.18694033811082,462.7124260585988,1
66,fixed_750_375,421.30239214833546,-400.92433024865977,1125.7103540881774,267.3696694971124,715.7972865954345,384.1856984381427,1363.7336996300721,838.525491562421,0.0,1,153.58730254122088,2812.4210883197375,153.58730254122088,1,0,609.3252422928344,51.421945051089615,25.71097252554492,25.71097252554492,609.3252422928344,1
66,perpendicular_500,421.30239214833546,-400.92433024865977,1125.7103540881774,267.3696694971124,81.10901536793381,-34.49771222705965,1363.7336996300721,499.99999999999994,0.0,0,249.30867773541138,5967.844120099442,1501.8089947055905,1,0,2963.0289342751494,158.2614078613082,79.13070393065412,79.1307039306539,2963.028934275266,1
67,mechanistic_minimax,-246.55003729722648,437.9729129722665,674.2338093626107,811.566312239012,317.79082044532925,1263.5147933584062,1450.4492727916406,999.9999999945435,501.7875410000059,1,111.67199021164423,2167.2034179675393,111.67199021164423,1,0,709.6932802016381,45.94836957726942,22.974184788634734,22.974184788634734,709.6932802016381,1
67,repository_neural,-246.55003729722648,437.9729129722665,674.2338093626107,811.566312239012,758.9541741285548,563.2194263389657,1450.4492727916406,1013.2745966940536,0.0287499999984675,0,131.71616278212235,1875.237726567313,1500.2987694963017,1,0,330.4412110899575,36.67405679801429,18.337028399007202,18.337028399007202,330.4412110899575,1
67,neural_safe_projection,-246.55003729722648,437.9729129722665,674.2338093626107,811.566312239012,744.6013402131367,570.7092947946946,1450.4492727916406,1000.0000001,0.0287499999984675,1,138.0235850193448,1961.6580947297625,138.0235850193448,1,0,317.95886086462997,37.09160431210145,18.545802156050726,18.545802156050726,317.95886086462997,1
67,analytic_far_range,-246.55003729722648,437.9729129722665,674.2338093626107,811.566312239012,457.2994028442173,1148.3220986637657,1450.4492727916406,999.9999999999999,0.0,1,117.92465332544629,1922.3682405669242,117.92465332544629,1,0,480.084101768909,40.046747372299265,20.023373686149675,20.023373686149675,480.084101768909,1
67,fixed_750_375,-246.55003729722648,437.9729129722665,674.2338093626107,811.566312239012,301.2654067235103,1072.814026395431,1450.4492727916406,838.5254915624213,0.0,1,153.24790598355096,2753.7323678554967,153.24790598355096,1,0,633.3796681649983,53.023737555728644,26.511868777864322,26.511868777864322,633.3796681649983,1
67,perpendicular_500,-246.55003729722648,437.9729129722665,674.2338093626107,811.566312239012,-439.0478460507177,899.4321133628366,1450.4492727916406,500.00000000000006,0.0,0,249.65706306848256,6030.860018626321,1500.2987694963017,1,0,2873.6750338340644,155.04348845223987,77.52174422612,77.52174422612009,2873.6750338338315,1
68,mechanistic_minimax,-1697.5280070347414,-496.77766778709827,-1224.8551137619913,-290.0087208848139,-1140.5327273787723,333.73799036153446,1227.3600815514721,999.9999999945439,497.47162500000286,1,111.64636171640358,2166.516875162153,111.64636171640358,1,0,462.2301941073965,40.6476322740766,20.323816137038374,20.323816137038374,462.2301941073965,1
68,repository_neural,-1697.5280070347414,-496.77766778709827,-1224.8551137619913,-290.0087208848139,-703.443412308179,-365.33386590721545,1227.3600815514721,1002.7370814552097,0.03029199999815546,0,134.73579315974322,1934.8167638257291,1500.623522946365,1,0,634.815767863649,67.23861497042604,33.61930748521302,33.61930748521302,634.815767863649,1
68,neural_safe_projection,-1697.5280070347414,-496.77766778709827,-1224.8551137619913,-290.0087208848139,-706.4173458449397,-363.73760812116893,1227.3600815514721,1000.0000001,0.03029199999815546,1,136.0423862049559,1953.4138091659406,136.0423862049559,1,0,633.234032243141,67.29870087773708,33.64935043886854,33.64935043886854,633.234032243141,1
68,analytic_far_range,-1697.5280070347414,-496.77766778709827,-1224.8551137619913,-290.0087208848139,-1000.007761309166,219.7874072779183,1227.3600815514721,1000.0,0.0,1,117.89260702966848,1921.6222451807553,117.89260702966848,1,0,514.1922392626293,51.117770402966485,25.558885201483307,25.558885201483307,514.1922392626293,1
68,fixed_750_375,-1697.5280070347414,-496.77766778709827,-1224.8551137619913,-290.0087208848139,-1155.3657865757514,142.89813033799692,1227.3600815514721,838.5254915624212,0.0,1,153.21024422069686,2752.757429957266,153.21024422069686,1,0,327.9822543869959,34.606875127482716,17.303437563741422,17.303437563741422,327.9822543869959,1
68,perpendicular_500,-1697.5280070347414,-496.77766778709827,-1224.8551137619913,-290.0087208848139,-1894.1118405790614,-37.04427070894485,1227.3600815514721,500.0,0.0,0,249.84117645840627,5953.53675592153,1500.623522946365,1,0,662.0005415934138,58.3075427554591,29.153771377729555,29.153771377729775,662.0005415934138,1
69,mechanistic_minimax,-711.0651035218558,-244.56723420019634,-785.4106151290468,-769.2573195971114,-403.48267253722395,-1196.0886728141122,1057.5748247436193,999.9999999961559,506.90079199999616,1,80.7277420995685,1232.912836894393,80.7277420995685,1,0,483.88049895036966,45.738176296195405,22.869088148097703,22.869088148097703,483.88049895036966,1
69,repository_neural,-711.0651035218558,-244.56723420019634,-785.4106151290468,-769.2573195971114,-1088.302469244512,-1134.6542092978525,1057.5748247436193,966.7279107049018,0.03591600000163453,1,123.28807921573019,1195.145533323288,123.28807921573019,1,0,582.4056682458613,64.12073339762915,32.060366698814605,32.060366698814605,582.4056682458613,1
69,neural_safe_projection,-711.0651035218558,-244.56723420019634,-785.4106151290468,-769.2573195971114,-1088.302469244512,-1134.6542092978525,1057.5748247436193,966.7279107049018,0.03591600000163453,1,123.28807921573019,1195.145533323288,123.28807921573019,1,0,582.4056682458613,64.12073339762915,32.060366698814605,32.060366698814605,582.4056682458613,1
69,analytic_far_range,-711.0651035218558,-244.56723420019634,-785.4106151290468,-769.2573195971114,-460.11972687048615,-1212.5684831339477,1057.5748247436193,1000.0000000000001,0.0,1,87.10355760962736,1140.570335291326,87.10355760962736,1,0,508.75682853045873,50.077103448131396,25.03855172406574,25.03855172406574,508.75682853045873,1
69,fixed_750_375,-711.0651035218558,-244.56723420019634,-785.4106151290468,-769.2573195971114,-445.2934183077052,-1039.859891866813,1057.5748247436193,838.525491562421,0.0,1,109.10262522597623,1699.9456742354669,109.10262522597623,1,0,325.7685773174744,33.99751002370577,16.998755011852936,16.998755011852936,325.7685773174744,1
69,perpendicular_500,-711.0651035218558,-244.56723420019634,-785.4106151290468,-769.2573195971114,-216.03657004255336,-314.90037746374713,1057.5748247436193,500.0,0.0,0,224.65271102535795,5088.902833325788,1338.331998797426,1,0,678.6875179288909,59.264828211278044,29.632414105639075,29.632414105639075,678.6875179288909,1
70,mechanistic_minimax,-439.71315289214783,1346.786648212958,-106.23108487179651,1710.3090321665775,157.33614552901236,1406.2184180144725,1090.0645927473329,600.0000000057831,466.0778340000036,1,31.55893986553879,328.9420881463011,31.55893986553879,1,0,238.43827062105993,23.208669759888416,11.60433487994421,11.60433487994421,238.43827062105993,1
70,repository_neural,-439.71315289214783,1346.786648212958,-106.23108487179651,1710.3090321665775,-41.88981915191346,1598.2619594922548,1090.0645927473329,470.64130402166484,0.02908300000115105,1,61.90480848111173,207.6368600944552,61.90480848111173,1,0,76.35657015047036,19.663138194311433,9.831569097155716,9.831569097155716,76.35657015047036,1
70,neural_safe_projection,-439.71315289214783,1346.786648212958,-106.23108487179651,1710.3090321665775,-41.88981915191346,1598.2619594922548,1090.0645927473329,470.64130402166484,0.02908300000115105,1,61.90480848111173,207.6368600944552,61.90480848111173,1,0,76.35657015047036,19.663138194311433,9.831569097155716,9.831569097155716,76.35657015047036,1
70,analytic_far_range,-439.71315289214783,1346.786648212958,-106.23108487179651,1710.3090321665775,-86.31182350539996,2282.2584545158948,1090.0645927473329,1000.0,0.0,1,87.10355766169992,534.0343357499223,87.10355766169992,1,0,521.6635804360849,52.78179636313227,26.39089818156614,26.39089818156614,521.6635804360849,1
70,fixed_750_375,-439.71315289214783,1346.786648212958,-106.23108487179651,1710.3090321665775,-198.04887578801862,2149.7333321040733,1090.0645927473329,838.5254915624212,0.0,1,63.23884775206499,342.6598281392362,63.23884775206499,1,0,331.628023401252,35.64297724627732,17.82148862313877,17.82148862313877,331.628023401252,1
70,perpendicular_500,-439.71315289214783,1346.786648212958,-106.23108487179651,1710.3090321665775,-803.5075770729749,1689.793378372791,1090.0645927473329,500.00000000000006,0.0,0,70.70670308196377,887.320802922768,633.4170529119889,1,0,613.3541998533765,55.476026756535774,27.738013378267887,27.738013378267887,613.3541998533765,1
71,mechanistic_minimax,-435.32970999811124,-1303.2255371205615,636.799496969772,-1198.464675610659,342.7641318718317,-675.0774867111375,1416.8280940976013,999.999999994544,507.11858299999335,1,111.66246440901423,2166.948230303824,111.66246440901423,1,0,868.6451130125206,55.1917693921185,27.59588469605932,27.59588469605932,868.6451130125206,1
71,repository_neural,-435.32970999811124,-1303.2255371205615,636.799496969772,-1198.464675610659,560.8623066034513,-1472.8428772084521,1416.8280940976013,1010.5288595577956,0.03012499999499596,0,132.44417953084798,1890.5684771589004,1500.3794528670085,1,0,404.8597757725511,44.9701161573923,22.485058078696174,22.485058078696174,404.8597757725511,1
71,neural_safe_projection,-435.32970999811124,-1303.2255371205615,636.799496969772,-1198.464675610659,551.6946768745113,-1463.7959575557204,1416.8280940976013,1000.0000001,0.03012499999499596,1,137.4484696659953,1959.1125366939232,137.4484696659953,1,0,402.8505290267058,45.93998245623395,22.969991228117003,22.969991228117003,402.8505290267058,1
71,analytic_far_range,-435.32970999811124,-1303.2255371205615,636.799496969772,-1198.464675610659,443.2083832803483,-825.5532450011117,1416.8280940976013,1000.0000000000001,0.0,1,117.91274209593338,1922.090951217804,117.91274209593338,1,0,594.405217598658,49.12841164469531,24.564205822347695,24.564205822347695,594.405217598658,1
71,fixed_750_375,-435.32970999811124,-1303.2255371205615,636.799496969772,-1198.464675610659,272.0431781029395,-852.9494027545722,1416.8280940976013,838.5254915624212,0.0,1,153.23390766891504,2753.369986551814,153.23390766891504,1,0,886.0545531208627,68.46328881000494,34.23164440500253,34.23164440500253,886.0545531208627,1
71,perpendicular_500,-435.32970999811124,-1303.2255371205615,636.799496969772,-1198.464675610659,-486.844211499692,-805.8863609690707,1416.8280940976013,500.0,0.0,0,249.70560814794348,6033.6424329169095,1500.3794528670085,1,0,4051.458019480575,195.2332377590242,97.6166188795121,97.616618879512,4051.458019480575,1
72,mechanistic_minimax,613.0896464736743,1061.5334451044007,347.2644933608532,1390.0840463387144,-327.5547524420532,1194.530117187495,1345.1571565904474,949.9999999982675,666.6938340000002,1,48.85846141321126,811.3774521078449,48.85846141321126,1,0,388.15657385380473,36.49201747245072,18.246008736225384,18.246008736225384,388.15657385380473,1
72,repository_neural,613.0896464736743,1061.5334451044007,347.2644933608532,1390.0840463387144,295.9093486221118,1725.4904763544007,1345.1571565904474,735.8276161517175,0.058749999993779056,1,96.59269334856494,557.2341154435817,96.59269334856494,1,0,331.97111201274674,48.256649659975686,24.128324829987946,24.128324829987946,331.97111201274674,1
72,neural_safe_projection,613.0896464736743,1061.5334451044007,347.2644933608532,1390.0840463387144,295.9093486221118,1725.4904763544007,1345.1571565904474,735.8276161517175,0.058749999993779056,1,96.59269334856494,557.2341154435817,96.59269334856494,1,0,331.97111201274674,48.256649659975686,24.128324829987946,24.128324829987946,331.97111201274674,1
72,analytic_far_range,613.0896464736743,1061.5334451044007,347.2644933608532,1390.0840463387144,-274.50251663852055,1522.1636134410119,1345.1571565904474,999.9999999999999,0.0,1,87.1035576605834,533.4496584843146,87.1035576605834,1,0,533.7483216283144,57.788701774806256,28.894350887403153,28.894350887403153,533.7483216283144,1
72,fixed_750_375,613.0896464736743,1061.5334451044007,347.2644933608532,1390.0840463387144,-155.99015353383174,1395.6610572833624,1345.1571565904474,838.5254915624212,0.0,1,63.23884775138635,527.973711459279,63.23884775138635,1,0,340.6537382204551,39.06793280927487,19.533966404637436,19.533966404637436,340.6537382204551,1
72,perpendicular_500,613.0896464736743,1061.5334451044007,347.2644933608532,1390.0840463387144,229.80030664289313,740.4582483481206,1345.1571565904474,500.0,0.0,0,130.35149702818518,2259.3612132923154,977.771342590704,1,0,406.21013576409314,42.62784676932944,21.313923384664815,21.313923384664815,406.21013576409314,1
73,mechanistic_minimax,166.7332771985124,-1176.471216294454,478.3203555809799,-1714.0199609134022,790.5372014958991,-1359.1421335913828,1246.0330975224667,649.9999999960933,520.0212090000065,1,33.23678220864438,380.55330075207166,33.23678220864438,1,0,362.563253443921,31.833855234086897,15.916927617043449,15.916927617043449,362.563253443921,1
73,repository_neural,166.7332771985124,-1176.471216294454,478.3203555809799,-1714.0199609134022,317.1142433850358,-1669.708276841329,1246.0330975224667,515.6522402628674,0.03662500000700675,1,70.81217113529169,211.1759671829641,70.81217113529169,1,0,200.6260952190496,38.28256087061555,19.141280435307845,19.141280435307845,200.6260952190496,1
73,neural_safe_projection,166.7332771985124,-1176.471216294454,478.3203555809799,-1714.0199609134022,317.1142433850358,-1669.708276841329,1246.0330975224667,515.6522402628674,0.03662500000700675,1,70.81217113529169,211.1759671829641,70.81217113529169,1,0,200.6260952190496,38.28256087061555,19.141280435307845,19.141280435307845,200.6260952190496,1
73,analytic_far_range,166.7332771985124,-1176.471216294454,478.3203555809799,-1714.0199609134022,968.4885484091354,-1774.1236948185378,1246.0330975224667,1000.0000000000001,0.0,1,87.10355761505475,534.0667195061687,87.10355761505475,1,0,472.06212340388447,44.577189810385775,22.288594905192888,22.288594905192888,472.06212340388447,1
73,fixed_750_375,166.7332771985124,-1176.471216294454,478.3203555809799,-1714.0199609134022,871.9123489914807,-1630.1753894130266,1246.0330975224667,838.5254915624212,0.0,1,63.23884771565148,342.61836537742056,63.23884771565148,1,0,317.38558743940666,31.036531335348446,15.51826566767428,15.51826566767428,317.38558743940666,1
73,perpendicular_500,166.7332771985124,-1176.471216294454,478.3203555809799,-1714.0199609134022,596.7565886732093,-921.3634908364902,1246.0330975224667,500.00000000000006,0.0,0,72.01726536928652,912.2747898227535,647.2705504149868,1,0,881.9245941978879,70.42181837416736,35.21090918708368,35.21090918708368,881.9245941978879,1
74,mechanistic_minimax,1049.6316716957588,685.4249251449424,326.48803174863787,1457.7981686091796,81.94819534865894,937.592904073878,1438.052701032064,999.9999999961561,744.573250000002,1,109.05062920205437,2120.2744056429947,109.05062920205437,1,0,821.6367947697872,52.58457750925634,26.29228875462817,26.29228875462817,821.6367947697872,1
74,repository_neural,1049.6316716957588,685.4249251449424,326.48803174863787,1457.7981686091796,599.45668390279,1566.9144270980673,1438.052701032064,989.7884934105708,0.030625000007944436,1,139.9815221149629,2003.5939578865655,139.9815221149629,1,0,385.4309741263278,44.22563055952746,22.112815279763748,22.112815279763748,385.4309741263278,1
74,neural_safe_projection,1049.6316716957588,685.4249251449424,326.48803174863787,1457.7981686091796,599.45668390279,1566.9144270980673,1438.052701032064,989.7884934105708,0.030625000007944436,1,139.9815221149629,2003.5939578865655,139.9815221149629,1,0,385.4309741263278,44.22563055952746,22.112815279763748,22.112815279763748,385.4309741263278,1
74,analytic_far_range,1049.6316716957588,685.4249251449424,326.48803174863787,1457.7981686091796,143.22045659745754,1107.8213137943023,1438.052701032064,1000.0,0.0,1,114.64889271420321,1878.2140751334373,114.64889271420321,1,0,561.5345567670884,46.72400297059928,23.362001485299647,23.362001485299647,561.5345567670884,1
74,fixed_750_375,1049.6316716957588,685.4249251449424,326.48803174863787,1457.7981686091796,267.0148058741398,986.4827955478704,1438.052701032064,838.5254915624212,0.0,1,149.39100448529072,2720.8153999865754,149.39100448529072,1,0,836.1078437680844,65.57269796648758,32.786348983243904,32.786348983243904,836.1078437680844,1
74,perpendicular_500,1049.6316716957588,685.4249251449424,326.48803174863787,1457.7981686091796,680.3696432617655,348.3113621475265,1438.052701032064,499.99999999999994,0.0,0,249.33190037537315,5968.338040764444,1501.8089947055842,1,0,3706.211567468825,183.90501977646764,91.95250988823382,91.95250988823385,3706.211567468825,1
75,mechanistic_minimax,209.99083301547486,822.9671108062062,310.2984008269828,54.92389843788695,860.4117499026218,63.393130956467644,1068.6627803986164,999.9999999945438,810.3755829999955,1,111.67892683356843,2167.389250952285,111.67892683356843,1,0,520.8203858610941,35.146997056160544,17.573498528080272,17.573498528080272,520.8203858610941,1
75,repository_neural,209.99083301547486,822.9671108062062,310.2984008269828,54.92389843788695,67.61761829379518,-176.10057718207509,1068.6627803986164,1009.1612247071502,0.07120799999427163,0,132.81497475201516,1904.6996645200998,1501.8089947055896,1,0,392.0945575172009,43.48093905191644,21.740469525958233,21.740469525958233,392.0945575172009,1
75,neural_safe_projection,209.99083301547486,822.9671108062062,310.2984008269828,54.92389843788695,75.33289614838998,-167.92503278899872,1068.6627803986164,1000.0000001,0.07120799999427163,1,137.15437533036513,1964.6960935018724,137.15437533036513,1,0,378.518292528679,43.02840112090553,21.514200560452764,21.514200560452764,378.518292528679,1
75,analytic_far_range,209.99083301547486,822.9671108062062,310.2984008269828,54.92389843788695,712.9083478142082,-41.367299771473995,1068.6627803986164,1000.0,0.0,1,117.93332704434997,1922.5701705324464,117.93332704434997,1,0,417.14487384119275,37.41667237152481,18.708336185762406,18.708336185762406,417.14487384119275,1
75,fixed_750_375,209.99083301547486,822.9671108062062,310.2984008269828,54.92389843788695,680.5661238900507,128.93260473441978,1068.6627803986164,838.5254915624212,0.0,1,153.25809939815173,2753.9962610015646,153.25809939815173,1,0,355.0315090623626,30.834411922326492,15.417205961163267,15.417205961163267,355.0315090623626,1
75,perpendicular_500,209.99083301547486,822.9671108062062,310.2984008269828,54.92389843788695,705.6293138203145,888.8647309868369,1068.6627803986164,499.99999999999994,0.0,0,249.50283912727213,5973.809766278951,1501.8089947055896,1,0,1579.5728890058235,103.82241613907615,51.91120806953808,51.91120806953796,1579.5728890058235,1
76,mechanistic_minimax,1067.0507848851594,-353.2930345472961,358.13784892296576,-254.52233042812722,316.6755984552867,307.7191284114664,1205.9327459899114,999.9999999945438,666.9743329999989,1,111.7698378356364,2173.6914817989455,111.7698378356364,1,0,500.911858715408,35.702312703396885,17.851156351698442,17.851156351698442,500.911858715408,1
76,repository_neural,1067.0507848851594,-353.2930345472961,358.13784892296576,-254.52233042812722,141.63183957265937,58.27788830426641,1205.9327459899114,1012.8133336800946,0.03504100000384369,0,131.7576478019143,1880.5113029092026,1501.8089947055898,1,0,444.37895647026016,48.0538144666304,24.02690723331522,24.02690723331522,444.37895647026016,1
76,neural_safe_projection,1067.0507848851594,-353.2930345472961,358.13784892296576,-254.52233042812722,149.74898082688736,44.8996329786639,1205.9327459899114,1000.0000001,0.03504100000384369,1,137.83012858316,1963.8096590085188,137.83012858316,1,0,426.6558242967876,47.55884635337385,23.779423176686947,23.779423176686947,426.6558242967876,1
76,analytic_far_range,1067.0507848851594,-353.2930345472961,358.13784892296576,-254.52233042812722,97.78874891366559,-599.323735120202,1205.9327459899114,1000.0000000000001,0.0,1,118.0699525669858,1942.068114235546,118.0699525669858,1,0,435.1844472536759,39.940985322214566,19.97049266110731,19.97049266110731,435.1844472536759,1
76,fixed_750_375,1067.0507848851594,-353.2930345472961,358.13784892296576,-254.52233042812722,270.4198913651351,-615.0261419095247,1205.9327459899114,838.5254915624212,0.0,1,153.41864914256686,2807.623905883942,153.41864914256686,1,0,328.8427025482815,29.4105382226933,14.705269111346668,14.705269111346668,328.8427025482815,1
76,perpendicular_500,1067.0507848851594,-353.2930345472961,358.13784892296576,-254.52233042812722,994.2068705396748,-847.9583397212366,1205.9327459899114,499.99999999999994,0.0,0,249.34558337300376,5968.730848326668,1501.8089947055898,1,0,1319.6088260243414,92.06661951850462,46.03330975925231,46.03330975925231,1319.6088260243123,1
77,mechanistic_minimax,592.2827606358312,49.87460091847191,1179.6783830968966,286.261988789455,1581.5447798062035,-96.27825543155129,1491.6707205271505,999.9999999961562,505.14379099999474,1,67.76100331294198,1052.695995952934,67.76100331294198,1,0,469.3613606150029,38.5809030318282,19.29045151591421,19.29045151591421,469.3613606150029,1
77,repository_neural,592.2827606358312,49.87460091847191,1179.6783830968966,286.261988789455,1487.3237762608312,154.93018105763207,1491.6707205271505,901.185383020279,0.031167000003051726,1,114.79100448588858,951.1843177247792,114.79100448588858,1,0,366.6206460702233,45.0355318061642,22.517765903082214,22.517765903082214,366.6206460702233,1
77,neural_safe_projection,592.2827606358312,49.87460091847191,1179.6783830968966,286.261988789455,1487.3237762608312,154.93018105763207,1491.6707205271505,901.185383020279,0.031167000003051726,1,114.79100448588858,951.1843177247792,114.79100448588858,1,0,366.6206460702233,45.0355318061642,22.517765903082214,22.517765903082214,366.6206460702233,1
77,analytic_far_range,592.2827606358312,49.87460091847191,1179.6783830968966,286.261988789455,1309.0008373720898,747.2376329752899,1491.6707205271505,1000.0,0.0,1,87.10355766199218,841.8066746748518,87.10355766199218,1,0,464.58372843649704,43.61247449869768,21.806237249348886,21.806237249348886,464.58372843649704,1
77,fixed_750_375,592.2827606358312,49.87460091847191,1179.6783830968966,286.261988789455,1151.6125152869236,674.5947187007866,1491.6707205271505,838.5254915624213,0.0,1,88.06106400172635,1252.4455946485978,88.06106400172635,1,0,317.4490581130376,30.608498645616642,15.304249322808364,15.304249322808364,317.4490581130376,1
77,perpendicular_500,592.2827606358312,49.87460091847191,1179.6783830968966,286.261988789455,408.253299058888,514.7758348076716,1491.6707205271505,499.99999999999994,0.0,0,196.86474573619248,4155.101199981291,1224.84363246667,1,0,1058.4545621144352,79.48439775880601,39.74219887940311,39.74219887940311,1058.4545621144352,1
78,mechanistic_minimax,-232.90782164699507,198.30361775895128,234.64872509690946,-91.70192858234283,766.4661283281285,233.68310475645944,1243.4857807510778,999.9999999945438,619.6097499999951,1,111.77359595776652,2174.943979735952,111.77359595776652,1,0,468.6576003820446,39.25924036667932,19.62962018333966,19.62962018333966,468.6576003820446,1
78,repository_neural,-232.90782164699507,198.30361775895128,234.64872509690946,-91.70192858234283,460.0833892905049,-537.3601395652674,1243.4857807510778,1010.6621504127924,0.029249999997205123,0,131.90240757261458,1890.9416112361941,1501.80899470559,1,0,636.9530820175642,66.7734457399744,33.38672286998721,33.38672286998721,636.9530820175642,1
78,neural_safe_projection,-232.90782164699507,198.30361775895128,234.64872509690946,-91.70192858234283,458.2349884853266,-524.4145957948498,1243.4857807510778,1000.0000001,0.029249999997205123,1,136.91738744529945,1959.689829947194,136.91738744529945,1,0,630.5269126094208,66.9988541149155,33.49942705745776,33.49942705745776,630.5269126094208,1
78,analytic_far_range,-232.90782164699507,198.30361775895128,234.64872509690946,-91.70192858234283,756.4849830410964,53.03876298866632,1243.4857807510778,999.9999999999999,0.0,1,118.05170643675721,1937.6602979542222,118.05170643675721,1,0,495.602042130442,47.887650047599195,23.943825023799597,23.943825023799597,495.602042130442,1
78,fixed_750_375,-232.90782164699507,198.30361775895128,234.64872509690946,-91.70192858234283,603.1379777422902,133.86433375042972,1243.4857807510778,838.5254915624212,0.0,1,153.3972094054947,2804.682537999004,153.3972094054947,1,0,321.9341728584768,32.9161489280998,16.4580744640499,16.4580744640499,321.9341728584768,1
78,perpendicular_500,-232.90782164699507,198.30361775895128,234.64872509690946,-91.70192858234283,24.405342994692518,627.010901697631,1243.4857807510778,499.99999999999994,0.0,0,249.35615945845603,5969.047660198994,1501.80899470559,1,0,734.4649116207802,62.41588970611462,31.20794485305731,31.20794485305731,734.4649116207729,1
79,mechanistic_minimax,946.160874321236,193.76559822580109,858.2853620723165,-784.2786975283037,1422.349258040112,-685.5776926454562,1269.3398615326817,999.999999994544,522.2643330000096,1,111.64144637871435,2166.3852108810097,111.64144637871435,1,0,684.967354469467,44.37238320979696,22.186191604898525,22.186191604898525,684.967354469467,1
79,repository_neural,946.160874321236,193.76559822580109,858.2853620723165,-784.2786975283037,594.5731362841266,-767.7660790202926,1269.3398615326817,1023.7954404497693,0.031125000006682058,0,128.84644611775857,1821.3295587687753,1500.9716816148252,1,0,328.86729195318185,35.73051358418146,17.872911391071586,17.872911391071586,328.86729195318185,1
79,neural_safe_projection,946.160874321236,193.76559822580109,858.2853620723165,-784.2786975283037,617.7623864270479,-750.7736721853399,1269.3398615326817,1000.0000001,0.031125000006682058,1,140.08011870509145,1975.0430619223043,140.08011870509145,1,0,304.41778411366977,36.211529935953315,18.10576496797669,18.10576496797669,304.41778411366977,1
79,analytic_far_range,946.160874321236,193.76559822580109,858.2853620723165,-784.2786975283037,1256.1175362348038,-756.9850881980366,1269.3398615326817,1000.0000000000002,0.0,1,117.88646084971217,1921.4791821008548,117.88646084971217,1,0,466.19044082798064,38.72119564268769,19.360597821343866,19.360597821343866,466.19044082798064,1
79,fixed_750_375,946.160874321236,193.76559822580109,858.2853620723165,-784.2786975283037,1260.3025445618457,-583.6918031914341,1269.3398615326817,838.5254915624212,0.0,1,153.2030208958494,2752.5704553094693,153.2030208958494,1,0,596.7697055435274,50.57348596390542,25.286742981952752,25.286742981952752,596.7697055435274,1
79,perpendicular_500,946.160874321236,193.76559822580109,858.2853620723165,-784.2786975283037,1444.575933807924,153.98584864286357,1269.3398615326817,500.0,0.0,0,249.76729138113876,5982.850598260295,1500.9716816148252,1,0,2585.583752401173,144.43713415189964,72.21856707594982,72.21856707595019,2585.5837524009403,1
80,mechanistic_minimax,-564.0732340863392,1216.2316726615566,37.319063596544346,208.49960636251765,-597.1145745924496,216.77768682396584,1373.3171145173048,999.9999999945438,603.1660420000122,1,111.75438035843264,2169.4110199114357,111.75438035843264,1,0,1089.8623754867658,66.54799455902769,33.27399727951384,33.27399727951384,1089.8623754867658,1
80,repository_neural,-564.0732340863392,1216.2316726615566,37.319063596544346,208.49960636251765,-293.3627848675892,242.2627395560878,1373.3171145173048,1010.890513344953,0.03283299999168321,0,132.41545952576226,1891.1076207696387,1501.8089947055855,1,0,614.0468077770493,61.824617552978076,30.912308776489038,30.912308776489038,614.0468077770493,1
80,neural_safe_projection,-564.0732340863392,1216.2316726615566,37.319063596544346,208.49960636251765,-288.9422355406418,254.82492531720408,1373.3171145173048,1000.0000001,0.03283299999168321,1,137.59382410222014,1962.1276015984713,137.59382410222014,1,0,628.8787787613328,64.10063926537102,32.05031963268551,32.05031963268551,628.8787787613328,1
80,analytic_far_range,-564.0732340863392,1216.2316726615566,37.319063596544346,208.49960636251765,242.1276492801153,624.5897745008967,1373.3171145173048,1000.0000000000001,0.0,1,118.09190303777817,1945.8419038784414,118.09190303777817,1,0,770.8356662483857,60.70171270538615,30.35085635269309,30.35085635269309,770.8356662483857,1
80,fixed_750_375,-564.0732340863392,1216.2316726615566,37.319063596544346,208.49960636251765,144.4779990083291,767.8120588175309,1373.3171145173048,838.5254915624212,0.0,1,153.44444112568704,2809.330932030014,153.44444112568704,1,0,1185.6108689279972,84.66055863192922,42.330279315964624,42.330279315964624,1185.6108689279972,1
80,perpendicular_500,-564.0732340863392,1216.2316726615566,37.319063596544346,208.49960636251765,-135.9691112109473,1474.5470999536394,1373.3171145173048,500.0,0.0,0,249.33512701783212,5968.428323725599,1501.8089947055855,1,0,4446.603260967404,207.81692549358993,103.90846274679498,103.90846274679504,4446.6032609674,1
81,mechanistic_minimax,231.96445275166533,-1040.561811461738,-298.1807093737308,-1614.5319587371246,179.88654919405613,-1989.1333121754033,1037.7409276960568,950.0000000027003,505.28250000000696,1,50.53588229462788,809.8524217307568,50.53588229462788,1,0,595.9819143357454,36.93139594253385,18.465697971266923,18.465697971266923,595.9819143357454,1
81,repository_neural,231.96445275166533,-1040.561811461738,-298.1807093737308,-1614.5319587371246,-396.62441443583464,-1441.809370055488,1037.7409276960568,745.7369289699346,0.02891700000873243,1,98.5911892058303,488.884823924629,98.5911892058303,1,0,189.18790688726585,30.924141750782802,15.46207087539141,15.46207087539141,189.18790688726585,1
81,neural_safe_projection,231.96445275166533,-1040.561811461738,-298.1807093737308,-1614.5319587371246,-396.62441443583464,-1441.809370055488,1037.7409276960568,745.7369289699346,0.02891700000873243,1,98.5911892058303,488.884823924629,98.5911892058303,1,0,189.18790688726585,30.924141750782802,15.46207087539141,15.46207087539141,189.18790688726585,1
81,analytic_far_range,231.96445275166533,-1040.561811461738,-298.1807093737308,-1614.5319587371246,-118.61234683305682,-1977.0957978140398,1037.7409276960568,999.9999999999999,0.0,1,87.10355766313127,533.3634245341673,87.10355766313127,1,0,415.0799087145133,37.03768197770143,18.51884098885072,18.51884098885072,415.0799087145133,1
81,fixed_750_375,231.96445275166533,-1040.561811461738,-298.1807093737308,-1614.5319587371246,-7.275716919075279,-1844.2340961748014,1037.7409276960568,838.5254915624212,0.0,1,63.238847751047224,579.8531624889001,63.238847751047224,1,0,363.89090087264776,31.845408357161183,15.92270417858062,15.92270417858062,363.89090087264776,1
81,perpendicular_500,231.96445275166533,-1040.561811461738,-298.1807093737308,-1614.5319587371246,596.792292686435,-1382.469177876283,1037.7409276960568,499.9999999999999,0.0,0,137.24283807885908,2419.0370891164057,980.5401955252466,1,0,1849.8255783920176,115.39903437749813,57.6995171887491,57.6995171887491,1849.8255783920176,1
82,mechanistic_minimax,-417.3202587327646,1417.4849538467374,-543.1242328503855,235.468988180785,43.023740645676185,529.7443373233353,1357.6554576861379,999.9999999945439,503.3133750000047,1,111.6803168526966,2167.4264895958113,111.6803168526966,1,0,1106.91203335693,67.37495242369437,33.68747621184719,33.68747621184719,1106.91203335693,1
82,repository_neural,-417.3202587327646,1417.4849538467374,-543.1242328503855,235.468988180785,-781.1768261155771,479.7842092178312,1357.6554576861379,1005.8202066498806,0.02824999999972988,0,133.68392930812166,1915.627802680072,1500.2444410942826,1,0,671.4938834886416,65.9561073814808,32.9780536907404,32.9780536907404,671.4938834886416,1
82,neural_safe_projection,-417.3202587327646,1417.4849538467374,-543.1242328503855,235.468988180785,-775.1982846735925,483.7166106541144,1357.6554576861379,1000.0000001,0.02824999999972988,1,136.4529889988198,1953.6307464199708,136.4529889988198,1,0,681.6076658748207,67.32431179825231,33.66215589912619,33.66215589912619,681.6076658748207,1
82,analytic_far_range,-417.3202587327646,1417.4849538467374,-543.1242328503855,235.468988180785,-124.4616863161819,461.32918381649733,1357.6554576861379,1000.0000000000001,0.0,1,117.93506511315958,1922.610635629011,117.93506511315958,1,0,811.8636212496494,63.180336868432654,31.59016843421636,31.59016843421636,811.8636212496494,1
82,fixed_750_375,-417.3202587327646,1417.4849538467374,-543.1242328503855,235.468988180785,-117.16996622868635,634.5195638647049,1357.6554576861379,838.5254915624212,0.0,1,153.26014197880863,2754.049142437838,153.26014197880863,1,0,1254.7188485019142,88.17557957532539,44.08778978766269,44.08778978766269,1254.7188485019142,1
82,perpendicular_500,-417.3202587327646,1417.4849538467374,-543.1242328503855,235.468988180785,80.30136059207359,1368.7743391870372,1357.6554576861379,500.0,0.0,0,249.6226690547053,6029.47752402717,1500.2444410942826,1,0,4745.243019535235,217.08479457956307,108.54239728978153,108.54239728978153,4745.243019535235,1
83,mechanistic_minimax,686.9761420450757,-685.8819968034553,201.1883701826347,-686.5388657660606,-141.608043584523,-1245.7464869380078,1401.9249430053592,999.9999999945438,499.3560420000023,1,111.64137697233545,2166.3833526778035,111.64137697233545,1,0,457.59312127821613,41.60645450954813,20.803227254774065,20.803227254774065,457.59312127821613,1
83,repository_neural,686.9761420450757,-685.8819968034553,201.1883701826347,-686.5388657660606,-281.2157524861743,-432.2134177018928,1401.9249430053592,1000.8712667768102,0.025500000006672963,0,134.98128025408505,1945.000601310283,1500.9572808101434,1,0,662.7219843542553,71.42812478878763,35.714062394393814,35.714062394393814,662.7219843542553,1
83,neural_safe_projection,686.9761420450757,-685.8819968034553,201.1883701826347,-686.5388657660606,-280.5337125700743,-433.04868922201484,1401.9249430053592,1000.0000001,0.025500000006672963,1,135.39503433271128,1950.5064561851323,135.39503433271128,1,0,662.4360627338174,71.46450748009893,35.73225374004948,35.73225374004948,662.4360627338174,1
83,analytic_far_range,686.9761420450757,-685.8819968034553,201.1883701826347,-686.5388657660606,-228.9227663653321,-1087.2910021491543,1401.9249430053592,1000.0,0.0,1,117.88637408878684,1921.4771628971212,117.88637408878684,1,0,521.2137849494466,52.67065933209843,26.335329666049216,26.335329666049216,521.2137849494466,1
83,fixed_750_375,686.9761420450757,-685.8819968034553,201.1883701826347,-686.5388657660606,-56.050309874455934,-1074.5163902220925,1401.9249430053592,838.5254915624212,0.0,1,153.20291888940173,2752.567816746887,153.20291888940173,1,0,331.9390309335431,35.735060380147985,17.867530190074024,17.867530190074024,331.9390309335431,1
83,perpendicular_500,686.9761420450757,-685.8819968034553,201.1883701826347,-686.5388657660606,696.1074313564737,-1185.7986094055086,1401.9249430053592,499.9999999999999,0.0,0,249.77283319217835,5983.042508526472,1500.9572808101434,1,0,541.8005143948249,51.1922540518244,25.596127025912214,25.596127025912242,541.8005143948249,1
84,mechanistic_minimax,482.80108941565106,-213.11830180924693,1185.823628064623,142.39295413736036,1021.5220634054477,629.3659485929768,1118.136322451511,999.999999996156,590.3575419999925,1,96.90907133118407,1708.048327631317,96.90907133118407,1,0,494.9636930183624,35.228062576237456,17.61403128811875,17.61403128811875,494.9636930183624,1
84,repository_neural,482.80108941565106,-213.11830180924693,1185.823628064623,142.39295413736036,1443.9882842398697,-3.9312290553406797,1118.136322451511,983.6869699764242,0.02920900000447091,1,123.60571078424749,1592.4639889514074,123.60571078424749,1,0,353.1402883075061,41.40018195543366,20.700090977716936,20.700090977716936,353.1402883075061,1
84,neural_safe_projection,482.80108941565106,-213.11830180924693,1185.823628064623,142.39295413736036,1443.9882842398697,-3.9312290553406797,1118.136322451511,983.6869699764242,0.02920900000447091,1,123.60571078424749,1592.4639889514074,123.60571078424749,1,0,353.1402883075061,41.40018195543366,20.700090977716936,20.700090977716936,353.1402883075061,1
84,analytic_far_range,482.80108941565106,-213.11830180924693,1185.823628064623,142.39295413736036,1125.277759421719,553.1869431799244,1118.136322451511,1000.0,0.0,1,99.87100237401013,1530.4226245551836,99.87100237401013,1,0,413.59553639404476,36.71453899853018,18.357269499265115,18.357269499265115,413.59553639404476,1
84,fixed_750_375,482.80108941565106,-213.11830180924693,1185.823628064623,142.39295413736036,976.0476165367365,464.9914706339676,1118.136322451511,838.525491562421,0.0,1,131.78810448927686,2254.2502292844,131.78810448927686,1,0,367.29871907184133,32.21681763284884,16.108408816424518,16.108408816424518,367.29871907184133,1
84,perpendicular_500,482.80108941565106,-213.11830180924693,1185.823628064623,142.39295413736036,252.6749513448928,230.77578530685594,1118.136322451511,500.0,0.0,0,249.43390239650685,6020.570137749193,1428.675517876244,1,0,1761.280013196927,111.67031712219614,55.83515856109807,55.83515856109806,1761.280013196927,1
85,mechanistic_minimax,-1133.2917354567173,501.6463055684959,-552.7382888635625,1565.3476866232133,-273.58051825600285,1012.4267114295446,1442.561279638766,999.9999999961558,581.3390409999926,1,94.83307336523089,1658.8012009214144,94.83307336523089,1,0,1051.7925217926968,67.4707446010858,33.735372300542906,33.735372300542906,1051.7925217926968,1
85,repository_neural,-1133.2917354567173,501.6463055684959,-552.7382888635625,1565.3476866232133,-450.9435298903111,1196.9612469747458,1442.561279638766,974.1981017136459,0.028083000003675807,1,122.03598653640722,1538.3605278907344,122.03598653640722,1,0,741.3847282780334,72.60317223267009,36.301586116335045,36.301586116335045,741.3847282780334,1
85,neural_safe_projection,-1133.2917354567173,501.6463055684959,-552.7382888635625,1565.3476866232133,-450.9435298903111,1196.9612469747458,1442.561279638766,974.1981017136459,0.028083000003675807,1,122.03598653640722,1538.3605278907344,122.03598653640722,1,0,741.3847282780334,72.60317223267009,36.301586116335045,36.301586116335045,741.3847282780334,1
85,analytic_far_range,-1133.2917354567173,501.6463055684959,-552.7382888635625,1565.3476866232133,-1017.2396943932395,1494.8894398337175,1442.561279638766,1000.0,0.0,1,107.19694336016754,1678.9008574143518,107.19694336016754,1,0,934.2910954731051,70.25584101323845,35.127920506619326,35.127920506619326,934.2910954731051,1
85,fixed_750_375,-1133.2917354567173,501.6463055684959,-552.7382888635625,1565.3476866232133,-1093.5122280823784,1339.2276991017184,1442.561279638766,838.5254915624212,0.0,1,140.55934441807207,2447.725707435515,140.55934441807207,1,0,1517.8652600746136,100.98292265007647,50.49146132503828,50.49146132503828,1517.8652600746136,1
85,perpendicular_500,-1133.2917354567173,501.6463055684959,-552.7382888635625,1565.3476866232133,-1569.3939433746123,746.217081110336,1442.561279638766,500.0,0.0,0,249.36370876151682,6018.579078304814,1451.985010810552,1,0,5818.120363343274,248.91598224687405,124.45799112343703,124.45799112343724,5818.120363343041,1
86,mechanistic_minimax,128.14220066081296,351.9142289488013,199.52711204800374,-495.3205341398899,-353.5091860650301,-524.4486762760605,1061.072282144031,999.9999999945439,494.4703329999953,1,111.64860895788057,2166.577073221095,111.64860895788057,1,0,568.2635353074293,35.91838665839437,17.9591933291972,17.9591933291972,568.2635353074293,1
86,repository_neural,128.14220066081296,351.9142289488013,199.52711204800374,-495.3205341398899,-73.61155300129641,-636.4844526918237,1061.072282144031,1008.7797237185513,0.028708999991522433,0,132.23564555294334,1896.1046382621862,1501.3370980721184,1,0,335.2079997494584,38.12481008837902,19.062405044189518,19.062405044189518,335.2079997494584,1
86,neural_safe_projection,128.14220066081296,351.9142289488013,199.52711204800374,-495.3205341398899,-65.73686721397166,-629.1112076429339,1061.072282144031,1000.0000001,0.028708999991522433,1,136.3636631612594,1952.227086420171,136.3636631612594,1,0,322.2214740522322,37.64032433650984,18.82016216825493,18.82016216825493,322.2214740522322,1
86,analytic_far_range,128.14220066081296,351.9142289488013,199.52711204800374,-495.3205341398899,579.4333444538611,-540.4625432354385,1061.072282144031,1000.0000000000002,0.0,1,118.19270600168403,1928.6120303428033,118.19270600168403,1,0,412.31538804457523,35.61969370531041,17.809846852655205,17.809846852655205,412.31538804457523,1
86,fixed_750_375,128.14220066081296,351.9142289488013,199.52711204800374,-495.3205341398899,557.1478751137035,-368.5572356403388,1061.072282144031,838.5254915624212,0.0,1,153.56287687524357,2761.8903484569164,153.56287687524357,1,0,414.89941946521867,36.804249896912545,18.40212494845629,18.40212494845629,414.89941946521867,1
86,perpendicular_500,128.14220066081296,351.9142289488013,199.52711204800374,-495.3205341398899,626.7951616291251,388.5915314332389,1061.072282144031,500.0,0.0,0,249.33550633847815,5969.357313237619,1501.3370980721184,1,0,2003.0407309287693,121.7174049389716,60.8587024694858,60.8587024694858,2003.0407309287693,1
87,mechanistic_minimax,-1132.546964353479,287.397262480096,-940.059527824959,1014.940948344794,-429.49731405187947,998.5380285757476,1170.9007629557566,999.9999999961558,579.1702079999936,1,90.50535866259789,1536.0929581737146,90.50535866259789,1,0,471.799467402976,36.09820778959451,18.049103894797284,18.049103894797284,471.799467402976,1
87,repository_neural,-1132.546964353479,287.397262480096,-940.059527824959,1014.940948344794,-636.0428139628541,1121.681198026971,1170.9007629557566,970.8481119447566,0.028666999995152764,1,122.2843883478092,1416.1024262877181,122.2843883478092,1,0,354.4624578678049,41.876923280743696,20.93846164037188,20.93846164037188,354.4624578678049,1
87,neural_safe_projection,-1132.546964353479,287.397262480096,-940.059527824959,1014.940948344794,-636.0428139628541,1121.681198026971,1170.9007629557566,970.8481119447566,0.028666999995152764,1,122.2843883478092,1416.1024262877181,122.2843883478092,1,0,354.4624578678049,41.876923280743696,20.93846164037188,20.93846164037188,354.4624578678049,1
87,analytic_far_range,-1132.546964353479,287.397262480096,-940.059527824959,1014.940948344794,-1253.5097704167551,1280.0543027257684,1170.9007629557566,1000.0,0.0,1,100.48056051929287,1531.4360815305263,100.48056051929287,1,0,421.32994300383143,38.0782227465045,19.03911137325228,19.03911137325228,421.32994300383143,1
87,fixed_750_375,-1132.546964353479,287.397262480096,-940.059527824959,1014.940948344794,-1291.005679439816,1110.8144323358058,1170.9007629557566,838.5254915624209,0.0,1,132.52165331535173,2234.763856562786,132.52165331535173,1,0,347.0591157695744,29.851277807162553,14.925638903581289,14.925638903581289,347.0591157695744,1
87,perpendicular_500,-1132.546964353479,287.397262480096,-940.059527824959,1014.940948344794,-1613.958445632881,422.4638597289056,1170.9007629557566,500.00000000000006,0.0,0,249.71783314145856,6027.618835091591,1420.2785885404096,1,0,1737.0496223389637,110.63947131711903,55.31973565855954,55.31973565855934,1737.0496223389637,1
88,mechanistic_minimax,326.2377827059378,-395.5895161573014,-110.7640909331669,-1258.5401911860727,422.75628803837753,-1390.9207063234087,1188.0602316563602,999.9999999945438,517.1656670000004,1,111.64601853173721,2166.5076831448823,111.64601853173721,1,0,668.7797277915524,43.31140607724974,21.65570303862487,21.65570303862487,668.7797277915524,1
88,repository_neural,326.2377827059378,-395.5895161573014,-110.7640909331669,-1258.5401911860727,-356.372996102656,-1134.8340840283952,1188.0602316563602,1006.2007784098535,0.02941700000747005,0,135.12734807781686,1922.0536936637945,1500.6326039740122,1,0,313.65146636753343,35.2168150108861,17.608407505443125,17.608407505443125,313.65146636753343,1
88,neural_safe_projection,326.2377827059378,-395.5895161573014,-110.7640909331669,-1258.5401911860727,-348.97385173444724,-1133.2135727852992,1188.0602316563602,1000.0000001,0.02941700000747005,1,138.15402955626996,1963.825761422515,138.15402955626996,1,0,306.82316454837564,35.317368315228904,17.65868415761453,17.65868415761453,306.82316454837564,1
88,analytic_far_range,326.2377827059378,-395.5895161573014,-110.7640909331669,-1258.5401911860727,241.83976192014762,-1392.0216383249087,1188.0602316563602,1000.0000000000001,0.0,1,117.89217792499856,1921.6122568661813,117.89217792499856,1,0,455.4219788890332,37.62042504820384,18.810212524101924,18.810212524101924,455.4219788890332,1
88,fixed_750_375,326.2377827059378,-395.5895161573014,-110.7640909331669,-1258.5401911860727,313.1220608274945,-1234.0124272466915,1188.0602316563602,838.525491562421,0.0,1,153.20973991525935,2752.7443763320334,153.20973991525935,1,0,585.8071872791625,49.82524796166883,24.912623980834415,24.912623980834415,585.8071872791625,1
88,perpendicular_500,326.2377827059378,-395.5895161573014,-110.7640909331669,-1258.5401911860727,769.8991427860276,-626.1640107829752,1188.0602316563602,500.0,0.0,0,249.84599452979032,5957.876494671218,1500.6326039740122,1,0,2657.6131734580267,147.12369189036625,73.56184594518312,73.56184594518336,2657.613173458143,1
89,mechanistic_minimax,-110.64073789546538,415.6222111417287,-212.1752163873642,493.1001662771235,-1104.0642008745601,530.1203473489841,1043.2986031531327,999.9999999961561,568.4215830000028,1,100.32811480976665,1813.2782547948882,100.32811480976665,1,0,267.6369240717031,59.41150228770836,29.705751143854194,29.705751143854194,267.6369240717031,1
89,repository_neural,-110.64073789546538,415.6222111417287,-212.1752163873642,493.1001662771235,-703.9846099657778,1196.5700871182912,1043.2986031531327,980.783633384905,0.04774999999312968,1,126.22629674922742,1702.483426278457,126.22629674922742,1,0,327.824311134289,119.17786237190083,59.58893118595044,59.58893118595044,327.824311134289,1
89,neural_safe_projection,-110.64073789546538,415.6222111417287,-212.1752163873642,493.1001662771235,-703.9846099657778,1196.5700871182912,1043.2986031531327,980.783633384905,0.04774999999312968,1,126.22629674922742,1702.483426278457,126.22629674922742,1,0,327.824311134289,119.17786237190083,59.58893118595044,59.58893118595044,327.824311134289,1
89,analytic_far_range,-110.64073789546538,415.6222111417287,-212.1752163873642,493.1001662771235,-1076.7703789918894,673.6794075050442,1043.2986031531327,1000.0,0.0,1,103.96740896297311,1607.0853700544685,103.96740896297311,1,0,357.9920146037184,78.06838055956389,39.03419027978196,39.03419027978196,357.9920146037184,1
89,fixed_750_375,-110.64073789546538,415.6222111417287,-212.1752163873642,493.1001662771235,-933.7332566797807,575.7587326516316,1043.2986031531327,838.5254915624212,0.0,1,136.70441346102385,2336.6001216433942,136.70441346102385,1,0,238.59714422543766,55.50944407527571,27.75472203763787,27.75472203763787,238.59714422543766,1
89,perpendicular_500,-110.64073789546538,415.6222111417287,-212.1752163873642,493.1001662771235,-415.53822104323103,19.342606859401315,1043.2986031531327,500.00000000000006,0.0,0,249.5392937325456,5975.036663221195,1443.454122282267,1,0,88.36271020691493,20.561364184333407,10.280682092166712,10.280682092166854,88.36271020691493,1
90,mechanistic_minimax,426.66746259964975,82.18821894380501,1452.8196546807756,670.5076202131044,944.9251445915147,937.412736277547,1460.615880993858,999.9999999961565,794.0680419999921,1,90.94282637997262,1531.3209915859625,90.94282637997262,1,0,993.0555455621798,65.49231619493578,32.74615809746789,32.74615809746789,993.0555455621798,1
90,repository_neural,426.66746259964975,82.18821894380501,1452.8196546807756,670.5076202131044,1357.143841994181,325.0807512924378,1460.615880993858,961.6564224721255,0.03720799999484825,1,120.62526312261684,1479.2765983850695,120.62526312261684,1,0,723.5676346661057,71.79613560979267,35.898067804896336,35.898067804896336,723.5676346661057,1
90,neural_safe_projection,426.66746259964975,82.18821894380501,1452.8196546807756,670.5076202131044,1357.143841994181,325.0807512924378,1460.615880993858,961.6564224721255,0.03720799999484825,1,120.62526312261684,1479.2765983850695,120.62526312261684,1,0,723.5676346661057,71.79613560979267,35.898067804896336,35.898067804896336,723.5676346661057,1
90,analytic_far_range,426.66746259964975,82.18821894380501,1452.8196546807756,670.5076202131044,1036.7516112023313,874.5248466619367,1460.615880993858,1000.0,0.0,1,92.87592439469582,1371.8392618768848,92.87592439469582,1,0,817.3721344731748,63.50856353354423,31.75428176677223,31.75428176677223,817.3721344731748,1
90,fixed_750_375,426.66746259964975,82.18821894380501,1452.8196546807756,670.5076202131044,891.3145891585391,780.2054449350891,1460.615880993858,838.525491562421,0.0,1,123.3156993987653,2039.8286536340602,123.3156993987653,1,0,1288.1075530315284,89.84921448475248,44.924607242376354,44.924607242376354,1288.1075530315284,1
90,perpendicular_500,426.66746259964975,82.18821894380501,1452.8196546807756,670.5076202131044,178.2975091533354,516.1379467062218,1460.615880993858,500.0,0.0,0,242.4960564147727,5745.434435054194,1386.463014298056,1,0,5002.62880561105,224.91971196032063,112.45985598016043,112.45985598016043,5002.62880561105,1
91,mechanistic_minimax,382.36570588339896,988.660007077798,-308.99811925329686,426.55150981676786,90.61660630407493,32.16512320034553,1319.4228261963653,999.9999999945438,650.446040999995,1,111.64605877611422,2166.508760761848,111.64605877611422,1,0,596.3271404683765,38.17043847087867,19.085219235439368,19.085219235439368,596.3271404683765,1
91,repository_neural,382.36570588339896,988.660007077798,-308.99811925329686,426.55150981676786,-534.095964038476,573.7644687477199,1319.4228261963653,1006.002137255283,0.04829200000244782,0,133.49547145515032,1915.5605988398456,1500.6315192112506,1,0,320.5152241256437,36.68524096181789,18.34262048090897,18.34262048090897,320.5152241256437,1
91,neural_safe_projection,382.36570588339896,988.660007077798,-308.99811925329686,426.55150981676786,-526.8496179475699,572.3338187219051,1319.4228261963653,1000.0000001,0.04829200000244782,1,136.34057764179235,1954.853582449461,136.34057764179235,1,0,311.82788908976363,36.35204536769285,18.176022683846455,18.176022683846455,311.82788908976363,1
91,analytic_far_range,382.36570588339896,988.660007077798,-308.99811925329686,426.55150981676786,-76.9480791920638,100.38592390321185,1319.4228261963653,1000.0,0.0,1,117.8922282394835,1921.613428040815,117.8922282394835,1,0,420.99945578561164,35.00880252946883,17.504401264734444,17.504401264734444,420.99945578561164,1
91,fixed_750_375,382.36570588339896,988.660007077798,-308.99811925329686,426.55150981676786,49.37864047457447,219.08569989855016,1319.4228261963653,838.5254915624212,0.0,1,153.20979903503908,2752.745906791126,153.20979903503908,1,0,458.7489138036326,40.48143055195135,20.240715275975674,20.240715275975674,458.7489138036326,1
91,perpendicular_500,382.36570588339896,988.660007077798,-308.99811925329686,426.55150981676786,704.0087856033113,605.8470902786255,1319.4228261963653,500.00000000000006,0.0,0,249.84541967827727,5957.366749525623,1500.6315192112506,1,0,2136.141328863363,127.07979715412783,63.539898577063916,63.539898577064044,2136.141328863392,1
92,mechanistic_minimax,372.56268037203785,-263.0919174352775,280.522452153166,-319.5034135959145,-626.99848289231,-233.46961363034967,1082.0895184431686,999.9999999945439,646.4372079999947,1,111.72900156655612,2168.7309239485767,111.72900156655612,1,0,213.71035036203102,57.913596110935366,28.956798055467708,28.956798055467708,213.71035036203102,1
92,repository_neural,372.56268037203785,-263.0919174352775,280.522452153166,-319.5034135959145,-598.3540676748371,-534.8836959997307,1082.0895184431686,1008.2410934558994,0.03537499999595184,0,132.83181671340265,1903.6521682883613,1501.808994705588,1,0,438.6139369616285,114.65611084271724,57.328055421358634,57.328055421358634,438.6139369616285,1
92,neural_safe_projection,372.56268037203785,-263.0919174352775,280.522452153166,-319.5034135959145,-588.8259528768671,-538.286205275346,1082.0895184431686,1000.0000000999999,0.03537499999595184,1,136.7337477993782,1957.023629824631,136.7337477993782,1,0,443.39994917510194,115.95660138156221,57.97830069078112,57.97830069078112,443.39994917510194,1
92,analytic_far_range,372.56268037203785,-263.0919174352775,280.522452153166,-319.5034135959145,-216.31797595272946,-1071.3119200376082,1082.0895184431686,1000.0,0.0,1,118.13464722518363,1949.3014366761781,118.13464722518363,1,0,246.66710829013027,82.89245610492267,41.44622805246135,41.44622805246135,246.66710829013027,1
92,fixed_750_375,372.56268037203785,-263.0919174352775,280.522452153166,-319.5034135959145,-73.43056082643108,-973.172919015579,1082.0895184431686,838.525491562421,0.0,1,153.49466387654655,2808.004169975873,153.49466387654655,1,0,179.6830724577012,58.66432742647319,29.33216371323662,29.33216371323662,179.6830724577012,1
92,perpendicular_500,372.56268037203785,-263.0919174352775,280.522452153166,-319.5034135959145,632.3410168952737,-690.3099131625413,1082.0895184431686,500.0,0.0,0,249.32055869974525,5968.040140100988,1501.808994705588,1,0,66.78590585419443,19.350704178291192,9.675352089145612,9.67535208914554,66.78590585419443,1
93,mechanistic_minimax,-103.14081777936192,-253.39301134320098,-333.436391113579,296.6871493710849,-936.4708832229651,299.3827135370145,1352.3364677724758,999.9999999945438,513.3696660000027,1,111.64142586516408,2166.3846614956856,111.64142586516408,1,0,473.9912613880588,38.218212395480364,19.109106197740207,19.109106197740207,473.9912613880588,1
93,repository_neural,-103.14081777936192,-253.39301134320098,-333.436391113579,296.6871493710849,-239.11614431744786,746.5665833833615,1352.3364677724758,1009.1622666909669,0.030208999987735297,0,132.53036222149697,1898.9448222112842,1500.8623422524513,1,0,578.7786263054877,60.44467647742771,30.222338238713856,30.222338238713856,578.7786263054877,1
93,neural_safe_projection,-103.14081777936192,-253.39301134320098,-333.436391113579,296.6871493710849,-244.30986786249602,736.5924933479664,1352.3364677724758,1000.0000001,0.030208999987735297,1,136.85819956520086,1958.3745102924295,136.85819956520086,1,0,570.799987986742,60.46787089006477,30.23393544503242,30.23393544503242,570.799987986742,1
93,analytic_far_range,-103.14081777936192,-253.39301134320098,-333.436391113579,296.6871493710849,-823.2345110008791,440.4838314629236,1352.3364677724758,1000.0,0.0,1,117.88643518746957,1921.4785852546338,117.88643518746957,1,0,480.2003709996061,45.66452329255929,22.83226164627967,22.83226164627967,480.2003709996061,1
93,fixed_750_375,-103.14081777936192,-253.39301134320098,-333.436391113579,296.6871493710849,-745.5582443861767,285.5177883183734,1352.3364677724758,838.525491562421,0.0,1,153.20299074009694,2752.56967525091,153.20299074009694,1,0,318.22177025923156,31.617304366432027,15.80865218321604,15.80865218321604,318.22177025923156,1
93,perpendicular_500,-103.14081777936192,-253.39301134320098,-333.436391113579,296.6871493710849,-561.8712246940189,-452.3060922904158,1352.3364677724758,500.00000000000006,0.0,0,249.81133243767184,5984.377543882234,1500.8623422524513,1,0,830.9254950534669,67.70244559104502,33.85122279552251,33.85122279552257,830.925495053496,1
94,mechanistic_minimax,-643.9063704696307,895.4883007708787,-892.5762189950883,-179.37907591345962,-1374.4128225468444,212.582506782682,1354.741022854269,999.9999999945439,843.4472910000039,1,111.75930752779567,2169.7470273780636,111.75930752779567,1,0,873.0456476425752,55.43153941135412,27.71576970567706,27.71576970567706,873.0456476425752,1
94,repository_neural,-643.9063704696307,895.4883007708787,-892.5762189950883,-179.37907591345962,-1140.1323836532245,23.81044432556621,1354.741022854269,1003.0266903613178,0.13987500000212094,0,134.24484164500475,1933.016499411082,1501.8089947055882,1,0,439.0138722169213,47.98336771771704,23.99168385885852,23.99168385885852,439.0138722169213,1
94,neural_safe_projection,-643.9063704696307,895.4883007708787,-892.5762189950883,-179.37907591345962,-1136.7304495793362,25.359329152492393,1354.741022854269,1000.0000001,0.13987500000212094,1,135.67902050446745,1953.0483577486593,135.67902050446745,1,0,438.51516015577363,48.267895486448985,24.133947743224493,24.133947743224493,438.51516015577363,1
94,analytic_far_range,-643.9063704696307,895.4883007708787,-892.5762189950883,-179.37907591345962,-492.80088621756045,-93.02934329469247,1354.741022854269,999.9999999999999,0.0,1,118.0846151101231,1944.7580747450702,118.0846151101231,1,0,657.1163557366235,53.45293574389415,26.726467871947126,26.726467871947126,657.1163557366235,1
94,fixed_750_375,-643.9063704696307,895.4883007708787,-892.5762189950883,-179.37907591345962,-460.4709570626736,77.27289569210677,1354.741022854269,838.5254915624212,0.0,1,153.4358777573227,2808.966633346863,153.4358777573227,1,0,1043.526572296687,77.19342955726393,38.59671477863196,38.59671477863196,1043.526572296687,1
94,perpendicular_500,-643.9063704696307,895.4883007708787,-892.5762189950883,-179.37907591345962,-158.60871085243048,775.1297465669167,1354.741022854269,500.0,0.0,0,249.33834744164912,5968.520054423134,1501.8089947055882,1,0,4741.273136474891,216.9628733590407,108.48143667952036,108.48143667952016,4741.273136474832,1
95,mechanistic_minimax,532.4476888746547,-951.3328315324585,-731.5561527131183,-1465.0196231654966,-450.210344028671,-765.9057829131848,1475.651736150332,999.9999999945439,554.9873340000033,1,111.66901407382149,2167.123689070344,111.66901407382149,1,0,1716.9172130138613,94.17687919335795,47.08843959667906,47.08843959667906,1716.9172130138613,1
95,repository_neural,532.4476888746547,-951.3328315324585,-731.5561527131183,-1465.0196231654966,-475.52679843003284,-1075.7314750261107,1475.651736150332,1015.6217748552895,0.033874999999738975,0,131.99154859121793,1865.19361992646,1500.3214295691994,1,0,1352.4614927815273,107.56985626766127,53.78492813383075,53.78492813383075,1352.4614927815273,1
95,neural_safe_projection,532.4476888746547,-951.3328315324585,-731.5561527131183,-1465.0196231654966,-458.6676771573117,-1084.3378367590337,1475.651736150332,1000.0000001,0.033874999999738975,1,139.53396064841817,1967.5085762189701,139.53396064841817,1,0,1443.4965132451616,114.90769419796432,57.45384709898228,57.45384709898228,1443.4965132451616,1
95,analytic_far_range,532.4476888746547,-951.3328315324585,-731.5561527131183,-1465.0196231654966,-175.4752018563289,-1657.622560170139,1475.651736150332,1000.0000000000002,0.0,1,117.95988564390578,1923.1885173963383,117.95988564390578,1,0,1510.9785048598424,99.5272426230606,49.76362131153036,49.76362131153036,1510.9785048598424,1
95,fixed_750_375,532.4476888746547,-951.3328315324585,-731.5561527131183,-1465.0196231654966,-19.009552680821116,-1583.0130597619209,1475.651736150332,838.5254915624212,0.0,1,153.2893105296258,2754.804326074198,153.2893105296258,1,0,2370.570805052761,138.08621219115315,69.04310609557663,69.04310609557663,2370.570805052761,1
95,perpendicular_500,532.4476888746547,-951.3328315324585,-731.5561527131183,-1465.0196231654966,722.288546182241,-1413.8914212232355,1475.651736150332,499.99999999999994,0.0,0,249.5587531960156,6011.755372646265,1500.3214295691994,1,0,4057.193625483662,152.3530797227211,76.17653986136055,117.58309061137716,6980.348790228367,1
96,mechanistic_minimax,-504.49012528136296,1096.8459478052316,-1486.3672155823008,791.4874962085352,-1136.9424735894681,322.2466790806536,1140.529767014945,999.9999999945439,508.5681249999965,1,63.43479205346295,1026.7627096753567,63.43479205346295,1,0,775.4788645356894,49.931764672067544,24.9658823360338,24.9658823360338,775.4788645356894,1
96,repository_neural,-504.49012528136296,1096.8459478052316,-1486.3672155823008,791.4874962085352,-1393.1448494024567,1051.8119931848703,1140.529767014945,889.7950751557833,0.03837500000258842,1,113.57562318382438,952.5606845268048,113.57562318382438,1,0,445.2896948675625,53.15456522076516,26.57728261038258,26.57728261038258,445.2896948675625,1
96,neural_safe_projection,-504.49012528136296,1096.8459478052316,-1486.3672155823008,791.4874962085352,-1393.1448494024567,1051.8119931848703,1140.529767014945,889.7950751557833,0.03837500000258842,1,113.57562318382438,952.5606845268048,113.57562318382438,1,0,445.2896948675625,53.15456522076516,26.57728261038258,26.57728261038258,445.2896948675625,1
96,analytic_far_range,-504.49012528136296,1096.8459478052316,-1486.3672155823008,791.4874962085352,-1266.157599206608,448.87784738335415,1140.529767014945,1000.0000000000001,0.0,1,87.10355763104559,748.1095566558652,87.10355763104559,1,0,522.7740256469697,43.71291219508386,21.85645609754202,21.85645609754202,522.7740256469697,1
96,fixed_750_375,-504.49012528136296,1096.8459478052316,-1486.3672155823008,791.4874962085352,-1104.2714870983345,510.85335568739697,1140.529767014945,838.5254915624212,0.0,1,80.34439006136886,1102.682115919888,80.34439006136886,1,0,735.2087595574558,59.51268262232338,29.75634131116169,29.75634131116169,735.2087595574558,1
96,perpendicular_500,-504.49012528136296,1096.8459478052316,-1486.3672155823008,791.4874962085352,-351.9024393030436,620.6978636047575,1140.529767014945,500.00000000000006,0.0,0,186.1082563021805,3875.8158622011542,1216.2552563468012,0,0,25060.759025589097,1216.2552563468012,608.1276281734007,608.1276281734007,25060.759025589097,1
97,mechanistic_minimax,832.7002051987396,-663.1124226428111,1441.40281321521,-420.76281945404514,1293.4806670606495,196.13513538199425,1187.1009322165444,975.0000000027006,536.0978329999995,1,51.86577393395065,865.8330321327085,51.86577393395065,1,0,510.01970412698574,34.405150731172256,17.20257536558618,17.20257536558618,510.01970412698574,1
97,repository_neural,832.7002051987396,-663.1124226428111,1441.40281321521,-420.76281945404514,1620.2506202378022,-559.0197026110728,1187.1009322165444,794.3997423160494,0.046707999999284766,1,105.28253332083037,571.3680363283493,105.28253332083037,1,0,209.73495988966897,32.11317328884659,16.056586644423305,16.056586644423305,209.73495988966897,1
97,neural_safe_projection,832.7002051987396,-663.1124226428111,1441.40281321521,-420.76281945404514,1620.2506202378022,-559.0197026110728,1187.1009322165444,794.3997423160494,0.046707999999284766,1,105.28253332083037,571.3680363283493,105.28253332083037,1,0,209.73495988966897,32.11317328884659,16.056586644423305,16.056586644423305,209.73495988966897,1
97,analytic_far_range,832.7002051987396,-663.1124226428111,1441.40281321521,-420.76281945404514,1546.9656669725914,36.76245911605474,1187.1009322165444,1000.0000000000001,0.0,1,87.10355766308025,533.4233534554951,87.10355766308025,1,0,456.48896415741183,42.593422105170916,21.29671105258548,21.29671105258548,456.48896415741183,1
97,fixed_750_375,832.7002051987396,-663.1124226428111,1441.40281321521,-420.76281945404514,1389.8333386965464,-36.43254299219154,1187.1009322165444,838.5254915624212,0.0,1,63.238847751203956,630.767734501278,63.238847751203956,1,0,318.44101864728145,30.205801090054134,15.102900545027104,15.102900545027104,318.44101864728145,1
97,perpendicular_500,832.7002051987396,-663.1124226428111,1441.40281321521,-420.76281945404514,647.0397716511576,-198.86011687048227,1187.1009322165444,500.00000000000006,0.0,0,143.38268732694848,2596.382099692477,1030.5277099650623,1,0,1065.7638947961386,79.849010656562,39.924505328281114,39.924505328281114,1065.7638947961386,1
98,mechanistic_minimax,-978.8147719166266,-368.6285307529903,-546.8839205448108,-1543.2683631944644,-199.518417553983,-995.2840917028675,1260.0321948123124,999.9999999961561,510.1052079999988,1,100.69477020776064,1831.4752254658379,100.69477020776064,1,0,1204.58640061412,73.90999788476864,36.954998942384435,36.954998942384435,1204.58640061412,1
98,repository_neural,-978.8147719166266,-368.6285307529903,-546.8839205448108,-1543.2683631944644,-891.4600966236578,-1360.5405180576777,1260.0321948123124,995.7510883018277,0.03104200000336732,1,131.8337703383241,1800.5889827981591,131.8337703383241,1,0,934.73026350094,84.50795744237311,42.253978721186556,42.253978721186556,934.73026350094,1
98,neural_safe_projection,-978.8147719166266,-368.6285307529903,-546.8839205448108,-1543.2683631944644,-891.4600966236578,-1360.5405180576777,1260.0321948123124,995.7510883018277,0.03104200000336732,1,131.8337703383241,1800.5889827981591,131.8337703383241,1,0,934.73026350094,84.50795744237311,42.253978721186556,42.253978721186556,934.73026350094,1
98,analytic_far_range,-978.8147719166266,-368.6285307529903,-546.8839205448108,-1543.2683631944644,-299.1678262082347,-1102.1679156460268,1260.0321948123124,1000.0000000000001,0.0,1,104.40927624232482,1619.0904327097815,104.40927624232482,1,0,980.0218336754479,72.79537096852863,36.39768548426442,36.39768548426442,980.0218336754479,1
98,fixed_750_375,-978.8147719166266,-368.6285307529903,-546.8839205448108,-1543.2683631944644,-367.944381666739,-943.0520385553347,1260.0321948123124,838.5254915624212,0.0,1,137.23290346160954,2400.5409390111454,137.23290346160954,1,0,1511.8690712738317,100.70010698604626,50.350053493023246,50.350053493023246,1511.8690712738317,1
98,perpendicular_500,-978.8147719166266,-368.6285307529903,-546.8839205448108,-1543.2683631944644,-509.55679702207283,-196.01059136700877,1260.0321948123124,500.00000000000006,0.0,0,249.31339961687004,5967.884728521109,1477.4426890284146,0,0,37098.41750947037,1477.4426890284146,738.7213445142073,738.7213445142073,37098.41750947037,1
99,mechanistic_minimax,588.4148741191293,-97.10349597237786,690.19217642241,117.77711594329801,455.88033128097436,894.0748910719367,1012.8849080023369,999.9999999945439,615.3324169999905,1,111.76822273442087,2173.1289900373667,111.76822273442087,1,0,354.73129917727783,51.668098534493275,25.834049267246638,25.834049267246638,354.73129917727783,1
99,repository_neural,588.4148741191293,-97.10349597237786,690.19217642241,117.77711594329801,1248.7953062480356,672.2276197502783,1012.8849080023369,1013.889876050564,0.02958299999988867,0,132.79638017598555,1879.6450072773732,1501.8089947055857,1,0,653.4492364377948,105.89906618805696,52.94953309402852,52.94953309402852,653.4492364377948,1
99,neural_safe_projection,588.4148741191293,-97.10349597237786,690.19217642241,117.77711594329801,1232.5307409509994,667.824442003108,1012.8849080023369,1000.0000001,0.02958299999988867,1,139.5323997327531,1972.5518322610296,139.5323997327531,1,0,661.3007345829392,107.73276966839111,53.866384834195564,53.866384834195564,661.3007345829392,1
99,analytic_far_range,588.4148741191293,-97.10349597237786,690.19217642241,117.77711594329801,636.6380516296194,901.7330898367284,1012.8849080023369,1000.0000000000002,0.0,1,118.04498731221963,1935.7052493607625,118.04498731221963,1,0,471.8314441892726,70.65080521051664,35.32540260525833,35.32540260525833,471.8314441892726,1
99,fixed_750_375,588.4148741191293,-97.10349597237786,690.19217642241,117.77711594329801,571.1302292014177,741.2438312435372,1012.8849080023369,838.5254915624212,0.0,1,153.38931413075014,2803.201435646508,153.38931413075014,1,0,313.91238599520875,49.19169290773269,24.595846453866343,24.595846453866343,313.91238599520875,1
99,perpendicular_500,588.4148741191293,-97.10349597237786,690.19217642241,117.77711594329801,136.68706095925148,117.23731399575337,1012.8849080023369,500.00000000000006,0.0,0,249.360544837961,5969.1813417887315,1501.8089947055857,1,0,181.25609232796705,26.946863662009726,13.473431831004902,13.473431831004902,181.25609232796705,1
100,mechanistic_minimax,-772.3134868029407,393.1233441042124,507.16615397303696,576.4006431054305,-10.244299804484172,1040.618945800934,1305.6222023124399,999.9999999945439,513.0422090000053,1,111.66346853787218,2166.9751281811623,111.66346853787218,1,0,1505.167793578934,85.37622152300762,42.68811076150383,42.68811076150383,1505.167793578934,1
100,repository_neural,-772.3134868029407,393.1233441042124,507.16615397303696,576.4006431054305,221.46623731815305,247.08180968038425,1305.6222023124399,1004.4532193442676,0.029374999996889528,0,134.15702173833125,1929.2292152699083,1501.7018833979828,1,0,962.0498319354374,84.57548350603658,42.28774175301829,42.28774175301829,962.0498319354374,1
100,neural_safe_projection,-772.3134868029407,393.1233441042124,507.16615397303696,576.4006431054305,217.5213520736151,250.90171443339594,1305.6222023124399,1000.0000001,0.029374999996889528,1,136.27101281291132,1959.3005368713057,136.27101281291132,1,0,974.2165234261192,85.89650331171443,42.94825165585721,42.94825165585721,974.2165234261192,1
100,analytic_far_range,-772.3134868029407,393.1233441042124,507.16615397303696,576.4006431054305,93.94821656540955,892.7138376860702,1305.6222023124399,1000.0,0.0,1,117.91399762095271,1922.1201792455977,117.91399762095271,1,0,1231.9187520655105,86.01747270384803,43.008736351924014,43.008736351924014,1231.9187520655105,1
100,fixed_750_375,-772.3134868029407,393.1233441042124,507.16615397303696,576.4006431054305,-76.4747826533702,861.0266437372097,1305.6222023124399,838.5254915624212,0.0,1,153.23538323795057,2753.408183746855,153.23538323795057,1,0,1982.4446121498477,121.87438667577518,60.93719333788761,60.93719333788761,1982.4446121498477,1
100,perpendicular_500,-772.3134868029407,393.1233441042124,507.16615397303696,576.4006431054305,-836.3049255006539,889.0115328861159,1305.6222023124399,499.99999999999994,0.0,0,249.55821776810245,5975.676979319425,1501.7018833979828,0,0,39309.65342592294,1501.7018833979828,750.8509416989914,750.8509416989914,39309.65342592294,1
101,mechanistic_minimax,-398.9469826688897,731.6553801736937,-455.554358268545,1152.0391870444198,177.82362753177568,1548.5615334215154,1455.2731513474355,1000.0000000027007,672.2635410000066,1,51.17603789738455,894.0176527081057,51.17603789738455,1,0,429.6088968301192,38.43364053082995,19.216820265414974,19.216820265414974,429.6088968301192,1
101,repository_neural,-398.9469826688897,731.6553801736937,-455.554358268545,1152.0391870444198,-294.2257225980889,1506.7160491190061,1455.2731513474355,782.103307023293,0.12758299999404699,1,102.3233245405578,503.86698897741735,102.3233245405578,1,0,379.6886530423071,51.879422414984184,25.939711207492202,25.939711207492202,379.6886530423071,1
101,neural_safe_projection,-398.9469826688897,731.6553801736937,-455.554358268545,1152.0391870444198,-294.2257225980889,1506.7160491190061,1455.2731513474355,782.103307023293,0.12758299999404699,1,102.3233245405578,503.86698897741735,102.3233245405578,1,0,379.6886530423071,51.879422414984184,25.939711207492202,25.939711207492202,379.6886530423071,1
101,analytic_far_range,-398.9469826688897,731.6553801736937,-455.554358268545,1152.0391870444198,-889.7920616311465,1602.9022501586228,1455.2731513474355,1000.0,0.0,1,87.10355761127222,533.5276495974977,87.10355761127222,1,0,534.0472620872315,58.480676849265876,29.240338424633034,29.240338424633034,534.0472620872315,1
101,fixed_750_375,-398.9469826688897,731.6553801736937,-455.554358268545,1152.0391870444198,-859.8220123768313,1432.1689110863408,1455.2731513474355,838.5254915624212,0.0,1,63.2388477128666,621.5551804504357,63.2388477128666,1,0,341.1489661412779,39.38142448137585,19.690712240687937,19.690712240687937,341.1489661412779,1
101,perpendicular_500,-398.9469826688897,731.6553801736937,-455.554358268545,1152.0391870444198,-895.4542070777525,672.6589725728309,1455.2731513474355,499.99999999999994,0.0,0,142.3098708456825,2537.625777336769,1002.7966114085759,1,0,441.12371161568444,44.894331567193525,22.44716578359677,22.44716578359677,441.12371161568444,1
102,mechanistic_minimax,856.7493998925245,-978.8158507954499,856.074807300195,213.86809528803136,310.8616557063848,-140.95752701006484,1343.3633316504497,999.9999999945437,592.4779999999998,1,111.67629909279908,2167.318853379693,111.67629909279908,1,0,1107.8629375114106,67.42090547661932,33.71045273830968,33.71045273830968,1107.8629375114106,1
102,repository_neural,856.7493998925245,-978.8158507954499,856.074807300195,213.86809528803136,1126.5411479393995,-13.061883510293683,1343.3633316504497,1002.7304287001602,0.029208000000835455,0,134.34067102138647,1931.8362841423368,1500.2691661513256,1,0,686.41498780041,66.91746945247819,33.45873472623913,33.45873472623913,686.41498780041,1
102,neural_safe_projection,856.7493998925245,-978.8158507954499,856.074807300195,213.86809528803136,1123.903970203559,-15.162160011293594,1343.3633316504497,1000.0000001,0.029208000000835455,1,135.63636107493554,1949.9208932593465,135.63636107493554,1,0,690.8881205501384,67.54033841791197,33.77016920895602,33.77016920895602,690.8881205501384,1
102,analytic_far_range,856.7493998925245,-978.8158507954499,856.074807300195,213.86809528803136,470.7593938529579,-56.31288861181815,1343.3633316504497,999.9999999999999,0.0,1,117.9300412669319,1922.4936747731408,117.9300412669319,1,0,820.2811796361348,63.6814856055132,31.84074280275664,31.84074280275664,820.2811796361348,1
102,fixed_750_375,856.7493998925245,-978.8158507954499,856.074807300195,213.86809528803136,480.6325893296006,-229.37529624027138,1343.3633316504497,838.5254915624212,0.0,1,153.25423792547826,2753.896293039201,153.25423792547826,1,0,1270.2206062290934,88.95454253328288,44.47727126664146,44.47727126664146,1270.2206062290934,1
102,perpendicular_500,856.7493998925245,-978.8158507954499,856.074807300195,213.86809528803136,356.7499546463162,-979.5606685476284,1343.3633316504497,500.0,0.0,0,249.63852585122595,6031.402569637634,1500.2691661513256,1,0,4586.090339038579,212.17033777025682,106.08516888512841,106.0851688851285,4586.090339038579,1
103,mechanistic_minimax,-1412.8439649652746,-402.38482019983076,-1042.088629752904,116.96611522570139,-480.411020649017,-41.04176389072967,1251.4230744058502,999.9999999945436,597.8427080000017,1,111.68896459000112,2167.658172738389,111.68896459000112,1,0,482.93990349792875,36.956493258032836,18.47824662901647,18.47824662901647,482.93990349792875,1
103,repository_neural,-1412.8439649652746,-402.38482019983076,-1042.088629752904,116.96611522570139,-625.8718580316809,223.72638585485674,1251.4230744058502,1005.6541848164085,0.033207999990736425,0,133.50528532915595,1916.5371800132561,1501.8089947055894,1,0,507.89876513637137,53.82647260411383,26.913236302056916,26.913236302056916,507.89876513637137,1
103,neural_safe_projection,-1412.8439649652746,-402.38482019983076,-1042.088629752904,116.96611522570139,-632.8225663209213,223.36802067019428,1251.4230744058502,1000.0000001,0.033207999990736425,1,136.1846329310766,1952.841385638807,136.1846329310766,1,0,501.4786755211535,53.72798117541746,26.863990587708777,26.863990587708777,501.4786755211535,1
103,analytic_far_range,-1412.8439649652746,-402.38482019983076,-1042.088629752904,116.96611522570139,-1184.5366899291073,571.2043067759997,1251.4230744058502,999.9999999999999,0.0,1,118.22911159897265,1950.8731974088587,118.22911159897265,1,0,468.31683904267265,44.090618876434384,22.045309438217206,22.045309438217206,468.31683904267265,1
103,fixed_750_375,-1412.8439649652746,-402.38482019983076,-1042.088629752904,116.96611522570139,-1278.0247518278557,425.23150381088317,1251.4230744058502,838.525491562421,0.0,1,153.6056474828476,2813.61759959301,153.6056474828476,1,0,317.3616684234876,30.710140222964885,15.355070111482442,15.355070111482442,317.3616684234876,1
103,perpendicular_500,-1412.8439649652746,-402.38482019983076,-1042.088629752904,116.96611522570139,-1818.2875476010104,-109.78355345701686,1251.4230744058502,500.00000000000006,0.0,0,249.30812338981485,5967.86769938888,1501.8089947055894,1,0,967.483728892199,74.8782253882138,37.439112694106946,37.4391126941068,967.483728892199,1
104,mechanistic_minimax,-1229.785989440993,-1096.3404433240646,90.00214017497129,-1457.7511873227602,-273.2700603704799,-804.6603490024596,1401.8366530525695,999.9999999945437,506.1719999999923,1,111.64244585415453,2166.411982978927,111.64244585415453,1,0,1909.0210289795068,101.82027845742032,50.91013922871024,50.91013922871024,1909.0210289795068,1
104,repository_neural,-1229.785989440993,-1096.3404433240646,90.00214017497129,-1457.7511873227602,-363.52109686286803,-1629.9576308240646,1401.8366530525695,1017.4291950346228,0.04895900001145037,0,130.42053389200737,1854.2367667144863,1500.7684139109492,1,0,1208.224263995391,98.7285224847384,49.36426124236923,49.36426124236923,1208.224263995391,1
104,neural_safe_projection,-1229.785989440993,-1096.3404433240646,90.00214017497129,-1457.7511873227602,-372.1501083694109,-1610.5978649511821,1401.8366530525695,1000.0000001,0.04895900001145037,1,138.65250941629387,1967.016061438364,138.65250941629387,1,0,1278.0537178124941,105.15667384550534,52.57833692275268,52.57833692275268,1278.0537178124941,1
104,analytic_far_range,-1229.785989440993,-1096.3404433240646,90.00214017497129,-1457.7511873227602,-236.37002926978926,-981.7772289962313,1401.8366530525695,999.9999999999999,0.0,1,117.8877106084461,1921.5082717241603,117.8877106084461,1,0,1668.8128751445329,106.77001111635239,53.385005558176196,53.385005558176196,1668.8128751445329,1
104,fixed_750_375,-1229.785989440993,-1096.3404433240646,90.00214017497129,-1457.7511873227602,-405.36474666284175,-943.1914490207115,1401.8366530525695,838.525491562421,0.0,1,153.20448963159228,2752.608474476612,153.20448963159228,1,0,2692.4855582249,150.87337130931496,75.43668565465755,75.43668565465755,2692.4855582249,1
104,perpendicular_500,-1229.785989440993,-1096.3404433240646,90.00214017497129,-1457.7511873227602,-1091.6197883286077,-615.8093820281565,1401.8366530525695,499.9999999999999,0.0,0,249.85318986893182,5985.832364302478,1500.7684139109492,0,0,39282.21246242453,1500.7684139109492,750.3873727709006,750.3873727709006,39282.21246242453,1
105,mechanistic_minimax,207.50636586509586,-1092.6062183972901,567.5631469999056,-1626.1250199099584,908.2579421601481,-1278.5423050355078,1352.773533047637,724.9999999960933,629.894292000003,1,37.09999404719997,466.3877164218575,37.09999404719997,1,0,405.9875646014698,32.45285915312009,16.226429576560168,16.226429576560168,405.9875646014698,1
105,repository_neural,207.50636586509586,-1092.6062183972901,567.5631469999056,-1626.1250199099584,397.5382567342365,-1633.9651661511964,1352.773533047637,573.7435227177015,0.032791999998948995,1,78.40047393852791,260.02749229222536,78.40047393852791,1,0,141.10426062904298,29.300015710328584,14.650007855164306,14.650007855164306,141.10426062904298,1
105,neural_safe_projection,207.50636586509586,-1092.6062183972901,567.5631469999056,-1626.1250199099584,397.5382567342365,-1633.9651661511964,1352.773533047637,573.7435227177015,0.032791999998948995,1,78.40047393852791,260.02749229222536,78.40047393852791,1,0,141.10426062904298,29.300015710328584,14.650007855164306,14.650007855164306,141.10426062904298,1
105,analytic_far_range,207.50636586509586,-1092.6062183972901,567.5631469999056,-1626.1250199099584,1034.189805306809,-1655.2735188091938,1352.773533047637,999.9999999999999,0.0,1,87.10355765804346,533.8866232403088,87.10355765804346,1,0,461.15927923982963,43.17883858237656,21.58941929118828,21.58941929118828,461.15927923982963,1
105,fixed_750_375,207.50636586509586,-1092.6062183972901,567.5631469999056,-1626.1250199099584,931.5204334987542,-1515.6057808894568,1352.773533047637,838.5254915624212,0.0,1,63.238847749841305,342.6220198564697,63.238847749841305,1,0,317.8520329706371,30.38460601470116,15.192303007350635,15.192303007350635,317.8520329706371,1
105,perpendicular_500,207.50636586509586,-1092.6062183972901,567.5631469999056,-1626.1250199099584,626.176550563227,-819.2652656572502,1352.773533047637,500.0,0.0,0,84.9679375824117,1178.1048279008828,726.0856144021384,1,0,1151.6945548509248,84.07849846788629,42.039249233943146,42.039249233943146,1151.6945548509248,1
106,mechanistic_minimax,1167.644953793386,1327.6758931099932,481.126693471257,286.479881778436,1174.0449133780996,327.6963730665068,1331.7034822939847,999.9999999945438,670.3673339999909,1,111.64185659005173,2166.3961991248216,111.64185659005173,1,0,1215.9643071549363,72.5376302629233,36.268815131461686,36.268815131461686,1215.9643071549363,1
106,repository_neural,1167.644953793386,1327.6758931099932,481.126693471257,286.479881778436,418.6885328949486,659.303761762337,1331.7034822939847,1003.8212123516847,0.0386660000089023,0,134.51423730214177,1930.777086287213,1501.024186046446,1,0,966.9377788389393,85.1125850700809,42.55629253504046,42.55629253504046,966.9377788389393,1
106,neural_safe_projection,1167.644953793386,1327.6758931099932,481.126693471257,286.479881778436,423.3693178141527,659.8033170240249,1331.7034822939847,1000.0000001,0.0386660000089023,1,136.33811214952195,1956.6050301774812,136.33811214952195,1,0,982.136915110139,86.53648850814515,43.26824425407258,43.26824425407258,982.136915110139,1
106,analytic_far_range,1167.644953793386,1327.6758931099932,481.126693471257,286.479881778436,993.7657400997491,342.908905927095,1331.7034822939847,999.9999999999999,0.0,1,117.88697378747356,1921.4911215824832,117.88697378747356,1,0,926.7867673016735,69.83420166698184,34.91710083349092,34.91710083349092,926.7867673016735,1
106,fixed_750_375,1167.644953793386,1327.6758931099932,481.126693471257,286.479881778436,1079.0017839063762,493.84893958043585,1331.7034822939847,838.525491562421,0.0,1,153.20362371648744,2752.5860587973584,153.20362371648744,1,0,1395.8937355217058,95.15140106293651,47.57570053146828,47.57570053146828,1395.8937355217058,1
106,perpendicular_500,1167.644953793386,1327.6758931099932,481.126693471257,286.479881778436,1588.7144837059473,1058.0456815623727,1331.7034822939847,499.9999999999999,0.0,0,249.74769671950853,5982.172608646273,1501.024186046446,0,0,39288.82295976352,1501.024186046446,750.512093023223,750.512093023223,39288.82295976352,1
107,mechanistic_minimax,-261.36592633704225,908.3077997699527,-1206.8192556174258,425.6601642496783,-1254.9932558617852,1021.0230605406927,1274.891823300321,999.9999999945439,521.0973750000107,1,111.6561943799565,2166.7802664426854,111.6561943799565,1,0,802.216337870108,51.4806821968953,25.740341098447676,25.740341098447676,802.216337870108,1
107,repository_neural,-261.36592633704225,908.3077997699527,-1206.8192556174258,425.6601642496783,-1262.7922569034486,712.5179438129214,1274.891823300321,1020.3863793913422,0.031500000005735274,0,129.8110371091095,1834.4248105264269,1501.5420047381997,1,0,374.4942426739726,41.88631659169483,20.943158295847415,20.943158295847415,374.4942426739726,1
107,neural_safe_projection,-261.36592633704225,908.3077997699527,-1206.8192556174258,425.6601642496783,-1240.050176298877,702.9370640829009,1274.891823300321,1000.0000000999999,0.031500000005735274,1,139.48330974167723,1965.9752906491049,139.48330974167723,1,0,364.45414786366746,43.20762550120608,21.60381275060304,21.60381275060304,364.45414786366746,1
107,analytic_far_range,-261.36592633704225,908.3077997699527,-1206.8192556174258,425.6601642496783,-915.4732525617744,151.9060508434104,1274.891823300321,1000.0,0.0,1,118.23970936957137,1929.7076003730763,118.23970936957137,1,0,575.4973019482568,47.75939308939372,23.879696544696962,23.879696544696962,575.4973019482568,1
107,fixed_750_375,-261.36592633704225,908.3077997699527,-1206.8192556174258,425.6601642496783,-764.9133002600465,237.81168328959143,1274.891823300321,838.5254915624212,0.0,1,153.6180977347978,2763.3214240726084,153.6180977347978,1,0,869.3845482580364,67.5057967371866,33.7528983685933,33.7528983685933,869.3845482580364,1
107,perpendicular_500,-261.36592633704225,908.3077997699527,-1206.8192556174258,425.6601642496783,-38.04729726031741,460.9502359495874,1274.891823300321,500.0,0.0,0,249.32182674562787,5968.721872826107,1501.5420047381997,1,0,4108.85193134367,197.08518708714962,98.54259354357481,98.54259354357481,4108.85193134367,1
108,mechanistic_minimax,1501.9818264307107,621.4619514438938,806.1463940281061,1478.5330476471956,585.0302422196482,1020.460437913623,1225.6514069491666,999.9999999961559,583.7902079999964,1,84.15945207461303,1337.0530103775673,84.15945207461303,1,0,742.5020605167374,53.56124651959458,26.780623259797405,26.780623259797405,742.5020605167374,1
108,repository_neural,1501.9818264307107,621.4619514438938,806.1463940281061,1478.5330476471956,1111.4208217920389,1498.4255744907687,1225.6514069491666,960.0016117131627,0.027500000001623448,1,126.45966940895083,1686.0065570794977,126.45966940895083,1,0,523.3045134334825,56.538295693633145,28.26914784681663,28.26914784681663,523.3045134334825,1
108,neural_safe_projection,1501.9818264307107,621.4619514438938,806.1463940281061,1478.5330476471956,1111.4208217920389,1498.4255744907687,1225.6514069491666,960.0016117131627,0.027500000001623448,1,126.45966940895083,1686.0065570794977,126.45966940895083,1,0,523.3045134334825,56.538295693633145,28.26914784681663,28.26914784681663,523.3045134334825,1
108,analytic_far_range,1501.9818264307107,621.4619514438938,806.1463940281061,1478.5330476471956,618.1812362557189,1089.3257316260492,1225.6514069491666,1000.0000000000001,0.0,1,87.10355759607991,1234.748974566348,87.10355759607991,1,0,628.7805605456233,51.53529823519011,25.767649117595056,25.767649117595056,628.7805605456233,1
108,fixed_750_375,1501.9818264307107,621.4619514438938,806.1463940281061,1478.5330476471956,735.6564992545837,961.8595027400244,1225.6514069491666,838.5254915624212,0.0,1,113.83149083840891,1844.702097395435,113.83149083840891,1,0,939.4863967401907,71.48657210013558,35.7432860500679,35.7432860500679,939.4863967401907,1
108,perpendicular_500,1501.9818264307107,621.4619514438938,806.1463940281061,1478.5330476471956,1116.0830451591405,303.5277906289275,1225.6514069491666,500.00000000000006,0.0,0,230.65849370904223,5423.323235376272,1426.292564652708,1,0,3915.169842706062,190.80071192801526,95.4003559640077,95.4003559640077,3915.169842706062,1
109,mechanistic_minimax,-535.4349920642725,-1705.7602248923276,-398.1964894319373,-519.4135987527565,109.08533134438449,-941.1730469313787,1430.0989379617472,999.9999999945438,496.21033399999703,1,111.65194663113242,2166.6664788395865,111.65194663113242,1,0,1131.8471591585549,68.57422813781481,34.28711406890741,34.28711406890741,1131.8471591585549,1
109,repository_neural,-535.4349920642725,-1705.7602248923276,-398.1964894319373,-519.4135987527565,-146.88146423224123,-779.4858718649839,1430.0989379617472,1004.4690244437313,0.0295419999929436,0,134.00354433203034,1922.615582269529,1501.43443371206,1,0,657.7614518782939,65.0097821763348,32.50489108816744,32.50489108816744,657.7614518782939,1
109,neural_safe_projection,-535.4349920642725,-1705.7602248923276,-398.1964894319373,-519.4135987527565,-151.56605989296543,-782.3726339460011,1430.0989379617472,1000.0000001,0.0295419999929436,1,136.1298442656015,1951.199119166762,136.1298442656015,1,0,663.5465139207081,65.92321125433652,32.96160562716826,32.96160562716826,663.5465139207081,1
109,analytic_far_range,-535.4349920642725,-1705.7602248923276,-398.1964894319373,-519.4135987527565,-802.5076085369037,-742.0838178290112,1430.0989379617472,1000.0,0.0,1,118.21503236289705,1929.1323940063594,118.21503236289705,1,0,845.9546693601878,65.19556543167023,32.597782715835116,32.597782715835116,845.9546693601878,1
109,fixed_750_375,-535.4349920642725,-1705.7602248923276,-398.1964894319373,-519.4135987527565,-814.4482235594534,-915.0158814723974,1430.0989379617472,838.5254915624212,0.0,1,153.58910689184364,2762.5700801602798,153.58910689184364,1,0,1336.9031819161028,92.26800615893832,46.13400307946919,46.13400307946919,1336.9031819161028,1
109,perpendicular_500,-535.4349920642725,-1705.7602248923276,-398.1964894319373,-519.4135987527565,-1031.568836953617,-1643.7021234444428,1430.0989379617472,500.0000000000001,0.0,0,249.3283015086285,5969.0283264406025,1501.43443371206,1,0,4860.022960993811,220.59553705580277,110.29776852790138,110.29776852790138,4860.022960993752,1
110,mechanistic_minimax,101.2844522021463,1598.1799047152285,257.4589917154051,1722.2486547726755,29.262408422510674,2092.9655403277015,1087.962150579198,499.9999999986347,346.688125,1,20.149233813351348,138.13050565565936,20.149233813351348,1,0,102.7612682573963,17.650574620831183,8.825287310415598,8.825287310415598,102.7612682573963,1
110,repository_neural,101.2844522021463,1598.1799047152285,257.4589917154051,1722.2486547726755,337.21714568359164,1699.7341725985293,1087.962150579198,256.8608673557007,0.028584000006048882,1,30.672807123497833,45.92185690894257,30.672807123497833,1,0,24.974614396691322,10.80917578616747,5.404587893083735,5.404587893083735,24.974614396691322,1
110,neural_safe_projection,101.2844522021463,1598.1799047152285,257.4589917154051,1722.2486547726755,337.21714568359164,1699.7341725985293,1087.962150579198,256.8608673557007,0.028584000006048882,1,30.672807123497833,45.92185690894257,30.672807123497833,1,0,24.974614396691322,10.80917578616747,5.404587893083735,5.404587893083735,24.974614396691322,1
110,analytic_far_range,101.2844522021463,1598.1799047152285,257.4589917154051,1722.2486547726755,572.2687236574718,2480.3215124187172,1087.962150579198,999.9999999999998,0.0,1,87.10355757479161,462.95323154120706,87.10355757479161,1,0,389.4403329034103,76.39641076279389,38.198205381396946,38.198205381396946,389.4403329034103,1
110,fixed_750_375,101.2844522021463,1598.1799047152285,257.4589917154051,1722.2486547726755,444.38812499438075,2363.2974575896083,1087.962150579198,838.525491562421,0.0,1,63.23884768600917,316.0299239020096,63.23884768600917,1,0,274.2629942477215,53.05223685964752,26.52611842982376,26.52611842982376,274.2629942477215,1
110,perpendicular_500,101.2844522021463,1598.1799047152285,257.4589917154051,1722.2486547726755,-215.2839299195937,1985.199877637588,1087.962150579198,499.99999999999994,0.0,0,28.863340330960362,204.8060237551108,279.67675560284613,1,0,131.19860106916167,23.372745215940707,11.686372607970354,11.686372607970354,131.19860106916167,1
111,mechanistic_minimax,233.3335753185463,1767.1191334902296,55.428306441854026,1646.7194653736726,-153.908623683131,845.1411081005607,1305.6332767726885,999.9999999945438,531.3821669999896,1,111.65317512007056,2166.699387764558,111.65317512007056,1,0,331.73823843264836,52.935260952081585,26.467630476040867,26.467630476040867,331.73823843264836,1
111,repository_neural,233.3335753185463,1767.1191334902296,55.428306441854026,1646.7194653736726,-733.9864930408287,1441.9653859316359,1305.6332767726885,1020.5062832742303,0.054458000008139607,0,129.2556549600109,1834.964985850267,1500.4918008544041,1,0,621.1295775688486,106.28721389576245,53.143606947881224,53.143606947881224,621.1295775688486,1
111,neural_safe_projection,233.3335753185463,1767.1191334902296,55.428306441854026,1646.7194653736726,-710.0069548332666,1435.29290732223,1305.6332767726885,1000.0000001,0.054458000008139607,1,138.8776750226422,1966.9703235179186,138.8776750226422,1,0,632.4340670271777,108.98045931421227,54.490229657106134,54.490229657106134,632.4340670271777,1
111,analytic_far_range,233.3335753185463,1767.1191334902296,55.428306441854026,1646.7194653736726,-313.691286319245,930.0027731494732,1305.6332767726885,999.9999999999999,0.0,1,117.90112658036725,1921.820560506545,117.90112658036725,1,0,445.08322265482275,72.83004239771806,36.41502119885903,36.41502119885903,445.08322265482275,1
111,fixed_750_375,233.3335753185463,1767.1191334902296,55.428306441854026,1646.7194653736726,-175.9785862241779,1035.2799746491473,1305.6332767726885,838.5254915624212,0.0,1,153.22025681599902,2753.016611736035,153.22025681599902,1,0,299.4248588385235,50.828122485871404,25.414061242935702,25.414061242935702,299.4248588385235,1
111,perpendicular_500,233.3335753185463,1767.1191334902296,55.428306441854026,1646.7194653736726,514.497883622397,1353.662204976488,1305.6332767726885,500.0,0.0,0,249.7696719589925,6013.083566307556,1500.4918008544041,1,0,155.91727153066313,25.11974045406182,12.559870227030943,12.55987022703093,155.91727153066313,1
112,mechanistic_minimax,-37.10227450268175,-865.641046042132,377.6759282164462,339.57524813889813,751.3559862611673,-250.55278325187703,1301.9685657437956,999.9999999945438,670.6020419999987,1,111.69825870330544,2167.9071827377775,111.69825870330544,1,0,1358.0395042396267,78.98094556401709,39.490472782008545,39.490472782008545,1358.0395042396267,1
112,repository_neural,-37.10227450268175,-865.641046042132,377.6759282164462,339.57524813889813,538.4601034270057,-35.10729360072571,1301.9685657437956,1010.4743266567832,0.045542000009390904,0,132.04214683175138,1889.5602295824792,1501.808994705592,1,0,916.8964275378967,81.70612936956722,40.85306468478362,40.85306468478362,916.8964275378967,1
112,neural_safe_projection,-37.10227450268175,-865.641046042132,377.6759282164462,339.57524813889813,526.411463617356,-39.53435368939387,1301.9685657437956,1000.0000001,0.045542000009390904,1,136.9842061806475,1957.0864886547206,136.9842061806475,1,0,947.8434510470252,84.9518423311905,42.47592116559526,42.47592116559526,947.8434510470252,1
112,analytic_far_range,-37.10227450268175,-865.641046042132,377.6759282164462,339.57524813889813,-99.51303845650344,132.4095020478435,1301.9685657437956,1000.0,0.0,1,118.2029488126488,1950.6300800191239,118.2029488126488,1,0,1126.3655710932217,80.61804823737093,40.30902411868548,40.30902411868548,1126.3655710932217,1
112,fixed_750_375,-37.10227450268175,-865.641046042132,377.6759282164462,339.57524813889813,-146.89111827693498,-34.33399700266148,1301.9685657437956,838.5254915624212,0.0,1,153.57491072886108,2811.98092755978,153.57491072886108,1,0,1796.189626713458,113.72186002949708,56.86093001474856,56.86093001474856,1796.189626713458,1
112,perpendicular_500,-37.10227450268175,-865.641046042132,377.6759282164462,339.57524813889813,-509.7430589968669,-702.5132163112082,1301.9685657437956,500.0,0.0,0,249.30935214391988,5967.838600285992,1501.808994705592,0,0,39325.895064337106,1501.808994705592,750.904497352796,750.904497352796,39325.895064337106,1
113,mechanistic_minimax,-139.52215856538336,-1299.9061044157856,-362.80084799596074,-802.6760714927401,-983.3454122440442,-763.2849004550716,1185.5118355943741,999.9999999945438,623.8565419999986,1,111.68708671707634,2167.607862512683,111.68708671707634,1,0,465.529203392216,39.93237256273059,19.966186281365353,19.966186281365353,465.529203392216,1
113,repository_neural,-139.52215856538336,-1299.9061044157856,-362.80084799596074,-802.6760714927401,-295.564791622024,-303.9975961150044,1185.5118355943741,1008.0590559273483,0.03129200000273613,0,133.28056042587048,1911.994068400054,1501.8089947055894,1,0,614.5549112404697,64.38038834304471,32.19019417152236,32.19019417152236,614.5549112404697,1
113,neural_safe_projection,-139.52215856538336,-1299.9061044157856,-362.80084799596074,-802.6760714927401,-299.9587359561469,-312.8599530960322,1185.5118355943741,1000.0000001,0.03129200000273613,1,137.11186539742408,1964.4886099619325,137.11186539742408,1,0,608.919623563881,64.50166368312927,32.25083184156468,32.25083184156468,608.919623563881,1
113,analytic_far_range,-139.52215856538336,-1299.9061044157856,-362.80084799596074,-802.6760714927401,-872.8479997298484,-620.028754682446,1185.5118355943741,1000.0,0.0,1,117.94353040874324,1922.8077202154927,117.94353040874324,1,0,505.40786392218433,49.48288982405199,24.74144491202603,24.74144491202603,505.40786392218433,1
113,fixed_750_375,-139.52215856538336,-1299.9061044157856,-362.80084799596074,-802.6760714927401,-792.2011227933497,-773.4698123021917,1185.5118355943741,838.5254915624212,0.0,1,153.27009029338797,2754.3066988835117,153.27009029338797,1,0,324.218402731698,33.56900015069301,16.784500075346504,16.784500075346504,324.218402731698,1
113,perpendicular_500,-139.52215856538336,-1299.9061044157856,-362.80084799596074,-802.6760714927401,-594.3359048200911,-1507.6185407737426,1185.5118355943741,499.9999999999999,0.0,0,249.4804692476819,5973.06206207248,1501.8089947055894,1,0,672.5312872310169,58.91246913362303,29.456234566811574,29.456234566811563,672.5312872311333,1
114,mechanistic_minimax,-421.9191535263568,598.4217254098197,-961.6408540935931,512.4198572300871,-1239.537102743513,22.660586472635146,1281.3168580838326,999.9999999961561,555.0714169999935,1,83.42776251515664,1314.422664687736,83.42776251515664,1,0,476.0942590851337,43.715777914360274,21.857888957180137,21.857888957180137,476.0942590851337,1
114,repository_neural,-421.9191535263568,598.4217254098197,-961.6408540935931,512.4198572300871,-1387.0729010849504,712.8889037545463,1281.3168580838326,971.9179447590218,0.03375000000005457,1,123.68597607521872,1249.8910216479562,123.68597607521872,1,0,574.0248662860831,62.80536234521539,31.402681172607696,31.402681172607696,574.0248662860831,1
114,neural_safe_projection,-421.9191535263568,598.4217254098197,-961.6408540935931,512.4198572300871,-1387.0729010849504,712.8889037545463,1281.3168580838326,971.9179447590218,0.03375000000005457,1,123.68597607521872,1249.8910216479562,123.68597607521872,1,0,574.0248662860831,62.80536234521539,31.402681172607696,31.402681172607696,574.0248662860831,1
114,analytic_far_range,-421.9191535263568,598.4217254098197,-961.6408540935931,512.4198572300871,-1281.1218782909682,86.78642780314806,1281.3168580838326,1000.0,0.0,1,87.10355761342586,1201.989506250713,87.10355761342586,1,0,501.38059348484967,48.80490294635679,24.402451473178427,24.402451473178427,501.38059348484967,1
114,fixed_750_375,-421.9191535263568,598.4217254098197,-961.6408540935931,512.4198572300871,-1111.1578580348296,120.84973271397268,1281.3168580838326,838.5254915624212,0.0,1,112.82427639101813,1776.063101556385,112.82427639101813,1,0,323.10091635468416,33.254478460683586,16.627239230341832,16.627239230341832,323.10091635468416,1
114,perpendicular_500,-421.9191535263568,598.4217254098197,-961.6408540935931,512.4198572300871,-351.01107862416444,103.47521828640834,1281.3168580838326,500.00000000000006,0.0,0,229.3854607596123,5253.336188049987,1354.4119732094882,1,0,799.5362926865928,66.00349154317689,33.001745771588496,33.001745771588496,799.5362926865928,1
115,mechanistic_minimax,-314.0084357390803,-847.6196256774125,-629.8332570199746,8.397878295050504,-1105.7498050069082,-236.7631743085227,1023.3583740003601,999.9999999945438,650.7438750000034,1,111.73219042816912,2168.816375578288,111.73219042816912,1,0,609.4691824999481,39.16330480864973,19.581652404324895,19.581652404324895,609.4691824999481,1
115,repository_neural,-314.0084357390803,-847.6196256774125,-629.8332570199746,8.397878295050504,-377.4135985503596,152.81476152961875,1023.3583740003601,1002.4416081635044,0.052499999995347935,0,134.55023728054866,1939.2096611972665,1501.8089947055857,1,0,312.85079701507857,35.46519860463867,17.732599302319336,17.732599302319336,312.85079701507857,1
115,neural_safe_projection,-314.0084357390803,-847.6196256774125,-629.8332570199746,8.397878295050504,-379.0256537700848,150.26451667555074,1023.3583740003601,1000.0000001,0.052499999995347935,1,135.70890695410804,1955.3887482255232,135.70890695410804,1,0,309.5877941018334,35.35041351536346,17.67520675768177,17.67520675768177,309.5877941018334,1
115,analytic_far_range,-314.0084357390803,-847.6196256774125,-629.8332570199746,8.397878295050504,-982.7291972184134,-104.10597875053804,1023.3583740003601,1000.0,0.0,1,117.99993011918444,1924.120973971323,117.99993011918444,1,0,425.227689512918,34.93687654494141,17.468438272470706,17.468438272470706,425.227689512918,1
115,fixed_750_375,-314.0084357390803,-847.6196256774125,-629.8332570199746,8.397878295050504,-916.3140908377652,-264.22190727585405,1023.3583740003601,838.5254915624212,0.0,1,153.3363682763394,2786.2491399793653,153.3363682763394,1,0,493.46321219779384,43.185773562981815,21.592886781490908,21.592886781490908,493.46321219779384,1
115,perpendicular_500,-314.0084357390803,-847.6196256774125,-629.8332570199746,8.397878295050504,-785.7687269128942,-1013.2765834896288,1023.3583740003601,500.00000000000006,0.0,0,249.39855894846147,5970.376223510131,1501.8089947055857,0,0,39332.45694959781,1501.8089947055857,750.9044973527929,750.9044973527929,39332.45694959781,1
116,mechanistic_minimax,-1603.738633998498,312.73567672971876,-812.009548772193,-332.5100428597606,-1302.0223339365975,-640.6620756622431,1259.234661533716,999.9999999945437,846.7284159999906,1,111.67793093604908,2167.362569585792,111.67793093604908,1,0,751.6309984434629,48.51856644280233,24.259283221401166,24.259283221401166,751.6309984434629,1
116,repository_neural,-1603.738633998498,312.73567672971876,-812.009548772193,-332.5100428597606,-1027.1120470844355,-513.1638594030937,1259.234661533716,1007.2776501643208,0.0559169999974074,0,133.1405955100394,1906.849991372088,1500.2588167973627,1,0,349.375836999272,39.23725784180451,19.618628920902268,19.618628920902268,349.375836999272,1
116,neural_safe_projection,-1603.738633998498,312.73567672971876,-812.009548772193,-332.5100428597606,-1027.0456172389495,-504.2252553966413,1259.234661533716,1000.0000001,0.0559169999974074,1,136.59311441800037,1954.0992176944856,136.59311441800037,1,0,343.7703417427838,39.5575423640499,19.778771182025004,19.778771182025004,343.7703417427838,1
116,analytic_far_range,-1603.738633998498,312.73567672971876,-812.009548772193,-332.5100428597606,-646.5171454724807,23.37945698658683,1259.234661533716,1000.0,0.0,1,117.9455419080215,1922.85455221741,117.9455419080215,1,0,511.7048009962309,42.80610861735294,21.403054308676495,21.403054308676495,511.7048009962309,1
116,fixed_750_375,-1603.738633998498,312.73567672971876,-812.009548772193,-332.5100428597606,-786.2924145732836,125.90238647494596,1259.234661533716,838.525491562421,0.0,1,153.27245417574508,2754.3678999008844,153.27245417574508,1,0,721.0856369825779,58.6375554920899,29.318777746044983,29.318777746044983,721.0856369825779,1
116,perpendicular_500,-1603.738633998498,312.73567672971876,-812.009548772193,-332.5100428597606,-1286.1085540158954,698.8847830218937,1259.234661533716,499.99999999999994,0.0,0,249.59316090922025,6019.359206447261,1500.2588167973627,1,0,3326.043565045926,171.02200821061786,85.51100410530893,85.51100410530913,3326.043565045926,1
117,mechanistic_minimax,-678.934178127422,-409.3179130272537,-830.9788597062593,-66.4152307554162,-1516.547402706156,136.94583828698336,1353.3042278686885,999.9999999945436,606.5141250000039,1,111.64761656345073,2166.5504892659374,111.64761656345073,1,0,434.34926927096967,45.22147540743447,22.610737703717273,22.610737703717273,434.34926927096967,1
117,repository_neural,-678.934178127422,-409.3179130272537,-830.9788597062593,-66.4152307554162,-829.6617629662892,604.317035703215,1353.3042278686885,1024.7802760197808,0.038333000006218754,0,128.9876722902762,1819.135039975401,1501.3047847369087,1,0,751.4935555507545,91.2334151288669,45.61670756443346,45.61670756443346,751.4935555507545,1
117,neural_safe_projection,-678.934178127422,-409.3179130272537,-830.9788597062593,-66.4152307554162,-842.2921128058707,577.2489551462075,1353.3042278686885,1000.0000001,0.038333000006218754,1,140.75827724342895,1980.5158037054352,140.75827724342895,1,0,757.2987506779609,93.32391828144286,46.66195914072145,46.66195914072145,757.2987506779609,1
117,analytic_far_range,-678.934178127422,-409.3179130272537,-830.9788597062593,-66.4152307554162,-1404.414247463396,278.9252627444137,1353.3042278686885,999.9999999999999,0.0,1,117.89417612369901,1921.6587692992762,117.89417612369901,1,0,533.8771790509054,59.40982607773633,29.704913038868163,29.704913038868163,533.8771790509054,1
117,fixed_750_375,-678.934178127422,-409.3179130272537,-830.9788597062593,-66.4152307554162,-1325.532496270304,124.56935501235415,1353.3042278686885,838.5254915624209,0.0,1,153.21208826682323,2752.8051648261026,153.21208826682323,1,0,342.5008336597966,40.738529992334,20.369264996167,20.369264996167,342.5008336597966,1
117,perpendicular_500,-678.934178127422,-409.3179130272537,-830.9788597062593,-66.4152307554162,-1136.100272586648,-611.8004112262287,1353.3042278686885,499.9999999999999,0.0,0,249.6568366678707,5979.04203011049,1501.3047847369087,1,0,379.1072375766671,40.83679782967057,20.41839891483529,20.41839891483529,379.10723757665255,1
118,mechanistic_minimax,17.25627730922645,1057.334413677267,477.017852821878,388.8958985723242,941.2565512427202,674.9426070705925,1125.3986793669596,999.9999999945439,522.3675000000014,1,111.64353734254287,2166.4412198479404,111.64353734254287,1,0,539.2621290748939,34.94696257100559,17.473481285502825,17.473481285502825,539.2621290748939,1
118,repository_neural,17.25627730922645,1057.334413677267,477.017852821878,388.8958985723242,341.35967086391395,106.88965049367334,1125.3986793669596,1004.1853701268418,0.05104100000608014,0,134.04411466311925,1925.9840821633697,1500.714487029036,1,0,355.8822205460747,40.33924093104676,20.16962046552338,20.16962046552338,355.8822205460747,1
118,neural_safe_projection,17.25627730922645,1057.334413677267,477.017852821878,388.8958985723242,342.85810013393996,111.82743159134736,1125.3986793669596,1000.0000001,0.05104100000608014,1,136.03039880730955,1953.7685534405173,136.03039880730955,1,0,349.5684460895136,40.112550147358846,20.056275073679423,20.056275073679423,349.5684460895136,1
118,analytic_far_range,17.25627730922645,1057.334413677267,477.017852821878,388.8958985723242,857.2357246632938,514.7161979650082,1125.3986793669596,1000.0,0.0,1,117.88907541437077,1921.5400399283972,117.88907541437077,1,0,412.38573027809616,36.36402282329853,18.182011411649263,18.182011411649263,412.38573027809616,1
118,fixed_750_375,17.25627730922645,1057.334413677267,477.017852821878,388.8958985723242,751.2362889830478,651.8737590345544,1125.3986793669596,838.5254915624212,0.0,1,153.2060936751272,2752.649993047089,153.2060936751272,1,0,380.16414956370136,33.552116810207785,16.77605840510393,16.77605840510393,380.16414956370136,1
118,perpendicular_500,17.25627730922645,1057.334413677267,477.017852821878,388.8958985723242,429.2299628983589,1340.6675786652484,1125.3986793669596,499.99999999999994,0.0,0,249.87918209900965,5986.7373397176125,1500.714487029036,1,0,1783.9709488269873,112.63151850186748,56.315759250933745,56.31575925093383,1783.9709488270455,1
119,mechanistic_minimax,-121.46399651372282,-916.4372296843811,792.1028835355636,-1455.2212328130056,878.3773103676203,-898.6225995697885,1430.4943796833302,999.999999996156,501.97945900001173,1,67.54879734124741,1073.080308554694,67.54879734124741,1,0,750.679481878411,50.11578140416752,25.057890702083775,25.057890702083775,750.679481878411,1
119,repository_neural,-121.46399651372282,-916.4372296843811,792.1028835355636,-1455.2212328130056,538.167045966746,-1568.2160382781312,1430.4943796833302,927.3234212160062,0.0368749999921647,1,119.76331396172495,931.2476523020305,119.76331396172495,1,0,478.88234107848257,55.375125489680414,27.68756274484026,27.68756274484026,478.88234107848257,1
119,neural_safe_projection,-121.46399651372282,-916.4372296843811,792.1028835355636,-1455.2212328130056,538.167045966746,-1568.2160382781312,1430.4943796833302,927.3234212160062,0.0368749999921647,1,119.76331396172495,931.2476523020305,119.76331396172495,1,0,478.88234107848257,55.375125489680414,27.68756274484026,27.68756274484026,478.88234107848257,1
119,analytic_far_range,-121.46399651372282,-916.4372296843811,792.1028835355636,-1455.2212328130056,870.2982312521,-1044.529710248122,1430.4943796833302,1000.0000000000001,0.0,1,87.10355762507547,844.7604326247238,87.10355762507547,1,0,548.3567164968699,45.72499610612263,22.862498053061316,22.862498053061316,548.3567164968699,1
119,fixed_750_375,-121.46399651372282,-916.4372296843811,792.1028835355636,-1455.2212328130056,715.5732025152101,-966.3744647079438,1430.4943796833302,838.5254915624212,0.0,1,88.29005955201568,1270.3696886128746,88.29005955201568,1,0,773.5132186776027,61.85116215921022,30.92558107960513,30.92558107960513,773.5132186776027,1
119,perpendicular_500,-121.46399651372282,-916.4372296843811,792.1028835355636,-1455.2212328130056,128.3791152398927,-483.33398620856696,1430.4943796833302,500.0,0.0,0,197.1784780613279,4171.8144482946955,1243.7313096717469,1,0,3122.730621117167,163.93484762604487,81.96742381302248,81.96742381302248,3122.730621117167,1
120,mechanistic_minimax,-17.472941584225744,893.668070858785,-917.675271306096,1379.8700672421433,-1015.0553723518055,824.1749502428966,1135.6535923427991,999.9999999945438,563.8903329999891,1,62.41047850020872,995.905088825617,62.41047850020872,1,0,779.1491226945072,50.14651096453557,25.073255482267786,25.073255482267786,779.1491226945072,1
120,repository_neural,-17.472941584225744,893.668070858785,-917.675271306096,1379.8700672421433,-668.645610041257,1513.13218218691,1135.6535923427991,898.7556004659968,0.028708000002097833,1,116.96383280114618,811.6939766569994,116.96383280114618,1,0,386.78999323630705,48.317849052606576,24.15892452630332,24.15892452630332,386.78999323630705,1
120,neural_safe_projection,-17.472941584225744,893.668070858785,-917.675271306096,1379.8700672421433,-668.645610041257,1513.13218218691,1135.6535923427991,898.7556004659968,0.028708000002097833,1,116.96383280114618,811.6939766569994,116.96383280114618,1,0,386.78999323630705,48.317849052606576,24.15892452630332,24.15892452630332,386.78999323630705,1
120,analytic_far_range,-17.472941584225744,893.668070858785,-917.675271306096,1379.8700672421433,-1011.2500774948994,1005.054803197868,1135.6535923427991,1000.0000000000001,0.0,1,87.10355765607468,718.1509683830664,87.10355765607468,1,0,523.3958740918897,43.76313524647419,21.881567623237203,21.881567623237203,523.3958740918897,1
120,fixed_750_375,-17.472941584225744,893.668070858785,-917.675271306096,1379.8700672421433,-855.2318956059864,929.514060262979,1135.6535923427991,838.5254915624212,0.0,1,77.91231036717205,1062.6314291195013,77.91231036717205,1,0,762.8713089362718,61.20641932727081,30.60320966363543,30.60320966363543,762.8713089362718,1
120,perpendicular_500,-17.472941584225744,893.668070858785,-917.675271306096,1379.8700672421433,-259.9931903389321,456.4222258882977,1135.6535923427991,500.00000000000006,0.0,0,182.63621175186935,3728.936580850277,1188.6675297391407,1,0,3758.245613952633,168.5952460849186,84.29762304245942,84.29762304245942,3758.245613952633,1
121,mechanistic_minimax,94.61530711841903,947.2229361710666,15.277773924233843,369.50699280649957,-555.7124575806497,187.56920028174693,1112.6888903317722,999.9999999945437,832.4523340000098,1,111.67837104288485,2167.3743602385657,111.67837104288485,1,0,471.03771073432836,38.77187739805967,19.385938699029857,19.385938699029857,471.03771073432836,1
121,repository_neural,94.61530711841903,947.2229361710666,15.277773924233843,369.50699280649957,-304.36989185619035,16.393651503097885,1112.6888903317722,1012.7350819421094,0.062416999995207334,0,131.4996771145065,1876.4455466873478,1501.8089947055903,1,0,606.8157130413856,63.20473107124965,31.602365535624823,31.602365535624823,606.8157130413856,1
121,neural_safe_projection,94.61530711841903,947.2229361710666,15.277773924233843,369.50699280649957,-291.1668668995194,24.633041141865135,1112.6888903317722,1000.0000001,0.062416999995207334,1,137.51378154268124,1958.840999774271,137.51378154268124,1,0,596.4682774523717,63.27862684451472,31.63931342225736,31.63931342225736,596.4682774523717,1
121,analytic_far_range,94.61530711841903,947.2229361710666,15.277773924233843,369.50699280649957,354.33695668381785,-18.46058587279026,1112.6888903317722,1000.0000000000001,0.0,1,118.2637823379011,1949.2147091580846,118.2637823379011,1,0,482.8625115341565,46.03110622837799,23.015553114188997,23.015553114188997,482.8625115341565,1
121,fixed_750_375,94.61530711841903,947.2229361710666,15.277773924233843,369.50699280649957,367.5949671612348,154.37546962853628,1112.6888903317722,838.5254915624212,0.0,1,153.64637823430616,2800.447305735812,153.64637823430616,1,0,318.75358428577965,31.852373908672057,15.926186954336028,15.926186954336028,318.75358428577965,1
121,perpendicular_500,94.61530711841903,947.2229361710666,15.277773924233843,369.50699280649957,590.2618652858528,881.3860971158936,1112.6888903317722,500.00000000000006,0.0,0,249.30862855276283,5967.9802953782055,1501.8089947055903,1,0,869.0762664947124,69.74135093990236,34.87067546995118,34.87067546995124,869.0762664947142,1
122,mechanistic_minimax,-1091.2788343070426,-272.9346547202531,-156.22192254307384,-356.30488175490586,-214.49723150886177,207.95412762317056,1098.5975747454438,999.9999999945438,552.7960000000007,1,111.64696786759909,2166.5331124524237,111.64696786759909,1,0,631.6221070659667,40.76870240729005,20.384351203645025,20.384351203645025,631.6221070659667,1
122,repository_neural,-1091.2788343070426,-272.9346547202531,-156.22192254307384,-356.30488175490586,-142.75405403360514,-616.1047597007218,1098.5975747454438,1008.6946910463437,0.030167000005576483,0,133.0473946994364,1904.8545744270086,1501.2825065397733,1,0,315.61972497632087,35.41599688993929,17.707998444969643,17.707998444969643,315.61972497632087,1
122,neural_safe_projection,-1091.2788343070426,-272.9346547202531,-156.22192254307384,-356.30488175490586,-148.8561691543536,-607.3588171345477,1098.5975747454438,1000.0000001,0.030167000005576483,1,137.17864524621345,1961.8100390647305,137.17864524621345,1,0,304.719053429013,35.032856883026994,17.516428441513497,17.516428441513497,304.719053429013,1
122,analytic_far_range,-1091.2788343070426,-272.9346547202531,-156.22192254307384,-356.30488175490586,-142.20100237257725,42.107039235602144,1098.5975747454438,1000.0000000000001,0.0,1,117.8933649630808,1921.6398883645306,117.8933649630808,1,0,437.02259885455715,35.49592373708998,17.74796186854499,17.74796186854499,437.02259885455715,1
122,fixed_750_375,-1091.2788343070426,-272.9346547202531,-156.22192254307384,-356.30488175490586,-315.51420724393347,45.364329565960304,1098.5975747454438,838.5254915624212,0.0,1,153.21113498106112,2752.7804882680066,153.21113498106112,1,0,514.2655969858024,44.74273340490684,22.37136670245342,22.37136670245342,514.2655969858024,1
122,perpendicular_500,-1091.2788343070426,-272.9346547202531,-156.22192254307384,-356.30488175490586,-1054.167725376194,225.6862088563954,1098.5975747454438,500.00000000000006,0.0,0,249.66330636281572,5979.264128921408,1501.2825065397733,1,0,2200.8962593950273,129.64919462799756,64.8245973139988,64.82459731399886,2200.8962593950273,1
123,mechanistic_minimax,446.26681823965095,791.5711342345475,76.29700116579131,-117.91977155165164,-383.0243936049581,232.75445056593355,1194.7609173584767,999.9999999945439,982.59329199999,1,111.65068852295737,2166.632777304767,111.65068852295737,1,0,679.9632199656171,44.047047871479585,22.023523935739792,22.023523935739792,679.9632199656171,1
123,repository_neural,446.26681823965095,791.5711342345475,76.29700116579131,-117.91977155165164,-186.5380523658178,0.8933998595474577,1194.7609173584767,1012.7256706030449,0.3031250000020691,0,131.42025287610653,1875.3412302627112,1500.532171670034,1,0,325.26166611924054,35.49668722163981,17.748343610819905,17.748343610819905,325.26166611924054,1
123,neural_safe_projection,446.26681823965095,791.5711342345475,76.29700116579131,-117.91977155165164,-171.62292994273787,5.306382836455015,1194.7609173584767,1000.0000001,0.3031250000020691,1,137.42371097123367,1957.4900370311225,137.42371097123367,1,0,311.44404849561215,35.728324346852034,17.864162173426017,17.864162173426017,311.44404849561215,1
123,analytic_far_range,446.26681823965095,791.5711342345475,76.29700116579131,-117.91977155165164,439.178535682102,-208.40374357508256,1194.7609173584767,1000.0000000000001,0.0,1,118.00817148987542,1924.3128980098263,118.00817148987542,1,0,478.47312885445535,39.89746913339424,19.948734566697123,19.948734566697123,478.47312885445535,1
123,fixed_750_375,446.26681823965095,791.5711342345475,76.29700116579131,-117.91977155165164,498.02805558918,-45.355251003751505,1194.7609173584767,838.525491562421,0.0,1,153.34605275210652,2756.2735933488584,153.34605275210652,1,0,660.5484682810602,54.79845358910068,27.399226794550348,27.399226794550348,660.5484682810602,1
123,perpendicular_500,446.26681823965095,791.5711342345475,76.29700116579131,-117.91977155165164,906.4305536599516,595.9967580907498,1194.7609173584767,500.00000000000006,0.0,0,249.47451220292263,6024.379273670376,1500.532171670034,1,0,3513.2118277441587,177.42181603241195,88.71090801620598,88.71090801620605,3513.211827744164,1
124,mechanistic_minimax,253.6527962154273,-870.2991864028502,42.73962280840039,76.78144947063586,-451.45072086586765,-161.19480044216834,1421.4482061347335,999.9999999945438,711.7774170000075,1,111.64839284898555,2166.5712828284522,111.64839284898555,1,0,690.8870200056626,44.75434420753116,22.37717210376558,22.37717210376558,690.8870200056626,1
124,repository_neural,253.6527962154273,-870.2991864028502,42.73962280840039,76.78144947063586,320.95375294150153,139.92255431980607,1421.4482061347335,1012.4610531793105,0.0450830000033875,0,131.63789742854104,1879.80478599474,1500.5762427670938,1,0,322.5209431691583,35.34426502137032,17.673252224016476,17.673252224016476,322.5209431691583,1
124,neural_safe_projection,253.6527962154273,-870.2991864028502,42.73962280840039,76.78144947063586,311.4304498096672,128.0302897447512,1421.4482061347335,1000.0000001,0.0450830000033875,1,137.5232459723053,1960.3728361441026,137.5232459723053,1,0,308.40299800937646,35.117764805067445,17.558882402533722,17.558882402533722,308.40299800937646,1
124,analytic_far_range,253.6527962154273,-870.2991864028502,42.73962280840039,76.78144947063586,-312.1458999262586,-45.75577611788026,1421.4482061347335,1000.0,0.0,1,117.89514677950136,1921.6813635688159,117.89514677950136,1,0,465.02205743442937,38.605310968899374,19.302655484449694,19.302655484449694,465.02205743442937,1
124,fixed_750_375,253.6527962154273,-870.2991864028502,42.73962280840039,76.78144947063586,-267.22938672723126,-213.17914296109757,1421.4482061347335,838.5254915624212,0.0,1,153.21322904028662,2752.8346940317133,153.21322904028662,1,0,619.4443334938715,52.099459461573296,26.049729730786648,26.049729730786648,619.4443334938715,1
124,perpendicular_500,253.6527962154273,-870.2991864028502,42.73962280840039,76.78144947063586,-235.71314240488303,-972.8710057211341,1421.4482061347335,500.00000000000006,0.0,0,249.81587615744263,5964.661793449571,1500.5762427670938,1,0,3160.982564648826,165.27952701719872,82.63976350859936,82.63976350859932,3160.9825646488243,1
125,mechanistic_minimax,-16.970431241471715,-1347.3781695005353,204.76933146587965,-1504.0531735516402,141.1921538411094,-1977.8419643993548,1426.2458984173704,649.999999998635,493.10616699999343,1,34.31163257985206,377.0539234438911,34.31163257985206,1,0,179.22074297326617,25.43152924295984,12.715764621480016,12.715764621480016,179.22074297326617,1
125,repository_neural,-16.970431241471715,-1347.3781695005353,204.76933146587965,-1504.0531735516402,302.9459811120439,-1717.4020647642071,1426.2458984173704,489.1463931782033,0.031708000008734416,1,64.95558691003208,278.8220949852839,64.95558691003208,1,0,152.35710189351812,33.367116640399416,16.683558320199793,16.683558320199793,152.35710189351812,1
125,neural_safe_projection,-16.970431241471715,-1347.3781695005353,204.76933146587965,-1504.0531735516402,302.9459811120439,-1717.4020647642071,1426.2458984173704,489.1463931782033,0.031708000008734416,1,64.95558691003208,278.8220949852839,64.95558691003208,1,0,152.35710189351812,33.367116640399416,16.683558320199793,16.683558320199793,152.35710189351812,1
125,analytic_far_range,-16.970431241471715,-1347.3781695005353,204.76933146587965,-1504.0531735516402,960.0857545007296,-1560.3598821025828,1426.2458984173704,1000.0000000000002,0.0,1,87.1035575667016,533.830476474599,87.1035575667016,1,0,486.1301291263662,69.2656383630764,34.63281918153821,34.63281918153821,486.1301291263662,1
125,fixed_750_375,-16.970431241471715,-1347.3781695005353,204.76933146587965,-1504.0531735516402,812.6620537122187,-1469.1769375959673,1426.2458984173704,838.5254915624213,0.0,1,63.23884768004887,342.6585412987042,63.23884768004887,1,0,324.0599088292802,47.7442778674037,23.872138933701898,23.872138933701898,324.0599088292802,1
125,perpendicular_500,-16.970431241471715,-1347.3781695005353,204.76933146587965,-1504.0531735516402,269.2242410637428,-937.3871823506822,1426.2458984173704,500.00000000000006,0.0,0,72.90540946102577,932.3024635221809,665.3694427540682,1,0,208.3051888536429,28.90802329297272,14.454011646486444,14.454011646486444,208.3051888536429,1
126,mechanistic_minimax,-815.475186909803,1160.8627368336272,-1306.754798758329,996.3217089408179,-1201.6384181980666,547.2643675446554,1452.7971006585342,724.9999999952264,664.917083000006,1,38.56685753793689,481.11219341587275,38.56685753793689,1,0,298.8900094740093,25.35983728205362,12.679918641026859,12.679918641026859,298.8900094740093,1
126,repository_neural,-815.475186909803,1160.8627368336272,-1306.754798758329,996.3217089408179,-1378.4725013629281,1130.310252321298,1452.7971006585342,563.8257092323009,0.030749999993417987,1,72.67264566899401,410.1675128964707,72.67264566899401,1,0,93.70941334124655,20.053561201363756,10.026780600681919,10.026780600681919,93.70941334124655,1
126,neural_safe_projection,-815.475186909803,1160.8627368336272,-1306.754798758329,996.3217089408179,-1378.4725013629281,1130.310252321298,1452.7971006585342,563.8257092323009,0.030749999993417987,1,72.67264566899401,410.1675128964707,72.67264566899401,1,0,93.70941334124655,20.053561201363756,10.026780600681919,10.026780600681919,93.70941334124655,1
126,analytic_far_range,-815.475186909803,1160.8627368336272,-1306.754798758329,996.3217089408179,-1576.6068702289344,512.2653573694595,1452.7971006585342,1000.0000000000001,0.0,1,87.10355764505998,533.7642896440811,87.10355764505998,1,0,510.521411371883,50.40344197345732,25.201720986728784,25.201720986728784,510.521411371883,1
126,fixed_750_375,-815.475186909803,1160.8627368336272,-1306.754798758329,996.3217089408179,-1414.7720347172976,574.3746395903833,1452.7971006585342,838.5254915624212,0.0,1,63.23884773774264,342.6575970086269,63.23884773774264,1,0,326.814887738321,34.285050504113606,17.14252525205683,17.14252525205683,326.814887738321,1
126,perpendicular_500,-815.475186909803,1160.8627368336272,-1306.754798758329,996.3217089408179,-662.4940277954048,684.8409254047651,1452.7971006585342,499.99999999999994,0.0,0,90.54208371128597,1307.6858554021455,781.5276544246275,1,0,711.7332049831748,61.14052387391026,30.57026193695513,30.57026193695513,711.7332049831748,1
127,mechanistic_minimax,1340.7892129380402,-851.9483998774017,648.5974227352611,-44.63593072308419,384.5108453640438,-559.4903965690628,1244.5996195870857,999.9999999945439,530.650332999997,1,111.64733454839286,2166.542934217723,111.64733454839286,1,0,840.7786275505205,53.65675757078328,26.828378785391642,26.828378785391642,840.7786275505205,1
127,repository_neural,1340.7892129380402,-851.9483998774017,648.5974227352611,-44.63593072308419,925.7837502915559,63.43447365775455,1244.5996195870857,1005.0648432752498,0.03079200000399851,0,134.0610810278191,1921.862721842219,1500.5996519358823,1,0,387.6380665535107,43.43377250005149,21.7168862500258,21.7168862500258,387.6380665535107,1
127,neural_safe_projection,1340.7892129380402,-851.9483998774017,648.5974227352611,-44.63593072308419,924.5813009204077,57.321072926960426,1244.5996195870857,1000.0000001,0.03079200000399851,1,136.4759971319773,1955.3541596189607,136.4759971319773,1,0,385.3214177556729,43.7863798062801,21.89318990314005,21.89318990314005,385.3214177556729,1
127,analytic_far_range,1340.7892129380402,-851.9483998774017,648.5974227352611,-44.63593072308419,452.855831503201,-391.97632449271885,1244.5996195870857,1000.0000000000001,0.0,1,117.89382346466256,1921.6505603627593,117.89382346466256,1,0,574.4608392970404,47.68328894104109,23.841644470520556,23.841644470520556,574.4608392970404,1
127,fixed_750_375,1340.7892129380402,-851.9483998774017,648.5974227352611,-44.63593072308419,571.4619375809334,-518.3909934364558,1244.5996195870857,838.5254915624212,0.0,1,153.2116738430201,2752.794436183758,153.2116738430201,1,0,865.120831559092,67.25975279748512,33.62987639874257,33.62987639874257,865.120831559092,1
127,perpendicular_500,1340.7892129380402,-851.9483998774017,648.5974227352611,-44.63593072308419,957.7379894076406,-1173.307638350273,1244.5996195870857,499.99999999999994,0.0,0,249.82844906567743,5947.300966763432,1500.5996519358823,1,0,3951.485986365472,191.98670800337797,95.99335400168901,95.993354001689,3951.4859863654783,1
